Symbol,Description,"Relative volume, 1 day","Price change %, 1 day","Performance %, 1 week","Performance %, 1 month","Performance %, 3 months","Performance %, 6 months","Performance %, 1 year","Performance %, All Time",Industry,Price,Price - Currency,"High, 52 weeks","High, 52 weeks - Currency","Simple moving average, 50, 1 day","Simple moving average, 200, 1 day","Exponential moving average, 20, 1 day"
JINDWORLD,Jindal Worldwide Limited,6.791353030318754,19.439252336448597,55.39043501756282,43.77499999999999,87.63458401305057,149.82623805386618,52.95212765957445,748.2300884955752,Textiles,57.51,INR,57.78,INR,35.70579999999993,29.329849999999986,40.06867141082798
NIACL,New India Assurance Co. Ltd.,10.00791138708157,17.70337377770951,22.946524064171122,29.89265536723164,51.565693190058674,65.40287769784173,9.226091500783879,-38.690666666666665,Multi-line insurance,229.91,INR,234.39,INR,181.46940000000004,161.70705000000007,190.0465624742115
RML,Rane (Madras) Limited,74.4139810643426,14.945893205605817,14.559759547383312,10.195578231292524,40.65993704547923,59.987654320987666,49.650672671632314,1300.216054017848,Auto parts: OEM,1295.9,INR,1333,INR,1156.4889999999987,898.6022500000003,1136.715458918606
SMLMAH,SML Mahindra Limited,4.447114934615168,9.998253580160672,20.154521175124,16.423290203327173,66.18733509234829,43.44112958323844,56.46892234312118,1579.6,Motor vehicles,6298.5,INR,6298.5,INR,4756.720000000001,4122.4784999999965,5323.368648387495
TBZ,Tribhovandas Bhimji Zaveri Limited,0.5240286785374019,9.996568683518255,57.140522875817005,74.22101449275364,173.21022727272728,239.3436838390967,154.9575821845175,310.10660980810235,Other consumer specialties,480.85,INR,480.85,INR,268.2053999999999,184.415,327.28350692944935
MARSONS,Marsons Limited,3.5619870617864513,9.583366525930058,8.82911392405063,26.259752179899035,4.5845054360222015,0.4087591240875929,0.4087591240875929,0.4087591240875929,Electrical products,137.56,INR,175.4,INR,113.817,,120.57801305165191
LALITHAA,Lalithaa Jewellery Mart Limited,0.9764729761763028,9.418480199785934,23.99434000404285,52.587064676616905,52.587064676616905,52.587064676616905,52.587064676616905,52.587064676616905,Specialty stores,306.7,INR,308.3,INR,,,
PURVA,Puravankara Limited,79.73412444785971,9.29935098773035,7.712418300653599,10.365941162401333,8.830188679245284,29.1752981356027,-21.550493029581784,-25.574193548387097,Real estate development,230.72,INR,289.55,INR,217.6929999999997,220.47009999999992,216.5009476242357
HESTERBIO,Hester Biosciences Limited,24.479103969853192,9.251941681428,4.837866108786611,-2.9728530515106217,25.542797494780796,58.51070840197695,17.456907075540798,359.0895990249146,Pharmaceuticals: major,2405.4,INR,2683.6,INR,2361.5020000000018,1811.5329999999992,2336.8175870313735
RGL,Renaissance Global Limited,0.526549584328799,8.853558926487738,10.982229162019467,25.671465858381744,46.31898833447699,38.203703703703695,31.04477611940297,292.7894736842105,Other consumer specialties,149.26,INR,159,INR,123.60040000000001,115.30759999999995,132.9113826763144
DOLPHIN,Dolphin Offshore Enterprises India Ltd.,3.2401656314699796,8.779857972885727,7.290671760585793,65.2365775925472,69.9873896595208,62.625165882494876,56.89013035381749,6083.48623853211,Oilfield services/Equipment,674,INR,681.55,INR,461.76499999999874,421.17549999999994,574.1140129371583
TEJASNET,Tejas Networks Ltd.,3.9823743809778755,8.229799982377289,14.1542750929368,14.494780014914245,1.0281296265833197,25.081466395112013,-0.16256197675363734,138.96887159533074,Telecommunications equipment,614.15,INR,644.75,INR,538.344,469.41124999999977,540.1391931648192
SKIPPER,Skipper Ltd,9.884742694234035,8.081916255256912,5.941392597903033,7.668488160291442,2.7910616468133327,69.85632183908046,7.472727272727276,245.80128009655056,Metal fabrication,591.1,INR,609,INR,543.0110000000001,458.6009999999996,548.120074443709
OMAXE,Omaxe Limited,0.4319823678006222,7.141173697855282,21.594151212553495,54.101694915254235,78.6013619696176,70.90225563909775,50.94631986718318,-58.2075904030829,Real estate development,136.38,INR,138.89,INR,95.86800000000012,80.74435000000014,112.57028493250759
WOCKPHARMA,Wockhardt Limited,4.86659643734617,7.07987285963293,5.698092201811645,2.7903543307086527,0.8254489283645448,60.0413761397594,39.246666666666655,699.9778701003809,Pharmaceuticals: major,2088.7,INR,2422.3,INR,1909.1560000000006,1576.6045,1925.0624299316655
IONEXCHANG,Ion Exchange (India) Ltd.,6.279825932350938,7.064364207221351,8.541114058355435,-3.932386430332199,15.904262852287205,16.94769934266934,-3.010191988622894,116.73728813559319,Industrial machinery,409.2,INR,486,INR,402.97900000000067,377.25724999999943,382.47669354477756
EXICOM,Exicom Tele-Systems Ltd.,4.359951736018837,7.054716186119303,13.896894012167781,7.138554216867467,22.697481890307007,99.94378864530636,19.442578912021485,-30.265326610782733,Electrical products,177.85,INR,182.9,INR,162.00839999999988,125.82009999999991,161.90396356802748
GMMPFAUDLR,GMM Pfaudler Limited,6.78930588119601,6.930600838379142,11.446601941747582,33.99871592832547,45.48795944233208,29.874978785993108,-2.4641006032798027,374.9931034417242,Industrial machinery,1147.9,INR,1307.5,INR,900.4489999999989,936.4435000000002,1022.6964475759329
SHANTIGEAR,Shanthi Gears Limited,0.8841021771608542,6.683253260123549,14.703440642007205,51.646341463414636,40.82672706681767,40.57200994799909,5.77577407281389,23362.264150943396,Auto parts: OEM,621.75,INR,637.45,INR,447.5109999999997,452.99574999999976,502.1606982251119
RATNAVEER,Ratnaveer Precision Engineering Limited,0.6806043165496074,6.518699755330296,2.4714189643577753,46.36163541982691,78.62630559531753,119.17550061487009,107.81702020079328,148.35146010111174,Steel,304.75,INR,314.9,INR,214.73541176699985,170.71029760504993,265.1920134943241
AFFLE,Affle 3i Limited,11.069808285851792,6.404686677198522,-2.0481124644004094,-4.008313539192399,9.002022926500338,19.838386833716356,-16.889460154241647,772.8401727861772,Packaged software,1616.5,INR,2185.9,INR,1579.0099999999998,1550.5494999999996,1622.612784766595
FCL,Fineotex Chemical Limited,1.233829340066468,6.403635612476764,5.878725590955805,33.61867704280156,24.72154963680388,129.85274431057564,111.2797374897457,2046.697228589289,Industrial specialties,51.51,INR,52.21,INR,41.96100000000001,30.4207,46.98626783838722
WELENT,Welspun Enterprises Ltd.,2.4362434032220754,6.387708401438381,20.177252584933534,41.49565217391305,49.36662382963098,79.06899966985803,64.36363636363637,793.5749293715016,Engineering & construction,813.6,INR,825,INR,619.8970000000005,529.37675,670.8867920687558
KSHINTL,KSH International Ltd.,2.514337499072907,6.365503080082126,12.387643351585906,19.538461538461533,32.215132178669094,201.32963988919667,194,194,Electrical products,1087.8,INR,1098,INR,914.143,,974.0455300959368
PINELABS,Pine Labs Limited,2.5847482025085733,6.306709265175722,-2.422287390029323,9.670402109426512,16.01813110181311,-5.701978121634644,-31.25206611570248,-31.25206611570248,Packaged software,166.37,INR,284,INR,155.64500000000007,186.5041,161.00496369611545
WELSPLSOL,Welspun Specialty Solutions Limited,2.170086254369661,6.301320956801132,10.175763182238668,17.75756377298793,27.216406750694286,62.927496580027366,62.927496580027366,62.927496580027366,Steel,59.55,INR,63.25,INR,51.8134,,52.53061006753548
KERNEX,Kernex Microsystems India Ltd.,3.3884156255093156,6.2821712681329025,0.6648199445983379,-25.146247013265224,-3.8675202370244914,76.06589147286822,55.83190394511149,471.05771391485666,Computer communications,1817,INR,2580,INR,2113.244,1488.5192499999996,1897.8100541003505
SPLPETRO,Supreme Petrochem Limited,8.936960463221157,6.234499862220997,11.286714296023659,6.941747572815528,9.539707344793293,12.800819252432156,-0.7721510842288142,3047.1428571428573,Industrial specialties,771.05,INR,979,INR,717.9550000000007,680.6554999999986,717.7923290743933
INDORAMA,Indo Rama Synthetics (India) Limited,2.0890893284745906,5.938725134311005,12.436430883032815,13.16891577477896,62.133333333333326,111.60092807424594,32.79941754641426,134.5980707395498,Textiles,72.96,INR,75,INR,55.356199999999966,44.91389999999999,62.91741597633026
SBC,SBC Exports Ltd.,1.983038066778719,5.8034682080924815,9.867947178871548,9.73621103117505,20.898282694848074,40.626920712968655,126.42256308758037,2469.061940212505,Wholesale distributors,45.76,INR,46.89,INR,41.49499999999999,34.1723,41.625849124767186
IGL,Indraprastha Gas Limited,4.202478200613274,5.768973363672872,7.182095625635813,1.3206821387357368,-2.53469010175764,-0.6037735849056654,-27.875136911281494,1617.826086956522,Gas distributors,158.04,INR,223.5,INR,152.3624000000001,167.4504,150.82407423676472
IFCI,IFCI Limited,4.092153160373969,5.7032634761755805,20.303785451524863,32.60954872465663,23.63414634146341,87.74074074074075,87.39371534195932,503.45241687216765,Finance/Rental/Leasing,101.38,INR,107.5,INR,78.15980000000005,63.983750000000015,86.25268809976774
DEEPINDS,Deep Industries Limited,3.032617729499323,5.585017117540447,18.08558558558559,20.371929287518178,48.17710786622705,123.61387546204153,37.75617446137679,4532.989554256567,Oilfield services/Equipment,786.45,INR,793.7,INR,577.0420000000001,469.76874999999995,675.8711594631988
PAISALO,Paisalo Digital Ltd.,3.305209714931952,5.4354012521343105,9.211495946941785,3.4338358458961387,33.875338753387524,118.90694239290987,117.94117647058822,3020.821268754935,Finance/Rental/Leasing,74.1,INR,77.39,INR,69.94540000000003,47.903700000000015,69.16431720426786
VIKRAN,Vikran Engineering Limited,1.5772350311951446,5.357142857142863,2.1001344086021505,-16.283234605317535,-15.244072524407251,-4.898278560250384,-36.82952182952183,-38.61616161616161,Engineering & construction,60.77,INR,118.4,INR,68.72079999999997,76.7877,62.01545267576032
SANATHAN,Sanathan Textiles Limited,6.423186469899565,5.345803025054838,-2.281246653100575,-5.303580695381424,12.530833744449929,9.021388457402319,-12.764126589540119,8.0274686242008,Textiles,456.2,INR,551.95,INR,460.48599999999993,436.4730000000001,454.9779315070688
INDOMIM,INDO-MIM Limited,2.329062848464123,5.323070251517782,10.184870137234883,26.16883116883117,38.785714285714285,38.785714285714285,38.785714285714285,38.785714285714285,Industrial machinery,971.5,INR,989.9,INR,,,876.1127307743863
SKYGOLD,Sky Gold and Diamonds Limited,1.136875427341844,5.316711590296502,-8.064705882352936,14.155284493462872,35.46849267573893,136.73129354740988,164.0925988509632,3026.4252850570115,Other consumer specialties,781.45,INR,868.8,INR,693.7309999999999,462.6767500000001,772.7273993549256
MAHSEAMLES,Maharashtra Seamless Limited,2.815789812959194,5.2945677123182895,7.013996889580096,18.23024054982818,12.251223491027735,25.56569343065694,3.264050423951377,18249.33328440178,Steel,688.1,INR,695.8,INR,605.2489999999999,586.4102500000018,637.4227286924229
PFOCUS,Prime Focus Limited,1.9296868501474864,5.2631578947368505,3.4018187942068114,0.9868421052631579,35.242290748898675,10.830324909747292,114.68531468531468,853.4161490683229,Movies/Entertainment,307,INR,367,INR,277.1753999999998,258.4810999999999,289.86442816121536
TATVA,Tatva Chintan Pharma Chem Limited,2.0366102306416045,5.155995489287054,5.632473253618628,-4.954699886749717,39.991659716430355,49.09397761591758,57.605633802816904,-20.519927053534722,Chemicals: specialty,1678.5,INR,1838.1,INR,1568.481999999999,1339.4815000000003,1636.0363429888241
ABFRL,Aditya Birla Fashion and Retail Ltd,2.1789542881244817,5.078357468756204,-1.9074074074074094,-13.29186446226879,-13.869918699186993,-17.5948973242066,-35.8328285887341,-27.51290709391129,Apparel/Footwear retail,52.97,INR,94.95,INR,57.41319999999996,64.82174999999995,54.17699592556471
LCL,Lohia Corp Limited,2.520023994435965,5.068208510253854,2.0264935520659626,11.999229583975337,26.13882863340564,26.13882863340564,26.13882863340564,26.13882863340564,Industrial machinery,581.5,INR,604.7,INR,,,549.335070521801
THOMASCOOK,Thomas Cook (India) Limited,0.5567673053716392,5.023045809425269,1.500000000000005,5.320252806339024,19.57802291956731,19.347942276857307,-37.59083286752376,769.9706214310638,Other consumer services,111.65,INR,181.41,INR,105.09860000000022,112.94845000000012,107.29249698093027
MAITHANALL,Maithan Alloys Ltd.,5.27404093908693,5.012036591237357,9.000499750124934,12.776628748707338,5.245126423470364,12.799958626396359,0.5115207373271847,1404.2068965517242,Other metals/Minerals,1090.55,INR,1210.1,INR,993.4909999999999,990.5249999999999,1001.6492557670114
MTARTECH,MTAR Technologies Ltd.,2.8720943896426556,5,1.1297839288236124,8.041641520820761,-8.133418858242463,98.91666666666667,391.52309698675265,582,Aerospace & defense,7161,INR,8714,INR,6685.520000000002,4901.293499999999,6908.136435163833
INDIAGLYCO,India Glycols Limited,0.011583066492318826,4.99999999999999,5.507835760648859,6.776646117922913,27.88504283924718,47.49004355447989,47.291896885485265,3902.5988486976316,Chemicals: specialty,260.4,INR,260.4,INR,231.5532458839998,208.57544154105,238.6114896656172
QPOWER,Quality Power Electrical Equipments Ltd.,0.7313007796576274,4.999648901060323,7.575539568345321,31.304882332279593,47.1751968503937,85.98258706467662,68.96045197740112,247.74418604651163,Electrical products,1495.3,INR,1502.7,INR,1225.4559999999992,995.0805000000004,1350.877709882526
HFCL,HFCL Limited,0.27840135597069426,4.999546320660562,-6.071428571428575,12.458697764820206,18.081632653061224,233.58316517728454,220.33217993079586,379.6683937823834,Electrical products,231.44,INR,256.7,INR,217.42680000000016,127.11704999999998,228.73194238040554
STLTECH,Sterlite Technologies Limited,0.20149657967014706,4.998247458815279,6.985714285714283,21.063692208212085,16.108527131782942,327.8206226792344,578.1057587830496,590.2737871615694,Information technology services,748.9,INR,757.7,INR,604.8560000000001,331.96304999999995,672.3258609550993
UEL,Ujaas Energy Limited,0.8758916764448423,4.997827031725337,27.607880420429925,9.818181818181817,72.69478198713365,39.090385722510085,102.51467092198203,-87.98357690772575,Alternative power generation,241.6,INR,284.2,INR,171.16520000000014,149.07156649585,203.20940968202567
SPECTRUM,Spectrum Electrical Industries Limited,2.2718136863933642,4.996231768408932,11.202929852568312,-7.197993809020016,40.14201183431953,64.24410540915396,59.85421166306697,3720,Electronic equipment/Instruments,2368.4,INR,2637.2,INR,2174.6139999999987,1538.5975000000005,2218.167845695129
BLISSGVS,Bliss GVS Pharma Limited,1.0389030650356461,4.950340189254708,18.34215167548501,33.66533864541832,47.44012304987913,210.64814814814815,319.5060956548922,1499.52320382543,Pharmaceuticals: major,671,INR,671.3,INR,522.427,312.2255,579.4898156901935
SMSPHARMA,SMS Pharmaceuticals Limited,2.9758010743895227,4.904450086863564,8.082059754922215,6.948228882833788,10.985437579527789,1.6707680352285943,67.03549238233042,1056.6191325189895,Pharmaceuticals: major,392.5,INR,447.8,INR,380.6810000000002,363.97475,369.03997111460353
CARBORUNIV,Carborundum Universal Limited,1.596173674985645,4.879406307977728,2.7724752295245887,4.250806823420923,8.701086433996732,40.142547257514714,18.810424548129454,17989.6,Industrial specialties,1130.6,INR,1306.9,INR,1105.0340000000008,947.8797499999991,1108.7284079675924
KRN,Krn Heat Exchanger and Refrigeration Limited,1.936863467568378,4.834318347831858,2.3800259403372275,29.539673422499384,23.52895148669797,66.30148530496156,77.38202247191012,228.89583333333334,Industrial machinery,1578.7,INR,1668,INR,1329.45,1029.8310000000001,1475.153166614503
PWL,PhysicsWallah Ltd.,5.740349765978872,4.825870646766176,1.3955726660250198,-0.46453035194079473,18.748825850084547,53.27352085354025,-12.813793103448274,-12.813793103448274,Miscellaneous commercial services,126.42,INR,161.99,INR,128.18419999999998,,121.87127767251285
ANGELONE,Angel One Limited,4.659939566057185,4.825174825174829,1.3180128421764226,-0.7284768211920493,-11.222978975421967,32.36203090507727,30.404523705959114,990.1818181818181,Investment banks/Brokers,299.8,INR,360.45,INR,309.1830000000001,284.7943,292.96066891472805
BLUESTONE,Bluestone Jewellery and Lifestyle Limited,1.8511898742798607,4.702447509007333,4.819651741293533,-2.2331786542923435,57.8183520599251,85.54601497137826,50.49107142857143,65.24509803921569,Specialty stores,842.75,INR,926,INR,738.9159999999997,554.4279999999999,810.5812913762035
PVP,PVP Ventures Limited,1.1534031763461916,4.6841294298921285,4.523076923076919,144.3884892086331,110.4708798017348,151.90952910641454,209.23987255348203,-32.26321036889332,Information technology services,67.94,INR,71.9,INR,36.954399999999985,32.40260000000002,52.588137435262276
SPMLINFRA,SPML Infra Limited,2.2961519875371303,4.673706075817895,1.0640668523676862,-7.188171492888576,-10.148588410104017,2.491525423728812,-37.02135045998959,342.4634146341463,Engineering & construction,181.41,INR,302,INR,192.50979999999973,188.7808999999999,185.0637234432111
LOTUSDEV,Sri Lotus Developers and Realty Limited,1.9318262176311105,4.663128249566732,5.572248019666751,-1.277139208173691,39.02877697841727,54.52582760275068,2.9075030619308846,8.567415730337078,Real estate development,193.25,INR,207.5,INR,168.76859999999996,150.55244999999996,179.31307629011357
SHANTIGOLD,Shanti Gold International Limited,0.9038411815071757,4.607223015711064,6.719400499583675,16.054197006669376,15.008147967686753,24.19766099841572,7.759735280647673,12.708490426333698,Other consumer specialties,256.34,INR,280.75,INR,229.24027197879968,210.98328140794993,245.10593226640617
MANYAVAR,Vedant Fashions Limited,1.0152824468144281,4.5758535726856735,9.227941176470596,19.3412331793533,46.3907366346391,53.540051679586576,-20.24161073825503,-36.449197860962556,Internet retail,594.2,INR,779,INR,467.19900000000035,468.3327499999986,534.7835634290412
SETL,Standard Engineering Technology Ltd,0.8989832899398289,4.5506838808641215,15.522598870056495,50.73719130114264,194.42044636429083,238.8152444076222,119.51154052603326,137.76162790697674,Medical specialties,408.95,INR,410.7,INR,297.99999999999994,179.54910000000004,340.02579929189665
HBLENGINE,HBL Engineering Limited,21.51665360492731,4.537600480805356,4.50619601952685,-5.340136054421769,-12.785960513945472,5.376751230594472,-18.89134996502681,2488.3557510549017,Electrical products,695.75,INR,1122,INR,721.98,770.0912499999996,685.260964443702
STYLAMIND,Stylam Industries Limited,1.5810388045780464,4.520349285692246,-2.6609195402298824,-4.456478817622835,11.795379537953798,51.867294328625874,107.8159509202454,164.640625,Forest products,3387.4,INR,4150,INR,3416.2620000000024,2630.181999999998,3459.4578014500967
KNRCON,KNR Constructions Limited,1.4197984804876833,4.519158212459127,1.3495934959349565,-2.761310452418091,-4.2549923195084425,0.5565862708719833,-36.912955465587046,493.6190476190476,Engineering & construction,124.66,INR,220,INR,127.21320000000001,135.09945000000002,124.8086258187047
INNOVACAP,Innova Captab Limited,3.413561051893393,4.44286475919673,15.06044735940484,23.472871474342142,36.428529975044995,75.61631555356345,28.501147917349954,159.98672284922094,Pharmaceuticals: major,1175.4,INR,1199.9,INR,1005.9489999999998,813.8454999999994,1061.006712280952
BALAMINES,Balaji Amines Limited,1.990822313515917,4.442054760526083,4.6498135101533284,26.19690154922538,20.24761904761904,136.8855534709193,63.33764553686933,8553.873108558813,Chemicals: specialty,2525.2,INR,2550,INR,2219.5240000000003,1538.4467499999998,2298.3653332171057
INDNIPPON,India Nippon Electricals Limited,4.587307542459705,4.3987741121326795,9.626123994320874,-3.435050858762718,26.717724288840266,43.5192069392813,36.2427949652982,2710.587686978999,Auto parts: OEM,1158.2,INR,1278.2,INR,1120.885000000001,884.8539999999994,1102.122699400283
PRABHA,Prabha Energy Limited,51.150428337954246,4.358057654885276,10.588912334548235,46.060298961236384,43.99000936621916,39.58082329212436,-4.6234175032488665,6.862147980686037,Oil & gas production,230.6,INR,258.4,INR,167.34660000000008,166.10845458564992,198.7236405553794
WHEELS,Wheels India Limited,2.321057645808138,4.261363636363636,12.960052390307798,22.1600566572238,11.564581851109255,94.28925433656231,131.26634041697392,6318.507198599183,Auto parts: OEM,1724.9,INR,1808,INR,1488.4460000000017,1162.9927500000006,1527.7308566988602
HLEGLAS,HLE Glascoat Ltd,7.337728815243163,4.249336041243545,5.5854430379746765,-22.07170384211141,-13.337662337662342,6.990540323873642,-37.635514018691595,-4.94301994301995,Industrial machinery,333.65,INR,661.95,INR,380.56400000000014,373.1104999999988,335.8303399397352
KITEX,Kitex Garments Limited,1.3279125273288606,4.2138466515690665,0.06989748369058979,-12.035772801747676,-21.984742068297408,-24.5785530320768,-32.53926701570681,761.7348205847738,Textiles,128.85,INR,232.7,INR,142.00660000000005,166.52860000000013,130.33515104983593
RAMCOSYS,Ramco Systems Limited,1.5707137263062063,4.202540277896189,9.878651685393267,0.5263157894736917,27.095030151798728,48.062015503875976,41.97444831591174,-80.44377634172851,Information technology services,611.2,INR,967.5,INR,682.0119999999997,540.3095000000003,592.6962951764524
APLAPOLLO,APL Apollo Tubes Limited,1.2437092649658053,4.195609891636561,2.880658436213992,15.681233933161954,24.30939226519337,4.166666666666667,34.32033908423379,13980.100125156445,Steel,2250,INR,2301.4,INR,1957.7759999999998,1945.4715000000003,2133.3816453870054
MENONBE,Menon Bearings Limited,2.0457142625991316,4.164641063036774,13.649222065063636,37.350427350427346,127.16991800961267,174.72433541328317,154.3325156287093,1211.8372578224491,Metal fabrication,321.4,INR,323.95,INR,225.53659999999996,150.0548999999999,273.1383803545886
NUVOCO,Nuvoco Vistas Corporation Limited,4.266085870933152,4.155575273587682,8.587727412889288,0.42777698559817484,9.210730345790042,16.29788639365917,-24.252527425252744,-27.39175257731959,Construction materials,352.15,INR,467,INR,334.36400000000015,329.9642500000007,331.3866920050847
BOROLTD,Borosil Ltd,0.11226131391712232,4.154768129348825,5.875137986017408,7.953976988494241,15.607142857142849,12.591304347826078,-26.22222222222223,19.336405529953907,Miscellaneous manufacturing,258.96,INR,397.95,INR,242.27019999999996,253.18294999999998,247.8119461304723
ARTEMISMED,Artemis Medicare Services Ltd.,2.8477651326664493,4.04877286227919,5.000788767944478,9.509707140506759,22.623434045689034,42.82648813355651,48.088817692341934,1447.906976744186,Hospital/Nursing management,332.8,INR,339.3,INR,296.22999999999973,263.79880000000014,317.7166095862891
DPABHUSHAN,D. P. Abhushan Ltd.,1.1539682237414228,4.031190230984254,-7.562585789920912,-5.5310621242484945,50.63109122863077,33.79375591296122,-10.555942065650488,4108.928821960049,Specialty stores,1414.2,INR,1670,INR,1329.9289999999996,1226.82675,1429.0387494004244
ACMESOLAR,ACME Solar Holdings Ltd.,3.06311430929088,4.0059716347350145,6.63265306122449,8.627858627858625,19.428571428571427,80.97588431398017,38.66312821363411,66.53386454183267,Engineering & construction,418,INR,430.5,INR,380.77099999999996,290.35370000000006,392.56231949258705
GREENPLY,Greenply Industries Ltd,3.5052348959266366,3.993174061433443,3.993174061433443,5.798611111111107,9.016100178890873,52.36523652365237,-0.32711808963035655,28743.40556351902,Building products,304.7,INR,334.4,INR,298.1547999999999,259.60410000000013,290.5983970706175
WELSPUNLIV,Welspun Living Limited,2.113032486246173,3.9379891331438994,8.43517603619533,29.75108898568762,43.8,73.59920073266173,80.13822894168466,1867.0754716981132,Consumer sundries,208.51,INR,209.93,INR,171.8484,142.21755000000013,187.239557322807
GMRP&UI,GMR Power and Urban Infra Ltd,0.9316284395793343,3.9371796270040345,0,-2.546272625012792,-13.355759614510408,-12.975983928408372,-14.727988546886191,98.54166666666667,Engineering & construction,95.3,INR,136.95,INR,97.23699999999994,105.82465000000002,94.73170359863312
EMCURE,Emcure Pharmaceuticals Limited,2.5705725352583877,3.930554806707277,2.5919420937782647,-2.891687657430735,9.522727272727268,32.39920324198089,37.75459158150503,45.4737557073318,Pharmaceuticals: major,1927.6,INR,2048,INR,1882.4800000000005,1632.3759999999986,1885.0169817242197
ARMANFIN,Arman Financial Services Limited,1.32598250623554,3.8857372358050144,5.254323499491362,3.001493280238934,30.44821282229088,46.65485471296954,43.7013888888889,729.2125826487679,Finance/Rental/Leasing,2069.3,INR,2158.6,INR,1922.1140000000032,1663.7765,1975.863038024216
ASTRAMICRO,Astra Microwave Products Ltd.,1.9637186047047703,3.8376073509098605,2.3198011599005826,-5.940594059405942,24.08497201090856,67.05314009661836,63.43699782588144,6367.548704799457,Telecommunications equipment,1729,INR,1960,INR,1747.4360000000004,1230.0110000000013,1702.5438162048424
LUMINO,Lumino Industries Limited,,3.788977519941993,4.090909090909091,4.090909090909091,4.090909090909091,4.090909090909091,4.090909090909091,4.090909090909091,Electrical products,114.5,INR,122,INR,,,
CLEANMAX,Clean Max Enviro Energy Solutions Limited,0.688294690055602,3.7884037884037913,5.966981132075479,0.6797131759784985,13.862138874809947,62.63272200772203,28.00569800569801,28.00569800569801,Alternative power generation,1347.9,INR,1536,INR,1300.022,,1274.3308395939275
GENESYS,Genesys International Corporation Limited,0.15453322316878085,3.705700040425819,-1.5437100213219637,6.818000423515883,19.014496251272018,25.646061792834086,-45.88172826517953,894.8211715959645,Packaged software,230.88,INR,433.48123079,INR,212.88992414079976,218.18125317474932,214.6896351040602
MEDANTA,Global Health Limited,1.3656710216571821,3.7042263458689058,-3.334429463992111,2.4322252421771458,19.311632437697853,33.121999818857,1.3795006207752794,266.53366583541145,Hospital/Nursing management,1469.8,INR,1544,INR,1394.611999999999,1214.0032500000007,1437.7265496758648
GNA,GNA Axles Ltd,1.0642333738309162,3.6197818728845434,0.7404021937842695,6.257231006556099,47.18215811965811,28.614774186019364,72.12244260502888,337.34126984126976,Auto parts: OEM,551.05,INR,601.65,INR,523.673,413.3762500000002,542.1047767503644
TATACOMM,Tata Communications Limited,0.9734624018470244,3.5192171657627807,4.1948498872671065,-1.5142168134148395,-12.195000000000004,21.101992966002346,12.074797370604365,750.2089719413993,Major telecommunications,1756.1,INR,2110,INR,1780.9899999999998,1717.022,1718.5611940354902
CAPACITE,Capacit'e Infraprojects Ltd.,0.6985040926191453,3.5139793182688646,-3.473214285714286,0.5674418604651158,-5.37417943107221,-4.145054750188409,-28.83988810268225,-45.80952380952381,Engineering & construction,216.22,INR,334,INR,222.9856000000001,236.71150000000023,214.73741066179466
BLUSPRING,Bluspring Enterprises Ltd,0.699128243205425,3.5083798882681623,5.272727272727279,23.322683706070286,65.82338902147973,183.59183673469389,75.01259445843829,56.13483146067417,Miscellaneous commercial services,138.96,INR,139.8,INR,116.7316,79.32285000000003,124.98440602746749
OAL,Oriental Aromatics Ltd.,0.7518288523997808,3.503882142146121,22.329411764705878,36.546290216677605,67.79086654832982,111.81503361173355,54.04444444444444,150.2527075812274,Chemicals: specialty,519.9,INR,532.5,INR,370.43799999999993,312.27134999999964,418.0311434762702
XPROINDIA,XPRO India Limited,0.7090361443015867,3.499179879715688,16.04343637796653,11.540404040404033,11.540404040404033,51.43999999999999,10.379008746355678,6801.562740835782,Industrial specialties,1325.1,INR,1574.8,INR,1282.6499999999994,1089.8080000000007,1200.2793384220927
SBILIFE,SBI Life Insurance Co. Ltd.,1.9992670836285937,3.498542274052478,-0.3033026286227865,-7.0680628272251305,0.05636978579481398,-8.031088082901555,-6.084656084656085,141.49659863945578,Life/Health insurance,1775,INR,2132,INR,1814.949999999999,1908.7720000000002,1775.2918312242095
SCHNEIDER,Schneider Electric Infrastructure Limited,0.7543893953885135,3.476070528967262,1.4320987654321062,-8.439821693907868,7.7272727272727355,40.204778156996596,42.82899692878253,1732.565055762082,Electrical products,1232.4,INR,1548,INR,1327.6059999999995,1030.2442499999995,1238.443215825184
KENNAMET,Kennametal India Limited,0.3086469463788449,3.448656281717492,4.0732519422863485,54.78705843512711,59.23447901100394,84.07930899096976,84.07930899096976,375.98984771573606,Metal fabrication,4688.5,INR,4860,INR,3340.962000000001,2881.727000000003,4087.461804781872
TCPLPACK,TCPL Packaging Limited,2.2543175690446695,3.419602689177582,7.246946584892803,27.306950407566436,56.53787299158378,57.47767857142857,19.297376093294464,519.8909443990592,Commercial printing/Forms,4091.9,INR,4410.9,INR,3467.1440000000002,2926.1494999999995,3861.533112780276
IGPL,IG Petrochemicals Ltd.,1.2956145236759828,3.3797941149676514,8.096780339112213,11.473477406679761,30.78252852368329,71.91334646265716,29.042528997043437,725.9097886132369,Chemicals: specialty,567.4,INR,572,INR,472.7270000000002,413.7392499999995,512.9159030598893
MCX,Multi Commodity Exchange of India Limited,1.0424075123863241,3.3184026244401075,0.07026977483120533,22.30769230769231,12.556701030927838,27.845433255269327,111.03021712518526,1063.1392045454545,Investment banks/Brokers,3275.4,INR,3480,INR,2912.0899999999992,2627.853499999999,3145.2745453772845
AEROPLANE,Amir Chand Jagdish Kumar (Exports) Limited,1.8629243320073046,3.3072792045514965,13.819566490919746,-2.4893350062735298,59.25409836065573,-2.855000000000004,-2.855000000000004,-2.855000000000004,Agricultural commodities/Milling,194.29,INR,206.9,INR,179.57440000000003,,181.71158556211589
INOXINDIA,INOX India Limited,1.5056490807070577,3.2901387740097583,3.3471264367816174,17.01806444895622,48.75256435709088,94.44636678200693,90.33022861981372,136.69772575795872,Industrial machinery,2247.8,INR,2320,INR,1968.6180000000002,1466.7984999999978,2050.3645764242615
BGRENERGY,BGR Energy Systems Limited,0.6364059686972615,3.279651065257504,-6.719696969696973,-9.496508636530699,-28.908775981524247,-18.45695364238411,27.00361010830324,-70.68333333333334,Engineering & construction,246.26,INR,490.8,INR,274.3127999999999,315.7853,251.96170965324833
TITAGARH,Titagarh Rail Systems Ltd,8.138774870427573,3.27529021558872,4.915764139590857,2.1799003808965747,0.7919075144508697,32.510069154191044,1.9946186242395962,707.2685185185185,Trucks/Construction/Farm machinery,871.85,INR,971,INR,844.5139999999991,795.7684999999997,839.1431487291411
KAYNES,Kaynes Technology India Ltd.,0.9646232435775561,3.242467718794835,-10.832445292557804,-7.618045035561143,12.034874669157714,-5.268423685526972,-47.09212557900155,362.46786632390746,Electronic production equipment,3598,INR,7705,INR,3551.7719999999917,3819.356000000001,3712.9299806260497
BODALCHEM,Bodal Chemicals Limited,0.7752371967626025,3.2236667551074647,65.20169851380042,110.58186738836264,113.2072886696808,247.36607142857144,134.4027715017322,467.95620437956205,Industrial specialties,155.62,INR,159.99,INR,76.47120000000001,62.19525000000001,103.43899235836147
KLBRENG_B,Kilburn Engineering Ltd,0.4272099813502971,3.2211803640375116,18.383097165991913,9.965918439299575,-3.734567901234563,-9.155339805825239,-9.155339805825239,-9.155339805825239,Industrial machinery,467.85,INR,544.85,INR,426.207,,414.3486756943071
TIL,TIL Ltd.,2.753957544902289,3.216326530612243,5.125753481604649,-3.111111111111113,41.273743016759774,24.30315803460941,-7.730523192303833,4804.613643288365,Trucks/Construction/Farm machinery,252.88,INR,365.37328053,INR,229.04520000000008,224.40457512524983,238.03444263500333
STEELCAS,Steelcast Ltd.,1.305760868365917,3.2090608777725307,-2.9437869822485174,-4.968134414831975,13.787721123829344,43.0658525948539,53.29439252336449,424.9639774375428,Steel,328.05,INR,364,INR,324.0829999999998,263.49469999999997,336.7616984552088
JNKINDIA,Jnk India Limited,1.2584109350963515,3.152161316490908,0.9756097560975635,3.6204889406286407,2.075688073394498,99.96854780733285,49.420849420849414,-28.333333333333332,Building products,445.05,INR,558,INR,460.6270000000002,332.703949999999,442.1456100875194
LLOYDSENT,Lloyds Enterprises Limited,1.4726111404671982,3.140197304432409,2.245179063360895,-9.132084710490872,10.79104477611941,51.520718513982445,1.1307901907356923,48.975109747221886,Wholesale distributors,74.23,INR,84.7,INR,77.21460000000003,64.82600000000006,74.96539307824703
RICOAUTO,Rico Auto Industries Limited,1.4076558113617093,3.138588030674372,0.7413127413127475,-10.027586206896546,0.35384615384615997,11.695205479452065,27.901960784313733,3627.4285714285716,Auto parts: OEM,130.46,INR,157.99,INR,134.69679999999994,123.96154999999985,131.21674562523637
BSE,BSE Ltd.,1.695027367850995,3.136626236350996,2.921823121038339,-6.940312764389611,-15.869726128793483,23.99272727272728,52.29120142920947,2728.405529849644,Investment banks/Brokers,3409.8,INR,4446.8,INR,3549.4139999999975,3265.0509999999986,3365.7090874073547
TIMEX,Timex Group India Limited,0.8205632173996845,3.1252405511508075,6.190551680405845,19.658806716684545,52.60280214147398,113.328025477707,113.328025477707,113.328025477707,Other consumer specialties,669.85,INR,687.8,INR,568.5560000000002,,613.4860048560463
STARCEMENT,Star Cement Ltd.,0.4084032024542093,3.100775193798449,-0.4188700979108913,-6.540540540540541,-9.433333333333334,-6.719309431556226,-38.25,53.37903225806452,Construction materials,190.19,INR,293.35,INR,200.50479999999993,213.33720000000028,192.37563309252062
JASH,Jash Engineering Ltd.,3.2759041847581534,3.0916729505547824,-1.9467213114754098,-4.586241276171486,11.3049546406141,23.324742268041238,-7.803468208092486,1952.767052767053,Industrial machinery,478.5,INR,572.85,INR,497.87700000000007,436.10925000000026,480.06471050451734
ABLBL,Aditya Birla Lifestyle Brands Limited,1.4288502823826057,3.090190441969096,1.0804462712859513,-9.400000000000007,-14.900138421989329,-16.436893203883503,-40.477178423236516,-48.46107784431138,Apparel/Footwear retail,86.07,INR,151.33,INR,92.08080000000001,105.29960000000001,87.17153298784066
SANSTAR,Sanstar Limited,4.095425493586273,3.064814814814817,2.1192660550458737,-4.65952890792291,-3.9603106125970693,33.30538922155689,26.459895478300393,2.1192660550458737,Food: major diversified,111.31,INR,137.49,INR,111.80679999999995,98.51555,109.54354126213961
ROSSTECH,Rossell Techsys Limited,1.3220367971006093,3.0636925557645833,3.4761883347573947,6.508054064062207,7.754987355998872,63.458123179654756,53.8307260328921,105.55654815079505,Telecommunications equipment,1150.5,INR,1172,INR,1035.0260000000007,847.7522499999997,1092.7782957534994
SAMMAANCAP,Sammaan Capital Ltd,2.4994161620630138,3.051398828887442,6.818181818181809,-1.925696594427253,-13.777898747958629,9.27216281476371,13.704235463029415,-38.76592717989473,Finance/Rental/Leasing,158.39,INR,192.95,INR,160.26040000000012,153.66505000000004,153.33409430483607
CGCL,Capri Global Capital Limited,0.6702191950212385,3.0180345969819613,14.244897959183664,21.379011274934946,37.88177339901477,78.30296853102305,48.103074236732084,4453.085907247508,Finance/Rental/Leasing,279.9,INR,284.8,INR,240.31220000000002,197.49499999999964,247.91679553291843
PNGJL,P N Gadgil Jewellers Limited,0.7631141596400017,3.0105708245243052,2.3613445378151185,-7.015267175572526,11.302997076023374,15.788973384030411,3.9157140419723477,-26.62048192771085,Specialty stores,609.05,INR,736.4,INR,609.5600000000001,594.2447499999994,605.4839862860529
YATHARTH,Yatharth Hospital and Trauma Care Services Limited,0.49232034548180303,2.992829678894323,1.2359550561797776,17.082102776137038,22.35802469135803,52.594303310238644,30.631343086859093,223.78306684798866,Hospital/Nursing management,991.1,INR,1024.85,INR,870.3510000000001,758.6430000000001,925.2628238850587
MMTC,MMTC Limited,5.853808119161289,2.984595635430049,0.9913453973249562,0.28125000000001066,-6.701555458642243,12.596491228070187,-1.261538461538451,-94.6217823317753,Wholesale distributors,64.18,INR,78.35,INR,63.9244,63.131850000000014,63.45668558247204
63MOONS,63 Moons Technologies Ltd.,4.059175100977836,2.9662261380323054,17.651006711409394,0.7587078974594808,41.02976669348351,49.637217242851044,-5.549568965517241,-47.51497005988024,Packaged software,876.5,INR,1007.7,INR,766.3959999999996,690.0102500000004,801.8621498348326
JSLL,Jeena Sikho Lifecare Limited,2.2926465314435647,2.9614119054741184,2.2376237623762285,-10.512176098448753,-22.185380557648838,-15.360655737704924,-33.807692307692314,2714.4787192840345,Medical/Nursing services,516.3,INR,849.5,INR,551.177,635.8904999999999,520.373433010583
HEG,HEG Limited,1.7582632789494508,2.9401371121633972,2.124526714345811,7.277012594829488,33.13528336380256,34.512375323236064,47.32955694922112,15870.395437298044,Electronic components,728.25,INR,753.9,INR,642.6970000000002,578.9012499999997,705.0913678508668
PFC,Power Finance Corporation Limited,2.1655807393004634,2.9232995658466057,-0.11235955056179137,-15.754560530679933,-16.358932141597073,-14.10628019323671,-10.428211586901758,686.7256637168142,Finance/Rental/Leasing,355.6,INR,486.5,INR,395.3680000000001,401.40699999999947,365.6654191991192
HERITGFOOD,Heritage Foods Limited,1.336297393937109,2.906742026645138,1.150793650793657,13.930274135876042,17.700477143296904,23.33870967741936,-25.02941176470588,26146.78222069676,Food: meat/fish/dairy,382.35,INR,540,INR,348.5050000000003,368.67099999999994,367.52724524989225
ICIL,Indo Count Industries Limited,0.7199490595960792,2.8466902938150196,5.835294117647061,6.612941455321175,35.03452416691683,76.3921568627451,81.70066653201373,4605.021018933494,Textiles,449.8,INR,474.65,INR,418.64600000000013,319.2692499999999,431.0615076207569
IXIGO,Le Travenues Technology Limited,3.164586509846874,2.83687943262411,1.2262490135373099,-15.376807916772396,7.935788724189262,-1.3371989823087338,-41.70599545533998,20.745827607108794,Internet software/Services,166.75,INR,339.15,INR,187.93960000000004,197.1774999999998,169.89155663306994
ZOTA,Zota Health Care Ltd.,1.2853646255839324,2.833272793316386,4.725793026912063,-12.0807453416149,-5.633333333333326,-7.248750921451387,-15.618479880774958,455.09803921568636,Pharmaceuticals: major,1132.4,INR,1740,INR,1252.6999999999994,1313.1115000000004,1124.8149337849043
MGL,Mahanagar Gas Ltd,1.5210829231751257,2.831957989497357,0.2376599634369204,-1.570774616282201,1.0784404092542923,0.1461187214611789,-15.665615627162966,103.07407407407406,Gas distributors,1096.6,INR,1378,INR,1112.0339999999997,1107.5367500000023,1099.3784340612115
SUDEEPPHRM,Sudeep Pharma Limited,1.0801379779688949,2.8233292079207923,17.11894273127753,62.4266862170088,75.83333333333333,128.28438948995364,82.09589041095889,82.09589041095889,Pharmaceuticals: other,1329.3,INR,1357.4,INR,975.8710000000002,,1146.154927846611
GOKEX,Gokaldas Exports Limited,2.716686247817977,2.8072689376669144,1.5178801131978479,-1.5960099750623384,12.437669183644404,26.88102893890676,5.6492637215528845,215.68000000000004,Apparel/Footwear,789.2,INR,954.9,INR,813.1250000000005,741.4850000000005,787.5095727345529
INFOBEAN,InfoBeans Technologies Ltd.,0.6067606034003517,2.790461694571287,4.560996064770029,-7.662507833418783,-3.810089020771506,0.9529741513547187,4.399355877616755,839.5942028985509,Packaged software,162.08,INR,257.5,INR,162.27340000000018,172.90099999999998,160.03871019685099
DIACABS,Diamond Power Infrastructure Limited,1.0688360137920339,2.7562712914215033,-2.982456140350874,6.6538090646094465,71.03974431671735,139.5667870036101,127.7282086479067,14845.945945945945,Electrical products,331.8,INR,379,INR,299.51919999999984,188.51590000000007,337.881784901099
SENCO,Senco Gold Limited,0.984624856855089,2.750322303394919,-1.1438809261301086,-7.528683769498529,3.80607814761215,18.758278145695357,-5.804333552199612,66.81395348837208,Other consumer specialties,358.65,INR,430,INR,364.6279999999996,333.5245000000001,358.54275347459185
KPEL,K.P. Energy Ltd.,1.559461695983112,2.6692681306820574,1.3606557377049153,-23.99508297480024,-29.437945791726104,-4.8952124591424795,-43.40503432494279,-54.61601981833196,Alternative power generation,247.32,INR,463.25,INR,293.596,321.6996499999998,258.6660049221456
GNRL,Gujarat Natural Resources Limited,2.9402382992472176,2.6364764267990046,1.3993871297241984,4.395835524240185,0.6795131845841803,-2.197044334975373,-2.197044334975373,-2.197044334975373,Integrated oil,99.27,INR,120.9,INR,100.21620000000001,,99.17744708215513
RPGLIFE,RPG Life Sciences Limited,1.8812572973072363,2.6089579248981987,5.394415830848457,-2.040816326530622,25.94169366034243,46.369796708615674,14.089289457136866,4436,Pharmaceuticals: major,2721.6,INR,3082,INR,2689.522,2273.584,2649.7800715629087
CROMPTON,Crompton Greaves Consumer Electricals Ltd.,0.7907848043454229,2.6003266963931018,-3.1666666666666643,-12.119493287956129,-13.9418626180337,-7.002801120448179,-31.038575667655785,80.15503875968992,Industrial machinery,232.4,INR,335,INR,253.75060000000002,257.45039999999995,240.7272093250127
UNIMECH,Unimech Aerospace & Manufacturing Limited,1.083397688979703,2.552378352555797,0.31375166889185885,11.758143685854542,35.378378378378386,73.12211981566821,43.82656967840736,2.9246575342465784,Industrial machinery,1502.7,INR,1555,INR,1327.609,1036.0064999999997,1453.6551353447496
KABRAEXTRU,Kabra ExtrusionTechnik Ltd.,0.3858218985550723,2.5407223796034035,-1.8389830508474614,39.55421686746987,140.6907156512343,134.2366026289181,109.07942238267147,27980,Industrial machinery,579.15,INR,625.15,INR,428.2441999999999,279.52885,542.9340988492438
SWIGGY,Swiggy Limited,11.517549769417723,2.525064983290015,-3.020723568668762,-5.7679180887371935,8.8507786319732,-7.380073800738007,-36.08796296296296,-34.26190476190476,Air freight/Couriers,276.1,INR,474,INR,272.4715999999999,303.7319,277.64597217148486
REDTAPE,Redtape Limited,1.2715064615502913,2.511065713312907,-2.8790322580645107,-7.70940301938846,-13.278605890401092,1.2272001344876926,-13.359712230215822,0.358333333333339,Apparel/Footwear retail,120.43,INR,163.5,INR,129.53640000000004,126.66999999999953,123.85949880971992
MBAPL,Madhya Bharat Agro Products Ltd.,1.1169548822783144,2.4925962487660365,1.1385083713850865,4.728281427310553,48.32142857142857,78.6236559139785,95.89622641509435,4019.5287261121207,Chemicals: agricultural,166.12,INR,174.94,INR,149.61439999999982,108.28379999999997,162.11675798476892
TATASTEEL,Tata Steel Limited,1.119328509445487,2.491856677524432,0.6343283582089541,-1.799739921976597,-9.842406876790838,-5.368421052631583,11.710059171597628,1039.7609307527193,Steel,188.79,INR,224.4,INR,186.89459999999966,192.34174999999982,186.04036317334752
HYUNDAI,Hyundai Motor India Limited,0.6751414819948295,2.462825278810409,-1.9433450438030784,-0.3615002259376412,14.307931570762053,3.764705882352941,-13.8671875,14.012409513960703,Motor vehicles,2205,INR,2890,INR,2093.391999999998,2082.6559999999995,2188.0179505473725
LANDMARK,Landmark Cars Ltd.,0.8893233109492171,2.439759036144574,-0.009800078400629433,-6.023763470571989,23.061150645278,38.2520325203252,-15.677685950413226,8.312101910828021,Specialty stores,510.15,INR,662.8,INR,503.827,447.656,513.6099997881093
RAYMONDLSL,Raymond Lifestyle Limited,1.7007242673889251,2.4388361503434366,-4.373198847262251,-12.215608465608469,-10.847662547017732,-20.41134496612101,-47.254013670322685,-78.0248344370861,Apparel/Footwear,663.65,INR,1350,INR,725.9149999999998,854.7767499999989,694.9670400381394
CYIENTDLM,Cyient DLM Limited,1.582899174962969,2.4385870539716805,5.147239263803686,28.180390397128125,84.44898837709857,187.56711409395976,93.05023653976123,112.64267990074444,Electronic production equipment,856.95,INR,894,INR,661.8169999999997,455.0232500000005,776.0887840773465
TDPOWERSYS,TD Power Systems Limited,0.7234838968121875,2.4288976541415916,-1.175056749899847,29.61471103327496,10.462686567164182,66.42680458736227,166.17514835461247,2746.5384615384614,Electrical products,740.1,INR,798.85,INR,639.7189999999998,504.202375,722.3909955761992
HDFCLIFE,HDFC Life Insurance Co. Ltd.,2.3761844054198096,2.417994376757259,-0.7988380537400105,1.561338289962821,-5.368895046761344,-19.362455726092094,-31.955168119551686,76.25806451612902,Multi-line insurance,546.4,INR,796.9,INR,552.3710000000008,643.1187499999992,544.0542893088847
FIEMIND,Fiem Industries Limited,0.6225094252300446,2.4007069566498154,0.7243577361406219,-11.219885928322121,-10.996372946447613,-2.7599067599067513,-6.838179463129211,2364.7562776957166,Auto parts: OEM,2085.8,INR,2674.8,INR,2277.337999999999,2238.3945000000012,2176.26272633116
SHREEJISPG,Shreeji Shipping Global Limited,2.298839300471442,2.393677079412868,6.1573279225846616,2.3243568527155003,47.5059639991325,78.98684210526315,159.59923664122138,151.90740740740742,Other transportation,680.15,INR,684,INR,609.6550000000001,438.84625,642.9374560241384
INOXGREEN,Inox Green Energy Services Ltd.,1.06445553073451,2.3916730015788574,1.695899639911713,0.057142857142853894,2.878965922444187,14.631751227495906,14.729393264316597,191.83333333333334,Alternative power generation,175.1,INR,279,INR,184.55440000000007,182.17610000000002,174.63112605033282
MOTILALOFS,Motilal Oswal Financial Services Limited,0.7457180639416815,2.389415481832548,0.2901353965183752,19.195402298850574,19.884393063583815,42.86698353654336,16.55614251995054,2176.369273984618,Internet software/Services,1037,INR,1097.1,INR,943.709,850.2229999999998,986.8949906428998
MEDPLUS,MedPlus Health Services Ltd.,2.2093152172522554,2.376447438129122,-1.743299193724123,-1.9782608695652142,-21.258513301123468,-18.512048192771083,-20.410684867027527,-34.96634615384615,Drugstore chains,676.35,INR,1022.2,INR,728.1260000000008,813.8904999999982,680.4919568458178
CEIGALL,Ceigall India Limited,1.115659712843603,2.373759171342253,4.508738434425033,4.524089306698013,-1.5359070153590733,31.68023686158402,39.58415064731267,-15.083532219570403,Engineering & construction,355.8,INR,405.7,INR,343.3209999999999,306.52884999999986,336.0556792609225
POWERICA,Powerica Limited,2.5712317775333093,2.358904376644879,1.1657032755298564,0.16215185043874647,1.4393353941267255,43.456284153005456,43.456284153005456,43.456284153005456,Electrical products,525.05,INR,676.95,INR,549.5840000000001,,526.990049442027
FEDFINA,Fedbank Financial Services Ltd.,0.9710313420561315,2.34384898010895,2.9044585987261162,7.505988820867714,-0.3023758099352108,25.24031007751938,13.614627285513372,17.07246376811594,Finance/Rental/Leasing,161.56,INR,178.48,INR,154.21600000000004,148.04275,156.36216418438784
AYE,Aye Finance Limited,0.37705947213688823,2.3254526327445815,1.005629338142867,9.692545109211785,21.825972313777203,61.4061135371179,43.263565891472865,43.263565891472865,Finance/Rental/Leasing,184.81,INR,197.29,INR,172.3264,,175.23267336568148
BOSCH_HCIL,Bosch Home Comfort India Ltd,1.4097422588662378,2.3119761489565116,8.5785923228464,25.47775094860296,27.644045196154103,34.73590636343432,3.641233118696214,1995.3917050691246,Electronics/Appliances,1818.8,INR,1843,INR,1510.522,1427.4519999999993,1689.3888455980166
KALYANKJIL,Kalyan Jewellers India Ltd.,0.9840887867708188,2.306509482316761,-5.402843601895742,3.294807659134019,63.16076294277928,51.23121606263416,15.967851263677723,709.7363411657745,Specialty stores,598.8,INR,648.95,INR,552.6050000000004,452.2412500000001,595.5772518470876
SMCGLOBAL,SMC Global Securities Ltd. (India),2.7667731670256472,2.3042054898010553,3.1484067538402996,2.252705763906376,35.416666666666664,10.921501706484642,19.379958859829557,78.76787285439224,Investment banks/Brokers,81.25,INR,94.9,INR,77.89020000000001,73.22314999999989,79.60038761245985
UJJIVANSFB,Ujjivan Small Finance Bank Ltd.,0.7169028699064655,2.2860771551039925,-6.2154294032023225,-8.336890027030872,20.74587706146928,15.362578334825436,49.454882857805636,9.668085106382991,Regional banks,64.43,INR,73.94,INR,67.30620000000002,59.404900000000005,67.90168182975965
JNPR,Juniper Green Energy Limited,0.49460116042794333,2.276234567901248,4.160936701897777,8.20408163265307,8.20408163265307,8.20408163265307,8.20408163265307,8.20408163265307,Alternative power generation,265.1,INR,282,INR,,,257.2656020408163
VENUSPIPES,Venus Pipes & Tubes Ltd.,0.7873461912173143,2.2698771005768776,-1.4501510574018126,-0.1224739742804654,10.366761402084181,55.39253048780489,25.46153846153846,383.25925925925924,Steel,1631,INR,1875,INR,1667.8719999999976,1330.8360000000002,1609.6605351835317
PARADEEP,Paradeep Phosphates Ltd.,0.3864188460692858,2.2601445971471366,-2.696002479082736,7.5047932073404615,24.42542399746393,42.081447963800905,-26.374038641905837,256.8181818181818,Chemicals: agricultural,157,INR,202.19,INR,146.72039999999998,136.60829999999999,153.9818357628313
TARC,TARC Limited,0.5539784417935909,2.254609871970366,7.7007887371724175,-4.876404494382026,-3.0610687022900804,-8.725652267663337,-23.03636363636364,504.7142857142857,Real estate development,126.99,INR,186.3,INR,125.57260000000001,137.73385,123.46992135857374
PANAMAPET,Panama Petrochem Limited,0.9412879742296669,2.2495098545041743,4.5694385816800285,8.07067291962046,41.96275071633237,80.59048660470201,62.65594221930399,1393.5203787930143,Industrial specialties,495.45,INR,599.6,INR,462.7109999999999,340.1431499999998,481.61653066426
CANTABIL,Cantabil Retail India Limited,0.5809181202638032,2.233532430386137,-1.4395782643957757,-2.5070196550340955,10.30679858400654,-4.31102362204724,-6.1220548474314285,959.5030514385353,Apparel/Footwear,243.05,INR,321.5,INR,244.63779999999994,251.1978999999999,240.70616340867795
JTLIND,JTL Industries Limited,0.4676546123581053,2.2304003568640574,9.955619527407936,15.467943065877314,27.603006681514472,69.75925925925925,15.526149968494023,53.45469763548861,Steel,91.67,INR,94,INR,78.63459999999996,68.81159999999997,83.2619263271905
MOLBIO,Molbio Diagnostics Limited,0.3368357415566327,2.2286821705426316,0.5676155812643489,43.80421313506815,43.80421313506815,43.80421313506815,43.80421313506815,43.80421313506815,Medical specialties,1160.5,INR,1264.6,INR,,,
HINDZINC,Hindustan Zinc Limited,0.5185973991855948,2.219576494599873,-2.3875263927237365,5.43859649122807,-0.6611570247933884,1.0084033613445378,33.58524116470327,598.9591370345789,Other metals/Minerals,601,INR,733,INR,559.0150000000001,578.1604999999993,588.4223290185954
GAJA,Gaja Alternative Asset Management Limited,,2.207841644461356,-2.440501423121178,-12.918918918918921,-12.918918918918921,-12.918918918918921,-12.918918918918921,-12.918918918918921,Investment managers,161.1,INR,191.65,INR,,,
SIKA,Sika Interplant Systems Limited,1.5762679655541443,2.190305206463198,-0.5987426404550444,-10.261261261261259,11.921348314606744,0.8198380566801643,0.8198380566801643,0.8198380566801643,Aerospace & defense,996.1,INR,1359.4,INR,1101.7859999999998,,1028.5428818912221
MAXESTATES,Max Estates Limited,0.2293413829020176,2.1481062747314823,-3.196428571428567,38.079470198675494,21.73815405344712,36.206030150753776,21.03148024112526,81.91275167785236,Real estate development,542.1,INR,579,INR,447.62800000000027,423.2735000000001,501.0083427842992
RATNAMANI,Ratnamani Metals & Tubes Ltd.,0.2861914307053145,2.1463085739970853,2.9056603773584904,14.854904603462066,2.2343855439754035,14.01931680394699,13.58713762079306,4171.170423490228,Steel,2727,INR,3345,INR,2487.4180000000024,2418.625999999993,2548.4218092606447
TCIEXP,TCI Express Ltd.,1.9664547724449057,2.142989100314063,-1.0912343470483046,-0.7984210998475008,4.222431668237507,5.919540229885053,-23.24564447837857,49.73595125253892,Air freight/Couriers,552.9,INR,780,INR,548.6280000000002,541.5705000000005,549.5566969931824
ORCHPHARMA,Orchid Pharma Limited,0.5215254277605217,2.139838442197614,2.4412490610580533,-6.204558852426802,13.446226975638739,76.78703703703704,28.04640869156999,5466.472303206998,Pharmaceuticals: major,954.65,INR,1133,INR,998.8080000000004,785.0647500000009,979.0448867028425
WAAREEENER,WAAREE Energies Limited,1.0863891004639408,2.1357416954145476,0.4230344144212778,-1.8987341772151898,-14.578403086199627,0.037965072133637055,-19.022741241548864,5.4,Semiconductors,2635,INR,3865,INR,2732.72,2940.2714999999985,2649.528666911599
VOLTAMP,Voltamp Transformers Limited,0.9521205265168825,2.1105347880522265,1.782848992690319,14.794148695521038,20.570221752903908,30.461608775137112,40.106755015645135,2985.945945945946,Electrical products,11418,INR,12863,INR,10023.209999999997,9049.5225,10674.075769528486
ISGEC,ISGEC Heavy Engineering Ltd.,0.566017954985626,2.107379068862664,1.593548387096777,-5.8756724447101,-14.963818986931631,-10.012000685753474,-24.655502392344495,32.05031446540881,Engineering & construction,787.35,INR,1113.9,INR,836.1089999999999,885.4057500000001,785.7559870860207
KKCL,Kewal Kiran Clothing Limited,1.2075287906006584,2.0841603811036014,2.644446662009768,-5.633027522935788,18.229885057471254,8.273684210526307,-2.2429195970347973,852.4074074074073,Apparel/Footwear,514.3,INR,595,INR,508.7010000000002,483.8685000000002,510.8551237875651
CAPILLARY,Capillary Technologies India Ltd.,0.8080660950730364,2.083116342047703,-3.7135278514588816,-9.249999999999998,-4.305799648506153,-5.723355136590986,-14.31194264731596,-14.31194264731596,Packaged software,490.05,INR,798.95,INR,509.9150000000003,,503.63750048678423
TEXRAIL,Texmaco Rail & Engineering Limited,1.5402608814229197,2.0769163073132093,5.455041367397036,5.599053168244711,9.943127962085304,19.824380165289256,-18.603508771929828,87.46888714895542,Trucks/Construction/Farm machinery,115.99,INR,153,INR,110.8534000000001,112.71765000000012,109.94463491092093
VIYASH,Viyash Scientific Limited,0.2002930060978562,2.0733346131695276,2.250000000000009,-0.8022388059701407,6.403842305383241,30.960591133004936,49.43788645306353,54.68015905323741,Pharmaceuticals: major,265.85,INR,298,INR,268.4030000000001,229.5884,264.61465822925356
CASTROLIND,Castrol India Limited,3.5424869406302135,2.065229052676764,2.5437887361897054,-0.3247943842003123,3.5482993197278967,2.2956989247311883,-4.745932415519394,534.2333350246222,Oil refining/Marketing,190.27,INR,210.75,INR,186.15060000000005,185.5280000000001,186.9896576021076
RELIGARE,Religare Enterprises Limited,1.044050645453163,2.060423200603437,9.863247863247855,-1.1420880599884742,11.386481802426331,26.42242439144332,0.031128404669254508,-49.18633767043475,Multi-line insurance,257.08,INR,280,INR,250.50120000000004,237.6368,242.0109526708341
SAFARI,Safari Industries (India) Limited,0.8973768465988878,2.0470354421994097,1.2222368248127309,1.6698567751303666,-2.8751576292559844,-6.585809581564579,-28.53961773984041,423.23370453861594,Other consumer specialties,1540.4,INR,2507.1,INR,1555.7439999999974,1762.8029999999999,1514.8737680427294
YASHO,Yasho Industries Ltd.,1.0605829847645052,2.046307266982636,-4.781537185894914,-5.179017867382263,65.69539078156313,162.83298366075402,131.84902697549217,128.27719491993375,Food: specialty/candy,4134.1,INR,4994,INR,3668.4800000000005,2147.3149999999987,4161.007411375713
URBANCO,Urban Company Limited,0.30465705759059025,2.045531387354894,7.855866587254316,27.52816901408451,46.714737097950255,69.24299065420561,11.611710323574734,11.611710323574734,Packaged software,181.09,INR,201.18,INR,143.44639999999998,130.91665,160.87523909500717
DHOOTTRANS,Dhoot Transmission Limited,1.2751547240513939,2.0334701610356833,7.070907886017232,85.49942594718713,85.49942594718713,85.49942594718713,85.49942594718713,85.49942594718713,Electrical products,1615.7,INR,1665.2,INR,,,
JINDRILL,Jindal Drilling & Industries Ltd.,1.9448407468175297,2.023388213571315,5.0958947535267045,7.935861956698682,4.590267371243774,13.370949816192173,4.0894819466247965,107.85266457680248,Contract drilling,663.05,INR,693.5,INR,604.4019999999999,554.9692499999994,627.2055953185043
NOVARTIND,Novartis India Limited,1.443107995111597,2.01970138157488,10.628149143432989,1.516552616978,21.52767527675277,138.28956281440654,138.28956281440654,155.30232558139534,Pharmaceuticals: major,1646.7,INR,1780,INR,1559.3599999999992,1073.5247506000019,1560.3380343515146
GRMOVER,GRM Overseas Ltd.,0.9820264892007253,2.0044283882997305,0.5283105547260917,-4.641028434469991,-42.77214776070611,-45.29375,-26.855152471894144,-43.77087738203425,Agricultural commodities/Milling,87.53,INR,185.45,INR,90.9292,138.74941645485012,88.15283607501836
AJMERA,Ajmera Realty & Infra India Ltd,1.6467892583612347,2.0008661758336963,0.34083162917519233,-5.0322580645161255,-0.2625561107817295,-3.947797716150073,-39.28645081460095,389.85024958402664,Real estate development,117.76,INR,221.4,INR,124.35820000000001,141.35154999999986,118.48579210902444
RESPONIND,Responsive Industries Limited,249.9250814271472,1.9951274116020288,-1.9992407946349466,-12.23298770468582,-18.66631661853504,-9.224097515236746,-20.844192345035513,64.7872340425532,Forest products,154.9,INR,240.9,INR,175.42820000000012,176.93344999999977,158.01160715838517
CORDELIA,Waterways Leisure Tourism Limited,0.52280686888325,1.9927358397958193,-1.0476190476190421,25.80215522460346,52.56975036710721,52.56975036710721,52.56975036710721,52.56975036710721,Hotels/Resorts/Cruise lines,103.9,INR,109.65,INR,,,96.96872450254824
RELINFRA,Reliance Infrastructure Limited,0.5287549785060466,1.9853335718118523,-7.435064935064932,-17.945028061591586,-30.259295499021526,-36.64444444444444,-80.69735951252538,-88.14676204441871,Electric utilities,57.02,INR,288.7,INR,69.83499999999992,162.45985000000007,62.278977260257
GROWW,Billionbrains Garage Ventures Limited,0.661972058869257,1.9764507989907438,-1.272264631043257,0.8054040010392369,1.1470281543274183,24.12028150991682,73.21428571428571,73.21428571428571,Investment trusts,194,INR,227.2,INR,198.08199999999985,180.5206,194.39743899221264
VISHNU,Vishnu Chemicals Limited,4.629239482933646,1.9681894109957083,8.500772797527048,17,14.350871477439325,46.173867777199376,43.192248852626214,1905.1413881748074,Chemicals: specialty,702,INR,723.2,INR,621.1570000000002,560.2230000000001,644.8965793131155
CHEMPLASTS,Chemplast Sanmar Limited,0.7839265902494491,1.9517451954738616,-4.599439775910368,-13.112913924179814,-17.495155038759695,-22.812981597316657,-60.203318532367376,-69.03818181818181,Chemicals: major diversified,170.29,INR,451.3,INR,190.63219999999998,237.2643500000004,178.2454982095591
OLAELEC,Ola Electric Mobility Limited,0.675403410755314,1.9482252468641685,0.5263157894736917,-1.3429752066115601,-11.981566820276488,56.62156621566216,-45.0280615915959,-49.73684210526315,Motor vehicles,38.2,INR,64.35,INR,39.55379999999998,36.052700000000065,38.71504753924253
AGIIL,Agi Infra Ltd.,0.296223842403508,1.9403521379805881,-4.478114478114482,-7.559465623981751,-27.05065569555155,-9.793322734499208,20.31382527565733,210.39387308533915,Real estate development,283.7,INR,434.4,INR,314.4459999999999,311.31025,291.78837030686327
IKIO,IKIO Technologies Ltd,0.9272281509076289,1.9346166770678321,14.075427097883324,6.196549137284328,36.11538461538461,57.522255192878326,-1.1452513966480484,-45.900636942675156,Electrical products,212.34,INR,248.88,INR,200.25039999999998,167.60755000000006,203.18267409729356
MAHASTEEL,Mahamaya Steel Industries Ltd.,0.38157765579105535,1.9313304721030007,0.9922041105598793,18.75,36.28393815418948,62.753807106598984,239.19597989949747,838.1858083394295,Steel,1282.5,INR,1421,INR,993.0409999999994,879.56375,1198.5440009654171
HONDAPOWER,Honda India Power Products Limited,0.8166706817634305,1.9230769230769138,-1.742295559330264,-5.073143285821468,-11.858946451893777,-1.2438417638163992,-30.853825136612027,1265.2056641942008,Electrical products,2024.6,INR,2969.2,INR,2101.0199999999995,2190.8480000000013,2054.4093819727404
DEEDEV,DEE Development Engineers Limited,1.1419379954009798,1.9120606905093702,2.220669306623178,5.336853896623464,3.1497296873775795,130.19758699073265,131.20828942746752,94.1740412979351,Industrial machinery,658.25,INR,760,INR,658.4119999999998,418.81000000000046,638.8810023189114
SMARTWORKS,Smartworks Coworking Spaces Limited,0.319784483759374,1.9006398193451304,0.7348153660124724,13.89210221895047,19.01098901098901,40.64935064935065,1.1771300448430406,24.482758620689655,Real estate development,541.5,INR,619,INR,492.73299999999983,459.01299999999975,519.9870346929142
HAL,Hindustan Aeronautics Limited,2.641074977012464,1.896927983884498,-0.5753362953256559,4.632622279681104,15.098364541360512,25.15463917525773,8.417057378879214,743.0555555555555,Aerospace & defense,4856,INR,5149.9,INR,4689.919999999997,4383.596999999998,4846.032699230418
RAIN,Rain Industries Limited,0.9691062985448184,1.8941004203863732,10.910025706940875,-10.116666666666667,9.446981227803148,61.31010244522546,53.33001634799915,516.3428571428572,Industrial specialties,215.72,INR,252,INR,209.57819999999995,158.48315000000005,207.687647956415
CANHLIFE,Canara HSBC Life Insurance Company Limited,0.6788793816899218,1.8922947313848666,-0.17142857142857792,5.445644155321558,14.000870069605572,8.509316770186324,48.330188679245275,48.330188679245275,Life/Health insurance,157.23,INR,166.69,INR,148.99980000000005,142.44584999999998,152.92685754676398
PARACABLES,Paramount Communications Limited,2.414298238416259,1.8818040435458914,10.008396305625539,0.21416551935138528,-6.400914416345178,95.55223880597016,37.973883740522346,43.159965034965055,Electrical products,65.51,INR,75.7,INR,65.32639999999999,48.238349999999976,63.86737664647376
WEWORK,WeWork India Management Limited,0.8155425961333667,1.8710859935848478,-1.477213974444198,-9.737447557179582,5.772738085798127,44.989130434782616,2.607692307692315,2.607692307692315,Real estate development,666.95,INR,794.5,INR,708.0170000000002,597.05875,685.6770766361709
ELGIEQUIP,ELGI Equipments Limited,1.3622776005288724,1.864043785198699,7.034505750958501,7.915966386554625,3.0740829922144597,24.64330777443464,29.690971520904867,14949.13645003504,Industrial machinery,642.1,INR,645.4,INR,596.2039999999997,533.5437500000003,616.128767190997
PIIND,PI Industries Limited,2.3938372841316857,1.8637133765858054,-0.5968223243810058,-11.721519893994204,-9.043946717833288,-19.312602291325696,-34.840074015331744,3191.0547396528705,Chemicals: specialty,2465,INR,3832.9,INR,2601.5319999999924,2960.1979999999976,2497.1053993279243
LENSKART,Lenskart Solutions Limited,0.5462460616662338,1.851438768681676,6.186046511627904,20.157894736842103,36.00079428117553,30.531732418524854,70.3731343283582,70.3731343283582,Medical specialties,684.9,INR,694.8,INR,583.5350000000002,504.97875,638.9288551948206
CERA,Cera Sanitaryware Limited,3.327581199063712,1.82985836192487,1.7135325131810193,-9.14442700156986,4.091726618705036,21.842105263157894,-8.418387530659071,7272.611464968153,Home furnishings,5787.5,INR,6740,INR,6066.399999999995,5494.444500000017,5814.705427577371
JUBLPHARMA,Jubilant Pharmova Limited,1.4628872491921545,1.8283951977090012,5.056818181818182,-1.4864936863977884,-4.979700909604815,11.23142633700295,-12.535477767265848,1644.751161706798,Pharmaceuticals: major,924.5,INR,1184.8,INR,940.945,962.2732500000017,904.1964134622311
DISAQ,DISA India Limited,0.16906873614190687,1.8259023354564756,2.00782712268164,-3.8492381716118684,8.24230387288977,-5.007506704536897,-5.007506704536897,-5.007506704536897,Industrial machinery,11990,INR,12864,INR,11988.200000000006,,11893.410322415328
ACI,Archean Chemical Industries Ltd.,0.9765542151541146,1.817447495961228,5.041666666666665,-5.748200766426779,-5.05602109029281,-6.439042493969195,-27.13346340053473,12.044444444444443,Chemicals: major diversified,504.2,INR,726,INR,524.5640000000002,548.515249999999,503.2966927646241
STYRENIX,Styrenix Performance Materials Ltd,0.7748216139820964,1.8036870951669182,0.7842943816899369,-18.972081218274106,-7.880973850315598,9.256189508582437,-23.41829085457271,1359.4285714285713,Chemicals: specialty,2043.2,INR,2690,INR,2252.8,2111.6135,2106.1031915470335
EIEL,Enviro Infra Engineers Limited,1.2350704565494544,1.7939282428702807,-1.3032705649157699,-11.910659000442287,7.080645161290315,39.689998597278695,-21.335755756546472,-9.468181818181824,Environmental services,199.17,INR,276.1,INR,214.45340000000022,194.51710000000006,200.50464784554867
IOLCP,IOL Chemicals & Pharmaceuticals Ltd.,0.846612490717756,1.7919869673675006,3.125483521584405,28.999999999999993,46.80616740088106,182.0965011286682,95.74155653450805,1793.465944952006,Chemicals: specialty,199.95,INR,204.98,INR,163.3293999999999,108.5448500000001,179.24352374746096
PNBHOUSING,PNB Housing Finance Limited,1.2725120586043739,1.789611523352248,-0.7321641409841572,8.951597832180896,15.962207856787668,47.95076766907753,46.666666666666664,63.756524124156215,Finance/Rental/Leasing,1166,INR,1211.5,INR,1114.3879999999997,968.7957500000001,1150.8162780940957
CMPDI,Central Mine Planning & Design Institute Limited,1.646586009100716,1.7775181507135072,6.0060843111690545,-2.158042519053359,5.137931034482753,41.813953488372086,41.813953488372086,41.813953488372086,Miscellaneous commercial services,243.92,INR,283.69,INR,247.91899999999998,,236.3171731307611
JINDALSTEL,Jindal Steel Limited,1.0363573909481245,1.7467248908296942,-0.656604417156992,3.6476868327402134,-2.8681007170251864,-1.6047297297297298,13.326848249027238,44520.87807744547,Steel,1165,INR,1306.2,INR,1090.4240000000002,1127.4005000000002,1141.1552746898928
CARERATING,CARE Ratings Ltd,5.922383836627123,1.7443221727932543,6.376988984088129,-0.6686096348362789,7.895716945996278,6.324932713481777,11.990206816571106,84.91489361702128,Financial publishing/Services,1738.2,INR,1838,INR,1685.8380000000006,1622.723000000002,1693.95170206568
ALEMBICLTD,Alembic Limited,1.1743727853652801,1.7350013697379156,8.407122701177387,25.744920993227993,28.028039531142266,25.65982404692082,4.1214953271028,2674.2729302615985,Pharmaceuticals: major,111.41,INR,117.72,INR,91.51000000000003,92.04990000000025,97.15022070382194
FRONTSP,Frontier Springs Limited.,1.464442231750354,1.7325563080800126,-0.22399011353982318,-4.4597293099622775,-14.727044689418452,-16.271834591826813,-16.271834591826813,-16.271834591826813,Metal fabrication,1291.8,INR,1869,INR,1365.71,,1301.1871834042602
FUSION,Fusion Finance Ltd,3.293817089042632,1.7323386571872066,3.252197774277151,-2.593480345158196,18.202443280977306,12.539462752700075,16.9708134246733,-41.64931372231257,Finance/Rental/Leasing,203.19,INR,243,INR,210.24280000000056,182.8447999999986,201.0466735221036
ADANIENSOL,Adani Energy Solutions Ltd,0.21051457776618332,1.7247600490726611,-12.447204968944105,-15.27827863925953,-7.772834336561121,43.836734693877546,82.82749675745784,5259.696021281216,Electric utilities,1409.6,INR,1789,INR,1602.5660000000003,1248.8255000000001,1518.6821641019765
GRAPHITE,Graphite India Limited,0.8216175187861277,1.7052544017745832,7.267144319344941,2.601398601398605,1.888888888888892,7.416355516509258,39.30877326243828,12126.666666666666,Industrial specialties,733.6,INR,802.4,INR,673.2679999999989,652.7387500000003,710.1656157354512
BAJAJCON,Bajaj Consumer Care Limited,1.1478470999787072,1.6897534138913384,14.50221238938052,-6.410488245931292,-7.381889763779528,39.520150963741735,115.64583333333331,240.49342105263153,Household/Personal care,517.55,INR,692,INR,539.9299999999998,428.27350000000007,495.73048359159327
AWFIS,Awfis Space Solutions Limited,0.3333264126475719,1.6764132553606284,0.30769230769231204,-5.831377504964787,-16.249197174052654,-1.3802231045566185,-54.878892733564015,-40.04597701149425,Real estate development,260.8,INR,639.4,INR,279.57700000000017,352.78055000000023,265.5103240254182
EPACKPEB,Epack Prefab Technologies Limited,0.8826300242125485,1.6761988561372645,-1.2139346014105472,-11.790076335877858,11.75531914893617,41.78527607361964,25.7057383736742,25.7057383736742,Engineering & construction,231.11,INR,344,INR,244.7606000000001,226.74669999999998,232.46679998456648
NCC,NCC Limited,0.5259809652735836,1.6707416462917544,-0.7228596060746757,4.320557491289191,1.3540961408259988,4.393305439330532,-30.3396928804095,1401.5647568608567,Homebuilding,149.7,INR,222.31,INR,144.15700000000018,152.00269999999992,145.78587974939884
TVSHLTD,TVS Holdings Limited,1.88915789726011,1.6570386135603528,-0.45403796055080015,-9.890850289718367,-0.9333333333333333,-6.866295264623956,7.985466289866775,6500.685052794104,Auto parts: OEM,13374,INR,16297,INR,14126.820000000002,14202.374999999978,13688.441862984359
WONDERLA,Wonderla Holidays Ltd.,0.42730276226442665,1.6468348405521138,-2.296641961753146,2.279693486590034,12.399999999999997,8.948066523824092,-18.488549618320615,233.6875,Movies/Entertainment,533.9,INR,659,INR,489.87499999999994,507.37649999999996,512.5504835351783
KRSNAA,Krsnaa Diagnostics Limited,0.3882560535759761,1.6426172973953996,0.26857654431512984,-0.6739978715856607,3.4068876373372814,-8.19672131147541,-31.364137761980633,-44.30908458057779,Medical/Nursing services,560,INR,894.4,INR,552.531,624.3579999999997,556.6157082338068
THEJO,Thejo Engineering Ltd.,0.7758561194771495,1.6403634624581627,1.017158610200109,1.9768725109159961,33.37307812990274,29.670530811470417,12.455685486004553,2950.669856313366,Wholesale distributors,2125.3,INR,2286.6,INR,2002.7679999999998,1766.9964999999997,2075.795717559057
ABSLAMC,Aditya Birla Sun Life Amc Limited,0.5270451698271306,1.6360505166475228,1.171428571428567,5.554451510333862,2.9559992246559412,19.02521008403361,26.163895486935864,48.573426573426566,Internet software/Services,1062.3,INR,1224.9,INR,1061.4980000000003,949.5952500000001,1032.621438526067
RECLTD,REC Limited,1.1420577531184335,1.6262755102040707,-0.6855718292302864,-13.736635539315198,-5.374109263657964,-6.264705882352944,-14.327956989247314,554.2469069217531,Finance/Rental/Leasing,318.7,INR,390.5,INR,348.9770000000002,351.3032499999993,329.2789564553763
VTL,Vardhman Textiles Limited,0.09767848346676165,1.6223562388516213,1.047297297297305,-0.6312292358803911,-5.497630331753547,9.963235294117656,40.7529411764706,1820.2915299157153,Textiles,598.2,INR,688,INR,614.444,544.4750000000001,597.2280427106678
PENIND,Pennar Industries Limited,1.1043084524216127,1.6059443911792946,5.375675843639305,2.101523453965201,5.316770186335405,20.683274021352315,-33.55799373040752,214,Steel,169.56,INR,279.9,INR,164.70899999999992,170.10474999999977,162.87484140105664
VAIBHAVGBL,Vaibhav Global Ltd.,1.4772450646986197,1.5977705527171377,-1.557155715571548,-19.860780362703785,-6.120171673819739,0.33944954128440785,-0.8970641536788645,972.2549019607844,Other consumer specialties,218.74,INR,293.25,INR,240.82960000000003,230.2476999999998,225.9223739291816
PRAKASH,Prakash Industries Limited,0.9960661435161813,1.5930777939511556,-1.4666666666666703,-0.1351351351351365,-14.420980926430529,0.38353975229723514,-24.736400670980107,5354.133595292667,Steel,125.63,INR,177,INR,128.27880000000002,133.51504999999995,127.43480479398212
GNFC,Gujarat Narmada Valley Fertilizers & Chemicals Ltd.,1.5274938633988535,1.5918958031837953,3.414211438474878,13.70045731707319,18.275520317145695,38.76744186046513,14.004585403133373,3108.064516129032,Chemicals: specialty,596.7,INR,619,INR,541.5599999999998,492.91775000000024,574.3198044384875
HGS,Hinduja Global Solutions Limited,0.5354630383336119,1.5903307888040712,-1.8800688129761558,-5.837264150943396,-1.1757425742574257,13.714041583594412,-23.807251908396946,132.1558298544605,Miscellaneous commercial services,399.25,INR,546.35,INR,415.3020000000002,416.63450000000125,403.98291845927787
IKS,Inventurus Knowledge Solutions Limited,1.6444707021473879,1.5873932117293927,0.9695926563396495,-5.988247863247858,3.280516431924888,34.76529596446895,10.62291784524483,-7.373684210526311,Miscellaneous commercial services,1759.9,INR,1933,INR,1810.5120000000004,1642.2529999999977,1771.7470743156657
CRAFTSMAN,Craftsman Automation Ltd.,0.4366282132523038,1.5864527629233511,4.10083112613024,10.660194174757281,23.884571490679853,50.17127799736495,60.76163610719323,738.7049300956586,Trucks/Construction/Farm machinery,11398,INR,11539,INR,10008.779999999995,8309.505000000001,10764.36547145676
PSPPROJECT,PSP Projects Ltd,1.5009800685317667,1.5720169383374851,-3.0454042081949058,-7.32507674393988,-3.573985351616283,23.64945978391357,19.94793807370873,360.7894736842105,Engineering & construction,875.5,INR,1143,INR,978.2170000000011,844.7602499999994,907.019479892847
DRAGARWQ,Dr. Agarwal'S Eye Hospital Limited,0.7838948233360723,1.5639632890054318,3.690601395926953,4.863662734480758,7.589285714285714,15.372340425531915,15.372340425531915,15.372340425531915,Medical/Nursing services,5422.5,INR,6059.7,INR,5155.273999999998,,5295.911028220392
SUNDARMFIN,Sundaram Finance Limited,0.38177901228315536,1.544342507645256,0.2544803640363213,-3.5319263732387025,13.134582623509367,-16.517913262099313,3.3044444444444405,12724,Finance/Rental/Leasing,4648.7,INR,5642,INR,4549.14,4790.777500000002,4559.947045658688
RBLBANK,RBL Bank Ltd.,2.023901755597923,1.5314873805439844,7.707304393033542,8.298484056455829,16.455874086565487,33.87722132471729,52.502760397497255,51.112321257756335,Major banks,414.35,INR,417.05,INR,377.42100000000005,333.6192499999998,388.4938246109534
RVNL,Rail Vikas Nigam Ltd.,1.5195215599073857,1.524128045867175,-2.078341013824881,-8.685002148689291,-10.34933760864062,-23.906893464637417,-36.37071417876927,1018.3684210526316,Engineering & construction,212.49,INR,400.7,INR,225.79360000000014,279.4812999999993,218.26621351908838
CHOLAHLDNG,Cholamandalam Financial Holdings Ltd,0.5667743790483363,1.523822198562689,0.5602425520696018,-2.5111821086261954,5.148173673328742,-6.110769230769229,-13.753533069530807,165.33913043478262,Finance/Rental/Leasing,1525.7,INR,2064,INR,1577.1460000000013,1650.138000000002,1534.6274410498695
IMAGICAA,Imagicaaworld Entertainment Ltd.,0.4371051642505802,1.5215398716773703,-7.7461269365317325,13.716632443531827,24.53339329885317,34.352256186317334,-3.6702035136545477,-65.8569667077682,Movies/Entertainment,55.38,INR,62,INR,48.898799999999994,46.91475000000005,52.20189200788167
PGEL,PG Electroplast Limited,1.052534635638658,1.516519227297342,-5.65436241610739,-8.946643996437537,13.504238998788855,-7.8196721311475486,-1.88448787297157,2515.348837209302,Electronic production equipment,562.3,INR,644.4,INR,591.3689999999998,558.3172500000002,585.8327583137955
ITI,ITI Limited,1.961180574993151,1.5086608306947333,-1.2502264903062108,-4.015498414934829,-10.006605019815062,5.5996899825615145,-14.281220509594208,2311.504424778761,Major telecommunications,272.5,INR,372.85,INR,282.3,289.3708500000002,275.7397283542515
RELIANCE,Reliance Industries Limited,1.1393038275962544,1.4971209213051824,2.887384232235964,2.2428460943542152,1.3415101571483328,-5.334765485141425,-3.630266802740921,8182.092329844096,Oil refining/Marketing,1322,INR,1611.8,INR,1303.107999999998,1391.0660000000012,1306.0064642394834
ARDEE,Ardee Industries Limited,0.3904261121463889,1.4952589350838679,-7.171447631754511,-22.69444444444445,-22.69444444444445,-22.69444444444445,-22.69444444444445,-22.69444444444445,Other metals/Minerals,55.66,INR,73.19,INR,,,
E2E,E2E Networks Ltd,1.0624910999959483,1.493166863505974,-4.818037974683551,4.799651567944243,32.821814970192094,160.42252911381442,114.89300896652733,4300.512070226774,Information technology services,601.55,INR,698,INR,524.0790000000001,333.23,602.4451181892031
SOLARA,Solara Active Pharma Sciences Ltd.,0.9213223850905615,1.4765420338175683,4.2659053833605185,21.98683080446606,16.4207650273224,36.862955032119906,-5.730088495575225,161.69510790035483,Pharmaceuticals: major,639.15,INR,712,INR,561.4089999999999,531.4777499999999,599.1733518168359
METROBRAND,Metro Brands Ltd.,1.2094839130794526,1.4743624747447168,1.5242569930069856,-7.085000000000002,-9.80877499514658,-6.203311124570972,-23.210743801652896,112.62013729977117,Apparel/Footwear retail,929.15,INR,1340.4,INR,993.3920000000008,1038.343749999999,937.8096691936981
APOLLO,Apollo Micro Systems Ltd.,0.98927230362499,1.4742335290280435,0.3095176683002292,-3.005362264621527,-7.8436018957346025,79.79657882570501,28.77483443708609,736.3440860215054,Electronic production equipment,388.9,INR,466.5,INR,396.18,306.6711500000002,387.4626343264232
MPSLTD,MPS Limited,0.726682063420571,1.4614973670151945,-0.04886850612734859,-2.9244249726177403,49.208754208754215,86.60256860130535,17.921766897285785,3393.955413770182,Publishing: books/magazines,2658.9,INR,2979,INR,2488.2059999999988,1961.5349999999983,2691.062045215627
LICHSGFIN,LIC Housing Finance Ltd,1.6588704486930415,1.4530685920577535,4.860074626865663,9.220753983676628,2.9395604395604313,8.086538461538453,-0.4251926654265375,7546.938775510203,Finance/Rental/Leasing,562.05,INR,598.2,INR,531.191,533.065,527.9834753626982
INDOTECH,Indo Tech Transformers Ltd.,0.37540938523463085,1.451242141413025,-1.7408798283261826,3.0118110236220446,29.98935415188076,162.36212576994697,98.00540540540541,2613.4074074074074,Electrical products,3663.1,INR,4030,INR,3500.038000000001,2234.4780000000032,3660.2311246429276
KDDL,KDDL Limited,0.3279569892473115,1.444764350374804,-0.962268928842745,4.293333333333333,32.12391473261039,61.9595825741262,59.95910020449898,1842.7132574563257,Other consumer specialties,3911,INR,4155.5,INR,3534.6179999999963,2715.1734999999976,3842.454798743271
VIDHIING,Vidhi Specialty Food Ingredients Ltd,0.1913010374036357,1.4439906651108483,-1.3894796540479164,5.108055009823175,18.362831858407077,15.3590976944767,-9.909326424870466,461.7931967110437,Food: specialty/candy,347.75,INR,387.9,INR,315.7279999999992,314.2432500000005,336.44466012393406
WHIRLPOOL,Whirlpool Of India Limited,0.24305388362565356,1.4358528095474974,-2.2814371257484973,-0.9829500637097154,0.7407864683005123,-10.33516483516483,-41.298561151079134,518.1439393939394,Electronics/Appliances,815.95,INR,1437,INR,792.0850000000019,864.3270000000016,795.7435487236888
VINYAS,Vinyas Innovative Technologies Limited,0.3839541547277937,1.4178400702416152,0.6681730148482834,25.75403225806451,29.945833333333326,57.510101010101,27.81033564198188,372.530303030303,Electronic production equipment,1559.35,INR,1730,INR,1393.9029999999998,1177.9327499999993,1493.9249119212075
COCKERILL,John Cockerill India Limited,0.7124858258787955,1.4047029702970297,1.135592174288712,-9.404024767801857,-10.443764345830145,57.50672818146867,57.50672818146867,57.50672818146867,Steel,8193.5,INR,10871.5,INR,8815.62,,8335.990505178212
TRAVELFOOD,Travel Food Services Limited,0.6493971146609478,1.4001877346683245,-2.753188297074272,-5.192715570833029,0.7226107226107191,9.865242817187884,0.12358075229782259,15.226666666666663,Restaurants,1296.3,INR,1470.9,INR,1319.8819999999998,1243.3355000000001,1309.4954014648215
ERIS,Eris Lifesciences Ltd,0.9407157557740682,1.3962408899117795,0.8931297709923699,-4.432393347794646,-3.876363636363633,-3.172161172161169,-26.281443471470805,116.31751227495909,Pharmaceuticals: major,1321.7,INR,1745,INR,1386.2160000000015,1417.4820000000004,1330.5888982603324
RELTD,Ravindra Energy Ltd.,0.784481871288899,1.394910461828463,-1.603658536585363,-4.514792899408281,17.853197365873378,19.807133447557806,9.328978044986139,80.08391464481242,Alternative power generation,161.37,INR,196.45,INR,167.95440000000005,148.45842811210005,160.89631518215552
ADANIGREEN,Adani Green Energy Limited,0.4075355658956038,1.3947327411562929,-1.4017275344749205,-7.0500000000000025,-9.063591893780576,47.94224647567075,37.79119017365523,4237.666666666667,Alternative power generation,1301.3,INR,1631.5,INR,1406.829999999999,1173.3549999999989,1316.2312837559944
SPANDANA,Spandana Sphoorty Financial Limited,0.7176100430195873,1.3910028750211365,-1.2518015235742195,-7.194272445820425,-6.761275272161737,-1.596224866639305,-11.181481481481482,-69.43479284396118,Finance/Rental/Leasing,239.81,INR,319.4,INR,266.3422,251.92585000000005,245.17246760097598
NEWGEN,Newgen Software Technologies Limited,1.1857484722192728,1.3812421520332228,0.019058509624530026,-6.751954513148544,8.407353852509798,11.659574468085097,-42.00464139683943,313.06570590060187,Packaged software,524.8,INR,1041.95,INR,527.3650000000001,578.6197499999995,530.709559040944
MANORAMA,Manorama Industries Ltd.,2.0158870296862217,1.3782230585363442,4.998683170924418,22.905234601393428,36.487504279356386,45.85497914685008,44.66942448653748,896.6501674916254,Food: specialty/candy,1993.4,INR,2043,INR,1698.126,1454.549500000001,1846.099058453126
RSYSTEMS,R Systems International Limited,0.9706341970371526,1.377454084863845,7.5005246589716705,-9.625970359915305,0.4589135124534285,-0.9015283420390731,-46.641666666666666,798.6666666666666,Information technology services,256.12,INR,472.9,INR,246.08380000000022,303.57675000000086,247.9201001539839
PAYTM,One 97 Communications Ltd.,1.3506461416855549,1.3744654856444716,-1.513353115727003,17.19632768361582,56.70443814919736,58.183204651606154,28.04783950617284,-14.897435897435898,Finance/Rental/Leasing,1659.5,INR,1732.3,INR,1437.404,1236.0714999999996,1603.8224262213637
LAOPALA,La Opala RG Ltd.,0.397729392275121,1.3698630136986267,2.348302042257671,-9.42708333333333,-0.5717552887364208,-10.221992772328335,-31.332675222112535,3991.764705882353,Home furnishings,173.9,INR,262,INR,183.01180000000005,189.39960000000025,177.6580736079316
STYLEBAAZA,Baazar Style Retail Limited,0.31036908783473466,1.3676079523869766,-1.416256157635468,44.33826181031373,18.71570517573781,38.97569444444444,15.88013896931095,2.892030848329049,Apparel/Footwear retail,400.25,INR,447.1,INR,331.8059999999999,317.79175000000004,383.2422042851684
HSCL,Himadri Speciality Chemical Ltd.,0.29315829873134,1.367069486404827,-0.9008343793841871,-11.107431447873893,3.9179248935346425,48.36391775370328,43.34080956958239,1990.498442367601,Industrial specialties,671.05,INR,819.5,INR,715.7569999999998,561.94775,695.1239977989533
NSLNISP,NMDC Steel Limited,0.2611168205965317,1.3656387665198337,2.2893976439208736,4.47219069239502,-9.23076923076923,19.843750000000014,6.898954703832766,52.13223140495869,Steel,46.02,INR,53.75,INR,43.264999999999965,42.24265000000004,44.02578505280138
GOLDIAM,Goldiam International Limited,0.9219272742805046,1.3650374284456288,-2.73239436619718,-5.267489711934153,5.960874568469508,40.580152671755734,13.679012345679014,3053.4246575342468,Other consumer specialties,345.3,INR,398.2,INR,354.73425000000003,297.0163124999996,353.85735796506015
AARTIDRUGS,Aarti Drugs Limited,1.590388805195845,1.3619819185158986,3.2902608279492704,4.263285024154584,14.800531914893613,19.63691796008868,-12.382015629757435,3955.431496055631,Pharmaceuticals: major,431.65,INR,534.55,INR,410.45299999999986,387.9709999999994,419.38599945090766
NIITMTS,NIIT Learning Systems Ltd,0.9017004518091273,1.3592929882015168,-0.5064071513496876,-9.692633598465166,2.709337212473865,-29.39375,-33.35103244837758,-38.26775956284153,Miscellaneous commercial services,225.94,INR,443.9,INR,236.96400000000008,306.2207000000003,231.61495416494995
INA,Insolation Energy Ltd.,1.0487613934413562,1.3590924407503018,-0.5071664829107033,-22.22701025596829,-26.093366093366093,-6.969072164948458,-6.969072164948458,-6.969072164948458,Semiconductors,90.24,INR,161.81,INR,106.95300000000002,,95.58867163223266
VOEPL,Virtuoso Optoelectronics Limited,0.25685892754216366,1.3372412529767481,-2.9473684210526234,12.210953346855993,22.960657923983124,22.960657923983124,22.960657923983124,22.960657923983124,Medical specialties,553.2,INR,593.45,INR,,,527.6689105583646
SIMPLEXINF,Simplex Infrastructures Limited,0.5352167780099325,1.3298370481363595,4.238921001926783,16.014753817121292,7.383882493052797,41.09117462966827,-8.568531350346467,2.8517110266159698,Engineering & construction,270.5,INR,330,INR,254.03619999999967,236.45929999999993,258.9634118429829
TRENT,Trent Limited,0.9299800601095889,1.3283136809205887,-1.293938555217274,-8.18395391497442,0.8127208480565371,13.064728628863943,-22.54298681262443,17631.5094283013,Apparel/Footwear retail,2853,INR,3703.66668519,INR,2981.31,2782.317175666897,2910.0384909128697
HAWKINCOOK,Hawkins Cookers Limited,1.6720674011665588,1.3197541279980716,1.896969696969697,-2.1077147016011644,9.88888888888889,10.611842105263158,10.611842105263158,10.611842105263158,Miscellaneous manufacturing,8406.5,INR,9600,INR,8528.400000000001,,8270.077528131047
SYMPHONY,Symphony Limited,0.6283162960133056,1.318086592178783,-3.121609214589756,-14.65441176470588,-16.013024602026046,-23.451823517773523,-40.458602646968295,366.144578313253,Industrial machinery,580.35,INR,970.45,INR,656.1850000000006,773.2184999999985,605.437005943992
ALPEXSOLAR,Alpex Solar Ltd.,2.5790939002784103,1.315864426089428,2.690531177829094,6.688261052126448,-12.384236453201973,25.253521126760557,-27.933549432739067,170.30395136778114,Semiconductors,889.3,INR,1374.85,INR,837.0650000000006,885.2785000000002,847.9611735260505
KISSHT,Onemi Technology Solutions Limited,0.8617201454527882,1.3101867016049786,2.1129085506768024,0.19436345966958948,15.431983579025944,62.789473684210535,62.789473684210535,62.789473684210535,Finance/Rental/Leasing,309.3,INR,351.5,INR,311.454,,305.7932634295124
FILATEX,Filatex India Ltd,0.3806875977765579,1.3034410844629822,-0.8040842373962929,-1.0188487009679026,61.07772020725388,88.09293320425944,42.084095063985366,1715.8878928945767,Textiles,77.72,INR,87.27,INR,72.66679999999998,53.25055,77.86226508165737
WAAREERTL,Waaree Renewable Technologies Ltd,0.7796327722484674,1.30321971930653,-1.811842706904425,-5.920043811610071,-12.172801635991817,5.263480392156868,-16.73613803799921,-2.938019097124131,Alternative power generation,858.95,INR,1358,INR,935.812,944.1007500000003,881.2341946638973
OMNI,Omnitech Engineering Limited,0.6094316875723372,1.2999518536350505,-8.680555555555555,-14.332247557003257,3.0261482714719397,155.3398058252427,160.3960396039604,160.3960396039604,Metal fabrication,526,INR,764.85,INR,567.4929999999998,,561.5442170187655
PDSL,PDS Limited,0.6802201994876547,1.2998022040124395,-2.395861693438609,1.1568848758465076,11.404599129894342,19.899665551839465,9.298780487804878,617.2869434688653,Apparel/Footwear,358.5,INR,418.5,INR,362.7709999999999,331.77025000000015,363.07887111715485
JSWSTEEL,JSW Steel Limited,0.581734637221193,1.2996941896024465,-0.763930497303778,1.5714833269451898,1.8369072323418716,6.794551462883852,23.25581395348837,4316.666666666667,Steel,1325,INR,1351,INR,1272.8420000000003,1224.3400000000008,1305.4215028079727
VOGL,Vedanta Oil and Gas Limited,0.5632422768210983,1.2786361214704423,-9.260143198090681,0.05263157894737665,0.05263157894737665,0.05263157894737665,0.05263157894737665,0.05263157894737665,Oil & gas production,38.02,INR,47.6,INR,37.2292,,38.2223154985097
WAKEFIT,Wakefit Innovations Limited,0.7296618575993115,1.276396685378258,3.447098976109223,17.736171535114988,31.782608695652183,-15.889665889665887,-22.282051282051277,-22.282051282051277,Specialty stores,151.55,INR,224,INR,131.87240000000003,,141.43127545363583
ADANIENT,Adani Enterprises Limited,0.38967005777221403,1.275422268183385,-7.318611987381703,-3.8297872340425534,-1.804812834224599,41.311144245106064,31.134595213753066,51161.235771953725,Wholesale distributors,2938,INR,3245,INR,3056.8720000000003,2509.057999999997,2994.4618580591127
GOCOLORS,Go Fashion (India) Limited,0.22298059487624208,1.271120756471854,-2.3467862481315462,1.3182382133995039,-18.642590286425907,6.958087753765554,-55.82826233941853,-75.06488549618321,Apparel/Footwear,326.65,INR,760.9,INR,338.13899999999995,359.1807500000003,331.931984297028
GUFICBIO,Gufic Biosciences Limited,0.5535233360713787,1.263229771252977,7.933042212518193,11.224999999999996,23.927576601671305,61.811238406983094,21.957236842105253,1302.1687928088668,Pharmaceuticals: major,444.9,INR,453.95,INR,403.56499999999926,338.87850000000054,420.34628379666475
MAHLOG,Mahindra Logistics Ltd.,1.153839017248341,1.2615538346240347,3.313368166178157,-3.5913901771910965,16.815561959654183,5.463770001300897,25.475932518186045,3.5140157134556746,Air freight/Couriers,405.35,INR,450,INR,398.57099999999855,367.7045000000004,399.4591583897652
HEIDELBERG,Heidelbergcement India Limited.,1.4242137008785258,1.2516593969277388,-0.9461966604823755,2.673076923076915,5.8555283854338676,2.0191082802547693,-26.107215353386234,149.87520280421847,Construction materials,160.17,INR,220.9,INR,157.67780000000025,161.77625000000035,158.81880532678463
KPIGREEN,KPI Green Energy Limited,0.5724288025517831,1.2366034624896949,-3.761755485893417,-20.342501297353394,-25.121951219512194,-12.285714285714286,-39.075213335979356,2080.746276507679,Alternative power generation,307,INR,542.25,INR,363.94599999999986,405.08350000000036,322.96173190800494
TANLA,Tanla Platforms Ltd,0.5850726434393393,1.233488733488738,-2.0486796353726113,-15.528000648350769,-0.4774181227919412,18.7129840546697,-18.493900531748515,176.17912761470924,Information technology services,521.15,INR,766,INR,567.839,518.5817500000003,552.1133653868653
INTELLECT,Intellect Design Arena Ltd,1.5302590475182531,1.2310187232787886,1.4254062038404693,-9.651315789473687,-6.514635806671207,4.2986253512569235,-28.30966798914178,958.3342972256992,Packaged software,686.65,INR,1244.6,INR,722.998,790.4130000000006,693.5563384359732
SANGAMIND,Sangam (India) Limited,0.20585887483458964,1.2153536766634487,-0.20689655172414578,-5.993178496020803,11.083389310047021,32.58504180506241,53.060954647626595,6023.053486797562,Textiles,578.8,INR,672.5,INR,589.575,500.8329999999998,584.1464259023535
PAGEIND,Page Industries Limited,0.6701273532668881,1.2128816394813886,1.3966480446927374,-9.791252485089464,-6.791629220695853,15.734098517455763,-20.23731048121292,10933.434650455927,Apparel/Footwear,36300,INR,45890,INR,38953.00000000008,36540.475000000035,36611.35629251797
SWANDEF,Swan Defence and Heavy Industries Ltd,0.5443407806098046,1.2128514056224826,6.337552742616026,1.4164989939637753,25.32073595226255,26.016300815040736,430.68014318803955,6567.195767195767,Trucks/Construction/Farm machinery,2520.2,INR,2750,INR,2383.5959999999986,1596.31305,2431.2983085278406
DREDGECORP,Dredging Corporation of India Limited,1.2873088434773092,1.209639899506839,-2.10602106021059,-1.6279280094058062,-10.248370327584787,12.715025906735756,67.33846153846154,97.40471869328495,Marine shipping,1087.7,INR,1286,INR,1078.9100000000003,1005.4920000000005,1097.7832256456616
IIFL,IIFL Finance Limited,0.5003271405812136,1.2045383898041655,2.7617770062337255,6.641008843760228,22.627118644067792,32.86064068557437,47.98863636363635,8469.051469682932,Finance/Rental/Leasing,651.15,INR,705,INR,593.498,536.4907499999999,637.6810611876206
SUPRIYA,Supriya Lifescience Limited,1.4023896003181633,1.2044618488192687,9.627868114917408,-4.3836537922529315,-10.424325175926898,37.092107378235006,27.29104477611941,102.57719714964371,Pharmaceuticals: major,852.85,INR,1085,INR,855.5859999999997,757.3507499999992,823.3007037194554
VIPIND,V.I.P.INDUSTRIES LTD.,1.0636069198213975,1.1922023521830154,3.852513227513239,3.955643826547497,-5.1065115576370985,-12.533073388107505,-27.804597701149422,1259.5238095238094,Other consumer specialties,314.05,INR,454.3,INR,303.97799999999785,333.4109999999992,306.6780576478313
GESHIP,Great Eastern Shipping Co. Ltd.,1.0143698352969344,1.189420803782516,3.38138727451128,-5.537931034482756,-8.1970509383378,-1.8558326167956338,41.9378238341969,392.6978417266187,Marine shipping,1369.7,INR,1798,INR,1369.1119999999999,1331.0979999999993,1334.003833881217
REFEX,Refex Industries Limited,0.9312915825237928,1.1817367949865754,-2.6696520840509814,-8.248092222763429,-10.96581061919017,32.032710280373834,-23.974169245257627,4611.564853176934,Coal,282.55,INR,415,INR,311.8359999999999,275.5414999999998,290.5107756542662
ULTRACEMCO,UltraTech Cement Limited,1.1481106473395037,1.1796008869179602,-2.5373771892353694,-5.3199435637812265,2.774774774774775,-6.184210526315789,-12.246153846153845,3640.3278688524592,Construction materials,11408,INR,13110,INR,11701.680000000015,11767.920000000007,11569.796883685238
CUPID,Cupid Limited,0.6307605925927207,1.1430612609394495,1.7792954708842519,17.97916666666666,111.30597014925372,242.92115780549838,678.9546079779917,10165.260903687442,Household/Personal care,283.15,INR,299,INR,243.16360000000003,135.18281,274.1145479337314
KIRLFER,Kirloskar Ferrous Industries Ltd.,2.1186804914237194,1.1109888901111014,2.7039106145251446,-1.3310433662516077,8.74245829882883,-2.19195365379769,-2.19195365379769,663.4551368196821,Steel,459.6,INR,513,INR,457.0790000000005,463.15275039999983,450.3665139959025
RACLGEAR,RACL Geartech Ltd,1.0165207951692787,1.1098280728765688,3.0939298796441626,16.904020175048203,24.39621152328334,11.780141843971625,64.62293712137037,89.42371251727661,Auto parts: OEM,1576.1,INR,1691.9,INR,1391.5099999999993,1254.5499999999997,1484.7515110998208
CSBBANK,CSB Bank Ltd.,1.2122450751566562,1.1078627481151018,-5.859598853868191,-1.336336336336333,-9.265396299364818,-12.386666666666665,-10.195435287686212,19.472727272727276,Major banks,328.55,INR,574.4,INR,338.5470000000007,383.7460000000003,332.5346095224312
HONAUT,Honeywell Automation India Limited,0.561949261500831,1.105912377711612,-2.979591836734694,-6.637863315003928,2.456896551724138,18.869811635272544,-4.294725540195947,5485.05621600701,Electronic equipment/Instruments,35655,INR,41495,INR,37744.600000000035,33816.77500000002,36451.402641651475
MUKANDLTD,Mukand Limited,0.6994934923382702,1.1055125216214177,-1.1543268877288386,-5.986013986013988,-3.834048640915603,8.114193807800566,-2.5585272160614636,606.5586952061932,Steel,134.44,INR,154.25,INR,137.468,133.59375000000003,136.35303305610407
NIBE,Nibe Ltd.,0.6085305657511707,1.1043872919818387,-5.912994509362242,-5.064280133532224,-11.011984021304931,33.65999999999999,9.21719235169145,-19.48192771084338,Textiles,1336.6,INR,1848,INR,1477.8779999999992,1224.078000000001,1400.6030360421419
SUNDRMFAST,Sundram Fasteners Limited,0.3601355095216339,1.1008256192144148,-1.0367346938775548,16.679499518768043,44.856016250448086,43.50142045454546,19.086444007858542,6417.74193548387,Auto parts: OEM,1212.3,INR,1250.3,INR,1063.4650000000001,927.5522499999997,1180.8799091441788
BAJFINANCE,Bajaj Finance Limited,1.2441152693600708,1.09628217349857,-0.4879421976165943,-7.942708333333333,21.33867276887872,10.46875,15.901639344262295,74583.09964342394,Finance/Rental/Leasing,1060.5,INR,1176.4,INR,1063.7520000000006,977.4712500000013,1073.3182092077927
SGMART,SG Mart Ltd,0.3118148612531938,1.0908868051725167,1.9468479604449938,14.532703791140117,41.70962199312715,78.65265894075598,125.95890410958904,125.95890410958904,Electric utilities,824.75,INR,860.6,INR,713.288,521.6685,790.7321279583539
INDOSTAR,IndoStar Capital Finance Limited,0.524902927331485,1.0864467719243511,2.095914742451167,7.77500000000001,10.571538494421416,20.869158878504685,-1.5753424657534194,-56.89,Finance/Rental/Leasing,258.66,INR,292,INR,255.96080000000012,231.7012000000002,254.23414658174474
ZFCVINDIA,ZF Commercial Vehicle Control Systems India Limited,0.23894773347635337,1.0733523447401738,-1.5470679012345645,-1.6229760986892794,4.97325993262036,6.248002871223413,10.074764153644907,7958.63141777474,Auto parts: OEM,2551.9,INR,3044,INR,2491.1000000000013,2439.950035815901,2565.361709927531
SUNTV,Sun TV Network Limited,2.238914118536843,1.073191672032625,1.2688172043010704,-6.890756302521013,-8.740310077519384,-21.306818181818183,-17.095070422535215,88.35999999999999,Broadcasting,470.9,INR,660.7,INR,490.0650000000003,545.4652500000002,474.30806337938617
BANCOINDIA,Banco Products (India) Limited,0.9134719285882077,1.0698654563138308,-0.12814352074322516,-7.217261904761905,-5.658949916780145,6.910150891632365,-2.578125,4200,Industrial machinery,623.5,INR,879.8,INR,644.1130000000003,639.1130000000003,626.6561129722866
GOCLCORP,GOCL Corporation Limited,0.47807977477931496,1.0639555503014542,7.224382290229527,3.838212073363297,1.195549242424245,71.97746932206798,16.821535938781093,204.99467035281273,Industrial specialties,427.45,INR,459.9,INR,404.0900000000001,327.77799999999996,404.23606916070213
DYNAMATECH,Dynamatic Technologies Limited,0.7120110507291331,1.057925771765522,1.3655736279029311,8.409302325581395,11.064519203278376,9.0177736202058,73.91434114311296,836.8167202572347,Industrial machinery,11654,INR,12875,INR,10875.5,10126.905000000008,11407.759844510892
INDIACEM,India Cements Ltd.,0.33905517495830345,1.031215161649941,-1.8546094490320895,-7.478305257784586,-4.479578392621871,-7.051282051282051,-11.7897554447013,1003.5008282192284,Construction materials,362.5,INR,485.8,INR,382.9049999999998,402.93149999999986,371.15434361004054
AADHARHFC,Aadhar Housing Finance Ltd,0.5743465798911109,1.0237125248093668,4.3933506044905055,-2.115384615384613,3.9668888411094363,7.4555555555555575,-6.650579150579149,53.507936507936506,Finance/Rental/Leasing,483.55,INR,563,INR,501.95299999999946,484.36825000000033,481.21073814524266
ELCIDIN,Elcid Investments Ltd.,1.6901408450704227,1.023474178403756,-2.1019108280254777,-4.194122885129119,-8.199658703071673,-19.708955223880597,-19.708955223880597,-19.708955223880597,Financial conglomerates,107590,INR,137000,INR,110972.90000000005,,108863.6193781225
UDS,Updater Services Limited,0.9130235319011087,1.0227801022780048,7.671171171171171,16.31064181791641,28.510752688172044,55.214285714285715,-6.992217898832685,-16.12982456140351,Miscellaneous commercial services,239.03,INR,264.67,INR,206.1537999999998,177.0561499999998,221.13978768738298
GMBREW,G.M. Breweries Ltd.,1.7936543924460864,1.021360716050746,3.3423210875182563,2.114786856127894,2.4331848552338555,-3.6806282722513064,30.530722293174392,42675.76264880953,Beverages: alcoholic,919.85,INR,1328.8,INR,911.8499999999992,974.9547499999987,894.571672126591
ENDURANCE,Endurance Technologies Ltd.,0.4278558538015229,1.0200747812829116,-5.5333016498065035,-2.699300699300693,7.56861229223039,10.648111332007959,-7.239999999999994,386.50349650349654,Metal fabrication,2782.8,INR,3079.9,INR,2812.3539999999985,2594.300499999999,2878.8042529095005
SUNCLAY,Sundaram-Clayton Limited,0.4371848884591477,1.0144815302408532,3.4089107341049627,3.977680350737353,-1.532422435268359,-3.3276513747869165,-24.991374353076477,-9.404083900541732,Auto parts: OEM,1304.4,INR,1942,INR,1308.225999999998,1310.2189999999978,1282.3662759268207
MOLDTKPAC,Mold Tek Packaging Ltd,0.29395368471253785,1.0077186963979352,0.9499999999999967,1.391778463304388,-0.47183098591549616,25.192665426521376,-16.530829199149544,474.39544401768717,Miscellaneous manufacturing,706.65,INR,859.65,INR,691.6810000000002,618.1492499999997,696.6150773327154
SIGMAADV,Sigma Advanced Systems Limited,0.3023701842716992,1.0068892421833628,-4.37727329737865,11.185649701035427,65.02164502164501,374.45391748086377,433.2587256067706,456.733368421264,Information technology services,762.4,INR,801,INR,633.2190000000003,339.0939999999999,716.4669722964946
FRACTAL,Fractal Analytics Limited,0.6988543572728191,0.9848299486175762,-2.0586141433317406,2.923940149625941,-20.0919651500484,5.826923076923083,-5.770547945205474,-5.770547945205474,Packaged software,825.45,INR,1118,INR,836.6539999999998,,830.4287867991748
RPTECH,Rashi Peripherals Limited,0.19686027533976433,0.9808128486483172,4.79007633587786,-14.885811718507808,52.30214497041421,137.29472774416593,185.79111727966693,142.60677466863035,Electronics distributors,823.65,INR,967.7,INR,809.6190000000005,516.98475,823.795087209991
TRITURBINE,Triveni Turbine Limited,0.5445236388138203,0.9795347210075054,-1.8364223771467554,-7.602432778489117,-16.76158892653738,22.102368866328245,9.461509290860823,1343.2499999999998,Industrial machinery,577.3,INR,787.6,INR,610.6419999999997,560.3594999999998,584.9394750374045
EDELWEISS,Edelweiss Financial Services Limited,1.6025680864778216,0.979519145146944,8.85529157667387,14.835443037974695,22.044843049327365,24.84403669724772,17.828383409819047,59.29975094147692,Investment banks/Brokers,136.08,INR,138.24,INR,121.80619999999999,114.59134999999993,126.34883102785962
RANEHOLDIN,Rane Holdings Limited,9.527624847972815,0.9661835748792242,4.190067520666363,-11.516613076098611,13.868965517241374,36.918484119744576,8.624999999999995,693.7980769230769,Auto parts: OEM,1651.1,INR,1894.5,INR,1706.6100000000044,1398.646999999999,1635.5969937835223
DBCORP,DB Corp. Ltd.,0.6454169700100983,0.9650118691299435,-5.024271844660192,-6.610978520286394,-3.857493857493855,-9.190067300997903,-28.030163693213172,-22.972440944881885,Publishing: newspapers,195.65,INR,287.9,INR,205.60220000000012,222.4096500000001,202.8591439211805
AUROPHARMA,Aurobindo Pharma Ltd,0.6410489676935595,0.9650033591889058,0.9835064141722608,4.145404145404143,11.40238560549901,34.957955751489905,56.69194312796208,35642.703320954875,Pharmaceuticals: other,1653.1,INR,1717,INR,1598.2219999999988,1371.7149999999992,1636.467150252735
ORKLAINDIA,Orkla India Ltd.,0.5009897298880673,0.9600679694137599,-2.757774140752868,1.2180579216354306,-5.988924050632915,1.3389049974415868,-20.790561258498872,-20.790561258498872,Food: specialty/candy,594.15,INR,760,INR,577.6889999999997,601.5035,577.8159397853263
VEEDOL,Veedol Corp. Ltd,0.610282917571853,0.957068635493574,-1.533537805040672,2.4488380159555985,-0.8592910848549916,9.498035144954393,-10.192167355874492,1313.239551185435,Oil refining/Marketing,1476.8,INR,2035,INR,1457.1279999999979,1470.237500000001,1481.352784746337
EMUDHRA,eMudhra Limited,0.6945699750646733,0.9521977493507611,-6.160035762181502,1.5971348368986547,12.1247729943382,28.722099583026726,-28.59863945578232,94.37037037037035,Packaged software,524.8,INR,714,INR,491.93300000000136,502.05649999999935,529.5563975284834
RITES,RITES Ltd.,0.9826733896880716,0.9448966226962346,-0.6399926331783169,-1.0091743119266003,6.836972127333037,7.363184079601996,-18.566037735849054,183.94736842105266,Miscellaneous commercial services,215.8,INR,280.9,INR,220.0592000000001,218.44925000000023,218.0067975549701
ORIENTCEM,Orient Cement Ltd.,0.6493911768858738,0.9339975093399884,-1.7873371705543664,-5.8037335657732125,-4.302265515460102,-11.662125340599458,-43.93428447903156,127.50877192982458,Construction materials,129.68,INR,237.29,INR,134.70479999999995,147.2604,131.3286843170965
GRSE,Garden Reach Shipbuilders & Engineers Ltd.,0.7920231833827768,0.932345206789371,-4.11809235427707,-1.0120745574616112,-5.512868332711681,4.131212233321001,0.8038201352964511,2371.414634146341,Trucks/Construction/Farm machinery,2533.2,INR,3339,INR,2614.9400000000014,2568.2515000000008,2579.2981726695907
IIFLCAPS,IIFL Capital Services Ltd,1.1555563181425994,0.9318148202928493,2.033492822966511,2.00298953662182,0.8721359940872102,7.736027786548784,10.779220779220775,1450.909090909091,Investment banks/Brokers,341.2,INR,411.3,INR,336.965,326.69000000000017,336.67435117890085
SUNDROP,Sundrop Brands Limited Shs Dematerialised,0.3947734222963581,0.9293113954905581,0.6150808717442409,-0.6448710257948342,3.177075221928045,4.892336922102593,-24.11225658648339,1598.7179487179487,Agricultural commodities/Milling,662.5,INR,883.45,INR,655.7209999999977,663.1354999999999,657.5939902504357
ACC,ACC Limited,0.8401185901682788,0.9276729559748392,-2.2983257229832605,-7.885484681064798,-5.9487179487179525,-15.204755614266846,-31.709133464545992,1340.2741764888565,Construction materials,1283.8,INR,1987,INR,1342.0320000000036,1501.9569999999999,1305.3885590952366
KPRMILL,K.P.R. Mill Limited,0.7050455929624528,0.9273438829334578,5.038073313263667,11.915094339622637,7.649727767695096,41.89342742658932,17.74689826302729,6678.857142857143,Apparel/Footwear,1186.3,INR,1334,INR,1115.7019999999998,987.1634999999999,1137.5326148462784
SAMHI,Samhi Hotels Limited,0.538031029167504,0.917491316600043,-2.3649505452700925,-9.762672135950773,-8.448275862068954,-0.006493506493500588,-30.469138032239126,14.490706319702609,Hotels/Resorts/Cruise lines,153.99,INR,220.82,INR,168.13080000000016,167.37309999999997,159.3745337867345
IRFC,Indian Railway Finance Corp. Ltd.,1.0622191068157232,0.9074410163339381,-1.4766686355581806,-7.137289834094195,-13.575129533678751,-16.02054173799214,-32.790716415504875,234.93975903614464,Finance/Rental/Leasing,83.4,INR,137.17,INR,87.67499999999993,102.63770000000002,85.2016926474495
JWL,Jupiter Wagons Limited,1.7694183561404337,0.8917831515201815,-1.4823815309842028,-7.881083128195417,-13.927813163481957,-4.536891679748823,-26.734939759036145,104.40336134453781,Trucks/Construction/Farm machinery,243.24,INR,358.25,INR,253.58320000000006,278.5496999999995,247.46862007570573
DEVYANI,Devyani International Ltd.,0.687824765892633,0.8909815284317202,-4.928327645051194,16.308977035490607,22.17543859649123,18.40516874946868,-21.10569842528605,-1.1497445812451805,Restaurants,139.28,INR,191,INR,125.84999999999998,123.14350000000034,138.64488050286772
CRISIL,CRISIL Limited,2.9852942364066575,0.8887114734121937,2.0182706607180796,10.23115947019259,22.343949044585987,11.674418604651162,-5.695208169677926,11040.239209841995,Internet software/Services,4802,INR,5115,INR,4385.342000000008,4323.066,4614.635716731554
ALKYLAMINE,Alkyl Amines Chemicals Limited,0.7291372526521973,0.883586261980833,-1.6210690293057994,4.186214363045834,11.713653952459927,44.28816221619307,-4.674528301886788,29619.117647058825,Chemicals: specialty,2020.9,INR,2116.8,INR,1897.1679999999988,1658.517500000001,1983.070966269851
ANONDITA,Anondita Medicare Limited,0.6518952572788866,0.8773524865896776,8.143274853801167,9.42307692307692,-7.135085369936391,56.26364340539399,231.45631067961165,665.2068965517242,Miscellaneous manufacturing,1109.55,INR,1316,INR,1103.573,900.3167500000001,1074.190644353231
PCBL,PCBL Chemical Limited,0.8469051736291549,0.8750994431185362,-1.8575851393188854,-2.7607361963190185,8.154213578983274,11.757447558610973,-18.214654282765743,3742.4242424242425,Industrial specialties,317,INR,425.95,INR,320.77199999999993,298.71025000000014,319.4743681008069
JKCEMENT,J.K. Cement Ltd.,0.48327567803911986,0.8731024903264212,-2.866150759529951,-8.231789872732197,2.2837022132796783,-7.606324972737187,-26.149487905861843,3077.1875,Construction materials,5083.5,INR,7000,INR,5388.379999999997,5467.3075,5217.310263319514
ELANTAS,ELANTAS Beck India Limited,0.5040002949526232,0.866765725606736,4.525235243798118,8.142313479068944,22.214442888577715,32.55586895205034,32.55586895205034,32.55586895205034,Industrial specialties,12219,INR,13200,INR,10609.67,,11526.70096396343
AMBER,Amber Enterprises India Ltd.,0.5307920168814485,0.8636977058029689,-3.567511773433972,0.2952227589908749,-2.555410691003911,-4.662287135659162,-3.957851452068877,536.0851063829788,Industrial machinery,7474,INR,8974,INR,7464.949999999994,7232.240000000002,7438.756935202064
JIOFIN,Jio Financial Services Limited,1.1712099224201633,0.8633396504527318,0.37720033528918934,-10.181886367897986,1.789281312422971,-1.1147811725846362,-24.028548770816812,-8.587786259541986,Financial conglomerates,239.5,INR,321.6,INR,243.5858000000001,256.2118,242.5060363209389
TATACAP,Tata Capital Ltd.,1.3841147546469474,0.8605620545919023,-0.27918106886466665,3.6049723756906107,19.82428115015975,16.34868931285869,15.046012269938654,15.046012269938654,Finance/Rental/Leasing,375.05,INR,390.2,INR,361.4190000000001,338.19975,367.5864904787973
BASF,BASF India Limited,2.060638601546889,0.8480325644504748,0.5175552665799763,-2.154430379746833,11.284192340915636,11.650681765657504,-17.768085106382976,2442.6973684210525,Chemicals: specialty,3864.9,INR,4829.9,INR,3791.9020000000005,3712.565499999995,3865.1781022170217
CHENNPETRO,Chennai Petroleum Corporation Limited,0.7843021867251841,0.8472222222222254,6.85012140387022,7.825957825957833,21.82885906040269,43.07389162561577,105.11299435028249,4445.226803249407,Oil refining/Marketing,1452.2,INR,1489.7,INR,1274.0040000000006,1048.2307499999997,1373.7082151879865
ARKADE,Arkade Developers Limited,0.9583475171733571,0.8456148828219354,-1.5566037735849088,-10.030176749532984,9.505902929602103,13.167645729778574,-31.956746182687606,-28.445714285714285,Homebuilding,125.22,INR,185.3,INR,132.2226,125.97270000000007,127.80153601821429
REPCOHOME,Repco Home Finance Ltd.,0.44011395333521697,0.8432888264230498,-2.5797691785471826,-6.709140553894164,-1.9808743169398908,-0.3472222222222222,-0.8977900552486188,124.28884026258207,Finance/Rental/Leasing,358.75,INR,455.9,INR,386.2330000000001,392.04074999999995,364.6481683137201
GLAND,Gland Pharma Ltd.,10.158659980213557,0.8425324117060422,2.0497650948320896,13.329468599033818,31.3328556073092,70.9953933173946,55.15343915343916,71.48538011695908,Pharmaceuticals: major,2932.4,INR,3039.8,INR,2639.9379999999987,2043.6699999999983,2827.738386998023
SHILPAMED,Shilpa Medicare Limited,0.3852446607494288,0.8366888040579408,7.0088790233074345,48.33076923076923,81.86362350278223,196.25134429251807,127.39386792452831,2793.8826084824577,Pharmaceuticals: major,964.15,INR,973.9,INR,719.3940000000002,464.7162499999998,856.111149667339
COCHINSHIP,Cochin Shipyard Limited,0.8105982872582017,0.834062016546705,-2.8451069345431037,4.386881136411113,1.6890516890516798,2.818930041152257,-13.869577707555305,581.1768869970894,Trucks/Construction/Farm machinery,1499.1,INR,1979.9,INR,1459.4620000000027,1514.4354999999996,1491.1194043743114
FIRSTCRY,Brainbees Solutions Limited,0.5560161463157586,0.8339396653047569,-4.439611732880711,-16.39907192575406,-19.395105364413222,-16.78137558316782,-50.573388203017835,-72.32565284178187,Apparel/Footwear retail,180.16,INR,438.7,INR,206.49460000000056,241.11134999999996,191.76569212944108
CAMLINFINE,Camlin Fine Sciences Limited,0.9836492423419891,0.8310520140789932,-0.9317963496637838,-21.027643770579683,-14.909240924092414,-26.071684587813625,-52.02140032565713,26.502410903075997,Chemicals: specialty,103.13,INR,235,INR,119.88520000000011,133.36369999999997,108.41610628837066
MAYURUNIQ,Mayur Uniquoters Limited,0.33273374195767524,0.8301317233809095,-2.5268603263032174,-5.302835051546389,-3.181818181818179,41.849242351124424,38.12969924812031,653.8856310306651,Textiles,734.85,INR,907,INR,788.518,625.8560000000001,752.3046873555328
HITECH,Hi-Tech Pipes Ltd.,1.089040690334733,0.8250166333998541,-3.0081925243215673,-12.404624277456653,-15.783038790708016,-7.337654396477927,-17.191256830601098,78.49234393404002,Steel,75.77,INR,127.5,INR,83.62080000000007,86.58584999999981,79.62994925297225
PACEDIGITK,Pace Digitek Limited,0.9086075483921181,0.8181435360644973,-6.112044817927169,-16.372255489021956,-11.91064388961892,3.725939221390116,-23.474885844748858,-23.474885844748858,Electric utilities,167.59,INR,231.95,INR,192.4900000000002,185.10264999999998,177.0431833928022
SKFINDIA,SKF India Limited,2.301931116359546,0.81786317019344,-0.8173690932311592,3.962516733601074,-4.477244772447722,-6.445006625707746,-29.290218178318725,2656.3914803509947,Metal fabrication,1553.2,INR,2426.092508,INR,1552.9160000000013,1680.0930000000017,1558.7637246095342
GODREJIND,Godrej Industries Limited,0.42768278094434564,0.7970198388633843,-0.00859401856307228,-11.856060606060606,10.725161781499814,24.465126230209677,-3.84297520661157,43530.377228841506,Agricultural commodities/Milling,1163.5,INR,1443,INR,1258.358,1066.4357499999994,1194.2803883697234
KOTAKBANK,Kotak Mahindra Bank Limited,0.6051555812840953,0.7954410542562087,-0.023551577955728386,6.926952141057934,11.271297509829619,5.152340847163738,8.23559408465069,28218.88114202009,Major banks,424.5,INR,453.2,INR,394.61300000000034,400.8658500000004,409.7333563139658
MOBIKWIK,One Mobikwik Systems Limited,0.6923582280406262,0.7921934840774308,-0.4250025914792128,-7.1884057971014474,-1.6232269957499041,6.6148723640399645,-34.182939362795466,-56.336363636363636,Miscellaneous commercial services,192.12,INR,334,INR,203.33359999999976,207.51989999999995,195.3205999587562
OPTIEMUS,Optiemus Infracom Limited,0.16016047148298912,0.7878197751615351,-1.2403504206783051,-9.462468193384225,23.760869565217384,55.73792914785937,-8.177419354838717,737.8219648780852,Electronics distributors,569.3,INR,713,INR,569.813,469.81574999999975,572.2282037900837
MASFIN,MAS Financial Services Ltd.,0.17199871999115063,0.7857874957294197,-0.1692047377326565,-4.838709677419355,-4.189671971419285,-2.6563273387229867,-6.349206349206349,34.09104318195228,Finance/Rental/Leasing,295,INR,358.85,INR,309.7070000000005,314.09425000000016,300.48746413942234
SPAL,S.P. Apparels Ltd.,0.3886119579869184,0.7809559653744783,9.29591836734693,2.8914505283381278,29.28963727442813,54.32605720048987,46.08565193671574,289.49090909090904,Apparel/Footwear,1071.1,INR,1221.9,INR,1030.6660000000002,822.0439999999998,1007.2517338407366
NAZARA,Nazara Technologies Ltd.,0.4685698650496652,0.7791142700929377,4.138418079096039,5.403859899928514,35.632818248712276,49.55375253549695,30.035273368606695,48.20100502512562,Packaged software,368.65,INR,379.4,INR,331.38500000000005,280.9440000000001,356.88522437916333
HDFCBANK,HDFC Bank Limited,0.44385839112408215,0.771244604825592,0.17584581838643876,-2.9572090487871265,-5.550765965912861,-17.96555497955186,-25.838367006873572,30169.925611052073,Major banks,712.1,INR,1020.5,INR,755.9170000000016,841.8987499999982,722.3048068849976
VIDYAWIRES,Vidya Wires Limited,0.767635405493822,0.7602012297372751,4.256795835743196,-2.562162162162167,-8.058757523207188,73.32692307692307,73.32692307692307,73.32692307692307,Other metals/Minerals,90.13,INR,117.35,INR,92.3054,,89.56525398524023
TORNTPOWER,Torrent Power Limited,0.6309738023104758,0.7601023811370476,4.9862615160820924,-3.5345659760897106,-10.714776632302412,-13.103678929765891,-1.1489879774768024,2786.8888888888887,Electric utilities,1299.1,INR,1824.1,INR,1351.8559999999975,1409.3659999999968,1278.0152577951756
KINGFA,Kingfa Science & Technology (India) Limited,0.9435959473763773,0.7557744565217391,-0.29411764705882354,14.405553948510269,8.863198458574182,42.81415503129514,34.523809523809526,449.2996539156767,Chemicals: specialty,5932.5,INR,6200,INR,5433.919999999999,4724.380000000001,5828.0462494786325
INDIQUBE,Indiqube Spaces Limited,0.2075241718140787,0.7509451551090106,1.08599636269161,12.52892179546506,19.7242907255831,14.772861356932149,-15.421068649189166,-9.935185185185189,Real estate development,194.54,INR,243.8,INR,179.31260000000003,178.07524999999998,188.59362297182054
GOODLUCK,Goodluck India Ltd.,0.803198721697026,0.7456327226246272,8.86279926335175,-5.740481416817257,5.936380986729961,28.972728562454545,18.819096665577888,1822.3576649687702,Steel,472.9,INR,557.36666109,INR,487.3183294768002,415.12932943645006,465.8911323777358
MFSL,Max Financial Services Limited,1.2119109571819602,0.7417046193884249,-1.495006043641453,1.721193010116939,-2.0062021391051084,-11.093247588424427,-6.885561368693247,727.0484099358704,Life/Health insurance,1548.4,INR,1892.5,INR,1554.8800000000024,1639.4570000000003,1550.810395661681
MIDWESTLTD,Midwest Limited,0.3345404708312117,0.7398273736128195,-4.693108399138566,-12.713675213675216,-14.346774193548393,-8.202247191011244,-8.832618025751081,-8.832618025751081,Construction materials,1062.1,INR,1859.9,INR,1207.2120000000014,1315.994,1119.5979009850296
BAYERCROP,Bayer Cropscience India Limited,0.5353362666337965,0.7347000605938171,-2.1363747853814057,-6.778037383177568,-9.83073063798051,-11.335555555555555,-23.711281070745695,641.6171003717473,Chemicals: agricultural,3989.9,INR,5489,INR,4142.686000000008,4428.622999999994,4059.7770265471354
BIRLACORPN,Birla Corporation Limited,1.3104731883258876,0.7322056987172262,0.4926387315968316,-1.6732228932350848,-8.793298386267855,0.8352272727272753,-32.87821482602118,444.3865030674847,Construction materials,887.35,INR,1346.1,INR,928.82,985.5242499999995,891.3537826961541
HARSHA,Harsha Engineers International Ltd.,0.761217888712553,0.7316262055204548,2.8173794976239073,9.574339804654539,14.590163934426235,26.612790859690676,11.088019559902206,0.9666666666666717,Metal fabrication,454.35,INR,469,INR,423.3610000000006,392.7735000000006,437.4167351227599
BUILDPRO,Shankara Buildpro Limited,6.482918567063721,0.72936064556177,4.52495974235105,-2.960083719539536,10.871978819711329,36.27965567919379,50.953488372093034,50.953488372093034,Wholesale distributors,1298.2,INR,1380,INR,1221.4540000000004,,1262.9971937648684
SHAREINDIA,Share India Securities Ltd,1.5821731787817601,0.7266497311986706,0.29411764705882354,-4.213483146067416,23.73902315117208,36.72814755412991,10.87988554334395,681.404390383584,Investment banks/Brokers,170.5,INR,211,INR,170.9402,152.23595000000017,171.60888309090356
HOMEFIRST,Home First Finance Company India Ltd.,0.9631592324596424,0.7241551523222755,0.8416666666666591,2.969707283866564,15.105107961571385,16.03221785406077,-4.104921150645866,95.55591783380602,Finance/Rental/Leasing,1210.1,INR,1317.7,INR,1197.0900000000004,1129.5319999999986,1190.7949478433916
ABCAPITAL,Aditya Birla Capital Ltd.,0.7235291484836072,0.7213930348258649,-1.2077589361961805,-3.824228028503568,14.41085052274654,23.841565988683282,43.811045995382685,61.959999999999994,Multi-line insurance,404.9,INR,430.7,INR,403.5399999999994,360.36325000000016,404.8468104905159
POONAWALLA,Poonawalla Fincorp Limited,0.8234830880081753,0.7202752096323298,-2.932034811438051,-1.1708860759493696,18.295454545454543,8.689095127610207,5.494876703073973,9269,Finance/Rental/Leasing,468.45,INR,570.4,INR,473.0889999999997,442.74225000000007,474.65658481955893
ROSSARI,Rossari Biotech Ltd,0.8902774985348659,0.7111597374179431,-7.857857857857858,-10.73506594259116,-13.160377358490566,-4.174474286904021,-27.525391701440828,-31.228987672768024,Chemicals: specialty,460.25,INR,690.3,INR,507.85600000000034,519.0060000000001,490.3587121623581
NTPCGREEN,NTPC Green Energy Limited,0.694597555421274,0.7100191592471492,-1.8453427065026435,-1.9637959407570007,-11.515991682344783,2.712643678160919,-15.69811320754717,-19.856502242152466,Alternative power generation,89.36,INR,119.95,INR,92.3111999999999,95.53645000000002,90.6756709294919
CUB,City Union Bank Limited,1.0592763101264768,0.7040450588837588,3.0386378519973714,17.132363889026742,27.400809716599184,17.242921013412808,58.76892028254287,31078.76581390014,Regional banks,236.01,INR,245.38,INR,220.01820000000026,205.8089499999999,224.4141105764564
GLAXO,GlaxoSmithKline Pharmaceuticals Limited,0.39168863566419104,0.7012765957446778,-3.6135549038774877,11.710725075528698,36.46890570215907,19.374495560936236,6.044093923642227,861.749135601101,Pharmaceuticals: major,2958.1,INR,3120.7,INR,2657.6939999999977,2481.6580000000035,2892.0869708533032
INSECTICID,Insecticides (India) Limited,0.3913365574014517,0.7001546853374694,8.862876254180605,-6.281254735565984,-13.503496503496498,0.8972999428990944,-25.48795180722891,3610.7074243834154,Chemicals: agricultural,618.45,INR,819.95,INR,631.697999999999,660.220500000001,611.1064504842481
THANGAMAYL,Thangamayil Jewellery Ltd.,0.6076670593552488,0.6987724268177526,-3.0897855325336243,11.083333333333334,-2.5210698550247654,46.28257887517147,139.1031390134529,14439.82614632799,Other consumer specialties,5332,INR,7430,INR,5866.4659999999985,4324.665,5439.742606131166
SAKAR,Sakar Healthcare Ltd,0.3891844740245838,0.6902030885346772,13.88296079973043,10.254458460200082,23.07598931779559,91.04955718861878,193.8840579710145,1589.8333333333333,Pharmaceuticals: major,1013.9,INR,1024,INR,882.5820000000001,624.5207499999996,923.6555028049567
HATSUN,Hatsun Agro Product Limited,0.4582886010240043,0.6891798759476223,1.5464813205907866,31.046081399260004,27.53559932347645,27.912448700410394,25.025405145210453,734.6452098050867,Food: meat/fish/dairy,1168.8,INR,1222,INR,963.7999999999988,951.5404999999997,1073.7511300255303
TVSSCS,TVS Supply Chain Solutions Ltd.,0.16184677089122718,0.6793792943719567,-0.5187275917308771,-4.810218978102192,2.6850393700787376,18.28571428571428,-3.8487060384870597,-37.015213716493605,Air freight/Couriers,130.41,INR,146.5,INR,132.61980000000005,117.08320000000015,128.82573733204615
MARATHON,Marathon Nextgen Realty Limited,0.45977238686067023,0.678238878031955,1.8016970824131118,11.566878980891715,4.510739856801904,2.384849193359829,-29.34247680516338,219.75174588359786,Real estate development,437.9,INR,685.4,INR,396.31300000000005,457.28625000000005,407.1412541938116
NSIL,Nalwa Sons Investments Limited,2.046377632946066,0.67745908850959,-0.0611353711790393,2.1514015354401,3.0529538904899134,0.4124254124254124,-20.05728657258628,1859.4178082191781,Financial conglomerates,5721.5,INR,8730,INR,5549.529999999996,5843.535000000004,5652.848212147142
CHALET,Chalet Hotels Ltd.,0.24482360643383128,0.673589671625035,-1.020971302428256,8.28352351627121,15.859173126614987,16.385463984425698,-14.186602870813397,205.01700680272108,Hotels/Resorts/Cruise lines,896.75,INR,1070.1,INR,847.4429999999988,824.8060000000002,875.8639664539868
PTC,PTC India Limited,0.4206801037932475,0.6698872785829256,-1.0822784810126633,-17.7421052631579,-15.01359434475259,-2.2576610381488513,-13.43672112988093,388.40625,Electric utilities,156.29,INR,229.51,INR,169.1046000000002,172.93975000000017,160.47239261845678
PGINVIT,Powergrid Infrastructure Invesment Trust,0.9139932245586909,0.6666666666666684,0.8774553793997362,3.3506997650423958,8.855175381966866,11.175824175824179,10.725621101017836,-2.7211538461538445,Electric utilities,101.17,INR,102,INR,98.61780000000005,93.96745000000003,99.97695185563188
BALUFORGE,Balu Forge Industries Ltd,0.34163426653549755,0.6574910142894713,-9.59055118110236,28.808615660758367,19.60416666666667,25.623632385120356,-14.821958456973292,87.61437908496733,Trucks/Construction/Farm machinery,574.1,INR,697,INR,492.84899999999936,499.6509999999996,563.3804443333399
RAJRATAN,Rajratan Global Wire Limited,1.2997105220361034,0.6564330438295294,1.0954457855766375,-8.52606461086636,14.82718894009217,24.075687787875026,56.76313306071093,1168.7118772256558,Metal fabrication,498.35,INR,563.95,INR,493.78399999999704,448.5140000000003,499.6786280297233
SAATVIKGL,Saatvik Green Energy Ltd.,0.24390038852558443,0.6521996916874185,-0.9337068160597572,0.09433962264150407,-8.227916531516923,23.014492753623184,-8.73118279569893,-8.73118279569893,Industrial machinery,424.4,INR,567,INR,434.43399999999997,420.54900000000004,422.4864741063515
GOODYEAR,Goodyear India Limited,0.5059342974034917,0.6515542283154546,-4.242267708400597,-12.144549763033176,1.2355792204245961,-43.14304336157651,-43.14304336157651,-15.71948074243556,Automotive aftermarket,741.5,INR,876,INR,788.761,1047.5512500000011,761.3488120583999
MOIL,Moil Limited,0.4574539104126817,0.6462422211584509,-3.3148112665261458,-10.84805653710247,-15.136226034308779,-12.999999999999996,-30.380794701986748,-10.69026548672566,Other metals/Minerals,252.3,INR,404.9,INR,270.0276000000005,304.14889999999997,259.8420159029971
GICRE,General Insurance Corporation of India,4.0210048359865045,0.6457953109644845,1.2570621468926522,-1.5247252747252777,-7.651681051140021,-2.700868621064058,-4.667553191489365,-15.658823529411768,Specialty insurance,358.45,INR,417.95,INR,358.37799999999964,374.5522499999999,355.7766357985462
BLACKBUCK,Blackbuck Ltd,0.4232596308325339,0.6353021978022056,-0.6525976777693063,7.344322344322348,12.505998656300983,0.7217735006014857,-1.7682058158049032,108.65076539693844,Packaged software,586.1,INR,748,INR,571.1000000000003,589.3675000000002,586.3320418484496
M&M,Mahindra & Mahindra Ltd.,0.8063312296904627,0.6349206349206349,-4.83338336835785,-8.645533141210375,4.279746044277769,-4.374057315233785,-10.12191664303941,1521.6907118124896,Motor vehicles,3170,INR,3839.9,INR,3275.9279999999962,3338.508000000001,3309.689022663029
GSFC,Gujarat State Fertilizers & Chemicals Limited,0.9656840791441249,0.6301742246385652,2.1831869510664927,1.1362930766842496,1.1677018633540344,3.1212408990186815,-25.929968167348797,288.4418516523207,Chemicals: agricultural,162.88,INR,213.45,INR,159.98580000000013,168.22269999999986,160.11647330291572
SATIN,Satin Creditcare Network Ltd,0.9590314189146685,0.6290741669325776,-1.8888888888888888,-6.422212802034762,-8.739509694489225,44.52664658897472,50.94017094017094,2257.478022703482,Finance/Rental/Leasing,220.75,INR,274.14,INR,240.92780000000013,187.7407000000002,225.74041691354896
TATAPOWER,Tata Power Company Limited,0.5442827800006671,0.6289308176100661,4.545454545454546,-3.639696255564278,-10.56021387774942,-1.8666666666666667,-5.65312139469299,3566.73872970733,Electric utilities,368,INR,464.9,INR,375.19100000000014,387.8862499999996,367.5017528545768
DBL,Dilip Buildcon Ltd.,0.7675214891783109,0.6147283904152524,-1.7156862745098038,-14.680851063829786,-6.4832089552238825,-8.048612703508374,-15.570060006316453,67.08333333333333,Engineering & construction,401,INR,585,INR,422.44599999999974,441.03399999999965,411.20121493612874
ITCHOTELS,ITC Hotels Ltd,1.6629287985182828,0.6115444617784648,-1.7848440545809008,-3.281343731253749,3.352564102564096,-2.8734939759036204,-36.373322809786906,-10.427777777777782,Hotels/Resorts/Cruise lines,161.23,INR,251.23,INR,169.24639999999997,173.12220000000005,163.72173996934035
IPL,India Pesticides Ltd.,0.8078832881306257,0.6109090909090934,0.1737871107892897,-4.639139725649679,-12.098106493836568,-10.41315891723869,-35.99814943326393,-60.47428571428571,Chemicals: agricultural,138.34,INR,240.25,INR,148.25819999999933,157.65515000000022,140.3643997724902
RAMCOCEM,Ramco Cements Limited,0.3437871141958588,0.6085423420349227,-0.9296594982078803,-7.212168895882507,0.5284991759959058,-19.04631155043016,-19.444444444444443,412.7536231884058,Construction materials,884.5,INR,1214.5,INR,918.3770000000001,983.6322500000015,899.147917121056
HINDCOPPER,Hindustan Copper Ltd,0.19497686381303328,0.6075216972034672,-3.2189239332096515,5.128980249899232,-3.039033457249075,-6.556202418271388,108.65999999999998,58.363696368053915,Other metals/Minerals,521.65,INR,760.05,INR,514.0340000000003,511.2200000000002,532.539804162651
NMDC,NMDC Limited,0.7398173570735388,0.6057726570851707,-1.545972335231894,-0.35294117647058487,-10.832719233603529,8.589743589743593,13.084112149532706,-10.4438304153203,Other metals/Minerals,84.7,INR,97.49,INR,84.88320000000009,83.40724999999999,85.46753694016742
AHLUCONT,Ahluwalia Contracts (India) Limited,1.5945433951438592,0.6045847678226398,-6.105015673981199,-28.102496399423917,-24.170886075949372,-20.450169311466702,-37.20320771528907,233.17575083426024,Engineering & construction,599.05,INR,1077.95,INR,782.5899999999996,836.6747500000006,679.4574477235075
SAILIFE,SAI Life Sciences Ltd.,0.5988966935230063,0.603251206502413,6.335995704409682,15.305676855895193,36.660053480548605,49.63872491145218,85.28741009297703,143.73846153846154,Miscellaneous commercial services,1584.3,INR,1630,INR,1358.9919999999997,1079.1597500000007,1474.2869539378466
TECHNOE,Techno Electric & Engineering Company Limited,0.6001244118858973,0.6008319211215553,-1.9028542814221332,-0.8603238866396761,-4.439024390243903,-14.011061364234916,-37.452107279693486,222.20394736842104,Engineering & construction,979.5,INR,1554,INR,1015.9489999999998,1086.68125,992.5618030755676
GMRAIRPORT,GMR Airports Ltd,0.5589560351490561,0.5987405801589742,-1.8630412890231565,-9.2306259314456,-5.369974752379104,0.041063545837189463,11.49885583524027,408.67223204512055,Other transportation,97.45,INR,115.64,INR,105.89039999999991,100.52794999999993,99.4577911268919
APTUS,Aptus Value Housing Finance India Limited,0.7753687315063998,0.5984998639773116,1.5894819466248082,-1.032307398203016,-1.5592317931165491,12.631624749804207,-23.968277280070485,-22.26726726726726,Finance/Rental/Leasing,258.85,INR,353.25,INR,271.106,262.0345000000001,257.79269200577596
INDIASHLTR,India Shelter Finance Corp. Ltd.,0.8474118026193979,0.5942653394740751,3.5796236805874218,-8.709720911419714,-12.292746113989635,-3.133047210300426,-24.933481152993345,9.209677419354842,Finance/Rental/Leasing,677.1,INR,924,INR,724.2379999999982,771.9022499999988,671.7594741864157
BALMLAWRIE,Balmer Lawrie & Co. Ltd.,0.5981440285747486,0.5934550387158667,0.867101161802211,1.988424732107042,-2.727223042028753,2.1347411913233096,-23.548109965635746,5880.118990591934,Industrial conglomerates,177.98,INR,238.2,INR,176.7798,177.77315000000021,175.88989352693412
VEDL,Vedanta Limited,0.41619764432812817,0.5914972273567551,-4.08882622488543,0.7777777777777862,-17.445388349514563,1.633048553164914,62.27106249995307,6097.853566914954,Aluminum,272.1,INR,360,INR,271.4870000000001,264.7997251454498,274.28408185316954
KEC,KEC International Ltd.,0.823696317133511,0.5909146866921172,-2.957244655581945,-14.368057011108784,-19.560937192360694,-25.58287795992714,-51.994594912167315,368.9239596125457,Engineering & construction,408.55,INR,937.8,INR,465.7319999999999,570.2185,430.23980848215274
SUNTECK,Sunteck Realty Limited,0.3833780546468348,0.5877413937867338,-2.712359915543291,-2.076181134543084,6.964285714285714,-20.026702269692922,-25.10627656914228,14.55344752138276,Real estate development,299.5,INR,473,INR,308.2639999999999,348.4749999999991,302.2623426957512
SHILCTECH,Shilchar Technologies Limited,0.9460107125364063,0.586401425178154,-0.8705193855157234,-12.855305466237938,-1.8517624336069487,5.592207792207797,-5.3017773533042805,-5.3017773533042805,Electrical products,4065.3,INR,5399,INR,4279.792000000001,,4074.8030295932963
PNB,Punjab National Bank,0.8773190262895875,0.5845942228335685,1.907499346746797,2.4877365101611804,10.169491525423727,-3.6640592836558277,11.641221374045804,1362.5,Major banks,117,INR,135.15,INR,111.79659999999994,114.98130000000005,115.56725378903596
ORIENTELEC,Orient Electric Ltd.,0.5467022504583283,0.5837777154083593,-0.6487025948103881,1.237288135593219,-1.5385460739601138,-4.171346061286705,-17.632728108480816,32.733333333333334,Electronics/Appliances,179.19,INR,217.51,INR,178.78779999999952,178.13310000000064,181.11841717044985
HINDUNILVR,Hindustan Unilever Limited,1.9861662489566083,0.5810397553516866,-2.210109018830521,-5.366134369155521,-5.429625724828664,-12.10191082802547,-27.110635420653747,3122.6005242169686,Household/Personal care,1973.4,INR,2625.87378974,INR,2091.376,2227.1720432179554,2020.9850818719747
SAKSOFT,Saksoft Limited,0.6618137723366538,0.5790877740907117,-2.4424108551593413,-13.079172289698601,8.43914415994388,15.280781564620783,-26.86065767683936,3248.7867703849784,Information technology services,154.58,INR,224.75,INR,169.61339999999996,162.53050000000005,160.158512907433
PRUDENT,Prudent Corporate Advisory Services Limited,1.6390545884388765,0.5738320564818961,-3.942611190817793,1.5655339805825215,27.78074662187952,49.955205160365516,20.201077199281865,415.0153846153846,Investment managers,3347.6,INR,4105.5,INR,3170.9000000000024,2720.9445000000005,3340.466970647866
STAR,Strides Pharma Science Ltd,0.8544160631321389,0.5694760820045558,7.6829268292682835,6.546003016591243,2.3768115942028896,25.843230403800465,17.322703869789063,371.81808660934314,Pharmaceuticals: major,1059.6,INR,1231,INR,1036.0679999999998,979.5444999999996,1016.1891133657562
JSWCEMENT,JSW Cement Limited,1.1093477319426144,0.5673988814136246,-2.3070866141732336,-6.3622641509434015,-2.857813968055125,0.0564516129032203,-23.181227168596372,-19.172638436482092,Construction materials,124.07,INR,153.45,INR,132.09159999999991,124.37369999999997,126.75446550912486
IREDA,Indian Renewable Energy Development Agency Ltd.,0.5534086535318056,0.5663716814159298,-2.8717948717948714,-6.353522867737943,-7.968901846452869,-2.454935622317596,-23.05504773512086,127.28,Finance/Rental/Leasing,113.64,INR,163.35,INR,120.141,127.26299999999996,116.35928225159547
APLLTD,Alembic Pharmaceuticals Limited,1.5429995963144216,0.5661668636844482,-1.9174757281553343,-1.6788321167883156,9.216216216216223,14.314002828854319,-15.812499999999996,1859.2727272727273,Pharmaceuticals: major,808.2,INR,998,INR,821.5980000000002,789.3487500000016,820.4397846292281
ASHAPURMIN,Ashapura Minechem Ltd,0.7507496387602922,0.556620129573858,-4.9918096387619695,-24.104683195592287,-26.10969558803809,7.407407407407407,-0.14498006524102114,5761.702127659574,Other metals/Minerals,551,INR,924.9,INR,647.1220000000003,658.4750000000001,593.3633586737357
GABRIEL,Gabriel India Limited,0.5069547149279015,0.549858820032701,-0.6315171097077331,-12.129870129870127,32.407045009784746,43.980422407831036,9.12903225806452,11060.41237113402,Auto parts: OEM,1353.2,INR,1600,INR,1383.7000000000005,1094.6852500000005,1398.5107359004198
ARVSMART,Arvind SmartSpaces Ltd.,0.3001718799354737,0.5477308294209703,-1.5551980387650315,5.327868852459017,9.819673532176745,25.85700293829579,3.3373542420587055,613.8888888888889,Real estate development,642.5,INR,707.85,INR,626.0849999999996,589.6814999999997,650.6733860811274
INOXWIND,Inox Wind Ltd.,1.8109961541824762,0.5405405405405482,3.333333333333341,-6.473915776241347,-13.988439306358377,-13.438045375218147,-49.04109589041095,-24.52738316960644,Electrical products,74.4,INR,159.3,INR,77.92100000000029,97.1132499999999,73.73054647261824
CEATLTD,CEAT Limited,1.4608940827895733,0.5399209724610031,-5.153231084426496,-8.355557999505102,2.8765432098765378,-1.9070041200706351,-3.4414831981460074,2524.731439860325,Automotive aftermarket,3333.2,INR,4438,INR,3591.3579999999965,3604.701499999999,3493.956703741534
NAVA,Nava Limited,0.7013843303721209,0.5384063173007896,0.21466905187836233,-3.413793103448268,-7.167122379650343,-1.719298245614027,-21.09859154929577,2296.5775401069523,Electric utilities,560.2,INR,739.4,INR,577.6749999999996,583.4507500000005,565.2074355388133
SUBROS,Subros Limited,0.8546877788826844,0.5312743500743784,-2.6077408729069447,-15.017964071856285,-1.9821810898542747,-3.3308357741298185,-24.410119840213046,1847.8452894781935,Industrial machinery,709.6,INR,1213.7,INR,782.6499999999997,783.2554999999993,737.4159674747992
VADILALIND,Vadilal Industries Limited,0.36490185503648004,0.5252790544977018,3.3063427800269904,5.0068587105624145,39.35918441653013,49.482522944737354,47.69438549102836,4410.901591043017,Food: specialty/candy,7655,INR,8447,INR,7050.596000000004,5435.414500000001,7484.4364385599165
IMFA,Indian Metals & Ferro Alloys Ltd.,1.573156813955926,0.5227432316454744,-6.434277414669565,-13.396518115211398,-16.337662337662334,7.4741408074741535,41.714788538745,253.08304128642155,Other metals/Minerals,1288.4,INR,1679.9,INR,1383.7199999999998,1361.491999999999,1361.6639122840318
JYOTHYLAB,Jyothy Labs Limited,0.2555960514276789,0.5187032418952578,-3.808705612829333,-0.27215597011233184,0.5187032418952578,-19.287144573488188,-41.919308357348704,350.36872927418796,Household/Personal care,201.54,INR,334.25,INR,201.89899999999994,234.74934999999937,205.13669588085642
AGARWALEYE,Dr. Agarwal's Health Care Ltd.,0.1328554091491524,0.5181347150259135,4.248200344722711,3.5343872721780305,11.675898772672966,16.049661399548537,19.045965034155376,27.885572139303488,Medical/Nursing services,514.1,INR,568,INR,496.78200000000004,472.85774999999995,506.8038205010125
LTFOODS,LT Foods Limited,0.09077559590340073,0.5084171280081347,1.5989036089538602,6.666666666666669,15.427533411184633,0.4063205417607249,-2.241758241758239,7313.333333333333,Agricultural commodities/Milling,444.8,INR,490.7,INR,406.4010000000001,398.1384999999994,433.24126195563105
ORISSAMINE,Orissa Minerals Development Company Limited,0.4952491521798907,0.49879961774234055,-5.291481790625149,-0.8804597701149467,5.11214041930765,13.391190006574618,-10.079249217935352,28.919317532820862,Steel,4311.7,INR,6138.9,INR,4171.466000000001,4262.3679999999995,4416.748312412959
INDUSTOWER,Indus Towers Limited,0.33446628231342845,0.4933991198826571,-0.8290564547966778,-3.97553516819571,-12.372093023255811,-16.405990016638935,14.528875379939212,88.4,Finance/Rental/Leasing,376.8,INR,481.5,INR,387.0479999999997,415.99500000000023,379.98152334398105
AAVAS,Aavas Financiers Ltd.,0.30976516545813026,0.4931422407150633,2.4187215329040326,-6.347838575326717,0.09977741960242187,6.473997877377741,-18.73636986728145,73.89333333333335,Finance/Rental/Leasing,1304.2,INR,1771.9,INR,1406.8080000000002,1384.6945000000005,1324.371987847375
HEMIPROP,Hemisphere Properties India Ltd.,1.0468956894748669,0.49233701262605445,-3.108490927187823,-9.2831541218638,-8.654540204994944,-8.037206598357688,-24.645706800047638,30.46391752577319,Real estate development,126.55,INR,190.69,INR,134.67719999999997,135.55145,130.32151798537052
SHK,S H Kelkar and Company Ltd,1.3726955512724948,0.48621286798988833,-0.3566475133742765,-9.00482509047045,20.474327237882296,12.589552238805974,-43.49438202247191,-32.55699597675458,Chemicals: specialty,150.87,INR,263.15,INR,149.0408000000001,149.44860000000008,154.54442824906556
NTPC,NTPC Limited,0.7882180120903247,0.4835297673013064,0.9104704097116844,-3.188237006842332,-9.140592977182672,-11.803713527851459,-0.29985007496251875,353.4092714072,Electric utilities,332.5,INR,414.4,INR,343.5889999999997,357.2997500000005,335.4760013663446
ANANDRATHI,Anand Rathi Wealth Ltd.,0.6049244046512755,0.48066022763342436,0.9521640091116215,8.356968215158927,26.70249871347704,38.493750000000006,50.746624034831115,1377.2666666666667,Investment managers,2215.9,INR,2242,INR,2108.998000000002,1736.488000000002,2173.0183893352273
RISHABH,Rishabh Instruments Limited,0.6153266822554077,0.4762228723042383,6.259443125404705,11.717095310136164,43.235379691591525,86.33610900832703,64.10000000000001,60.51516488458137,Electrical products,738.45,INR,753,INR,657.4659999999997,494.06850000000014,693.2370590008369
AXISBANK,Axis Bank Limited,0.8274730599188362,0.4735595895816891,1.3535031847133758,1.0317460317460319,1.0317460317460319,-5.4936896807720865,20.298620298620293,1342.1660486650946,Major banks,1273,INR,1418.3,INR,1270.9879999999994,1288.358999999999,1256.4525769155186
AURIONPRO,Aurionpro Solutions Limited,0.40623546508623276,0.47345036055065914,-0.4474595842955989,-7.048517520215627,-13.059372242531188,-20.265895953757223,-47.829046898638424,1499.2839871330445,Information technology services,689.7,INR,1309.9,INR,771.9289999999958,887.9052499999983,711.1777483526823
IRCON,IRCON International Ltd.,1.4489463170933226,0.4718173392872207,-3.2846715328467133,-9.8639455782313,-12.630961975236287,-10.338345864661655,-31.188690132717834,189.44174757281553,Engineering & construction,119.25,INR,189.5,INR,127.36159999999998,143.45189999999994,122.89828211983031
IPCALAB,IPCA Laboratories Limited,0.2881689136274603,0.47032360308777904,0.7329574577139905,15.429343357218375,21.697937952814407,30.89782869321965,45.24425393540759,39603.030303030304,Pharmaceuticals: major,1965.3,INR,2001.5,INR,1819.987999999999,1581.7319999999975,1903.8695200411184
LATENTVIEW,Latent View Analytics Limited,0.5659333003159182,0.4699248120300752,-3.170289855072464,-10.872102718025687,-13.244603148839477,-14.067524115755628,-37.558411214953274,-47.823116989005925,Miscellaneous commercial services,267.25,INR,517.5,INR,290.50600000000037,348.58499999999987,278.92566869494703
MUFIN,Mufin Green Finance Limited,1.4794757018786884,0.46742623429741076,0.7765567765567782,3.42857142857143,11.43875567077123,26.201834862385322,58.169483730021845,3.42857142857143,Finance/Rental/Leasing,137.56,INR,141.5,INR,132.85419999999988,118.74380000000002,135.90168179734894
AJAXENGG,Ajax Engineering Ltd.,1.2290626806726448,0.46571798188875296,0.9445407279029542,-2.2734899328858984,-3.046192259675398,16.02589641434264,-16.434720229555232,1.1197916666666745,Trucks/Construction/Farm machinery,582.45,INR,698.85,INR,570.6220000000001,548.93525,574.3458333792968
KAPSTON,Kapston Services Limited,0.7856917446836784,0.4644362260256183,15.722211214582913,8.559479553903337,69.36349137306073,112.38181818181818,251.13226276284172,1744.3684115395731,Miscellaneous commercial services,584.05,INR,600,INR,480.9630000000001,325.7360844259501,542.5118861650511
ABBOTINDIA,Abbott India Limited,1.1893213721172164,0.46251686259394875,-1.3436790310370932,-6.66069829901522,0.25,-5.61289154445048,-19.960079840319363,3352.317880794702,Pharmaceuticals: major,26065,INR,31645,INR,27067.400000000027,27152.574999999986,26526.468313717774
SHARDAMOTR,Sharda Motor Industries Ltd.,0.8656828976928853,0.46132816949539457,1.1468547508458053,-1.677814938684499,7.410790403117771,4.298722800378432,-18.33796296296296,1013.3548200819779,Auto parts: OEM,881.95,INR,1189.9,INR,880.6809999999982,877.7734999999989,888.0322287662544
SOTL,Savita Oil Technologies Limited,0.14629157498001946,0.46111073438665184,7.667151162790698,13.61196319018405,30.093080435546195,105.2223299625987,82.1815051647811,1421.047227926078,Chemicals: specialty,740.75,INR,814.8,INR,641.7340000000002,453.6915000000006,702.3142095431078
DEEPAKFERT,Deepak Fertilisers and Petrochemicals Corporation Ltd.,0.7289985592612048,0.4572608599454102,-7.017543859649135,-15.318619832141751,-4.574751296062784,43.98520084566596,-6.641535298149424,8876.572725527127,Chemicals: agricultural,1362.1,INR,1681,INR,1529.9260000000004,1292.3592499999993,1451.958398706229
MIDHANI,Mishra Dhatu Nigam Ltd.,1.0011447297500013,0.4557447829215721,-0.2619671350321424,0.41961395516125166,-6.465661641541036,22.170361726954493,6.456532791052374,381.37931034482756,Other metals/Minerals,418.8,INR,456.6,INR,415.80000000000007,373.3699999999995,418.7364036084428
KRISHNADEF,Krishna Defence and Allied Industries Limited,0.782483707141194,0.4461187667294537,-2.002127865364159,-16.125827814569533,-15.496246872393659,-11.278458844133096,34.19867549668874,1250.9333333333334,Aerospace & defense,1013.2,INR,1400,INR,1176.0119999999997,1033.0627500000005,1060.2266881601909
RAINBOW,Rainbow Childrens Medicare Limited,0.5523113459584214,0.44419766796224947,0.4302567661346319,-8.114285714285712,6.65487508290957,19.60330578512397,-5.349901896664484,183.76470588235293,Hospital/Nursing management,1447.2,INR,1610,INR,1473.6880000000017,1323.9185,1456.6326632043676
GREENPANEL,Greenpanel Industries Ltd,0.806197778356435,0.4441060779088876,-0.9571473256177674,-20.843957802109895,-16.197332204107557,-21.23383084577115,-42.63768115942029,272.0799147374833,Forest products,158.32,INR,333.8,INR,182.52480000000003,206.09334999999996,165.84145674218485
ARE&M,Amara Raja Energy & Mobility Ltd,0.9185801701965386,0.4416550441655124,-5.282770714598852,-7.045283424760675,0.034726241463140205,7.354037267080751,-16.397407371577827,7061.8784510602545,Electrical products,864.2,INR,1057.85,INR,898.773,866.6740000000012,902.5801275566347
SONATSOFTW,Sonata Software Limited,0.8743392055062474,0.44014084507042256,-1.8072289156626506,-18.732193732193732,7.0557327828861,14.1,-21.201657458563535,1778.6532272545726,Information technology services,285.25,INR,421.5,INR,302.2870000000001,297.27544999999986,300.32513458144604
BANDHANBNK,Bandhan Bank Ltd.,0.4750556754401423,0.43840954758570233,-2.987708051520327,-5.63501144164761,-19.75188518608612,-11.07816711590297,-0.5606462503014269,-66.9438877755511,Major banks,164.95,INR,220.76,INR,183.2921999999999,173.1418999999996,170.23574617515328
HGINFRA,H.G. Infra Engineering Ltd.,0.834454664738646,0.4375911648260101,-3.9840637450199203,-11.971509451191665,-12.886318452918843,-3.6866819862124065,-51.77106263758255,78.51851851851852,Engineering & construction,482,INR,1049.95,INR,535.6549999999999,614.1267499999999,504.71803681597856
VAML,Vedanta Aluminium Metal Limited,0.8648131186830588,0.4359297923597516,-3.9811362140820306,-5.565742638334593,-16.13984674329502,-16.13984674329502,-16.13984674329502,-16.13984674329502,Aluminum,437.75,INR,537,INR,449.42299999999994,,445.56069192649176
TRANSRAILL,Transrail Lighting Limited,0.7147273901339888,0.4327991577962388,-6.266375545851527,-14.139999999999999,-14.43946188340807,-16.802325581395344,-45.10230179028133,-27.237288135593218,Engineering & construction,429.3,INR,823,INR,482.1570000000002,526.3367499999993,454.4540628126242
RHIM,RHI Magnesita India Limited,0.42868038592607194,0.4327248140635626,-0.1747311827956928,-9.756986634264878,-6.224747474747469,-6.224747474747469,-22.876427829698855,1415.7142857142858,Miscellaneous manufacturing,371.35,INR,508.3,INR,391.00900000000007,410.7819999999977,377.83725012152
VENTIVE,Ventive Hospitality Limited,0.4672375386929731,0.42683967901656134,0.9612083762444255,-6.143290250518589,-8.92622125880622,-15.488505747126432,-21.97904231330414,-17.849162011173178,Hotels/Resorts/Cruise lines,588.2,INR,793.95,INR,607.9789999999995,664.4540000000006,591.2121542386573
ELLEN,Ellenbarrie Industrial Gases Limited,1.8104974643062988,0.42366469965200004,0.31741233373640004,16.438596491228076,18.51785714285715,52.926267281106,-35.588121118012424,-31.71810699588477,Chemicals: specialty,331.85,INR,559.8,INR,294.557,283.62440000000026,316.8500608409516
ITC,ITC Limited,0.6377278644625173,0.4182509505703509,-1.8215613382899545,-8.378143972246306,-5.678571428571421,-14.820190291888402,-37.70491803278688,3064.996095202546,Tobacco,264.1,INR,426.4,INR,278.7130000000011,316.3387500000016,269.9576209699816
UNICHEMLAB,Unichem Laboratories Limited,0.2580608861760056,0.4106214070626881,1.353965183752422,8.778173190984585,46.13545816733069,68.92846177463926,8.15804993119718,2583.902439024391,Pharmaceuticals: major,550.2,INR,687.2,INR,535.758,426.1582499999997,539.8626916341005
INDOBORAX,Indo Borax & Chemicals Limited,0.27540085109720086,0.40951638065523066,0.5664062499999956,27.120108628564363,41.47547740074186,110.92949899635408,108.46153846153845,288.3106796145792,Chemicals: specialty,514.9,INR,538.4,INR,439.5269999999999,313.11235000000005,480.97350196109403
KIOCL,KIOCL Ltd,0.7618490915290564,0.40730521613454507,-0.49479166666666075,-2.525510204081627,-4.7132169576059795,21.649156319643424,-13.306863301191147,3539.0476190476193,Steel,382.1,INR,634.55,INR,379.9609999999998,369.5815,383.1896085834953
BRIGHOTEL,Brigade Hotel Ventures Limited,0.474227987537286,0.40712468193383355,-1.3335555925987734,-5.083386786401542,-3.8030229156509074,1.3700976194553813,-31.887226697353288,-27.01602959309494,Hotels/Resorts/Cruise lines,59.19,INR,88.27,INR,61.08080000000004,63.97769999999997,59.58320447921318
MARINE,Marine Electricals (India) Limited,0.6625205152294878,0.4065985130111524,14.857142857142852,42.15460526315789,70.81027667984188,131.09625668449195,150.15918958031835,3031.5217391304345,Wholesale distributors,432.15,INR,450,INR,316.37,236.92565000000005,383.10065616473395
GREAVESCOT,Greaves Cotton Limited,0.569347155315655,0.4004517917650689,1.8435579627122132,-3.188118811881187,6.863387978142078,31.072386058981248,-14.37828371278459,1296.857142857143,Trucks/Construction/Farm machinery,195.56,INR,271.9,INR,218.1214,182.96710000000002,198.8786938016743
EIDPARRY,E.I.D.-Parry (India) Limited,0.2386956757081749,0.39832958560874043,-2.568738699420166,-3.238390092879254,3.7442740489942303,-6.4251497005988005,-30.853982300884955,10530.61224489796,Chemicals: agricultural,781.35,INR,1119,INR,775.4939999999999,854.0172500000004,791.8171987166033
KALPATARU,Kalpataru Ltd.,0.8637131168206578,0.39775809076115204,0.9636363636363554,-4.225595032769921,-11.576433121019116,-10.536491058482373,-30.50062578222779,-32.934782608695656,Real estate development,277.65,INR,429.3,INR,284.54000000000013,318.5332499999999,280.1766608258086
CREDITACC,CreditAccess Grameen Ltd.,0.5547607470973227,0.39654932517043395,1.8419195483415602,-8.37460317460318,11.955003878975944,19.46192052980132,4.572463768115935,270.025641025641,Finance/Rental/Leasing,1443.1,INR,1634,INR,1509.3080000000014,1345.4715000000026,1458.2133443540795
EIHOTEL,EIH Limited,0.6285091075516511,0.3955288048151254,-3.3923547906668876,-10.761235096300839,-0.4603580562659924,-11.19561910556739,-30.16746411483254,965.5276232102726,Hotels/Resorts/Cruise lines,291.9,INR,434.8,INR,316.5989999999998,328.0935000000003,299.4910524584265
SARDAEN,Sarda Energy & Minerals Limited,2.0536073715981473,0.3948277563912743,0.5635752422384859,-0.6350136772176631,-4.837200598802388,-6.807769836906731,-13.666072489601893,2773.1638418079096,Steel,508.55,INR,639.75,INR,504.909,519.113,506.3356585001303
SEAMECLTD,SEAMEC Limited,1.4124724018889854,0.3918056643904624,10.416153656734783,20.935877553772507,8.703030303030298,35.355822202097954,88.72053872053873,6422.181818181818,Oilfield services/Equipment,1793.6,INR,1804,INR,1515.6419999999998,1360.1720000000014,1647.9350741277408
COROMANDEL,Coromandel International Limited,0.7916232004432728,0.38833946046704293,0.4039357845675792,-8.950878181647418,8.738081884464384,-7.632205812291569,-19.384615384615387,1720.469483568075,Chemicals: specialty,1938.8,INR,2499,INR,2021.7440000000006,2097.132,1972.3957678839854
WIPRO,Wipro Limited,0.7384724111750096,0.3869792852265006,-1.0378681626928439,-5.66844919786096,-7.8947368421052655,-9.815950920245394,-29.298597194388773,31260,Information technology services,176.4,INR,273.1,INR,179.17640000000037,209.45355000000018,179.97050794602146
SJVN,SJVN Limited,0.8363870811972133,0.38473376423514927,-0.33613445378151086,-6.305659293306522,-11.612466124661237,-9.478212600610599,-30.92969080897924,140.70110701107012,Electric utilities,65.23,INR,95.58,INR,68.27420000000001,72.91904999999998,65.95353373154877
AZAD,Azad Engineering Limited,0.5379156004401019,0.3758719144168597,-1.3182205798749256,16.205020920502097,25.047276001801,70.17769607843138,70.5958230958231,285.73611111111114,Metal fabrication,2777.3,INR,2986.6,INR,2495.402,1941.3460000000005,2732.3404721241604
SOBHA,Sobha Limited,0.9362055412769502,0.3732825033754305,-1.511845386533673,-7.508782201405162,-6.799410029498528,-6.9366715758468365,-14.196483128521972,15.908663019710657,Real estate development,1263.8,INR,1732,INR,1367.243999999998,1404.4220000000005,1291.0114112596982
JAICORPLTD,Jai Corp Limited,0.632244640964584,0.37317196167422123,-1.377465067882272,-4.2984902394460995,-12.717067181196281,-1.708641975308646,-41.45882352941177,7705.490196078431,Containers/Packaging,99.52,INR,178.24,INR,104.66940000000002,114.13090000000044,100.77667312192521
NOCIL,NOCIL Limited,0.6517623572360719,0.3725261932479548,3.7233082706766902,-0.15633142261595173,3.2574850299401183,26.794117647058822,-6.73877771768524,626.0631578947368,Chemicals: specialty,172.44,INR,204.5,INR,168.62559999999974,160.6012499999995,167.5346507109196
MAPMYINDIA,C.E. Info Systems Ltd.,0.23471183379147956,0.3716704521990525,-0.8970438328236447,-10.214259327668998,16.879057465736967,-3.167330677290832,-41.430206638954154,-37.87859424920127,Miscellaneous commercial services,972.2,INR,1998,INR,1033.493,1152.4589999999994,1000.064911898213
INDUSINDBK,IndusInd Bank Ltd.,0.9058055256587623,0.36823248407643766,1.1534603811434303,-1.6097560975609757,12.180200222469411,7.86096256684492,30.66856698626588,2043.4644341983628,Major banks,1008.5,INR,1077.85,INR,1006.4259999999998,913.7864999999999,1006.1545195528768
CIEINDIA,CIE Automotive India Ltd,0.6967195837298099,0.364630811303564,-2.319391634980983,-7.144578313253007,-16.155352480417754,-18.167339137821187,-4.379652605459051,67.54347826086958,Auto parts: OEM,385.35,INR,526,INR,426.80400000000014,438.9380000000006,399.2645340127622
KSB,KSB Ltd.,0.42023094596754534,0.36392795460152133,2.3333333333333277,-4.1077322017916105,0.5003088326127183,8.343321347716072,-3.80158448622444,5434.353741496598,Industrial machinery,813.55,INR,1028.3,INR,857.1169999999987,809.6527499999996,811.8039140717102
YATRA,Yatra Online Limited,0.572791339719028,0.36257516802263584,4.753553627469071,5.376044568245118,16.98793938769198,1.9584942952115647,-28.806222947117497,-10.98823529411765,Other consumer services,113.49,INR,202,INR,111.36160000000025,127.4894000000001,112.2255792367042
GRASIM,Grasim Industries Ltd.,0.7090817499998807,0.36253776435045315,1.870591842992947,5.4603174603174605,6.851077516886459,22.968721080880993,18.600499821492324,11213.711615670562,Construction materials,3322,INR,3411.1,INR,3209.9499999999994,2934.4734999999973,3283.3531727691197
TENNIND,Tenneco Clean Air India Limited,0.5765400622179717,0.3587356990498175,-5.262676185246202,-6.646825396825402,-11.673350968512686,-4.157407407407415,2.4851485148514763,2.4851485148514763,Auto parts: OEM,517.55,INR,657,INR,557.0800000000002,,539.0311788369976
ALGOQUANT,Algoquant Fintech Limited,0.9245579930895959,0.357865255951461,-0.7692307692307693,-6.966681090437038,17.017416545718437,6.27780523974296,-7.857142857142857,-7.857142857142857,Investment banks/Brokers,64.5,INR,71.01,INR,64.11019999999998,,65.06292350938983
POCL,Pondy Oxides & Chemicals Ltd.,0.8186490393575457,0.3570678428901467,-7.142163055096677,-8.230096994141931,-8.537519142419596,9.950294550810018,0.37815126050420406,570.0322723329765,Other metals/Minerals,477.8,INR,647.6,INR,524.0396000000001,514.0671,497.732532392687
FDC,FDC Ltd.,0.85545710129223,0.35128805620608566,-0.652079408781336,-14.980158730158726,-12.551020408163263,-6.974219810040703,-26.57956735917755,4410.526315789474,Pharmaceuticals: major,342.8,INR,527.8,INR,388.0820000000009,383.6692499999995,352.16485244203614
RCF,Rashtriya Chemicals & Fertilizers Ltd.,0.3118243994991028,0.34928396786587995,-5.687320475995071,-10.218749999999998,-9.354787821422937,1.34038800705467,-29.496932515337424,1336.5,Chemicals: agricultural,114.92,INR,158.14,INR,125.26780000000004,129.9224500000001,119.55051743104048
GATEWAY,Gateway Distriparks Limited,0.31663838252661547,0.34862385321100503,1.3153019636902572,-9.28843921048267,-2.3218431862832722,-3.220668908157849,-19.240992321323095,221.41660060592662,Railroads,54.69,INR,66.25,INR,56.88240000000007,57.69659999999999,54.582813438562
AVANTIFEED,Avanti Feeds Limited,0.754346306137917,0.3455425017277125,-5.4799384542549365,-11.629965696580726,-29.327433628318584,-34.16323165704864,17.961595273264404,44849.38828897553,Agricultural commodities/Milling,798.6,INR,1593.8,INR,908.0560000000012,1044.1377499999996,846.9959532801416
SHAILY,Shaily Engineering Plastics Limited,0.6121844168213828,0.3428116678399888,-0.7267661932592435,6.580187912480902,5.171473484970013,74.13683204079466,48.756692984844356,585.8511684344862,Chemicals: specialty,3278.3,INR,3615.2,INR,3081.1259999999984,2535.2594999999983,3251.56242290836
INTERARCH,Interarch Building Solutions Ltd,0.6481125727715097,0.3409358100164563,-0.7211818076073101,-7.4696444058976565,-4.144204851752019,-5.664548217739707,-19.477333836501725,31.40877598152425,Building products,1707,INR,2762.6,INR,1785.0460000000007,1963.4029999999998,1718.4343192446568
HINDOILEXP,"Hindustan Oil Exploration Co., Ltd.",0.4736055967217214,0.3362620674693592,12.770496799756165,14.764267990074448,10.540152963671119,20.51332160771286,5.6539120502569995,770.5420015253336,Integrated oil,185,INR,191,INR,160.19840000000005,153.56279999999992,165.1059086099673
BORORENEW,Borosil Renewables Limited,0.6331092721580548,0.3316582914572819,-2.98347910592809,-11.79537020675031,-5.10456273764259,12.547914317925589,-13.939655172413795,864.0964081249898,Industrial specialties,499.15,INR,721,INR,571.8739999999998,525.9140000000001,528.3588084167446
CMLL,Caliber Mining and Logistics Limited,0.762118746995697,0.3290785799760738,-2.7452875785403554,-11.45824166153304,0.5597201399300372,0.5597201399300372,0.5597201399300372,0.5597201399300372,Coal,503.05,INR,624.4,INR,,,521.954210950154
GPIL,Godawari Power & Ispat Ltd.,0.7393436082363738,0.32096706961233085,0.02909393183707115,-1.8274525800530361,-16.41951727730509,-3.209330384074007,-4.363202861116638,4966.736842105263,Steel,240.67,INR,320,INR,246.03459999999993,261.6658499999998,242.9759049897646
EXIDEIND,Exide Industries Limited,1.1069747747664413,0.3191489361702181,-3.1274968610889142,-7.749999999999995,4.777777777777783,32.52654590880701,0.3310083934271271,10407.302103265987,Auto parts: OEM,424.35,INR,496.4,INR,441.5359999999995,372.1797499999998,444.94594540349345
CUBEINVIT,CUBE HIGHWAYS TRUST Units,0.8574880110165499,0.3184713375796179,0.5939835217474656,-0.2027626409833945,6.418918918918919,12.5,19.318181818181817,57.5,Investment trusts,157.5,INR,165,INR,155.51479999999995,143.08530000000002,157.06210113159918
SYRMA,Syrma SGS Technology Limited,0.7574200188430557,0.3097466960352423,-2.781854569713145,1.9376049244543962,18.479674796747965,91.75,81.0535470244751,460.5,Electronic production equipment,1457.3,INR,1543,INR,1417.5220000000002,1022.931,1449.8424804742704
IRCTC,Indian Railway Catering & Tourism Corp. Ltd.,0.838450976868316,0.3055204382637987,-2.3587324376986976,-6.7665491578535075,-10.263901979264842,-15.142602495543668,-33.41958041958042,280.23162939297123,Other consumer services,476.05,INR,739,INR,497.689,567.9109999999995,487.61541377089804
CANFINHOME,Can Fin Homes Ltd.,0.9720438113114557,0.3043667308528395,0.33552876848514124,-1.0539215686274537,-1.114513165952238,-1.8835824523028315,5.06864467434445,27085.185185185182,Finance/Rental/Leasing,807.4,INR,971.5,INR,840.4319999999996,868.9217499999997,812.1941207136338
KAMAHOLD,Kama Holdings Limited,0.3970467267219068,0.30327623766605055,-2.0930620413609184,-7.152742082163619,-10.082328163890491,-7.478329393223017,-7.478329393223017,-7.478329393223017,Industrial specialties,2348.2,INR,2783.9,INR,2503.534,,2409.3005958659123
PROTEAN,Protean eGov Technologies Limited,1.5921479363314082,0.30315278900565884,-9.434306569343065,-15.031672658791305,-21.096979332273445,-8.93577981651376,-45.99270907013439,-67.66775244299674,Information technology services,496.3,INR,939.8,INR,574.1410000000014,619.4774999999995,539.7439323121067
HPL,HPL Electric & Power Limited,1.356192646210916,0.2967848309975193,-1.5855039637599204,-10.147710487444614,-16.648396821046862,-4.053627760252373,-36.89179375453885,60.07894736842104,Electronic equipment/Instruments,304.15,INR,507.9,INR,332.02399999999943,351.08575000000025,313.0416293752652
SIGNATURE,Signatureglobal (India) Limited,1.0683544507073919,0.29589524049356697,1.9910371318821964,-3.7866892136731516,-2.1196854263946916,-13.63907410419039,-28.186981608366395,79.40315315315314,Real estate development,796.55,INR,1158,INR,795.6520000000002,892.1617499999982,790.3802549264552
SFL,Sheela Foam Ltd.,0.5123341127646066,0.2946193208249306,1.858267716535426,-17.814485387547656,3.32268370607028,21.396396396396398,-11.518467852257187,50.41860465116278,Industrial specialties,646.8,INR,832.45,INR,720.6099999999999,612.3147499999998,666.6446497722247
VSTTILLERS,VST Tillers Tractors Limited,0.5620602386183498,0.294589610327406,-6.002244668911327,-6.158121190390805,-8.96521739130434,-23.03620657967285,-22.451851851851846,763.4226804123713,Trucks/Construction/Farm machinery,4187.6,INR,6374,INR,4462.149999999992,5119.988000000005,4354.022380877647
GODFRYPHLP,Godfrey Phillips India Ltd.,0.5585034895685801,0.293398533007335,-3.1404958677685952,-12.23415636099106,-8.19158460161146,0.8853910477127398,-41.399941399941405,8150.209598867701,Tobacco,2051,INR,3947,INR,2140.0699999999993,2261.051500000001,2111.5742157627533
UTLSOLAR,Fujiyama Power Systems Limited,0.5578613871548092,0.29171528588098017,-4.880478087649404,8.79746835443038,17.73972602739726,145.41716635257836,95.3409090909091,95.3409090909091,Semiconductors,429.75,INR,494.25,INR,397.38800000000003,,434.2937233064141
SSWL,Steel Strips Wheels Ltd,0.2603662649597108,0.29101995565410516,23.81522668947819,13.843007708038382,57.463011314186254,83.76415621349857,57.32608695652175,2720.342946219798,Auto parts: OEM,361.85,INR,366.6,INR,290.17240000000004,226.33519999999993,318.78806671284383
LUXIND,Lux Industries Ltd.,0.4876990701782811,0.2901766663821681,-1.7474916387959942,-7.617924528301894,-15.399568034557241,32.62979683972911,-11.111951588502276,75.80526922098711,Apparel/Footwear,1175.1,INR,1823.35,INR,1236.4179999999985,1170.3019999999995,1205.9826410205505
SHRINGARMS,Shringar House Of Mangalsutra Limited,0.5732344009824052,0.2899484536082453,-0.8373151308304907,-6.6766595289079245,2.8945131740485386,-0.49771689497717053,15.602122015915118,15.602122015915118,Other consumer specialties,217.91,INR,266.5,INR,224.898,217.24904999999998,222.038496096499
SAIPARENT,Sai Parenterals Limited,0.29992238715948105,0.27019202933513026,-3.231514248463405,-2.660421545667456,-4.739640630729744,29.887499999999992,29.887499999999992,29.887499999999992,Pharmaceuticals: major,519.55,INR,706,INR,557.0129999999999,,532.4338987258891
NESCO,NESCO Limited,0.9474468892783314,0.2679938744257231,1.6100872938894188,-1.6245656869189764,-7.537511032656671,-4.57278192749135,-28.48658611509319,927.0588235294116,Industrial machinery,1047.6,INR,1638.9,INR,1063.2420000000004,1144.7655000000002,1042.529061844953
CARTRADE,CarTrade Tech Ltd.,0.6150748710695662,0.2673618073658178,-2.5592724910685347,6.943751336707767,56.1790733992712,68.71169094078614,16.147264914250318,87.5359419927491,Internet software/Services,3000.2,INR,3290.5,INR,2840.998000000001,2394.308999999999,2946.6093442813367
NFL,National Fertilizers Ltd.,0.30069119584232273,0.25593630029860204,-1.3708210938592669,-2.0966398222715785,-5.419181757209916,-1.3708210938592669,-30.87254901960784,101.74534472831634,Chemicals: agricultural,70.51,INR,101.4,INR,72.08619999999998,77.33819999999999,71.03763804763008
NILKAMAL,Nilkamal Limited,0.5553460360193093,0.2557908199516883,1.0744985673352436,21.43553847036548,67.41813004271476,58.53932584269663,35.282837967401726,1311,Home furnishings,2116.5,INR,2149.5,INR,1705.112,1430.5295,1979.3781828302615
JKLAKSHMI,JK Lakshmi Cement Limited,3.849657167168025,0.25272161741836474,-5.237045203969129,-9.684763572679502,-15.215782983970401,-20.606573781848958,-47.48472505091649,1085.5172413793105,Construction materials,515.7,INR,936.6,INR,561.6019999999997,659.1234999999996,541.0270461121252
BOMDYEING,Bombay Dyeing & Manufacturing Co. Ltd.,0.2197392385152659,0.24737167594310552,-2.7594481103779236,-7.1440261865793815,-6.984179031068117,3.597187985026931,-37.994535519125684,861.6101694915254,Textiles,113.47,INR,195.45,INR,120.34300000000005,121.67729999999995,114.99592597484192
PARAS,Paras Defence & Space Technologies Ltd.,0.41401965182408873,0.24087849805172448,-3.022618231665518,8.247264937648243,55.82599118942732,98.04045069633983,109.95696690903698,503.3688699360342,Aerospace & defense,1414.9,INR,1585,INR,1315.7969999999996,892.64825,1404.7117449621094
INDIGRID,IndiGrid Infrastructure Trust,0.8859369635551221,0.23990403838465524,0.3775095807355697,-1.7963066592053607,1.7392312597831758,6.061888069624079,5.462740384615387,82.25481909914915,Financial conglomerates,175.49,INR,180.9,INR,177.48920000000007,170.71139999999974,175.9562380340332
MINDSPACE.RR,Mindspace Business Parks REIT,0.4343239969974973,0.23803808609377453,2.855090311986869,1.244570158601884,8.467715751423192,9.174291938997825,17.52110694183866,65.93046357615894,Real estate investment trusts,501.11,INR,511.68,INR,492.15340000000054,476.88695000000075,495.6435143941402
GALLANTT,Gallantt Ispat Limited,6.662182919141607,0.23574609272680047,-0.9405470704978937,-8.700493080960719,-12.759328216429825,5.311439317493817,-8.452950558213717,4683.333333333333,Steel,574,INR,948,INR,611.3599999999994,623.9324999999997,579.683985250204
ASIANHOTNR,Asian Hotels (North) Limited,0.06680370953832146,0.2344665885111312,25.020308692120228,27.802690582959634,29.197447951645394,34.059233449477354,14.953689871526743,-13.926174496644295,Hotels/Resorts/Cruise lines,384.75,INR,402.55,INR,313.82099999999997,307.36825000000016,333.9613216953286
NACLIND,NACL Industries Ltd,0.57411423160107,0.2343045959747761,-4.5537757437070985,-8.530701754385966,7.847446670976092,34.8093083387201,-33.810021519003115,472.39763059918806,Chemicals: agricultural,166.84,INR,249.67919227,INR,192.47660000000008,166.4012650974,174.04656526578944
RELAXO,Relaxo Footwears Limited,0.28948697975090637,0.23259194650385565,-3.119291836447948,-16.282175813501702,2.057430432208404,6.6017316017316094,-34.333333333333336,2199.099748963783,Apparel/Footwear,344.75,INR,506.4,INR,393.361,358.98139999999955,370.63215798984254
INDIGOPNTS,Indigo Paints Ltd,1.2235336622185717,0.22821401403093955,0.8762228838791964,7.721656976744186,24.415066624698344,33.23595505617977,2.62224145391605,-54.52348993288591,Industrial specialties,1185.8,INR,1345.9,INR,1103.055,1035.9987499999995,1150.6813880735294
INDGN,Indegene Limited,0.844066648891727,0.22494376405898905,6.01921212655327,7.429898196106451,16.11969111969112,29.6475913352732,7.449088960342988,-8.16793893129771,Pharmaceuticals: major,601.5,INR,615.5,INR,538.8440000000003,509.7317500000001,575.9365477253436
EPL,EPL Limited,0.21391794814292533,0.2230784830663082,-2.2547468354430444,8.515216723024894,14.339919485447217,26.271143134549543,5.26091586794462,1456.5354330708662,Containers/Packaging,247.1,INR,274.03,INR,239.8448,219.47479999999987,247.33239213612404
JSWDULUX,JSW Dulux Ltd,1.4696678561625034,0.21783053415835618,1.4217252396166133,4.63085036255768,2.46602756528195,11.746691072937194,-6.604883789349809,2251.4814814814813,Industrial specialties,3174.5,INR,3745,INR,3072.640000000001,3074.0554999999977,3119.3152953224135
KODYTECH,Kody Technolab Limited,0.340522133938706,0.18825781748564424,10.860431451470532,13.353790613718415,88.46938775510205,96.48936170212765,113.59863945578232,1747,Packaged software,1569.95,INR,1596,INR,1325.6550000000007,961.1480000000005,1448.6250529454298
CAMS,Computer Age Management Services Ltd,0.3084354750642916,0.18731602890018428,0.7263922518159776,-7.303788066353058,-1.4736842105263217,15.886404085738603,-2.813830339528614,163.6619718309859,Information technology services,748.8,INR,844.9,INR,773.5869999999999,746.2596000000011,759.9072983863895
DMART,Avenue Supermarts Ltd.,0.5513161479086092,0.1860217911241031,-2.0779220779220777,-6.172224987555998,-8.921798371705364,-1.4379084967320261,-23.822994544352394,528.3333333333334,Specialty stores,3770,INR,4818,INR,3983.465999999999,4015.539500000001,3887.9317736086164
DDEVPLSTIK,Ddev Plastiks Industries Limited,0.7845744478771401,0.1834862385321101,-2.045209903121632,-3.5676439420699477,6.786622335223937,-0.6550218340611395,-14.80730223123732,3.018867924528302,Chemicals: major diversified,273,INR,360,INR,280.08499999999975,268.8499,277.4746143861017
KIRLOSIND,Kirloskar Industries Limited,2.142078071182549,0.18256503879507563,0.5768038597342414,-6.361355081555835,16.9162802356185,29.26525097862612,-4.942045599286715,832.875,Steel,3731.5,INR,4574.8,INR,3844.580000000002,3335.435999999999,3743.662942085343
SBFC,SBFC Finance Limited,0.17393528521597015,0.18018018018017276,1.8107833163784346,8.264820424058849,7.232401157184185,7.601333189979564,-7.333333333333336,22.048780487804876,Finance/Rental/Leasing,100.08,INR,123,INR,93.61200000000012,95.56265000000009,96.69177437461701
CHAMBLFERT,Chambal Fertilisers & Chemicals Ltd.,0.3916421094365207,0.17929715515180494,-1.5621329574817895,-8.304157549234134,-10.075107296137338,-3.455823061859233,-27.749999999999996,3406.694560669456,Chemicals: specialty,419.05,INR,559,INR,444.42299999999955,448.2725,427.7818316149035
AURUM,Aurum Proptech Limited,0.6985685103770206,0.17796760989500163,-2.0020891364902482,3.7842820926480796,18.38065194532072,30.135244480406875,26.140056022408963,-2.1975744588421904,Packaged software,225.16,INR,264.64,INR,227.53540000000018,190.6674500000002,227.44034239064734
GODIGIT,Go Digit General Insurance Limited,0.9306194599438996,0.1745200698080235,0.0968804495252858,-8.27414772727273,-16.407766990291258,-20.5963725791577,-29.800244598450874,-9.685314685314681,Multi-line insurance,258.3,INR,381.4,INR,275.7779999999999,313.8439999999998,261.0698729637148
KMCSHIL,KMC Speciality Hospitals (India) Limited,1.0784133483912297,0.17391304347826747,-0.2597402597402491,0.3921568627451129,0.3921568627451129,0.3921568627451129,0.3921568627451129,0.3921568627451129,Hospital/Nursing management,138.24,INR,148,INR,,,
MSPL,MSP Steel & Power Limited,0.3496511680639937,0.16977928692698122,1.1717633609602645,2.906976744186047,-13.63747255428154,11.320754716981124,9.292991664093849,97.76536312849163,Steel,35.4,INR,46.12,INR,36.664199999999994,35.66460000000001,35.15841754259176
SHAKTIPUMP,Shakti Pumps (India) Limited,1.4901374283458035,0.16941973739940946,-5.1914211264782475,-9.386973180076629,-12.065439672801633,-3.6659877800407332,-43.21728691476591,6206.69189343424,Industrial machinery,473,INR,915,INR,528.1329999999998,574.0462500000001,494.12250739744707
AMAGI,Amagi Media Labs Limited,0.18205047166792276,0.16893393793899383,-1.692844677137879,-17.14958082070893,33.32544378698224,47.84776902887138,77.13836477987421,77.13836477987421,Packaged software,563.3,INR,727.4,INR,596.4659999999998,,586.6451095578033
MANINFRA,Man Infraconstruction Limited,0.5555222715580717,0.16855285335901254,7.5676607481468725,10.150044130626656,10.442477876106192,24.439126533054132,-23.856009762050036,194.33962264150944,Real estate development,124.8,INR,162.75,INR,107.24860000000002,111.98480000000019,115.88448384060356
JSFB,Jana Small Finance Bank Ltd,0.2951156682660639,0.16847622613253035,-2.1755027422303432,-8.042619006702175,13.332627343005411,47.410468319559236,8.76016260162602,35.12626262626263,Regional banks,535.1,INR,606.95,INR,529.5329999999999,446.65750000000145,546.0321108409628
DCMSHRIRAM,DCM Shriram Limited,0.7527494094639965,0.16679748822605298,-0.4582683307332227,-2.306220095693782,-1.0755813953488393,2.7062374245472816,-18.328000000000003,1279.5945945945946,Industrial conglomerates,1020.9,INR,1414.4,INR,1029.872,1112.5555000000008,1032.0172103779068
AIIL,Authum Investment & Infrastucture Ltd,0.2847694293425118,0.16376071669396453,-5.5156746933212215,-7.342719657815014,14.175908641704172,17.770981991165474,-17.996845425867512,204.03508771929825,Financial conglomerates,519.9,INR,683,INR,543.179,519.5943,544.3494227190762
BAJAJHFL,Bajaj Housing Finance Ltd.,0.7511219991862759,0.15672091621458162,-3.0684867576712116,-5.051428571428573,-0.3000120004800192,-1.7037387600567886,-27.052419000790238,-44.61333333333334,Finance/Rental/Leasing,83.08,INR,117,INR,85.9043999999999,88.53145000000002,84.29139756985852
ITDC,India Tourism Development Corp. Ltd.,0.4635700058650345,0.1554363876583508,-3.090690329372831,-8.725830441249382,4.9429967426710135,30.69979716024341,15.062500000000004,181.3755458515284,Hotels/Resorts/Cruise lines,644.35,INR,822,INR,689.2920000000009,582.8625,669.827700426882
POWERGRID,Power Grid Corporation of India Limited,0.9095530525654816,0.15060240963854563,-0.018793459875967436,-6.338028169014085,-6.338028169014085,-11.318553092182027,-7.268607286038006,426.60230853832417,Alternative power generation,266,INR,324.95,INR,277.42800000000005,284.3532500000002,268.7092564304091
FACT,Fertilizers & Chemicals Travancore Ltd.,0.02579443414160865,0.1499625093726483,-4.481525625744937,-5.249467959328444,-7.8850574712643695,18.191873755622744,-21.199606686332352,7185.454545454545,Chemicals: agricultural,801.4,INR,1058.6,INR,831.9079999999996,843.3919999999997,817.7029389740131
VERANDA,Veranda Learning Solutions Ltd.,0.3369045207694908,0.14859454327815463,0.053608247422678536,-5.957364341085273,2.4403630990078113,43.70409855484482,11.554022988505745,94.104,Miscellaneous commercial services,242.63,INR,272.5,INR,242.5109999999998,207.23410000000004,244.7325240468875
SCHAEFFLER,Schaeffler India Ltd,0.9910211108258324,0.1468131423075022,-2.3376366912690334,-2.905664081672722,-1.8993305231837319,-7.905027932960892,0.5438373570520989,28160,Metal fabrication,3956.4,INR,4467.7,INR,4084.465999999999,3997.830499999999,4025.568675386691
SCI,Shipping Corporation of India Limited,0.6902619117812125,0.1356162061366449,0.3738317757009423,-2.315197618653878,-3.2115353105030167,22.55186721991702,34.43331816112883,2748.1549263279235,Air freight/Couriers,295.35,INR,368.75,INR,290.19,266.61,291.9213355291684
SYMBIOTEC,Symbiotec Pharmalab Limited,,0.13000882202721745,9.134615384615385,9.134615384615385,9.134615384615385,9.134615384615385,9.134615384615385,9.134615384615385,Pharmaceuticals: major,1078.25,INR,1180,INR,,,
KFINTECH,Kfin Technologies Limited,0.6559799760004642,0.12935216125902033,-3.2042932319074664,-2.727891512644648,8.694125906857003,0.42162162162161915,-13.83916148780261,153.10626702997274,Packaged software,928.9,INR,1215,INR,921.038,954.8880000000001,944.2657108394943
ACCELYA,Accelya Solutions India Ltd.,0.4726413015166997,0.12393767705383242,-0.3524229074889868,-1.6521739130434783,-1.3089005235602094,-5.355648535564853,-20.239774330042312,215.0856665273715,Packaged software,1131,INR,1527,INR,1131.966000000001,1196.6124999999954,1134.5899360156714
CRAMC,Canara Robeco Asset Management Co. Ltd.,0.6579840520084353,0.11942675159236121,-2.5193798449612403,-5.663915978994757,1.3295729250604398,7.478632478632479,-10.258697591436217,-10.258697591436217,Investment managers,251.5,INR,353.4,INR,257.8062000000001,262.5167999999998,256.9395024096442
TARIL,Transformers and Rectifiers (India) Limited,0.27097511888761616,0.11643379906851824,-1.26312335958006,1.3299663299663262,-5.9531250000000036,2.7133105802047743,-40.75787401574803,661.8987341772151,Electrical products,300.95,INR,552,INR,312.1549999999998,297.09395000000006,302.4290149824604
NBCC,NBCC (INDIA) LIMITED,0.5243505663127668,0.1156069364161784,-2.8058361391694726,-9.138600356730677,-17.208413001912046,0.2314814814814683,-16.6024653312789,1813.1113259981378,Miscellaneous commercial services,86.6,INR,125.85,INR,94.11420000000005,99.00039999999994,88.89104431627129
VBL,Varun Beverages Ltd.,0.4543726777190538,0.11052437676533108,-2.6394362832915217,-7.855770317621793,-22.72985781990521,-8.280828082808272,-17.82258064516129,1498.205541718744,Beverages: non-alcoholic,407.6,INR,555.8,INR,451.53300000000024,469.07724999999994,424.46078623016973
J&KBANK,Jammu & Kashmir Bank Ltd.,0.9125353796738335,0.10676631522754342,-1.2571579016652383,-5.23656117743667,0.7183618663981347,23.42245989304814,44.94685990338165,223.21448504178576,Regional banks,150.02,INR,201.75,INR,161.56579999999994,129.84119999999973,151.66997680720482
KTKBANK,Karnataka Bank Ltd.,0.7231285745465156,0.1030169242089839,4.646153846153853,15.015218126479553,28.82575757575758,58.186046511627914,93.78917378917382,5221.225584676664,Regional banks,340.1,INR,345.9,INR,297.17800000000005,242.40254999999993,324.04027944553764
EPACK,Epack Durable Limited,0.7502353936312502,0.10048656653268337,-3.8017789072426886,-18.530475206611563,-15.902426019728068,-21.334164588528672,-53.381773399014776,-14.357466063348411,Industrial machinery,189.27,INR,408,INR,222.13719999999986,243.49575000000013,201.8239402003646
HINDALCO,Hindalco Industries Limited,1.24023504201826,0.09900990099009901,-1.8446601941747574,-1.7015070491006319,-10.260962187111657,5.863874345549738,35.8779651905114,1444.0239248874357,Other metals/Minerals,1011,INR,1176,INR,996.5930000000002,962.5042499999996,1023.5676409610621
VSTIND,VST Industries Limited,0.9136018183915287,0.09136372379303602,-2.0009416195856873,-5.920903954802258,-19.00778210116731,-7.088336383520062,-22.907407407407405,1559.1683258349926,Tobacco,208.15,INR,286.78,INR,228.77520000000004,240.61504999999957,213.23816762302033
ABDL,Allied Blenders and Distillers Limited,0.35794947616882306,0.09025270758123863,0.40329218106996634,-1.6209677419354764,6.671913256383367,35.10909292280431,22.97379032258065,90.60937500000001,Beverages: alcoholic,609.95,INR,711.7,INR,627.0600000000006,562.1792500000001,612.6028154763528
SWARAJENG,Swaraj Engines Ltd,1.035381868175274,0.08720848454160306,0.16610828007545514,-1.4268694760756933,-5.656174590968145,2.533214213666102,-14.681055155875296,2100.7230416975594,Auto parts: OEM,3557.8,INR,4545,INR,3664.482000000001,3687.762000000002,3576.2555398148284
KIRLPNU,Kirloskar Pneumatic Co. Ltd.,0.9210811229863609,0.08554882863912754,3.7448840381991877,4.171232876712335,-4.412041983533394,34.5810105300416,16.276758409785938,148.1279019801305,Industrial machinery,760.45,INR,1098.55,INR,795.0680000000002,670.2397499999997,746.4310588346497
BLIL,Balmer Lawrie Investments Limited,1.5159279638419907,0.08279287981233928,0.31811894882434855,2.1837137221752565,1.1999441886423878,-1.050477489768071,-1.050477489768071,-1.050477489768071,Miscellaneous commercial services,72.53,INR,79.5,INR,70.9056,,71.71548524610331
PNCINFRA,PNC Infratech Ltd,1.066460960014169,0.07651527572826954,-8.444999999999993,-27.062338179645486,-13.213896393193988,-6.414187876929358,-40.80814611281719,136.57622739018086,Engineering & construction,183.11,INR,325,INR,225.60979999999964,221.8789500000001,202.55080976106905
3MINDIA,3M India Limited,0.35658262233615184,0.07617306520414381,-4.088188056650606,-8.471506200362269,0.8133824432166974,-4.6589259796806965,5.255568017945842,15540.47619047619,Industrial conglomerates,32845,INR,38030,INR,34779.400000000016,34006.87499999998,33958.143531081674
GANDHAR,Gandhar Oil Refinery (India) Limited,0.8809378093108652,0.07479431563202897,4.941176470588244,11.966527196652729,61.555179908234756,101.20300751879701,79.59731543624163,-10.201342281879187,Industrial specialties,267.6,INR,303.17,INR,231.6412,166.93150000000006,253.61279081165728
JSWENERGY,JSW Energy Limited,1.0901098384846601,0.0648748841519968,0.009262689885155283,-5.372480280455736,-8.654822335025377,13.199832249947589,5.873700725632486,409.29245283018867,Electric utilities,539.85,INR,617.35,INR,552.2230000000005,520.5220000000006,543.0458638124962
IDEAFORGE,Ideaforge Technology Limited,0.6820591434391701,0.06438735432361084,-4.292400541938665,-12.192779253065154,-17.772486772486776,78.30426801284992,49.4326923076923,-40.226923076923086,Aerospace & defense,777.05,INR,992.25,INR,840.942,620.47075,807.0188249944391
GARFIBRES,Garware Technical Fibres Limited,0.23891293927889407,0.06249609399412537,1.9808917197452172,2.411411027248293,20.383458646616536,27.374701670644384,2.6872755259107146,19737.158081379803,Miscellaneous manufacturing,800.55,INR,863.4,INR,766.8080000000016,685.9402499999983,793.0523665336488
IRBINVIT,IRB InvIT Fund,0.609232263198516,0.06201550387597869,1.3664206062509887,1.6698172652804182,7.209302325581401,5.803278688524601,1.991150442477884,-36.725490196078425,Real estate investment trusts,64.54,INR,65,INR,62.9832,61.59939999999999,64.09454572900798
LEMONTREE,Lemon Tree Hotels Ltd.,1.0941329141673528,0.05720278386881711,-0.5213270142180068,-7.938596491228068,-6.042972247090421,-6.378233719892945,-39.37030618139803,70.37338215497995,Hotels/Resorts/Cruise lines,104.95,INR,180.68,INR,111.58179999999999,123.72965,107.91971795236041
RAILTEL,RailTel Corp. of India Ltd.,0.6125343238265291,0.05537098560355634,-2.849462365591394,-6.91964285714285,-14.238253440911247,-3.8488825824760435,-22.777777777777775,148.6697247706422,Major telecommunications,271.05,INR,412.9,INR,291.338,314.9705499999989,280.1356582765393
VSSL,Vardhman Special Steels Limited,1.1165121814039307,0.05495260337958198,2.002801120448173,19.471784776902876,30.80100574712644,49.73273026315789,35.070474777448055,2817.4749456961895,Steel,364.15,INR,375.95,INR,317.8019999999999,278.8153000000001,349.1359995772273
DABUR,Dabur India Limited,0.9650387277367238,0.052534804307850964,-1.7539334537013185,-7.548543689320394,-10.418626528692382,-21.625514403292186,-32.58407079646018,5214.855559611844,Household/Personal care,380.9,INR,551.65,INR,416.5830000000006,461.1265000000001,394.65079887605503
COFORGE,Coforge Limited,0.516174838783577,0.05071508266558474,3.0182767624020865,13.047962867457455,35.708880786957415,71.14600503166477,13.314187248707638,13599.863001369988,Information technology services,1972.8,INR,2021.2,INR,1692.4020000000019,1530.1969999999963,1883.524016419513
ASTRAZEN,AstraZeneca Pharma India Limited,0.5204857546201231,0.05042864346949068,-2.7519081296827954,-16.23642943305187,-17.861367400047314,-18.878504672897197,-23.448351890640502,23202.013422818793,Pharmaceuticals: major,6944,INR,9849.5,INR,7836.020000000008,8419.990000000002,7315.252335636354
DOMS,DOMS Industries Limited,2.1212612088231904,0.04982786736727257,0.7159142726858102,-2.42534016610709,3.748414674244902,3.694835680751165,-18.946788990825695,57.764285714285705,Office equipment/Supplies,2208.7,INR,2755,INR,2255.3060000000023,2342.5030000000006,2220.7711165919104
DHANUKA,Dhanuka Agritech Limited,0.8976630565835962,0.049497599366430736,2.520795293162916,-0.8194308145240454,-7.711624509177238,1.3386142584979468,-38.599635479951395,991.4147103977259,Chemicals: specialty,1010.65,INR,1620.4,INR,1019.793,1078.3519999999971,999.5283564332843
DIVGIITTS,Divgi TorqTransfer Systems Ltd.,0.5644026386076678,0.04857512953367139,2.9833333333333294,28.461538461538456,55.485656768998496,75.53977272727272,88.26934795856185,99.32258064516128,Auto parts: OEM,1235.8,INR,1329.8,INR,1063.6450000000002,777.641,1186.7974997415997
TEAMLEASE,TeamLease Services Limited,1.5902871839304222,0.04799999999999273,-0.7460317460317533,-0.7539084199666694,-10.415472779369635,8.46487424111014,-33.19444444444445,45.41860465116278,Personnel services,1250.6,INR,1944.3,INR,1311.3239999999942,1374.1354999999944,1260.694270767913
ADANIPORTS,Adani Ports & Special Economic Zone Ltd,0.4298013453520233,0.04687957808379458,-0.2745327102803765,-0.052687038988414175,-5.228975853455456,14.660846205507049,27.60089686098654,1008.6363636363636,Other transportation,1707.3,INR,1891.1,INR,1745.0380000000002,1603.6050000000002,1691.2582127161688
SHALBY,Shalby Ltd.,0.5421834085035566,0.04585953878408124,-1.7499839155890102,-7.956120788379235,-13.980735650312617,3.147585275244847,-23.261306532663312,-36.291197329995825,Hospital/Nursing management,152.71,INR,274.7,INR,161.92419999999996,169.3674999999999,155.47085951295335
VERTIS,Vertis Infrastructure Trust Units,0.16393442622950818,0.043478260869562746,-0.6047516198704128,1.8141592920353957,6.527777777777776,7.523364485981307,15.91939546599496,15.049999999999997,Investment trusts,115.05,INR,125,INR,111.63860000000003,,114.6000832406151
CDSL,Central Depository Services (India) Limited,0.65352983398686,0.04304160688665058,-1.1482846611851465,3.303703703703697,13.937908496732021,13.752039151712882,-8.59277708592778,1015.6799999999998,Investment banks/Brokers,1394.6,INR,1673.7,INR,1362.7140000000038,1347.3555000000008,1378.5293099095534
SAGILITY,Sagility Limited,0.3089484396812845,0.04273504273504942,5.474205902230231,5.688487584650121,16.1786600496278,18.591691995947325,4.930524428507402,50.74050225370252,Miscellaneous commercial services,46.82,INR,57.89,INR,42.87620000000006,44.54230000000003,44.7287815108024
PTCIL,PTC Industries Ltd,1.184983153015592,0.041981528127623846,15.539393939393939,31.66473285816896,26.991739941380228,32.403600400044446,73.42260388618004,671.1974110032362,Metal fabrication,23830,INR,24125,INR,18992.640000000018,17824.619999999963,21194.552962859016
MAZDOCK,Mazagon Dock Shipbuilders Ltd.,1.0626096221419856,0.04042037186742118,-4.181184668989547,3.1164069660861675,1.0204081632653061,3.847606260227408,-9.671532846715328,2203.3969288040953,Trucks/Construction/Farm machinery,2475,INR,3061.4,INR,2463.196,2469.660000000002,2511.667823632387
CEMPRO,Cemindia Projects Ltd,1.8275121746871237,0.038553473667977484,2.642405063291146,-1.338403041825088,14.611307420494706,130.09665691229935,76.5170068027211,3984.369392441833,Engineering & construction,1297.4,INR,1649.2,INR,1378.2660000000005,921.0500000000002,1284.4019237499763
NEOGEN,Neogen Chemicals Ltd.,0.7681038782294684,0.03743390576015076,-3.9965871839777267,1.6112167300380271,13.176283748014827,54.76328362530766,44.94237288135594,751.7529880478088,Chemicals: specialty,2137.9,INR,2483.9,INR,2113.204,1588.826000000001,2162.459952534863
DLF,DLF Limited,0.676978276553515,0.03667571334262452,0.27941176470587903,4.722414190278738,17.285861713106296,16.643859048922334,-11.670984455958552,29.491079737602732,Real estate development,681.9,INR,794.8,INR,662.7760000000005,634.0444999999988,673.521138910368
DECNGOLD,Deccan Gold Mines Limited,0.6245756436998374,0.03274087932647015,-7.170450106341414,5.881479281152529,25.31200562489015,85.97391304347826,85.97391304347826,85.97391304347826,Precious metals,213.87,INR,250.8,INR,210.0392,,222.73215649287982
EMBASSY.RR,Embassy Office Parks REIT,0.8455545630917499,0.027361652643820723,0.1598210004794604,-0.3769728624957477,2.115921787709491,4.028930519326538,12.773778920308484,18.88617886178862,Real estate investment trusts,438.69,INR,462,INR,441.432000000001,434.24275,438.60207124418207
NATIONALUM,National Aluminium Co. Ltd.,1.0669592705903324,0.02673796791444458,-4.724309181204624,-1.8110236220472382,-9.309090909090903,-4.566326530612239,78.9952153110048,5995.315900768963,Aluminum,374.1,INR,445.15,INR,366.2830000000002,362.32915000000037,381.3444887885016
NPST,Network People Services Technologies Limited,0.8477447791080137,0.023277467411537685,4.486322188449845,11.973941368078174,19.860529986052995,62.47282351829094,-19.463967763096235,6042.233878108823,Packaged software,1718.8,INR,2208.6,INR,1595.6079999999993,1373.994750000001,1636.2132753192138
SHIPROCKET,Shiprocket Limited,0.22267172394933163,0.022076679667378866,2.8917486752460206,3.755725190839685,3.755725190839685,3.755725190839685,3.755725190839685,3.755725190839685,Packaged software,135.92,INR,156.9,INR,,,
ARSSBL,Anand Rathi Share and Stock Brokers Limited,0.7015257271759388,0.019419361103002047,-0.3868097862875931,-0.5694980694980782,-3.1769903186389867,3.631790744466792,19.224537037037027,19.224537037037027,Investment banks/Brokers,515.05,INR,794.85,INR,526.6180000000002,559.3595000000001,513.9210450800697
UTIAMC,UTI Asset Management Co. Ltd.,0.4145558074298258,0.017037710131755708,-1.1395531604356226,-3.9749182115594377,-5.307022260458115,-10.843922442160686,-34.86574450772987,76.10999999999999,Investment managers,880.55,INR,1418,INR,919.8429999999998,997.433,891.7966580522437
TIMKEN,Timken India Limited,0.38264610537158783,0.016001024065540194,-2.0895989974937286,-2.4136638980827994,-13.641890024868744,-5.8644578313252955,6.2087949432474785,2055.3793103448274,Industrial machinery,3125.3,INR,3925,INR,3213.1020000000003,3275.2540000000013,3174.1323527328154
HAPPSTMNDS,Happiest Minds Technologies Ltd.,0.25309577786773824,0.01412628902387664,-15.934457373545479,-9.370199692780343,-3.634136382196821,3.9342337052260645,-38.43478260869565,1.1428571428571428,Data processing services,354,INR,583.4,INR,386.59099999999876,401.5937499999987,394.47875763173124
PNGSREVA,PNGS Reva Diamond Jewellery Limited,0.6563575345746387,0.009684292078262293,-5.7153291335707035,-1.1202604366143283,36.96286472148542,41.42700629964393,37.693333333333335,37.693333333333335,Other consumer specialties,516.35,INR,644,INR,475.98499999999984,,527.2188688393953
BANKINDIA,Bank of India,0.45808129370367257,0,0.07591966319277635,2.844173345627343,3.645461043602569,-11.314984709480122,27.103786816269285,538.7664916842955,Major banks,145,INR,178.36,INR,142.44180000000006,147.75055000000006,143.3335793687822
SHUKRAPHAR,Shukra Pharmaceuticals Ltd.,1.7705281837081999,0,17.35593220338983,23.52521408182683,23.52521408182683,23.52521408182683,23.52521408182683,23.52521408182683,Pharmaceuticals: major,51.93,INR,55.54,INR,,,
NHIT,National Highways Infra Trust Units,0.1694915254237288,0,0,-0.17513134851139017,2.826217678893559,11.400651465798045,23.91304347826087,68.88888888888889,Investment trusts,171,INR,174,INR,167.92319999999984,150.48640000000003,169.87088608015986
ANANTAM,Anantam Highways Trust,0.11601701548526008,0,0.9619963806076819,0.8659244457131949,-0.8419083255378912,2.4154589371980677,2.912621359223301,2.912621359223301,Investment trusts,106,INR,117,INR,105.11859999999993,104.53649999999999,105.54718324828166
SHREMINVIT,Shrem Infra Invest Private Limited,4.107142857142857,0,-0.49504950495049505,-0.49504950495049505,-0.49504950495049505,0.5,-5.188679245283019,0.5,Investment trusts,100.5,INR,107,INR,101.10919999999996,104.13394999999998,101.05673685048015
FORCEMOT,Force Motors Limited,0.6833543786674589,0,0.8354940939210602,-5.354245538128718,-6.367041198501872,-20.091324200913242,-13.537549407114625,1370.5882352941176,Motor vehicles,17500,INR,26450,INR,18030.739999999987,19548.08000000001,17759.831703601776
SEITINVIT,Sustainable Energy Infra Trust,0.0447427293064877,0,0,-3.1746031746031744,-1.4141414141414141,-2.4,12.962962962962964,22,Real estate investment trusts,122,INR,130,INR,,,121.65181224646483
AMBUJACEM,Ambuja Cements Limited,0.3847357005894339,0,-1.591544162313209,-8.16326530612245,-5.813953488372093,-14.862308177422744,-31.35593220338983,199.88893002591632,Construction materials,405,INR,600.8,INR,424.7109999999996,470.98974999999956,412.7287736189906
BAJAJ_AUTO,Bajaj Auto Limited,0.5623561050132074,-0.008389261744966443,0.9229466553767993,2.1774539219888553,14.67192611121801,21.87116564417178,27.475935828877006,2554.56570155902,Motor vehicles,11919,INR,12470,INR,11144.479999999998,9990.477500000003,11800.281072488095
ETHOSLTD,Ethos Ltd.,3.0111800770646955,-0.010740754000921096,-3.1354051054383896,-3.3633217993079523,15.572108421270439,22.97666226332013,14.684625492772684,250.4454696722812,Catalog/Specialty distribution,2792.8,INR,3245.9,INR,2702.3839999999927,2592.648500000007,2825.176851520932
BFINVEST,BF Investment Limited,0.9726334073711113,-0.021301523058891447,5.948081264108358,-2.816026503778852,3.3924441017733304,22.85041224970554,-0.7086947323883999,443.2291540919178,Financial conglomerates,469.35,INR,584.7,INR,460.5039999999997,421.01275000000004,455.9017019409004
INFY,Infosys Limited,0.7143123645495137,-0.02654162611695608,0.5695977216091217,-3.805226866433987,-7.377049180327869,-13.277052954719878,-23.8544474393531,142052.33325820646,Information technology services,1130,INR,1728,INR,1110.2039999999981,1312.7630000000054,1135.4976228669805
RAMRAT,Ram Ratna Wires Limited,0.4246695439303005,-0.026747503566329756,-1.726555652936025,30.596319590030273,38.98116013882003,61.57060518731988,54.875690607734796,885.1087627985399,Electrical products,560.65,INR,602.45,INR,457.6020000000001,371.93537500000025,516.9541974825135
BAJAJHLDNG,Bajaj Holdings & Investment Limited.,0.7088210067451274,-0.026869682042095836,-2.139224969314396,-3.0234578627280624,9.549514181960939,5.30188679245283,-15.43939393939394,1377.4321641297154,Financial conglomerates,11162,INR,13880,INR,11030.759999999975,10716.945000000032,11278.030815655664
SANDUMA,Sandur Manganese & Iron Ores Ltd,0.6920236855379736,-0.03031987467783812,-4.912280701754385,-7.100258276590739,-12.130230079061906,-1.134432783608187,25.60647481282403,118.73205189659198,Other metals/Minerals,197.83,INR,273,INR,203.1010000000002,210.59044999999995,201.98114476670438
ZEEL,Zee Entertainment Enterprises Limited,0.417454168077528,-0.03273679615888382,-12.918250950570346,-8.736800159394297,-14.383177570093459,11.312272174969626,-21.967632027257242,-20.339130434782607,Broadcasting,91.61,INR,121.8,INR,102.0424,93.26679999999989,98.66404155055666
RSL,Rajputana Stainless Limited,0.4998029797990201,-0.03304692663582412,1.9662921348314606,25.215591583304597,39.74437942716354,48.77049180327869,48.77049180327869,48.77049180327869,Steel,181.5,INR,184.89,INR,148.15019999999996,,168.15192034274207
INGERRAND,Ingersoll-Rand (India) Limited,0.29342388345991344,-0.035077583360841415,5.113907572141458,10.071795337847053,24.54561813928378,27.324572930354794,24.863402061855666,1031.9392523364486,Trucks/Construction/Farm machinery,4844.7,INR,4955,INR,4502.557999999997,3993.759,4673.394551454803
JUBLFOOD,Jubilant Foodworks Limited,0.5034941222904107,-0.04141644232760171,-3.892483822797414,2.5276125743415414,12.086381051898297,-3.460000000000002,-25.38259390941413,2916.875,Restaurants,482.7,INR,667.75,INR,460.4539999999999,489.7845000000009,488.11076361710155
DATAPATTNS,Data Patterns (India) Limited,0.46320667075469174,-0.05013842565343844,-1.9461077844311376,0.5482456140350878,8.907363420427554,36.057449775957735,77.16383307573416,435.5995623573338,Electronic production equipment,4585,INR,5000,INR,4479.784000000003,3585.597,4577.2273375042805
VRLLOG,VRL Logistics Ltd.,0.8399396390293181,-0.050360919926148766,0.9152542372881317,4.547848990342402,27.71342771342771,10.05545286506469,6.321428571428568,106.7361111111111,Trucking,297.7,INR,310.2,INR,266.6090000000002,261.29089999999985,291.2617583351411
INDUSINVIT,Indus Infra Trust,0.4689911750373587,-0.052234907842693225,-0.8439443292863597,0.9192284508740196,6.2509915913057235,6.402923419129332,18.95204262877443,18.751662381416782,Real estate investment trusts,133.94,INR,138,INR,131.44259999999989,124.51665000000003,133.47764916743813
CARRARO,Carraro India Ltd.,0.38808171887206655,-0.05618503605207757,-2.3870495701481738,-1.17592592592593,0.49905838041430833,4.842829076620821,16.913133968671264,-18.026113671274963,Auto parts: OEM,533.65,INR,667.55,INR,538.4690000000005,532.7065,535.8984206502091
ALKEM,Alkem Laboratories Ltd.,0.5570127822110927,-0.05777007510109763,-3.035964502568893,-7.6594609020549775,-2.066232663458817,-6.989247311827957,-3.5315985130111525,276.0869565217391,Pharmaceuticals: major,5190,INR,5933.5,INR,5523.399999999991,5524.7374999999965,5360.571617208705
AVL,Aditya Vision Ltd.,1.183634762156722,-0.05829447035310172,1.703389830508467,-6.242187500000007,11.793199813693517,28.21581196581196,27.969716357432286,36.37499999999999,Electronics/Appliance stores,600.05,INR,705,INR,622.5400000000002,538.7772499999996,603.7898082252522
INDIGO,InterGlobe Aviation Ltd,0.5774978672623973,-0.06024096385542169,-4.2700519330640505,-8.846153846153847,10.796972395369545,12.482202183198865,-13.892733564013842,481.56111920496755,Airlines,4977,INR,5970,INR,5237.751999999992,4884.636000000002,5150.726989768095
GEOJITFSL,Geojit Financial Services Ltd,0.5800048852199775,-0.060408360517092134,0.09680542110357973,4.7353760445682385,10.146471371504667,35.60655737704918,6.4607464607464555,899.2706218392223,Investment banks/Brokers,82.72,INR,86.5,INR,79.57519999999988,71.97340000000008,81.30451659263446
WINDLAS,Windlas Biotech Ltd.,0.7243833287154943,-0.06654245408570669,13.732518806482545,30.629167874746294,39.884500745156465,49.17555128799417,13.520459584761122,157.74599542334093,Pharmaceuticals: major,1126.35,INR,1152.4,INR,907.7490000000007,825.6129999999993,997.0442498362835
TECHM,Tech Mahindra Limited,0.5729150520368295,-0.0688360450563147,-0.19374999999999432,-3.974744437763073,5.8460926625571705,20.067669172932337,6.02881614766617,1126.0268714011515,Information technology services,1596.9,INR,1854,INR,1563.9420000000025,1516.8075000000024,1606.189808883334
JKIL,J. Kumar Infraprojects Limited,0.4325970448633345,-0.07176542956734999,-3.6857707509881377,-1.5255607193372307,-0.743380855397144,2.052141137053714,-24.9075500770416,794.2201834862385,Engineering & construction,487.35,INR,672,INR,494.2529999999998,520.9225000000005,494.40941626647884
JSL,Jindal Stainless Limited,1.4506687114124543,-0.07448537378114227,4.808238636363639,-0.22312373225151821,6.012931034482762,-3.919526010807998,-3.9507940640458243,2094.7724052099857,Steel,737.85,INR,884,INR,720.8229999999996,749.2474999999998,723.4992832889508
SURYAROSNI,Surya Roshni Limited,1.2349495656072966,-0.07846395273700152,-0.7609443043777202,-9.792074669777907,-15.762645914396884,1.163551401869163,-29.93851132686084,6772.6984126984125,Steel,216.49,INR,314.5,INR,237.52279999999996,243.1282500000001,223.11920253831917
GARUDA,Garuda Construction and Engineering Limited,0.5366856961695331,-0.0838550983899853,1.7187411075066767,2.836593785960862,4.557154557154552,9.41536577900214,-12.814634146341469,70.21904761904761,Engineering & construction,178.73,INR,249.3,INR,178.45119999999986,179.99740000000008,179.0258555866826
SANOFICONR,Sanofi Consumer Healthcare India Limited,1.7894502559537058,-0.08798211822893942,0.4999043245311815,-8.880551700208189,-11.504033362117987,-1.3685446009389715,-19.198076923076925,-10.027837259100645,Pharmaceuticals: major,4201.7,INR,5357,INR,4466.984000000003,4491.78600000001,4274.44989781213
SUVEN,Suven Life Sciences Limited,0.5118156388887883,-0.09250693802035753,2.717391304347826,21.367795793867398,40.311804008908695,177.94117647058823,75.81395348837209,40497.42657423771,Pharmaceuticals: major,378,INR,403.35,INR,334.85400000000016,222.1032999999999,360.1537691399105
KSCL,Kaveri Seed Co. Ltd.,0.351280746652896,-0.09398496240600589,-5.79820230408912,-6.36718258462313,-12.970760233918126,1.5697515697515696,-38.757201646090536,1723.7745098039218,Agricultural commodities/Milling,744.1,INR,1225,INR,814.9799999999999,878.724,772.055777746358
BAGMANE.RR,Bagmane Prime Office REIT,0.7716514965034047,-0.09400263207369272,-0.6450406656071774,0.520192944292062,2.517603935564772,2.6859903381642525,2.6859903381642525,2.6859903381642525,Real estate investment trusts,106.28,INR,110.46,INR,105.5924,,106.59013351055616
HEXT,Hexaware Technologies Limited,0.2698332880978881,-0.0945000945000945,-6.525198938992038,-6.4424778761061905,-1.4265734265734222,14.353704705246082,-30.263852242744058,-29.094567404426556,Packaged software,528.6,INR,807.75,INR,555.1640000000002,574.7015000000002,550.4389797259124
ICRA,ICRA Limited,0.5170062678594682,-0.09817356267768763,1.485559941824226,-4.878286270691334,-3.9618560755013763,-11.182834803163924,-22.652414885193984,804.5370370370371,Financial publishing/Services,4884.5,INR,6982,INR,5070.432000000004,5517.562999999989,4966.505886547376
CCL,CCL Products (India) Limited,1.030156629515655,-0.09934073873384891,-0.4768331084120517,-2.3740181802135614,3.4798877455565993,6.879227053140101,16.4421052631579,16534.586466165412,Food: specialty/candy,1106.2,INR,1242.2,INR,1154.554,1068.32975,1113.4342602962513
CENTURYPLY,Century Plyboards (India) Ltd.,0.27649609494664307,-0.100106780565937,1.141891891891898,-3.2572868868351232,-2.0481612354403844,5.267229254571033,-4.057172157415713,3738.2051282051284,Building products,748.45,INR,859,INR,770.1020000000025,766.5570000000008,757.345949024758
ICICIPRULI,ICICI Prudential Life Insurance Co. Ltd.,0.6892203718108465,-0.100999899000101,-3.076923076923075,-3.970873786407765,3.2355703997495042,-20.330245670559805,-22.726562499999996,49.86363636363637,Life/Health insurance,494.55,INR,706.8,INR,503.5669999999999,567.3037499999999,504.350060951046
SAIL,Steel Authority of India Limited,0.5376232720039142,-0.10152284263958815,1.9425019425019423,12.489282652186352,-0.35443037974682967,26.640926640926647,51.384615384615394,635.7009345794393,Steel,196.8,INR,209.7,INR,173.58880000000022,163.92935000000006,185.81058096181636
NDRAUTO,NDR Auto Components Ltd.,0.44480843412705606,-0.1035625517812759,-1.7852294325278275,-12.679541339770665,-10.375371655104063,2.9089615931721258,-32.23585612588983,2530.7272727272725,Auto parts: OEM,723.45,INR,1186.6,INR,805.1549999999994,780.6504999999997,755.9014410479738
MANIPALHOS,Manipal Health Enterprises Limited,0.5534750471911397,-0.11019283746555848,-10.909090909090905,11.226993865030682,11.226993865030682,11.226993865030682,11.226993865030682,11.226993865030682,Hospital/Nursing management,725.2,INR,815,INR,,,723.4910258071483
GOPAL,Gopal Snacks Limited,0.5848917234172882,-0.11303692539561211,-5.033136306645157,-4.296028880866418,-8.900343642611675,-9.336525307797523,-30.236842105263154,-24.47293447293447,Food: specialty/candy,265.1,INR,398,INR,271.539,291.8162499999993,273.4879730053055
BLUESTARCO,Blue Star Limited,1.3101465006779491,-0.11442417715555263,-0.6693440428380187,-12.090515964694031,-8.727474014392033,-23.465703971119133,-27.18351324828263,44869.696969696975,Industrial machinery,1484,INR,2032.9,INR,1589.8519999999978,1721.1125000000006,1509.8465680774145
PATANJALI,Patanjali Foods Limited,0.8786344191092871,-0.11665208515601554,-1.8624641833810889,-5.098365198115816,-19.41176470588235,-31.486297259451888,-44.30586874621782,6242.598547587896,Agricultural commodities/Milling,342.5,INR,614.9,INR,364.29099999999994,464.6154999999999,349.60960287329914
ANURAS,Anupam Rasayan India Ltd.,0.3081937637504556,-0.12094823415578133,-2.1100047415836922,1.950617283950621,-8.5830258302583,-1.0227726727926452,9.454802509498984,138.21153846153845,Pharmaceuticals: major,1238.7,INR,1415,INR,1243.1340000000012,1276.6134999999988,1242.1919993311958
EQUITASBNK,Equitas Small Finance Bank Ltd.,0.36529576188690766,-0.12322015334063992,-1.6448698934879316,-4.98827819744725,0.20604395604396386,25.86266390614217,41.65048543689321,134.56591639871382,Regional banks,72.95,INR,83.9,INR,76.36939999999998,68.23274999999998,74.59124999276267
OSWALPUMPS,Oswal Pumps Limited,2.192067936559843,-0.1252012162403945,-5.67567567567568,-15.136778115501523,-30.200000000000003,-7.93075020610058,-66.94293156523798,-55.96214511041009,Industrial machinery,279.2,INR,840,INR,345.7099999999999,399.608,300.2889206841807
PPLPHARMA,Piramal Pharma Limited,0.7890249153313014,-0.12587999440533834,-0.5478180129990746,5.792878660674597,26.08593290170688,40.01307189542484,5.3195673549655815,9.673059398134404,Pharmaceuticals: major,214.22,INR,220.36,INR,194.77119999999985,171.97894999999988,210.24557665440508
VINDHYATEL,Vindhya Telelinks Limited,0.7998942391439592,-0.12791462612382137,8.011857707509874,11.538775510204074,25.878667833617378,172.18127490039836,78.02605863192181,6731.75,Engineering & construction,2732.7,INR,2814,INR,2205.906,1626.91875,2494.870064735633
DIAMONDYD,Prataap Snacks Ltd.,0.33809087031962937,-0.12933264355923435,-1.0084608153149266,-1.588785046728976,-0.6433350488934637,14.66046327459908,11.268011527377519,-8.795275590551183,Food: specialty/candy,1158.3,INR,1245,INR,1167.848,1086.5787499999992,1165.7140641579533
MVELECTRO,Mv Electrosystems Limited,0.45440179869645886,-0.130021213987536,12.278812124942311,40.32692307692309,40.32692307692309,40.32692307692309,40.32692307692309,40.32692307692309,Trucks/Construction/Farm machinery,729.7,INR,780,INR,,,637.5344897959184
LTM,LTM Limited,0.6766430329249526,-0.13157894736842105,1.1797640471905702,-0.7626933972543037,10.56081573197378,6.6510538641686185,-13.008595988538682,582.7586206896551,Data processing services,4554,INR,6429.5,INR,4299.33,4828.065000000005,4544.041411141841
SHADOWFAX,Shadowfax Technologies Limited,0.33592991281927,-0.13466717968448094,8.78038558256497,3.9530599166933693,27.542997542997547,109.21328389488957,130.50621669627,130.50621669627,Packaged software,259.55,INR,268.65,INR,236.19099999999995,,250.96871182159003
TITAN,Titan Company Limited,0.5687560975074449,-0.1392480604734434,-2.6188166828322017,2.2361614598183412,17.591941906769737,18.11764705882353,34.224598930481285,105196.279083299,Other consumer specialties,5020,INR,5186.7,INR,4837.741999999998,4314.0515000000005,5038.641718368862
SENORES,Senores Pharmaceuticals Ltd.,0.5575590987998755,-0.13982102908277402,-3.133053031330518,4.148742253007662,36.80681927018487,92.53268634586874,100.42093447453345,138.0666666666667,Pharmaceuticals: major,1428.4,INR,1599,INR,1417.3879999999997,1014.30125,1454.7797608677183
SAPPHIRE,Sapphire Foods India Ltd.,0.5714337660594331,-0.14425598880922544,-4.22222222222222,18.78835153406136,26.694398225180255,22.1485482059783,-29.278637770897834,-15.396296296296294,Restaurants,228.43,INR,338,INR,206.34779999999992,202.48125000000024,229.07089893998454
IOC,Indian Oil Corp. Ltd.,0.5537182549271601,-0.14513788098694996,0.021807080031984546,-4.371394815484045,-1.0071942446043207,-20.027897245147045,-2.535769939084865,628.4697740631938,Integrated oil,137.6,INR,188.96,INR,139.86440000000022,151.44925000000003,138.4322381462191
TURTLEMINT,Turtlemint Fintech Solutions Limited,0.261242918758067,-0.14554023147825876,-6.210128889467512,25.286956521739143,6.805040770941443,6.805040770941443,6.805040770941443,6.805040770941443,Insurance brokers/Services,144.08,INR,160,INR,134.78799999999998,,142.1395176693062
ASTRAL,Astral Limited,0.39426627963782945,-0.15382557517388673,-2.7806720500130124,3.1008287292817744,-3.9935691318327917,-10.551228280407425,4.3986013986014045,32109.276960437735,Miscellaneous manufacturing,1492.9,INR,1768.7,INR,1446.3540000000025,1505.9859999999978,1503.6334455835402
PARKHOSPS,Park Medi World Limited,0.7412154870015866,-0.15695849319846134,-1.6323024054982818,0.8100017608733973,0.12242042672263825,48.3160621761658,80.25818639798487,80.25818639798487,Hospital/Nursing management,286.25,INR,305,INR,284.1639999999997,,283.2011012665033
ASTERDM,Aster DM Quality Care Limited,0.43866284154638907,-0.1588310038119441,3.408567480423765,-6.458333333333333,6.340506157802141,19.414893617021278,25.72,329.37158469945354,Hospital/Nursing management,785.75,INR,891.3,INR,800.694000000001,698.6827499999999,782.5110213255214
HEROMOTOCO,Hero Motocorp Limited,0.9261891489019112,-0.16012056136385042,-4.4872950081095695,-4.983865184653998,8.207431604736627,-4.86447675462215,-3.723887375113533,1599.8076343736102,Motor vehicles,5300,INR,6388.5,INR,5310.934000000005,5417.0535,5509.9740936129265
TMPV,Tata Motors Passenger Vehicles Ltd,0.4961429589864953,-0.16025641025641024,-1.889763779527559,-10.744985673352435,-22.31920199501247,-12.005649717514125,-26.906671899115874,2361.7158825905985,Motor vehicles,311.5,INR,446.57329736,INR,332.20600000000064,350.08524999999895,320.64807684351007
BHEL,Bharat Heavy Electricals Limited,0.845952493643427,-0.16211208893005757,-0.6682027649769533,4.64862240563176,10.538461538461544,68.03741960631456,94.96201157742402,3395.4035216663183,Electrical products,431.1,INR,446.5,INR,412.86800000000005,333.59865000000013,423.3254819606632
SGFIN,SG Finserve Limited,0.8985095151609784,-0.16252955082740975,-2.1858714533873638,-5.218123158928312,16.903114186851216,78.28496042216359,77.74562672629227,65.81595092024541,Investment banks/Brokers,675.7,INR,727.45,INR,669.29,508.32325000000014,679.6635769990199
ESABINDIA,Esab India Limited,0.6114749121817945,-0.16454134101192924,-0.7280759162303665,7.0294584582818835,1.7354124748490947,13.220750139951484,18.36714787358564,7846.955021531238,Electrical products,6067.5,INR,7319.5,INR,5857.939999999995,5840.218500000005,6055.3565817164845
ELECTCAST,Electrosteel Castings Ltd.,0.4663690740443053,-0.16696481812760952,5.962025316455688,16.26388888888888,11.464713715046605,30.20687509721572,-17.84277161644912,1295.1666666666665,Steel,83.71,INR,103.95,INR,75.34700000000004,75.73794999999986,78.44429238415886
CONCOR,Container Corporation of India Limited,0.7376502755997244,-0.16704333300580185,1.1247138449288299,-2.298297913260899,12.252789746989281,6.054279749478079,-8.303249097472925,2488.302273242402,Railroads,508,INR,569.8,INR,500.95300000000026,495.6292500000002,511.420608527786
BIRET.RR,Brookfield India Real Estate Trust,0.5704187561606122,-0.1694073662996127,0.0849194729136224,-0.20438552950450775,6.676029962546831,-1.4730469876044847,6.876172607879927,21.3311991007739,Real estate investment trusts,341.79,INR,375.69,INR,340.9836000000003,335.65525000000036,342.31921438416134
FINPIPE,Finolex Industries Limited,0.8410457430483822,-0.16991818753933935,-1.1897346455711952,-4.324487334137524,-8.728423475258927,-14.737973662993827,-27.250630589314383,11071.12676056338,Miscellaneous manufacturing,158.63,INR,222.5,INR,164.52279999999988,172.32525000000015,160.41441576760735
PRSMJOHNSN,Prism Johnson Limited,0.13359225938956584,-0.17069445692210738,-0.4301075268817113,1.944954128440371,-6.723747166960456,-11.774513695911073,-27.703318152244623,738.6415094339623,Construction materials,111.12,INR,176,INR,110.47620000000006,123.3375,110.03456489921783
GUJALKALI,Gujarat Alkalies & Chemicals Ltd.,0.49564845005064156,-0.1729266099467386,0.9230769230769262,5.036390101892288,8.789386401326711,56.86956521739131,20.719364282726897,330.60609179917975,Chemicals: specialty,721.6,INR,815,INR,659.3579999999996,588.8157499999994,699.9193793317464
INDIAMART,IndiaMART InterMESH Ltd.,0.801683289947059,-0.17924255565191727,-2.1259708600260785,-3.8538650033414914,-13.428943937418511,-17.04387102974388,-32.16502946954813,192.61016949152545,Internet retail,1726.4,INR,2630,INR,1815.4460000000001,2063.589000000002,1759.5326099102126
MILKYMIST,Milky Mist Dairy Food Ltd.,0.4854759630592616,-0.18189726758668967,17.4093023255814,52.987878787878785,52.987878787878785,52.987878787878785,52.987878787878785,52.987878787878785,Food: meat/fish/dairy,252.43,INR,268.69,INR,,,
KICL,Kalyani Investment Co. Ltd.,0.32568550643536653,-0.18225419664268586,-0.39245716473628794,-5.011410314924692,2.522167487684729,8.373255571755884,6.053811659192825,523.8609112709833,Financial conglomerates,5203,INR,6554.9,INR,5386.630000000008,4993.198500000002,5274.040846767792
SAREGAMA,Saregama India Limited,0.7395408694850928,-0.18231540565177298,0.4280036686028784,-10,7.822757111597374,50.15998781045255,-0.3740396279822124,5658.692685252454,Movies/Entertainment,492.75,INR,574.5,INR,503.76999999999975,400.71425000000016,500.82380006944373
PRIVISCL,Privi Speciality Chemicals Limited,0.8626239402212962,-0.18378538609751943,-2.3999304367989254,-8.24795640326975,3.929012345679018,15.71477663230241,47.552692695324495,1041.457627118644,Chemicals: major diversified,3367.3,INR,3785.3,INR,3574.524000000003,3186.417500000002,3456.755850934361
SANSERA,Sansera Engineering Limited,0.7615507392158521,-0.1847160650200549,-1.9543805080352539,6.71142832961887,28.441426146010183,68.48997772828508,188.74809160305344,366.124460874923,Auto parts: OEM,3782.6,INR,4084.9,INR,3524.442000000001,2515.235499999999,3795.288776330256
NITCO,Nitco Limited,0.1660385814077778,-0.1869547154133847,-1.223147291602438,-10.354477611940307,3.3333333333333273,39.2955500797217,-19.250483152676253,-46.611111111111114,Building products,96.1,INR,126,INR,102.15639999999985,91.77134999999993,96.14903485484358
NITINSPIN,Nitin Spinners Limited,0.3510692970178229,-0.1874267864115651,2.7907350812288736,11.527050610820236,16.83883353140139,72.06515885837372,86.3662875473899,2030.1666666666665,Textiles,639.05,INR,649.55,INR,569.361,437.29750000000024,604.1904905311891
MIIL,Meghna Infracon Infrastructure Limited,0.9214730228183801,-0.18791759465479158,-1.0282953761214693,3.920289855072457,3.920289855072457,3.920289855072457,3.920289855072457,3.920289855072457,Investment managers,717.05,INR,742.9,INR,,,
GRWRHITECH,Garware Hi-Tech Films Limited,0.5329217982713111,-0.19014084507042253,0.02823064436445762,-4.106901217861975,20.85784940735056,77.11379370673065,143.0212620027435,700.9154701730954,Chemicals: specialty,7086.5,INR,7990,INR,7041.569999999999,4924.106499999997,7125.992744589456
MAHLIFE,Mahindra Lifespace Developers Limited,0.46684228496519614,-0.19278435692647905,-2.0143301338380546,-9.614665170220729,7.728894173602854,1.5837421163279544,1.7977528089887576,81.06251960004586,Real estate development,362.4,INR,427.05,INR,376.19599999999963,363.8090000000004,371.302955644767
GUJENERGY,Gujarat Energy Ltd,2.514696898553787,-0.19310867095798853,4.6407304485906975,-5.472476241707027,-35.07635467980296,-32.92875318066158,-40.28318985047576,93.81617647058822,Gas distributors,263.59,INR,452,INR,276.60359999999935,360.88964999999996,263.8707812339203
IEX,Indian Energy Exchange Ltd.,4.6526020657356595,-0.2014267729752489,-2.5327868852459043,-8.734361808273848,-4.158942532441361,-1.7353937691099979,-17.423611111111114,137.82,Investment banks/Brokers,118.91,INR,160.27,INR,124.02220000000007,128.25875000000028,122.31421923191772
VESUVIUS,Vesuvius India Ltd,0.4654526246950223,-0.2023809523809578,-1.1671775524640522,-8.58233369683752,-12.366715450554054,-15.323232323232327,-19.409728898288797,5371.932257752801,Construction materials,419.15,INR,607.9,INR,448.25199999999995,472.8937499999998,428.8833413777356
ASHOKLEY,Ashok Leyland Limited,1.089770054476484,-0.20667257159728036,-5.056179775280899,-2.8735632183908044,15.753424657534246,-16.539088350041983,27.64350453172205,15125.224539404302,Trucks/Construction/Farm machinery,169,INR,215.42,INR,166.04819999999984,171.02490000000006,171.85477040228992
BDL,Bharat Dynamics Ltd.,1.141980256472566,-0.21467758606981358,-6.746916332293058,-0.8140361969493365,3.462489694971146,-2.052602825255596,-14.915254237288135,578.3783783783783,Aerospace & defense,1255,INR,1654,INR,1310.3760000000025,1348.865499999998,1303.9161059322971
GHCL,GHCL Limited,0.6360540993546776,-0.21711804365215143,-0.8065432239009326,-1.9977553310886593,-1.6998761679612642,-6.709401709401704,-23.637953651071268,2963.8596491228072,Textiles,436.6,INR,667.2,INR,435.8939999999999,488.2875,437.6671384967671
TVSSRICHAK,TVS Srichakra Limited,0.22013092101920997,-0.2190893503524481,-0.2646913204097886,30.9375,27.74390243902439,38.33861595351294,78.18868438063483,4301.26050420168,Automotive aftermarket,5237.5,INR,5760,INR,4384.590000000002,4104.650499999998,4943.2662954093485
LTTS,L&T Technology Services Ltd.,0.474014171330224,-0.225636924483024,-1.4583921015514758,-0.7838904825470734,5.863991757076186,5.66545674531156,-17.4940954180444,279.7065217391305,Miscellaneous commercial services,3493.3,INR,4726,INR,3444.7660000000005,3678.4830000000034,3538.8231379948143
GODREJCP,Godrej Consumer Products Limited,0.747131088348895,-0.22727272727272727,-5.36753610691959,-17.94392523364486,-12.418952618453865,-22.465559872836458,-32.92589763177998,18008.158176725112,Household/Personal care,878,INR,1273.9,INR,1011.8659999999998,1089.6497499999996,935.2804405950202
RPSGVENT,RPSG Ventures Limited,1.0669411448335975,-0.22800912036481188,-3.7898512989643,-13.84455958549223,-10.481830417227458,28.72958117209878,-8.60723315378697,52.55045871559632,Financial conglomerates,831.4,INR,1179,INR,887.5409999999996,822.2302500000001,864.9533552855115
VINATIORGA,Vinati Organics Limited,1.8619788288405157,-0.22836263987211694,-1.0792452830188646,-1.1613000527863557,0.43678160919540576,-4.994201217744264,-24.389962503605418,8638,Chemicals: specialty,1310.7,INR,1849.9,INR,1322.4579999999978,1414.1615000000006,1322.4557956123747
GRINFRA,G R Infraprojects Ltd.,0.3615931008261035,-0.22959476523935254,-2.7090563080711894,-4.051667034665482,0.24221453287197495,-6.276285991588475,-33.09983834962666,-49.34871929364454,Engineering & construction,869.1,INR,1345,INR,890.2209999999994,934.3615,881.7960146252423
SHREECEM,Shree Cement Limited,0.49597084273039216,-0.2300292764533668,-2.5531045751633985,-11.680858941132914,-3.1269035532994924,-5.149105367793241,-21.477946017116523,110853.48837209302,Construction materials,23855,INR,30660,INR,25688.899999999954,25601.274999999994,24472.607584499663
DELTACORP,Delta Corp. Ltd. (India),1.045953509529878,-0.23111111111111565,-6.684403059527774,-12.843609256095672,-15.136851655829425,-3.5241533436479355,-40.51934287228405,120.51079683651092,Movies/Entertainment,56.12,INR,86.61,INR,62.26439999999996,65.15575000000001,59.38970130675516
RAMCOIND,Ramco Industries Limited,0.7722120368666703,-0.23148148148148145,-5.675517945725121,-2.297113495541793,6.788899900891976,15.0355871886121,4.03926617315739,791.7241379310345,Construction materials,323.25,INR,398.05,INR,344.0469999999998,306.9944500000001,336.8622264323077
CENTUM,Centum Electronics Limited,0.49501353154701067,-0.23304467572362297,10.770361658335787,1.8547057074107218,7.945558739255019,39.52962962962963,33.62536799914872,1509.957264957265,Electronic components,3767.3,INR,3968.8,INR,3600.677999999998,2931.4329999999986,3543.033168591708
CANBK,Canara Bank,0.94292772364936,-0.23847376788553032,-2.067889192352716,-2.7131782945736433,-5.7807807807807725,-14.961376880336097,15.243342516069784,1190.2827694271577,Major banks,125.5,INR,162.89,INR,127.4462,138.67794999999987,127.77128114125325
ABREL,Aditya Birla Real Estate Ltd,0.2789551134865876,-0.23966882126517405,-0.6078147612156362,-3.579952267303103,10.27617212588311,11.584077985377734,-25.26659412404788,7422.237999426413,Textiles,1373.6,INR,1965.3,INR,1400.1820000000005,1409.1345000000015,1385.2718253625355
BLEL,Behari Lal Engineering Limited,0.27856576764568924,-0.24215740231150745,-3.5851063829787284,-2.5483870967741984,-2.5483870967741984,-2.5483870967741984,-2.5483870967741984,-2.5483870967741984,Steel,453.15,INR,548,INR,,,
MHRIL,Mahindra Holidays & Resorts India Limited,1.2088454261318051,-0.24529844644316814,-2.0080321285140563,-8.995173321632295,-5.598543468365945,-24.855072463768114,-42.47677159894605,26.121747812395522,Other consumer services,207.4,INR,368.9,INR,223.72179999999997,261.0816999999993,215.69221600548568
PERSISTENT,Persistent Systems Limited,0.5778926871426342,-0.2474809969948736,-0.5989078738770477,1.8775952337967141,8.540103866128101,21.396609586094147,5.005582433941198,6142.256430013615,Information technology services,5643,INR,6599,INR,5297.958000000008,5459.616499999999,5605.496193216087
ATLANTAELE,Atlanta Electricals Limited,0.5447889636320745,-0.2491518235793069,11.739904988123518,14.465600097329519,-12.070093457943923,100.3940362087327,149.56233421750665,149.56233421750665,Electrical products,1881.7,INR,2152.6,INR,1694.2299999999998,1330.9589999999998,1763.383405222985
ELPROINTL,Elpro International Ltd,0.2028276328210972,-0.25223572575097325,-0.5771098794354557,-2.406192158842331,2.3529411764705883,74,74,74,Electronic components,174,INR,180.89,INR,175.083,,174.82916138348557
SOLARINDS,Solar Industries India Limited,0.8791112575741177,-0.25581395348837205,3.875030273674013,14.069148936170214,16.675734494015234,45.86450823017277,49.234516353514266,55299.12167398605,Industrial specialties,21445,INR,21695,INR,19068.000000000004,15599.469999999983,20095.739515743928
NIRLON,Nirlon Limited,0.9046441815292248,-0.257400257400261,-2.5003931435760305,-0.12082158679017317,0.09686793671295169,14.814814814814815,14.814814814814815,14.814814814814815,Real estate development,620,INR,657,INR,626.91,,632.7495517631507
SIRCA,Sirca Paints India Ltd.,0.4282655948547782,-0.2611262488646633,0.5378805218585541,0.09114731685085502,4.4589774078478,-4.4069640914037,-5.119343341613563,753.1895874077809,Industrial specialties,439.25,INR,539,INR,419.1589999999997,444.9195000000002,435.012675250951
NHPC,NHPC Limited,0.39235126416433275,-0.2616088947024236,0.06561679790025873,-6.853163938431468,0.18394429115753588,3.0405405405405403,-4.400702106318963,81.54761904761905,Electric utilities,76.25,INR,89.22,INR,78.227,77.89770000000013,76.64925444733967
DLINKINDIA,D-Link (India) Ltd.,0.6239955492260588,-0.26528130872113304,2.697473252902337,2.0701357466063297,-6.4586357039187305,14.345456849575456,-8.849378725123753,594.0769230769231,Telecommunications equipment,451.15,INR,549.2,INR,460.95100000000014,440.0657499999998,443.7041194988676
TRUALT,Trualt Bioenergy Limited,0.7458497368275591,-0.2696998123827339,-2.0161290322580645,-2.910958904109589,-15.1705565529623,14.314516129032258,-22.029702970297027,-22.029702970297027,Chemicals: specialty,425.25,INR,549,INR,445.74999999999983,433.046,441.99446864889654
MAHSCOOTER,Maharashtra Scooters Ltd,0.21340044837358826,-0.27128088569543224,-0.708080881816191,-2.8220332928484675,8.4688995215311,1.8876404494382022,-18.18345864661654,20509.090909090908,Industrial machinery,13602,INR,18538,INR,13211.599999999986,13181.615000000009,13471.951210660436
TTKHLTCARE,TTK Healthcare Limited,0.5323416188723872,-0.27193618564176936,1.130618623035201,5.383141762452111,20.17476788640088,26.28558310376492,-8.201919065498537,6.299516908212564,Pharmaceuticals: major,1100.2,INR,1216,INR,1039.9909999999998,968.3059999999999,1101.2171660410675
MANGLMCEM,Mangalam Cement Ltd,0.24782173152178422,-0.2731742851939537,1.0332103321033252,15.229628070913776,28.801599435493365,27.943925233644865,37.76100628930818,12205.617977528089,Construction materials,1095.2,INR,1120,INR,968.707999999998,855.6127500000008,1023.6177562553735
LT,Larsen & Toubro Limited,1.087408606733398,-0.2742138364779897,-2.000000000000002,-1.513043478260872,0.10353535353535123,-1.2677459526774617,9.417869662425124,7035.351468583618,Engineering & construction,3964.1,INR,4440,INR,3980.1639999999998,3982.866500000002,4017.9254094236812
ATGL,Adani Total Gas Ltd.,0.711875318235575,-0.27685041934694765,-4.914596273291922,-8.604477611940295,-18.025435073627843,26.25773195876289,2.408228112718451,750.4861111111111,Gas distributors,612.35,INR,859.85,INR,672.1880000000002,612.796500000002,638.4399497091318
TARSONS,Tarsons Products Limited,0.437210822823887,-0.2823179791976192,1.1759384893713356,1.6972268525534242,57.31364275668073,68.19548872180452,5.518867924528306,-50.7991202346041,Containers/Packaging,335.55,INR,375,INR,314.4792,238.0964999999998,333.7554678319337
BFUTILITIE,BF Utilities Ltd.,0.5661170538669332,-0.28492647058822695,7.9395085066162645,-4.999999999999992,-18.916292974588934,12.076446280991744,-34.817351598173516,-71.82077922077922,Engineering & construction,542.45,INR,898.7,INR,563.8070000000002,561.3220000000002,531.2251610260341
WABAG,VA Tech Wabag Limited,0.2568071186206015,-0.2883993834220056,-6.026524204508184,2.004171117554294,27.864566728304535,65.03168463500947,30.045395590142668,434.74666666666667,Engineering & construction,2005.3,INR,2253.5,INR,2027.1700000000003,1525.3709999999994,2010.661111554661
DODLA,Dodla Dairy Ltd.,0.2485535567872012,-0.28974670529957347,-2.1643433602347883,2.646011738670259,-2.5753424657534287,-2.9387680829769773,-28.880000000000006,93.96363636363635,Food: meat/fish/dairy,1066.8,INR,1487.4,INR,1085.362,1124.4540000000009,1083.9556075282987
USHAMART,Usha Martin Limited,1.719577628518401,-0.2908949869097256,4.714867617107938,0.813725490196074,-2.0480091445989714,22.0679012345679,35.55233324545214,3904.2836762126326,Metal fabrication,514.15,INR,529.3,INR,501.3950000000006,456.36300000000017,500.62794848327866
ABB,ABB India Limited,0.9022516724628593,-0.2960172228202368,-1.2131715771230502,-4.3624161073825505,3.275261324041812,25.593220338983052,41.95402298850575,8014.640270105585,Electrical products,7410,INR,7924.5,INR,7372.750000000005,6372.76500000001,7497.0056923467855
HUDCO,Housing & Urban Development Corp. Ltd.,0.49941662251618574,-0.30374993096591535,-1.0849315068493095,-11.509803921568624,-12.538759689922479,1.896590652517506,-17.19266055045871,147.28767123287673,Finance/Rental/Leasing,180.52,INR,246.85,INR,196.7194000000001,202.55535000000015,186.41160895147902
ICICIAMC,ICICI Prudential Asset Management Company Ltd.,0.2915196984118097,-0.3053691275167755,-4.619879285989472,-4.12740415644766,-11.18385650224215,-0.8112980769230679,14.265384615384619,14.265384615384619,Investment managers,2970.9,INR,3611,INR,3149.7819999999983,,3099.667252315092
SHRIRAMFIN,Shriram Finance Limited,0.9687627178903873,-0.3064547021643407,-5.791855203619909,-5.165345722875107,13.139876100423864,-0.27780438739343716,74.66442953020135,104652.96503720358,Finance/Rental/Leasing,1041,INR,1153.7,INR,1073.3139999999999,991.2020000000002,1086.1459891449804
REDINGTON,Redington Limited,0.5238665710089251,-0.3087662773526587,3.138888888888892,6.085714285714288,49.71774193548388,48.549709941988404,54.130344541303444,2756.153846153846,Electronics distributors,371.3,INR,378.8,INR,314.7650000000001,266.32600000000025,350.0851323409041
TEGA,Tega Industries Ltd.,0.4162372239216034,-0.3091190108191625,-5.7189841037822085,-2.8858218318695106,-17.48400852878465,-11.00891060649612,-22.781463560632517,103.6842105263158,Wholesale distributors,1548,INR,2125,INR,1627.8080000000014,1735.4885000000013,1622.063319259105
TCI,Transport Corporation of India Limited,1.0664636880738156,-0.3100241129865578,-3.6778166084206996,-5.76870895967873,-7.475888527734852,-12.585581957309705,-26.336331240454765,24082.255122468447,Trucking,868.2,INR,1242,INR,917.2610000000002,980.9345000000014,894.6461047746627
ESCORTS,Escorts Kubota Limited,0.8872248087373138,-0.3156268887247209,-0.1782051713123206,-4.693418940609946,7.370705244122973,-10.854877938924421,-23.64197530864197,3966.849315068493,Auto parts: OEM,2968.8,INR,3987.8,INR,3010.727999999997,3253.8324999999995,3030.475685110169
SHRIPISTON,SPR Auto Technologies Ltd,0.7244718626345854,-0.3163931184496857,0.819999999999992,5.80457089552238,32.630748092495686,51.79162902740136,73.09805417779472,2256.8311688311687,Auto parts: OEM,4536.9,INR,4785.8,INR,4379.593999999999,3468.2635000000046,4524.937852610333
BBTC,Bombay Burmah Trading Corp. Ltd.,0.02785292597541391,-0.3196590303676049,-6.385640127587726,-0.9397749834546688,-0.861041197509604,-7.547869054972208,-20.887949260042287,2923.838383838384,Food: major diversified,1496.8,INR,2135,INR,1498.5980000000025,1622.0499999999968,1493.3531310474634
CAMPUS,Campus Activewear Ltd.,0.7352828941444124,-0.32593650935392676,-0.7822222222222182,-0.5125005570658128,-11.059760956175294,-6.808599457315801,-23.02068965517241,-37.98888888888889,Apparel/Footwear,223.24,INR,289.05,INR,224.99760000000012,244.95960000000102,223.69934449833767
KARURVYSYA,Karur Vysya Bank Ltd.,0.5020379442735854,-0.3285714285714221,0.7363557609009562,2.047681731753693,22.856136643775326,9.701257861635227,66.15860919266494,23454.901238488823,Regional banks,348.85,INR,358.65,INR,327.63700000000006,294.20325000000025,342.0158194494014
JSWINFRA,JSW Infrastructure Limited,1.0326143566647135,-0.32924274169411033,-1.914580265095729,0.6042296072507553,21.532846715328468,27.39097169089519,7.819329771733844,132.86713286713288,Engineering & construction,333,INR,355.8,INR,332.5539999999999,285.6947500000001,335.5718615123503
SBIFUNDS,SBI Funds Management Limited,0.5806648195534554,-0.33687943262410946,-0.601237842617149,-2.073170731707313,-8.348279797815087,-8.348279797815087,-8.348279797815087,-8.348279797815087,Investment managers,562.1,INR,624.95,INR,,,564.9007858062848
FSL,Firstsource Solutions Limited,1.1874087305775773,-0.33923859781380855,-1.5270018621974013,-20.361445783132535,-0.973782771535589,18.50656626776028,-28.713939067134,193.4517268246776,Miscellaneous commercial services,264.4,INR,379.7,INR,268.7248,273.4707499999998,271.19504117141526
DRREDDY,Dr. Reddy's Laboratories Ltd.,0.4671636609998311,-0.3463203463203463,-2.0425531914893615,-1.7750469363372552,-9.583660644147683,-12.371526456033498,-9.227129337539433,5812.810548412921,Pharmaceuticals: major,1151,INR,1414.9,INR,1212.4079999999979,1253.3949999999973,1174.5330932723366
OIL,Oil India Limited,0.6289802611110218,-0.3469387755102018,3.125659978880678,9.484304932735428,-0.7116714111427409,0.9614390571694478,21.166253101736977,234.14756550321366,Oil refining/Marketing,488.3,INR,531,INR,453.5940000000001,455.21974999999924,476.34649784879633
PREMEXPLN,Premier Explosives Limited,1.7872563443086729,-0.35266751707061195,-0.367619476329814,0.2339799230130507,-4.184704184704184,31.121642969984208,21.611721611721613,741.5716096324461,Chemicals: specialty,664,INR,829.8,INR,680.1629999999999,570.7257499999994,665.1327087059373
TIPSMUSIC,Tips Music Limited,0.7979192074252566,-0.35273368606701244,-1.553030303030303,-3.740740740740741,-3.740740740740741,25.786467912109195,12.083836467138166,1656.081081081081,Movies/Entertainment,649.75,INR,741,INR,668.3699999999995,594.65475,653.244216915894
MEESHO,Meesho Limited,1.4353858457900253,-0.352817774387341,2.5263674270296814,8.290155440414507,25.555689054427482,32.278481012658226,28.615384615384617,28.615384615384617,Apparel/Footwear retail,209,INR,254.4,INR,193.64820000000003,,202.66258855717504
GRAUWEIL,Grauer & Weil India Ltd.,0.37157294400947244,-0.35290796160361376,3.8852097130242833,-1.9583333333333286,-0.9263157894736794,17.552039966694434,17.552039966694434,120.24961685646231,Chemicals: specialty,70.59,INR,87.4,INR,73.44999999999997,65.79272487500003,69.92730584686258
PIRAMALFIN,Piramal Finance Limited,0.16894599752379993,-0.3537999910430423,0.6195450639895002,9.015188633023028,12.944162436548224,24.398971262439904,76.58730158730158,76.58730158730158,Finance/Rental/Leasing,2225,INR,2324,INR,2137.5959999999995,1874.9924999999994,2179.4539971147974
STARHEALTH,Star Health & Allied Insurance Co. Ltd.,1.0255591708266778,-0.3575578796817735,-4.90530626173008,-5.164199421473544,5.909738717339672,20.183288409703508,12.823886639676116,-34.04142011834319,Life/Health insurance,557.35,INR,624.9,INR,583.999999999999,508.83375000000046,573.6396461078176
WPIL,WPIL Limited,0.25567011158911473,-0.3591470258136976,-1.0477039679001439,-1.7485613103143058,4.693396226415089,6.438076969188338,6.438076969188338,6.438076969188338,Industrial machinery,443.9,INR,510.35,INR,451.3879999999998,,443.5260877846294
EMMVEE,Emmvee Photovoltaic Power Limited,0.6900063329861357,-0.36764705882352594,-0.6416131989000986,0.13856812933025053,-1.3050075872534177,69.37499999999999,49.86175115207372,49.86175115207372,Semiconductors,325.2,INR,371.55,INR,329.4190000000001,,324.61637724002
LICI,Life Insurance Corp. of India,0.6137912450284018,-0.37179179659389655,-0.34788867562379766,7.603626943005187,4.912856782015672,-0.0361010830324855,-8.71428571428571,-4.736238532110087,Life/Health insurance,415.35,INR,468.475,INR,421.0290000000003,416.96562499999897,415.32776623436115
UBL,United Breweries Limited,3.627246804670105,-0.3737735555209433,-4.7356664184661135,-11.09103544127866,-5.278744354779,-22.021088559761072,-30.205662538868577,689.265836565957,Beverages: alcoholic,1279.4,INR,1847.9,INR,1365.976,1484.7535000000012,1336.2347847459444
TAJGVK,TAJGVK Hotels & Resorts Ltd.,2.5556001346439583,-0.3744757339724386,-3.3144352376798887,-10.484522207267831,-2.6207906295753993,0.34701267350634707,-24.04933196300103,3437.765957446809,Hotels/Resorts/Cruise lines,332.55,INR,512.65,INR,351.958,353.1670000000003,343.4512091758928
MANAPPURAM,Manappuram Finance Limited,0.35427439010780903,-0.3812316715542555,-2.4271147493896277,-6.212037548315847,9.035467822179418,27.39546221638853,17.340241796200342,815.016835016835,Finance/Rental/Leasing,339.7,INR,381.55,INR,346.9539999999999,306.06799999999987,348.67075987402905
BOSCHLTD,Bosch Limited,0.4722573583409423,-0.3829787234042553,-4.018040180401804,13.078130660548243,25.455519828510184,40.57949256868338,12.385981757081133,1070.5,Auto parts: OEM,46820,INR,50000,INR,43942.29999999995,38029.87500000001,47052.72735440401
GILLETTE,Gillette India Limited,0.5410772626417336,-0.3882304863097671,-1.6012917984256207,-5.278497409326425,-5.498836908761954,-10.599669906473501,-29.552023121387283,694.8369565217391,Household/Personal care,7312.5,INR,10553,INR,7645.57000000001,7971.980000000002,7460.364695799387
NESTLEIND,Nestle India Ltd.,0.7009327068427305,-0.3884180790960452,-3.0184268426842746,-6.589403973509934,1.9884309472161967,12.84,14.674796747967479,1004.1095890410959,Food: major diversified,1410.5,INR,1553,INR,1467.112000000001,1351.3165000000006,1458.539946586194
BBL,Bharat Bijlee Limited,1.2942140790742527,-0.39159378671191747,-3.9723154362416033,-3.5109162943606056,-18.268475544448407,-0.421922575032615,-24.14764255657532,282.186978297162,Electrical products,2289.3,INR,3411,INR,2502.5039999999917,2631.423500000002,2354.091419189196
JAGSNPHARM,Jagsonpal Pharmaceuticals Ltd.,0.7695623522486943,-0.39502921570241456,1.8085464333782013,2.999872345857628,18.977635782747612,44.083333333333336,-2.509162672681135,5732.771126501961,Pharmaceuticals: generic,242.06,INR,264.5,INR,232.55700000000033,203.10049999999993,236.9531894289518
JUNIPER,Juniper Hotels Limited,0.30860359340652793,-0.39965087969130625,0.35639898171718665,9.009552538964297,5.252427184466016,7.389796929172851,-25.491408934707906,-40.5972602739726,Hotels/Resorts/Cruise lines,216.82,INR,312.5,INR,200.21959999999973,216.36469999999997,208.88880635937008
SBICARD,SBI Cards & Payment Services Ltd,0.3769625323721003,-0.41603630862329805,2.054263565891473,-0.5289006422364941,11.360175943156822,-9.643102264927935,-19.039419469897297,-0.41603630862329805,Finance/Rental/Leasing,658.25,INR,965,INR,636.5010000000002,712.1672500000006,645.8927506458175
RUBICON,Rubicon Research Limited,0.3405139355532755,-0.41673706144056377,-4.364521362898866,15.575163398692808,36.023076923076914,133.28496042216358,185.20967741935485,185.20967741935485,Biotechnology,1768.3,INR,1899,INR,1578.0539999999999,1024.0374999999997,1738.3862092730062
ROUTE,"Route Mobile, Ltd.",0.34445139272879643,-0.4169562195969355,-1.9931607230092796,-6.4359667941423275,-5.367924528301885,4.6312715135078735,-41.63951594135443,-30.04881450488145,Major telecommunications,501.55,INR,890.4,INR,533.6780000000002,559.4240000000002,511.0524096607688
CELLO,Cello World Limited,0.8963940677363207,-0.4221866356092557,-3.0886936809294356,-2.8547081380485757,-12.003087610961014,-17.97577647199904,-41.53846153846154,-58.74547647768396,Home furnishings,342,INR,673.8,INR,359.94000000000074,436.8954999999997,354.73983029898636
LINDEINDIA,Linde India Ltd.,0.4790461479439884,-0.4236623254354307,-3.0997098793708964,-12.019963953971995,-11.201287343454839,-6.539027982326951,-2.474258490856001,3423.597805463753,Chemicals: specialty,6346,INR,8049,INR,6849.410000000009,6690.777500000008,6575.825603379028
TIRUMALCHM,Thirumalai Chemicals Limited,0.3060913141593716,-0.42442670720892933,-1.4976814137110004,-13.389167447242277,-12.672222222222222,-8.076023391812868,-48.64750081672656,3687.710843373494,Chemicals: specialty,157.19,INR,328.8,INR,165.6034000000003,193.12384999999986,160.04898957983426
PIXTRANS,PIX Transmissions Ltd,0.799639346987844,-0.42792041791708596,-4.187165775401067,4.77777777777778,9.873060648801127,22.719178082191785,24.82234917096279,75.90692651318052,Miscellaneous manufacturing,1791.7,INR,2089,INR,1811.8700000000017,1554.6135000000024,1813.6161595082842
MAHABANK,Bank of Maharashtra,0.6513549462588546,-0.428637627432797,1.2486747555660294,8.76993166287017,8.536431367596926,21.056338028169016,61.8034638554217,152.05280070690915,Major banks,85.95,INR,94.5,INR,82.16459999999998,72.66090000000004,82.57844064974338
NAM_INDIA,Nippon Life India Asset Management Ltd.,0.9219567561624781,-0.4292213923941969,-3.067023232492046,-3.9022369511184682,2.2208513263417684,34.86425207836756,41.27892813641901,291.9905505910967,Investment managers,1159.9,INR,1269.5,INR,1184.8139999999999,1004.6919999999997,1188.194731434919
THYROCARE,Thyrocare Technologies Ltd,0.4272058254124103,-0.4320400933206602,-0.9115143176541521,-5.363009198423124,10.585412667946255,55.338366136424916,31.942749411030547,159.91729583225563,Medical/Nursing services,576.15,INR,662,INR,573.4189999999998,474.94633066959994,588.1264972208365
MRF,MRF Limited,0.9948930532703691,-0.4329170178530381,-2.7357784431137726,-2.8085265519820495,3.1718936085748313,-7.18877223055496,-14.818092428711898,8709.830508474577,Automotive aftermarket,129945,INR,163600,INR,132589.99999999994,137294.8750000001,132394.95490017012
MUTHOOTFIN,Muthoot Finance Ltd,0.5483040571220655,-0.4339654877840361,-5.723622480344247,0.652872292652599,-8.371069182389931,-11.807258088925208,4.25044722719142,1382.0955502494635,Finance/Rental/Leasing,2913.8,INR,4149.5,INR,2995.369999999998,3396.1215000000007,2986.0943430949883
DCXINDIA,DCX Systems Limited,0.9767210194757211,-0.43639794775018026,-2.904301817345286,-6.718603237747939,-15.508958062256022,-8.234590716382204,-38.11217008797654,-41.17421602787456,Electrical products,168.83,INR,286,INR,183.4730000000003,183.8657999999997,174.903906584177
VENUSREM,Venus Remedies Limited,1.138145203554822,-0.44068394147717255,5.242236024844726,8.061224489795924,6.311958840506974,147.35766423357666,260.5106382978724,323.6,Pharmaceuticals: major,1694.4,INR,2044.3,INR,1685.3999999999996,1126.8710000000008,1664.6123927513086
CGPOWER,CG Power & Industrial Solutions Ltd,0.9178488051037269,-0.44692737430167595,-0.6079535947347923,0.33783783783783783,-6.096854086525796,27.285714285714285,19.758064516129032,2634.7114051350313,Electrical products,891,INR,980.9,INR,893.3979999999991,774.90325,885.7886686542702
STALLION,Stallion India Fluorochemicals Limited,1.0643842006814763,-0.4479553008043961,-4.314814814814811,-23.790560471976395,5.989743589743593,92.83448404553087,29.983249836933332,102.54639906018471,Wholesale distributors,206.68,INR,360.37415133,INR,224.62599999999992,175.47513663615,222.31424608103094
PRICOLLTD,Pricol Ltd.,0.6464684822094487,-0.4489849036959828,-0.5266579973992138,-0.9003756963337132,34.22530268468154,35.44931385568837,53.02060412082418,656.5447195472243,Auto parts: OEM,764.95,INR,823,INR,701.8749999999997,618.4715000000003,768.1853636429197
KWIL,Kwality Walls (India) Limited,0.2076437293672799,-0.4490664145592173,-9.45829750644885,27.868852459016395,16.546762589928047,56.63815544812197,41.34228187919462,41.34228187919462,Food: meat/fish/dairy,42.12,INR,50.68,INR,36.40720000000003,,41.83045312626283
JTEKTINDIA,JTEKT India Limited,0.7475807465778126,-0.45148579871941974,-3.8912664447614604,-14.35129599547991,-2.8129507933963818,-7.989377845220042,-16.250000000000007,1883.2656340394913,Automotive aftermarket,121.27,INR,188.5,INR,135.33620000000008,136.86055000000002,127.79275381119058
ANANTRAJ,Anant Raj Ltd.,1.3162467808930831,-0.45360496578066356,3.3374638579099623,-1.2707182320441917,5.082325268817204,27.460770328102722,14.133211678832126,608.6744448743287,Homebuilding,625.45,INR,743.65,INR,596.688,543.0752500000001,611.5903695959595
GKENERGY,GK Energy Limited,0.2694010551349777,-0.455422616750292,-8.506562610854902,-1.40672782874618,-9.81187495629065,24.000000000000007,-24.584795321637422,-24.584795321637422,Engineering & construction,128.96,INR,239.6,INR,134.5025999999999,131.64255,130.79590456299618
TIMETECHNO,Time Technoplast Limited,0.45423296910707633,-0.45944233206590857,1.5188237195023546,-9.770224988032549,9.727558505064623,4.961577013030402,-21.446134611377364,669.6611018713985,Containers/Packaging,188.49,INR,249.15,INR,194.16959999999955,185.26484999999994,191.1606832495523
SHREEPUSHK,Shree Pushkar Chemicals & Fertilisers Ltd.,0.3285075844071114,-0.46078123363702767,4.3588054457619725,11.561032863849766,28.134267996764635,57.00363396101751,43.79727685325265,653.7668636600613,Chemicals: specialty,475.25,INR,491,INR,414.23399999999964,371.05950000000007,438.4754834455248
HCG,HealthCare Global Enterprises Ltd.,0.4803712622090867,-0.46200867154737363,-0.5327082889409759,4.157679434734109,9.24409080271472,30.31825795644893,0.8953944939648956,235.1099888936232,Hospital/Nursing management,700.2,INR,799.85089842,INR,682.9000000000004,635.6905771695996,706.0575503666701
FEDERALBNK,Federal Bank Ltd. (India),0.6563608967471506,-0.4643064422518928,-0.0145751348200004,-5.23552976930515,14.143094841930116,19.762569832402242,76.37681904663958,5166.212411065495,Major banks,343,INR,371.7,INR,347.0909999999999,296.9052500000003,350.45094603469363
IFBIND,IFB Industries Ltd,0.6723394392313311,-0.4650099100472564,-3.588569740825512,-6.064748201438847,2.4721393815727515,20.898148148148152,-16.834394904458595,21304.91803278689,Electronics/Appliances,1305.7,INR,2019.8,INR,1344.449999999997,1290.4159999999997,1347.121446749569
DBREALTY,Valor Estate Ltd,0.8700873032473043,-0.4657933042212557,-4.149144939725271,-9.310344827586208,-11.577586206896557,-0.41747572815534645,-43.28448990876417,-73.83491054165698,Real estate development,102.57,INR,183.9,INR,111.49899999999991,113.48814999999996,106.65974653944383
KANSAINER,Kansai Nerolac Paints Limited,14.186341887877456,-0.46640356721850496,-2.1366659947591256,-4.330262574511069,-9.455427079447968,0.4136504653567647,-20.734693877551024,6581.437873917751,Industrial specialties,194.2,INR,264,INR,202.68420000000032,209.8231500000005,199.42684168085023
TMCV,Tata Motors Limited,0.7275897245932419,-0.46703595090692607,-3.4860452869931566,1.371681415929201,21.667551779075932,-5.52577319587629,36.77611940298507,36.77611940298507,Motor vehicles,458.2,INR,509,INR,441.9619999999999,421.714,461.55044346021594
ICICIBANK,ICICI Bank Limited,0.7678535036942548,-0.4755244755244723,-0.822299651567941,-2.158669049910619,13.221957040572795,6.288274831964155,0.943329314135751,22264.570738464674,Regional banks,1423.2,INR,1480,INR,1423.9140000000002,1356.2919999999986,1427.5154139998565
KOVAI,Kovai Medical Center & Hospital Ltd.,0.5518030590599531,-0.4760732167774768,0.6808934650834509,3.209056860742254,13.053613053613054,141.2887305725259,141.2887305725259,6554.775118655875,Hospital/Nursing management,6062.5,INR,6340,INR,5966.09,4114.0307484999985,6014.650055449044
RALLIS,Rallis India Limited,0.4554405884579454,-0.4813420387933181,-1.0284847623110176,-4.473924977127173,-9.98749946118368,-18.74708171206226,-43.255434782608695,2467.45901744568,Chemicals: agricultural,208.82,INR,367.5,INR,219.2558000000002,247.05544999999972,211.86029801671373
APOLLOHOSP,Apollo Hospitals Enterprise Limited,1.1845890166158215,-0.4832029452369995,-2.2377938517179023,-3.984903984903985,4.658197217180883,11.325611325611325,11.0397946084724,68414.85148514851,Hospital/Nursing management,8650,INR,9050,INR,8822.309999999998,7886.275000000011,8775.116086463886
PETRONET,Petronet Lng Limited,0.8264887832361557,-0.4835924006908385,-0.9965635738831538,1.087719298245622,6.782802075611568,-0.6037605658099017,3.6703850305865586,3289.411764705883,Gas distributors,288.1,INR,326.4,INR,281.776,280.0780499999996,288.4061473414563
EVEREADY,Eveready Industries India Ltd,0.6553150826505463,-0.48520895288777943,-7.236650131310187,-12.66483516483517,-7.988422575976852,-2.319864802581045,-32.79069767441861,323.8666666666666,Electrical products,317.9,INR,469.6,INR,350.72300000000064,330.1447500000013,338.7619542401148
KIMS,Krishna Institute of Medical Sciences Limited,0.23875875608241212,-0.4883766360617308,-1.055357720945287,-3.9954768186958103,-0.7017543859649094,8.993652378575005,2.2891566265060272,278.64222001982154,Hospital/Nursing management,764.1,INR,858,INR,797.3889999999993,711.7520000000003,776.7342540736977
ZENTEC,Zen Technologies Limited,0.49894847947214466,-0.49163122134452103,-1.2931506849315018,6.09576535720596,-1.1848601206801925,27.758865248226954,21.02116224386967,3576.326530612245,Information technology services,1801.4,INR,2043.7,INR,1793.3879999999992,1556.0594999999985,1822.689917797945
INDOKEM,Indokem Limited,0.8039426750248001,-0.5010338794337666,2.3813420621931187,2.549180327868845,2.549180327868845,2.549180327868845,2.549180327868845,2.549180327868845,Industrial specialties,625.55,INR,657,INR,,,
BIKAJI,Bikaji Foods International Ltd.,0.19342473153386322,-0.5024269777739814,-5.000406537116838,-10.123076923076916,-9.433377257576918,-7.159316646801741,-28.581907090464544,80.97893993119395,Food: specialty/candy,584.2,INR,801.3,INR,628.405999999999,660.3944999999992,608.5996366200455
ELECON,Elecon Engineering Co. Ltd.,0.5230409291328207,-0.5046450280995501,2.4808033077377436,0.12696214219760188,-15.100802505382655,8.4375,-23.23008849557522,1151.2144413570998,Electrical products,433.75,INR,634.9,INR,454.959,461.4522499999997,431.61720755315935
NYKAA,FSN E-Commerce Ventures Ltd.,0.4765254542141316,-0.5086774386594819,-1.6708561289368558,-4.454022988505747,23.605947955390334,28.37837837837838,37.396694214876035,-1.1393469882116791,Internet retail,332.5,INR,349.55,INR,327.76399999999995,277.74479999999994,333.78871630577515
GMDCLTD,Gujarat Mineral Development Corporation Limited,0.6258877623357526,-0.5125033135990064,-0.7142857142857063,0.8870967741935566,-17.21323529411764,2.7468516152582714,21.064516129032267,10674.162679425837,Wholesale distributors,562.95,INR,771.9,INR,577.6810000000002,588.3897499999997,569.7427587786126
ADANIPOWER,Adani Power Limited,0.34647267568891804,-0.5233088482404357,-4.0385327899221934,-1.8009478672985837,-10.566298342541444,48.4240687679083,69.00489396411093,859.2592592592592,Electric utilities,207.2,INR,254.2,INR,212.4154000000001,181.91539999999998,207.5529462163023
MINDACORP,Minda Corp. Ltd.,0.5811978642108699,-0.5237084217976002,1.4653865588681119,-3.6534375214202606,8.123076923076916,32.71645736946464,36.78474114441417,9270.666666666666,Auto parts: OEM,702.8,INR,769,INR,704.0169999999999,601.497,711.263039801071
BELRISE,Belrise Industries Limited,0.6163544291806702,-0.5249674520179748,3.28798185941044,-1.7137640565998569,9.404157043879914,25.588547189819735,65.34729493891798,136.86,Auto parts: OEM,236.86,INR,268.2,INR,235.8328000000001,202.52579999999986,235.45294306396002
RAJESHEXPO,Rajesh Exports Limited,1.7471843531279776,-0.5271986580397768,7.818181818181812,-0.5986590038314177,-15.912083459941263,-32.01212021947425,-55.172786177105834,973.5130277678625,Other consumer specialties,83.02,INR,237.88,INR,85.5613999999994,128.30704999999995,80.54328911138977
FINEORG,Fine Organic Industries Ltd.,0.38060478017338173,-0.5309392798532677,-2.0178391434168303,3.75591581915215,7.784681687901429,18.355157362738343,5.357873210633946,532.1472392638037,Chemicals: major diversified,5152,INR,5407,INR,5066.5539999999955,4633.930000000003,5155.0036208176
PIDILITIND,Pidilite Industries Limited,0.779196158629149,-0.5371421595556342,-1.6002415458937198,-1.7189384800965017,10.474576271186441,16.392857142857142,3.789808917197452,67619.48051948052,Industrial specialties,1629.5,INR,1707.5,INR,1626.581999999999,1492.8915000000009,1648.3003203143344
METROPOLIS,Metropolis Healthcare Ltd.,0.7939374617873455,-0.540631863490443,0.9517276858441341,-0.22033898305083974,8.187080768170555,32.21785513756318,6.1198738170347085,145.80375782881006,Medical/Nursing services,588.7,INR,609.05,INR,566.8799999999993,507.3515,573.802961807596
UPL,UPL Limited,0.7500217838667596,-0.5466814726232246,0.37068965517240987,0.19793459552495304,-9.463452566096425,-7.492451930716667,-19.145833333333336,508.95448837368133,Chemicals: agricultural,582.15,INR,812.2,INR,586.5620000000008,660.7140000000005,577.4473328972896
BRITANNIA,Britannia Industries Ltd,0.8884394449942611,-0.5555555555555556,-3.708946772366931,-6.583043398644937,0.12757605495583907,-14.231674512441156,-17.731011127237544,5726.2906767083305,Food: specialty/candy,5101.5,INR,6319.5,INR,5392.18999999999,5641.577499999994,5317.788815084724
JBMA,JBM Auto Limited,0.09027730867497034,-0.5563503417580671,-3.142901377922272,-5.783132530120478,-9.588843124503217,21.664721898094122,-0.4614160700079518,93740.23460058653,Auto parts: OEM,625.6,INR,790,INR,658.8350000000002,617.4302500000003,638.1410629722768
CHOLAFIN,Cholamandalam Investment and Finance Co. Ltd.,0.6713437722151773,-0.5569675012166742,-2.07667731629393,-2.5953389830508473,23.713420787083752,10.516826923076923,24.677966101694917,6919.083969465649,Finance/Rental/Leasing,1839,INR,1952.5,INR,1831.7779999999998,1678.3655,1853.6975705578384
ASHIKAG,Ashika Global Securities Ltd,3.0220732862242294,-0.5591147350029068,-3.285374419395038,-7.668180834955654,18.618868973183268,14.744623655913983,14.744623655913983,14.744623655913983,Miscellaneous,426.85,INR,520.95,INR,425.54900000000004,,433.3358268441935
GENUSPOWER,Genus Power Infrastructures Limited,0.7021027183671432,-0.5593170444509795,1.532912533814254,6.443989286276977,6.6119614959760105,35.417919422730016,-0.9238891333039969,289.1705069124424,Electronic equipment/Instruments,337.8,INR,363,INR,318.4360000000001,296.79220000000004,329.4313628900786
SUMMITSEC,Summit Securities Limited,0.4673650282030621,-0.5616029952159681,0.6809406809406842,-8.052314399281954,-5.395778364116092,-10.334479524851513,-35.45454545454545,863.5202577413331,Investment trusts,1434.2,INR,2495,INR,1482.1699999999983,1658.8679999999981,1439.9493414695912
ASIANPAINT,Asian Paints Ltd.,0.662636768967133,-0.5626377085300491,-4.449905482041581,-9.318263365626114,-5.202550637659408,11.743378874298111,-1.041544304788751,20150.801282051285,Industrial specialties,2527.3,INR,2985.7,INR,2681.9999999999964,2603.0610000000124,2625.51807683687
DIFFNKG,Diffusion Engineers Limited,1.9999530984142921,-0.5653266331658386,16.826568265682653,10.21118588999768,46.5514581083166,89.77022977022976,34.532577903682714,145.42635658914728,Industrial machinery,474.9,INR,519.9,INR,408.1760000000002,325.6616500000002,430.41748177908033
BLS,BLS International Services Ltd.,0.13328062070154018,-0.5663127212159124,0.2897942041159167,-4.100401606425706,-9.8565496413741,-7.266019417475731,-35.946888412017174,967.2178770949721,Data processing services,238.79,INR,372.45,INR,247.15820000000002,274.56080000000003,247.02327029467827
KNACK,Knack Packaging Limited,0.5538011824496112,-0.5680310028136079,-2.8980247809632305,-5.855742648906749,-0.3723404255319088,-0.3723404255319088,-0.3723404255319088,-0.3723404255319088,Containers/Packaging,187.3,INR,222,INR,,,195.53085378430103
JKTYRE,JK Tyre & Industries Limited,0.9993153459136561,-0.5684125050751024,-3.8224898546930137,-11.481927710843369,-5.224458204334365,-16.67233752977203,3.7711864406779725,1132.7181208053692,Automotive aftermarket,367.35,INR,611.9,INR,393.7379999999997,436.67224999999996,380.0770958544896
SHARDACROP,Sharda Cropchem Ltd.,0.6181178230454486,-0.5693950177935914,-3.230478589420652,-9.39268867924528,-15.314669899702407,-28.525581395348834,-20.24600373676562,195.51923076923077,Wholesale distributors,768.35,INR,1297,INR,837.6809999999999,936.9855,788.9864961010554
CMSINFO,CMS Info Systems Ltd.,0.44979832509124357,-0.571755288736423,1.0207468879668082,-13.049999999999997,-20.177049180327867,-19.102841003488948,-41.75598086124402,10.56312443233425,Investment managers,243.46,INR,429.65,INR,264.2877999999996,303.0656999999999,251.42133030624254
ONGC,Oil & Natural Gas Corp. Ltd.,0.5344121826898105,-0.5720338983050823,0.5571030640668573,-4.224489795918365,-12.378640776699031,-16.181460975174133,-1.8488308863512728,940.8288101939845,Oil refining/Marketing,234.65,INR,307.5,INR,240.4438000000001,257.4725000000001,236.5739782892455
GLOBUSSPR,Globus Spirits Limited,0.6046672181009385,-0.5817430544228808,-0.20737830168086563,2.6150392817059434,5.212888377445334,8.509375741751713,-19.798245614035093,805.2475247524752,Beverages: alcoholic,914.3,INR,1252.8,INR,904.0590000000001,940.6569999999996,906.9237071059446
EMAMILTD,Emami Limited,0.9679543531416849,-0.5839217816404066,-5.6572164948453585,-7.923531631241353,-6.488695874313445,-21.800897244178596,-39.5957095709571,687.2003674434973,Household/Personal care,366.05,INR,614,INR,403.26100000000014,448.67575000000016,387.82251330093294
PREMIERENE,Premier Energies Limited,0.7807036176464203,-0.5952380952380952,0.7136395617650038,-3.829542182551117,-7.393715341959335,39.166666666666664,-3.6538461538461537,1.2121212121212122,Semiconductors,1002,INR,1134,INR,1038.91,934.9722500000003,1020.2445498818286
SPORTKING,Sportking India Ltd.,0.560388557503417,-0.598438855160449,0.039279011914635106,3.8275127961226563,26.991689750692522,107.43891402714932,102.84955752212389,107.81504986400725,Textiles,229.22,INR,241.51,INR,204.90939999999998,142.32905,219.57790390768344
BANKBARODA,Bank of Baroda,0.9225912708949197,-0.5989020129762094,-0.8915612689197618,-3.4343434343434343,-9.79430081147386,-20.066889632107024,-0.31282586027111575,2294.7894831747703,Major banks,239,INR,325.5,INR,247.29940000000053,274.9394000000004,242.8141275163795
GRINDWELL,Grindwell Norton Limited,0.3890616279996811,-0.6027147487844454,-3.5247271654704573,-6.302220100262592,2.475066576157908,25,22.388525101340818,2570.0680272108843,Industrial specialties,1962.5,INR,2455,INR,2076.7279999999996,1755.738000000002,2036.391071335319
MANINDS,Man Industries (India) Limited,0.4775846306697806,-0.6112931686412936,1.414700019291364,44.080029234423534,59.51249114999492,96.64588528678303,88.64832535885165,595.0639354369297,Industrial machinery,788.55,INR,807.75,INR,604.1089999999997,485.60774999999956,699.8207679407353
SANDHAR,Sandhar Technologies Ltd.,0.7059037156411012,-0.6132037907143462,-4.703726328649963,-3.255813953488372,-13.315274015419881,24.550898203592816,31.659457748707673,80.29470730151091,Motor vehicles,624,INR,763.2,INR,643.675,571.3027499999998,643.4303069422568
TATAELXSI,Tata Elxsi Limited,1.2508850210192493,-0.6145251396648044,-2.3868312757201644,-5.311901213540556,-18.075063320285516,-19.502262443438916,-34.98995066691029,10228.011311233344,Information technology services,3558,INR,5950,INR,3658.675999999999,4455.254500000005,3649.794932833412
ESAFSFB,ESAF Small Finance Bank Limited,0.4655871590926045,-0.6239500839932928,-6.692203695358282,-1.4282313734825076,47.47150997150997,54.630321135175485,41.28283862163084,-41.676056338028175,Regional banks,41.41,INR,44.99,INR,38.631799999999984,29.768449999999994,41.7095564173378
SCILAL,Shipping Corporation of India Land and Assets Limited,1.1984573478380678,-0.624687656171914,-0.624687656171914,-6.423529411764698,-12.16872791519434,-9.097142857142849,-26.297257227575976,-14.839402251832922,Miscellaneous,39.77,INR,55,INR,41.4366000000001,44.44120000000011,40.280128139688486
ETERNAL,Eternal Limited,0.34441731127361835,-0.6311576354679838,-1.9295047098146527,2.8193692258681184,27.39293467535031,34.12708307359847,-1.600609756097561,178.23275862068965,Internet software/Services,322.75,INR,368.45,INR,304.51,274.29359999999986,321.57166488711545
MOSCHIP,Moschip Technologies Ltd,0.39039817384404973,-0.6321112515802755,-3.536363636363637,1.2017167381974299,-6.089034427825467,21.268571428571427,8.774987186058434,4.285012285012284,Semiconductors,212.22,INR,288.45,INR,217.81479999999956,202.68944999999985,212.40217506139638
TATATECH,Tata Technologies Limited,0.9072298436858744,-0.6334616817786638,0,4.57516339869281,6.57430227136482,39.737991266375545,16.02610587382161,-33.333333333333336,Packaged software,800,INR,891,INR,773.1730000000002,671.0997499999987,809.6986543246542
GREENLAM,Greenlam Industries Ltd,0.21976348545164803,-0.6348036204283831,-0.8094848732624652,-2.6013649136892774,2.3713080168776393,2.9184695002969354,1.557136877354541,423.73448461953586,Forest products,242.62,INR,278.63,INR,252.74619999999987,241.82159999999985,248.25339749944305
M&MFIN,Mahindra & Mahindra Financial Services Ltd.,1.717586829888236,-0.6382130035899573,-2.530324768488338,-6.259407927747126,28.402061855670098,2.9338842975206547,41.18647269979218,1196.1091016710204,Finance/Rental/Leasing,373.65,INR,415,INR,365.3949999999999,344.2965000000002,378.15771360986014
BHAGCHEM,Bhagiradha Chemicals & Industries Ltd.,0.5328845149974824,-0.6383777694329661,-6.319702602230471,-7.563318777292569,5.586592178770961,32.964824120603026,-3.764320785597369,255.27160284574532,Chemicals: agricultural,264.6,INR,316.9,INR,280.3550000000002,242.1221499999999,277.2491549934559
STUDDS,Studds Accessories Limited,0.9247426676895801,-0.6441035250029278,-5.491812409490929,-6.140059741121806,-4.351747463359642,-15.666003976143143,-24.920353982300888,-24.920353982300888,Recreational products,424.2,INR,600,INR,447.3429999999998,488.18699999999995,440.9242723981985
AFCONS,Afcons Infrastructure Limited,0.4743228274382571,-0.6447234475737962,3.0985915492957785,3.426351112681027,-10.197822419874251,2.9173989455184572,-32.76693455797933,-31.267605633802813,Engineering & construction,292.8,INR,479.4,INR,287.5389999999997,325.0134999999997,284.0450621893061
JUSTDIAL,Just Dial Ltd.,0.265966640902387,-0.6453000645300064,5.778625954198477,-2.4017467248908235,30.726415094339625,29.27511894766302,-16.13000847355042,17.432203389830512,Internet software/Services,692.85,INR,878.6,INR,673.6120000000001,627.855499999999,685.1352630841382
GRANULES,Granules India Limited,1.4424374423245208,-0.6499970720852688,1.7756448710257895,2.4764435854071034,6.436637390213294,48.798456411155925,63.13461538461537,7212.931034482759,Pharmaceuticals: other,848.3,INR,910,INR,851.1680000000001,689.2717499999998,844.1774528419439
AUBANK,AU Small Finance Bank Limited,0.3835480238926738,-0.6529850746268656,-1.9607843137254861,0.6996974281391917,10.655098966180057,9.556629976339881,48.74301675977654,301.8867924528302,Regional banks,1065,INR,1144.1,INR,1059.2800000000018,997.1622500000003,1079.6421283114455
DCBBANK,DCB Bank Limited,0.1015041063718643,-0.6570657065706479,1.3266008721597498,15.268929503916453,26.701871197336708,27.950382564340366,75.0376655300928,374.19979536412023,Regional banks,220.74,INR,228.99,INR,194.00259999999983,184.46835,206.94999775441732
NAVNETEDUL,Navneet Education Limited,0.6401983722542286,-0.658691701998792,-1.9650328750747126,1.9740421232610714,-7.955103472465804,-6.850773817975298,-21.89880952380952,451.3025210084034,Office equipment/Supplies,131.21,INR,166,INR,139.25700000000023,142.4932499999999,134.04698013497702
MRPL,Mangalore Refinery & Petrochemicals Ltd.,0.48537141131674455,-0.6591283595658824,2.2397660818713523,2.299590403744884,11.200865029894425,-13.015572914075324,35.91697115758378,181.98387096774198,Oil refining/Marketing,174.83,INR,212.31,INR,166.86179999999985,167.08765000000022,172.56603741385433
ASAHIINDIA,Asahi India Glass Limited,1.9325953845655057,-0.6599116653676304,0.17815971494444893,5.519372999227288,7.163677130044841,15.030084235860407,13.66906474820143,19668.32867154548,Home furnishings,955.9,INR,1074,INR,909.2960000000005,913.8287500000015,942.1613188652981
JAINREC,Jain Resource Recycling Limited,0.9431212285024119,-0.6611865618298866,-2.5078919677306324,-14.46376365594707,-22.295219457646073,-32.86231884057972,4.8670062252405115,4.8670062252405115,Other metals/Minerals,277.95,INR,593.95,INR,319.7930000000001,387.92150000000015,293.2836432726058
TATAINVEST,Tata Investment Corporation Limited,0.8190722683177499,-0.6661964103769887,-1.5993788819875705,-7.758369723435219,-5.020983213429257,-3.6930091185410263,-7.434998539293015,2126.1012840175745,Investment banks/Brokers,633.7,INR,1184.7,INR,661.0509999999998,670.2374999999997,647.4968693667067
BENGALASM,Bengal & Assam Co. Ltd.,0.5372514099139211,-0.6666666666666667,1.32,0.34067501188401206,-9.574468085106384,8.32470898158522,8.32470898158522,8.32470898158522,Automotive aftermarket,6332.5,INR,7268,INR,6269.349999999995,,6316.186854788759
NLCINDIA,NLC India Limited,0.5594882058604339,-0.6729719898144656,1.543324656005963,-10.15136558078314,-19.809104258443462,7.500000000000004,16.638188808201633,333.41269841269843,Electric utilities,273.05,INR,387.8,INR,291.29100000000005,281.7371000000001,276.85258655080713
BHARTIHEXA,Bharti Hexacom Limited,0.6261040433642998,-0.6774707757704449,-3.2103559870550105,-8.928136419001213,0.03344705331460298,-5.688698284561038,-16.77889698925928,98.06622516556293,Wireless telecommunications,1495.4,INR,1955.6,INR,1567.006000000001,1602.7515000000008,1554.534777746236
VOLTAS,Voltas Limited,0.5342284712545095,-0.6791171477079796,-4.489795918367347,-11.963882618510159,-9.35151468195553,-20.945945945945947,-20.408163265306122,9040.625,Industrial machinery,1170,INR,1582.5,INR,1281.0960000000011,1353.7474999999997,1225.574950626043
BATAINDIA,Bata India Ltd,0.5116190699396836,-0.6864481842338319,-1.3563049853372433,-5.2531511865361535,1.9472647370813794,-9.026369168356998,-43.65105955272636,653.2123645815528,Apparel/Footwear,672.75,INR,1282.5,INR,697.9499999999965,778.187499999996,692.9446682911707
TCS,Tata Consultancy Services Limited,1.0647112430973211,-0.6939356062238657,1.408450704225352,-6.341463414634147,1.8162534800477224,-10.419906687402799,-26.059050064184852,1437.6658046216735,Information technology services,2304,INR,3350,INR,2271.0540000000033,2609.5409999999933,2325.8609394904697
KRBL,KRBL Limited,0.2218638713793132,-0.6942810072958318,-2.213209733487836,13.763817740630902,20.660566199599657,27.11251694532309,-9.69502407704655,39519.718309859156,Agricultural commodities/Milling,421.95,INR,479,INR,381.22900000000135,364.5397499999994,410.6550228905024
CIPLA,Cipla Ltd,1.7540033395605668,-0.6954900695490102,-2.464788732394366,-5.136986301369863,-0.6456241032998565,4.441595656436173,-13.383364602876798,5887.03170115087,Pharmaceuticals: other,1385,INR,1673,INR,1439.2159999999983,1393.3634999999986,1422.5872567884446
TASTYBITE,Tasty Bite Eatables Ltd,0.39648919635510316,-0.6963788300835655,1.8571428571428572,4.523560209424084,29.29214429117285,42.78357888714061,2.96028880866426,107.95617578800955,Food: specialty/candy,9982,INR,10544,INR,9348.540000000015,8018.917500000003,9864.195894553224
PILANIINVS,Pilani Investment And Industries Corporation Limited,0.6413432424993118,-0.7050177976805562,-1.814383359447729,-1.262816560480468,0.2504057500579685,-1.6424021838034535,-16.849999999999998,280.7123304313869,Financial conglomerates,4323.8,INR,5980,INR,4369.588,4633.167,4363.871293601314
CUMMINSIND,Cummins India Limited,0.9404141029169623,-0.7099191480970223,-3.451581975071908,-9.580677022537488,-13.857998289136013,5.084109028676386,28.808616234746342,10744.61103976368,Auto parts: OEM,5035,INR,6100,INR,5411.049999999999,4947.849500000007,5216.410430166865
TTML,Tata Teleservices (Maharashtra) Limited,0.21135572534506958,-0.7103393843725232,3.510696653867255,-5.484598046581512,-15.171948752528657,-4.261796042617959,-34.98708010335917,31.92923322641557,Specialty telecommunications,37.74,INR,60.62,INR,39.613199999999914,43.17794999999998,38.2906589820561
SBIN,State Bank of India,0.8970805208210664,-0.7133085792456473,-2.8585086042064987,-2.5790987535953955,3.6836734693877573,-13.042362002567392,24.728410974037935,5568.024776201994,Regional banks,1016.1,INR,1234.7,INR,1042.138,1039.6932500000003,1042.1206375875433
GAIL,GAIL (India) Limited,0.5454131271838768,-0.7270853609663834,0.9900990099010001,-1.477272727272724,3.2142857142857175,11.225144323284155,-2.906097765832352,1591.7073170731708,Gas distributors,173.4,INR,186.87,INR,173.74280000000016,166.62814999999972,173.83546491210237
OBSCP,OBSC Perfection Ltd.,0.7746478873239436,-0.7304905570732839,-1.9072769953051643,20.764395636153463,70.87507667143733,177.6116924098987,147.99703264094956,590.702479338843,Metal fabrication,835.75,INR,921,INR,706.9659999999999,439.2512500000001,820.0274467895066
PFIZER,PFIZER LIMITED,1.4487437052508607,-0.7321747744255659,-3.2368437624635242,-5.918729718146009,3.71695353808077,-4.09445542494539,-12.354786576670788,2263.948717948718,Pharmaceuticals: major,4609.7,INR,5578.5,INR,4724.584000000009,4786.335500000001,4750.80104524217
SAMBHV,Sambhv Steel Tubes Limited,1.0567938993362809,-0.7327985189756161,3.2162335579082377,2.134920634920633,21.41711482215304,35.463157894736845,1.0125588697017205,16.99090909090909,Steel,128.69,INR,141.32,INR,120.49760000000008,106.68215000000002,125.56661670646533
AEROENTER,Aeroflex Enterprises Ltd,0.4772170152126402,-0.734985300294002,-2.0784422041154476,5.836256437047536,38.52691218130312,84.40832249674902,56.195616257297054,145.77122624313301,Industrial machinery,141.81,INR,149.55,INR,129.526,98.09169999999993,136.96263346620827
BLUEDART,Blue Dart Express Limited,0.5540739334693684,-0.7377505567928803,-0.18596280743851593,-6.9840678281934245,5.756355932203386,-8.459563543003854,-14.150829821996735,24249.756097560974,Air freight/Couriers,4991.7,INR,7036,INR,5011.746000000002,5251.058000000005,5040.372305306812
INDIANHUME,Indian Hume Pipe Co. Ltd.,0.8005226148274989,-0.7422574865625742,-1.0714285714285685,-3.315881326352533,27.62876419285831,25.07660054829866,-4.916023047689104,6367.202876387705,Building products,387.8,INR,432,INR,378.79799999999983,360.2255,383.4499257084829
PGHH,Procter & Gamble Hygiene & Health Care Ltd.,1.7527719782733466,-0.7443365695792881,-5.989455615497793,-11.547557247505335,-19.289473684210527,-30.96695777437652,-43.95102339181287,1811.3798307710292,Household/Personal care,7667.5,INR,14509,INR,8550.100000000015,10427.647499999992,8118.216404905715
DEEPAKNTR,Deepak Nitrite Limited,0.4909382863006259,-0.7476960528603642,-2.3048836147877605,-7.186991869918694,1.325443786982254,11.666123247473106,-3.797752808988759,9161.222783192146,Chemicals: specialty,1712.4,INR,1904.4,INR,1695.006000000001,1633.3300000000038,1739.932648094667
OFSS,Oracle Financial Services Software Limited,0.6612680145951885,-0.7490328422092354,1.532502526103065,3.5021459227467813,18.506142506142506,78.34639846176601,42.27728613569322,1199.353448275862,Packaged software,12058,INR,12540,INR,11536.1,8950.720000000008,11892.957273250064
IGIL,International Gemological Institute Ltd,0.7059782714715813,-0.751649025924218,-5.173677268063895,-9.88857938718663,-10.42503115049148,-1.5220700152207,-7.703281027104137,-36.568627450980394,Miscellaneous commercial services,323.5,INR,392,INR,346.30400000000037,337.60700000000026,339.6012517762592
RBA,Restaurant Brands Asia Limited,0.6253430706383989,-0.7559505567473643,-4.077804107424956,9.66249012303872,40.87877030162415,54.69745222929938,17.871875758311095,-13.64444444444444,Restaurants,97.15,INR,111.15,INR,83.91760000000002,69.67270000000003,96.7759334717639
PICCADIL,Piccadily Agro Industries Limited,0.9576732643482815,-0.7655116841257051,-5.963653023824062,-22.26360308041914,7.049721835883163,15.503657850309507,0.383110531463975,-2.0987359885523564,Agricultural commodities/Milling,615.75,INR,809.7,INR,692.2370000000001,608.264,666.1872026392715
NAUKRI,Info Edge India Ltd.,0.45940343601656014,-0.7669172932330861,-1.4339058999253207,4.2578402717434125,29.5318480714496,30.621536025336496,-3.586821535539494,5752.122954265003,Internet software/Services,1319.8,INR,1433.6,INR,1238.1380000000001,1156.8295000000007,1321.4591031966477
NIVABUPA,Niva Bupa Health Insurance Company Limited,1.1312030110586024,-0.767992072339904,-2.896969696969698,-8.758542141230066,-2.137796237478622,11.078757626178584,-10.988888888888889,2.521115945738417,Life/Health insurance,80.11,INR,91.4,INR,84.86300000000003,79.26469999999998,82.65375818810398
ICICIGI,ICICI Lombard General Insurance Co. Ltd.,0.6542723159308597,-0.7688769139777909,-4.917826333354317,-12.681431793211123,-13.103527651493355,-19.078242229367632,-20.526315789473685,131.91522752005002,Specialty insurance,1510,INR,2064.9,INR,1661.9299999999962,1812.8815000000022,1590.1683068182585
ANZEN,Anzen India Energy Yield Plus Trust Units,0.30303030303030304,-0.7692307692307693,-0.7692307692307693,0.78125,-1.5267175572519085,8.860759493670885,8.403361344537815,27.97619047619048,Investment trusts,129,INR,132.9,INR,126.75919999999995,,129.38818411955705
MUTHOOTMF,Muthoot Microfin Ltd,0.5430137135590569,-0.7733578229977256,-0.3446601941747611,-10.545121791799215,12.210986608362944,30.516879649055884,21.891699323120775,-25.430436811857493,Finance/Rental/Leasing,205.29,INR,262.77,INR,223.97080000000022,190.34345000000002,210.96504562651623
EICHERMOT,Eicher Motors Limited,1.042031834612214,-0.7737321196358907,-6.259213759213759,-4.139447236180905,6.869747899159663,-1.3254881675934307,14.058295964125561,625350.8196721312,Motor vehicles,7630.5,INR,8230,INR,7744.4,7374.79749999999,7900.684648778113
LGBBROSLTD,L.G. Balakrishnan & Bros Ltd.,1.4966507745547981,-0.780794779163273,0.6382978723404228,11.65901639344262,10.356448476992869,-7.682298725941991,26.04930046635575,2540,Electrical products,1702.8,INR,2048,INR,1592.3000000000015,1713.8214999999989,1648.5564106222566
SEIL,Shanti Educational Initiatives Ltd.,1.4765086733856516,-0.7808638924582447,-4.299742587472595,-1.5930591637664822,10.917127071823199,12.596747055524386,12.596747055524386,12.596747055524386,Miscellaneous commercial services,200.76,INR,239.96,INR,209.35660000000004,,205.40811215303222
KPIL,Kalpataru Projects International Limited,0.8853361981399082,-0.7829583127601139,0.7665305537645832,9.890624999999993,8.492094099498644,24.975566414926693,10.581761006289302,44911.2,Engineering & construction,1406.6,INR,1479.6,INR,1347.6440000000002,1231.1255000000006,1383.5173663969126
SERVOTECH,Servotech Renewable Power System Ltd,1.8939857288481141,-0.7850467289719569,-1.8853974121996315,-9.502159581723118,-28.56630181230934,16.91629955947138,-36.85963521015067,2493.485257541197,Electrical products,79.62,INR,143,INR,89.73800000000004,84.88445000000003,82.30115129011837
BEL,Bharat Electronics Limited,0.8763441357027141,-0.795398923152227,-1.3386880856760375,3.3397068196303437,-1.1582540843696658,-12.261904761904757,6.2516382699869,182308.04357596987,Aerospace & defense,405.35,INR,473.45,INR,407.03500000000014,419.1904999999998,408.2183333241712
MOTHERSON,Samvardhana Motherson International Limited,0.625013946194062,-0.8024691358024761,-3.645521045688939,5.723684210526308,11.095748358105759,27.196454012980833,63.31300813008128,266522.82128755096,Auto parts: OEM,160.7,INR,173.27,INR,155.26600000000016,131.64979999999997,163.89389257954295
NORTHARC,Northern Arc Capital Ltd.,0.24072974725562302,-0.8043335521996209,4.931411703420729,5.998947553060854,3.140467656596685,24.54657873042044,24.906986357999163,-13.671428571428576,Finance/Rental/Leasing,302.15,INR,334,INR,296.2129999999999,268.82345000000004,294.0759491721238
SUNFLAG,Sunflag Iron & Steel Co. Ltd.,0.4801529215061005,-0.8080808080808114,-0.3190255220417699,-7.233468286099868,-17.379807692307693,44.715789473684204,22.771923557778177,1224.4700838354495,Steel,343.7,INR,428,INR,353.0769999999999,297.89924999999954,351.13321382801394
VIJAYA,Vijaya Diagnostic Centre Ltd.,0.3306874279625079,-0.8170043175024878,1.4126596033686467,7.80449065049456,8.71496177648344,57.91032148900169,38.490076052680394,176.5185185185185,Medical/Nursing services,1493.2,INR,1573,INR,1407.7679999999998,1151.7010000000002,1469.8118631106047
AEGISVOPAK,Aegis Vopak Terminals Limited,0.7792129476491974,-0.8192435070594466,6.5543071161048685,-4.578232433338916,46.649484536082475,53.74223182923533,15.744507729861672,21.06382978723404,Air freight/Couriers,284.5,INR,311.49,INR,277.0795999999998,232.5693,275.9023228361982
TINNARUBR,Tinna Rubber & Infrastructure Limited,0.9438056888068121,-0.8294753086419665,1.9635065450218236,-9.878166359891317,13.934289988365006,54.72123993679935,24.993921711646003,0.7051909892262532,Industrial specialties,1028.2,INR,1322,INR,1039.9119999999996,819.7919999999997,1036.8259632469037
SWSOLAR,Sterling And Wilson Renewable Energy Limited,0.741633063717934,-0.8307151605516813,-5.944444444444449,-10.07725736359247,-7.806930693069312,4.623595505617971,-32.390633508803774,-73.62181303116148,Engineering & construction,186.23,INR,281.7,INR,212.175,204.36609999999993,195.842112720899
ZENSARTECH,Zensar Technologies Limited,0.6028003401300983,-0.8378988076055381,-0.9124087591240876,-10.046774507893199,-4.638429752066114,-16.05129137868315,-41.042345276872965,4658.2474226804125,Packaged software,461.55,INR,868.95,INR,489.94199999999995,572.2754999999996,476.9119737536637
PARKHOTELS,Apeejay Surrendra Park Hotels Ltd.,0.8801805032845605,-0.8485062754109898,-0.6289308176100573,-9.605157131345678,-4.119658119658114,-4.9402593000593145,-30.322981366459622,-39.688172043010745,Hotels/Resorts/Cruise lines,112.18,INR,164.1,INR,120.70319999999998,123.19265000000004,115.50714727003601
CYIENT,Cyient Limited,0.11411341096319323,-0.8548546747053002,5.73388992850631,25.919999999999995,23.05802200256882,26.643678160919535,-9.34671713016292,281.24567474048445,Packaged software,1101.8,INR,1284.7,INR,902.086999999999,969.9990000000007,1009.8324450257891
GANESHHOU,Ganesh Housing Limited,0.815046820539973,-0.8556499020248144,-4.893483709273177,-2.511239563262679,-0.9138977740061361,16.314176245210735,-13.460661345496005,220.68341815031718,Homebuilding,758.95,INR,902.95,INR,801.9089999999998,737.8754999999998,791.1611400907799
STOVEKRAFT,Stove Kraft Ltd.,0.3981052823248162,-0.8573980351295082,2.1533742331288286,9.043876882776681,26.739229715329575,70.36013914466953,23.928252456088124,67.17871485943773,Electronics/Appliances,832.55,INR,877,INR,787.581000000001,616.5652500000002,808.5399561339465
SOUTHBANK,South Indian Bank Limited,0.8910223865705872,-0.8595387840670937,3.366120218579233,0.2331496396778284,6.102759703836659,17.812655705032384,59.7635135135135,3684.1960003873023,Major banks,47.29,INR,49.9,INR,46.0938,41.86415000000004,46.07490056547939
AEROFLEX,Aeroflex Industries Ltd.,0.591253634443247,-0.8669187494235788,2.9893647599885065,14.987163029525048,22.425968109339415,141.44204851752025,195.30219780219784,182.86842105263162,Industrial machinery,537.45,INR,570.5,INR,457.6420000000007,313.05450000000013,504.1622458371956
LLOYDSENGG,Lloyds Engineering Works Ltd,0.7770773638041059,-0.8711006474396811,-3.7600000000000073,-9.607127522541866,17.218819599109118,86.51162790697674,27.59090909090908,3707.77272629541,Engineering & construction,84.21,INR,99.75,INR,88.88499999999996,64.18770000000009,87.6598537311614
GLENMARK,Glenmark Pharmaceuticals Limited,0.696774324249039,-0.8865392435949647,-0.9268292682926903,9.635627530364363,11.191203978283667,16.367456073338413,20.355555555555547,7399.076923076922,Pharmaceuticals: major,2437.2,INR,2537.6,INR,2292.0280000000007,2155.3334999999997,2389.8571773172152
ENGINERSIN,Engineers India Limited,0.3637566428430611,-0.8866820358219544,12.909090909090905,23.404725104879667,17.12070410729254,36.71722113502934,37.2679045092838,2817.5984227866975,Engineering & construction,279.45,INR,289.65,INR,240.5726,218.7233000000002,256.35746543525306
SUNPHARMA,Sun Pharmaceutical Industries Limited,0.46458939382224795,-0.8872651356993737,-1.3506493506493507,-3.4962902734017662,6.148686416992733,6.41636312692631,18.910457107075768,82765.45442492297,Pharmaceuticals: major,1899,INR,2046.9,INR,1929.7819999999983,1802.2964999999995,1923.4066361119221
MONARCH,Monarch Networth Capital Limited,0.7447141002705506,-0.8916863362182097,0.7733333333333273,-5.288220551378452,10.239206534422392,43.41555977229601,12.30312035661218,411.1937429020126,Investment banks/Brokers,377.9,INR,406.95,INR,372.1629999999999,317.9565000000004,379.78413351312787
NRBBEARING,NRB Bearings Ltd.,0.8589520075637309,-0.8979048885932848,-4.5075838496047895,3.832752613240418,18.882978723404257,69.92967116517772,53.608247422680414,5221.428571428572,Auto parts: OEM,447,INR,503.9,INR,441.82199999999995,332.99944999999985,460.48209428739597
KRT.RR,Knowledge Realty Trust,0.5984411507335715,-0.8985992423575105,-1.01196761703626,-4.669491525423733,-3.6405687853349327,-2.7492003112302297,4.01294498381876,9.213592233009704,Real estate investment trusts,112.49,INR,129.07,INR,115.7046000000001,118.69805000000001,113.99114243973065
TATACONSUM,Tata Consumer Products Limited,0.9680477892171085,-0.9026687598116213,-3.5339063992359123,-7.023842400810086,-12.158636284571227,-9.748905370386911,-10.301953818827709,1244.5563983072648,Food: specialty/candy,1010,INR,1282.7,INR,1079.9779999999994,1129.1450000000023,1048.7758277301473
IDFCFIRSTB,IDFC First Bank Ltd.,0.909457354592447,-0.90285714285715,3.4849027330230187,0.8255813953488299,20.16352549889135,23.16761363636362,21.989307822172194,22.99290780141843,Regional banks,86.71,INR,88.76,INR,83.20240000000001,77.29589999999993,85.1759850983883
BAJAJELEC,Bajaj Electricals Limited,0.436557686260313,-0.9126271693596684,-1.4141113426615064,-5.358673906830523,8.573770491803272,-6.322489391796329,-43.87288135593221,425.454711937997,Electronics/Appliances,331.15,INR,653.8,INR,338.2110000000014,383.4690000000001,338.80414264121237
LTF,L&T Finance Ltd,0.7552581935632026,-0.9151151782896741,-2.484472049689441,-2.7863777089783284,17.16417910447761,14.223353946889787,37.701179669341755,526.9143954119148,Finance/Rental/Leasing,314,INR,338.6,INR,314.79999999999995,293.7347499999997,315.41997372954273
SWANCORP,Swan Corp Limited,1.0194588629346286,-0.9151707145371427,-7.446983396350478,-10.634920634920634,-11.477987421383649,-22.022160664819946,-39.06926406926407,288.40979648154536,Electric utilities,281.5,INR,506,INR,308.0989999999995,363.17749999999995,297.6266400351434
STYL,Seshaasai Technologies Limited,1.284261872161368,-0.917194160961119,-3.8847117794486214,6.365275273887114,41.51291512915129,66.26923910687188,-11.226851851851851,-11.226851851851851,Packaged software,383.5,INR,437.45,INR,375.81699999999995,292.76195,389.1073078638579
PHOENIXLTD,Phoenix Mills Ltd.,0.658522576434119,-0.9183673469387756,2.0547585264596093,0.10309278350515463,12.906976744186046,19.43419434194342,26.9281045751634,1076.969696969697,Real estate development,1942,INR,2169.8,INR,1979.9160000000006,1803.5395000000008,1928.810941482434
COHANCE,Cohance Lifesciences Ltd,0.6650863678032395,-0.9222089617012044,0.639188891337896,6.832007487131504,6.732117812061713,57.25848114344756,-50.04103069095683,184.48598130841123,Pharmaceuticals: major,456.6,INR,1038.9,INR,444.8130000000012,426.7149999999992,452.6079082524283
AGI,AGI Greenpac Limited,0.34866713914716535,-0.9364052815952635,-0.3321133251999519,2.402506963788301,21.93200663349917,44.166666666666664,-17.3876404494382,7521.476587745446,Containers/Packaging,735.25,INR,939,INR,712.4340000000001,652.3257499999996,736.8173823423385
UNIONBANK,Union Bank of India Limited,0.9087171555213114,-0.9417989417989424,1.364374661613433,6.982857142857143,11.706443914081149,-1.876310272536694,44.29287090558767,998.064580531647,Major banks,187.22,INR,205.49,INR,176.6002,171.90275000000003,184.6385770798453
SUPREMEIND,Supreme Industries Limited,0.6168432151765264,-0.9435306861263907,-3.88338773026498,-1.0788806968601465,-4.606346766223789,-12.025316455696203,-25.026968716289105,19757.14285714286,Miscellaneous manufacturing,3475,INR,4632,INR,3445.7020000000043,3566.984999999994,3542.876354498972
ADVENZYMES,Advanced Enzyme Technologies Ltd,1.2673499019701584,-0.9459459459459498,-1.5942272193321028,-9.492205587281989,-22.09379566892521,-0.5933209018477709,-14.055400850065952,21.157024793388427,Food: specialty/candy,293.2,INR,419,INR,311.624,315.0404999999999,301.17423967874873
CLSEL,Chaman Lal Setia Exports Limited,0.1455560071285613,-0.9514435695538168,2.6696140112225697,3.4258307639602608,7.495104148121756,17.242718446601934,6.340260655160268,137.1563236449332,Agricultural commodities/Milling,301.9,INR,324.8,INR,287.532,269.99005000000017,295.67346704184
AIAENG,AIA Engineering Limited,2.850723902061731,-0.9643291826607954,-0.02599059612977255,-9.006451612903229,-9.782515991471218,17.66407119021134,37.599999999999994,5366.666666666666,Industrial machinery,4231.2,INR,5180,INR,4579.580000000002,4108.1810000000005,4348.0407556442715
LODHA,Lodha Developers Ltd.,0.6140819887591346,-0.9724473257698543,-3.015873015873016,-2.23217857428595,37.14927048260382,33.369713506139156,0.16393442622950818,460.55045871559633,Real estate development,1222,INR,1344.95,INR,1190.7900000000004,1022.6185,1226.9944045030438
POLYPLEX,Polyplex Corporation Limited,1.238861575625606,-0.9728111748565764,3.5652173913043477,6.055209260908281,29.59738846572361,44.36363636363637,15.7321931785055,25651.35135135135,Chemicals: specialty,1191,INR,1264,INR,1116.3780000000004,924.9079999999994,1172.4150174515078
GODREJPROP,Godrej Properties Limited,0.4935178598097673,-0.9742692980264801,-4.500337284378919,-3.585153475701699,16.24633431085044,13.659823374240167,-2.3645320197044337,675.73385518591,Real estate development,1982,INR,2352,INR,2045.5699999999988,1868.6239999999982,2021.2914844985573
CHOICEIN,Choice International Limited,1.9565620932893344,-0.9759906304899473,-1.8129032258064457,-7.86972577032508,13.354684939669314,10.290600768171606,-2.9338605778429745,911.2292358803986,Miscellaneous commercial services,760.95,INR,860.5,INR,800.5349999999987,746.0134999999992,787.8070344179661
SURYODAY,Suryoday Small Finance Bank Limited,0.2733034202137194,-0.9767532721234616,-2.31885919835561,-7.302651630600438,-11.272536320672149,15.510824154956312,22.96434058381175,-47.92123287671233,Regional banks,152.07,INR,218,INR,168.3914,149.96194999999986,156.52237026133645
AUTOAXLES,Automotive Axles Limited,1.2401981015270327,-0.9792424064735572,-2.719050636557408,-7.721311475409834,-2.5281385281385256,-15.704088254380268,-4.506898891653474,3920.714285714286,Auto parts: OEM,1688.7,INR,2115,INR,1787.9140000000045,1811.9199999999976,1746.876529644415
AVANTEL,Avantel Limited,0.6903849667538654,-0.9840255591054262,-1.2993630573248356,-5.913782635094099,-11.95454545454545,8.219847754731482,-5.321683876092124,-22.68137051316322,Telecommunications equipment,154.96,INR,215,INR,166.3702,155.99095,159.23354546787252
SAGCEM,Sagar Cements Ltd,7.486884055973612,-0.9845834952713964,-7.413688673531182,-11.636510780969996,-14.12359550561797,-17.283549783549784,-45.004497211728726,363.21212121212125,Construction materials,152.86,INR,295.95,INR,172.3337999999999,186.0690500000001,163.39724814060074
CESC,CESC Ltd,1.0528071503797836,-0.9867531765342037,-3.7450722733245656,-11.48036253776435,-18.060294199899317,-6.0596344982366075,-6.329923273657292,540.7506010590536,Electric utilities,146.5,INR,204.5,INR,161.4584000000003,164.76145000000014,154.00795534458445
TORNTPHARM,Torrent Pharmaceuticals Ltd,1.1321319204262963,-0.9886861685862808,-2.86,-4.172832198875407,11.655172413793103,11.5654071436775,33.434065934065934,23449.090909090908,Pharmaceuticals: major,4857,INR,5250,INR,4920.872,4332.672999999995,4946.821802955651
APOLLOTYRE,Apollo Tyres Limited.,0.37745362780185865,-0.9911259651953466,-4.139700959607233,-2.6184538653366607,7.724137931034485,-2.805747256476972,-12.693089430894307,6408.333333333334,Automotive aftermarket,429.55,INR,540.5,INR,436.41799999999995,451.82675,437.5341613923398
SUMICHEM,Sumitomo Chemical India Ltd.,0.9158006719212378,-0.9932778167954339,-6.72086208526327,-4.749034749034753,3.88461943362459,24.188270828089596,-17.491638795986624,158.12190730431112,Chemicals: agricultural,493.4,INR,617.45,INR,517.093,457.1282500000001,521.6085445473801
NEULANDLAB,Neuland Laboratories Ltd.,0.5762453697005828,-1.0048055919615553,-3.574468085106383,16.205128205128204,33.68731563421829,74.3076923076923,55.21611069251318,20357.229013592125,Pharmaceuticals: major,22660,INR,23881,INR,20758.659999999978,16439.35,22609.222319650507
HORIZONIND,Horizon Industrial Parks Limited,0.4197366993877809,-1.0055665289998117,-2.9059528002817867,-8.116666666666664,-8.116666666666664,-8.116666666666664,-8.116666666666664,-8.116666666666664,Real estate development,55.13,INR,60.25,INR,,,
BAJEL,Bajel Projects Limited,0.29221741577798854,-1.007054768700525,-5.950370938859042,2.3667650498412875,-10.541171890208291,25.904109589041088,-10.371056609293484,-8.090000000000003,Engineering & construction,183.82,INR,226.69,INR,185.75579999999988,175.52080000000007,187.46245577262772
ADFFOODS,ADF Foods Limited,0.6044395441612043,-1.0093457943925193,-3.287070854638422,-2.467771639042353,-8.768303186907835,40.17256894817639,16.196410548949068,1588.7754671230748,Food: specialty/candy,264.8,INR,346.95,INR,286.31199999999984,238.41474999999963,271.034852557337
MAXHEALTH,Max Healthcare Institute Ltd,0.7230974736413084,-1.0151774047643003,-2.4080864136359197,-8.814814814814818,0.7880462593388529,-6.0843028800305134,-17.174095878889826,825.1291686237669,Hospital/Nursing management,984.8,INR,1221.9,INR,1066.8389999999997,1043.0552500000001,1017.20402310562
ACUTAAS,Acutaas Chemicals Ltd,0.548861090345429,-1.0153077163386441,-5.693791297101023,-2.8067484662576687,0.17071859884291016,41.51406878070567,122.97677691766361,596.3736263736264,Pharmaceuticals: major,3168.5,INR,3740,INR,3351.942000000003,2524.154500000001,3228.3193115616536
JSWHL,JSW Holdings Limited,0.4358610914245216,-1.0181190681622088,-2.7796610169491527,-7.109311740890688,-7.707160096540628,-29.180813630471018,-39.21797181307619,6648.235294117647,Investment banks/Brokers,11472,INR,22790,INR,11548.520000000011,14825.850000000019,11598.86837836315
INDIANB,Indian Bank,0.7372469144619478,-1.0182841068916968,-0.2833824529585128,3.2632938138279224,4.851013110846251,-7.209535362058954,31.20059656972409,836.8476903759811,Major banks,879.7,INR,1000.9,INR,851.1080000000002,862.8554999999994,877.6954978082307
ZAGGLE,Zaggle Prepaid Ocean Services Limited,0.3914217172642838,-1.0184526091003587,-4.571609565538719,-11.711843711843708,-10.064676616915419,-17.3887213234622,-54.897704590818364,10.225609756097567,Packaged software,180.77,INR,405.4,INR,199.9018,254.1103499999997,189.76334219243856
WSTCSTPAPR,West Coast Paper Mills Limited,0.9478521132069782,-1.0198645254585654,6.302108876900434,13.08695652173913,26.977152899824247,65.54226069246435,24.820040310970334,9752.272727272728,Office equipment/Supplies,650.25,INR,662.65,INR,576.5819999999999,476.4852499999999,617.7024647679107
KSL,Kalyani Steels Ltd,0.533985831836928,-1.0208377183750836,6.717349370248502,7.905002294630562,11.997618338791307,32.46478873239437,10.296704585434497,375,Steel,940.5,INR,982.55,INR,887.6420000000005,785.2327499999997,893.1725644828743
SANOFI,Sanofi India Limited,0.4449119211043236,-1.0216873511345232,-0.4036581520025286,-7.416744840525329,-0.9968652037617612,-17.140233503869872,-38.912959381044494,246.8262683944652,Pharmaceuticals: major,3158.2,INR,5120,INR,3325.1839999999975,3647.558000000002,3225.343403382136
KIRLOSBROS,Kirloskar Brothers Ltd.,0.627373935821873,-1.0258863551799264,-2.4926686217008753,-1.4762685856394566,13.932570519488468,20.42426594231018,-9.25925925925926,630.1960784313726,Industrial machinery,1862,INR,2189.2,INR,1903.5340000000015,1701.5734999999993,1896.4027383524674
SILVERTUC,Silver Touch Technologies Ltd.,0.7704861549982855,-1.031110063634221,-5.379675529517807,-14.081841432225064,-4.290598290598291,21.80565627266134,143.06490123724765,1299.75,Packaged software,167.97,INR,216.8,INR,190.55119999999997,146.74517499999993,182.6297267392238
SHYAMMETL,Shyam Metalics & Energy Ltd.,0.2726274730340968,-1.031215161649957,1.4571428571428529,3.547822706065319,6.216660850491042,32.20402084884587,13.935828877005344,180.3421052631579,Metal fabrication,1065.3,INR,1111,INR,1012.982,894.8134999999999,1040.148754795729
LUPIN,Lupin Limited,1.1017688255510134,-1.0318949343339587,-2.5359138990253633,-12.448132780082988,-7.269051595323902,-9.867577958137549,7.598164201937787,28033.333333333332,Pharmaceuticals: other,2110,INR,2529.5,INR,2344.340000000002,2254.7965,2209.2326928616408
BEML,BEML Limited,1.7383219716196459,-1.038761181109931,6.837651212294288,21.03281966827433,17.790497996565552,26.16799509503373,-0.08254430687059083,20035.03014227124,Trucks/Construction/Farm machinery,2057.8,INR,2275.75,INR,1850.8220000000001,1767.9804999999997,1944.7671673823024
CMRGREEN,CMR Green Technologies Limited,0.423342100475267,-1.0401317500216718,2.953244059696114,-1.535144458818457,-14.798507462686565,-14.798507462686565,-14.798507462686565,-14.798507462686565,Metal fabrication,228.34,INR,268.96,INR,224.2568,,223.2062174894389
VENKEYS,Venky's (India) Limited,0.13486515634895802,-1.0434678910023256,4.8389134554643025,3.144810441267863,16.996827634825515,26.571079926784613,8.33605326718453,4405.705866841736,Agricultural commodities/Milling,1659.6,INR,1800,INR,1522.8219999999983,1462.3425000000018,1592.4352055892857
MEDIASSIST,Medi Assist Healthcare Services Limited,1.5444292403412372,-1.0466637592673256,0.8295067397422637,-4.850433324014528,-5.18178019222732,0.10294117647059492,-36.49001679417801,-26.010869565217387,Investment managers,340.35,INR,575.55,INR,353.2820000000006,383.78725,345.16089414385846
BHARATRAS,Bharat Rasayan Limited,2.016714071138666,-1.0471204188481753,-8.345717637856866,-13.064767415980423,-19.1304347826087,-16.763744850120755,-54.04705882352941,19973.661670235542,Chemicals: agricultural,1171.8,INR,2987.5,INR,1308.127999999992,1641.1247499999995,1262.8185481288137
JKPAPER,JK Paper Limited,0.7733896263345087,-1.0605875899061237,3.6658577085196127,5.718379575354954,12.722222222222225,21.880162186514497,-1.0243902439024362,556.2426608170949,Pulp & paper,405.8,INR,444.8,INR,380.80700000000036,360.26799999999935,393.53626464733566
TMB,Tamilnad Mercantile Bank Limited,0.5963516766168726,-1.0610642474401826,5.100315599639314,8.229354071150844,24.659090909090914,42.64188465657029,117.35431235431237,88.37373737373738,Regional banks,932.45,INR,949.95,INR,838.1130000000002,679.9885000000004,888.3077919838628
ASIANENE,Asian Energy Services Limited,0.8940691050767725,-1.061185468451234,4.230033235975436,23.20238095238096,40.61141304347827,78.215946271741,35.175026123302,242.90923412254702,Oil & gas production,517.45,INR,538,INR,402.16100000000006,324.6865999999998,465.7124162842538
GSPCROP,GSP Crop Science Limited,0.3577407031990306,-1.062470043137878,-1.2360446570972887,3.787815302103415,37.687604224569206,88.79573170731707,88.79573170731707,88.79573170731707,Chemicals: agricultural,619.25,INR,667.95,INR,537.7480000000004,,607.7201282265066
TALBROAUTO,Talbros Automotive Components Limited,0.6104196730401116,-1.0675724857454756,0.18427518427518427,-1.9831730769230769,15.673758865248226,65.9881945857928,48.81386861313869,3070.684144447085,Industrial machinery,407.75,INR,451.6,INR,411.4230000000002,318.7308499999999,411.705284036086
AARTIPHARM,Aarti Pharmalabs Limited,1.0255783011704387,-1.07130514917637,4.9877750611246885,24.01444043321299,33.35403726708074,22.379764873530455,-3.397075365579308,186.3621302554895,Pharmaceuticals: major,858.8,INR,946.1,INR,755.2749999999999,719.770750000001,828.2328458874736
SIYSIL,Siyaram Silk Mills Limited,0.495807295098454,-1.0740177212924014,-1.5059704152557556,-11.576000000000002,-11.498118344142856,6.565753952950241,-16.644042232277528,1281.625,Textiles,552.65,INR,848.8,INR,616.6090000000002,594.9212500000006,586.319302044371
HIRECT,Hirect Limited,0.377116728816569,-1.0843178507849056,-0.6178861788617812,-7.806018553435401,2.490148402783604,81.0962962962963,48.16969696969698,2461.5724138499863,Electrical products,1222.4,INR,1399,INR,1228.2840000000003,914.6892499999996,1243.8116951668226
AXISCADES,AXISCADES Technologies Ltd.,1.066942522626832,-1.0864539990753688,5.71957998764669,7.987381703470025,-4.358515869468038,15.648648648648644,19.092680211522396,2277.222222222222,Miscellaneous commercial services,1711.6,INR,2211,INR,1595.8499999999997,1571.513000000002,1627.339253702647
POWERINDIA,Hitachi Energy India Limited,1.095814674248493,-1.09375,-6.471631205673759,-2.2544780728844964,-14.320519761775852,24.11764705882353,63.23688689463098,4554.411764705882,Electronic equipment/Instruments,31650,INR,38785,INR,33051.399999999994,27492.755000000005,33185.47383159676
MASTEK,Mastek Limited,0.11855286818628355,-1.098962400981804,9.77708978328174,-3.7826983610116045,5.52976190476191,8.760198760812232,-31.548262548262542,7941.798829061202,Information technology services,1772.9,INR,2580,INR,1740.596000000001,1801.3870000000006,1758.717069830497
ENTERO,Entero Healthcare Solutions Limited,0.1366500121281948,-1.1038961038961088,4.458161865569274,46.243098343602455,60.386134269416395,76.75048355899418,52.3,48.74257345161551,Medical distributors,1827.6,INR,1868.9,INR,1362.1959999999995,1187.9585000000009,1612.3669522113303
JAMNAAUTO,Jamna Auto Industries Limited,0.6449928314446439,-1.1061946902654936,0.6756756756756775,-15.783964831484198,-2.1167883211678826,-12.852913567766633,9.718181818181817,740.4595515000312,Auto parts: OEM,120.69,INR,152.6,INR,130.046,125.9561999999999,123.44769339078616
SASKEN,Sasken Technologies Ltd,0.8379755757058241,-1.109125315391092,1.0690877833888397,-10.264726925828764,-13.196142665989951,66.54567988668556,27.11486486486486,308.9782608695652,Information technology services,1881.3,INR,2780.2,INR,1941.244,1575.8964999999996,1904.4730789342389
BAJAJFINSV,Bajaj Finserv Limited,0.7363453107694325,-1.109382059133573,-2.038786673296867,-6.4133016627078385,14.534883720930232,3.200796270103196,-0.7556675062972292,3241.4750000041427,Life/Health insurance,1970,INR,2195,INR,1949.5539999999992,1907.8459999999998,1995.5353147951826
EMSLIMITED,EMS Ltd.,0.16911744737316675,-1.1101071382470664,0.013054830287209235,-6.5731707317073145,29.40878378378379,39.799270072992705,-29.84432234432234,35.80925849350324,Engineering & construction,383.05,INR,593.85,INR,402.116,366.5952500000003,385.42259988303834
BLSE,BLS E-Services Limited,0.402762015097322,-1.1123126834543384,1.9267515923566916,5.3489137590520075,42.13705200515167,137.95539033457248,80.94188150158301,4.9344262295082,Internet software/Services,320.05,INR,331.3,INR,292.8312000000005,214.11229999999995,315.8709563150452
COALINDIA,Coal India Ltd.,0.4433134068231388,-1.1189144149505983,3.5785536159601055,-0.5387931034482758,-14.059590316573555,-7.935276515571308,6.010719754977031,42.731958762886606,Coal,415.35,INR,491.25,INR,418.74399999999935,428.7310000000003,409.94784005651456
RAMKY,Ramky Infrastructure Limited,0.560900317935908,-1.1242350932119098,-4.257957833815639,-11.961479979726317,-20.247933884297527,-29.490562208240313,-38.458813108945975,-26.32806545070651,Engineering & construction,347.4,INR,705,INR,384.04100000000005,466.2637499999996,368.0914387730226
SIS,SIS Limited,1.3347392546222656,-1.1242399908225384,2.1935024899217455,0.20927799093128177,0.2209302325581369,45.985772357723576,15.78452444922085,-2.03455219407311,Miscellaneous commercial services,430.95,INR,480.95,INR,429.05600000000106,363.6424999999999,426.7181397614876
COLPAL,Colgate-Palmolive (India) Limited,1.5371788994520441,-1.124324324324322,-1.2257681300286216,-9.753811238837635,-9.265873015873014,-16.8583246216081,-26.50863800723182,741.0114942528736,Household/Personal care,1829.2,INR,2446,INR,1999.432000000002,2068.035000000003,1903.906408649372
NGLFINE,NGL Fine-Chem Ltd.,0.47134585922629507,-1.1323449401523455,0.34858838959066435,-12.753188297074269,12.267356552629538,23.82879045996593,95.14732532384723,57.16640990297035,Pharmaceuticals: major,2907.5,INR,3602,INR,3123.651999999999,2322.1869999999994,2951.3400343886533
VGUARD,V-Guard Industries Limited,1.2061778363599935,-1.1348563006632344,1.620966520224198,6.815286624203814,11.35458167330677,9.643674403399805,-8.109589041095896,5117.33856690362,Electrical products,335.4,INR,392.2,INR,316.39800000000037,321.83699999999976,332.1896138051449
NXST.RR,Nexus Select Trust,2.3645316750231697,-1.1382598331346991,-0.8427973699940376,-1.2500744091910367,6.798429150840128,5.797193877551004,12.850340136054413,61.05825242718445,Real estate investment trusts,165.89,INR,191.9,INR,166.4559999999999,160.26870000000005,167.24152884010087
V2RETAIL,V2 Retail Limited,1.8908106188383889,-1.141552511415525,-3.0842920453019325,-0.8018327605956472,-15.578085396763498,9.904056043453977,25.80626416410018,12710.650887573966,Apparel/Footwear retail,216.5,INR,259.25,INR,221.87139999999982,216.29305,219.9876669394558
BIOCON,Biocon Limited,1.4258865407957797,-1.1442786069651798,-4.562920268972142,-6.713615023474183,-4.5399951957722875,2.687338501291984,9.026063100137169,1022.071722346186,Pharmaceuticals: major,397.4,INR,447.15,INR,421.07300000000146,396.1224999999995,412.2152239551927
NATCOPHARM,NATCO Pharma Limited,1.2644176459182026,-1.1511392103065703,-3.3982280251806922,-10.25127260911946,-10.31926406926407,-17.69467620182757,-6.3619413526188,22918.055555555555,Pharmaceuticals: major,828.65,INR,1226.8,INR,915.3459999999997,945.5452500000001,871.1059336127155
LMW,LMW Limited,0.3653887412737445,-1.1530563891960195,-2.6547754848076326,16.884572282405678,18.845350382984112,28.06275579809004,32.612841703750796,10330,Industrial machinery,18774,INR,20151,INR,17231.379999999994,15424.660000000002,18662.040708923574
UNITDSPR,United Spirits Limited,0.5166536504062335,-1.155215259587618,-3.5583224115334176,-3.6845549738219865,17.773687580025623,11.492424242424246,7.895894428152495,802.8834355828221,Beverages: alcoholic,1471.7,INR,1563.4,INR,1467.7400000000014,1377.8410000000017,1503.3240773263274
FREDUN,Fredun Pharmaceuticals Ltd.,0.8825351190893579,-1.1825572801182496,-1.9598693420438547,-4.499999999999997,-4.499999999999997,-4.499999999999997,-4.499999999999997,-4.499999999999997,Pharmaceuticals: major,1470.7,INR,1590,INR,,,
BBOX,Black Box Limited,0.6250380179063156,-1.1998890276043803,-3.8863774374198714,-6.159420289855072,-35.25,39.36992466490558,54.166666666666664,7813.888888888889,Information technology services,712.25,INR,1103,INR,809.5840000000001,674.6187500000003,750.9189928233377
KRISHANA,Krishana Phoschem Ltd.,0.6806103485799541,-1.2019101786768305,-3.6220884585187205,0.727571115973733,34.489810824629316,96.40533333333333,57.970144131777616,2984.254554702604,Chemicals: agricultural,184.13,INR,206.39,INR,168.57780000000017,126.10830000000001,187.98369888480983
CAPLIPOINT,Caplin Point Laboratories Limited,0.5549258900393775,-1.2021089630931394,10.084988054674342,9.369649805447478,38.80493827160495,69.6216281455555,28.93577981651377,8118.713450292399,Pharmaceuticals: major,2810.8,INR,2877.3,INR,2578.606,2042.567500000002,2612.112235414283
ZYDUSWELL,Zydus Wellness Limited,0.7667299479668107,-1.2077294685990336,-0.6539611360239163,-4.943237686600514,5.821474773609325,39.553805774278224,13.577135045072,1108.683791770857,Food: major diversified,531.7,INR,611.85,INR,549.3580000000001,477.50275,527.4422959372013
EUROPRATIK,Euro Pratik Sales Limited,1.0229987989186025,-1.2172284644194757,3.4313725490196076,-17.578125,3.4313725490196076,9.91873306938946,-3.068724733553849,-3.068724733553849,Office equipment/Supplies,263.75,INR,390,INR,292.88000000000017,275.50370000000004,271.9771562729018
CRIZAC,Crizac Limited,1.2966744791804443,-1.2201885745979035,-8.900255754475701,-16.537360062483735,-25.997229916897506,-28.162954331555596,-57.369680851063826,-42.96744351538872,Internet software/Services,160.29,INR,387.95,INR,185.39360000000056,222.98675000000006,173.13912905119827
ANUP,Anup Engineering Ltd.,0.3982403075364306,-1.2278761061946928,-0.8439755691282645,-19.47513189340307,-6.741866416000843,22.315068493150683,-23.618477331052183,693.6888888888889,Industrial machinery,1785.8,INR,2576,INR,2031.6400000000006,1991.7575000000043,1849.366993226722
DALBHARAT,Dalmia Bharat Ltd.,0.1762539230622944,-1.2364498644986501,-6.7636712503997485,-4.877650897226756,1.3910624239262737,-9.315707620528773,-28.012345679012345,2201.412251175341,Miscellaneous manufacturing,1749.3,INR,2496.3,INR,1813.3840000000012,1915.3625000000027,1824.2179181359184
HUHTAMAKI,Huhtamaki India Limited,0.9564936078220924,-1.2393493415956578,-2.111324376199616,-11.087866108786613,53.93902807123453,49.99117698958885,10.151187904967603,2305.6603773584907,Containers/Packaging,255,INR,330,INR,259.7683999999987,204.62555000000017,266.83139141762786
BERGEPAINT,Berger Paints India Limited,1.1559681598095706,-1.2413512413512344,-3.2977981468566324,-9.119850187265916,-2.295147976645858,11.820276497695854,-10.82322675486954,58232.83250195324,Industrial specialties,485.3,INR,594.55,INR,513.641,499.6182500000002,508.51986086188964
CPPLUS,Aditya Infotech Limited,0.792602496870878,-1.2449017673873128,2.05509641873278,4.655630261596692,3.1922005571030616,114.89645571088808,167.67341040462426,264.98522167487687,Electronics/Appliances,3704.6,INR,4094,INR,3572.798000000001,2379.7825,3592.4078071836516
ENRIN,Siemens Energy India Limited,0.5577281903064908,-1.2519016227180528,-4.631160085705546,-6.715568862275455,-16.471408273236644,8.788407821229043,-10.210374639769457,9.707746478873233,Electrical products,3115.7,INR,3968,INR,3384.0560000000037,3076.855,3306.9550651316495
BANSALWIRE,Bansal Wire Industries Limited,1.344191439118166,-1.2539184952978055,-1.3466958972752932,-0.9433962264150944,1.6129032258064515,28.022759601706966,-15.254237288135592,-11.51685393258427,Steel,315,INR,370,INR,324.60900000000083,300.2215499999998,319.6197528730925
HONASA,Honasa Consumer Limited,1.1665981062336301,-1.257729797715124,-2.635386523356759,2.4021739130434807,12.637494021999048,59.138513513513516,52.098805295447214,42.74242424242425,Specialty stores,471.05,INR,509.8,INR,468.07000000000045,354.8985000000001,474.765362819175
NH,Narayana Hrudayalaya Ltd.,0.7770178384546707,-1.2591648071405825,-2.5943396226415096,-3.1728665207877507,-3.9187302900273977,5.6806550665302,2.1378324906572925,538.659793814433,Hospital/Nursing management,1858.5,INR,2093.3,INR,1938.276,1861.6785000000032,1888.8669461352365
BHARATFORG,Bharat Forge Ltd,1.5681400345915357,-1.2619888944977284,-4.496850739709971,-10.997861400555118,1.447020382760235,3.2244445617182915,67.8969957081545,27684.09011977017,Metal fabrication,1956,INR,2295,INR,2118.536,1801.5424999999977,2057.4454369774858
MARUTI,Maruti Suzuki India Limited,0.8321996751153856,-1.2677918643540484,-5.970370370370371,-10.856741573033707,-3.475020910957342,-11.472208661691889,-16.706036745406823,7597.999253972059,Motor vehicles,12694,INR,17370,INR,13765.820000000009,14310.814999999988,13407.696701421633
OLECTRA,Olectra Greentech Limited,0.517946756053812,-1.2692802056555235,-7.753508969451322,-9.231905465288035,-7.871064467766117,32.5782092772384,-22.70440251572327,12570.103092783505,Motor vehicles,1229,INR,1714.2,INR,1358.439999999999,1214.3827500000014,1297.8858619432258
MOL,Meghmani Organics Limited,0.6435840564346987,-1.2736966824644542,10.072655217965645,22.334373279500817,36.0408163265306,38.270068450528925,-19.927927927927932,-21.5764705882353,Chemicals: specialty,66.66,INR,87.75,INR,55.31659999999998,54.90480000000002,61.912128952264844
GVT&D,GE Vernova T&D India Limited,0.5697753535056223,-1.2769371847776207,-2.2184377838328753,-1.6826484018264798,-15.230314960629919,12.600669386047485,51.89770723104058,1724.8141931668988,Electrical products,4306.3,INR,5650,INR,4396.559999999999,3924.624500000003,4307.53468787335
EUREKAFORB,Eureka Forbes Limited,0.6940391364754852,-1.28130460104834,-2.2491349480968856,-9.047005795235025,-3.6931818181818183,-3.0320366132723113,-28.354045143291913,-15.156672339573529,Industrial machinery,423.75,INR,668.3,INR,446.2379999999997,502.9457500000007,431.0653379489883
ATUL,Atul Limited,0.590623691921306,-1.283042201267584,-3.213094877235526,-6.363636363636363,-5.406606428677233,-1.7538461538461538,-0.9922480620155039,7360.280548137396,Chemicals: agricultural,6386,INR,7180,INR,6509.769999999993,6403.399999999991,6529.653657110282
NUVAMA,Nuvama Wealth Management Limited,0.722864415378265,-1.2831665941713861,1.7713004484304882,6.674500587544061,14.911392405063287,46.007237635705664,37.09884467265725,230.1090909090909,Investment managers,1815.6,INR,2066,INR,1804.9559999999985,1501.9899999999998,1777.0641953883498
DATAMATICS,Datamatics Global Services Limited,1.1357297326988687,-1.284119507001361,-3.2751643904906396,-10.001176609012825,-4.524745678087749,7.63385632871315,-24.82555282555283,349.94117647058823,Packaged software,764.9,INR,1010,INR,831.4530000000003,781.0039999999998,803.194386606128
SYNGENE,Syngene International Ltd.,1.032890139601873,-1.2974051896207557,-4.674698795180717,-3.9805825242718393,-9.463325323263524,-2.0064404260589463,-39.777743948850656,168.2033898305085,Miscellaneous commercial services,395.6,INR,678.95,INR,410.67799999999914,479.49999999999966,403.2961655612207
LGEINDIA,LG Electronics India Limited,0.7263337812536897,-1.2994044396318298,-3.4882352941176444,6.28360432726566,8.297029702970299,4.3635901024107975,-4.058242208058001,-4.058242208058001,Electronics/Appliances,1640.7,INR,1755,INR,1589.689999999999,1545.4479999999999,1644.7964801207697
CORONA,Corona Remedies Limited,0.8452211875494113,-1.3018140802707148,0.3392259913999001,-3.221198156682032,21.75198562235491,34.19169329073482,42.86394557823129,42.86394557823129,Pharmaceuticals: major,2100.1,INR,2270.1,INR,2072.624,,2092.170496934366
SIEMENS,Siemens Limited,0.3836388376381764,-1.315136476426799,-2.746191279681123,-1.4374225526641884,7.631935047361299,23.697552175671056,23.31782945736434,33799.525937504986,Electrical products,3977,INR,4149.4,INR,3796.256,3450.2474999999918,3980.8812304112016
AEGISLOG,Aegis Logistics Limited,0.8944741692906886,-1.3206960845245495,-2.592024539877297,-7.298204641658152,68.2384105960265,91.58371040723983,81.01752885848653,211600.00000000003,Wholesale distributors,1270.2,INR,1497.8,INR,1307.6690000000003,871.2244999999992,1295.5276012117617
JLHL,Jupiter Life Line Hospitals Ltd.,0.5645465264225178,-1.3262142611092052,-7.297734627831718,-10.915876224537403,9.440666310078697,11.947006409254335,-0.469075747046568,47.19938335046249,Hospital/Nursing management,286.45,INR,340,INR,306.8913999999999,274.70784999999984,302.4199813592932
BSOFT,Birlasoft Limited,0.8702024998922061,-1.3299232736572812,-0.20693222969476321,-10.969230769230762,-12.05167173252279,-23.855263157894733,-23.644280248053825,4200.0354961354205,Packaged software,289.35,INR,474,INR,297.2800000000007,360.3145000000009,298.79273990705207
HINDPETRO,Hindustan Petroleum Corporation Limited,0.7232185184928801,-1.3421890134218963,-3.6486486486486487,-10.528297151461913,-7.881136950904393,-15.119047619047619,-8.37830891801594,926.1757860773427,Oil refining/Marketing,356.5,INR,508.45,INR,385.3439999999996,407.69449999999995,370.6237372089111
MSTCLTD,MSTC Ltd.,0.41872215233278776,-1.3503527040644883,2.170887837461734,22.376864738728226,38.79017013232515,67.24373576309796,51.38144329896908,538.4347826086957,Internet retail,734.2,INR,763,INR,657.9440000000001,519.7762499999997,697.9281831379673
BPCL,Bharat Petroleum Corporation Limited,0.3298068737238471,-1.3591626308389384,-0.7232704402515759,-3.603053435114507,7.01694915254237,-12.802099157574926,-1.297483195247783,3083.529625783504,Oil refining/Marketing,315.7,INR,391.65,INR,314.5920000000002,329.5932499999999,317.1248754875473
FORTIS,Fortis Healthcare Ltd.,0.6065861487768367,-1.3623978201634876,-1.4965986394557824,-3.280966121620182,-4.384574749075542,-1.7319072696671964,-5.729166666666667,722.7272727272727,Hospital/Nursing management,905,INR,1104.3,INR,938.9760000000015,913.033000000001,919.3707409479402
TIINDIA,Tube Investments of India Limited,1.0093761898070597,-1.3672589018059549,-5.993031358885017,-2.6695526695526697,-12.962126588812186,-3.2974910394265233,-12.40828517628725,880.9125970155462,Steel,2698,INR,3419.9,INR,2860.9940000000006,2764.157,2807.730049717886
NEPHROPLUS,Nephrocare Health Services Limited,1.0494243040907085,-1.37247966041741,0.6207145434860996,-3.835276264054641,5.453857791225409,26.96721311475409,42.25510204081632,42.25510204081632,Medical/Nursing services,697.05,INR,769.75,INR,677.4460000000003,,691.1121417291679
EMIL,Electronics Mart India Limited,1.3667299674035986,-1.3737511353315097,-2.393258426966287,27.750000000000007,57.94545454545455,87.92861005949162,27.750000000000007,93.04444444444445,Electronics/Appliance stores,173.74,INR,196.74,INR,153.3814000000001,117.80385000000012,175.00994665932143
EPIGRAL,Epigral Ltd,0.5419137467822888,-1.3746260208619714,1.102453580901853,9.783978397839787,3.80425531914894,42.82201405152226,-32.65046935394809,215.08653280582456,Chemicals: agricultural,1219.7,INR,1808.8,INR,1115.8380000000004,1141.9260000000004,1182.1779876316373
GIPCL,Gujarat Industries Power Co. Ltd.,0.24903124444321117,-1.3747356277638845,2.0846808298920334,26.646503302265305,19.186755736276503,49.5263081183501,3.62626262626263,737.469387755102,Electric utilities,205.18,INR,211.71,INR,170.9678000000001,154.7695499999999,188.9202694877813
SONACOMS,Sona BLW Precision Forgings Ltd.,0.4712731296213155,-1.375,-4.102096627164995,-0.12658227848101267,30.40244607883647,54.41824053234172,73.06426847992981,162.12624584717608,Auto parts: OEM,789,INR,844,INR,747.1960000000003,585.0572500000003,796.6578787939761
GRAVITA,Gravita India Limited,2.4747873415683506,-1.377018043684713,-8.798507053076468,-0.5208645153565256,1.341790680653818,8.134843160223872,-4.522208814572203,4031.277765724626,Other metals/Minerals,1661.6,INR,1913.6,INR,1757.7219999999995,1675.3269999999993,1765.7771819081227
MSUMI,Motherson Sumi Wiring India Ltd,1.1613119687023228,-1.3772616797191413,-3.691983122362865,-8.425275827482446,-4.647519582245415,-11.78743961352656,-15.910660833525204,17.626007549853007,Auto parts: OEM,36.52,INR,53.59,INR,39.819600000000015,41.64050000000004,38.22517317656716
KPITTECH,KPIT Technologies Limited,0.762207197269075,-1.3796058269065903,-2.4661016949152463,-8.658730158730151,-26.22908787898211,-19.7979094076655,-52.87059787059786,481.2626262626263,Packaged software,575.45,INR,1328,INR,590.7930000000047,828.7134999999977,593.8662863161044
OBEROIRLTY,Oberoi Realty Limited,1.4276375563651744,-1.3880126182965347,0.13346858149591587,5.305709954522486,15.173472520724589,26.550165305984752,11.318179120422565,607.7735849056604,Real estate development,1875.6,INR,1986.1,INR,1856.4159999999977,1671.360000000002,1865.8650829181092
DELHIVERY,Delhivery Limited,1.0612073237962427,-1.3890384408312793,-1.8855796014570412,-3.6304324950015787,4.25774134790528,7.728502529114213,-5.1377667288170725,-7.53231204498563,Air freight/Couriers,457.9,INR,524,INR,476.30000000000024,443.2080000000002,460.70034671184226
LLOYDSME,Lloyds Metals & Energy Ltd.,0.4146725482810583,-1.3901660626386134,1.2271641956799326,-11.590688651794375,2.381219813546001,51.96732244081362,35.69036099739486,229.06137184115522,Steel,1823,INR,2125,INR,1891.440000000001,1531.1444999999994,1864.1768574454431
CARYSIL,Carysil Limited,1.0441088998932213,-1.400172860847022,2.1307072515666925,-2.5873110750576345,4.163623082541993,29.20323914151423,23.34306411503946,459.2156862745098,Home furnishings,1140.8,INR,1280.9,INR,1166.585999999999,988.5552500000003,1150.886869217594
LEAPIND,LEAP India Limited,0.9295478674556477,-1.4106685912997872,-7.520925652387986,-9.427365883062093,-9.427365883062093,-9.427365883062093,-9.427365883062093,-9.427365883062093,Air freight/Couriers,150.26,INR,172.29,INR,,,
RAYMONDREL,Raymond Realty Limited,2.996518287866539,-1.4159292035398274,-6.411390166253979,-22.366490610328643,-13.875325520833334,31.188793851493728,-15.336000000000002,-47.085,Real estate development,529.15,INR,734.9,INR,630.4670000000002,524.1837499999998,568.7861683937607
DIXON,Dixon Technologies (India) Ltd.,0.9556244432994438,-1.4191761855313256,-3.855242725001688,1.3162575595873354,23.56820548420687,39.621531522698305,-20.61102748508669,2512.8440366972477,Electronic production equipment,14240,INR,18471,INR,13922.819999999996,12213.087500000001,14426.365465376128
RADICO,Radico Khaitan Limited,0.7932974579535887,-1.4257512612415004,-2.321335419926973,0.4919499105545617,27.5870879822843,76.06268364348678,54.48607768992781,77382.75862068965,Beverages: alcoholic,4494,INR,4747,INR,4338.080000000002,3418.5660000000007,4531.348798595701
ORIENTHOT,Oriental Hotels Limited,0.14690457912010518,-1.429980276134123,0.5605461731943954,4.753705644557564,41.72997062696242,51.22662920134012,-0.8783735921229587,832.8666666666667,Hotels/Resorts/Cruise lines,139.93,INR,149.5,INR,134.6482,111.56164999999991,136.74446584747545
IDBI,IDBI Bank Limited,0.2329479894497613,-1.4569968467978727,-1.7986780799653384,6.824611032531815,23.47411444141688,-17.609090909090913,-0.9508196721311525,20.839999999999993,Major banks,90.63,INR,118.38,INR,85.36779999999972,88.98399999999992,88.27513205780944
NETWEB,Netweb Technologies India Limited,0.8384761677010504,-1.461100569259962,-2.8419614960055313,7.7229448005476415,5.334685598377282,60.04561284556355,104.52934226073258,448.363252375924,Computer peripherals,5193,INR,5813,INR,4727.659999999999,3875.417000000003,5131.775751266509
NUCLEUS,Nucleus Software Exports Limited,1.6115475896478546,-1.4662162162162193,-0.5794927733842378,4.119663001570759,1.1514184643129575,-4.6862745098039245,-28.514705882352946,2252.0967741935483,Information technology services,729.15,INR,1084.8,INR,734.3529999999996,813.27775,732.2149772906907
DCAL,Dishman Carbogen Amcis Ltd.,0.3552281939507668,-1.4746595852873121,-1.6025279313847214,-7.096430474160892,-9.36590436590437,5.371925796120603,-35.87791873506159,-50.177142857142854,Pharmaceuticals: major,174.38,INR,321.95,INR,185.04699999999997,196.35055000000014,178.9666653439584
SUZLON,Suzlon Energy Ltd,1.498017287903579,-1.4772974147295237,-2.869993574641243,-6.49484536082474,-18.727598566308238,12.670807453416153,-22.79536942458291,-61.343486645201395,Electrical products,45.35,INR,61.5,INR,50.192399999999914,50.211949999999916,47.136744118691226
MARICO,Marico Limited,0.5391942378066081,-1.4805414551607445,-2.0370147818771835,-7.221716366947422,-1.0680259724497927,4.53321364452424,8.00264988406757,6241.11216098358,Household/Personal care,815.15,INR,889.1,INR,850.878000000002,790.6595000000001,839.7155804375515
JUBLINGREA,Jubilant Ingrevia Ltd.,0.3041762780743319,-1.4843240894938818,-1.5484804630969675,-9.894039735099344,8.67412140575079,20.15188979159306,-7.505098572399734,165.79410041023638,Chemicals: major diversified,680.3,INR,795,INR,714.4909999999998,673.8574999999996,703.8369695799672
BECTORFOOD,Mrs. Bector's Food Specialities Ltd.,0.3470694706481499,-1.5038577219824718,-5.849999999999996,6.85708881112267,30.620267067460546,15.409367179120496,-22.082758620689653,125.96,Food: specialty/candy,225.96,INR,286.8,INR,213.04199999999997,211.60275000000044,233.73913489509363
ASHOKA,Ashoka Buildcon Limited,0.08750195211205836,-1.5086941697920184,2.2475887089638014,-4.50413223140496,-6.033992030576565,-5.449635872678174,-40.25336091003103,26.699688603327722,Engineering & construction,115.55,INR,214.5,INR,121.3138000000001,137.24745,116.53522002203226
SPARC,Sun Pharma Advanced Research Co. Ltd.,0.5485889717415583,-1.5157499753135149,2.3028002872089495,-4.991664682067155,-6.811492641906103,60.75918762088975,34.9594046008119,134.2026527128365,Pharmaceuticals: major,199.47,INR,289,INR,219.19300000000004,167.6124499999999,201.8038736209442
UNOMINDA,UNO Minda Limited,0.691304762533659,-1.5208825847123684,-2.5195007800311977,1.667751383013342,14.02372262773723,11.789963324089808,-3.4980694980694946,19322.720865166477,Auto parts: OEM,1249.7,INR,1382,INR,1200.318000000001,1173.0709999999988,1252.2907080523003
LAURUSLABS,Laurus Labs Ltd.,0.19226852314976683,-1.5252876639015251,-4.648390941597142,-0.7551240560949298,28.222996515679444,76.07655502392345,107.909604519774,1777.9343106334827,Pharmaceuticals: major,1840,INR,1949,INR,1716.1839999999997,1266.3500000000004,1840.6780871338833
VARROC,Varroc Engineering Limited,0.7782902524631,-1.5253530358100404,1.8927250308261434,21.522058823529413,37.72500000000001,62.12477928193056,43.71304347826088,-18.58620689655172,Auto parts: OEM,826.35,INR,896,INR,732.632,610.3187500000001,812.9130814183433
GANECOS,Ganesha Ecosphere Limited,6.581949093916238,-1.5264920228481387,-2.922330097087381,-11.261980830670925,8.584460009773574,29.713952130764735,-26.75261885576148,529.2637274552377,Textiles,999.9,INR,1358.4,INR,1091.3790000000035,933.4960000000005,1050.3468752725867
HUBTOWN,Hubtown Limited,1.3221525118932287,-1.529656607700311,2.413419913419902,-0.1266490765171552,-7.58789062500001,-12.783410138248852,-44.41703377386197,5.1444444444444395,Real estate development,189.26,INR,342,INR,194.05219999999974,216.54419999999988,187.07218686797236
APOLLOPIPE,Apollo Pipes Ltd.,0.1631658462057153,-1.5377105198925933,-5.238430819826158,13.346445630795166,26.062500000000004,73.8793103448276,48.308823529411775,359.6277893614847,Miscellaneous manufacturing,605.1,INR,668.8,INR,532.35,417.6312500000002,589.9976382795192
VMM,Vishal Mega Mart Ltd.,0.29308532991834674,-1.5398886827458225,-2.1751152073732714,-4.807174887892376,-10.799226825783675,-6.731107205623899,-28.955823293172696,2.0576923076923084,Apparel/Footwear retail,106.14,INR,154.93,INR,110.90060000000001,119.72219999999989,108.10800762713635
HDBFS,HDB Financial Services Limited,0.3974365145861631,-1.5502199149181626,-0.35758593008829187,-0.4810495626822091,5.208814917552792,-0.014645577035721889,-12.809706257982116,-18.239520958083826,Finance/Rental/Leasing,682.7,INR,801.1,INR,704.6369999999994,699.5704999999999,686.1394269985819
BHARTIARTL,Bharti Airtel Limited,0.5720735915541113,-1.5516318887105405,-1.9032894386095882,-8.910891089108912,0.8274425995944933,-3.1578947368421053,-3.106898367561875,7766.232052842614,Wireless telecommunications,1840,INR,2174.5,INR,1919.207999999998,1938.0954999999979,1898.496830279461
360ONE,360 One Wam Limited,0.7994276507583322,-1.5584415584415585,-5.5647840531561465,-3.151618398637138,6.46067415730337,5.865921787709497,9.012464046021092,275.8677685950413,Investment managers,1137,INR,1236.2,INR,1144.015999999999,1112.5565000000001,1172.1639894370326
JAIBALAJI,Jai Balaji Industries Limited,0.259288231395625,-1.5808045165843196,-0.8108108108108011,8.108527131782953,0.9117221418234583,13.400552935436659,-33.40019102196752,99.22857142857144,Steel,69.73,INR,108,INR,65.9228,68.11030000000004,68.19520000081833
BLUEJET,Blue Jet Healthcare Limited,0.9710402255795061,-1.5889464594127884,-2.598290598290606,-2.598290598290606,19.279882771613977,46.102564102564095,-21.29834254143647,49.94736842105262,Pharmaceuticals: major,569.8,INR,759.5,INR,584.0169999999999,489.6117499999998,584.6111784491497
MONOLITH,Monolithisch India Limited,0.5576519916142557,-1.5900785319959427,8.184460210274382,40.94097995545658,97.14174454828661,190.95402298850578,178.1648351648352,446.5990066940186,Construction materials,1265.65,INR,1298,INR,904.2509999999999,608.2767500000003,1095.2790938366934
GOKULAGRO,Gokul Agro Resources Ltd.,0.36193584001498613,-1.5920991017836659,-5.355168884339822,-0.8704974271012013,-0.7854077253218937,44.481249999999996,34.14768605832004,4127.5897996665035,Agricultural commodities/Milling,231.17,INR,259.8,INR,224.53999999999985,202.70670000000007,236.45142916077506
TVSMOTOR,TVS Motor Company Limited,0.3581100685904378,-1.592857142857134,-6.274660982357472,-6.023192360163702,22.281065088757405,8.568651658830026,18.088571428571438,48553.32834922475,Motor vehicles,4133.1,INR,4484.5,INR,4048.63,3711.000499999995,4270.859325586533
APARINDS,APAR Industries Limited,0.7642931964680398,-1.598508811568007,-2.4470825400380782,10.700895977632332,26.01084990958409,67.09188567043928,120.25412478664897,45090.65972020779,Electronic equipment/Instruments,17421,INR,18465,INR,15491.300000000023,11777.522499999995,16912.739440594254
AJANTPHARM,Ajanta Pharma Limited,1.0039808317802814,-1.5989321518843465,-3.350163184468183,-1.7105897705029567,16.225554325584525,16.463865546218493,35.23809523809524,16847.30658992006,Pharmaceuticals: major,3464.8,INR,3796,INR,3480.0979999999977,3013.4719999999998,3540.275343829026
NAVINFLUOR,Navin Fluorine International Limited,0.9450167735054285,-1.6040013797861332,-0.36674816625916873,11.280884265279584,20.105263157894736,30.64885496183206,75.35860655737704,12338.22674418605,Chemicals: specialty,8557.5,INR,8775.5,INR,7956.13,6771.465000000004,8366.588481796804
UFLEX,UFlex Limited,0.313013667289667,-1.616426387068592,6.3937007874015785,41.48691099476441,55.73997233748271,47.49481497653095,21.77361211247298,213.5762357855651,Containers/Packaging,675.6,INR,723.5,INR,513.0160000000002,463.80825000000056,610.1763078558408
DIVISLAB,Divi's Laboratories Limited,0.49335844669444595,-1.6216216216216217,0.005494807407000385,8.468919482686692,37.12047012732615,43.53312302839117,47.65536264806101,117319.35483870968,Pharmaceuticals: major,9100,INR,9467,INR,7924.279999999995,6769.4575,8800.59289937104
PVRINOX,PVR Inox Limited,0.33513084863245485,-1.6272545090180324,-0.6235322698194222,3.6486486486486527,25.6926307164439,19.843750000000004,7.272727272727276,362.86725521802936,Movies/Entertainment,1227.2,INR,1284.5,INR,1112.1629999999998,1036.3919999999996,1202.3750156594972
INDHOTEL,Indian Hotels Co. Ltd.,0.8685474287906725,-1.639344262295082,0.5586592178770949,-4.25531914893617,8.433734939759036,15.264548146962303,-7.455012853470437,2338.3216142477204,Hotels/Resorts/Cruise lines,720,INR,792.55,INR,729.5749999999988,689.3120000000007,725.7845918503542
MARKSANS,Marksans Pharma Limited,0.6852931655223825,-1.6405779650812728,0.18396443354285535,20.571955719557195,35.63719385637194,88.46974678433408,84.65668267872282,14752.272727272726,Pharmaceuticals: major,326.75,INR,345.5,INR,286.44820000000004,215.32760000000027,315.97039487574085
JINDALPOLY,Jindal Poly Films Limited,0.3839288884298547,-1.6600848325288902,5.458395419967072,6.384493670886079,2.6488549618320647,-12.68181818181818,11.899808604476991,4614.782392961517,Containers/Packaging,672.35,INR,1026.45,INR,646.9289999999996,621.6804999999997,654.4237862202584
KAJARIACER,Kajaria Ceramics Limited,1.414589113329902,-1.6658733936220849,2.9568106312292284,1.9995062947420352,12.89617486338797,32.09718670076726,-0.7526020816653396,36412.51733394647,Building products,1239.6,INR,1293.8,INR,1218.7320000000009,1080.971499999999,1227.310288110258
TI,Tilaknagar Industries Limited,0.7801750608815329,-1.6812126779972396,-3.7762992267577773,8.738061369640317,26.996558680431942,27.40476190476191,11.339991677070328,902.6957857527925,Beverages: alcoholic,535.1,INR,594.55,INR,496.2109999999998,457.53024999999957,544.4166565261514
LUMAXTECH,Lumax Auto Technologies Limited,0.44677625336412147,-1.6873174171451597,0.6549092409240947,19.134521484375,14.0728186546666,29.26490066225166,78.6472634083837,12099.375,Auto parts: OEM,1951.9,INR,2148.7,INR,1707.6820000000005,1615.7654999999993,1933.1545478089959
PGHL,Procter & Gamble Health Ltd.,0.7043826093710558,-1.693443334780721,-1.565217391304348,-12.923076923076923,-9.017842790548144,15.510204081632653,-10.407597942223981,1332.9113924050632,Pharmaceuticals: major,5660,INR,6975,INR,6267.430000000002,5647.944500000003,5871.6219983159335
KOLTEPATIL,Kolte-Patil Developers Limited,0.7511202366538937,-1.712823935046155,-1.811111111111106,10.29705441837244,21.721763085399456,32.19147344801796,-7.1353509878100025,92.10869565217394,Real estate development,441.85,INR,554.6,INR,415.02399999999886,378.39099999999996,446.2399695882679
POKARNA,Pokarna Limited,1.02020757257786,-1.7139764253067118,-5.219509366119585,-11.9734999461381,-2.155301442854577,-6.5526902624506915,-3.2958579881656833,330.07894736842104,Building products,817.15,INR,1146.2,INR,947.2839999999992,895.6367499999998,882.4377634320845
ARVINDFASN,Arvind Fashions Ltd.,0.404633339794182,-1.7169271406559568,-0.9208920448241379,-0.5567928730512249,-5.201698513800425,5.108286252354047,-15.754716981132075,1.6187114675645091,Apparel/Footwear retail,446.5,INR,579,INR,457.4469999999999,461.7319999999993,450.13286396649715
FOSECOIND,Foseco India Limited,0.2817896500795274,-1.7183209101608472,1.6308316430020284,19.27251952009141,27.89724111172375,19.86602870813397,-1.3700787401574803,3626.867003867896,Chemicals: major diversified,6263,INR,6846,INR,5429.1099999999915,5033.807999999994,5887.430494875675
BEPL,Bhansali Engineering Polymers Ltd.,0.5482585177838514,-1.726529983043016,4.508196721311475,3.096951564647852,33.368200836820094,63.62936344969199,18.384401114206124,404.61789110527104,Industrial specialties,127.5,INR,138.5,INR,116.51020000000005,96.78065000000007,124.11912918599042
MANKIND,Mankind Pharma Ltd.,0.4048662415409588,-1.7266126308679537,-3.766019016122361,-5.408370581064604,-1.1171523235069123,4.310615226060863,-10.811846289414191,79.06923076923078,Pharmaceuticals: major,2327.9,INR,2674,INR,2468.176000000006,2279.2570000000032,2398.341713059483
HINDWAREAP,Hindware Home Innovation Limited,1.1035417988444234,-1.7274782047142285,-4.860894029384174,-16.616438356164377,-18.477678571428562,-14.025423728813555,-44.713896457765664,12.599238831365305,Building products,182.61,INR,392.7,INR,217.8328,235.06279999999933,195.57846096637414
TRIVENI,Triveni Engineering and Industries Limited,0.37785563505876074,-1.7290552584670313,-3.3824044865054446,8.098039215686265,18.84490268058465,12.141214072431238,21.76293330163642,2023.3208283589033,Agricultural commodities/Milling,275.65,INR,314.9,INR,269.2610711524,241.93814868615002,276.8226821731386
PRESTIGE,Prestige Estates Projects Limited,1.111259147465564,-1.7459138187221426,-2.2783251231527095,-1.4285714285714286,15.932500547885157,15.847872107453092,-0.5015673981191222,735.2631578947369,Real estate development,1587,INR,1805.2,INR,1628.9220000000037,1503.6074999999994,1604.5452448413441
ANTHEM,Anthem Biosciences Limited,0.8763163593007499,-1.7513411170716409,0.5544192055118934,14.012816600549279,25.10715242432359,40.71256402530883,12.671893848009645,29.181937625337117,Biotechnology,934.05,INR,973.5,INR,827.7770000000004,726.2384999999999,894.0607638396185
ACE,Action Construction Equipment Limited,2.200208287011129,-1.7546922741160986,-1.3845075359270902,1.3873873873873956,28.690680388793606,29.759022252969004,1.66214995483289,3026.1111111111113,Trucks/Construction/Farm machinery,1125.4,INR,1196,INR,1068.3469999999998,942.365249999999,1120.5972470430308
AETHER,Aether Industries Ltd.,0.8232837745049956,-1.758626941439544,-3.5538415900326368,2.5615141955835905,41.479547432550035,68.97250662647473,115.0122346405661,130.90909090909088,Chemicals: major diversified,1625.6,INR,1717,INR,1531.2679999999996,1157.3150000000012,1629.4710032730673
WENDT,WENDT India Limited,0.37817714331628144,-1.7695919104369808,-3.3919374889007283,0.7158726240434461,18.355210675175865,23.244222927050295,-20.78823472309858,1370.2702702702702,Industrial machinery,8160,INR,10050,INR,8013.530000000004,7416.674999999993,8130.209145460628
PRAJIND,PRAJ Industries Limited,0.5081438408686254,-1.7710772833723687,-5.010615711252651,4.8593750000000036,-4.442545920546766,8.944805194805198,-19.91646778042959,43619.86970684039,Engineering & construction,335.55,INR,427.65,INR,338.4510000000007,334.8812500000008,339.656913929407
FLAIR,Flair Writing Industries Limited,2.2999379245827396,-1.7734069565918367,-1.531313131313128,-2.554978008796476,-15.860521318833067,-22.63174603174603,-29.359420289855073,-51.35528942115768,Office equipment/Supplies,243.71,INR,345,INR,254.33479999999952,292.2882000000002,249.97926329919497
VMART,V-Mart Retail Ltd,0.4377881810860155,-1.7757120724585838,-1.4055864585202464,4.993630573248414,22.47566684003269,55.46543431104406,9.16556291390729,1440.5607476635514,Specialty stores,824.2,INR,888,INR,793.0050000000006,688.3762500000012,825.2243918757838
ROLEXRINGS,Rolex Rings Limited,0.46061354466830245,-1.7788709031630805,-4.6000000000000005,20.167949615115457,25.7929821991063,37.156549520766774,21.78723404255319,37.376,Metal fabrication,171.72,INR,189.4,INR,157.97120000000007,137.10429999999997,173.2433534858316
JINDALSAW,Jindal Saw Limited,0.16661037486351377,-1.7854270548496094,-1.5954875100725185,14.731304021044716,16.789717302322014,81.72619047619048,44.698800891037486,1130.7987041946446,Steel,305.3,INR,319.5,INR,272.509,216.22915,291.86337854888734
BETA,Beta Drugs Ltd.,0.5924246895034734,-1.7884811191287833,1.1074651353568583,-6.194503171247358,51.50583896742471,110.92413006274958,16.151832460732983,2183.752283752284,Pharmaceuticals: major,2218.5,INR,2807.9,INR,2296.7940000000003,1655.3442500000012,2283.9813113866817
LASERPOWER,Laser Power & Infra Limited,1.2820907986872132,-1.7937219730941818,-7.623808779878155,1.2673402979962285,18.259999999999994,18.259999999999994,18.259999999999994,18.259999999999994,Electrical products,295.65,INR,343.5,INR,,,310.7305565263542
GAEL,Gujarat Ambuja Exports Limited,0.37582077234680855,-1.7965823970037413,-0.7041420118343181,-4.65340909090909,8.076254266761119,21.355221290135955,56.83177570093458,36985.08287292818,Food: specialty/candy,167.81,INR,184.99,INR,164.85360000000003,146.21610000000013,171.41232190886535
KUSUMGAR,Kusumgar Ltd.,0.6195318326092487,-1.7966130834694287,-0.043748359436521125,-9.04458598726114,0.38664323374341747,0.38664323374341747,0.38664323374341747,0.38664323374341747,Textiles,571.2,INR,659.5,INR,,,583.0490699520878
EMBDL,Embassy Developments Limited,0.7559686545179457,-1.8091824543437485,-7.789709889405352,-6.4400715563506274,-1.1512027491408963,2.1847246891651935,-43.320197044334975,-85.89950980392157,Real estate development,57.53,INR,105.7,INR,62.49559999999999,64.04884999999996,61.34213227908768
QUADFUTURE,Quadrant Future Tek Limited,0.07160968507295835,-1.8092105263158,-3.886844526218959,17.519685039370064,29.722179109110666,47.225647348951895,-10.743272105937635,12.94594594594594,Electrical products,417.9,INR,485,INR,396.3579999999999,332.40125,401.3245223825351
PARAGMILK,Parag Milk Foods Ltd.,0.30923438617722393,-1.8095987411486998,2.8430160692212634,6.212765957446806,3.7880992972680714,28.659793814432984,-2.500000000000002,14.75862068965517,Food: meat/fish/dairy,249.6,INR,376.95,INR,227.78499999999997,241.39624999999992,237.93122190535567
POLICYBZR,PB Fintech Limited,0.39520911928965474,-1.8181818181818181,-0.3635968958593393,13.473423980222497,22.4,25.22166143773018,-3.3684210526315788,59.65217391304348,Internet software/Services,1836,INR,1964.2,INR,1670.9379999999999,1653.1005000000011,1785.258807583344
MMFL,MM Forgings Limited,1.3657274752597424,-1.8229978186350784,0.35836585171617424,13.973048747399837,39.40265486725664,44.28669567208611,97.02939337085678,2700.4444444444443,Metal fabrication,630.1,INR,687.95,INR,573.71,461.1939999999998,628.6138047553357
PITTIENG,Pitti Engineering Ltd.,0.26304400746531065,-1.8278888788344783,-4.833333333333325,13.673512154233038,15.059921518718857,23.71992245409968,17.008196721311478,2284.3956043956046,Industrial machinery,1084.9,INR,1168,INR,994.3039999999992,895.86225,1066.4877706271075
AWL,AWL Agri Business Ltd,0.5891809765258038,-1.8344776979925574,-6.233103033944136,-2.4277155509247184,-0.9100047616528221,4.619595575913295,-30.556173526140157,-17.493392070484585,Agricultural commodities/Milling,187.29,INR,282.9,INR,190.5756000000001,204.1047499999996,192.74612279887845
BALKRISIND,Balkrishna Industries Limited,0.25226680486225184,-1.8347441240923072,-3.112807463952506,-7.4985828812049675,3.656987295825767,0.2017543859649083,-4.808333333333337,1664.1698841698842,Automotive aftermarket,2284.6,INR,2775,INR,2273.982000000001,2294.0119999999997,2336.931918092831
JMFINANCIL,JM Financial Limited,1.5232274212093333,-1.836021705195866,0.9092993046534712,5.6480000000000015,8.69135802469136,5.961646473561748,-30.53129931614939,316.33039092055486,Investment banks/Brokers,132.06,INR,195.6,INR,126.7274,131.73879999999997,129.13805346839365
WESTLIFE,Westlife Foodworld Limited,0.46670111089450933,-1.8407177874387073,-6.5516026769989315,-2.454269693905694,20.26291931097009,11.027411592383354,-29.248616574438298,83.72576813454877,Restaurants,530.6,INR,767.2,INR,529.746000000001,503.3802499999995,557.0019964947976
BANARISUG,Bannari Amman Sugars Limited,0.13607062335270395,-1.8427233076109026,0.15273206056616673,8.696770505858822,4.831863285556786,4.918620689655177,2.5479939603106123,8524.263429671812,Agricultural commodities/Milling,3803.3,INR,4338,INR,3586.4320000000007,3601.613499999996,3768.0896353510716
VIKRAMSOLR,Vikram Solar Limited,1.743076998600918,-1.864258665889902,-2.5681068887732073,-7.368710475666761,-22.013888888888893,-0.32544378698225523,-49.71641791044776,-50.162721893491124,Semiconductors,168.45,INR,407.95,INR,178.5325999999998,207.30925,171.62846723931136
INDRAMEDCO,Indraprastha Medical Corporation Limited,1.8664359148542584,-1.866142837098368,-5.358592692828149,-6.296891747052519,-12.793017456359104,-11.925450195189526,-27.478224802986315,4895.714285714285,Hospital/Nursing management,349.7,INR,640.85,INR,372.22900000000004,405.4297499999995,365.41711624711394
VISL,Vedanta Iron And Steel Limited,0.9174575374605599,-1.88522317715553,-8.552971576227396,-1.9667590027700854,76.95,76.95,76.95,76.95,Steel,35.39,INR,44.78,INR,35.513999999999996,,36.48144319654167
HNDFDS,Hindustan Foods Ltd.,1.5622285585354934,-1.890253628967941,-3.1417322834645742,7.8940443820717485,13.68761552680221,30.833865135077627,14.183607166063304,644.6125907990314,Food: specialty/candy,615.05,INR,677.75,INR,588.4520000000007,529.3402500000002,621.5339006971641
AKUMS,Akums Drugs and Pharmaceuticals Limited,0.8526202076876339,-1.8960989046185324,0.22905759162303665,14.641814507073876,36.86327077747989,57.805255023183925,60.534591194968556,5.620689655172414,Biotechnology,765.75,INR,796.55,INR,702.6820000000002,541.2559999999999,751.0201952427543
ASHIANA,Ashiana Housing Limited,1.4990580062112715,-1.909698540444687,-1.8427518427518428,-8.974683544303796,0.6860823298795823,16.340397993852125,14.39707286032453,1168.3237622987167,Real estate development,359.55,INR,435.9,INR,376.8689999999995,334.91825000000006,368.5442509278366
MBEL,M & B Engineering Limited,0.7239685734040457,-1.9241241604646984,-1.8528610354223516,-8.733108108108116,-5.3765323992994825,-7.117070654976807,-36.08942512420157,-29.831168831168835,Building products,270.15,INR,535.9,INR,294.948,319.5097,275.66948366518477
WELCORP,Welspun Corp Limited,0.2442706530816623,-1.930648092065415,6.609053497942383,48.987807683459856,84.68667569687031,217.47549019607843,201.2325581395349,15767.425595028459,Industrial machinery,2590.6,INR,2676,INR,1853.5660000000007,1196.893749999999,2253.903017391968
HCLTECH,HCL Technologies Limited,1.02654891667525,-1.9408642911296368,0.2635658914728753,-5.591240875912402,9.703138252756581,-4.616519174041291,-11.719336564057048,1235.1225806451614,Information technology services,1293.4,INR,1780.1,INR,1266.4899999999975,1390.5724999999986,1315.497275367262
BALRAMCHIN,Balrampur Chini Mills Ltd,0.21603946544057415,-1.9521544686590473,6.3115763546798025,5.419019996947031,28.603351955307264,41.50189529761295,22.446808510638302,6006.10079575597,Agricultural commodities/Milling,690.6,INR,780.95,INR,624.0430000000003,515.5044999999992,667.4153016021758
AARTIIND,AARTI Industries Ltd,0.860753930728151,-1.96254233911137,-8.879629629629628,1.3491246138002082,6.642826181187698,17.29439809296782,26.52352789920289,51720.77650956039,Chemicals: major diversified,492.05,INR,551.75,INR,500.38399999999996,442.3594999999998,516.9949601196828
SKFINDUS,SKF India (Industrial) Ltd.,0.5675589813901383,-1.9687867310957352,3.086589301654882,8.507101297387159,23.20475995075913,21.706526145115525,14.163498098859316,14.163498098859316,Auto parts: OEM,3002.5,INR,3131,INR,2791.047999999999,,2869.6078711559703
CLEAN,Clean Science & Technology Ltd.,0.8585399871619541,-1.9696347968814194,0.4987980769230742,7.543408360128615,5.97591888466413,8.190463867503391,-29.307575245180928,-52.356125356125354,Chemicals: specialty,836.15,INR,1212,INR,786.6739999999968,801.2432500000002,823.5335333287494
KPL,Kwality Pharmaceuticals Ltd,1.2992238163330994,-1.9751171047528067,0.27162302386620557,25.166673016114892,35.82058701942952,88.06525472238123,88.06525472238123,88.06525472238123,Pharmaceuticals: major,3285.5,INR,3744,INR,2945.3919999999994,,3263.77974775425
MPHASIS,Mphasis Limited,0.3512326532824209,-1.9830028328611897,-0.17722458063719168,0.7571345369831024,4.015460596950827,8.609865470852018,-16.2777835390093,732.3024054982818,Packaged software,2422,INR,3037.2,INR,2385.2980000000007,2457.8174999999987,2443.9229788027474
PANACEABIO,Panacea Biotec Limited,0.5264742369124745,-2.004883691042285,-3.9430587049634616,-10.294117647058824,-28.066037735849058,17.127496159754223,-11.016454662154276,9594.608959804134,Pharmaceuticals: major,381.25,INR,647,INR,455.60699999999974,400.32874999999973,403.1387683525571
ZYDUSLIFE,Zydus Lifesciences Limited,0.37488008607686907,-2.012248468941382,-5.882352941176471,-0.8849557522123894,3.216293429177043,22.45121084567868,10.399211434204041,10557.251857530215,Pharmaceuticals: major,1120,INR,1205,INR,1135.4080000000004,991.1392500000007,1142.587791534227
LXCHEM,Laxmi Organic Industries Ltd.,0.602429348197125,-2.01617496297985,1.8289434744007125,-7.105831533477319,6.20408667201678,47.2945205479452,-21.313574826198312,10.636655948553049,Chemicals: specialty,172.04,INR,241,INR,172.17060000000004,155.15324999999953,172.48421343574165
MACPOWER,Macpower CNC Machines Limited,0.6650957474128417,-2.016357183272456,0.38998682476943825,24.47886035417893,100.60025273799495,102.77836917181182,120.47453703703705,3487.382432669772,Industrial machinery,1904.9,INR,2050,INR,1587.5589999999997,1137.9280000000003,1839.8779980150898
EIHAHOTELS,EIH Associated Hotels Limited,0.7000137550759221,-2.040480500246847,-1.6195670137167522,-6.0448232323232425,-0.11744966442953783,-8.019159456118679,-28.91940298507463,278.28779176851725,Hotels/Resorts/Cruise lines,297.65,INR,434.9,INR,310.0469999999996,325.0749999999991,301.289409260155
AEQUS,Aequs Ltd.,0.8144354027369805,-2.0426323666221666,-1.8162653044676842,4.029209621993125,34.09745293466224,78.66469937292511,72.98571428571428,72.98571428571428,Aerospace & defense,242.18,INR,274.39,INR,242.0774,,246.95826542763086
RUSTOMJEE,Keystone Realtors Ltd.,0.9267874348947556,-2.043222003929276,-2.5664408546117827,-11.55392620624409,-6.360335545261058,-6.266449429753102,-39.71465419958084,-32.62162162162162,Real estate development,373.95,INR,634,INR,397.1439999999997,436.46850000000006,379.96545038279515
AYMSYNTEX,AYM Syntex Limited,0.3953600390413325,-2.0646178092986642,24.279999999999998,19.79949874686715,41.19518291297431,57.69972591615063,64.55696202531645,158.91666666666666,Textiles,310.7,INR,325,INR,253.15179999999998,205.7240499999999,274.2266185734849
HDFCAMC,HDFC Asset Management Co. Ltd.,0.9084361667621186,-2.09096702246296,-4.457831325301198,-4.04761904761904,-1.0266527095579354,-3.9388847641748947,-12.826241134751768,184.81390296886318,Investment managers,2458.3,INR,2967.25,INR,2604.3939999999975,2614.221500000001,2561.475007645704
SUPRAJIT,Suprajit Engineering Limited,0.8572181012158189,-2.0931182356544826,-4.339584996009577,-5.377935662127491,1.288687018062737,13.856566136309656,3.5305549557330953,5741.298730078264,Auto parts: OEM,479.45,INR,559.25,INR,499.84100000000007,456.1112499999995,503.7051010141666
SURAKSHA,Suraksha Diagnostic Ltd.,0.2803717108538164,-2.105418138987053,-0.835197613721107,30.474882260596537,18.099467140319714,26.310790273556233,9.017871782259387,-24.09817351598174,Medical/Nursing services,332.45,INR,348.95,INR,281.972,278.0621999999999,317.0892695623993
ASKAUTOLTD,ASK Automotive Limited,0.47318380382511654,-2.11167352103765,1.7929106012007527,11.504504504504508,42.65790686952513,59.33316168898045,19.009615384615387,104.03891210151377,Auto parts: OEM,618.85,INR,687.7,INR,556.1290000000004,475.43600000000026,618.949396062453
CONCORDBIO,Concord Biotech Ltd.,0.5075141998769445,-2.113697589279556,-6.015386656055182,-1.5218902015288458,14.448392828299133,17.728669934369016,-16.64607964237398,57.446810259950105,Miscellaneous commercial services,1417.1,INR,1704,INR,1387.7480000000016,1266.6989999999998,1465.1352707735512
THELEELA,Leela Palaces Hotels & Resorts Limited,0.8435108371684472,-2.1199540676618676,0.46237533998185937,10.346544513045195,34.80535279805352,30.364705882352933,34.47815533980582,36.4655172413793,Hotels/Resorts/Cruise lines,554.05,INR,582.85,INR,508.9400000000003,446.12649999999985,543.2314298885537
SUDARSCHEM,Sudarshan Chemical Industries Limited,0.3007216155815728,-2.1211878652045146,-2.1760000000000037,16.235741444866918,37.88903924221922,48.9403166869671,-19.921414538310415,5667.924528301886,Chemicals: specialty,1222.8,INR,1603,INR,1077.4609999999998,950.0455000000005,1190.4326608803055
GVPIL,GE Power India Ltd.,1.2483351211063356,-2.13182674199623,-1.650264950794849,-13.971659382863196,-29.871531901111943,46.63656884875847,75.75757575757575,44.61264148235437,Engineering & construction,649.6,INR,1084,INR,764.6529999999996,566.0237499999997,681.1695693681646
SOMANYCERA,Somany Ceramics Limited,0.3590198831053245,-2.1334503950834023,-0.47321428571428165,8.89996092223525,9.477509330190532,48.646486198159764,14.929374162284779,883.5598070892189,Building products,557.35,INR,576.8,INR,521.8570000000001,453.7642499999997,541.8724291774937
CONFIPET,Confidence Petroleum India Limited,0.540579075336041,-2.135738016136684,4.53738910012674,-0.9843937575029931,7.186484730344381,182.659355723098,67.67635698312667,99.22704351560178,Specialty stores,82.48,INR,88.27,INR,76.65180000000001,52.97324999999998,78.73752190106683
RATEGAIN,RateGain Travel Technologies Ltd.,1.1715916932507981,-2.1385455590687004,-6.978142076502734,-13.209952075048442,9.19178960872354,77.61894824707846,41.85833333333333,136.43055555555554,Packaged software,851.15,INR,1050,INR,928.9580000000001,707.9790000000008,916.341758667588
GODREJAGRO,Godrej Agrovet Limited,0.16591986332569836,-2.1397678124288673,5.084331459300912,13.931095406360427,11.82693141420273,7.1179401993355516,-13.697805139186297,4.751465391535598,Agricultural commodities/Milling,644.85,INR,759.5,INR,577.605,578.9257500000032,610.3732715265976
COSMOFIRST,Cosmo First Limited,0.5977736502235023,-2.1592299101207204,-2.3565628151371936,-1.091397849462363,26.35302197802198,34.3827611395179,-8.472636815920396,27774.242424242424,Containers/Packaging,919.85,INR,996,INR,885.8149999999987,741.5052499999994,926.5239340410722
FIVESTAR,Five-Star Business Finance Limited,1.3141481873573053,-2.1604938271605065,-1.8944012004126463,-4.430842316828065,20.130914101975193,27.448830409356724,-3.4874065873235702,11.572101356060177,Finance/Rental/Leasing,523.05,INR,666,INR,539.4630000000002,493.36799999999926,531.1102047631849
PGIL,Pearl Global Industries Limited,1.11508889532222,-2.1768999570631093,-0.7190169077915286,6.962441314553999,35.16255339345042,47.08198837959975,83.43800322061193,927.6583577992704,Apparel/Footwear,2278.3,INR,2539.6,INR,2181.5720000000006,1741.9880000000005,2320.5250614381616
TIIL,Technocraft Industries (India) Limited,0.5597181439268852,-2.228071249311385,-4.238609112709835,20.778827977315686,27.27490039840637,48.10384793694946,25.900528099629536,2231.824817518248,Metal fabrication,3194.6,INR,3565.3,INR,2799.29,2446.0139999999988,3149.467212206375
JYOTICNC,Jyoti Cnc Automation Limited,0.8512262287674889,-2.2349905049422927,-2.5150514663041346,16.73255813953488,65.98875661375662,26.435768261964732,9.691870629370621,171.32432432432432,Metal fabrication,1003.9,INR,1055.9,INR,854.9280000000012,825.6359999999996,951.2215260505827
CNL,Creative Newtech Limited,0.3038099628222986,-2.243847514878566,0.9803107086483305,14.238721804511279,87.57716049382717,86.74143493624213,90.17445044199327,1700.7407407407406,Electronics distributors,1215.5,INR,1328,INR,1036.7650000000008,760.1727499999998,1197.5823379749113
PRINCEPIPE,Prince Pipes And Fittings Ltd,0.6667541423444019,-2.2452504317789295,-4.278707931675961,2.0923520923520966,3.6819930390181397,19.40928270042194,-15.091509150915094,76.875,Industrial machinery,283,INR,353.4,INR,275.69200000000006,261.5797999999995,284.93711561033103
RAYMOND,Raymond Limited,0.865143408097033,-2.2496371552975267,20.659609120521175,21.95061728395062,41.97968570333463,89.71830985915493,18.536,3980.5367448971297,Textiles,740.85,INR,765,INR,620.711,488.68299999999954,651.5357419993225
BRIGADE,Brigade Enterprises Limited,1.888718365048829,-2.274322616874903,5.935169684979455,19.37918024352598,43.296793783130056,39.35935935935937,-1.784832451499115,223.7677652216383,Real estate development,696.1,INR,802.0125,INR,581.3029999999998,575.6223125000005,637.1791107984454
APCOTEXIND,Apcotex Industries Ltd,1.0357726074504068,-2.2908979089790864,4.180327868852459,0.7131537242472267,16.605504587155963,75.47977357448572,55,15787.5,Chemicals: specialty,635.5,INR,712,INR,582.9489999999992,449.4694999999999,621.6624626033049
DANISH,Danish Power Ltd.,1.4685314685314685,-2.2936566950752106,3.9556962025316453,5.77089783281734,-11.021981456401704,32.346788564344926,-2.388571428571426,40.016393442622956,Electrical products,854.1,INR,1094.9,INR,852.889999999999,758.6497500000006,825.191440169625
JGCHEM,JG Chemicals Limited,0.246379906422061,-2.295001633453131,1.3985421257840311,18.422094634725788,40.74117647058823,64.89317711922811,26.498889711324935,186.19617224880383,Chemicals: specialty,598.15,INR,675,INR,528.5779999999999,412.5334999999998,597.2213997223754
AUGMONT,Augmont Enterprises Limited,,-2.2976048553159254,14.403553299492385,14.403553299492385,14.403553299492385,14.403553299492385,14.403553299492385,14.403553299492385,Specialty stores,901.5,INR,1019.8,INR,,,
GPPL,Gujarat Pipavav Port Limited,0.5049353586026962,-2.3030889197848046,-4.677086405190213,6.469038208168638,4.311346327610693,-1.8760245279582315,4.338282763072949,188.09270189278794,Marine shipping,161.62,INR,200.09,INR,155.56259999999986,164.04975,162.3736637789512
AVALON,Avalon Technologies Limited,1.647547734281216,-2.312550031130481,-2.3733333333333375,19.380434782608692,34.760736196319016,134.93048128342244,153.92751864054102,403.8073394495413,Electronic production equipment,2196.6,INR,2400,INR,1908.6940000000004,1296.14,2139.157764645745
AIMTRON,Aimtron Electronics Limited,0.7345971563981043,-2.329743573919215,-3.5000000000000053,0.16772682679830778,21.27203065134099,110.73235685752329,133.78388359553878,556.6804979253112,Electronic components,1582.6,INR,1780,INR,1486.1470000000004,1073.1642499999998,1613.2119835982141
ADOR,Ador Welding Limited,0.3515746610932292,-2.344570162136931,8.242291033680264,11.626666666666672,47.91519434628976,62.35818869388152,73.51295336787567,3443.703703703704,Miscellaneous manufacturing,1674.4,INR,1766.4,INR,1477.9939999999997,1155.8275000000008,1608.8768463839751
TFCILTD,Tourism Finance Corporation of India Limited,0.7163627798470817,-2.351577942880524,0.8873239436619654,29.764492753623173,89.49735449735451,110.05865102639294,111.98579461379106,5653.413654618473,Finance/Rental/Leasing,143.26,INR,147.65,INR,105.54820000000001,78.53995000000003,131.51236989200697
ONESOURCE,OneSource Specialty Pharma Limited,1.034910388487522,-2.4052801929301317,0.839344262295079,-0.026004420751533672,-15.505494505494507,9.84285714285714,-19.402515723270444,-14.566666666666668,Pharmaceuticals: major,1537.8,INR,1925,INR,1601.4479999999978,1583.6465000000017,1548.8560321266675
NELCO,Nelco Limited,0.7613948786965654,-2.4096385542168677,-6.0470151562016685,-7.7215189873417724,29.770720592423803,55.370843989769824,9.485762345308189,3861.9565217391305,Electronic production equipment,911.25,INR,1120,INR,939.7880000000014,755.2952499999996,943.4108870906267
TEMPSENS,Tempsens Instruments (India) Limited,,-2.41843285550963,-12.492113564668777,-12.492113564668777,-12.492113564668777,-12.492113564668777,-12.492113564668777,-12.492113564668777,Electronic equipment/Instruments,554.8,INR,634.85,INR,,,
HAPPYFORGE,Happy Forging Limited,0.6514670487642701,-2.4363668061366845,-1.4744718309859155,28.804879452212436,59.53959090585134,75.81683945962928,148.25329932350004,123.85,Metal fabrication,2238.5,INR,2470,INR,1853.3739999999993,1385.2474999999997,2180.679161211211
LALPATHLAB,Dr. Lal PathLabs Limited,1.6678262298991353,-2.4776646582173303,-3.14676296105236,-1.1790094215485072,20.26775991288195,40.227052057659265,10.47366872609591,421.52777777777777,Medical/Nursing services,1877.5,INR,1988.9,INR,1818.973999999998,1558.0950000000005,1900.9350899993467
ARVIND,Arvind Limited,0.4329054567386388,-2.477954144620803,1.4587155963302836,0.35390199637024417,10.028852850462648,61.445255474452566,88.07823129251702,5344.296739690948,Textiles,552.95,INR,600,INR,542.2909999999996,419.8720000000002,548.6010094326427
SHOPERSTOP,Shoppers Stop Limited,0.4781259664302488,-2.477966534678756,1.8815052041633338,-6.4338235294117645,5.601659751037344,25.328299409061056,-29.954128440366972,126.42950279329851,Department stores,381.75,INR,572,INR,390.3370000000003,364.80899999999974,395.7483237941473
WINDMACHIN,Windsor Machines Limited,0.7491654836358056,-2.5152194809356048,-0.09850599244787764,7.376036703723302,6.232541899441349,23.678861788617887,-6.052184653388921,1052.4621212121215,Industrial machinery,304.25,INR,343.9,INR,302.19799999999964,278.4739500000001,305.9635159241646
TATACHEM,Tata Chemicals Limited,1.7923329380481086,-2.533717938723006,-3.0702434485966745,-6.902971181770797,-13.779310344827584,-11.970145049992958,-34.26919032597266,1344.1002994464066,Chemicals: agricultural,625.1,INR,1026.65,INR,673.9939999999992,717.4549999999991,646.5884037378199
VIMTALABS,Vimta Labs Limited,0.5333344348790855,-2.5450364124185545,2.8892845581094244,-0.6796875000000036,23.427184466019416,43.03555355535554,-22.006134969325156,607.0634037819799,Miscellaneous commercial services,635.65,INR,893.45,INR,604.6109999999996,533.0367499999998,631.5979855408488
PAUSHAKLTD,Paushak Limited,0.7117152690217757,-2.561558022700487,7.279431849221518,6.870748299319728,56.396217023394726,85.41248672253039,25.700112017922873,25.700112017922873,Chemicals: major diversified,785.5,INR,826.75,INR,649.4209999999998,,748.202093438298
THERMAX,Thermax Limited.,3.1062050711342377,-2.5790728193042174,-9.034984620770715,-9.289045160968554,-26.232965606748863,19.187418086500653,10.899057955550136,12486.851211072664,Industrial machinery,3637.6,INR,5277.8,INR,4321.632,3717.7665000000056,3961.0445435128113
TBOTEK,TBO Tek Ltd.,0.37260431603036914,-2.584068754686506,0.5297619047619102,5.622263914946847,36.874949347597045,46.25043297540701,4.57585139318886,18.436185133239835,Internet software/Services,1688.9,INR,1764.8,INR,1576.9900000000002,1433.1435000000015,1676.0242113155116
AVADHSUGAR,Avadh Sugar & Energy Ltd.,0.2598448931444945,-2.598965226807848,-0.18495684340320592,30.144694533762056,65.8811475409836,99.87654320987654,75.8444661670468,286.02766776413137,Agricultural commodities/Milling,809.5,INR,884.8,INR,623.9319999999998,463.20700000000005,761.8466350752867
UFBL,United Foodbrands Limited,1.1122844323228005,-2.6209677419354867,-4.727247993470276,-9.263457925762777,52.23345288555592,199.5508982035928,159.67741935483872,42.97233555226426,Restaurants,700.35,INR,850,INR,729.8989999999985,401.87605000000025,745.8986022965291
FISCHER,Fischer Medical Ventures Ltd,0.46242818370377026,-2.673507966513643,1.4354066985645877,-5.157894736842107,4.797906368130266,2.1541950113378627,-67.14077315827865,-57.09012977735445,Chemicals: specialty,36.04,INR,124.7,INR,38.0422,38.963199999999986,37.05530332939871
SRF,Srf Limited,1.5589667639422857,-2.6748184944593043,-2.2264875239923225,-3.752409023920197,-7.213114754098361,-0.6281456049315247,-13.631739572736521,123540.77669902913,Industrial specialties,2547,INR,3210,INR,2674.3660000000027,2725.1345000000024,2599.9778613284507
ADVAIT,Advait Energy Transitions Ltd,0.8944237898286368,-2.6957347686462483,1.380772855796427,-7.835661040185059,-3.9598214285714204,37.28781110402043,46.10839445802772,46.10839445802772,Electrical products,2151.3,INR,2485,INR,2187.992,,2153.070851542258
ORIANA,Oriana Power Limited,1.2569007574784954,-2.7425990158909412,-8.93160617848106,-18.257627118644066,-29.745950355436428,-32.642458100558656,-50.392923266817526,299.2384105960265,Engineering & construction,1205.7,INR,3064,INR,1394.8400000000006,1830.1337499999995,1286.684354307254
UNIPARTS,Uniparts India Ltd.,1.4463152058316575,-2.8725413934881683,6.930511377538535,13.660598179453832,40.511212925006035,93.71675531914894,109.10287081339712,52.008695652173905,Auto parts: OEM,874.05,INR,915.95,INR,753.7269999999996,569.6379999999999,835.4621274004738
KIRLOSENG,Kirloskar Oil Engines Limited,0.7786323079752308,-2.8973363908978578,3.892611116353685,-4.181897302001737,11.545086119554208,49.18021680216803,143.2769859684013,896.3348416289592,Electrical products,2201.9,INR,2720,INR,2212.894,1640.924250000001,2143.705921877002
FLUOROCHEM,Gujarat Fluorochemicals Ltd.,4.342049037066652,-2.994930345503352,-2.527771237773172,-1.1439859335315914,26.149584487534625,39.1214028227531,33.980582524271846,507.2,Chemicals: specialty,4554,INR,4958.9,INR,4406.178000000009,3695.7775000000065,4632.102529945146
SBCL,Shivalik Bimetal Controls Ltd,2.1775632844461614,-3.0106410589151467,6.174827161663019,43.363171355498714,52.323369565217384,163.4473034896017,119.58672020370187,1178.822572035857,Other metals/Minerals,1121.1,INR,1215.7,INR,869.4879999999996,602.7227500000001,1019.8621900902638
SANGHVIMOV,Sanghvi Movers Limited,1.2034137607161917,-3.0463576158940424,-1.513622603430878,-1.2478920741989907,18.879415347137638,75.82065652522016,32.68882175226585,404.82758620689657,Finance/Rental/Leasing,439.2,INR,528,INR,457.32099999999997,351.06380000000007,462.1190022120464
PRECWIRE,Precision Wires India Limited,0.5165469839162861,-3.084964640770731,11.825922421948912,22.837100545596268,9.444444444444446,40.71428571428572,164.42953020134226,13538.448424568822,Electrical products,472.8,INR,524.9,INR,410.88300000000027,338.07385000000016,453.0713202438152
UNIVCABLES,Universal Cables Limited,2.0171486586667617,-3.1042537496926483,-2.093167701863357,10.39288465578821,26.610441767068266,130.95970695970695,118.62690707350902,9199.704466094132,Electronic components,1576.3,INR,1774.9,INR,1407.9199999999996,1007.1977499999997,1592.1944451906645
LUMAXIND,Lumax Industries Limited,0.6717395425794108,-3.118877830890996,0.9719046063377981,7.410947002606429,15.542056074766355,8.92511013215859,47.99961692245075,18920,Auto parts: OEM,6181.5,INR,6934.5,INR,5601.0199999999895,5439.4779999999955,6006.069638623969
HMT,HMT Ltd.,1.1276297235318415,-3.127262197770373,3.9297918608263456,11.44237175216522,20.558558558558552,-3.4487734487734496,15.362068965517235,1265.5102040816325,Industrial machinery,66.91,INR,72.95,INR,62.8702,56.27345000000003,63.538609735771004
SEDEMAC,SEDEMAC Mechatronics Ltd.,0.6057595591256181,-3.1487663030386455,-7.785058977719526,0.5142857142857176,15.164907111874944,83.34853420195441,83.34853420195441,83.34853420195441,Auto parts: OEM,2814.4,INR,3368.9,INR,2879.2619999999997,,2989.2260628470544
MOREPENLAB,Morepen Laboratories Limited,0.6954318567986492,-3.158790974882936,17.572875749431468,55.29765155652649,152.47502774694786,177.41463414634143,119.57528957528959,460.1755288891296,Pharmaceuticals: major,113.74,INR,118.55,INR,74.44360000000002,49.821100000000044,96.16763616635922
QUESS,Quess Corp. Ltd.,0.8625246178041626,-3.2192061110353323,-0.6302521008403361,9.49074074074074,63.879521411742964,86.71052631578948,29.23497267759563,45.36038656692522,Personnel services,354.75,INR,388.75,INR,318.60400000000016,234.96480000000048,350.92355776957965
GUJTHEM,Gujarat Themis Biosyn Ltd,0.733396982737099,-3.2345330510468124,0.30480370641307,14.582172701949865,-1.0821209570758688,37.13952325387566,2.3385993282746695,52.43653881786177,Pharmaceuticals: major,411.35,INR,479,INR,376.9409999999999,361.33535000000006,396.6021448250111
VINCOFE,Vintage Coffee and Beverages Limited,0.4677887413523189,-3.3034904805076972,-2.4857142857142827,11.353996737357262,12.938451356717414,24.56204379562044,13.789424551576989,25.47794117647059,Wholesale distributors,170.65,INR,189.4,INR,158.26760000000002,149.94530000000003,165.62079566853032
ECLERX,eClerx Services Limited,0.5160178368882488,-3.347365217832327,-1.712311104234362,-0.9974544132162733,35.15602836879433,23.147011308562202,-13.769230769230768,2990.31195672883,Miscellaneous commercial services,1905.7,INR,2497.5,INR,1786.1640000000002,1821.5874999999992,1899.8169956750667
ATHERENERG,Ather Energy Limited,0.8448029563799022,-3.34980779791324,3.9574719432959213,8.122866894197951,59.516616314199396,132.83845362340145,213.72549019607843,382.9268292682927,Motor vehicles,1584,INR,1744,INR,1362.1759999999997,927.4317499999999,1534.9119169118085
EBGNG,Gng Electronics Limited,1.2803718577113772,-3.3515511975566668,2.7953496324158014,19.627934739355346,32.91698905714601,64.72602739726027,64.9519890260631,69.36619718309859,Information technology services,601.25,INR,689.5,INR,586.9310000000003,418.94699999999995,598.9897569625343
KIRIINDUS,Kiri Industries Limited,1.0908078823194252,-3.428620778996463,15.875647668393785,32.58240455299977,43.10212439211672,33.43675417661098,4.348637551325134,203.8586956521739,Chemicals: specialty,559.1,INR,779,INR,430.65700000000004,454.2147499999997,489.6150094127994
KCP,KCP Ltd,0.8088740180492695,-3.4429446393530307,-4.307855501208087,4.089743589743587,1.3607990012484439,3.426751592356685,-22.657775660871632,5404.406779661017,Industrial conglomerates,162.38,INR,207.8,INR,164.17700000000002,166.7875999999999,164.62212705529393
JUBLCPL,Jubilant Agri and Consumer Products Limited,0.667527592998625,-3.566469975702893,4.903950535705862,17.287598944591025,20.11456982274102,19.93308871141808,-23.530018923103395,39.79495565758852,Chemicals: agricultural,2222.6,INR,2911.8,INR,2048.554000000001,1985.3184999999983,2165.300139571472
RKFORGE,Ramkrishna Forgings Ltd,1.3985136480332176,-3.577079177271789,-2.7879880712948224,0.2933600457927974,24.50701723219045,27.057650471356055,20.11139674378749,9013.783898211082,Metal fabrication,700.85,INR,772.8,INR,656.1570000000003,571.3337499999998,720.3256966686175
WEBELSOLAR,Websol Energy System Limited,1.1694187747521176,-3.6208457261088802,-3.5834411384217284,-23.006198347107436,-34.276895943562614,39.152352501867064,-43.962406015037594,287.67230169050714,Semiconductors,74.53,INR,137.9,INR,92.38000000000002,89.79690000000024,81.5002456902532
TTKPRESTIG,TTK Prestige Limited,1.6105791121102122,-3.6304478123127057,-7.274674575712635,-10.688779558800192,3.3327212633125187,17.878089652283204,-18.400638004785034,7403.333333333333,Home furnishings,562.75,INR,771.2,INR,623.5569999999999,572.6884999999994,595.1838147058121
INDOCO,Indoco Remedies Limited,0.16888623881444736,-3.687261520399182,8.238156104399453,15.694138386954599,22.103353644355543,32.748419721871045,-7.240282685512371,390.3185818079506,Pharmaceuticals: major,262.51,INR,332.2,INR,236.44800000000004,222.79470000000003,241.48821972764966
ALIVUS,Alivus Life Sciences Ltd,0.665251788009766,-3.7003101212292075,0.5963775585333463,2.3445692883895095,32.36775818639798,50.15935817122761,44.59731188485554,82.17333333333332,Pharmaceuticals: major,1366.3,INR,1493.8,INR,1252.4579999999994,1038.8552500000008,1360.0790796988308
KMEW,Knowledge Marine & Engineering Works Limited,0.8885897792805333,-3.7138141188420515,1.7919463087248353,19.00819961552042,56.578743612243855,88.85568422363342,244.48923967974565,216.8041775456919,Trucks/Construction/Farm machinery,3033.4,INR,3175,INR,2563.296,1956.3727500000002,2825.9359419594957
POLYMED,Poly Medicure Limited,0.8499617096457536,-3.7428619890314945,-0.27530459231490423,-1.310068981508313,20.74468085106383,25.07346459006758,-19.308971989193804,4982.089552238806,Medical specialties,1702.5,INR,2107.8,INR,1714.8319999999992,1591.8909999999992,1742.538208375656
EFCIL,EFC (I) Ltd.,0.4457947833854061,-3.7841067516430957,-3.529529229693971,-0.6222679352018409,10.014232849416455,-16.43008054110019,-41.815900038826946,-43.58970348854947,Wholesale distributors,193.24,INR,330.88669787,INR,192.38440000000003,220.34964487409997,195.2774251231386
HAVELLS,Havells India Limited,3.802196378330244,-3.833333333333333,-7.457898957497995,-10.943046766476305,-2.004076086956514,-14.67652495378928,-27.558066541117388,60506.939105886944,Electrical products,1154,INR,1621.1,INR,1231.886,1296.9420000000014,1236.503865965806
GALAXYSURF,Galaxy Surfactants Ltd.,1.6691960983198981,-3.8461538461538423,-6.073752711496746,9.614703053009979,23.36885292609265,10.178117048346056,-6.881720430107527,41.967213114754095,Household/Personal care,2165,INR,2648,INR,2091.260000000003,1931.9810000000007,2224.1213348851547
POWERMECH,Power Mech Projects Ltd.,2.7793168072934993,-3.904492041003428,-9.47240323467065,-12.647727272727275,-13.069209891435474,13.049659297024354,-27.594976452119315,668.7,Engineering & construction,2306.1,INR,3145.9,INR,2559.9999999999923,2359.9144999999985,2482.073831826543
GULFOILLUB,Gulf Oil Lubricants India Ltd,2.0319953393833705,-4.017977528089892,-7.493719137139392,-8.72724164458502,16.349768455461724,4.789008832188416,-16.17866394536464,346.77824267782427,Oil refining/Marketing,1067.8,INR,1329,INR,1097.6439999999993,1061.9089999999983,1130.213871575957
RPEL,Raghav Productivity Enhancers Ltd.,1.9949790556250266,-4.1374920432845315,3.742824339839268,43.417189111975254,77.18515613510466,169.18894764280924,179.31993817619784,261.8018018018018,Chemicals: major diversified,1807.2,INR,1943.7,INR,1404.4300000000005,987.20875,1633.5754617492316
FINCABLES,Finolex Cables Limited,2.020642539385449,-4.140152407887504,-5.99383667180277,22.571572074334508,19.62745098039216,32.6304347826087,42.16474426191309,1683.4021413979785,Electrical products,1220.2,INR,1374,INR,1126.6190000000006,939.3454999999994,1225.6108304258653
TECHNVISN,TechNVision Ventures Ltd.,3.2575972735018457,-4.263603621142802,-2.1120312126761758,13.048575829329419,-9.770642201834862,-18.43589318294908,-18.43589318294908,-18.43589318294908,Data processing services,4917.5,INR,6198,INR,4561.811999999994,,5045.546971949186
SJS,S.J.S. Enterprises Limited,1.8768877849880392,-4.354858778151051,-8.086887206058194,-5.0909539879825605,15.559230306674685,36.941805225653205,59.041379310344816,325.479704797048,Auto parts: OEM,2306.1,INR,2590,INR,2353.4639999999986,1928.8085,2441.866831112478
BNAGROCHEM,BN Agrochem Ltd,0.06491365453571281,-4.410532351254797,-7.754841455628857,-18.33835719668425,-25.522336769759452,-7.813696299447046,-7.813696299447046,-7.813696299447046,Agricultural commodities/Milling,216.73,INR,394.8,INR,262.80320000000006,,237.40152647948057
INDSWFTLAB,Ind-Swift Laboratories Ltd.,0.5463957058228953,-4.494231285215991,-1.125000000000003,53.49288486416558,124.00881057268722,161.70869788986104,245.58252427184465,4646,Pharmaceuticals: major,355.95,INR,389.5,INR,268.332,162.7940999999999,330.7961045970898
DALMIASUG,Dalmia Bharat Sugar & Industries Ltd.,0.5800035981128017,-4.880164841123523,-8.40643274853801,4.6658711217183795,30.559690384042884,41.46774193548388,12.44871794871795,683.125,Agricultural commodities/Milling,438.55,INR,520,INR,401.58700000000033,341.707,451.77774129558895
MODISONLTD,Modison Limited,1.2742206405781904,-4.993429697766095,14.343065693430654,65.50449022715267,29.96404867256636,259.9770202987361,187.37846266740044,793.4410986099277,Engineering & construction,469.95,INR,546,INR,331.952,211.18954999999994,411.3083355594519
ANTELOPUS,Antelopus Selan Energy Ltd,1.4985219298233323,-5.541300700680941,22.523041474654367,13.004722550177094,3.475675675675673,77.25,67.08562450903376,1138.6659432659126,Integrated oil,957.15,INR,1075.1,INR,829.273,641.7362499999995,847.1006854973506
SKYWAYS,Skyways Air Services Limited,,-5.643549131170231,-1.03225806451613,-1.03225806451613,-1.03225806451613,-1.03225806451613,-1.03225806451613,-1.03225806451613,Airlines,122.72,INR,136.45,INR,,,
POLYCAB,Polycab India Ltd.,4.548101683281172,-5.762134544422367,-8.58024011455006,-9.782608695652174,-14.915427985648385,-3.06003270263957,14.482758620689655,1211.216429699842,Electrical products,8300,INR,10126,INR,9176.470000000003,8304.734999999997,9004.163196584821
RRKABEL,RR Kabel Ltd.,4.687070467243195,-6.249761240783891,-13.688319909963784,-7.542478242851233,9.852282900626676,63.71581054036023,102.14991762767708,107.97457627118642,Electrical products,2454.1,INR,2983.8,INR,2583.4419999999996,1842.0950000000012,2735.855950627887
HIKAL,Hikal Limited,2.4446932289514915,-7.513729405891163,8.51842811813523,-2.925764192139733,14.398929600658716,20.240155776720044,-17.666666666666664,2259.306588267811,Pharmaceuticals: major,222.3,INR,282.7,INR,220.54500000000004,206.91419999999988,214.15481617652452
JAYKAY,Jaykay Enterprises Limited,0.6066077134694342,-7.671512675717896,1.6333818278005547,2.3969086157821704,-8.469518059286367,16.484014845361312,-24.257536053260928,-24.257536053260928,Miscellaneous commercial services,153.69,INR,203.04990807,INR,152.72987832959998,,152.37855549170305
VMARCIND,V-Marc India Limited,3.873598369011215,-8.201892744479485,-15.440496631884821,21.020793950850667,25.120518670228066,174.39102243451373,290.3658458512197,4584.3901502146355,Electrical products,320.1,INR,406,INR,313.5413339610001,184.64746061554996,349.60403265406444
KEI,KEI Industries Limited,6.170538289279738,-8.954383330204617,-12.391618497109826,-11.562517094874279,-9.107946026986507,-1.6326944528952438,20.941598922747,6308.562537224168,Electrical products,4850,INR,5899,INR,5301.722000000001,4779.522,5418.211160715206
JAYNECOIND,Jayaswal Neco Industries Limited,8.729722116652567,-9.76895014187272,-11.920071223662081,0.7239819004524893,-8.31960461285008,19.516778523489943,47.31965585704833,1128.1379310344828,Steel,89.04,INR,117,INR,91.26459999999996,86.04744999999998,95.43563975609241
DYCL,Dynamic Cables Ltd.,0.9429717805612232,-10.361932757670399,8.663697104677055,20.261276805521316,48.908896688539606,71.49384885764498,10.886363636363631,579.5264150747622,Electrical products,487.9,INR,560,INR,420.034,344.3949000000002,471.5912013893614
FMGOETZE,Federal-Mogul Goetze (India) Limited,0.14209101403725782,-18.29069577969693,-12.965373600624837,4.993718592964816,15.661400069196166,29.7748447204969,-11.825215403551969,59.7511776645361,Industrial machinery,501.45,INR,641.1,INR,491.13599999999997,454.3782500000002,537.0931169571885
ESDS,ESDS Software Solution Limited,,,,,,,,19.999999999999996,Information technology services,908.4,INR,,,,,