Ticker,Current_Price,High_52W,Pct_From_High,Avg_Volume,Return_1W,Return_1M,Return_3M,Return_6M,RS_Composite,EMA_10,EMA_20,SMA_50,SMA_100,SMA_200,Days_Since_Peak,Max_Base_DD,Prior_Leg_Gain,Vol_Dry_Up,RS_Percentile
BODALCHEM.NS,202.02000427246094,206.0,-1.9320367609412914,691367.5577689243,5.6424247168290975,113.84566704989965,222.97363187298834,253.120097020402,1.9147350425172014,188.12013777814144,168.95558191833692,113.03620056152344,90.20250022888183,72.08710018157959,3,-8.820387460653068,183.1351851945171,False,99
SIGMAADV.NS,946.0,980.0,-3.469387755102038,278170.51792828686,9.22526575064364,23.87873630015949,70.41975168553138,509.2220552787176,2.3051302145224275,894.4981839653675,842.5279041939516,719.7890026855468,594.8154998779297,391.74365043640137,1,-8.469387755102042,58.433431053391004,False,99
KABRAEXTRU.NS,846.4000244140625,846.4000244140625,0.0,121534.52988047809,24.178411785659847,43.55496259526133,213.9349691779349,345.8256503571368,2.1363958459385346,724.4002190555021,674.8809998205804,548.3689984130859,400.181598815918,314.26164932250975,0,0.0,114.30560786269402,False,99
TBZ.NS,655.5999755859375,698.5999755859375,-6.155167692918195,1299696.0714285714,8.62397296755859,115.648166653801,238.30413609077442,491.9639829126327,2.9226886461980146,615.52486325552,544.3357272297626,376.36865234375,276.98542877197264,213.68739028930665,2,-8.223583335182616,154.00828558919378,True,99
STLNETWORK.NS,54.61000061035156,54.61000061035156,0.0,2639539.5674603176,27.147845495437693,110.1192808436954,101.51291454479998,243.02764038091863,1.5240357123409027,45.62181475110144,40.02767338628825,30.14800006866455,28.54540002822876,25.259950046539306,0,0.0,124.82502491567304,False,99
STLTECH.NS,837.2000122070312,912.0,-8.201753047474647,3992655.484126984,2.247194026426258,20.31329188480182,36.507423588869244,374.7108240585316,1.651239344796764,831.7719510653666,802.7754292628883,689.5790032958985,616.7910000610351,392.60889980316165,8,-14.106362326103339,61.238768376920795,False,99
RAYMOND.NS,1196.6500244140625,1223.8499755859375,-2.2224906413755963,1004972.130952381,22.356853212071837,94.89414078404927,105.6806547819808,271.80363576851624,1.6164016422001777,1069.1316448146665,959.4430061508513,737.7749975585938,650.015498046875,528.3462498474121,0,0.0,106.28341230412408,False,99
FILATEX.NS,106.94000244140625,111.5,-4.089683909052688,2349739.5856573707,13.972077538649884,37.03013582923877,106.7198965046654,179.52149171297162,1.1262780055630102,97.96009259650816,91.21412528187895,81.54544387817383,66.53729091644287,55.86681926727295,2,-9.766815596097256,52.68639547272931,False,98
INDSWFTLAB.NS,404.3500061035156,419.79998779296875,-3.68031970907835,859565.342629482,8.33221864796132,12.934308025183562,98.66850514846375,207.65428641618243,1.1608234958084496,390.91884993834674,376.1207182326314,317.3214010620117,246.65170043945312,185.38830005645752,1,-6.241062994593049,82.53570495436524,False,98
NRL.NS,161.6999969482422,167.25999450683594,-3.324164618674852,78918.556,12.549592127157204,30.878181266011385,92.70645917187568,239.63451979684436,1.3109634113621844,151.37211798093978,141.50605775571856,122.68779998779297,99.10300022125244,76.38760007858276,1,-3.324164618674852,59.7289401020906,False,98
INDORAMA.NS,99.36000061035156,112.30000305175781,-11.52270889560203,532080.1507936508,9.126850389966368,55.565996981330315,124.18772855261331,230.20937223825874,1.413659518963502,94.97959632092478,86.79417835802113,68.01160011291503,55.93950008392334,47.75985013961792,3,-13.455031344378089,109.5710310242501,False,98
WELCORP.NS,2832.39990234375,2837.5,-0.1797391244493407,1033599.1706349206,6.477192525172604,17.732140861973278,86.10945902535451,249.6745210120253,1.298967935373284,2687.689924858778,2579.278061766635,2177.250009765625,1801.4022448730468,1336.8160125732422,0,0.0,71.59820333441431,False,98
BIRLACABLE.NS,362.45001220703125,418.79998779296875,-13.455104400288032,109207.72908366534,-11.489618508661481,28.958235022922384,80.46747284785339,226.02863932266376,1.1919438273713987,369.47095870796846,357.0679376667816,293.55006225585936,242.59621444702148,189.57410751342775,5,-20.964658632314038,108.86463587638184,False,98
BHAGERIA.NS,394.6000061035156,395.6000061035156,-0.2527805825509377,205139.588,17.879016012999436,78.30998674284983,91.64781660270502,179.15786219349235,1.1660738880807835,345.0089279404026,317.00728945799904,252.61197326660155,221.45260665893554,191.51783653259278,0,0.0,95.26920156771068,False,98
MANINDS.NS,1020.3499755859375,1039.699951171875,-1.861111522043224,938773.6388888889,19.822675146818035,32.953281563136215,75.42335300575441,220.5120012638409,1.1940473023457174,904.2592122173469,846.7498276094642,694.2659997558594,623.7144979858399,518.0982489013672,0,0.0,91.68701840789626,False,98
SETL.NS,402.54998779296875,468.1499938964844,-14.01260428469019,579360.3784860558,0.049703414047330696,16.042085579595145,56.77454726671143,265.82150531058966,1.2657435376157307,408.84008600089174,398.62521110648606,341.5089990234375,266.6379995727539,199.36044944763182,10,-16.052546166026705,66.54215002901395,False,98
MOREPENLAB.NS,120.37999725341797,126.80000305175781,-5.063095933617046,9071760.80952381,-0.4301110553333043,24.69496514677678,103.95810743148229,258.0167279246385,1.3929010532312212,118.09029703963556,113.18351099336941,91.48156982421875,71.00859809875489,55.32855758666992,4,-8.864357431108317,116.29598368378491,True,98
CYIENTDLM.NS,931.4000244140625,1009.0,-7.690780533789643,657055.3849206349,-0.9886241811722263,14.93089787200903,102.34630656409718,242.0492347293865,1.3041090301726834,916.4073596471978,886.6924211983743,781.1690026855468,623.034501953125,491.35500106811526,13,-19.529235658371537,83.28169628339286,True,98
MODISONLTD.NS,444.04998779296875,546.0,-18.672163407881182,117015.032,-2.9611053605365756,7.883863267313007,45.57383170052587,283.21009360653494,1.282368490701807,462.0947964406551,453.5237131804935,381.38999938964844,326.52070846557615,234.25077278137206,16,-20.05494505494505,83.39199285207374,True,98
FCL.NS,60.47999954223633,62.400001525878906,-3.0769261805968173,13606833.884920634,6.0680446452040515,24.855700406843972,56.03744906099808,214.67010185590127,1.0825722000654912,56.61438220229488,54.59318972304899,47.60244888305664,42.686499004364016,32.946303100585936,12,-20.92948886848135,50.20650475261008,False,98
KOPRAN.NS,284.5299987792969,287.20001220703125,-0.929670374042213,547370.5317460317,2.496395001229601,47.63906028282599,52.87928076478019,167.87834471583025,0.9279257367245431,268.3307550473184,252.16408585389053,214.86276733398438,198.57590957641602,167.44584270477296,2,-6.928977565543192,48.30830613237762,False,97
CUPID.NS,270.0,299.0,-9.6989966555184,29259186.96031746,1.8867924528301883,-2.4037571094155274,42.15764250615317,224.90975325839878,1.023191218786054,269.898135686213,271.78602429265754,263.4443991088867,212.67809913635253,151.6597996902466,30,-21.367892772457676,66.10898028733823,False,97
NOVARTIND.NS,1965.5999755859375,2588.800048828125,-24.07293191779304,68761.52136752137,-3.9671717463890865,31.901760836873862,37.032901710167266,192.39121987146711,0.9404999345437289,2010.1719670948698,1946.3038920375623,1730.4699951171874,1566.280997314453,,11,-25.45194731096855,52.123795605254486,True,97
RATNAVEER.NS,333.95001220703125,343.75,-2.85090553977273,2959408.2111553783,11.595659885390553,13.245615523862476,84.2991268385178,154.34120673659834,0.9083490983950624,317.65336844164625,303.1629610024107,254.26302947998047,215.06221450805663,183.11280700683594,2,-6.298180042613632,78.17203972929268,False,97
E2E.NS,652.1500244140625,698.0,-6.568764410592765,1413486.0476190476,7.323294365520661,5.508825460775446,64.55968824171462,217.50245559536245,1.0820298323936652,622.4491134363526,614.2129341531878,589.868003540039,488.8611019897461,363.752700881958,29,-21.07449506961855,53.4667893194348,True,97
OPTIEMUS.NS,758.5499877929688,850.6500244140625,-10.827018630197927,296050.01195219124,28.546012400656263,31.589898816852923,63.2343378237362,159.1118660266332,0.9178762876121035,687.4355525193978,641.7211754321165,597.7839990234374,529.2354989624023,474.11974990844726,2,-12.290606692234007,32.57842377878155,False,97
SPECTRUM.NS,3518.800048828125,3524.10009765625,-0.1503943895251436,18426.668,15.765230154498688,67.03692612295296,89.11163224419785,138.789366661666,0.9723314457796622,3187.072947266264,2945.842978441099,2510.8540185546876,2091.5990100097656,1676.971502685547,0,0.0,48.91240155853258,True,97
PVP.NS,61.939998626708984,72.04000091552734,-14.01999189403318,1352654.764940239,4.487179322178214,-0.2897622476992545,108.83344216238547,163.6866719039586,0.9851546689297704,63.25879553139549,60.87903906322423,47.37639995574951,38.12919998168945,34.35389989852905,1,-14.01999189403318,139.0029153487515,False,97
BLISSGVS.NS,704.7000122070312,728.0,-3.2005477737594434,2396916.777777778,3.3511824359101716,25.81682608891802,30.85241828329064,227.5103713841986,1.0575835750004126,689.0250543242255,668.2122614945044,576.3479986572265,503.2134643554688,355.0948873901367,8,-10.611263736263732,46.482036626706005,False,97
SBCL.NS,1154.5,1215.699951171875,-5.034132897092025,354696.4940239044,5.318377250956852,10.563115685299396,52.121786679010974,198.26224846730315,0.9758589625278012,1122.4799104800388,1094.2932552795992,978.8366882324219,845.3047155761719,655.0721418762207,15,-21.271694165707565,50.37057036367079,True,97
YASHO.NS,4234.10009765625,4994.0,-15.216257555942125,33816.044,5.79960264008621,-2.4782940510821083,44.83322929171669,210.80942940615844,0.9785804200377057,4075.109888824158,4076.642687415234,3988.083896484375,3254.4709680175783,2339.3568719482423,28,-24.44933920704846,71.29774200505254,False,97
MENONBE.NS,298.25,330.0,-9.62121212121212,104470.15537848606,-5.870287437343135,5.258511937720223,81.77593682052961,175.5764606096118,0.9522803893381333,300.86430129699175,295.3687124366614,264.279104309082,211.35374877929686,164.03940769195557,4,-13.303028453480115,40.232687754987055,False,97
SHILPAMED.NS,1013.4500122070312,1075.0,-5.725580259811047,901101.7103174604,-0.749188479268792,12.445127997313943,69.46629293182693,190.65244034417157,0.9951497076875263,1000.1941231530245,963.0571833596466,830.1065307617188,687.5071862792969,514.2060633850098,4,-7.720930232558143,72.65106461832661,True,97
DIACABS.NS,354.5,404.0,-12.252475247524753,3040312.9365079366,-3.353322846867479,4.695804373855639,69.34174367129067,198.35044681913257,1.0074653041912462,365.7428457156099,360.23494964271015,342.57459930419924,273.2064993286133,205.6221996307373,7,-13.960394528832765,46.67086962733498,True,97
RPEL.NS,1699.5,1943.699951171875,-12.563665036089777,104180.67330677291,2.8503978994214307,-2.6297710422842124,41.15448504983388,183.4646515773867,0.8549129172739014,1699.29562212343,1683.3412711468543,1532.3799951171875,1317.2506494140625,1039.4634680175782,15,-22.457169880404127,39.584461213281074,True,96
BLUSPRING.NS,145.1199951171875,146.5,-0.9419828551621157,512852.3426294821,17.65850448027455,10.307082555663971,30.715186007214456,184.94010258711825,0.8701786379617188,132.5255710141089,129.78488208613203,121.78599960327148,107.55470001220704,83.9571000289917,0,0.0,25.265426869733474,False,96
BHAGYANGR.NS,425.54998779296875,467.8999938964844,-9.051080712962122,241375.89682539683,-4.7347266254965215,11.138677089667093,-1.4588440943628767,209.01892894186935,0.8492418110382264,427.7876277099616,417.36350568698344,396.81299865722656,370.0614996337891,272.1895497894287,5,-10.023508123161095,8.712586722394988,False,96
UFBL.NS,698.25,850.0,-17.852941176470594,195498.8714859438,0.8376038256512564,-7.675524094925612,6.38379309402084,201.3074926420493,0.8098679054860599,710.4161893415677,716.7156260903911,730.1109936523437,648.1464965820312,442.1838983154297,23,-23.529411764705888,27.668171459742275,True,96
MACPOWER.NS,2062.5,2175.0,-5.1724137931034475,35477.254980079684,-1.9957234497505305,10.452957800249862,53.251533875881485,160.31210953568737,0.8199132319211432,2005.2339833532358,1947.9479690415465,1761.4248022460938,1460.0788269042969,1212.935528564453,4,-16.427588451867813,48.4380925126968,False,96
MARINE.NS,413.75,449.66979114957604,-7.988037412463822,744749.3452380953,9.111283407371197,10.679982895647932,46.024986892199806,172.9425369086929,0.8603163575100381,405.79104268386754,399.73560316103726,358.3995690917969,304.7215104675293,250.53811073303223,16,-21.575787202663,73.4784276104134,False,96
JINDWORLD.NS,46.7599983215332,61.9900016784668,-24.568483536957174,6991840.218253968,-5.91549777922451,26.961705122983837,55.762816817147275,158.3425267184236,0.8486664697918795,49.813597053820224,48.479688255823014,42.25160011291504,35.84550010681152,30.741200046539305,14,-26.488145731646796,96.57373045992794,True,96
VINDHYATEL.NS,2719.800048828125,2952.60009765625,-7.884577698582341,55972.11111111111,2.2481221363956694,7.4807369621863185,31.252650165646024,179.84413052843644,0.8303440686714522,2757.3600109308472,2703.758034716031,2444.698466796875,2209.7379858398435,1722.5997607421875,14,-15.779317587038044,42.12350749448062,False,96
HFCL.NS,211.27000427246094,256.46045809851773,-17.620827070618883,28247360.833333332,-1.9668316343068315,-13.981711612097513,-0.64959042272279,211.62298586185727,0.814612917320759,217.86297097740078,222.13084716600665,219.91824615478515,203.6834747314453,140.00873556137086,19,-20.101288877732927,10.731276264863542,True,96
PAISALO.NS,89.0199966430664,94.87999725341797,-6.176223419041527,10190751.96031746,-0.5474309925926457,31.398069507243818,50.807635696807615,164.3942818647228,0.8722487425712091,87.89040970932656,83.55360418819843,74.6188540649414,66.64616073608398,51.847998027801516,4,-7.989032905865834,31.973210708125865,False,96
IOLCP.NS,204.19000244140625,219.0399932861328,-6.779579665768143,2908487.003968254,0.5119412139642066,5.759566320683818,40.539618609023044,180.59641591430756,0.8560355933396312,201.18607067806298,196.4975856515509,176.5395999145508,155.70470001220704,117.225231590271,13,-20.767892452841362,21.406374271809447,False,96
RUBYMILLS.NS,491.8500061035156,515.0,-4.495144445919297,45259.092,5.298651183171921,26.671473027137836,52.16166752502009,147.25034806861518,0.8041279920869687,470.19910986205514,450.8857092819555,409.2773095703125,358.54100311279296,284.8917240142822,2,-16.11650485436893,25.02954131163968,False,96
SALSTEEL.NS,93.5999984741211,93.72000122070312,-0.12804390206891947,211181.20080321285,13.785553176999077,30.653265314859503,71.80616604366246,146.3806115785847,0.8760330282520442,83.90651515427604,80.39489239609003,70.66799987792969,64.35959983825684,54.287649955749515,0,0.0,57.33736062071901,False,96
WHEELS.NS,2296.39990234375,2498.0,-8.070460274469571,185766.5357142857,5.5476377203053095,51.4475913997712,28.57782207971724,131.60367387405643,0.7205909822552251,2172.893899770544,2043.5119174736203,1680.0360083007813,1610.9741430664062,1267.4288278198242,11,-18.658926164368992,55.9676331759946,False,95
EMIL.NS,200.22000122070312,202.86000061035156,-1.301389816477072,2426772.777777778,2.007337714443591,11.860995070112935,64.47876094574907,127.26447751246748,0.7282235207417866,190.87801580711223,186.74335532919955,170.65840118408204,145.11560050964354,122.87930030822754,5,-8.754803536133714,51.403887460191974,True,95
GMMPFAUDLR.NS,1505.199951171875,1533.5999755859375,-1.8518534732769432,179596.48605577688,2.603950318464543,46.8272853070643,90.86998437202023,90.03958811957243,0.7290268265269435,1418.7882309734496,1323.970665342267,1079.9274536132812,939.5546533203125,949.0175143432617,4,-7.733436194182541,81.64506793273576,False,95
SKYGOLD.NS,793.5499877929688,868.7999877929688,-8.661372129062661,1108596.896825397,1.2568553569622054,-5.871537953471384,49.009483801070886,149.3479930221426,0.7339342029418024,795.1542503591703,793.2497042741682,759.1719995117187,641.8249993896484,499.5489990234375,22,-15.630753879030824,60.35166126632308,False,95
OAL.NS,533.6500244140625,570.0,-6.377188699287284,33596.97211155378,3.792667329389454,24.408441363209032,73.54728969628954,124.28210021947055,0.7703798200225583,531.4512960468254,507.7809131655538,429.4973419189453,377.08959503173827,328.39785781860354,3,-8.394732558936402,50.26480069379462,True,95
LLOYDSENGG.NS,98.55999755859375,99.6500015258789,-1.0938323638681413,8481483.567460317,19.568114999030485,12.562814420636514,14.215953897214394,161.94291192455142,0.7351132532301523,88.08196057246501,86.54603743671396,88.05216094970703,83.17022445678711,66.7315532875061,0,0.0,11.471984872513708,False,95
SOTL.NS,713.2000122070312,850.0999755859375,-16.103983920779076,327664.00793650793,0.7273532240450242,4.967252835918146,39.905919362344065,149.3637154782143,0.7278344788957707,713.5417236800379,707.9116047981402,683.4462133789062,597.4366253662109,477.13821548461914,14,-21.18574059031143,18.991102686482385,True,95
SHREEJISPG.NS,752.4500122070312,754.0,-0.20556867280752122,1058090.9563492064,6.270747147734568,17.50605776450904,53.15490146604884,132.5966034643064,0.7311339809321249,715.450052420639,697.2227323529198,660.7559948730469,572.1234976196289,469.60377670288085,0,0.0,16.595652076046584,False,95
ANTELOPUS.NS,1261.699951171875,1290.9000244140625,-2.261993391427919,623481.2301587302,14.196495366056826,61.507927733813595,58.84426168475936,121.46742568672586,0.7996148386348655,1137.5934382910657,1073.6459367281889,922.312998046875,860.2944958496093,698.8332473754883,0,0.0,53.58489971660072,False,95
SSWL.NS,378.75,394.29998779296875,-3.943694718330404,686526.8964143427,2.125079622702164,30.0440358028492,64.86639396342191,123.14955875798117,0.7494105681505909,365.99941173929807,355.18958916600485,324.45563354492185,275.55969161987304,238.45527717590332,0,0.0,22.539570513955344,False,95
AIMTRON.NS,1890.25,1900.0,-0.5131578947368376,46550.4,13.716348323056105,14.758824149756178,53.479217072954846,127.87823990355638,0.7151846074556585,1768.0135934702892,1720.2878426439522,1608.8439868164062,1420.885997314453,1135.8304983520509,0,0.0,36.33741329085092,False,95
IRISDOREME.NS,66.1500015258789,68.0,-2.7205859913545516,588596.610441767,2.431092676230384,14.347455956236166,67.72313344119074,130.1670217560522,0.7549634919364838,64.19337929761022,62.22887240894494,56.85800003051758,47.905300064086916,40.7382500076294,3,-7.058822407441978,37.17124996464947,False,95
RPTECH.NS,893.0,965.4798808795799,-7.507135292508494,492770.6111111111,11.897752479091995,14.121405750798722,15.677343106866548,164.88710321009398,0.7467210061416651,853.3932777542284,838.7180935390091,828.2135803222657,734.8661990356445,557.6005560302734,37,-27.11396413916567,70.62268257965823,False,95
NRBBEARING.NS,534.7999877929688,548.7999877929688,-2.551020464905951,515630.0996015936,1.7697407788713093,14.616369652237626,20.450447701119078,136.53180955548328,0.6384810614086368,516.7959434592965,501.78470143684854,466.24200134277345,433.54527374267576,348.99593315124514,2,-5.594025672357095,26.72443431869713,False,94
AVALON.NS,2328.5,2618.0,-11.058059587471348,393336.5238095238,-8.24368346128822,3.186204876017973,29.224705502580584,150.91594827586206,0.6894666359019377,2353.253974988824,2299.389343075994,2084.0220166015624,1846.1520092773437,1406.709506225586,5,-15.267377814051752,45.719204775875674,False,94
GANDHAR.NS,261.6499938964844,300.3749196686875,-12.892196796895217,1415552.5714285714,-5.267928192429117,2.6682313635914667,43.95461753014003,126.11931904270163,0.6364096632959805,265.953189132468,263.7918999796896,252.89784118652344,211.22990142822266,176.33383853912355,45,-28.851803869453306,81.09892054346368,True,94
SANSERA.NS,4662.39990234375,4743.5,-1.7097100802413778,226604.5357142857,9.448578821735909,21.450523411125033,46.02030760836453,124.97473962999521,0.6903095069890604,4382.960673884351,4200.889305575148,3825.6867919921874,3379.019091796875,2723.538958740234,2,-4.5008959628966005,43.08432882150179,False,94
SUVEN.NS,335.0,403.3500061035156,-16.945582017909857,807563.1904761905,-1.9177244992141684,-8.99212321507199,19.36576065758342,154.36598918954743,0.6556592678015819,342.1243430114747,347.38536035829867,342.44200012207034,309.82050079345703,236.4374506378174,18,-19.67274201135162,19.492719214109556,True,94
VENUSPIPES.NS,2163.199951171875,2347.89990234375,-7.866602447042204,100395.69322709163,-5.2433289365418245,30.842809215396528,25.043538895628803,131.3566071644571,0.656999334838966,2128.125821975652,2004.91834719713,1754.8125219726562,1646.4060876464844,1394.226460876465,4,-9.0676737168917,32.2215423139911,False,94
TFCILTD.NS,138.30999755859375,147.64999389648438,-6.32576818420919,9080635.087301588,-0.9382592783320431,-2.4887188877865785,80.39891111253523,118.60603706611626,0.7097051845481656,140.4709948543396,138.50076623018919,123.81797668457031,99.84535903930664,83.89662590026856,17,-9.969523758343769,94.98858919166035,False,94
UNIMECH.NS,1665.0999755859375,1868.199951171875,-10.871426019390373,127607.34661354581,4.63771284442307,12.097747961378968,42.11581452564279,127.51930465705303,0.6652578709723216,1645.7446496093494,1595.231321192082,1455.6200048828125,1271.439507446289,1085.1212542724609,3,-12.166787961600845,46.722554908378,False,94
SHADOWFAX.NS,282.45001220703125,292.20001220703125,-3.336755507419986,4877977.619047619,12.283843681335838,18.378040646189888,24.872898518226492,145.88665922656259,0.7072052574346455,270.86073629452653,262.9095684499255,247.7191995239258,227.80650039672852,,1,-4.585908232121582,29.80877965655562,False,94
SAKAR.NS,1135.8499755859375,1229.8499755859375,-7.643208673091662,119599.61111111111,-3.725213716158293,27.251849277759742,35.52678781452479,127.87640641368108,0.6688644739376599,1138.2595673644873,1097.520116855634,972.0090051269531,884.3035021972656,687.185750579834,2,-9.749158579845362,36.78235581341911,False,94
INDOTECH.NS,3177.699951171875,4018.066930770861,-20.91470834304302,37978.171314741034,-6.392317527947943,-14.144248459843533,-1.506931517215282,188.45479104752152,0.7146175551908052,3327.152191655473,3425.9565171934332,3546.8939599609375,3174.4651928710937,2377.224948120117,24,-24.090361106277236,24.942414570124804,False,94
SHANTIGOLD.NS,325.67999267578125,333.0899963378906,-2.2246250993958383,1357008.146825397,29.613557980695116,32.36333616597147,45.594344459399984,107.92950426034183,0.6628412807322053,275.3491646470601,264.4193115509016,243.46002349853515,231.7688117980957,215.16495590209962,0,0.0,49.88142565608784,False,94
MMP.NS,460.25,498.0,-7.580321285140568,45355.75100401606,-1.4137316091310526,15.444614345456188,69.25963656050851,119.38090583251872,0.7147780300933818,457.7095042763192,440.5151469141571,373.86653381347656,324.00319076538085,283.83766021728513,8,-13.50401606425703,61.72390170693127,False,94
LOTUSDEV.NS,217.99000549316406,225.48413604918645,-3.3235733064554185,1523845.6666666667,1.561246696869234,17.504147258030955,47.40263880795117,112.76205076851546,0.6298256607108464,213.9110614013064,205.80133739177705,187.98403076171874,164.5631398010254,153.11989532470704,1,-6.357051278133053,13.52027635652908,True,93
ROSSTECH.NS,1402.699951171875,1505.0,-6.797345437084723,227661.4642857143,2.0664994058587682,27.153502848940427,44.72990946601574,110.12606007808606,0.6310674738141311,1367.5753086674044,1293.0406906072024,1131.1513452148438,1057.2588653564453,895.422890625,3,-9.388707563330566,63.935082084287686,False,93
MANALIPETC.NS,84.6500015258789,92.43921791593199,-8.426311435409284,1455352.2222222222,2.705658100552877,20.287467146635052,32.86042293945308,116.26085921787417,0.6069052980836789,84.30190027721864,82.57818036649158,74.57144584655762,68.05227809906006,61.39624870300293,13,-15.053760113045566,42.64449159513286,True,93
SEDEMAC.NS,3444.89990234375,3545.0,-2.823698100317351,213040.0,9.43833308682458,13.824546583305807,18.99070105149714,127.62652615110794,0.6045656340123594,3148.3053927784863,3075.5670566439,2962.01998046875,2724.0859826660158,,0,0.0,28.330354182177086,False,93
ARROWGREEN.NS,905.7999877929688,952.75,-4.927841743062844,60962.231075697215,1.8611175477052377,32.26023186627523,52.47263904706572,98.5632203131761,0.6180523796741573,878.181466720237,841.1095995607272,766.2837780761719,669.7209994506836,569.5708340454102,7,-13.198635528732616,27.978891092886137,False,93
DEEDEV.NS,666.2000122070312,758.7487929742209,-12.197552289263946,1413903.06374502,-0.38130658586448263,4.954173624735181,3.714423004470402,148.20480506750692,0.6134895299470449,669.1895077003937,660.3575537268841,651.6503735351563,640.2302157592774,456.7826853942871,71,-24.013162684211807,65.18219213276562,False,93
CONFIPET.NS,88.27999877929688,93.09257068463576,-5.1696627023462005,2617846.206349206,-3.8805041759641723,11.861626506105626,20.839312098430618,135.74784817853214,0.6253520778456675,87.48886082151708,85.70070374965334,80.66380264282226,74.98541244506836,57.027963342666624,4,-8.252610241640191,9.77294456688853,False,93
GHCLTEXTIL.NS,139.1199951171875,144.58999633789062,-3.783111805273409,456020.4621513944,11.733991430641666,10.976383567199587,39.636654574347844,113.61617531892061,0.6070614235637668,132.31287970426268,130.48985634212045,124.66079986572265,110.92725372314453,93.98906383514404,17,-19.06079138019281,32.28594166315881,False,93
KSHINTL.NS,1035.5,1198.0,-13.564273789649416,420689.96875,-1.0936483791855411,7.601187329954917,19.90505202335506,136.01139601139602,0.6178694663963734,1053.1296473160858,1049.2877958206448,985.2970043945312,891.7475012207032,,12,-17.28714320416841,30.61051695162311,False,93
TIMEX.NS,732.0499877929688,748.0,-2.132354573132522,529102.2432432432,2.4992964548932406,17.30630592301676,38.527764383166094,112.4655387400097,0.6025573564104638,688.6893439512041,661.6437255053931,604.5479992675781,533.3040005493164,,2,-5.748663101604279,31.060948081264115,False,93
KAMDHENU.NS,39.959999084472656,43.70000076293945,-8.55835609421447,1421325.5577689244,-2.6552988376278064,12.636155808663974,39.395024120363885,116.91991101857022,0.6084817292150726,40.07201617116749,38.98070280183576,36.184183807373046,31.92260320663452,27.048477754592895,3,-10.755150299506111,14.07686415177376,False,93
REDINGTON.NS,407.25,419.5,-2.920143027413591,5838770.523809524,1.850692455552605,13.630024256536345,50.69664390650435,108.14904011130592,0.6137968331333621,398.03149147190396,386.3837407359405,349.545,297.97085403442384,270.29004135131834,2,-5.697257186289484,39.41554461001944,True,93
PCCL.NS,445.29998779296875,454.0,-1.9163022482447722,14147.791164658634,0.06741298718397903,24.263982198548128,83.62886094555412,79.15911580183723,0.6161184234282915,442.26320152677215,424.2913752638526,354.37300048828126,310.9395007324219,270.84350036621095,4,-7.378854625550657,67.89296824436835,False,93
UNITEDPOLY.NS,46.810001373291016,51.15999984741211,-8.502733555698272,142255.19277108434,2.0937904713601574,27.028502880847082,45.64406428821355,90.90538539720845,0.5567045306865288,44.878285215548566,42.78529557972504,36.2943998336792,34.52379997253418,31.117999935150145,247,-59.73416645248141,1.8469147021001664,False,92
UNIVCABLES.NS,1494.0,1774.9000244140625,-15.826244889866093,179284.55555555556,1.1509817197020933,-7.049091357318849,19.612676462407496,130.8288932938272,0.5692064015675957,1493.9892442524729,1509.4134019407693,1501.3675146484375,1328.0165991210938,1049.0223150634765,33,-24.59293447494877,40.59797905360525,True,92
JTLIND.NS,91.16000366210938,93.86886160930845,-2.8857897078518047,4079389.472222222,3.980843579394877,10.55754162196012,14.697029008781982,123.7435249145316,0.5641611135077874,89.10780173936706,87.50787045534966,81.33567565917969,77.79576782226563,70.68362743377685,17,-15.456521737042273,19.05682896341181,False,92
DOLPHIN.NS,687.4500122070312,749.5,-8.278850939688965,121554.38492063493,3.298273810222585,9.431709463334649,85.07201228031576,73.73009628499977,0.5722981147178383,682.8811230825266,657.9991066033537,551.5659979248047,472.09449798583984,446.15499908447265,2,-10.74049366244163,92.86951874311342,False,92
UFLEX.NS,664.2000122070312,723.5,-8.19626645376209,195525.43824701195,0.7202972040447397,5.261491633443938,58.18052437761474,100.03924589788457,0.5859418371953151,659.1667950274915,648.770301066768,580.9740008544921,501.6739434814453,473.5021510314941,17,-15.96406357982032,63.914515426256415,True,92
SMLMAH.NS,6825.5,6898.5,-1.0582010582010581,102136.36507936507,8.470401271354788,31.411243742780126,67.53953207523288,81.60049959343726,0.6003134833563628,6516.299010328534,6245.413290735446,5483.9880078125,4679.19677734375,4370.14279296875,2,-4.979343335507725,48.795444590451154,True,92
SUNFLAG.NS,410.6499938964844,426.7608500985104,-3.7751485869210066,354473.6865079365,18.99449047627848,19.582566771525144,21.112293976381615,112.18048977783313,0.5702184650598061,370.19879031132996,359.30574881822696,355.3938641357422,356.8133535766602,306.0769253540039,101,-24.46261602410188,74.28243260254274,False,92
SYRMA.NS,1732.5999755859375,1803.9000244140625,-3.9525499120320995,1610728.988095238,0.21400608014503497,16.009372319111993,24.212008242726913,124.33996465965578,0.6022286340851728,1672.4167259581834,1616.018549950311,1489.6651245117187,1367.2339068603515,1088.7500399780274,3,-6.530298089351627,33.50549817507202,False,92
STALLION.NS,225.75999450683594,423.79998779296875,-46.729589190757046,1719722.099206349,2.3901260294699744,4.688152514024435,22.53581620481031,120.31813390983271,0.5606464153112806,222.54372045897065,222.21244408539937,232.63160003662108,206.9922996520996,185.79195373535157,236,-76.5644165748907,87.30966265559556,True,92
COMSYN.NS,282.8500061035156,314.8814145022618,-10.172530649158428,336805.1155378486,-7.579238559172374,-0.15300617324913723,75.64527890830558,84.85960604667171,0.5584890100059329,294.99033018737896,292.2720570936498,263.3078890991211,214.80240707397462,185.50492408752442,4,-10.728295428977608,74.2893257836425,False,92
DEEPINDS.NS,781.0999755859375,825.0,-5.321215080492426,383483.623015873,5.078361638506013,17.045029469001904,72.49520863191631,82.089404857371,0.5850116659017428,759.1604477286535,742.6780855766866,667.6080749511718,571.8418054199219,491.9312385559082,12,-16.606060606060602,73.45421727657877,True,92
CEMPRO.NS,1257.199951171875,1649.199951171875,-23.769100873514816,641124.3452380953,-0.49861882296200477,0.47953966065779063,-3.1955033156467527,146.68112528609907,0.5775984516958097,1270.1582154457576,1271.2055319158464,1309.5400024414062,1248.8963830566406,957.1495248413086,48,-30.03880166208669,74.26013959775881,True,92
AEGISLOG.NS,1365.4000244140625,1528.699951171875,-10.682274610699737,1331837.93625498,-3.5325702372160594,5.19260588706183,16.927938519088293,129.29515463655468,0.5748170756403912,1379.6335564602077,1357.8817562028644,1330.1019995117188,1145.680366821289,914.487477722168,3,-11.794330641509976,12.130035628503077,False,92
WELSPUNLIV.NS,224.67999267578125,233.0,-3.570818594085301,3982788.0555555555,4.667841629893976,16.844349950884464,41.53550631629568,107.5470817825933,0.5931513876109231,216.78830693381425,209.1821284703516,185.89019958496092,168.7456607055664,148.0058452606201,2,-6.7854066775080435,37.87430687915649,False,92
QUADFUTURE.NS,547.5,559.7000122070312,-2.179741279426395,1228148.253968254,3.6539165745804736,26.57496600417193,26.57496600417193,104.1767713824207,0.553235832125123,509.81313584927113,481.3875654873862,413.1870007324219,391.1670004272461,347.74975021362303,0,0.0,58.25985855793312,True,91
AVADHSUGAR.NS,796.5,884.7999877929688,-9.979655177575541,115896.66533864541,9.042369318798539,-1.0005578168053142,75.09452189611345,79.15210696528425,0.5489332472346653,752.6694408318948,755.7096054216363,699.2919989013672,584.3415768432617,487.346791229248,24,-19.98191571340048,81.68835027132795,True,91
VSSL.NS,411.5,428.25,-3.911266783420897,168056.52988047808,1.6802539134814998,16.06261857785929,48.680562378151194,89.8844790014725,0.5393850942095436,402.5454185302316,388.8261687151497,349.8025329589844,312.50835662841797,285.10129402160646,6,-8.920026201291599,37.74214189563481,True,91
ESAFSFB.NS,42.86000061035156,44.9900016784668,-4.7343876164705705,1189312.9003984064,9.364639224920456,-2.5244498056300357,27.94030032940764,115.81067116388598,0.5513793252574273,40.54969371267066,40.565517278765896,40.35419967651367,35.70199991226196,30.825249910354614,20,-17.515005054749256,30.922392640572415,True,91
ORCHPHARMA.NS,1064.9000244140625,1143.5,-6.873631446081108,115305.5753968254,7.59826323931585,14.653320242229672,9.467520330674017,120.72753600783153,0.5482176087471234,1048.6140010955194,1024.5623140500338,1004.1160021972656,944.7084967041015,797.0197476196289,3,-7.363353841003494,12.36616213579136,False,91
BLSE.NS,324.54998779296875,339.79998779296875,-4.487934240095215,590957.8888888889,2.5434400609695818,3.5054220164262073,39.36067233700506,103.09826987881445,0.5400293806200951,321.12303468334545,318.75759546630684,309.7348266601563,269.9501019287109,221.3807721710205,3,-6.592111448259407,16.270162275850343,False,91
PGIL.NS,1329.0999755859375,1355.0,-1.9114409161669732,293596.0753968254,15.967193429739158,15.835798091834885,31.88132483476207,97.37609844742883,0.5327871579074105,1227.0402168140201,1198.726283085357,1145.545,1018.3474688720703,895.5720864868164,0,0.0,28.738855497438287,False,91
RML.NS,1322.300048828125,1440.0,-8.173607720269093,54750.74206349206,-0.166096728718379,17.715658448301987,16.04953746378368,116.34813967313549,0.5488063912517787,1329.5950326918821,1294.9920107652893,1190.8277490234375,1101.8648455810546,934.6040252685547,11,-14.59721883138021,15.147173510573865,True,91
GCSL.NS,653.4500122070312,655.0,-0.23663935770514843,305994.6144578313,5.642231849132884,21.459110075656373,55.57359209068791,84.42574943403352,0.5529842260086435,625.272287149626,602.6249245877777,550.291997680664,489.0014041137695,415.02354248046873,0,0.0,25.110095247800057,False,91
SHAREINDIA.NS,209.6199951171875,233.35000610351562,-10.169278065414467,2161582.4246031744,-8.121849342544474,24.384713498288612,56.80356523028431,79.62012360600677,0.5295387677689128,210.59750025282887,200.76908158901787,183.57654998779296,163.72733932495117,154.01130367279052,5,-11.48489494355066,19.786899711092552,True,91
JGCHEM.NS,620.0999755859375,673.783457701174,-7.967468108877995,239600.88446215139,1.4401607751361567,6.100698414700867,45.87755249727476,95.07601791561827,0.5315782867588352,606.7870554730627,601.649455755213,577.1395281982421,499.61571899414065,427.81845703125,20,-19.266662805319633,54.17207571573497,True,91
MARKSANS.NS,336.95001220703125,350.95001220703125,-3.9891721080041354,1960492.0,5.247546034931028,3.3113654798885728,23.851750913140958,115.36105603042195,0.5448697538558189,332.8935843918927,327.9815921463872,304.5614617919922,275.3711148071289,225.94477035522462,1,-5.442372257918093,30.831847126371347,False,91
UTLSOLAR.NS,422.1000061035156,494.25,-14.597874334139483,607533.4139534883,0.8240803194384583,-4.793052826763344,30.6406679448598,113.73233802362024,0.5380893305949722,429.52957508704094,430.43926057452484,420.24199829101565,368.7479983520508,293.7042492675781,26,-18.968133535660094,54.281098546041996,False,91
NRAIL.NS,677.25,685.0,-1.1313868613138656,18832.80876494024,8.32533377746203,32.45648663583116,53.90400514970706,68.30571154636351,0.5081731686836997,637.7222131064171,608.8379473326196,536.8816760253907,492.4977453613281,471.3960598754883,8,-12.189781021897804,48.781420584433974,False,90
SAMBHV.NS,159.1199951171875,161.6300048828125,-1.5529355254581878,1707083.2589641435,7.826785403346115,28.17786039916472,46.708460686283956,75.92039854710006,0.5079894824489277,147.30761698663568,140.13049590740926,127.62240036010742,119.29430023193359,109.62295017242431,4,-8.185368178340624,27.479662889732957,False,90
VALIANTORG.NS,410.45001220703125,442.1000061035156,-7.1590123183743355,59161.847389558236,-3.797019083840336,38.19865730876473,47.141062644013545,73.64725671020062,0.5086125103065322,401.9803606088038,377.14810129934875,319.7970001220703,302.93150115966796,278.0742007446289,4,-11.524544560875116,60.90926474639875,False,90
ASIANENE.NS,487.75,564.2688840142267,-13.560713018564652,301692.49206349207,-0.9141696292534252,-0.7535915101574475,36.34102795894157,104.72558891171859,0.5255040868741307,491.51871118737495,490.0642820178457,449.4896221923828,398.95346893310546,340.4356734466553,13,-19.082555661119617,56.5690941627061,True,90
YUKEN.NS,1127.5999755859375,1153.8499755859375,-2.2749924648280184,10734.092,-1.0182563275222045,20.298688445533266,54.70504495964601,78.15665995908721,0.5163208952788313,1113.2381841995386,1066.981441996176,908.5893969726562,809.9173797607422,786.2009252929688,7,-10.789964261755735,58.084556230900965,False,90
NEOGEN.NS,2385.199951171875,2499.699951171875,-4.580549755434515,168238.3015873016,-4.1472414090144465,6.9500494750954545,17.850453197715787,114.60017073949444,0.5217049000923016,2357.811224287223,2315.155736122033,2196.745302734375,2052.194245605469,1687.3177593994142,4,-8.120974675573855,14.381159571554992,False,90
RAIN.NS,219.35000610351562,250.82236847510148,-12.547669716590704,4502555.361111111,6.007156410479708,12.845972113107518,21.207712735639372,106.9488930461691,0.5231178110282892,214.57969542937946,212.42325422607922,213.5066989135742,199.60560348510742,166.4663122177124,35,-23.83454695544952,13.211767621915937,False,90
KAPSTON.NS,535.7000122070312,616.2000122070312,-13.063940020331188,42847.940239043826,-8.317641040779488,6.026721861856754,48.70229346482478,91.11667339875251,0.5143093766724184,569.2615229249305,564.7755369834696,533.2120037841797,443.43000244140626,385.8756671142578,0,0.0,15.452588837722248,False,90
AEROFLEX.NS,525.7000122070312,584.1500244140625,-10.00599328325974,2004334.9404761905,2.8968523169615734,0.6895301263045495,11.577472335148942,120.3884132353274,0.5205619825163271,522.8904055417823,521.2123537934319,486.7830017089844,457.4948373413086,342.49812103271483,13,-21.79235007962833,39.57167401284472,True,90
LAURUSLABS.NS,2007.0,2055.300048828125,-2.350024214501645,2102320.293650794,2.7123848515864912,4.021974427490949,32.26571554689372,102.37717116090255,0.5170621649908599,1986.0714959618574,1948.5928377010846,1848.3040014648439,1635.4360046386719,1343.0972927856446,1,-3.7026271516725773,13.748380151051132,True,90
INNOVACAP.NS,1281.0,1353.5,-5.356483191725159,71201.02390438247,8.577720544459645,25.39768149452637,30.92135357130048,90.80956976009051,0.5153754232877759,1224.2439484569147,1178.0108456447704,1069.155,994.536498413086,850.4354898071289,2,-9.390467350272447,33.95962864615187,False,90
RAMRAT.NS,570.0,602.4500122070312,-5.386341032370967,209367.812,2.748986029743117,8.8409369321659,41.70444767102659,90.37416781579273,0.5070408741703257,551.7901579879834,540.2622917966206,494.1196008300781,452.6757800292969,388.9772508239746,19,-16.988962408443463,50.515156063193544,False,90
RUBICON.NS,1676.300048828125,1899.0,-11.727222283932337,495739.093220339,-4.271596585042703,-8.946222225522815,19.605202017364732,118.52465602128936,0.5107501891011633,1721.5300729901646,1738.7352447584888,1684.54173828125,1458.30865234375,1110.9544714355468,20,-14.04950230795814,38.19180533390922,False,90
IKIO.NS,205.42999267578125,238.8000030517578,-13.97404101738805,662382.4007936508,-2.2925124015309106,10.363163935416653,35.28481028557899,91.40034395894557,0.48988962216182164,208.59522934513205,208.85977098611008,206.31799896240236,186.9202993774414,169.1562995147705,10,-16.587102221169758,2.0513288508741123,True,89
BALAMINES.NS,2189.60009765625,2629.800048828125,-16.73891333936335,314943.3531746032,0.8335297101657924,-9.736991772507398,8.082316609677598,125.17887186630574,0.5063219834594067,2214.4003058536614,2239.708695907552,2230.9239916992187,2116.6110888671874,1625.2661697387696,14,-20.86850858006022,9.650141223817377,False,89
RGL.NS,167.47000122070312,173.8000030517578,-3.6421183658838063,1742575.2222222222,9.172104226883683,25.155073818284812,43.5416163958418,72.15255275716974,0.4787173120796577,160.15290261199175,153.26243270413175,134.90199996948243,122.38299980163575,117.36024982452392,2,-10.247409232374938,40.82273184007437,False,89
MVGJL.NS,224.3800048828125,233.99000549316406,-4.107013284647454,132729.476,4.620694552013993,45.91922913993005,54.149497558551786,61.855296097325166,0.5063288298968301,212.46464037505618,201.19289554559302,175.73739929199218,164.64559967041015,166.74534996032716,13,-20.872691333009318,27.307875653409774,False,89
KRISHANA.NS,187.24000549316406,206.38999938964844,-9.278547387526592,1020085.0079365079,4.085833636363101,-2.438512255331249,36.075579351576906,99.06264572146569,0.503686130066294,184.94748494008053,184.76084612403216,181.78319946289062,159.4275552368164,132.71875984191894,21,-17.045395988089584,34.49194272832072,True,89
INDNIPPON.NS,1318.199951171875,1564.0,-15.716115653972185,68786.93227091634,4.6190437437996,24.100923721335832,31.635701920736214,82.96896784465208,0.4796038683272883,1271.9428193169645,1237.8632909515557,1176.7039965820313,1053.063998413086,914.4639099121093,11,-22.320970306006238,13.515754560530691,True,89
SUDEEPPHRM.NS,1164.9000244140625,1378.0,-15.464439447455547,535035.1196172249,0.8571449709144918,2.7158142572229593,37.53210372201767,96.9386256793919,0.5066395873689811,1171.6177742996767,1171.0637280310539,1082.70970703125,925.2575158691407,775.6163171386719,14,-21.21915997199293,56.40847027373459,True,89
MBAPL.NS,168.47000122070312,174.94000244140625,-3.698411529901613,1095991.1984126985,5.412334814211706,3.4955169456174717,49.88434068830034,83.1024537737139,0.4944662058652033,164.08828341361016,163.01448821853103,161.33619995117186,137.56974937438966,114.78772521972657,24,-13.021606528745034,50.20898910282252,True,89
QUESS.NS,340.8999938964844,388.75,-12.308683242061901,697069.0952380953,-3.0570169732931918,-4.496433047111892,28.61075969916169,105.50767231137952,0.4958130852754862,352.1083799160935,350.9740236364955,336.814931640625,288.99500015258786,241.54486724853516,19,-16.655948553054667,31.295430946326054,False,89
CNL.NS,1098.199951171875,1327.4007679287436,-17.26688896786689,82917.9156626506,-2.5201220885776032,-9.602137847773307,48.844499016535934,95.18486573527511,0.5055485622065841,1119.2400271686654,1133.9849349917674,1120.928250732422,917.2290777587891,789.3827264404297,18,-20.933729625994246,63.08946799795721,True,89
TARSONS.NS,332.75,375.0,-11.26666666666667,483205.4682539682,8.70630296148116,1.0170024789279086,24.165085311204383,99.89786530044624,0.4828270250547352,326.9204917836775,325.6416259435523,324.63999938964844,283.83479949951175,245.5005499267578,30,-23.43999837239583,37.19442330816967,False,89
ATHERENERG.NS,1497.0,1744.0,-14.162844036697253,3907987.753968254,-8.719512195121947,0.1136862914708825,31.252460296513497,98.54111405835543,0.47942969751078207,1548.6135598927258,1556.3595628259309,1480.4919995117189,1257.5415002441407,999.0624990844726,18,-15.080275229357799,51.28879646867253,False,89
ACCENTMIC.NS,674.8499755859375,731.7000122070312,-7.769582571089018,46423.694779116464,-1.0121047912082903,13.658943256578947,39.7924949010013,86.5571290757597,0.4919117827279923,672.5958601376728,655.0242663258177,588.3059967041015,527.0497659301758,443.1119273376465,8,-13.215800272485223,30.139323984289025,False,89
TIRUPATIFL.NS,78.27999877929688,83.9000015258789,-6.69845368816655,533323.3614457832,15.66193620910854,12.390519833960711,35.01207208922577,82.38583904678782,0.4750225483318586,73.73162645089019,71.61957966241087,70.48459991455078,60.65209987640381,49.56289984703064,46,-25.45887988305111,77.55280320032585,False,88
ENGINERSIN.NS,315.6499938964844,318.8999938964844,-1.0191282728763462,5035993.55952381,19.485027317051305,28.86635578508667,32.26730165903522,74.73691821655888,0.47296731673056586,288.3888602275577,277.0516920925301,251.629248046875,244.11351119995118,223.47520294189454,0,0.0,43.1101523593443,False,88
EMUDHRA.NS,653.4500122070312,689.0197024138545,-5.162361842805263,329980.8964143426,6.520498688408294,16.843989665986815,46.51345565180074,70.52264037511995,0.461839406476264,622.6729224069719,590.8731733165386,533.6749975585938,496.3881591796875,497.5114471435547,247,-47.23549271274203,5.454413592391982,False,88
UNIPARTS.NS,847.2000122070312,915.9500122070312,-7.505868124215986,206593.18326693226,1.8881554067385675,4.812572683599492,27.19188084660773,93.4223827635404,0.4667784743679224,858.4719963826449,857.2618026708207,810.8559802246094,716.5495825195312,593.7695007324219,18,-10.7756985525016,39.97751552846851,True,88
KDDL.NS,4033.39990234375,4270.0,-5.54098589358899,31321.52,4.535558895636971,2.3890247295236477,25.434498863134493,94.65848763861082,0.464251055498531,4001.0758145508576,3943.336698744504,3746.9901513671875,3321.24482421875,2826.9463073730467,2,-6.934428516539814,36.33838395501967,False,88
INDOBORAX.NS,449.95001220703125,542.7999877929688,-17.10574386036128,225887.50996015937,-4.792635125680311,-10.546717255063365,29.521556118011794,101.14648608366004,0.4672645430528685,465.54378417062645,471.4700440864579,454.2929998779297,394.06611328125,313.22866439819336,14,-18.469049788968807,16.292099936605453,True,88
KROSS.NS,267.8699951171875,283.0,-5.346291478025622,926796.1944444445,11.990464644443865,24.526983569864313,45.7954614631479,69.23805735600313,0.4753830455976287,253.9288837225811,240.16549387546206,216.37260040283203,202.44080032348631,197.51390022277832,2,-9.010600706713777,40.45277819131072,False,88
FINCABLES.NS,1460.9000244140625,1498.0,-2.476633884241486,606814.0992063492,3.521830708746565,13.952893818849098,25.816895136160745,89.4787964494613,0.4667934895527722,1424.7784103655074,1372.8597596676643,1216.2201318359375,1142.7911901855468,986.8010641479492,10,-13.277705234583614,40.975139211857496,True,88
GREAVESCOT.NS,234.77999877929688,269.68934059737177,-12.944279421926508,1666956.2896825396,18.966299223800466,22.81215725692036,7.602740703173749,96.25612473623353,0.4724233347920966,207.3613725124648,202.1606521479532,206.13647277832033,202.42837310791015,181.81514404296874,53,-33.734864597162805,54.415047283454456,False,88
PARAS.NS,1321.0,1583.9105379095645,-16.59882497256141,1748246.2222222222,-3.7662965695991146,-9.134684576133568,2.5490493374169976,122.05755779063891,0.47384171345294046,1371.4772094078949,1387.344886397429,1359.5328125,1209.9792108154297,947.8290399169922,25,-20.95513161668954,21.548123141014884,True,88
WSTCSTPAPR.NS,731.9000244140625,777.0,-5.80437266228282,142319.43824701195,-4.73772796527947,20.606419025951883,37.65949752897215,80.86635215714738,0.47291901130213027,730.146320642658,704.439002622675,632.6668566894531,569.5366302490235,498.5474281311035,4,-9.009009009009006,31.35225500268959,True,88
RAYMONDREL.NS,711.2999877929688,741.9500122070312,-4.131009355049386,733536.7619047619,20.907700586811085,25.80473241579815,15.238326248983714,88.9212981590533,0.4739173368015717,633.814937639456,608.878802400103,608.267998046875,612.2072607421875,531.5990089416504,0,0.0,10.604884900655343,False,88
RSL.NS,183.4600067138672,202.22000122070312,-9.277022249822487,783286.6992481203,1.2416532843866568,6.6657564368815425,42.58753788167184,79.6547209246292,0.4609546635016821,184.51001469686187,181.46623760144638,164.79724365234375,147.3901166534424,,3,-10.631984902687686,34.66256857567236,False,88
OMAXE.NS,118.52999877929688,138.88999938964844,-14.65908323120707,1515755.3545816734,1.0399806036086146,4.542248765774826,46.604825004711174,74.69418046413932,0.4487156750058491,119.11158240068096,118.02113118922576,105.71460021972656,93.02850051879882,84.7189501953125,15,-18.5542492305512,50.72944277511626,True,87
OMNI.NS,533.9500122070312,764.8499755859375,-30.188922108812,1087494.13986014,-3.991730869817056,-7.252040839802176,-0.4474621959820957,117.73438058542905,0.4510993232043485,548.4414759575967,551.1592084719465,571.497998046875,528.0934994506836,,36,-32.92802296201943,38.421630859375,True,87
63MOONS.NS,857.6500244140625,955.732564747902,-10.262550838132334,372727.39285714284,-3.0630093908943223,15.318254197455094,31.292849433109282,82.78544481970447,0.4525938265821616,862.6252513631817,853.1988906743768,820.1458996582031,741.948941040039,694.1062490844727,39,-22.845666657474762,41.52402301756044,False,87
CENTUM.NS,4802.2998046875,4999.5,-3.94439834608461,66324.192,10.823160665981725,41.165229505399026,27.095033521505528,71.49648671536113,0.4604246671027409,4575.377662250294,4313.798566108294,3833.1382275390624,3634.2837768554687,3092.57306640625,2,-4.920492049204917,35.05968800529424,False,87
APOLLO.NS,395.6000061035156,466.21327810672074,-15.146130605709828,9311527.623015873,6.782652060622585,2.4571740297448574,-6.805575955057974,117.3052880384219,0.460501424408626,395.438583179283,394.8864758291037,392.4244055175781,393.38543701171875,318.027544631958,60,-22.529477120049535,38.54086550076132,False,87
YATHARTH.NS,1121.4000244140625,1184.0,-5.287160100163635,528279.7182539683,-1.5884138293933758,15.245880322918982,30.685293718697505,81.8137899286362,0.4482143876870819,1094.9359398478814,1043.9799677518513,932.1338842773438,882.3080340576172,783.3681799316406,5,-8.58107901908256,35.92925632234925,False,87
GNA.NS,617.6500244140625,648.0,-4.683638207706409,298417.6984126984,10.580975367060553,12.957212546229835,39.97734264341359,74.39783062110708,0.4540187508741893,578.7230089524126,564.0929843102265,544.0350006103515,479.2600573730469,431.9349090576172,1,-8.950617283950614,16.889605590765242,False,87
KMEW.NS,2865.10009765625,3175.0,-9.760626845472443,158964.45238095237,-0.7104241511722509,-3.4994914901902985,25.00982676976129,95.4099163191412,0.4489597384542958,2893.7487232549047,2873.823844071268,2734.644013671875,2423.8080029296875,2074.9267462158205,16,-21.612596887303148,38.869777251553074,False,87
PAUSHAKLTD.NS,667.1500244140625,826.75,-19.304502641177802,33801.014492753624,-6.8681444613203135,-9.624761124095249,34.86599351209667,94.32199526167753,0.4557682948734893,699.2773378587376,714.505050749855,702.0085205078125,594.7762719726562,544.1708093261718,16,-20.65315996371333,47.60875476212269,True,87
WOCKPHARMA.NS,2265.60009765625,2422.300048828125,-6.469056186812372,1291957.2857142857,8.60457272408308,15.474011093590722,16.699292735408044,92.70223626342936,0.4604594181712061,2198.561902527692,2134.661462383013,1997.2699975585938,1923.968992919922,1645.8694927978515,84,-26.00421135766394,69.3196934599882,False,87
ADOR.NS,1638.9000244140625,1766.4000244140625,-7.218070552410316,37064.653386454185,2.9395169616092343,7.033704067176938,33.23570624743222,83.25217641381164,0.4497227494935063,1604.8280796588188,1601.0521984562931,1559.8260009765625,1359.908974609375,1179.5319247436523,18,-15.811823197906282,31.390316488080906,True,87
QPOWER.NS,1517.800048828125,1568.943822130586,-3.2597580984773056,680698.2896825396,-1.124803334164326,11.424094070052671,24.171901406826123,88.59330526436173,0.4486123100838664,1491.8864638045059,1456.1497821621572,1315.6625732421876,1238.977271118164,1056.642496032715,14,-17.726120960383874,21.799744326786417,False,87
TATVA.NS,1793.199951171875,1835.884327566065,-2.3250035829206595,123564.06746031746,1.299288251859565,12.26638736157184,50.32771986406346,70.59711394982318,0.4592036783664863,1727.4183027306588,1696.0786663080796,1687.8043676757814,1457.338858642578,1353.1547760009767,39,-17.206112761191793,55.32363288445523,True,87
SBC.NS,53.02000045776367,53.7400016784668,-1.3397863755401085,11368627.063492063,7.676682880678931,27.913147121504966,28.129528973399353,75.50480656920942,0.4499107903207246,49.02574955973904,47.32565590260674,43.430600051879885,41.24940013885498,36.00780002593994,0,0.0,26.208051835572288,False,87
TNPETRO.NS,132.92999267578125,145.26368311165538,-8.490553297064608,554657.2380952381,5.726548259453779,23.26771728469732,40.80366231429584,68.17921200924322,0.4473898178087088,128.84335801095057,126.27854598460634,113.24146011352539,101.9990534210205,96.93058166503906,13,-18.225730857777968,45.89097248752631,False,86
RISHABH.NS,711.7999877929688,852.0,-16.455400493783014,162592.776,-6.917748603322971,3.0847194486558704,24.82454171487214,91.71935245551559,0.4406027252606676,743.5813680665736,744.3985511620626,698.7570971679687,630.5149127197266,521.0217512512207,12,-18.6971816658414,26.995991387111175,True,86
CPPLUS.NS,3687.5,4094.0,-9.929164631167565,269007.4484126984,9.907302097363724,1.592419472840012,1.1564003591373773,105.14786123099991,0.4371527870444555,3666.5392813471376,3650.0697947006843,3588.412001953125,3407.0468139648438,2555.557607421875,31,-20.59110893991206,5.4694964069585295,False,86
KIRIINDUS.NS,557.5,779.0,-28.43388960205392,985345.9642857143,4.842501175364355,15.880272901107762,46.15283317841865,64.79456698685317,0.4342398144602485,547.1966063994527,533.714075357927,478.17900024414064,435.6225003051758,450.4514997863769,185,-57.15019412157012,26.560316180547684,False,86
DYCL.NS,456.95001220703125,560.0,-18.401783534458705,580428.9246031746,-0.09837815816738926,1.9408839279489776,24.428070099628286,89.94778615226522,0.43685874460567636,460.6496663747519,460.0782892223684,445.6040020751953,393.29366424560544,352.78772300720215,18,-25.598215375627788,53.25982393201485,True,86
TALBROAUTO.NS,457.3500061035156,485.79998779296875,-5.85631585103652,210078.27380952382,-4.059157878752451,12.063972226069076,9.675353468572157,97.5623017605342,0.43934405402123905,453.170280491488,440.8169206474077,420.97654418945314,394.49860107421875,331.7578578948975,4,-6.937007520843109,20.954486394592475,False,86
AEQUS.NS,246.0500030517578,274.3900146484375,-10.328368411288713,5284240.189054727,6.207107090459707,-0.24730422496351823,4.8583036231837795,103.41435591441126,0.433944833167729,237.98579368750447,237.62324428300815,239.69440002441405,225.92670013427735,185.74919998168946,56,-22.223844794227965,25.87552528837973,False,86
IGPL.NS,593.1500244140625,604.7000122070312,-1.9100359781395793,46705.772,7.816049821282323,13.641155386885927,31.408814283366283,77.63840651375737,0.4398784295001825,569.8880520706031,554.2007625950577,508.95661682128906,472.20002410888674,424.24402770996096,1,-4.498100158416863,25.259005032418113,False,86
HLEGLAS.NS,441.1000061035156,660.3165096389808,-33.198700976796545,321351.40476190473,-1.0536504233570887,40.44504493737335,15.590440341945078,76.17179851255503,0.431294954527445,425.31018359864163,401.98314654298935,381.51633117675783,374.51557708740233,366.48814750671386,226,-62.23279835285147,25.85366016724533,False,86
GKSL.NS,178.02000427246094,186.99000549316406,-4.7970484823751995,841722.8181818182,-1.7820666082974168,16.85703594058907,37.64787887733163,74.27312933261283,0.4419681592353269,175.46122897932347,170.8380518495785,151.54340072631837,142.42720069885254,,4,-9.12348912573645,42.90952501959422,False,86
MSTCLTD.NS,740.7999877929688,795.731978165477,-6.903328241143636,514245.5515873016,2.313376187058158,3.762990606394445,5.64253830360808,104.8457433418792,0.4461499456781881,734.1157257272895,724.2062705604823,670.6597277832032,616.0132015991211,531.4078535461426,13,-16.645964643388965,19.22663888693732,False,86
ELLEN.NS,368.5,516.5,-28.654404646660215,440150.7609561753,-1.2329150437588976,13.106204360622996,39.135356431131505,76.4170774539855,0.4480538727868236,363.8660898185791,354.2547589124387,321.17500061035156,297.1890010070801,280.4956502532959,250,-66.11810261374637,0.0,False,86
EXICOM.NS,160.99000549316406,189.1699981689453,-14.896650075882567,2103404.9285714286,-1.6434428781687105,3.106190676619902,-5.760110186981127,111.10674138924406,0.431715573471104,165.47937756195532,166.34948284702773,163.4669989013672,157.6166990661621,130.45039943695068,13,-17.381194270271017,11.400709319408953,True,86
JAYKAY.NS,203.75,219.6999969482422,-7.259898575237466,330085.854368932,21.874631490827024,30.01119795751437,16.010928847807236,72.21706043827072,0.41879805570236034,186.27211914439022,175.46531962777522,161.52489166259767,168.7529460144043,166.22167297363282,205,-47.41920880850942,0.0,False,85
ROLEXRINGS.NS,195.35000610351562,196.8300018310547,-0.7519157210644112,2794149.753968254,13.522782441220006,8.269142622282576,30.59901304464252,75.99099648965371,0.42582209277832755,179.04041477454314,176.05091107017373,166.45719940185546,155.19990036010742,142.7005503463745,0,0.0,42.64330810999921,False,85
SPORTKING.NS,213.6199951171875,240.46267240987245,-11.16292895844191,377780.504,4.792734226709139,-4.31681537754629,22.768604883243636,87.52765235198532,0.4145755275292887,211.01080676204106,212.2106848479868,211.77805725097656,192.57646835327148,150.9924242401123,38,-18.736285481356507,31.42742238589502,True,85
LLOYDSENT.NS,79.66999816894531,84.69999694824219,-5.938605620458959,3794086.864541833,15.732135977894712,9.226755555629929,7.997956391293148,92.66333639571154,0.4288328618458802,72.9182166307167,72.50173905284679,75.66180038452148,74.04564979553223,65.98715812683105,34,-22.18417232956319,19.02889092404203,False,85
WELENT.NS,754.5,841.9000244140625,-10.381283035938893,322002.15079365077,-8.362176186006486,11.51345362473608,26.064545814997373,82.37287945554257,0.4223498863306281,769.1529587493955,752.1943019808799,670.192998046875,611.5529342651367,546.6083352661133,4,-11.56907252519087,31.484589185220525,False,85
MPSLTD.NS,2666.89990234375,2979.0,-10.47667330165324,36457.1,-0.015001929931013347,0.2518589314657982,41.21789263138736,76.54573980178321,0.4303253530342954,2639.9737867123804,2650.0744340467963,2689.1819921875,2268.235997314453,1998.739994506836,34,-16.985565626049016,58.02714007087029,True,85
APCOTEXIND.NS,599.4000244140625,712.0,-15.81460331263167,116807.41035856574,-0.9010418106730422,-2.002779287344103,18.01536357888338,92.86401362460002,0.420595544849689,604.1900003582797,607.061531150082,609.517998046875,558.9564556884766,463.0791377258301,41,-21.22893601321103,19.669597186865605,True,85
SHANTIGEAR.NS,666.5499877929688,743.0,-10.289369072278765,115678.30677290837,-4.785372556839073,22.34765101468148,50.87001912960372,55.56663186839916,0.4147865143349317,672.3248024282108,643.2775272000151,521.485,481.27290710449216,466.78126693725585,11,-13.149395990179169,67.96712721901623,True,85
RPGLIFE.NS,3050.60009765625,3127.800048828125,-2.4681869034690718,24318.805555555555,8.856701540166378,18.811340614953664,34.383882784828266,65.83682060151136,0.412978313530604,2859.9244275922465,2794.701027575687,2752.6619970703123,2544.040524902344,2302.0693225097657,0,0.0,10.201580502334195,False,85
PAYTM.NS,1674.0,1855.5,-9.781729991915922,3507631.662698413,-9.508623281940709,-0.29779630732579276,46.64914586070958,74.5568300312826,0.42807054181066684,1752.55967080608,1726.585042917002,1584.0219995117188,1369.2,1267.9290008544922,7,-10.600913563561033,41.27861089187057,False,85
JASH.NS,593.8499755859375,603.0,-1.5174169840899698,199072.228,13.94990842677457,22.779211482062678,17.297349234446592,75.43273364840277,0.41313131368785083,555.9104661394446,532.7198025971638,503.86384826660156,484.31356323242187,441.2301263427734,3,-5.116082186722637,15.454399035829747,False,85
AZAD.NS,2728.0,2986.60009765625,-8.658678403552845,361944.92063492065,-2.232736542232794,-2.6548638644158795,32.730011929665935,83.82749326145553,0.42595754456375545,2731.4186822022984,2736.8577531283518,2644.0240087890625,2390.960008544922,2031.093507080078,29,-14.451218226201433,39.2575892401791,True,85
SOLARA.NS,739.1500244140625,774.0,-4.502580825056524,266123.876984127,-0.3908043159641328,20.805761854646843,28.391524881234844,73.69287877260169,0.4211668091274409,727.7631941902837,701.3251855214218,607.9750012207031,585.0805001831054,544.7337504577637,8,-13.56589147286822,28.095920441960942,False,85
EBGNG.NS,669.0,730.0,-8.356164383561648,461962.33864541835,-4.843181620678106,15.295131408875484,6.9629845619945785,90.02983189802612,0.4067553624751611,678.2115783479176,661.252256448603,604.9720031738282,552.5050009155274,447.9342504119873,2,-9.684933179045373,27.59144057342775,False,84
PANAMAPET.NS,473.3999938964844,595.8726432274872,-20.55349422783389,355036.64940239047,0.6805575513350259,0.5629301957481347,13.271011427086421,90.08827092616616,0.4019725359287552,475.5799711401673,476.4941888323145,477.67746704101563,425.9090637207031,352.7815315246582,32,-26.687353234181156,28.454949333894586,True,84
SANGHVIMOV.NS,456.0,525.873954285097,-13.287205748778275,388250.34523809527,5.874155346159449,2.552570844329738,4.435117807980582,96.28877247003558,0.409439740338903,439.13255933888377,440.9237023097916,453.4901513671875,422.40903228759765,358.19554946899416,34,-24.829898006574215,21.51597192113366,True,84
MAXESTATES.NS,594.6500244140625,652.7999877929688,-8.907776419467107,126553.372,0.10943171953914366,6.558558806863024,40.264183816952404,68.1702528704086,0.4067001122657568,587.6033597626111,564.2660549563215,487.1370025634766,460.50050079345704,431.00375,1,-9.75796773869323,58.0727751145504,False,84
PRECWIRE.NS,502.6000061035156,524.9000244140625,-4.2484315628371405,1002777.6507936508,5.058531044268277,18.874177061145602,25.31277028303578,72.33187274862858,0.4080726870101812,481.25767802482915,471.0677405317821,435.91680786132815,420.3472381591797,357.01879028320315,19,-19.927611308049965,31.614317126495184,False,84
AKUMS.NS,819.5499877929688,838.7999877929688,-2.2949451931502995,267296.944,4.574451324171602,7.665524783263855,32.139159413327036,73.59022734393388,0.4106838885064159,799.8884735199443,782.9964387408631,740.22099609375,663.4580017089844,567.786300201416,2,-3.4334749895200467,23.888345935754707,False,84
BLUESTONE.NS,809.2999877929688,969.9000244140625,-16.55841144226341,1630915.6653386455,-2.1993972455626842,1.0993114044932861,48.26417953472166,65.16326281489158,0.40544481542715527,843.0653675044528,841.3337737080352,821.7240063476562,673.3360043334961,576.5175021362305,2,-19.89895815464027,11.067835118468029,False,84
UNICHEMLAB.NS,549.7000122070312,687.2000122070312,-20.008730727230496,259809.1507936508,0.7330034653696194,1.8434483014416303,19.05999516424961,87.32322008533897,0.4108927659023576,547.1736485630936,544.0609394296276,537.0780010986329,487.3659994506836,431.5372499084473,56,-29.816650287301314,78.76080608999865,False,84
DIVISLAB.NS,9619.5,9740.0,-1.2371663244353237,389186.0876494024,2.6080000000000103,6.175496688741733,46.81818134393683,61.05323902342599,0.3996264935029979,9452.047233860038,9294.186545907152,8681.9601953125,7711.167465820313,6976.750495605469,1,-2.1560574948665256,22.55264837268667,False,84
GNFC.NS,630.2999877929688,636.0,-0.8962283344388755,432311.75396825396,7.030049526674409,13.27542998348832,20.279574403603775,78.35973264783978,0.4078585632958215,599.0924690339135,583.2040390133174,547.8131915283203,523.7727066040039,483.4113522338867,0,0.0,28.081375576511824,False,84
HAPPYFORGE.NS,2063.5,2470.0,-16.457489878542507,79871.5992063492,-3.9473093562690464,-8.321487682819384,34.52249314841529,78.93668948020031,0.3987239526441394,2120.721228613923,2141.1937611461417,2032.2079956054688,1741.9344897460937,1472.6642651367188,18,-17.19028241238614,62.230663067052895,False,84
ONEPOINT.NS,69.5999984741211,72.4000015258789,-3.8674074485440024,1608576.6334661355,16.70019984306268,25.315083411644302,21.89141914892565,68.15655834855588,0.4056308575073517,63.552996327254256,60.77858095939248,57.52079986572266,58.00490001678467,54.485700092315675,1,-5.511046657013308,21.42606050318181,False,84
AYMSYNTEX.NS,293.95001220703125,330.0,-10.924238725142043,48791.304,3.8142392877801745,15.297123249900068,35.49205639175879,64.43836498092439,0.39863811488655426,289.20222114079183,285.9466000017668,267.6248016357422,246.86590042114258,215.09430015563964,12,-20.833333333333336,32.65095078615234,True,84
ABDL.NS,715.0499877929688,753.7999877929688,-5.140620937585194,519736.6573705179,10.415382141730877,17.703701694315853,7.05943429486624,81.65001879625365,0.3936011635999759,665.6990684834349,646.6498525351485,623.5510021972656,611.1620935058594,558.6654118347168,0,0.0,15.423726843094233,False,83
AVTNPL.NS,92.58000183105469,102.0,-9.235292322495404,193229.984,8.02801065088441,8.103692773081805,31.47531854034844,67.01937894230912,0.3867388675873299,91.67843128791601,89.6959251026886,81.86939193725586,75.62995880126954,69.88693685531616,2,-10.196079927332258,39.31193485888065,False,83
AARTIPHARM.NS,939.5499877929688,962.0,-2.3336811026020032,346189.6150793651,14.523398321934987,15.774778095522235,38.49390984716858,59.10597078899722,0.39797856721047414,883.7239948649366,859.7359616084818,799.6672106933594,739.7200866699219,729.055185546875,0,0.0,41.17181990343126,False,83
VARROC.NS,834.8499755859375,912.2000122070312,-8.479504010743044,273984.780876494,-3.0990670982920743,2.668628238375992,32.15650105101571,71.5649385285034,0.3849674466455207,847.0710630184351,842.012884346818,792.3262756347656,697.3271435546875,623.8841772460937,3,-9.559308379754828,31.510711824226867,True,83
KENNAMET.NS,4207.2001953125,5136.0,-18.08410834671924,26767.508474576272,-1.7353685551208642,-6.819337239136258,37.476722157474576,72.207390850011,0.38588568683907437,4340.39780946067,4324.202171079211,3819.4780078125,3367.7232861328125,,11,-20.167441680052566,80.59985281407147,True,83
PARACABLES.NS,59.810001373291016,75.69999694824219,-20.99074797296957,1810321.6825396826,-3.5633651534357713,0.7411191667883621,-13.34395206856418,109.4187762314704,0.3955621219003301,61.63406572365124,62.56389646399549,63.84560020446777,64.49129997253418,50.3902000617981,61,-23.011887544534204,54.95903641966571,False,83
SONACOMS.NS,824.5,844.0,-2.3104265402843605,2189766.1428571427,2.0420792079207883,0.6715506715506692,33.00531820099992,71.73342649337984,0.38933484112754124,808.3520279848598,802.2996427653005,788.7030004882813,702.7468963623047,607.992975616455,26,-10.065167323107971,32.725074592501,False,83
PRABHA.NS,230.8699951171875,262.79998779296875,-12.149921673868336,181071.796812749,-0.9184152783565103,11.606881193074138,50.3059804317959,55.551811053379765,0.3954205326166985,231.58406316811693,226.50057489195953,193.4268005371094,175.71980041503906,170.6437875366211,12,-17.039568341146595,65.79036436118015,True,83
ARTEMISMED.NS,357.70001220703125,378.79998779296875,-5.5702154873008,318852.2955465587,5.672086324086045,10.57187394344088,36.443888476802314,63.339552745787685,0.3895057106245255,340.45252280068456,335.1391212169497,316.30000061035156,292.43679733276366,267.8496701812744,0,0.0,18.38491458966507,False,83
NILKAMAL.NS,1884.0,2149.5,-12.351709699930213,36622.0843373494,-0.18543046357616388,-10.14880026100039,51.27718459905643,65.81750577669423,0.39661854591836926,1920.0385436103224,1945.292009866298,1890.0960034179689,1578.5361486816407,1452.0936016845703,15,-14.766225839221326,63.613114606450736,True,83
AEGISVOPAK.NS,287.5,320.95001220703125,-10.422187547839712,1217618.4047619049,-8.715672691889619,9.108159392789371,22.591005030749244,77.98258941543163,0.38920401884766337,297.7047662613278,294.07704272108555,286.44519897460935,256.8771148681641,234.5663674926758,4,-11.63732814548788,4.879896548534113,False,83
STYL.NS,381.8500061035156,434.70430029318214,-12.15867755483887,263467.0843373494,5.9664214335614085,-4.525567083655013,23.97544441310164,80.29460626741307,0.39002004557520864,369.6759392399769,373.90777886064683,380.49590881347655,338.4170697021484,295.4282411956787,248,-52.197970082470555,0.0,False,83
NELCO.NS,976.5,1120.0,-12.812500000000004,262508.43253968254,-3.4935985016422255,1.6763822549629825,5.022586881064739,93.22884016325258,0.38784228730448833,981.5819365095673,969.516812005016,959.9439953613281,870.7155786132812,764.2485084533691,29,-21.83035714285714,16.89995908338875,False,83
TDPOWERSYS.NS,751.5499877929688,817.5499877929688,-8.072900860554277,2510099.3055555555,-1.597382940364156,1.4785326178775593,21.502691317182897,76.72729856166993,0.37277695049361936,750.4687125762329,745.2300917745168,692.9152221679688,652.4582824707031,535.7406640625,8,-16.82465780034983,28.623546632261988,True,82
DELTACORP.NS,76.83999633789062,85.68642021255008,-10.324184220458022,2904518.380952381,31.7106550169971,28.409084461821376,21.63249532325402,57.03263071549707,0.3815568327723902,64.8365250994709,61.69141886667142,60.48278701782227,63.71800762176514,64.05736276626587,87,-39.71040017862046,46.24684715810965,False,82
STEELCAS.NS,376.5,390.8999938964844,-3.683805096271675,132657.1952191235,17.693031317103024,10.784167496916597,24.414160430068144,65.60367918330216,0.37491856433434934,342.86906382561324,336.3537313421364,331.0915051269531,311.7152178955078,271.868039855957,0,0.0,21.633259094283595,False,82
ENTERO.NS,1821.800048828125,1920.0,-5.114580790201828,159804.196,5.1665414464743264,10.546119467726033,51.804023488847115,47.19238270173756,0.37044038165541804,1805.0201690928168,1757.6053172442696,1529.472001953125,1357.0770068359375,1241.5170040893554,13,-16.10416412353516,52.87485503045073,False,82
AGI.NS,803.3499755859375,930.3813765741671,-13.653691291197411,246103.96812749005,7.824976679171347,9.908070123930091,17.625401558718522,73.04276397526144,0.37268837750423284,793.9045113048385,773.8272203477039,730.8685229492188,687.3174798583984,646.8644789123535,250,-50.47923388079181,0.0,False,82
RSWM.NS,218.33999633789062,238.0,-8.260505740382095,76836.62948207172,-0.9346631649914117,10.445644009036247,13.358598019835233,80.84982213773064,0.38343170746350935,220.06900958986253,216.71868951231377,211.38940002441407,199.63679962158204,173.52069995880126,37,-19.747899159663863,9.118284409587552,False,82
SHREEPUSHK.NS,506.04998779296875,542.9660166810689,-6.798957532140393,121709.15476190476,-1.6041221457934407,12.356459163992795,24.694995467447022,68.64656477983367,0.3717800417038679,499.75712195214714,487.3359858951086,440.0764526367187,410.81428894042966,376.9194676208496,13,-13.793103860086209,25.814012305934963,False,82
RRKABEL.NS,2528.300048828125,2983.800048828125,-15.265768233327016,448448.97222222225,3.162232677327448,-10.663935493944576,5.556951418236689,95.96979474951534,0.38238439494220977,2480.925803113526,2516.1323267296975,2618.4219921875,2398.759022216797,1929.0741217041016,24,-21.569813228906586,14.690478613377289,True,82
GRWRHITECH.NS,6640.0,7975.480119830348,-16.744824133029823,80967.92857142857,-1.2565990036433883,-5.7844573647358395,-0.3805528051814,96.66770167965689,0.37270363456996825,6580.922459663047,6712.539598221423,6957.496962890625,6598.944072265625,5150.76069946289,36,-21.760196173208747,17.5853192824992,False,82
MANINFRA.NS,129.9499969482422,152.35742757543375,-14.707146861020215,1349394.5418326694,3.4304342403147503,12.549799046134048,24.736030492971818,66.67631527341176,0.36944338490514533,125.58000744508809,123.61529341889398,114.05880004882812,112.53007843017578,111.2320482635498,250,-49.688393011991295,0.0,False,82
KISSHT.NS,348.3999938964844,373.0,-6.595175899065852,3387238.9702970297,-2.1485729978265256,14.945558192267994,24.651160606971146,66.99419342494896,0.36967279890741883,345.23422304340465,336.3279843901171,321.18199829101565,296.67809997558595,,5,-10.804286271573392,4.674406638773343,False,82
VADILALIND.NS,7534.5,8379.661952680708,-10.085871690925853,18061.764,2.3431132844335734,1.7879349418705504,20.778677043642134,76.99532525092867,0.37623631530281576,7400.915113879664,7371.868351416291,7278.383037109375,6428.2757641601565,5551.868677978516,31,-19.507492807126535,25.25152190341362,False,82
CAPLIPOINT.NS,2835.10009765625,2990.0,-5.180598740593645,124054.05577689243,3.1470565715892684,11.759523634458425,8.129260080938394,82.56538945816804,0.3813154419159935,2765.3894334168504,2720.428163971991,2618.7733642578123,2454.0372888183592,2102.6225640869143,1,-7.35785953177257,13.228874964919868,False,82
PROTEAN.NS,690.7000122070312,894.8870609456022,-22.81707465105286,433394.1031746032,40.87294093482259,26.293651741382362,18.936229538641403,57.555868709255485,0.3804924078705335,589.6721593370416,559.8354437730328,553.1980236816406,569.373168334961,586.8267370605469,251,-51.2757188524676,0.0,False,82
ITDC.NS,679.7000122070312,818.4899820798453,-16.956831838080433,916406.2549800797,3.2508012776680584,3.5284555309496035,16.259019408300922,76.27239345122759,0.3641743443693804,676.2808202019759,671.3698551257935,685.5724963378906,644.621361694336,587.4125708007813,49,-23.710464572979163,39.4917086223014,False,81
SUPRIYA.NS,985.2000122070312,1083.7124081428149,-9.090271108421355,314173.641434263,8.705729391677552,27.052300012971653,-3.1117822887456126,75.54200024034161,0.35564298351275053,941.1332548043802,910.3638314854302,861.7777795410157,866.7280786132812,770.4185903930664,84,-31.755758011856404,71.92093493739809,False,81
ARIHANTCAP.NS,93.33999633789062,119.26117337467782,-21.734799602676823,1190523.6972111554,16.253574882995835,17.53001615739196,36.469392977318726,51.212750793049764,0.36557278930193504,86.83866085952901,83.24772166034971,78.43563415527343,73.72832439422608,75.82977024078369,231,-52.524998491718335,-9.79237175824922,False,81
KWIL.NS,41.029998779296875,50.68000030517578,-19.0410447272499,18328590.42580645,-0.4609471998531123,-11.477885372088137,16.86128757058438,82.59902106410703,0.35756322902415194,41.4886749535707,41.52418524938261,38.91619998931885,35.349399948120116,,24,-22.829517808117718,39.34097118034599,True,81
CARTRADE.NS,3002.60009765625,3290.5,-8.749427209960492,600329.3849206349,0.45836915788839416,-2.519312211731639,11.496475961984775,81.97576349431819,0.3578122265976522,2986.611721971416,2985.807190878706,2915.8319921875,2608.161990966797,2378.6659924316405,217,-51.37517094666464,33.154053497264904,True,81
SAILIFE.NS,1592.199951171875,1697.0,-6.175606884391572,545219.3492063492,-0.5185909920727871,6.988308252402886,28.996183114757955,63.80657933867027,0.3556728922116879,1588.5994076424652,1565.4297022436156,1462.0719946289062,1326.0110009765624,1137.3874975585939,12,-11.938713941422364,32.63141934574871,True,81
ACMESOLAR.NS,442.8999938964844,476.8999938964844,-7.12937731917439,1709712.892857143,1.7576091663376037,14.651827049461218,16.38418292038837,69.29781686325799,0.35740507947945716,436.61703886969866,423.48564307256584,393.76999938964843,366.091999206543,306.34158546447753,3,-9.519814316948572,29.015469450487874,False,81
EPACKPEB.NS,245.3800048828125,344.0,-28.66860323174055,2597735.886178862,8.450460019523653,4.885662784214118,0.5985596608835353,85.65484473197718,0.3626368434985112,240.7711575036876,237.75112095957456,239.57339935302736,232.86589950561523,219.76639930725096,223,-61.57848890437636,76.30773716031638,False,81
APARINDS.NS,17776.0,19265.0,-7.729042304697642,121459.13492063493,-5.737617987061194,-0.3479653987937481,13.6522150402018,80.52540593269732,0.356624720066746,17869.20013654386,17611.078553512452,16464.74107421875,15267.2865625,12463.25821533203,3,-8.113158577731639,35.729245679010724,False,81
NEULANDLAB.NS,21890.0,24225.0,-9.63880288957688,56125.63492063492,-4.159369527145362,-6.835205992509364,18.03894722429935,82.34352447655071,0.36566115806693683,22494.586103728056,22647.543826027966,21948.0025,19758.945732421875,16877.87404296875,12,-10.010319917440658,21.57511300567192,False,81
INOXINDIA.NS,2156.800048828125,2339.5,-7.8093588874492355,225861.09163346613,2.7634838312675214,-0.9688164957865286,10.13072007458855,83.77820016937731,0.3663308117409694,2118.759763659455,2109.1020706759446,2036.4099951171875,1877.08630859375,1546.1169818115234,11,-17.46954268740649,15.11231551968173,False,81
AETHER.NS,1767.0,1798.0,-1.7241379310344862,335707.0,8.40490797546012,5.3478774554704955,30.012510613003872,61.44358154408405,0.35491252090174896,1661.8630851430037,1646.8622430610058,1600.293994140625,1414.26099609375,1219.6475024414062,0,0.0,14.77007196804605,False,81
MTARTECH.NS,6900.0,8714.0,-20.817075969703925,688304.2738095238,-4.19327964454318,-2.563016310103794,-9.454760186339485,98.97915324733366,0.3582330201655654,7095.075413963557,7092.767842370091,6756.98,7060.11,5325.860001220703,70,-40.394767041542345,62.95337176470455,False,81
VENUSREM.NS,1668.4000244140625,2031.2182849222206,-17.862100947070346,65770.29317269077,5.448115023536837,3.8272449477636528,-12.997662671220889,91.14862670165398,0.33870412371201736,1620.4568161555158,1624.6230591747947,1636.2083276367186,1570.7652508544923,1193.4187213134765,63,-28.766886594393416,96.13821105221463,False,80
GLAND.NS,2917.199951171875,3042.0,-4.1025657076964155,381847.85657370515,-1.5091648146685843,1.5207917581999242,17.80516838787203,73.29396354008493,0.34812377802568706,2914.8686340676363,2899.5754931420656,2770.5602734375,2520.75181640625,2123.346792602539,14,-8.205131415392831,21.760544341428734,True,80
NITINSPIN.NS,612.3499755859375,665.0,-7.917296904370296,285942.73705179285,-1.106272042320866,-0.847526891093231,7.550962060752142,79.14721376331674,0.33644041541101605,618.3818286425318,618.3389844544347,589.8758056640625,559.9690579223633,460.6882455444336,8,-9.849624060150376,17.746607738441632,True,80
MWL.NS,43.06999969482422,48.0,-10.270833969116211,893430.2063492064,1.2935071287378586,7.648091731221429,14.719945376012378,69.90941809796065,0.3403871991110605,42.21225208747099,41.2425375761251,39.76577407836914,38.4501583480835,33.10671413421631,8,-19.749999046325684,12.351071035068584,False,80
RADICO.NS,4557.10009765625,4747.0,-4.000419261507271,400616.1394422311,0.4784626665729208,-1.0616565858391214,15.757472360759772,73.70444614909437,0.34044535117355146,4494.430130791413,4486.837166952522,4464.830366210937,4079.437102050781,3511.4860693359374,27,-9.441756800347589,25.2473373698068,False,80
LODHA.NS,1165.0,1340.2415520455131,-13.07537076268488,2097763.1587301586,1.7733947491954671,-6.5233126568975175,22.38605670355107,72.68726516282211,0.34663400019734214,1149.02089800225,1160.8187764779323,1201.4073266601563,1079.8384063720703,1017.1959759521484,42,-21.84244710207074,49.72133948764363,True,80
SUDARSCHEM.NS,1218.9000244140625,1522.9966969178104,-19.96699488049899,232169.13147410357,-3.5298753926345516,-2.7059405406132275,38.81461708723566,60.11834534914981,0.3479754761844452,1229.3562134681881,1222.0175440184264,1157.3513720703124,1038.2039306640625,962.4201223754883,250,-52.51667062643095,0.0,True,80
KALYANKJIL.NS,573.0,646.3128397837881,-11.343243592114549,9906102.222222222,-1.5210064376174226,-8.574918839579325,48.781483329533785,53.05613984862036,0.3398981652663067,583.3132391172348,587.9174357292109,595.0630017089844,489.6735006713867,456.95399688720704,41,-14.246086906142674,75.2554354393591,True,80
LXCHEM.NS,181.4199981689453,221.82242807009806,-18.213861534499653,1057327.0476190476,1.784107146419056,8.329848239421667,17.267074582470187,68.09618979513527,0.34262978655321413,179.1021519849804,177.0875386785447,177.2886004638672,166.7951794433594,154.41516040802003,251,-51.57515610887129,0.0,False,80
GUJTHEM.NS,417.0,478.2203568549891,-12.801704481508091,245970.42063492062,-2.2742551841449243,1.3294044205904187,5.076683625446776,84.08102161436328,0.3519386909908294,416.2872737537291,413.9023580834507,389.0551025390625,386.77113952636716,362.0498486328125,231,-53.016699842711375,14.12264080347645,False,80
VIJAYA.NS,1513.5999755859375,1593.5999755859375,-5.020080398193116,210291.83665338645,-2.9058982692075963,2.940758681203137,12.058237986673292,75.95770059758216,0.3429811354435472,1519.7116665145454,1504.6542142177789,1448.9160961914063,1382.5900549316407,1190.696484375,2,-5.622488513969337,14.641316610141232,False,80
TEXRAIL.NS,125.66999816894531,142.93391772426418,-12.078252545083757,2859700.4444444445,9.602297361930322,16.642478003068906,17.47671603876575,60.50181341185199,0.3373246551317733,119.64658464552762,116.49684927262501,111.2162257385254,110.45300369262695,110.97634273529053,251,-45.74209040147261,0.0,False,80
STOVEKRAFT.NS,814.4000244140625,873.3447454599583,-6.7493073442437375,221394.60557768925,-1.796691619224522,1.0825798677553067,5.455654799892673,80.33264785159861,0.33806602392235857,822.4785317763217,820.0581079097924,799.6198657226563,735.3535632324218,631.8344369506835,16,-8.74165051737391,5.311007175167082,True,80
DPABHUSHAN.NS,1417.699951171875,1670.0,-15.107787354977543,38452.02390438247,-2.1128286007453867,-6.803839292807467,51.52032428574878,46.85103742692882,0.3262446153786012,1411.6325806511584,1407.9212361243992,1419.9499975585939,1200.0434985351562,1209.7905014038085,213,-48.13772601281811,9.635661735387636,True,79
DIVGIITTS.NS,1154.5999755859375,1326.0175300078042,-12.927246476210453,101710.964,2.158912180872319,-3.145669645705129,17.249105553267775,71.60334618508666,0.33402827428961207,1150.6468756743902,1155.7024303715566,1118.0027258300781,974.6860961914062,818.5604772949218,18,-19.910561062209364,31.679737729211553,True,79
NAZARA.NS,376.45001220703125,384.5,-2.093624913645964,2458642.206349206,1.9222975460099878,6.191822907484124,24.199935541560148,61.53186323856254,0.3330332029399089,370.11722343448514,366.55670541803306,350.82599853515626,320.87949829101564,290.2715490722656,0,0.0,11.047201241012171,True,79
KSL.NS,964.7000122070312,1032.9000244140625,-6.602769928843733,59283.47222222222,1.0104208719339258,9.463295764126855,10.890271170197163,68.89294205910188,0.32817959414718667,961.4403912464263,944.8600105088145,901.4758679199218,868.643060913086,793.5230801391601,2,-7.440220234740414,13.330072430703567,False,79
SOMANYCERA.NS,618.0499877929688,623.0,-0.7945444955106296,107460.224,7.937480640044137,11.040247018038807,16.22864171383491,64.35597426886804,0.3361277968930986,587.6127638081186,572.8647803714385,535.6038684082031,521.5943786621094,462.4906335449219,0,0.0,26.927807077243028,False,79
IDEAFORGE.NS,729.8499755859375,992.25,-26.444950810185187,784718.0992063492,0.03426535202379899,-9.335406759510867,-10.519223473298013,96.3281709713349,0.33511846529844763,734.2367411241838,749.3515499778971,804.6989978027344,827.8779992675782,645.5129997253418,79,-31.065759637188208,114.98912472733194,False,79
ICIL.NS,445.75,485.95001220703125,-8.272458318182874,780622.0595238095,-0.3576631455651236,5.278697785947517,2.1145388924330044,79.32957989089581,0.33386166866721223,447.60531076504736,442.9012437627942,426.090400390625,392.60242919921876,328.9943640136719,2,-9.414548585402427,15.872861812790063,False,79
MUKANDLTD.NS,167.0500030517578,167.9499969482422,-0.5358701475664418,184406.35714285713,23.9427248588296,22.596513860403245,29.102777367002595,42.58919778745438,0.3268008758304614,147.7595248804056,143.04544589182785,138.75792785644532,136.48142723083495,132.05920223236083,0,0.0,20.64930369088409,False,79
ASTRAMICRO.NS,1622.4000244140625,1957.2277658555508,-17.107244608045256,541253.7857142857,-0.5394756633906539,-3.721597830032597,-7.771451808267726,89.86771318401719,0.32817382598780975,1628.8998420046812,1650.6187773800884,1709.2343896484374,1602.41,1289.0712228393554,40,-21.46545218695921,31.144773518923706,True,79
ACE.NS,1226.5999755859375,1268.0,-3.264986152528593,319226.8650793651,-0.21151770982896778,8.173665964370302,20.005161688519447,64.07674827716923,0.3324582923931469,1209.3787371940925,1179.8993910160657,1122.0509448242187,1029.0633337402344,955.827894897461,4,-4.408519275556976,16.091530384912133,True,79
CARBORUNIV.NS,1278.5,1368.9000244140625,-6.603844166980489,270870.98804780876,13.70508468872016,15.890142910350246,8.771728310375426,65.21185932023108,0.3326479927214713,1193.954508175442,1154.5786246950859,1111.8211669921875,1097.9277130126952,969.7187832641602,1,-8.539705042674672,23.652837386742974,False,79
PNGSREVA.NS,524.8499755859375,644.0,-18.50155658603455,339143.8888888889,5.869889175176501,-3.3247463651536857,33.02496307802214,58.18263860619097,0.33102584010369945,515.7110949219531,516.6476607108868,507.9230023193359,450.4390005493164,,32,-25.201861458535525,61.46442457796522,True,79
ASKAUTOLTD.NS,645.1500244140625,687.7000122070312,-6.187289085020275,376631.06746031746,-1.6914248511904817,6.45161907576024,44.13090132998223,45.589224058821685,0.32596141352556346,641.2253017743682,633.2779536512718,605.7243975830078,528.6474462890625,485.16429138183594,36,-13.261598166087508,61.097436605357494,True,79
JNKINDIA.NS,420.3999938964844,557.5936417008903,-24.604593299505495,544175.112,1.570427662684537,-7.180061288514194,-13.965977642979277,91.98939182796131,0.3132699394685636,419.2428865978836,424.42430354809613,438.0062030029297,438.77093902587893,346.68484642028807,51,-31.83691649705125,46.30846699841569,True,78
AMAGI.NS,575.6500244140625,727.4000244140625,-20.8619734543229,766891.0813953489,1.0798989313542506,-0.4840500879731313,2.6937894835296516,76.49855440339701,0.31418738481958497,572.8598235700097,576.1825524950817,600.7399987792969,536.3649990844726,,31,-24.656314352692565,29.782760309221977,True,78
MMFL.NS,616.1500244140625,687.9500122070312,-10.436803040765309,163573.64940239044,-1.9727887391178367,-1.964992137778443,35.046580693493155,55.47196126492702,0.3211248141255128,616.2569900270047,618.7993237118827,607.1589953613282,536.0880160522461,481.03505554199216,27,-15.953193989765047,55.10204791708737,True,78
DPEL.NS,626.0,655.0,-4.427480916030535,44928.0,-3.469545104086358,10.581174173707296,32.06751054852322,49.61759300476414,0.31236570690795445,630.9388773286331,618.5731122157197,585.2550048828125,548.3590005493164,443.8770001220703,10,-5.801526717557248,9.01834879788832,False,78
NPST.NS,1796.300048828125,2055.78100588124,-12.622013546714573,52600.204,-1.7610036189157796,9.729009362313645,11.098418953054502,67.30917124981298,0.3202289569641269,1792.1984173751991,1751.0368844910572,1636.9070581054686,1527.7778802490234,1384.9058605957032,232,-58.86297472148496,2.7487826201048504,False,78
SPARC.NS,209.0500030517578,289.0,-27.664358805620136,3243329.023809524,7.802189060269615,7.216128645258513,-10.947815526407744,81.95665781385073,0.3172176310269664,200.36094455871486,199.60035928886293,203.30880004882812,212.26890029907227,172.88720024108886,57,-37.0242214532872,60.05455460580615,False,78
BEPL.NS,126.43000030517578,137.34641029083173,-7.9480854013879165,1510267.6706349207,-1.9542432746841198,4.117598606138584,29.491159378580576,56.637174415204036,0.3213031297341509,127.85196402715744,127.18372179065997,124.06055252075195,110.71479164123535,98.18721851348877,48,-19.029555378269503,28.384534130980054,True,78
CLEANMAX.NS,1393.4000244140625,1536.0,-9.283852577209473,352567.99305555556,8.910426592512334,9.320575168967205,2.028269329468646,72.32254099492894,0.3229265488985685,1368.8701967047646,1348.8327545372642,1322.6900024414062,1292.0359973144532,,67,-23.763020833333336,29.554579585818132,False,78
BLUEJET.NS,570.6500244140625,691.4547089915617,-17.471091454953623,661330.0714285715,-0.7996480809973949,-2.3492402754537456,8.88096418183546,74.74187598665205,0.3201122678602097,575.0823152229385,575.9173256475946,582.9406042480468,543.1442465209961,488.61395614624024,241,-53.095683314913664,1.9478056529141474,False,78
EIMCOELECO.NS,2301.60009765625,2373.76648551747,-3.040163735629109,70002.7751004016,2.3661358131640053,4.352556934596308,38.39216712424991,48.14432898968952,0.3188250670138644,2278.015040667001,2241.4410679858115,2064.29400390625,1862.3322961425781,1729.515164794922,239,-40.94537746267466,12.184479309825003,True,78
GABRIEL.NS,1386.699951171875,1596.6964052725275,-13.151933793250436,466198.36904761905,4.90996368182075,2.1735927690336387,12.125312790434162,68.15745850240282,0.31826292160080183,1372.8139593639185,1370.3829263016812,1407.5020849609375,1281.4258087158203,1120.1638998413086,37,-20.573507463028584,56.48531609994476,False,78
ASIANHOTNR.NS,394.3500061035156,423.79998779296875,-6.949028442124394,30718.008,5.188053487245914,26.373985428626035,35.84223998822609,39.10053125344466,0.32186486932295494,384.7971446814073,374.3217574472586,336.5090002441406,320.26500091552737,311.69425033569337,13,-14.334592201469597,31.672889189250487,True,78
AEROENTER.NS,125.63999938964844,159.60000610351562,-21.278198881672306,600093.0836653387,0.1195326547393405,-11.67528072845121,-10.793594732083701,94.03147601618622,0.3205140910663307,126.92917200198885,129.84396203030727,130.46508834838866,122.12728965759277,101.7021435546875,13,-32.33082965551277,26.324199242577826,True,78
THEMISMED.NS,116.93000030517578,147.39641263165473,-20.669710871875047,244011.87698412698,-5.292544328282867,-6.929187354890443,7.173733449563358,77.70369648061725,0.31318506723309536,121.26458721329605,121.50766209706221,115.91695587158203,111.79382041931153,100.18474998474122,251,-56.11486835201755,0.0,True,78
KTKBANK.NS,335.5,345.3999938964844,-2.866240321779323,3700748.162698413,6.9152367913245305,4.152973315313968,24.62928626070333,52.824018820420804,0.3004051174857457,328.8974496847772,325.0290240619932,310.2338348388672,286.16355545043945,249.24691162109374,1,-3.5176589783396772,18.117905782826348,False,77
HUHTAMAKI.NS,243.25,330.0,-26.287878787878793,503201.4761904762,-0.7142857142857117,-6.621880998080609,23.364443166386884,64.00145631552378,0.31214110705080883,246.930829347221,251.76694890380824,270.38600036621096,228.01689987182618,205.41978172302245,44,-27.681820031368375,95.24700778206817,True,77
KERNEX.NS,1693.5,2580.0,-34.36046511627907,266866.4285714286,-2.251082251082248,-5.979344553157717,-21.593588750925463,97.60793465577595,0.31144120101292977,1721.4755427650516,1758.5404965746063,1970.12400390625,1920.892998046875,1538.0287509155273,36,-38.25581395348837,28.45223967475419,True,77
KINGFA.NS,6237.5,6435.0,-3.0691530691530744,8311.628,7.394972451790638,5.007623377216941,21.23930517076944,55.22491871269908,0.3020278095693292,6102.882867327153,6021.515243438136,5715.40935546875,5438.850336914063,4865.843859863281,1,-4.040404040404044,22.523981132642735,False,77
VIDYAWIRES.NS,90.54000091552734,117.3499984741211,-22.84618483783457,4175438.2437810944,4.224701338678982,5.524472838200456,-9.11463720208161,80.53838117792675,0.3100832601205421,87.4534280214714,87.80135618969076,89.42200012207032,93.63900001525879,75.00945003509521,85,-30.12356108544538,107.22868757098442,False,77
SUNDRMFAST.NS,1178.9000244140625,1347.199951171875,-12.492572213309183,140372.72908366533,-4.0139984300417435,-3.0669238822014444,26.200288348064582,58.1599819199861,0.30109294652969354,1201.8139074380972,1204.5324031310415,1146.3510021972656,1014.0435009765625,944.5233563232422,11,-13.450115627918224,29.448138010974056,False,77
RATEGAIN.NS,827.75,1050.0,-21.166666666666668,504482.7091633466,-3.5705992011106913,-9.85570378437245,-7.940835508578314,88.91932249930854,0.3085727767016437,847.9048067041974,865.0715906500646,904.6200048828125,857.1180029296875,720.8365013122559,36,-22.38095238095238,22.284052048790848,True,77
GOODLUCK.NS,525.6500244140625,556.330723956048,-5.514831056573,521835.10714285716,1.8132084498726941,21.67949277570176,6.246566547934362,60.19939893486861,0.3047094893845537,521.4796664179412,508.8812100186275,489.6299481201172,478.9144006347656,425.4670855712891,54,-25.124090565481573,21.424858871061446,False,77
FMGOETZE.NS,482.6000061035156,542.9031499790809,-11.107532508862562,377143.064,8.16990086421212,4.461477170796813,28.310158725213185,50.227909125902805,0.30293496788505647,460.3258151842727,458.07609649505764,437.13274658203125,408.1573767089844,387.96882736206055,19,-20.57515005693995,35.807421025539334,True,77
BOSCHLTD.NS,48250.0,50000.0,-3.500000000000003,32450.76,2.659574468085113,-1.3191532876572265,21.768866287689992,59.81412292619763,0.3045843584606312,47913.143288324645,47719.990823681044,45734.27359375,42137.12921875,38656.0537109375,18,-7.179999999999998,19.47543934992666,True,77
SRHHYPOLTD.NS,594.7999877929688,670.0,-11.223882418959885,14666.844,13.70675120500977,27.034189539405396,23.980425368042123,40.093087725341036,0.30008875728931106,568.377758887448,543.4715271799752,503.95758056640625,502.9899572753906,487.4757699584961,3,-13.350748090601684,23.741217189825914,False,77
JYOTICNC.NS,1065.0999755859375,1134.5999755859375,-6.125506918339951,1050964.9206349207,1.4670882281046183,3.4278427931696553,37.414528336267104,47.55143196082792,0.3107720866665569,1051.5470859859577,1022.0797837998347,929.4080029296875,819.3625030517578,825.690751953125,4,-7.055343599533625,38.58164548503111,False,77
MANYAVAR.NS,532.5,702.304905916998,-24.178231489823364,492716.7609561753,-0.745573159366264,-0.8002514195505794,32.30278109439042,54.29654840597744,0.31174846090861363,540.459791929412,541.8486624581096,508.37679077148437,457.02630310058595,456.5059355163574,249,-53.7932496610025,0.14225019176163922,True,77
ORIENTHOT.NS,140.92999267578125,148.08615521805814,-4.832431858156749,822477.9007936508,-1.7567126706668157,1.2791942920393096,0.5177060384381704,72.67326169951205,0.29304784082677454,141.4866981246917,140.36482602341576,136.42215316772462,125.89232322692871,113.05695129394532,49,-19.560337986237265,44.12679229171719,True,76
DYNAMATECH.NS,13153.0,13287.0,-1.0085045533227976,27256.14342629482,9.053975623911793,14.45353289244693,26.646539133783897,45.232001074844334,0.2988286631095347,12383.229149116167,12077.21027695133,11362.7619140625,10966.783623046875,10355.556274414062,0,0.0,27.30801131801359,False,76
WINDLAS.NS,1102.550048828125,1181.9000244140625,-6.713763765702263,69897.62151394422,-0.621921010178228,11.690221502305075,29.277340142368267,45.21309994965341,0.29144294222015044,1101.1608592022296,1084.0046131431086,987.567001953125,902.4305621337891,846.0640625,14,-11.092306699200849,36.517984049999995,True,76
TIL.NS,251.11000061035156,338.79998779296875,-25.882523713726368,306311.5856573705,-2.485343836186582,4.389938650851577,22.666207012215,53.52776006272186,0.288404194753049,252.33865596870436,249.14084595731865,240.6684017944336,220.21820098876952,223.31613410949706,249,-52.4055472816205,-4.262589147091466,True,76
COFORGE.NS,1784.0,2021.199951171875,-11.735600480019226,2875384.5476190476,-3.0961434003259125,-6.194134283502228,22.000145753769452,60.415911577079285,0.2921796716022951,1808.7080398202186,1827.750285974648,1793.7437963867187,1613.1193017578125,1515.6774835205078,19,-15.050463018045413,34.282001170787126,True,76
MANORAMA.NS,1872.800048828125,2148.6752714346185,-12.839316683823432,209937.50793650793,-4.784176847726151,-0.7249380581480169,13.183039635146109,65.79813621100463,0.2965076107854347,1928.9463212163057,1929.9535858751283,1817.7728759765625,1661.3446240234375,1505.6187512207032,13,-13.435034845534243,35.19903643853812,True,76
GALAPREC.NS,1148.5999755859375,1260.0,-8.841271778893844,38013.123505976095,13.587812670118439,10.463543147591903,3.753211230313891,63.51341100801542,0.29982817668830564,1080.1106660941018,1061.4533090721748,1066.1699914550782,1036.3169976806641,896.8279989624024,59,-23.722224159846228,44.84417892116037,False,76
HIRECT.NS,1212.9000244140625,1397.5377365248423,-13.21164411416219,137515.72908366533,-2.405859610502603,-2.71896239063556,7.448597880199204,69.24575081226175,0.29148501249787084,1228.1463987280038,1233.271074744194,1260.631572265625,1167.949246826172,952.9413171386718,50,-17.233007671895972,30.07876184171345,True,76
SENORES.NS,1355.199951171875,1599.0,-15.247032447037212,307783.2896825397,-3.379439985678101,-8.097112870669786,1.902393134322966,78.4096886162359,0.29977226814089486,1390.6991126040948,1414.6419933767356,1426.822001953125,1319.6065008544922,1066.4915005493165,24,-16.42901508266885,14.860562232040353,False,76
SWANDEF.NS,2679.699951171875,2804.89990234375,-4.463615655847786,14483.812,-2.428632156407884,11.292461866843295,21.59451364913123,51.92764922261326,0.2926504294151254,2689.2180077780317,2627.3731489247484,2501.107998046875,2283.3820056152344,2019.853500366211,2,-6.948551075954379,15.276331639937046,False,76
ALGOQUANT.NS,72.27999877929688,76.19999694824219,-5.144354758449554,1217147.7032967033,0.013839956683359134,11.405674844551662,28.81838886660457,45.25723717321417,0.2903093049384571,70.42743527864772,68.49781634359118,66.76819946289062,62.34919986724854,,5,-10.48556192094946,5.642439371911601,False,76
PPLPHARMA.NS,210.30999755859375,231.92999267578125,-9.321776311790108,4813216.781746032,1.0328563886721875,-2.158641291242125,25.11749785265831,54.02812941250754,0.288180585014193,210.020113966147,210.32868361181275,206.42600006103515,188.673399810791,173.84764953613282,13,-14.2586095415692,31.809460112371713,False,76
PITTIENG.NS,1162.4000244140625,1225.3791940785206,-5.139565774316757,68770.33333333333,1.4222187571194755,3.6883007428410997,20.71358880565073,54.80214948864257,0.2901481846143241,1145.2544390697803,1127.217979968487,1046.5474377441406,998.1430828857422,915.6862481689453,13,-13.496164687444768,20.815568600356315,True,76
ALEMBICLTD.NS,106.52999877929688,117.72000122070312,-9.505608499295782,498972.0119047619,3.800060050911691,3.6586574477465827,19.451875260387474,54.293410194762124,0.2866466415066158,104.82124131014437,103.02430776380972,95.3490966796875,91.13473304748535,90.39016742706299,16,-17.261297557012423,26.694622928524492,True,75
ARIS.NS,140.2899932861328,178.3000030517578,-21.318008477314088,1150487.3174603174,5.220124022721673,-2.5019154345584216,32.24923724036288,45.31799456775103,0.27823598314569764,136.28309814004135,134.14847261711003,132.31419998168946,125.44740005493163,120.65820007324218,233,-53.909142513407495,10.431537285115677,False,75
SATIN.NS,236.64999389648438,274.1400146484375,-13.675501112098154,452145.884,7.9016897654243134,4.223551678413062,0.32218174098197494,65.87229055421373,0.2808045005620513,224.42380992582608,223.33300786430306,230.9648001098633,233.1906999206543,193.55325012207032,43,-23.396808645644786,18.05788282729366,True,75
MUNJALAU.NS,109.0199966430664,129.46286953315382,-15.790529720069468,889850.2988047809,4.837002483533404,-2.1540132519476507,18.58698973541255,55.68738206569424,0.2790394734486527,106.72636277733008,107.71833823931323,107.71553817749023,101.32870941162109,89.18942111968994,29,-23.561095593412407,22.113415706761575,True,75
MOL.NS,58.52000045776367,85.3499984741211,-31.43526478737141,1109654.9444444445,-7.18477213974994,-2.9358109651443365,20.164270104687976,59.28143109493125,0.28456214062375035,60.87033343537729,61.321696433598504,59.64600006103515,54.39040004730224,54.22095006942749,245,-57.23491429110319,0.4432140660147299,True,75
SHRIPISTON.NS,4746.7998046875,4789.10009765625,-0.8832618259420277,97627.23505976096,3.7189114932373535,5.521961313718005,13.495211961643383,56.667166519598176,0.28191713608399627,4525.97249511373,4498.933558711369,4457.93998046875,4084.1508349609376,3607.455938720703,0,0.0,7.999626723487641,False,75
GRAPHITE.NS,820.7000122070312,874.3499755859375,-6.1359827159545794,1694755.4722222222,-1.2216361168871925,20.161055960033856,35.264009460790845,34.5402048247911,0.28305332348471746,811.4546535135574,789.8589319211869,729.9939978027344,697.9385321044922,668.5972061157227,12,-11.408475185597556,36.605738671653356,True,75
SGMART.NS,731.0,860.5999755859375,-15.059258571056745,351475.35059760953,-0.34762290715059097,-9.780931811169392,23.69912596666537,57.64502496360202,0.2817679912249148,733.837376643589,747.3716443411678,749.0140002441407,676.1615020751954,554.9745011901855,22,-21.206135856063124,38.4109776828264,True,75
SYSTMTXC.NS,77.5,177.89999389648438,-56.436198617805836,238539.65714285715,4.560168818361032,33.62068965517242,22.937815473462386,35.98876595450731,0.28457005836712224,74.44703338308976,70.35383119082894,62.974399948120116,64.27320011138916,77.7429501914978,211,-70.83192739183457,18.909631442995376,False,75
WABAG.NS,2008.4000244140625,2319.0,-13.393703130053359,463939.0833333333,-5.823880125424575,-5.881244841515098,0.20904478980436902,73.95023125081607,0.2788416895642227,2068.8345035593948,2070.911992461581,2027.7279931640626,1892.9827746582032,1583.0698193359376,10,-14.139716447350692,14.404094735293915,False,75
BBOX.NS,799.75,1101.5073628455477,-27.394947416966097,599203.5714285715,-0.17475184065387506,8.367208672086711,-15.452526709220749,79.09732276025561,0.28659137641687976,793.0950626346214,782.1433043541261,766.6538208007812,863.3239971923828,697.7976249694824,80,-35.62003774699245,119.85655462455883,False,75
VERANDA.NS,232.58999633789062,272.5,-14.64587290352638,410077.1984126984,4.883658955322012,-4.500105348608042,-2.673863714071567,73.75615962749677,0.28288649562587836,229.2955626409419,231.58539755834386,239.11499938964843,237.3446992492676,208.95909996032714,230,-52.28623696423451,18.98295982785776,False,75
BHEL.NS,418.95001220703125,446.5,-6.170210032019874,12659069.5,-4.762441914100823,-3.456619328966337,1.497575190390843,71.20222131392615,0.27762593025484367,423.7490024725426,424.2135364003849,419.7410009765625,409.9337487792969,345.2141646575928,50,-11.422172452407619,3.6253327258339185,False,75
MOTILALOFS.NS,1029.0,1088.3156211947492,-5.450222347229817,1131058.0555555555,1.8811881188118829,-0.8765991522927452,8.16777180742918,62.62346898459108,0.2751251811748783,1016.7980359299311,1009.484612313104,961.832001953125,932.979501953125,855.6722039794922,230,-43.49984393874385,18.61312897225662,False,74
SHOPERSTOP.NS,423.54998779296875,558.0,-24.094984266493057,147314.81746031746,5.953718022005949,12.991858315724425,18.57502052588995,46.55708920171928,0.27389085303800176,397.1359080816845,394.6892528532733,397.7789990234375,376.4029986572266,361.051999206543,243,-50.54659279443885,-3.8788789096198317,False,74
PREMEXPLN.NS,680.3499755859375,829.1846454746575,-17.949520737147907,607104.630952381,1.8862502398201864,2.1921029507015355,-15.521452125454903,78.46785255067317,0.2735775099675513,673.8287713687348,670.8068261410053,664.4271472167969,672.2517340087891,582.376628112793,63,-23.306814312868518,44.164208462152565,False,74
ETERNAL.NS,335.0,368.45001220703125,-9.07857541017959,36806911.40079365,2.4934966327958996,1.9786910197869156,26.606195114350385,46.30098971554399,0.2714734228775969,332.09220295263157,328.02243224483766,317.685,288.6371003723145,275.7970504760742,237,-42.29881963362342,4.695261430704467,False,74
BETA.NS,2098.699951171875,2807.89990234375,-25.25730887272395,21658.76,2.116582378040466,-7.1782418765203415,-2.9772152733085977,74.60066149516432,0.27723109878573127,2113.3900673410512,2148.184918588809,2270.2959765625,2008.0259875488282,1688.3029956054688,31,-28.67979467806633,36.713320506755466,True,74
DIFFNKG.NS,430.45001220703125,519.9000244140625,-17.205233315355805,181310.72289156626,-3.44324271113845,10.712455175343427,4.036502281208176,61.63996252653654,0.2766510245893191,437.2731441661372,436.006936241207,417.23044677734373,387.26354339599607,335.074361038208,14,-20.15772521431568,18.16564275324819,True,74
TMB.NS,881.9000244140625,954.2000122070312,-7.577026500528062,338279.7490039841,-1.5461876177435108,-1.3369079261921546,20.23996315172576,54.72952518043237,0.27541798670677897,896.476759250148,896.6501999853989,877.9370007324219,805.6548028564453,705.5023185729981,14,-9.872145357570261,16.895523748093556,True,74
CHENNPETRO.NS,1376.4000244140625,1677.5,-17.949327903781665,2345214.976190476,-2.8377772034936966,1.7746228605991066,24.225744981929353,49.66678458104668,0.2720558417876792,1412.8927654924344,1420.5041830858777,1354.0806591796875,1209.4441766357422,1049.61779296875,10,-18.879281739008945,36.72258324378681,True,74
RKFORGE.NS,704.5,772.7999877929688,-8.837990278445263,740119.0476190476,-2.706805171492699,-1.6953916137791847,24.712333077120398,51.22898390615689,0.2729553464569377,710.3807354457522,711.8720007886682,698.7519995117187,634.4215008544921,584.5539097595215,27,-14.712734731239562,31.33491036461349,True,74
ECLERX.NS,1898.800048828125,2496.1160957516863,-23.929818326165798,293073.2261904762,-0.8770060018754022,-2.16909552560014,43.395933853185696,36.95594465225847,0.2727963831155153,1915.1313549016752,1912.0580383725126,1892.9921508789062,1695.5987817382813,1779.4249029541015,163,-47.14714646071957,2.375717872141192,True,74
PARAGMILK.NS,268.8999938964844,375.4278281988306,-28.375050089767974,1003657.8293650794,0.5550357373584003,11.950181599674181,15.597813231520984,50.11134009659186,0.27169419901763714,265.44578812469814,259.0031066782056,237.2725909423828,231.47976882934572,234.21442626953126,219,-52.82133155033071,35.373400931004696,False,74
ANANTRAJ.NS,617.4000244140625,742.4300925158334,-16.84065198355419,3045156.8174603176,1.8559761687504395,2.007438977953324,18.640676037836545,52.431471266567556,0.27151876730443697,611.881832030544,610.111606536276,612.4882055664062,571.71689453125,544.2488778686524,244,-45.80784023633535,8.527582837265534,False,74
DVL.NS,289.75,373.3187679942109,-22.385364776385096,33641.088,-0.08620689655172153,-1.4355210406434948,24.596278801937043,50.06626082749497,0.2710966307379523,287.48366595200235,284.7108904287016,271.1355667114258,255.16195236206056,251.15069297790527,249,-50.17686502781986,0.0,True,74
EXPLEOSOL.NS,883.25,1032.5221988494377,-14.457044992909108,70321.824,0.14739926015938654,1.0930511227583484,25.754087785953406,46.61833414083423,0.2660691014268732,879.750493493256,876.8158037490367,842.2368176269531,792.1674060058593,771.7421911621094,216,-45.53655044607734,9.499552605557549,True,73
SMCGLOBAL.NS,85.5999984741211,95.0,-9.894738448293584,1070848.076,5.757346049116174,8.89199568693182,21.86788308300105,44.82704806810578,0.26845317894440607,83.94276985594996,83.00824894707618,80.92600021362304,74.49366195678711,74.28603853225708,11,-17.021050704152962,5.1055422942135165,False,73
RBA.NS,92.51000213623047,111.1500015258789,-16.77012967499466,6015055.90438247,-2.7439030014592247,-8.060028214049176,16.83506160605981,59.14330025184351,0.26821442639599596,94.40076899691749,95.2936361633947,90.49680038452148,80.80819999694825,72.30425006866454,24,-19.370219058687166,33.41270300390076,True,73
INDIGOPNTS.NS,1128.5999755859375,1340.211918083566,-15.789438941881862,132562.00793650793,2.627991788420636,-3.145615165009319,11.636533648144919,59.452715596820774,0.26905722479011984,1120.7422955647492,1121.7343740141803,1117.1437670898438,1060.5130749511718,1015.8184915161132,216,-47.39207785097419,20.732025560175238,True,73
AYE.NS,167.25,197.2899932861328,-15.226313704905115,1767027.322580645,-9.945079204880047,-7.871540054322768,-3.713297099345436,75.81205174899846,0.26642015638443195,177.72619484624775,178.13726113399642,175.00640045166017,165.36279991149902,,48,-19.636064449649904,28.738683662283783,True,73
MEESHO.NS,217.05999755859375,254.39999389648438,-14.67767186861031,24975756.36318408,1.2217846891245943,4.536697262875711,12.817050127027052,54.601144583118774,0.26715090792843227,222.53867454197547,217.1473648165542,202.34320037841798,192.9679997253418,179.89444946289063,194,-50.64465386359866,38.497273441201955,False,73
PTCIL.NS,21810.0,24125.0,-9.59585492227979,21873.59760956175,-4.363078272308707,5.760837940064012,27.17942737185841,45.54554554554555,0.27087906190557676,22317.84985957478,22212.613612134894,20560.4,19013.32,18159.105,15,-10.818652849740928,35.38234291557778,True,73
SOLARINDS.NS,19745.0,22700.0,-13.017621145374447,158527.49003984063,6.413365669630822,-4.05733722060253,5.673231696743053,63.60273501960834,0.26972932639708824,19828.03246323508,20067.688225598955,19728.1493359375,18821.3522265625,16190.34033203125,8,-18.59030837004405,1.1361189958381868,False,73
IFGLEXPOR.NS,197.4499969482422,334.28171894337873,-40.93305563572065,134833.0634920635,-0.7938510981988944,-7.2830622072923905,10.67479804758593,62.314044051046565,0.2659205948341604,198.71579562074527,202.2508205743062,208.2412872314453,198.95003982543946,187.75185134887695,245,-64.59171628181466,13.687534682612634,True,73
CYIENT.NS,1094.699951171875,1219.0,-10.196886696318707,525377.5634920635,1.9938415513085506,3.989740851915613,25.54618221760574,45.40744991322849,0.268241669560871,1072.9900576510308,1058.4582634028939,966.3930029296876,923.8240032958985,961.3085009765625,18,-15.479897553066035,37.31871349027402,True,73
GIPCL.NS,185.83999633789062,207.3979831995766,-10.394501686615232,416384.3888888889,-1.3326305730223975,-5.375193049458105,18.173428717831186,57.039578410350785,0.2705955831229581,189.1101339635713,188.9475357407111,177.41969482421874,166.73070861816407,154.1726438140869,16,-12.679957967939714,27.663223868419596,True,73
TBOTEK.NS,1696.9000244140625,1764.800048828125,-3.8474627456606125,189214.0079681275,-0.8008857340935149,-0.5625535063543796,17.8484613961015,53.607323202465665,0.2660486842513649,1691.3448206506735,1685.259782199575,1633.36798828125,1484.8949963378907,1430.0774993896484,212,-43.09836896968315,10.787172011661816,False,73
AEROPLANE.NS,209.47000122070312,211.89999389648438,-1.1467639196669044,1185895.744,3.9604920889288575,22.20407020912223,50.47050579578565,16.37222290039062,0.26526904149609276,202.32037657541426,197.90630638609025,190.77320068359376,164.51959983825682,,0,0.0,4.557255191027343,False,73
MOTHERSON.NS,165.7100067138672,173.27000427246094,-4.363131166491996,18723819.265873015,1.9314752095607846,-0.1746947506824137,12.077566552166985,57.97304908581946,0.26970698170797475,163.15659276440977,163.04810894371516,160.63280029296874,150.94665985107423,135.37967220306396,27,-9.736255531828276,17.987288386459444,False,73
PWL.NS,134.36000061035156,161.99000549316406,-17.05661086848872,16683951.368663594,-1.6398282526185137,8.276254795347281,8.241362751381121,53.90606633850075,0.25526103494622243,132.87126654824266,130.3591732171792,126.47540008544922,122.83409965515136,116.12014972686768,216,-52.021730609804266,0.0,True,72
SANGAMIND.NS,619.9000244140625,672.5,-7.821557707946091,66081.21686746988,6.879314554148697,8.573432202551846,16.445957141589407,44.73138896399935,0.25228960624001806,583.7617444831053,581.8018897244915,591.7189978027344,562.4833364868164,510.0426837158203,48,-18.141263940520446,21.320354236146333,False,72
URBANCO.NS,168.99000549316406,183.97000122070312,-8.142629574464166,7363842.091269841,-0.07095684273811242,0.9739512887595447,28.67585710579361,42.17567274557683,0.2566072080344691,169.70940529429183,167.35002859643598,154.25540069580077,140.83640060424804,133.4192000579834,15,-16.67119528479617,36.41430985905132,True,72
LALPATHLAB.NS,1952.300048828125,2038.5999755859375,-4.233293818862527,378432.92063492065,2.9205558385279273,0.8211125910760009,18.910179748459676,49.54863048142653,0.2594878421917651,1927.270024273769,1917.602200146105,1888.9774658203125,1760.1429772949218,1580.8235546875,7,-8.270380535910594,11.87453628965882,False,72
KRN.NS,1381.800048828125,1687.0,-18.09128341267783,626780.6904761905,-4.45304276850279,-10.003906027326925,10.314551793101433,62.21166736286703,0.2553294700076158,1440.0420743745203,1465.3842472441554,1407.7819970703124,1298.5969995117186,1087.952498474121,12,-18.684051640300826,24.255157435093345,False,72
JSWINFRA.NS,362.04998779296875,375.5,-3.581894063124169,2389580.134920635,3.9626669900843403,7.131224949083181,12.385533028849082,50.80646119788745,0.2586075607663478,351.9903754157466,345.71880883273974,336.6280010986328,317.50754211425783,291.0546439361572,3,-6.444743597078895,15.524824639020807,False,72
PRICOLLTD.NS,759.4000244140625,823.0,-7.727822063904921,620238.9641434263,-1.055371411848538,-2.227370609124879,26.08335377803368,47.771937796639286,0.26382769989055993,760.6432417799809,760.6964523247556,744.305,663.1429986572266,627.7339994812012,26,-12.393681652490883,36.97801392417139,True,72
UEL.NS,183.72999572753906,284.20001220703125,-35.35186916399665,12918.115537848606,-9.8169147496313,1.891076011986348,41.52671804175985,33.079819626653695,0.2508646699062357,195.6265409381347,199.44058697004996,193.42080032348633,165.39969985961915,158.67380039215087,33,-44.722026968432026,94.22557573663646,False,72
THYROCARE.NS,566.8499755859375,662.0,-14.373115470402187,784959.6825396825,1.988123072266923,-2.51097021490736,3.194973271978907,64.27638242330956,0.26365663215162716,565.9248049241725,568.6192477287132,581.7169995117188,547.6748626708984,478.0679235839844,32,-19.52416918429003,22.0840917163998,True,72
INDOCO.NS,254.4600067138672,317.0754661004704,-19.74780961664265,310833.8373015873,2.188672072309794,5.009824506432214,6.462810583199308,55.29288438369002,0.25276829036953224,252.53754484552272,249.8014234245711,237.8765997314453,232.3329170227051,221.74454376220703,240,-48.892390180618946,-1.7052958950176333,True,72
CRAFTSMAN.NS,10735.0,11999.0,-10.534211184265352,72462.72,-3.6182438498832847,-1.4956872820701017,13.616281902461669,55.22963278650976,0.2551577584394006,10945.772091635994,10989.691396403681,10597.44,9814.936103515625,8640.662497558595,12,-12.417701475122922,28.058139219567746,False,72
BEML.NS,2036.5,2256.187906504501,-9.737128094302317,353480.61904761905,-4.051958114383492,6.658899275316954,16.365072973483663,49.788708506446675,0.25751589338248815,2049.800642848539,2023.5758609790128,1909.3103344726562,1847.1922387695313,1773.2215399169922,232,-40.373538782066895,1.8216507898125123,True,72
TI.NS,581.7000122070312,607.7999877929688,-4.294171785147816,791213.2023809524,2.285915196229582,4.485009769254389,28.049523299480626,40.04983005467935,0.25560382485189764,568.3821060199166,556.4677204698352,526.05048828125,482.0794711303711,462.3967889404297,2,-5.8736447719692215,29.49191872539172,False,72
HERITGFOOD.NS,407.3999938964844,514.5629873930291,-20.82602054987923,356612.32936507935,-2.559199246790267,7.735025908266158,25.05026015755396,39.641941192505634,0.2466293978124265,410.0770895496383,400.24738283816237,370.27899780273435,348.8157635498047,360.088498840332,251,-43.57218960325915,0.0,True,71
TINNARUBR.NS,978.0999755859375,1317.7581839116879,-25.77545808271855,63525.604,-3.9901864455521463,-3.45844207810152,5.397255468276918,61.11131609343723,0.24972996017682447,1002.1321496838195,1012.0754087744857,1052.0323461914063,957.2988861083984,830.5240203857422,47,-28.666730248666326,41.699561296687705,True,71
OLAELEC.NS,38.47999954223633,58.650001525878906,-34.39045432035105,89410116.82539682,5.7433365969838945,2.258831916008952,-12.065811201593945,68.77193346431577,0.249151300681483,38.98710421462235,38.671989530142554,38.53360000610351,39.77120010375977,36.010700178146365,247,-62.063087090999744,-0.33904789133150093,False,71
JUSTDIAL.NS,672.2000122070312,878.5999755859375,-23.491915446646615,570559.5952380953,0.47832768416011806,4.949260297741032,28.0502898515844,36.987975440160234,0.24247961959503633,677.3577638857743,678.4780453148634,690.8840002441407,624.4629998779296,620.2519993591309,240,-45.310720082873324,4.974698113569809,True,71
MATRIMONY.NS,535.4000244140625,566.3557799316015,-5.465779041096319,40545.036,-0.02800175190448284,3.9510799152321807,36.49517283370756,31.956424565122287,0.2451853748401717,535.135847191847,527.7916437002583,497.5039892578125,454.125143737793,464.0137600708008,167,-36.465971889817816,14.545091016677315,True,71
RANEHOLDIN.NS,1580.5999755859375,1846.1341245121132,-14.383253383410032,22670.8373015873,-1.1136166514167822,-0.8344343198698589,-2.6521829904617267,63.508996750030946,0.24329695273758212,1606.9376883638156,1623.3270660458263,1665.0879907226563,1582.6766748046875,1388.0523458862306,38,-17.075362830496353,31.745913311071263,True,71
NIITLTD.NS,88.5,109.89657617408741,-19.46973865700151,1063991.7261904762,-3.3526260839310096,-14.027590925719613,-11.082173319773725,77.58856561969907,0.24569993458410488,90.47038986503418,92.19923348935282,94.86992965698242,91.02058002471924,82.392461643219,58,-22.781943200919518,47.32589532045706,True,71
SOUTHBANK.NS,49.95000076293945,50.68000030517578,-1.4404095063941358,22743372.23809524,8.42196894685705,9.228080609984524,10.543713506228535,47.402386294174526,0.2481188158622098,47.28663701428742,46.68801905304586,46.21904182434082,44.83294109344482,42.12841682434082,0,0.0,8.010914848590712,False,71
CGCL.NS,253.6999969482422,287.45001220703125,-11.741177187524753,2886624.869047619,-6.262699918894166,3.71196457353109,11.520199654663642,52.49377307667016,0.24569692049883962,262.6673850025742,260.55533075940644,247.06304138183594,230.02756912231445,203.26822120666503,14,-13.49800544889237,7.5017051980338145,True,71
SAPPHIRE.NS,223.61000061035156,313.0,-28.5591052363094,1371012.2976190476,-2.824735988335658,-6.728124014860104,23.71915116424457,48.657095686972674,0.24950485222256852,229.06511041462255,228.80802340530357,219.77120025634767,200.34050033569335,199.99885009765626,251,-55.3003183188149,0.0,True,71
CENTENKA.NS,570.9500122070312,659.4200186323656,-13.416336162924015,111114.90438247012,1.6920473405381165,4.321217785776521,11.823713293526271,49.3615472826401,0.24325181192323042,569.9103174330394,570.5880711040633,574.6960473632812,534.1138513183594,478.8535615539551,42,-18.74678161815352,21.65389741770307,True,71
BHARATSE.NS,214.08999633789062,261.4935961713362,-18.128015571894053,557493.5396825396,0.03270351557445039,-3.157375833480347,13.483272571566207,53.022295144329924,0.24625695014063206,215.8740702430053,217.514147344703,222.37280090332033,210.33429916381837,190.4193977355957,54,-24.14345761630742,41.455551459355775,False,71
LENSKART.NS,680.25,725.0,-6.172413793103448,6490861.421524663,-3.810804827749592,6.189513881544539,32.10020077182003,36.240740362697736,0.2498317867015905,683.4209483497622,675.2497993591096,629.4590063476562,570.8405047607422,526.898752746582,5,-7.862068965517244,27.217121991035008,False,71
SANATHAN.NS,523.2000122070312,544.2999877929688,-3.876534275059207,44183.484,8.807321527702893,13.222247413220888,16.798749402694813,37.99288424883252,0.23761960155755918,492.4572227842943,480.02164113631113,470.38500122070315,449.2795004272461,436.6967497253418,1,-7.339699170570002,12.18865924748278,False,70
REMUS.NS,946.0,1006.4907481599214,-6.010064997667519,6492.8,-3.326831390183138,6.286201599251262,23.957648618082494,39.825464274160424,0.2404203747592086,942.7025534475866,923.723292200172,856.5522509765625,806.8555853271484,741.2136431884766,5,-7.89781210659386,35.37748343587985,True,70
MEDANTA.NS,1495.4000244140625,1544.0,-3.1476668125607232,228066.024,-0.2667733716733234,2.501884939967658,14.657039717949116,47.92152392659297,0.24039421136848121,1479.404375790658,1463.94703823786,1431.4189794921874,1346.9176306152344,1231.3611978149413,20,-10.61528655531493,12.200630837055915,False,70
BALRAMCHIN.NS,685.7999877929688,780.9500122070312,-12.183881545140185,1221591.4087301588,1.9625353384129962,5.515805048483946,23.578695865875975,37.96016483052676,0.23557089235511586,675.8244047536781,676.4252865494304,657.9739965820313,602.835,534.386749572754,26,-18.45829082026419,43.59789555539078,True,70
SKIPPER.NS,551.1500244140625,616.7999877929688,-10.64363889075528,636949.764940239,-2.658069139614516,-1.2289446629806133,3.4903238716340823,58.676242138819276,0.2400599817046036,555.9453140068042,555.8771887932171,546.6524639892579,536.4796829223633,466.10734634399415,12,-16.828792128285453,8.969694051460998,False,70
PVRINOX.NS,1254.5999755859375,1357.800048828125,-7.600535390410112,394241.59126984124,-5.291762525085375,1.4802172640176359,30.463260410186187,36.577401364035445,0.23536805868965022,1276.7553489433667,1255.6077610290738,1190.6189965820313,1087.052000732422,1047.8197525024414,4,-8.307559638510787,20.129995324550332,False,70
STYLEBAAZA.NS,375.79998779296875,447.1000061035156,-15.947219265758406,874188.9880952381,-2.831289517008728,-6.505790177857607,34.598843611191214,37.706118064449676,0.23877813321864844,380.7660987832997,382.2399398546957,357.052998046875,343.58049713134767,325.3582485961914,25,-19.022593860322047,49.214006074949815,False,70
ARVIND.NS,549.0499877929688,607.1500244140625,-9.569304831563485,675157.7817460317,-0.6424154813261751,2.3093438743377437,-5.732850982279237,63.40194640758161,0.24038550495083805,551.7146220571872,551.9233098175557,542.6247918701172,523.156137084961,434.58401580810545,12,-12.542208902577578,6.352380087013021,False,70
HONASA.NS,465.5,506.64561650495574,-8.121182768498947,1552033.628,-2.9298275780656247,-1.4935380074944549,4.9161637292876925,57.04885980405834,0.23702702681104193,472.26533778561515,472.129755990752,467.63331298828126,439.74255737304685,367.5172811126709,28,-11.308813998369939,15.823010031044294,True,70
HARSHA.NS,462.04998779296875,476.79998779296875,-3.0935403476571754,117537.1593625498,4.904069698557434,5.358568157364507,10.487165191602642,47.56232688870461,0.23733200914291283,454.49782017252454,449.1080784538106,431.9829986572266,421.8385061645508,396.7883648681641,4,-6.459729148806604,15.317312112503846,False,70
LUMAXTECH.NS,2026.800048828125,2190.0,-7.452052564925804,255150.85258964144,-3.6096401819693535,4.982910725096779,32.589124184321804,33.582102340816,0.23845196318445364,2038.8625417689161,2008.0908130551547,1863.2532373046874,1728.0813012695312,1654.8407098388673,2,-7.671232876712331,36.6239766549278,True,70
GUFICBIO.NS,423.75,467.79998779296875,-9.416414908600569,113380.61752988047,-2.8096330275229398,3.7710404344479587,9.72116062581987,51.13310317421704,0.23842834241570074,429.673128651114,427.8246961058047,414.89905700683596,382.85096649169924,344.247901763916,13,-13.61692675324404,11.957206298556834,True,70
JINDALSAW.NS,285.5,320.0,-10.781249999999998,4165853.353174603,-1.3816925734024155,-7.977437550362609,9.181999564918208,57.3451186631273,0.23958990567313618,291.10845205718454,293.14380683659016,282.643000793457,265.07229568481443,226.4188360595703,11,-13.84374618530273,18.448056130942447,True,70
TEGA.NS,2091.60009765625,2175.0,-3.8344782686781653,184489.16334661355,7.64797208730057,29.149664368471772,23.41069651350709,23.163908084743245,0.22883502270373834,1965.2871427737655,1856.7091957809564,1683.8213720703125,1686.9228967285155,1727.6755670166015,3,-6.206896551724139,38.00175021666015,False,69
SURAKSHA.NS,343.29998779296875,360.0,-4.6388922797309,65175.824,2.447025228319477,1.3431698281826554,25.612880763473235,38.28801119555641,0.2351240519573301,343.3913620867398,335.3453021482134,302.13300079345703,291.1109992980957,281.2226993560791,4,-6.916664971245656,38.011468794343315,False,69
VINCOFE.NS,184.14999389648438,191.35000610351562,-3.7627446968233835,2492273.626984127,5.809000721206581,5.530322387029174,19.02402393961602,39.35332926805189,0.23135503438632052,178.28471911315177,174.70419240018654,163.69422943115234,156.5686164855957,150.63774990081788,1,-5.388038927892868,24.19527869331266,False,69
VISHNU.NS,697.6500244140625,744.0,-6.229835428217401,114084.96825396825,-3.3926468423065903,7.686972401763881,16.09861929533125,42.854055890223464,0.2316933794081088,707.6953279264815,696.361426834482,652.0508666992188,626.5916497802734,577.4235302734374,14,-10.362899944346438,20.779124844244024,True,69
GVPIL.NS,669.7000122070312,1073.741134374155,-37.62928598266143,491250.24206349207,2.0728604065177736,1.2013618748819344,-25.78093821353653,75.9985826907174,0.23112710027854166,662.0442793781145,663.4997023266886,701.1967370605469,774.7176922607422,591.6356182861329,69,-44.330157347617416,83.27656256457712,False,69
OFSS.NS,10770.0,12540.0,-14.114832535885169,226002.7142857143,-9.465366509751172,-9.152256431885275,-0.05104171500162069,64.58991873913014,0.23043667043799398,11203.514290259056,11432.49030973773,11588.3,10892.39,9127.266147460938,19,-17.60765550239235,13.26890073164122,False,69
INDIQUBE.NS,198.94000244140625,237.5,-16.235788445723685,103121.09638554217,3.157892737955992,3.6361718500788287,19.648762452312262,40.31598543817736,0.23064046554775988,195.4197673510384,194.7393363832143,187.05859924316405,176.35600036621094,176.34040031433105,247,-44.77894993832236,-0.8342667529752767,False,69
UNIHEALTH.NS,638.8499755859375,820.0,-22.091466391958836,37220.88353413655,-6.051474178538607,-9.703183662765014,6.554914284568292,59.115809610445204,0.23067013979141707,665.0705031362921,684.1561400101906,722.48,627.075,487.45800048828124,37,-28.890246879763716,72.58518656792052,False,69
VIMTALABS.NS,599.2999877929688,772.1499569766171,-22.385544106024312,317149.25793650793,-0.6300759321498761,-2.5528475133384188,1.9998298432677863,58.001583727991424,0.23227005348294236,609.310312225638,615.8271838085835,619.1160034179687,571.5583316040039,531.2573399353028,251,-51.477422169112344,0.0,True,69
IIFL.NS,616.9500122070312,705.0,-12.489359970633862,2362116.1706349207,2.7907363644341876,-2.9418723336428365,21.494688270564353,43.32674984576377,0.23469805589189668,614.1444132874416,616.6478092066329,617.3029992675781,560.69,538.834721069336,24,-19.517727033466315,42.32578005064682,False,69
STYLAMIND.NS,3369.39990234375,4150.0,-18.80964090737952,69296.34126984127,2.2424488649294583,-2.9271131563310293,3.7280993656763295,55.70239844472042,0.2303821144281781,3315.581345186756,3340.4292332419604,3440.727978515625,3244.05298828125,2732.777501220703,47,-24.043374670557228,27.253370865626625,False,69
ADANIENT.NS,2916.5,3245.0,-10.123266563944533,1755230.150793651,-3.4271523178807994,-7.9678131902808484,-3.936100131752307,65.89742384397455,0.2324186162821988,2961.400459780156,2977.664908580943,3013.19400390625,2982.5475146484373,2567.316641845703,59,-12.773497688751922,28.3110930749781,True,69
INDGN.NS,608.9500122070312,621.9500122070312,-2.0902001358386713,361995.2738095238,1.474760370128747,7.3323413080490285,16.41105024616931,40.73255842082772,0.22830282740804564,594.2501509519586,588.0939026832102,562.8475286865234,538.0858477783203,512.9694247436523,0,0.0,18.208285615371555,False,69
UDS.NS,207.89999389648438,261.56044720546316,-20.515507555630908,284135.312,9.524805539273018,-6.3808767327351745,12.822661955335102,46.4495984681889,0.2210294318125636,203.0914141279943,206.44169008890066,209.22455749511718,195.21349212646484,177.62488613128662,244,-52.40631628019096,5.761444326322307,True,68
RBLBANK.NS,415.04998779296875,429.6000061035156,-3.386875722492644,6569173.182539683,-0.20437752247892682,7.693304194615047,12.755606500587557,43.615033141464465,0.2279091829343717,413.39038948842824,407.93270124822925,390.5322344970703,372.8747894287109,341.50417739868163,2,-4.771880751570645,15.61581829244898,False,68
SIMPLEXINF.NS,250.6999969482422,318.0,-21.16352297225088,141635.596,-0.27843952475608,-3.081152072433324,-5.645470293430465,61.56473539123597,0.22288178701502973,253.17571051440547,254.31009091154058,251.24719970703126,250.15780014038086,234.2608499145508,214,-56.91823899371069,5.278339263681087,False,68
COHANCE.NS,459.25,917.8499755859375,-49.96458983323241,1742467.4047619049,4.851598173515992,1.156387665198233,0.6796023555837527,52.34698338130905,0.21859111409589993,451.3343579077844,449.39356958896997,444.8750018310547,441.17749969482423,416.7565005493164,234,-70.94296243383619,-0.17780159769809067,False,68
GOLDIAM.NS,325.04998779296875,398.20001220703125,-18.370171313814655,1013101.7658730159,-0.5202791758320613,-7.852590278392979,-2.420353572878031,61.3251357378082,0.22181402249998072,326.44250510502326,332.1491511352831,349.00599792480466,338.5611242675781,300.1821914672852,33,-20.391765373631866,5.439445599092574,True,68
SAREGAMA.NS,496.8999938964844,574.5,-13.50739879956756,1324139.12749004,-0.6001200313319521,1.9282038762019171,0.831981778627422,55.621676446373634,0.22823893884244872,497.7378860451437,498.3404917859088,507.59799926757813,477.6989984130859,410.25249847412107,37,-17.319408181026986,27.21150908086947,True,68
RACLGEAR.NS,1686.5,1927.699951171875,-12.512318165762581,86793.74103585657,-4.225113486429699,10.31527643479324,20.189570886995,36.91345455006716,0.22462797024441042,1707.9937073042422,1664.8127630591573,1502.607998046875,1404.9790014648438,1305.5585244750976,6,-14.92451929549401,37.98566578649567,True,68
EDELWEISS.NS,136.8300018310547,146.0,-6.280820663661169,5532098.154761905,0.4256894172878445,11.024504270379909,14.516708750755459,38.80569984237621,0.2212476235798189,136.2927595520847,133.27171475214104,124.86169174194336,120.27992057800293,115.35158782958985,2,-7.397262364217683,23.691049244252426,False,68
AJAXENGG.NS,607.75,697.5499877929688,-12.873627605828474,89768.10756972112,8.575256811076382,4.947336491436416,12.182741116751261,42.64758066260643,0.22560847579462873,578.3230134071207,577.2589525116647,576.5559973144532,568.7324981689453,544.4572485351563,248,-43.40190743288429,5.27533747508766,False,68
KIRLOSENG.NS,2137.199951171875,2714.2611782271474,-21.26034265546203,606326.7211155378,-1.0601428382518985,1.7617370183898196,-9.40276936180694,61.16476076830961,0.21891406618634537,2153.9498226991527,2152.208278658393,2154.1192578125,2093.3339416503904,1727.4718463134766,68,-28.746724319904416,45.23311172483402,False,68
PARADEEP.NS,155.49000549316406,200.0165475038783,-22.261429149931132,6134610.031746032,-0.08353015557258647,-2.1961116060399632,15.43346825237606,46.42311556193188,0.2275171136372032,154.5568603827769,154.16630940554953,149.99890716552736,140.2109447479248,134.84412921905516,248,-50.64112582584988,1.4176385600877417,True,68
GREENPLY.NS,287.25,333.81821311913393,-13.950171467281368,440967.6111111111,-1.9122438063177483,-1.373390557939913,-2.996695278319772,59.58660718781699,0.22469731799411108,291.96017398224313,291.70312232636735,291.94769287109375,288.43387329101563,259.92458488464354,47,-17.61983343255832,29.426772967786864,False,68
VENKEYS.NS,1652.800048828125,1814.9000244140625,-8.931620111596573,93420.54581673307,0.36434295737783895,5.517980175328452,16.115466287657544,42.0004432093686,0.22774847500848178,1670.7449784128814,1658.4612930302267,1588.3594140625,1522.6333520507812,1481.272907104492,8,-10.937241574179012,12.829718709586157,True,68
SHAILY.NS,3142.300048828125,3611.994309186523,-13.003737551961436,306178.126984127,-0.23811035252191415,-4.375526289473286,8.619893022891944,50.88702623676002,0.22041862108424748,3185.7833372527484,3214.7257650581464,3209.0110888671875,3022.6169360351564,2585.935711669922,33,-15.835969279678764,18.39285061408087,False,68
GEOJITFSL.NS,81.51000213623047,86.5,-5.7687836575370355,969512.024,-0.5854320527445278,0.8038604018952844,7.664080796842931,48.57719915359628,0.21832332775596,80.65730511479892,80.60344937407355,79.76640014648437,77.31443000793458,71.60031980514526,15,-12.878612011154267,6.579954596950688,False,67
SHYAMMETL.NS,1085.5999755859375,1148.0,-5.43554219634691,399484.126984127,-1.309093128551131,4.1442776439071904,14.777010925790934,41.4060041027805,0.21693451134775807,1087.0019626121807,1075.182579992427,1042.4627844238282,998.2925970458984,913.1076919555665,1,-5.827528259064674,7.681395141405201,False,67
ANDHRSUGAR.NS,95.41000366210938,105.85510736650535,-9.867359227393324,466537.20634920633,1.3921415613503463,1.2564037352932989,23.371507505237,35.249413009081465,0.2150171235839738,94.6839605926484,94.95352299291002,92.92974563598632,88.39259651184082,82.2534939956665,102,-29.497343842813894,39.026346839325065,True,67
ASTEC.NS,739.0,941.75,-21.529068224050974,505554.20238095237,1.6925812008194319,26.130733778181224,3.901581722319869,36.699969177583405,0.21245867063447513,724.5377037625096,693.5550551324558,642.892998046875,689.1340026855469,667.9575024414063,210,-45.48446780843509,8.862842388104442,False,67
ALIVUS.NS,1365.5999755859375,1488.4866814641196,-8.255814943356231,110243.04382470119,-4.556896213107386,0.9037505689198921,18.50192190987854,40.89386853212063,0.2163318447828505,1380.7316669936804,1376.6790855576032,1319.8415185546876,1202.1033465576172,1074.5890563964845,19,-11.480566672594804,22.18165780250212,False,67
BUILDPRO.NS,1276.0999755859375,1380.0,-7.528987276381338,84949.99441340783,1.778587166163792,2.737299788123826,25.14464649499768,33.65928769844364,0.21732427702117904,1277.2200299767892,1273.4030022739587,1266.2739990234375,1181.2052435302735,,38,-13.60869919044384,23.7074099095667,False,67
HSCL.NS,678.75,819.5,-17.17510677242221,5410170.948412699,0.5034462925852079,0.6524838100927299,-0.06625621303641971,53.91094688121984,0.21725343279854079,669.9140169224104,673.7017542483716,713.5050061035156,679.9471276855469,580.726725616455,48,-22.818791946308725,32.07453696723326,True,67
HINDOILEXP.NS,173.3800048828125,201.44000244140625,-13.929704735163362,1041493.1428571428,-3.8327076713313035,6.0882412365828475,7.776471775555138,46.522439110881876,0.2177629465720273,176.5610456661835,175.89699088427213,167.5492007446289,165.61030029296876,156.42090057373048,12,-15.602664591762249,22.669758569137734,True,67
JSFB.NS,535.25,606.9500122070312,-11.813165955184846,616898.406374502,1.5076829871182529,-2.1659616367641576,14.811236805009953,43.88440860215055,0.217147104537222,529.3653592898836,531.4919702192508,544.8079943847656,507.8009979248047,452.2957490539551,24,-21.34442964083132,29.84391874825809,False,67
MCX.NS,3324.89990234375,3481.39990234375,-4.495318101624612,3049133.1587301586,1.9907945504217706,1.8346065036370707,17.47662292157022,39.49304828609064,0.21606206946676912,3305.6638165351364,3263.0321325193336,3050.763505859375,3001.7023876953126,2733.987191772461,0,0.0,23.803839114525726,False,67
ADFFOODS.NS,270.6000061035156,346.1881784193172,-21.83441753006542,273209.6785714286,3.499710640380038,-1.168729668415014,-12.714684993487824,62.21767705641565,0.21188890454874917,268.26528185771815,268.8655504965301,273.4781890869141,281.85225769042967,243.70305686950684,61,-28.131571624493446,18.8530837795996,True,67
DEVYANI.NS,135.02000427246094,178.22000122070312,-24.239701858572204,3876281.646825397,-3.9823574450132293,-7.590169250266177,21.235522081914215,42.74237181503617,0.21551335756034176,138.87081572064676,138.74005012091527,133.61519927978514,123.76129981994629,122.89334991455078,251,-48.63090426175869,0.0,True,67
POLYPLEX.NS,1086.199951171875,1262.9288373840152,-13.993574378918295,94404.28968253969,0.6392941750759329,-5.401908599669925,14.241413149391246,45.37593701201119,0.21406346447195462,1104.3328511659556,1120.014915502107,1141.6060034179689,1047.7259857177735,946.4068530273438,32,-16.495692839637943,28.41900170936189,True,67
MASTERTR.NS,84.87000274658203,164.5,-48.407293163172014,960884.9920318725,-5.426783188228324,1.835860902234998,12.724135628319488,42.614695245038384,0.2068761264813537,86.94099062557837,86.62563194045298,84.08419982910156,83.66059982299805,87.4062501335144,244,-66.20060883032153,-0.48462797030401905,True,66
FOSECOIND.NS,6468.0,7389.5,-12.470397185195214,7712.97609561753,-3.137401722201427,5.850585058505842,21.32580295844704,33.57301552552929,0.20683323937226855,6489.156656538308,6341.484389999365,5795.53,5433.9496875,5111.520532226563,6,-12.96434129508086,34.44952305246423,False,66
FLUOROCHEM.NS,4441.39990234375,4955.618691060383,-10.376480128389431,111718.78174603175,-3.167861137234207,-4.874876714171084,12.117578177963484,46.7602538910844,0.21047613553265168,4530.960599454303,4572.613387687052,4592.5261328125,4192.062719726562,3785.9493493652344,31,-10.60047027670883,22.858640365332338,True,66
SMSPHARMA.NS,475.0,494.45001220703125,-3.933666038395678,541216.4780876494,7.327608201272362,31.16502499709688,15.236377167548953,23.114763654979043,0.20782584431802917,454.8728230576277,432.11784154270424,391.09523498535157,389.9977383422852,374.71963104248044,3,-5.379715936254836,27.05576205076996,False,66
MAHSEAMLES.NS,715.6500244140625,738.5999755859375,-3.1072233862001752,195088.41666666666,-0.2647848109857964,13.169706541970205,21.54668470121095,29.716335092944934,0.2095800227483672,705.4559598819585,690.4181335637072,632.6096691894531,621.0449847412109,589.5374789428711,8,-8.725961725187759,22.71929750526722,False,66
PENIND.NS,184.89999389648438,279.8999938964844,-33.94069384479298,790407.1075697211,7.8574355691529485,14.916097520451421,10.427610607081817,35.43802234833562,0.2107245518246437,176.5160547695234,173.1095911369161,166.40199859619142,164.0434992980957,166.464849319458,222,-53.87638123662812,14.725819485092462,False,66
CAPILLARY.NS,599.4500122070312,798.9500122070312,-24.970273102430806,1393818.8271028036,23.840517988695797,17.781707010390303,16.760807109656174,25.0286780570949,0.20980106556682454,527.6447896960295,509.73143765667396,506.0769964599609,507.787497253418,543.7229992675781,210,-45.159273145746326,13.652100213185282,False,66
ANDHRAPAP.NS,74.05000305175781,86.18916380875459,-14.08432362092803,432397.05179282866,-0.7638698389760168,23.190820661887734,18.570734942869805,26.50760091045914,0.20736037995524542,72.24644978280007,70.08094093364926,64.34653228759765,63.3055171585083,64.11435020446777,244,-33.248938734659326,7.616590459714523,True,66
CONCORDBIO.NS,1453.5999755859375,1657.674495573315,-12.31089218856548,269535.11904761905,-2.730195942289426,-1.9097137702872136,14.224615150266985,43.588324117313505,0.2104775184371911,1496.1183079537793,1488.0780186305021,1443.263056640625,1338.807137451172,1263.2767013549806,247,-40.813141997129875,2.8316144999717574,False,66
SPLPETRO.NS,880.0,965.127357372077,-8.820323734669412,197543.19444444444,1.6518410062756228,27.16763005780347,24.614736254014268,20.488478277565104,0.21178522299418578,850.7379630529293,818.09878298305,752.2590002441407,726.3222839355469,690.4691709899903,249,-52.62112747973704,-0.8990513909859277,False,66
POWERICA.NS,582.9500122070312,676.9500122070312,-13.885811109381008,373327.848,1.153917153378714,12.321774991720847,-5.48033851527665,49.474362104366996,0.20725390000845847,563.21948951071,554.000231902822,542.8079943847656,548.6509951782226,,67,-27.52049855249442,34.358499266208995,False,66
EXIDEIND.NS,423.6499938964844,496.3999938964844,-14.655519922341242,2756987.119047619,-2.7991309019584354,-3.221017956257144,9.824606261416369,47.85696194469349,0.21166049974855033,425.2527784430785,428.01675556859306,443.53800109863283,414.88822845458986,374.7754930114746,33,-18.392423230369292,24.994538832844416,True,66
ALKYLAMINE.NS,1847.699951171875,2115.0,-12.638300180998819,128280.18253968254,-0.8212586595880311,-9.647924148074571,7.838212025457358,50.87124187638479,0.20688249662617406,1869.750111151686,1893.7167725114782,1909.7440063476563,1842.2006811523438,1666.555283203125,24,-17.730496453900713,24.235377581012308,True,66
PCBL.NS,339.6000061035156,382.23402387266384,-11.15390444241331,2123784.2817460317,0.8612990173285873,5.1393207750822345,7.2214031707937165,42.319300549031105,0.20208135227599863,336.59637200364426,331.70400709591644,324.5474584960937,310.27481964111325,295.76214111328125,243,-41.559069444740416,1.318187565997242,False,65
IRMENERGY.NS,268.25,375.9840192991765,-28.65388255064395,1444264.1785714286,-0.7216921239578289,-4.737434522007133,2.797153401141128,49.50293341569869,0.19620663269824606,271.0405636374422,273.8760301870363,275.5828460693359,272.0570050048828,260.09626342773436,248,-56.24339057047055,4.1142404624295414,True,65
HATSUN.NS,1165.300048828125,1349.699951171875,-13.662288583743742,80443.64940239044,2.3000679311498073,1.1106333039587746,26.76639095220288,27.592920045265036,0.19519218757673615,1165.1009847684938,1152.134349732669,1044.097000732422,980.154423828125,955.1179925537109,8,-17.092684264496715,37.31825525040389,True,65
RAMCOSYS.NS,580.2000122070312,967.5,-40.03100649022932,695827.373015873,2.2829461801729733,4.314994511554704,-30.602234234981374,68.63828885125996,0.19365938790337808,581.8204849813828,585.045474543547,609.3570043945313,603.5730017089844,538.3052510070801,58,-44.48061763162144,130.50026608963026,True,65
MONARCH.NS,362.75,405.91149198853304,-10.633227400655198,143234.27091633467,-0.9285795311103073,-3.1892211950152127,7.996464622970656,45.61685807890139,0.1991498042633768,366.6924757839929,370.2253776690835,377.08443054199216,356.66257843017576,322.43704368591307,30,-15.782131609820782,11.520346046713481,True,65
IGARASHI.NS,422.79998779296875,556.369872473851,-24.00738991976241,280148.95634920633,-2.2088627676023154,0.4752851848902617,-7.677170535855593,55.06992541274383,0.19598989764558675,424.1735952398343,425.5648734065063,438.1317614746094,429.04466125488284,401.64682403564456,241,-51.424729443857146,3.158999086522374,True,65
GSPCROP.NS,498.25,666.5340937074551,-25.247634786603392,394671.3488372093,3.3499260925162977,-22.365169942880826,28.92032813271865,40.038824345568244,0.20553586798718362,498.11846544784856,519.8452516089558,559.8057006835937,493.9436682128906,,22,-30.243626455648354,61.752273506282386,False,65
HIKAL.NS,217.5800018310547,264.15698576786554,-17.63231201378922,1147269.6972111554,-3.742696737903828,6.505732797592523,-1.5526763754420636,48.17969334699783,0.19732951311894636,223.43433345315472,223.07951711995662,220.1100067138672,214.33427597045898,206.29672500610351,250,-44.7273315127407,0.0,True,65
MANAKCOAT.NS,129.91000366210938,182.7466119542093,-28.91249677741723,719468.0239043825,0.5339749534808869,7.283844736114542,15.082071405968822,34.36950223457753,0.1978258875819266,129.78452533150207,127.6415345505183,123.58323608398437,116.45386245727539,117.84203624725342,230,-48.47391471782986,28.75608133267409,False,65
GOCLCORP.NS,384.1000061035156,430.87402214509945,-10.855612925727131,192107.98804780876,-7.79820872176582,3.5138245958016956,0.7007421467642105,51.05112228422448,0.20553615604702813,398.9803017197584,397.5676316435551,386.0375152587891,371.8562322998047,316.01724388122557,5,-12.50342777150697,12.49527791256375,False,65
CEIGALL.NS,384.1000061035156,405.164930099543,-5.199098547559899,430125.2509960159,2.769232402278421,12.771528815264443,-1.848344322004969,43.5101840416928,0.1968079932335636,380.2097642660561,371.27151262047965,346.2198553466797,353.4632409667969,318.0236693572998,63,-25.486819158991516,12.261866491855077,False,65
GALAXYSURF.NS,2261.300048828125,2648.0,-14.603472476279267,22757.738955823294,2.081080655128331,-3.3136650582349714,15.914211105546272,40.45956403220583,0.20503463998412053,2223.417549814843,2218.060015707036,2148.9788232421874,2000.763914794922,1926.0750958251954,28,-21.499246556953366,24.252688082819684,False,65
ADANIGREEN.NS,1296.5999755859375,1631.5,-20.527123776528498,3117371.9007936507,-2.840016816340385,-2.4012062035425275,-13.108161237528936,60.68904899680414,0.1957892830512043,1293.842919919589,1298.015620980282,1334.3240014648438,1405.2759985351563,1199.3437493896483,53,-25.534782444740266,16.45376274770005,True,65
NORTHARC.NS,300.8999938964844,334.0,-9.91018146811845,809595.0912698413,-4.049748711688206,5.0995482801324155,0.9392780059173989,45.46772299629642,0.19083807385151452,307.19772174893234,304.6649928962911,295.7870001220703,295.2320001220703,272.62440048217775,54,-18.218564701651385,18.746581200346203,True,64
NIACL.NS,176.60000610351562,242.60000610351562,-27.205275490322244,3776741.285714286,-5.893636013408477,-4.643623642785477,0.02502860226492043,51.12421049662692,0.18939104449432304,187.38890431211826,190.01033926796,185.1966000366211,177.15002563476563,162.6180693054199,14,-27.535037663294514,27.158721611956473,True,64
NAVINFLUOR.NS,8584.5,8949.5,-4.07844013632046,218255.10756972112,-0.06402793946449492,0.19842427779399596,11.675556133732279,39.46982753901946,0.1932387991733982,8478.76684649413,8455.210279985376,8225.25,7768.21630859375,6987.449594726562,12,-9.492150399463661,15.19427671304805,True,64
KOLTEPATIL.NS,432.0,554.5999755859375,-22.106018929483373,166272.836,0.057903879559928484,-3.560667880874968,18.518518518518512,35.72102311263201,0.19137621612389355,434.2589159246105,436.9262251369484,434.19700012207034,402.8080001831055,382.0420004272461,33,-25.495847386130254,39.03915827169722,True,64
SMARTWORKS.NS,529.9000244140625,619.0,-14.394180223899433,102758.81274900398,-3.188079282034284,-1.9792733361257864,8.999286447979227,42.27413264776874,0.18894776398072677,535.5152007778067,532.10069052224,512.1100012207031,485.35600036621094,461.19925018310545,224,-41.59935379644588,5.660541429597132,True,64
LLOYDSME.NS,1838.0,2125.0,-13.505882352941178,530212.5674603175,0.6186045398903994,2.196274673338894,1.5245235977540572,44.617334817711466,0.18805406395067623,1832.56299205001,1834.3852341103513,1896.5060009765625,1832.1733837890624,1583.9165625,34,-18.070588235294117,16.115166043311024,False,64
TVSSRICHAK.NS,4609.5,5717.877906976744,-19.384427667200487,15444.581673306773,-4.850861802043549,-11.460449357922775,13.04824592260465,44.58840862792614,0.18972661176162947,4728.589040575301,4817.655949433709,4579.11373046875,4266.2481616210935,4092.558504638672,18,-23.293220468237628,31.275081951465665,True,64
DHAMPURSUG.NS,174.6699981689453,199.9199981689453,-12.630052136486182,507466.6785714286,11.810265525588214,2.194008916553658,25.53543117374786,24.92579539544031,0.19250775846170037,165.23458359431024,165.25106445329808,161.18639892578125,151.79885131835937,138.82546905517577,24,-25.665265120317528,31.359432443579173,False,64
SURAJEST.NS,221.75,319.0,-30.4858934169279,231689.22310756973,15.34460338101431,13.131986232603232,17.889416695694326,24.25753202819361,0.1923069540460782,204.82249509524544,197.7522849157435,196.51899993896484,200.5334002685547,214.0500003051758,229,-48.275862068965516,7.817238755527667,False,64
DLF.NS,683.0,776.7480127911251,-12.06929547901333,3649324.587301587,5.9982968694793914,1.013085164327765,11.535367114870464,37.19004110329498,0.19139073295592626,663.5372434626503,661.7626334203212,661.6643212890625,632.9723101806641,621.6236753845214,229,-37.774956933709134,7.995293130263792,False,64
JUBLPHARMA.NS,1071.949951171875,1178.6978642896322,-9.056427126224676,172203.11155378487,0.6147856774655791,21.992709261430154,10.979445695114244,27.62801059316322,0.1880505836583215,1042.9921106227532,1010.6419901140139,954.9728491210938,966.5977746582031,953.320814819336,233,-33.655473337427246,6.748166595183869,False,64
PARKHOSPS.NS,286.3500061035156,305.0,-6.114752097207987,1204534.1173469387,1.5245589422621109,-1.3096632338115644,-4.326756504384111,50.6629536892615,0.18857677771853265,283.7186250703289,282.9680824433787,282.3739984130859,279.54779891967775,,62,-12.62295081967213,20.19289921406027,False,64
GRANULES.NS,868.6500244140625,923.6500244140625,-5.954636339114527,1102088.075697211,-0.782407262814111,4.3674200593807555,7.0346758078575045,40.306170333249725,0.19028114161251883,866.7286803723996,865.4395687828696,855.6343811035156,823.3971557617188,715.1262557983398,8,-10.247390452255534,-0.14643470671571457,True,64
POLYMED.NS,1724.4000244140625,2090.02010392206,-17.493615435654785,191771.24206349207,-0.09269846963716466,0.8952108739501696,2.4019982412380347,45.07021786794419,0.18918458947375402,1719.2860013200232,1723.5807661606518,1726.04421875,1637.970137939453,1569.4637036132813,221,-43.56109824271459,1.5552701937149305,True,64
IDFCFIRSTB.NS,83.80000305175781,89.61000061035156,-6.483648609553283,29804464.325396825,-2.4674059152316685,0.0,5.731770884722809,42.81425038353306,0.18598490827306902,85.36587370180837,85.47853156900999,84.96690826416015,79.82495620727539,77.45154981613159,2,-7.0751076041760115,3.6911646911646834,False,63
TIIL.NS,3003.39990234375,3565.300048828125,-15.760248472469108,20834.02,-1.6600698631786148,-9.756323000656252,17.096183737981676,38.49003748327122,0.1840759852825388,3061.4087196254222,3092.0734688593034,2976.5879931640625,2750.987607421875,2494.3172540283203,23,-17.650689709410827,34.69920986728321,False,63
VMART.NS,760.0999755859375,886.8128854091074,-14.288573374158208,622852.780876494,-5.945684263631989,-9.084386497932561,-2.3018397191911344,54.510246875639346,0.1870210110854869,790.0804924829345,800.7189721367624,801.0890002441406,758.6546002197266,687.710731048584,238,-48.43468856895955,20.91784864575825,False,63
MIDHANI.NS,405.04998779296875,480.94770175684044,-15.780866336740363,1278811.9206349207,-2.6424348299876166,-2.875185255461732,-2.9100054204348247,50.221143836188546,0.1837617537425386,415.0413446831754,419.23749715579936,417.60215454101564,418.18580535888674,380.6291371154785,13,-19.68283245494281,14.470843919167976,True,63
IFCI.NS,73.94999694824219,107.5,-31.20930516442587,40122230.84126984,-3.345974534715135,-12.24635114029441,-1.241987632596142,54.44861173465547,0.1862298072255295,77.86730046351941,80.4357403899386,79.92840026855468,76.76000015258789,66.49650001525879,15,-32.083718943041426,30.880452429207715,False,63
NYKAA.NS,333.70001220703125,349.54998779296875,-4.534394547118426,6182245.103174604,0.4666621523497394,-1.2721857375647239,7.350814108044879,42.000005194481396,0.18797475377928052,335.1560481349036,335.157941775892,333.1290002441406,310.71199920654294,283.5370996856689,19,-7.681297818222266,11.499198658044252,False,63
IIFLCAPS.NS,346.70001220703125,407.5051309315702,-14.921313649606427,675024.8412698413,0.46363548977617075,3.678235207849445,2.528469160098301,42.00287563964733,0.1834170159443593,344.39899413906176,341.77591507932937,337.97099853515624,339.7514993286133,328.8039563751221,181,-41.00687926384582,23.942339007899193,False,63
TSFINV.NS,456.8500061035156,684.5682054144123,-33.26450125930761,120235.28571428571,0.263362717679283,13.025727933307696,4.804742279747987,36.62019621573638,0.18720983028648416,450.81758103923517,441.26809211155455,432.83900146484376,424.2382205200195,415.7466404724121,239,-52.0133152382439,20.457120795265205,False,63
DALMIASUG.NS,428.75,520.0,-17.548076923076927,457542.228,9.795134443021759,-9.651246227183519,32.21017620708431,24.670615333816247,0.18580563194517263,408.45225794384913,417.1793578486775,419.30000061035156,381.0567266845703,348.0234782409668,24,-27.38461421086238,48.04048508272694,True,63
SHARDAMOTR.NS,956.3499755859375,1164.805929175164,-17.89619612743908,65195.56,-1.1064590602447688,9.573036963957037,17.577707594447347,29.038861778012315,0.1869281847630606,946.7112694844234,924.8989095623227,883.6180053710938,856.9273577880859,858.1124972534179,219,-41.17153048990746,7.604915109866717,False,63
ZYDUSLIFE.NS,1203.9000244140625,1208.5999755859375,-0.3888756633141921,1087403.753968254,3.7844848632812456,1.2361313358364656,8.303244062640157,38.312883749624675,0.18441801472137337,1162.1022914526516,1150.9331847211445,1137.3946166992187,1110.3545587158203,1007.8632315063477,0,0.0,6.842383053330692,False,63
PNBHOUSING.NS,1094.9000244140625,1211.5,-9.624430506474413,1153766.1865079366,-3.371278086218421,-7.0543272993155774,6.263934713479369,46.14194573922292,0.18587965441248022,1125.5966457880997,1136.474842161396,1131.0375244140625,1084.3646447753906,984.6415817260743,22,-11.085435313918701,13.543238860562766,False,63
DCBBANK.NS,214.08999633789062,234.8000030517578,-8.820275317160874,2351183.6746031744,-1.9510005250952034,-1.5723406994237354,15.599351979321208,36.35136676905053,0.1871078410902231,218.53327384186193,217.17533293530315,204.24199981689452,192.90525939941406,186.70547180175782,13,-11.971891075382645,22.505068347777257,True,63
AARTIDRUGS.NS,427.3999938964844,531.1493690336815,-19.532994141732306,172177.11111111112,-1.0189888885763443,2.273271150693823,13.098703572236413,33.66692537810301,0.17749136564193257,430.4039484230335,427.6813428857797,420.92999938964846,401.30400024414064,387.2520178222656,222,-39.950975977379755,2.642481692222165,False,62
WINDMACHIN.NS,299.5,343.8999938964844,-12.910728317677433,102260.8844621514,-0.1832987219943627,-1.464060545587409,-1.4802631578947345,45.706638556743506,0.17527434494012065,299.55998485954734,300.9942582445779,299.44599853515626,301.54249908447264,280.4108493804932,77,-22.76824343781101,14.052171790081513,True,62
NAUKRI.NS,1254.800048828125,1409.9440640081355,-11.003558165206417,1723418.5099601594,0.2877316014021636,-5.190778328060064,27.55098001722549,26.95915184210673,0.18039572236538542,1270.6907044471373,1281.4999171106185,1282.3041040039063,1146.6248937988282,1142.0932568359376,231,-35.777232539615866,1.413223571979949,False,62
GPTHEALTH.NS,161.27000427246094,175.0,-7.845711844308035,129804.03614457832,-2.9721450224778123,6.063795485465806,10.942179015839471,33.714039334531385,0.17683814033409778,161.82104653123932,160.29266560908027,158.1097213745117,152.18828125,141.3621667480469,39,-15.079999651227682,14.964889777794067,False,62
ANANDRATHI.NS,2126.800048828125,2268.39990234375,-6.242279122359406,522532.43253968254,-4.602128734632249,-2.5699691248046386,7.593468981838347,40.40801360018471,0.17467039436201234,2179.739395580654,2184.4045367522,2150.499982910156,2012.6031335449218,1797.002868041992,5,-11.523537012749252,9.171927378534473,False,62
ASHIANA.NS,389.70001220703125,434.28772937264273,-10.26686091960769,137115.69047619047,10.25982663833287,7.002256905835225,-1.2130970322131285,39.84508905676305,0.18000540558041614,375.87069171372957,369.0452822242978,370.1014196777344,370.69651123046873,339.43255737304685,48,-23.617800360962114,4.812405296269939,False,62
SIS.NS,418.3999938964844,480.95001220703125,-13.005513405335234,185716.43824701195,-2.3000598023387386,-0.7825511536686314,1.001809027515832,44.95063320407724,0.17894279778918049,420.98495063245116,422.3347486357314,426.36499877929685,421.25299896240233,370.0941552734375,67,-16.301075459857593,24.034270223092523,False,62
GODREJAGRO.NS,657.7999877929688,713.1427548958242,-7.760405153515149,283342.2301587302,-0.5743633514501467,7.002844699954247,20.49988232209532,25.412722716663282,0.17658186388139743,661.4716332265714,651.3753846383028,606.80400390625,582.8058441162109,576.3034567260743,249,-30.385141654449967,3.678928041070839,True,62
COSMOFIRST.NS,849.4000244140625,996.0,-14.718873050796933,99389.45418326693,-2.5078881590746005,-9.834930691519483,8.279965852281546,43.33979791729088,0.17602133968389458,869.0763387920239,883.2399387723158,901.8466540527344,839.0705895996093,751.1425918579101,18,-15.411646586345384,11.876745842191983,True,62
STAR.NS,1184.9000244140625,1260.9000244140625,-6.027440600242439,387980.82936507935,-2.8611266615041764,20.539168302549605,8.925647174842656,26.94730903172853,0.1727833875950371,1194.2947687887029,1159.690417640318,1067.231865234375,1081.544234008789,1001.1742590332032,4,-6.638121311884559,18.972514808157715,True,62
IKS.NS,1815.800048828125,1970.0,-7.827408688927662,244607.9203187251,2.0169685893386413,3.724441571545478,8.121949650539761,36.690756959978785,0.18059472852396402,1821.1007686915902,1801.8346771078463,1795.6100048828125,1756.562001953125,1654.7235028076173,2,-8.395940325586926,6.519354707537861,False,62
DIXON.NS,13390.0,18456.797063638267,-27.4522011926997,539715.4325396825,3.0396306271643025,-8.909628180871188,12.418660335333499,38.533079195981635,0.176608672055349,13352.843704783862,13577.490758745742,14017.53357421875,13023.06849609375,12089.221928710938,251,-48.02663957941107,0.0,False,62
HAL.NS,4800.0,5149.89990234375,-6.794304918130711,1132051.5158730159,-0.006245540897409363,-2.02082057562768,9.781024245431347,37.92517071228367,0.17699586889327598,4811.450918236039,4827.560126524961,4811.11501953125,4594.159599609375,4390.1908203125,29,-10.371077259446881,12.270797958049195,True,62
SUNDROP.NS,745.75,823.9500122070312,-9.490868505185745,19563.24,12.41332115697038,12.86416950435112,15.423313446760556,21.12229741993883,0.16890079018570964,712.0528089906217,691.3790363116792,669.4380004882812,664.1615002441406,658.6465002441406,244,-32.52017819494908,0.602556272683441,False,61
EMMVEE.NS,321.8999938964844,370.4085035460425,-13.095949252020455,3753799.0276497696,-1.859757958388908,-1.3467804998813615,-5.862393700466962,48.54487056037635,0.17203898218195288,328.59347926037367,328.6772453533284,325.16005737304687,321.2510568237305,268.20978889465334,51,-17.642305116049283,39.84688915604486,False,61
GANECOS.NS,1028.5999755859375,1263.6510864598436,-18.600950325014853,327600.12749003986,2.6546881822292923,-1.2495265391228694,14.345525425734419,32.20697694851857,0.1720201191752611,1015.9327659400041,1022.0969872522536,1076.5233984375,1028.0500848388672,940.1074237060546,47,-26.205895757789698,29.492669281504003,True,61
WALCHANNAG.NS,210.99000549316406,315.79998779296875,-33.1887227204441,1524756.6626984128,4.084652215015905,-5.0706331738549775,-22.515602294635073,60.265868040270696,0.16746005114448356,206.89907728275756,209.558339221001,221.29220092773437,237.56440017700194,208.20285041809083,70,-39.08802785120486,42.3650642443812,False,61
WENDT.NS,8646.0,9298.794297763758,-7.020203661465518,9777.418326693227,-1.385799828913603,3.2234957020057298,4.98575071210865,37.54568185442597,0.1702011711291277,8615.316667429877,8520.75384547399,8229.23,7802.362416992188,7438.8540942382815,250,-37.260754554616014,0.0,False,61
THELEELA.NS,546.1500244140625,582.8499755859375,-6.296637678500483,421273.944,1.0359886684963904,-1.2029601168147552,13.911776099450712,31.681741871986134,0.16709236422116355,539.7203661640358,539.3036007938679,523.0440026855468,484.99300262451175,455.2897512817383,18,-11.958472006763976,13.580249014194745,True,61
SJS.NS,2317.60009765625,2590.0,-10.51737074686293,140884.28685258963,-4.342081436838285,-7.388607486263732,4.490536413717305,43.63997259415011,0.16891220320838665,2322.309139482464,2346.565680573705,2392.380009765625,2243.833507080078,1977.6793853759766,36,-13.447878333132234,16.5971216746009,True,61
AXISCADES.NS,1892.0999755859375,2211.0,-14.423338960382747,143955.9484126984,4.466653411828925,17.310431331495792,11.077841286093925,24.940566896650118,0.17208330751970274,1857.5940597696554,1802.63060381894,1662.7679956054687,1742.3340002441407,1611.0800036621094,99,-35.95205899656547,40.447309307226355,False,61
UTTAMSUGAR.NS,293.1499938964844,356.11921220364263,-17.68206155391303,170520.96031746033,12.641688336785538,-0.8619880920104794,29.410780460680243,18.373630140932185,0.17264457409853404,269.4642686684835,272.339301078545,267.44786651611327,251.20858505249024,240.2613498687744,24,-31.455535747975915,46.051938731738296,False,61
MAHLOG.NS,420.25,447.10758500270833,-6.006962508261992,262446.5198412698,7.001909611712276,7.316137244622767,13.12347077043392,27.093954682081268,0.16938041514058463,406.4778164708071,402.81231098662977,403.20300048828125,382.8674658203125,372.46933380126956,110,-26.544449545759573,-2.1207450713510267,False,61
HBLENGINE.NS,806.0,1117.5593013063567,-27.878547558251576,1934823.496031746,6.052631578947376,21.234642094201007,-0.6316291336191382,31.28165974245718,0.1717536673363207,758.3937781912398,737.4895258047239,710.1546838378906,748.5872180175782,757.9121447753906,222,-45.224414313337846,33.991823963850166,False,61
BFINVEST.NS,442.3999938964844,584.7000122070312,-24.337269598031263,59919.6374501992,-0.6400912079765564,-0.12417164361422373,1.2345441923370393,42.340165644683815,0.17217586066054139,443.6054817159665,446.3638275069519,454.8770001220703,443.04365631103514,415.6593441772461,54,-27.219090318354656,36.33807038619297,True,61
TTKHLTCARE.NS,1031.0999755859375,1247.0,-17.31355448388633,12608.609561752988,-1.8000023251488084,-4.545452490779178,13.672515099159321,35.55935195512794,0.17236404581128256,1062.3357037591402,1078.4229992922203,1083.3129907226562,994.0649609375,958.171018371582,12,-17.939054707861366,20.17490501033359,True,61
GODREJIND.NS,1105.300048828125,1443.0,-23.402630018840952,214973.02380952382,-0.189631166664328,-3.928722396512385,-5.907883308798723,47.57009997705273,0.16450967402212566,1112.341544310909,1131.9192594550113,1214.4580102539062,1182.3085040283204,1073.3367504882813,55,-25.294525294525293,24.901977021680246,False,60
EMBDL.NS,58.06999969482422,99.20999908447266,-41.4675937599996,3008454.0793650793,7.776537757324786,-6.579794341421907,-6.519638291528973,47.16168535765253,0.16370477563050417,57.8603534494766,58.225193061679555,60.529799957275394,61.780099868774414,59.845249824523925,246,-60.225784246934296,3.5117759375925317,False,60
USHAMART.NS,518.7999877929688,542.5999755859375,-4.386286189428567,721943.5793650794,2.2870613775148207,6.061534144219771,5.19171301537249,33.52857261573878,0.16409955917502697,515.30814422445,508.6479758220375,501.5154144287109,493.5303051757812,459.9947007751465,4,-6.892732226631438,7.1322649767350255,False,60
VIDHIING.NS,345.75,387.8500061035156,-10.854713276007866,26958.530120481926,0.34828392092478566,1.3929618768328433,22.36772781364953,23.371989295272087,0.1637253482966274,349.0582510006976,345.14067812502367,330.6760009765625,311.07100006103514,312.9435003662109,213,-33.32473842104407,1.68598395040358,False,60
HCG.NS,698.6500244140625,804.6500244140625,-13.173429041674122,205150.8849206349,-1.355450135677727,-0.18572580474278677,11.409671761073103,33.02551564653393,0.16460417612419176,700.785961061926,700.3760828458164,697.15400390625,666.5920013427734,633.5266955566407,232,-36.20829277091636,15.848908902851955,True,60
BELRISE.NS,247.9199981689453,267.55305639788776,-7.338005587850738,5782446.047619048,3.2225854480778082,8.41963375634136,4.1704640875172005,33.61980841863878,0.16705247889786726,240.54900114380496,237.2860936602187,236.14213470458984,230.84477142333984,208.46105979919435,32,-16.745484802558007,9.42014460747178,False,60
JAMNAAUTO.NS,138.1999969482422,150.8288738594787,-8.372983625802544,2714021.8333333335,11.831424752903619,16.635658948670297,6.434366605010378,24.931048481038907,0.16413003638943097,130.99974356284696,128.59672728190083,127.52358078002929,126.13496543884277,125.89719673156738,154,-28.42725959631305,15.589163726774524,False,60
RAJRATAN.NS,472.5,563.9500122070312,-16.21597840722434,208015.45418326693,4.396816974839579,-3.48278791096186,7.479239991000641,36.0910374615832,0.16423311097225057,471.3810683333689,479.1126813246586,497.1269989013672,467.93385314941406,450.2456230163574,37,-23.75210733355866,22.06893354065713,False,60
DATAPATTNS.NS,4418.7998046875,5000.0,-11.624003906250003,876012.0952380953,-2.0938117140335444,-5.312113061687684,-1.6297391026075858,45.89766980851388,0.16598342408882386,4483.530230961637,4533.043528837722,4542.551733398437,4407.891420898438,3725.9130810546876,25,-17.200000000000003,7.407538914952716,True,60
GENESYS.NS,286.1700134277344,612.0,-53.240193884357126,939733.8174603175,0.34363441142346574,22.034120864705486,-10.403876363103393,37.979759811644456,0.16511928629810207,280.9363949147177,269.90037071691916,240.4347772216797,267.36638778686523,291.8214944458008,236,-72.4673202614379,9.051441662488191,True,60
JKPAPER.NS,408.45001220703125,442.0,-7.5904949757847895,401951.65338645416,-5.143983646660599,4.623467877238974,17.60453544148415,26.663536061767168,0.16357070267933846,413.966638212478,410.1588861855699,396.1967755126953,377.8697537231445,360.68461029052736,6,-8.337105453284078,7.88757237442943,True,60
SKFINDUS.NS,2918.0,3218.699951171875,-9.342279669852271,44099.800995024874,-2.2183483766186174,0.9129859403846474,2.0255160078129997,39.23424547950785,0.16262115344562109,2907.4369424801553,2899.8651843063453,2815.751201171875,2636.130576171875,2514.0340466308594,5,-13.580012431928745,10.083408563809982,True,60
TIPSMUSIC.NS,668.9500122070312,741.0,-9.723345181237352,404275.6626984127,1.7105062781204161,1.3560624556107959,6.724637082792118,35.49726466818672,0.16658560111046525,661.7138383211831,658.8899527618393,662.6539990234374,661.2524981689453,605.6370193481446,49,-17.42915309231613,10.531230423603088,True,60
METROPOLIS.NS,582.5999755859375,609.0499877929688,-4.342831087293653,293491.05555555556,-2.48556972427475,0.9880310158877581,7.8589186805875455,34.50471363780221,0.16108610290047226,586.1442439329763,583.875258372597,576.0890014648437,559.015785522461,514.9675526428223,41,-11.895577318631979,7.543873187761241,False,59
AUROPHARMA.NS,1712.0,1740.0,-1.6091954022988464,1274602.5537848605,-1.2687427912341454,4.581551618814905,8.443659526889569,31.248080953466072,0.15821766284092867,1701.1926709055665,1684.2744990344409,1635.9660034179688,1568.8640002441407,1411.403998413086,1,-2.327586206896548,8.862522796705651,False,59
APLLTD.NS,863.75,983.3745824758901,-12.1647014888981,132402.68253968254,2.1282885013301778,4.824029126213603,6.544664545362,32.16679243591371,0.16007751013349825,841.1805351547372,832.4695321961393,821.0111791992188,792.1584027099609,772.7003479003906,225,-36.29258259721105,4.208697956515528,False,59
BANSALWIRE.NS,321.3999938964844,370.0,-13.135136784733948,130771.83266932271,3.4771370189121464,1.4040011099751615,-5.5678013419126255,42.87619393497213,0.1610865109530131,316.1282283964207,315.5360875291136,317.73400024414065,317.6659997558594,299.9490998840332,60,-20.932435731630072,14.634904668194748,False,59
MANGLMCEM.NS,1028.5999755859375,1120.0,-8.160716465541295,91320.328,-0.2134335601447268,-2.7972006191417598,12.818147804476808,31.509571142371517,0.15868489318448825,1026.1937003189569,1025.0256965429287,993.7457568359375,937.6463494873046,878.2295983886719,16,-13.214285714285712,16.454330970557617,True,59
KRBL.NS,398.6499938964844,447.6467343412539,-10.945403302644863,613531.0517928287,1.5798143703923184,-6.991300675128443,7.458812754030819,36.9698406508723,0.15785301388571707,399.9886002689211,402.4294129216788,389.29085327148437,373.48119201660154,360.2642649841309,22,-15.304770442375526,18.21904964267698,True,59
GENUSPOWER.NS,305.70001220703125,362.40129303021683,-15.64599296792737,1417885.5674603174,-1.6250966349054652,-7.825093654739568,2.2728948054623777,42.48723210063514,0.15949232887454312,310.7164405452644,315.61825428956917,318.5708892822266,317.4451577758789,295.918557510376,223,-43.15137796906241,11.181002330262778,False,59
ARMANFIN.NS,1885.5999755859375,2158.60009765625,-12.647091157214751,41610.545816733065,-3.8449782975044644,-4.143154949494809,11.310506232936103,34.0346822675089,0.15793895957234982,1943.580099451249,1959.338625959804,1971.8020068359374,1845.9530041503906,1692.0780035400392,31,-16.306870478348667,18.707626519392527,True,59
JAGSNPHARM.NS,242.2899932861328,260.14646303072993,-6.864006351102237,250708.86111111112,6.072145708944832,3.9472986509718977,3.4627034382495925,33.861175082477125,0.1597995536555459,233.41738384490387,232.67142593978295,230.09287628173828,221.3182815551758,202.02862480163574,63,-19.001891669883765,14.996381656489488,False,59
FIVESTAR.NS,520.9500122070312,663.5913003653413,-21.49535234711164,1506356.1792828685,-3.2500695706682126,-2.3981241766686145,3.5123578807632505,38.79504479324969,0.1576709348912831,532.004968870822,533.1469328471633,537.8793054199218,510.0320471191406,486.41385696411135,226,-49.22672388434163,25.540916283372937,False,59
SONATSOFTW.NS,279.8999938964844,390.5481555478003,-28.331502806898644,1735649.7023809524,2.153282443972393,-3.316064284461351,6.411529961675999,35.88285208764908,0.15828715211067398,278.65015432535756,281.9432542481147,298.6186181640625,285.92208068847657,285.6348243713379,219,-47.873654537395915,5.729030799833801,True,59
CORONA.NS,2117.699951171875,2292.39990234375,-7.620832255020682,144970.41116751268,-3.8196064942868424,1.65610602960089,7.644990525636386,34.64635052248599,0.16101297923176808,2156.844321243056,2150.568359359054,2118.3359985351562,1973.6171362304688,,8,-8.34932431065203,6.109461015931972,True,59
DEEPAKFERT.NS,1363.800048828125,1669.6119086916185,-18.316343952238647,388524.93253968254,1.5336583088971567,-6.2873632192673945,-11.87328652909363,51.05636018969777,0.15756451304187255,1354.499770545554,1368.4441031025099,1454.7865942382812,1464.067579345703,1285.974467163086,38,-23.988325132368026,5.300939811713934,False,59
SGFIN.NS,609.7000122070312,727.4500122070312,-16.18667922525081,332176.876984127,-3.367937172339308,-11.309913247420955,-1.2391615261093225,47.021942189538656,0.15838252051264545,625.9694748377793,641.5268496102915,668.3440014648437,633.3640002441406,529.3230003356933,37,-18.626709426934053,17.67946192640586,True,59
LUXIND.NS,1174.699951171875,1819.8519348314312,-35.45079527139197,95595.51587301587,3.11622204367914,-2.0018397678874034,-3.953162811708455,42.50610080895416,0.15727745730859566,1147.7065961918452,1149.2472526320576,1193.6913037109375,1252.699979248047,1168.062717590332,110,-43.510575118536885,77.27881865775474,False,58
WEWORK.NS,652.5499877929688,794.5,-17.86658429289254,334702.2375,-4.2058167793096235,-3.3760255596644306,-5.331495814713094,44.83409288045983,0.15238401617906158,666.5564334036276,672.5589303899054,694.0729992675781,661.7814981079101,602.0742488098144,36,-20.08810265398836,17.10752600036416,True,58
IONEXCHANG.NS,420.1499938964844,484.3644916198611,-13.257474243957079,442446.98804780876,-5.007911939362819,12.119324984653046,3.275026376718415,31.596265842240577,0.15544088052906083,426.1745653611179,419.7489366687988,404.8471252441406,396.9641796875,382.93626495361326,54,-25.520964843326343,16.522640857241623,True,58
MUFIN.NS,133.02000427246094,141.5,-5.99292984278379,1429779.615079365,-0.32221257820487237,-2.155198780104961,-0.6275185522639726,39.492453251957386,0.15145464721262283,133.01400525093226,133.71598230540633,133.64479995727538,129.2984002685547,120.726549949646,25,-11.646645481931872,8.891490122525326,False,58
WHIRLPOOL.NS,918.9000244140625,1428.4580610250364,-35.67189338728811,678709.3253968254,28.03399871602512,9.896549373180674,13.764678074525571,17.056454221330952,0.157346948571287,807.172771669408,792.661857917204,786.1256176757812,797.6837567138672,834.9535165405273,227,-50.576077851849085,12.017603402933918,False,58
NETWEB.NS,4545.0,5813.0,-21.81317736108722,1834053.865079365,-2.5619037410226198,-13.793106641873198,0.21226375483343052,46.76110216513052,0.15753308290025336,4728.095904212545,4832.198544976625,4859.297294921875,4628.968776855469,4007.147822265625,24,-24.514020299329086,22.517284149253094,True,58
DCW.NS,48.720001220703125,72.85392919636828,-33.12646035962631,1463836.75,7.835327338680442,6.497240436420304,3.1523702988769386,30.390304466294495,0.15184813697332986,47.35081610265816,46.74888988416044,46.04184295654297,46.825537605285646,47.85492097854614,251,-49.28675240588846,0.0,False,58
ANTHEM.NS,873.5999755859375,977.5499877929688,-10.63372855660517,500900.9484126984,-5.9127651496028495,-5.515898912681704,13.373562964828212,33.467070245914776,0.1570444069031775,902.5309464081845,907.2125301124465,875.4510021972657,822.3694287109375,747.4041217041016,12,-11.06336910944864,25.5927047866505,True,58
ADANIPORTS.NS,1788.0,1891.0999755859375,-5.451852198030571,2368466.551587302,-1.9736842105263164,4.3173862310385,-1.226381160683565,36.7922797928816,0.15015106394102637,1775.6076764170632,1754.4700043498403,1725.1160009765624,1764.6218383789062,1623.6047778320312,60,-15.758024633661572,6.91312211995605,False,58
IMAGICAA.NS,52.290000915527344,62.0,-15.661288845923638,934666.5338645418,-1.0034054948107274,-13.153958294923429,7.349624098424368,39.03217247259321,0.15086624010098837,52.436799289167226,52.434386356335,50.53980026245117,47.90480010986328,47.18940000534057,20,-20.564516129032263,21.33305255801512,True,58
GRINDWELL.NS,1972.699951171875,2455.0,-19.645623170188387,61837.56175298805,4.067312543729362,-2.539401464059754,-8.064049265655104,45.370074685819596,0.1562766605619229,1942.4036519444444,1950.2650356943686,2020.9680151367188,2000.8325170898438,1775.714175415039,51,-26.126273906886453,22.54332087857094,False,58
ZOTA.NS,1336.5999755859375,1738.4797432169696,-23.11673571113194,68133.43426294821,16.886749067419117,23.71856451837062,-5.5781485191162545,25.63569250116462,0.15013220255147008,1259.7905307563467,1205.683095930524,1185.5307177734376,1232.404981689453,1277.63056640625,212,-41.264369686282244,13.505322141806865,False,58
NUVAMA.NS,1681.4000244140625,2066.0,-18.615681296511976,521648.75793650793,-1.8848064234188056,-5.751119707731922,-6.919840473349526,46.195864047685184,0.15063688893180952,1702.6348777387461,1724.0312914856486,1760.5779907226563,1714.307958984375,1518.725542602539,45,-23.59148230464968,27.370385094701067,False,58
GANDHITUBE.NS,966.5,1046.5999755859375,-7.653351562624833,13312.493975903615,7.484429145834315,7.210205213532994,15.043699884041883,20.64266217022972,0.14960658790594483,944.4337859175738,924.655545912906,894.4755627441406,871.1600921630859,829.2993518066406,3,-13.419640210983596,16.480868608814212,False,57
BAJAJCON.NS,499.5,692.0,-27.817919075144502,1170799.2817460317,-2.4699841474253637,10.852195569045486,-16.6110183639399,43.575742674092524,0.143704322595216,506.3932718383891,506.3253712703326,511.41600036621094,545.1645016479492,450.34725151062014,54,-35.281791025503516,26.692888485031997,False,57
TVSMOTOR.NS,4157.2998046875,4484.5,-7.296246968725606,911179.626984127,-0.3356267987323136,-5.72588351361436,20.132337957890645,23.589385348151517,0.14296716144031696,4133.341055421943,4156.33512824254,4204.042006835937,3838.2129956054687,3748.3924560546875,22,-10.759281971234246,27.761877504293064,True,57
SIEMENS.NS,3877.0,4149.39990234375,-6.564802351055333,396794.593625498,-0.9427911613593687,-5.323565323565327,8.226660143158693,32.74451653911476,0.14406812477744513,3873.6356290795693,3895.6320632846064,3894.1896435546873,3754.8544970703124,3493.1122814941405,23,-11.254639489826456,14.186523940054329,True,57
TITAGARH.NS,822.5999755859375,969.8369391372275,-15.181620498212089,998171.1825396825,-1.678927609528691,-0.9100118805248081,-6.485013813041185,43.269805521618274,0.15012522927677124,832.2102236743492,836.3784859758636,837.8228186035157,840.40193359375,796.6130529785156,71,-18.6972191438046,25.721221511360028,False,57
PHOENIXLTD.NS,1978.4000244140625,2166.9299087704976,-8.700322220546841,520896.148,5.3517225993624296,4.1710312152773765,1.6637815917584398,31.944875928096916,0.14646463351758016,1933.9080670499793,1921.2365302289375,1930.7677294921875,1899.9180737304687,1816.4159161376954,53,-16.000977059537426,23.852935708089728,False,57
WESTLIFE.NS,578.0999755859375,763.2721271776468,-24.260305728236244,245959.1952191235,2.42734772843034,2.6364803525854352,18.326814895157483,20.195264847746273,0.14346181251005877,569.9727816392175,564.7923923241659,550.6554943847656,510.97527465820315,502.30494155883787,248,-47.839748809598795,0.20138880163691475,False,57
RATNAMANI.NS,2778.300048828125,3330.2583637320286,-16.57403884680454,59982.66533864542,-2.826065757346552,4.651951097202778,11.179220549821412,26.208591939914516,0.14484986584618129,2777.592038665069,2729.6595570604454,2543.5687060546875,2574.530666503906,2442.638010864258,99,-35.5874364768606,31.420683079854726,True,57
AIIL.NS,559.5999755859375,683.0,-18.067353501326867,653269.8095238095,0.1073301584861408,1.0290577578335736,6.722609257416234,30.1849407095683,0.1430730362846752,548.4957782483198,544.4562679356137,548.972001953125,527.9650021362305,520.3579508972168,177,-41.434846266471446,19.961924832788046,True,57
BALAJITELE.NS,93.8499984741211,141.32000732421875,-33.59043758127691,425694.1035856574,-1.4698178749384838,0.33140640962117107,6.333555634025934,31.978621387410367,0.14610814739602312,93.71681147311367,93.21357409955378,90.53060012817383,90.90990020751953,94.12465003967286,249,-50.80668480042429,-1.6758078723176806,True,57
BOROLTD.NS,264.79998779296875,376.0,-29.57447133165725,221947.88095238095,2.1565512604321713,8.493456732359839,13.53599135777972,21.16774774778549,0.144422429789633,259.9394709140751,256.6298086392367,247.71920043945312,239.17350036621093,247.58609985351563,251,-43.15691602990982,0.0,False,57
MOLDTKPAC.NS,669.8499755859375,808.7306710902861,-17.172675708850925,93584.11155378487,1.754517394370847,-4.187614780297544,-6.4718681991268845,42.7000801343834,0.14476400377392873,667.136349199616,672.8458077508034,683.0894641113281,683.5010070800781,619.4569158935547,228,-42.95705754241899,-3.8183899592871606,True,57
MAHABANK.NS,84.87999725341797,94.5,-10.179897086330191,19534525.753968254,1.6040176241386206,0.22434148841024015,-7.174108719202909,40.50908979768728,0.1425667336340995,83.11986843449714,82.93141963919325,81.62539932250976,82.28443214416504,74.16252910614014,64,-18.30688153625165,20.152580044452463,False,57
BANDHANBNK.NS,187.6999969482422,218.86288600994448,-14.238544336971938,11034635.126984127,7.25714111328124,10.606953638007388,-7.274469780190163,33.94196675315126,0.1424155060613306,180.8122015413511,177.21362930908327,173.71225463867188,187.96214111328126,174.8201584625244,52,-27.242115647726283,12.682804297095451,False,56
PRUDENT.NS,3097.89990234375,4105.5,-24.542689018542198,37898.82071713147,-11.52902056356211,-10.813303516805817,3.589965560351671,40.024857754298424,0.13771370010107498,3301.1259930039228,3322.139609995572,3278.5800048828123,3063.86017578125,2783.702805175781,19,-25.088296188040438,21.793550138190042,False,56
SEAMECLTD.NS,1712.199951171875,1849.0,-7.398596475290697,77836.55020080322,-0.8167813970590854,3.2627692167246813,18.14859118442296,20.583701669475296,0.14248933726756033,1730.3362679450406,1715.1576461729737,1601.3590893554688,1555.4849450683594,1420.8747399902343,9,-10.221741481882097,29.709342912856872,True,56
IPCALAB.NS,1970.800048828125,2038.0,-3.297347947589546,284948.0956175299,-1.930728862917086,0.5612817494609956,16.263510269522353,23.51001189750519,0.1420224130345927,1977.4839715974354,1960.141659198988,1874.68296875,1757.5967053222657,1619.776305541992,5,-4.391560353287538,14.40273638544558,True,56
NOCIL.NS,188.41000366210938,211.1999969482422,-10.790716673976963,1647282.2182539683,-3.1609755209994983,14.09798225090464,5.761434848215297,23.800291081585854,0.1375204578517991,190.93104318122258,185.75285960999585,172.84410766601562,170.45919845581054,161.09095066070557,2,-11.638258610902529,24.015626980730165,False,56
IZMO.NS,903.9500122070312,1374.699951171875,-34.24383179497088,121249.56175298805,-3.2535949240906414,8.96215511199614,-11.347031769407135,39.43390856513529,0.1383652542522214,913.6282626917763,912.812977155606,946.8460021972656,924.4620031738282,831.9707495117187,248,-58.58369129200957,-0.24912037149669164,False,56
KRISHIVAL.NS,413.3999938964844,507.5759692612279,-18.55406502041769,20548.608,-1.3247375666631922,4.481146864587826,3.0627293583391113,30.601441135600748,0.1392315087799328,414.8424470242972,412.75889635801707,402.2925915527344,398.6647900390625,370.16638687133786,231,-44.429133717191995,9.411764392740519,True,56
MANAPPURAM.NS,334.0,380.45671483079525,-12.210775370716343,4576403.861111111,4.652986491465261,-4.0229885057471275,3.318859237188665,33.60835867722438,0.14099702190043453,324.627891244694,328.7257369080874,344.6630480957031,331.2972296142578,308.98760192871094,41,-18.51898312850918,18.478615684784394,False,56
SCHNEIDER.NS,1209.5,1548.0,-21.866925064599485,347962.00396825396,-0.3296250515039123,0.20712510356255542,-11.079249858966689,43.000711451423676,0.13884972138441584,1216.830068367172,1220.5228745371778,1267.376005859375,1287.2780053710937,1073.5195025634766,57,-26.68604493449208,16.80324034598497,True,56
TNPL.NS,151.60000610351562,171.12773556954076,-11.411200762420947,205639.62549800795,2.197660675546542,11.282111363899073,5.8428306208194725,24.317163324924152,0.13955902856549973,147.6031887749791,146.87790724845155,145.23922485351562,144.08606277465822,139.98220512390137,247,-30.862015558608004,4.097614572612862,False,56
TATATECH.NS,703.0499877929688,891.0,-21.094277464313272,1246085.5595238095,-2.6853102756268066,-12.047287262676043,2.7700647395580535,40.18989847135936,0.14228990330313274,731.9597652692722,753.5643471925149,780.6320007324218,746.0027996826171,671.0585243225098,33,-21.43658810325477,14.096656004558895,True,56
LANDMARK.NS,488.54998779296875,659.9164650856485,-25.967904478703772,362565.336,-3.161548504862488,-5.057643975312908,12.92453109017404,28.515130915388198,0.13955728047658658,495.16964089245687,497.88318306070147,515.0633972167968,463.4022158813477,441.98319717407225,236,-48.71600884489807,9.205505327859488,True,56
CASTROLIND.NS,201.6699981689453,202.10000610351562,-0.21276987708256367,1972530.4563492064,2.297858777174544,8.851942310297733,12.998879471065194,20.103626123735594,0.13941288630590798,194.17961022767958,191.60967308045517,186.5000326538086,182.19027160644532,178.81801994323732,0,0.0,12.522986014746307,False,56
IDBI.NS,84.4000015258789,118.37999725341797,-28.704170059066257,16419583.57936508,1.6132964202651978,-8.499562575304498,1.0415452643316225,37.235774838827496,0.13668190641796107,83.56248959318194,84.32156164997994,85.099599609375,81.83259994506835,87.47424983978271,183,-48.46257836032204,10.505878554198556,False,55
NEPHROPLUS.NS,696.6500244140625,781.5,-10.857322531789826,355492.6666666667,-6.282363988115325,1.6339648417204256,2.849346648522366,32.885078572067236,0.1370739199291616,728.1271026333117,724.7269960957389,702.4540014648437,679.7340008544921,,10,-11.234803300443863,20.394834181107836,False,55
SANSTAR.NS,108.41999816894531,137.49000549316406,-21.143360362774942,477610.52777777775,-6.292133942366085,-0.7597270764802655,-10.74339583486692,43.072050561401824,0.13224642664567993,110.96415810017905,110.82196185217212,110.53339981079101,112.33999977111816,100.31754974365235,67,-24.976363804853097,47.64222443485375,True,55
TVSSCS.NS,130.25999450683594,146.5,-11.085327981681958,1155866.625498008,-2.682115377643901,-0.40522884509779367,-3.123614455835133,37.058073707945915,0.13536887839643877,130.66026709673548,130.02028484813866,130.28079971313477,129.05219985961915,118.79580001831054,55,-17.8156986171475,25.008828135903684,True,55
TEXINFRA.NS,118.25,126.58999633789062,-6.588195417613985,164366.27888446214,4.14831693367419,7.104850884655511,8.80758493677698,21.92814205255871,0.13249334172355098,117.07836092788146,115.74434314430704,113.33226943969727,108.71536682128907,102.90558712005615,2,-7.7257279897475994,7.6083518410492434,False,55
APLAPOLLO.NS,2214.699951171875,2292.568366695916,-3.396558054941079,659372.9365079365,-2.440427474611029,1.6102210927481986,24.29315495815212,14.777056838892566,0.13276770694091197,2188.9729722888483,2170.8438043356255,2065.611350097656,1944.6340856933593,1972.7585888671874,156,-24.56764896925414,31.1616263151683,False,55
FSL.NS,259.45001220703125,363.80970663815475,-28.68524190722588,2728846.9087301586,-5.1197657250058874,-3.37057273481145,13.569715768397428,26.93870198238837,0.13660304404011697,265.5940829253275,266.40630787657454,273.2528005981445,262.4012010192871,263.73617668151854,215,-44.476467693340226,3.4074905533606703,True,55
VRLLOG.NS,289.70001220703125,310.20001220703125,-6.608639327298949,235817.74900398406,-1.3283357681911467,-1.4290513020331685,23.056670826720826,17.764232604484253,0.13604050452584204,290.73193148569794,290.387109989353,283.4324005126953,260.85780014038085,261.2988073730469,32,-9.445524551105333,24.00065497216053,True,55
GULFOILLUB.NS,1106.5999755859375,1231.8793020953658,-10.169772825660306,62889.25396825397,3.410896255746043,-1.4755410045308004,7.112586132111232,27.854734783989343,0.1332165117789755,1079.8560850817016,1080.2254955343376,1083.3896887207031,1020.5437182617187,1021.5581967163085,225,-31.67559848242942,3.1997407676098932,True,55
ASAHIINDIA.NS,959.9500122070312,1071.7996569938532,-10.435685816557728,216734.9880952381,-0.11445560583831504,1.1217583350210836,13.140520355921904,22.631394976843012,0.13207620203934162,962.2059613793275,958.0266143069318,931.5251098632813,901.5109924316406,905.4497872924804,207,-27.830539250545883,21.80771293556667,False,55
GLAXO.NS,2815.699951171875,3120.699951171875,-9.773448417732933,90311.1746031746,-0.8137275348359174,-8.256496641405953,14.91245541616446,26.47284724550989,0.1333020344128851,2850.1815769777954,2858.4313158356863,2784.463974609375,2548.427158203125,2469.54580078125,20,-11.689686754125027,29.676472650542674,True,55
KPIL.NS,1391.199951171875,1468.0,-5.231610955594346,197861.03187250995,-3.7564890230456616,0.01437463492990343,1.5400318197154927,32.59683614060207,0.1312797002683689,1407.7769241886576,1404.5761249603283,1368.2219946289063,1338.3493420410157,1242.214337158203,32,-8.528607028056879,2.825461594563139,False,55
SHK.NS,142.36000061035156,242.58518186142572,-41.3154589583822,470289.79365079367,3.882083760111432,-5.977150011801102,10.93275039282493,26.72245438051135,0.13161585243702942,140.9181021222485,143.48716044923833,152.17979888916017,142.05519996643068,146.60508228302,250,-53.83889382785919,-2.382663292496734,True,55
SASKEN.NS,1691.0999755859375,2760.488858956468,-38.73911245469708,79251.18326693228,-1.6573622007809652,-9.149030116819334,-21.2076623500863,53.52219155384152,0.1305103567306876,1744.7885616737476,1782.0923519898015,1852.2148608398438,1963.6796630859376,1608.8948626708984,70,-40.22435663045149,103.98328811821047,False,54
MOSCHIP.NS,204.07000732421875,288.45001220703125,-29.25290390428198,2656209.345238095,-2.3074307432204177,-6.970274089893158,-1.1719686689753206,37.64333932631405,0.1308094723753235,206.28820520107374,207.89281894758332,211.62060028076172,213.80100006103515,202.23610008239746,243,-49.10729872100196,13.240220218540433,True,54
BFUTILITIE.NS,524.4500122070312,851.0,-38.37250150328657,93279.3492063492,-3.2380051278540156,4.357780309624526,-13.81265206129314,41.09496771146743,0.12841947015338537,528.9226407385407,530.5685448180784,544.155,568.4570001220703,553.3685002136231,251,-56.67449915311031,0.0,True,54
AURUM.NS,222.4499969482422,264.6400146484375,-15.942418139691716,210412.1235059761,1.214850388468025,-4.703763900121249,-0.7185578094682121,35.38433464398017,0.13118898773574153,221.83295572842772,223.0203699193784,225.28779937744142,212.02709991455077,195.05379981994628,51,-22.40402254499797,42.53566266084074,True,54
CUB.NS,225.57000732421875,248.85000610351562,-9.355032432513966,3529465.4285714286,-4.3343594948544,-1.5966446239743193,9.14825785704776,26.569806756791237,0.1261963518555052,227.4380139442411,227.37037206386375,222.3308706665039,210.40651763916014,206.07397354125976,14,-13.031949824859645,6.922306964975933,False,54
BRIGADE.NS,597.9000244140625,799.2478861619728,-25.192166940195804,696257.3571428572,-3.8282109257934405,-8.960788060287395,19.837849357027217,22.928555011973817,0.1294779810726087,618.3074170965446,626.1037897351636,610.6656420898438,563.68330078125,569.4369099426269,227,-43.79763359693989,12.738338931079362,True,54
REFEX.NS,285.79998779296875,399.17407994277204,-28.402167837665527,1330434.6454183266,5.131499494666647,-1.243955141479136,-19.507713601951117,45.702571838503744,0.12693073575987002,281.6503498179175,281.7410489546032,292.0358184814453,303.58575744628905,270.8122937011719,250,-53.05281784323847,0.0,False,54
OBEROIRLTY.NS,1858.5,1983.9545449282684,-6.323458632103107,530824.4302788845,4.117647058823537,-0.7688624179802428,5.161079541333757,27.85252415998496,0.12947325748680416,1816.7078703330299,1815.3359927206955,1830.8726000976562,1777.318974609375,1680.2503717041016,59,-16.328728183637963,19.64376547288613,False,54
JINDRILL.NS,592.2000122070312,704.4000244140625,-15.928450925361904,1296490.111111111,-0.44548432170582464,-5.93036120120466,8.895923447639609,28.458282292046967,0.12821469278699155,601.134948578275,610.9513648294756,615.03814453125,605.9307891845704,559.3232575988769,11,-18.66127309072351,10.025392734354144,True,54
EIEL.NS,198.85000610351562,258.0199890136719,-22.932325180054548,2394593.6785714286,-0.5799652193284155,-1.089329116471005,-11.120542662648859,41.64114749485333,0.13044433853919635,201.00352398340763,201.26455812044378,206.23980010986327,206.4997999572754,193.790599899292,251,-47.790864099785225,0.0,True,54
UJJIVANSFB.NS,64.70999908447266,73.94000244140625,-12.483098528767167,14777046.94047619,-0.4767726462606703,-5.629284858583605,9.585097240542929,28.113247346685768,0.12947293874494398,64.70945041681591,65.42772872957299,68.05280014038085,62.680500183105465,60.23245016098022,26,-17.162566976465065,28.126115224787185,False,54
JAYBARMARU.NS,121.55000305175781,205.8889662970584,-40.96332346611309,650188.2430278885,9.356726390559245,-0.8402665719620894,-28.576325384698286,51.526237799855814,0.12805216829196348,116.68257403012156,118.83148835344706,132.73885040283204,138.04852737426756,115.06824905395507,53,-47.495972990532444,131.44316513559903,False,54
RICOAUTO.NS,132.22999572753906,157.3196224733626,-15.948186469918413,4214735.757936508,1.263588507694413,2.133099818676487,-1.8960838245043354,32.14595270829954,0.12842534750473256,130.06828088795857,130.35964052699327,133.9995880126953,130.83567153930665,125.17489437103272,37,-21.51010699390583,15.620360200528594,True,54
THANGAMAYL.NS,5134.5,7430.0,-30.895020188425303,176624.4365079365,1.7841213202497874,-6.6793893129771025,-19.526396454937544,50.292253231250506,0.131015166254485,5108.391620032848,5169.1415830679225,5489.11376953125,5329.135354003906,4479.585249023437,43,-37.94078061911171,56.589436180081144,True,54
CHALET.NS,881.3499755859375,1016.809549498192,-13.322020232707832,154600.36904761905,1.8136603395236817,-3.069565326544288,8.278036570435688,25.638297863084382,0.12306183085007971,875.548639002525,873.7476172008826,858.5985095214844,827.4400012207032,821.5494186401368,251,-32.085575087640606,0.0,False,53
ELGIEQUIP.NS,603.0,653.4000244140625,-7.713502070842249,562862.0873015873,-1.0745612212518685,0.6257822277847325,1.2894900827146172,29.682628066746,0.12277598574944545,609.8073622430746,612.0550762205335,604.6239978027344,592.2921569824218,541.5987817382812,14,-10.468322904548454,12.595286696390161,True,53
BECTORFOOD.NS,215.5800018310547,278.33899243412714,-22.547681894740368,1944845.1865079366,-2.694651834109174,-9.20686912892389,20.53108320950281,20.746490290583818,0.12347082069888675,221.93880311883538,226.0977110012217,227.9984893798828,203.37541244506835,207.45943893432616,198,-40.88883560893357,6.914769576540669,True,53
SDBL.NS,74.36000061035156,139.52999877929688,-46.706800501036824,1056519.5595238095,9.256543164483745,3.536620615873365,9.707881306519761,19.338788270715312,0.122808581398651,69.55522294366247,70.15728457798478,71.97519958496093,74.03879974365235,81.37440004348755,251,-55.708449955042724,0.0,False,53
CAPITALSFB.NS,282.75,318.27334486330085,-11.161269216106739,40530.36947791165,1.3804253093474772,0.05307639534495312,0.5869775384767406,30.21099104678855,0.12409147490262182,280.35318977782214,280.72890189742105,287.5429998779297,283.85463775634764,268.7577225494385,99,-18.473896855927087,15.640917043122492,False,53
KAJARIACER.NS,1218.0999755859375,1278.9528521893533,-4.758023448577154,272416.2509960159,1.7882531367287458,1.2159803724471674,1.5181419102798133,28.76227218681111,0.12382372835970698,1212.88840863207,1214.945890827649,1214.0705908203124,1171.556895751953,1087.3158361816406,235,-32.3460821254564,4.171553374015846,False,53
MOBIKWIK.NS,200.6199951171875,296.70001220703125,-32.38288275593365,2120515.4206349207,-5.5817022067148,4.735051903381549,0.3852834576712816,29.373821913694307,0.12253953962783937,203.2332037593752,201.55358971185362,200.9222006225586,200.84529998779297,204.40595024108887,244,-48.95180300559561,7.806200246612338,False,53
AJANTPHARM.NS,3547.800048828125,3796.0,-6.538460252156875,114551.69721115538,-0.44337322918237554,0.11852215419716483,4.604583247403293,27.63540818540251,0.12414905356303188,3538.856669530383,3536.62822745566,3520.75958984375,3333.5263598632814,3070.5165563964842,28,-9.773445732349838,17.34811771594429,False,53
TITAN.NS,4884.0,5186.7001953125,-5.836084290857347,972554.9285714285,1.7818068146295607,-4.967598980208232,11.263081774165729,24.007339449541277,0.12166521197487538,4894.71350795492,4931.340143761093,4957.248017578125,4615.604167480469,4390.649143066406,21,-7.995453365268479,15.064678257291408,False,53
DATAMATICS.NS,807.5999755859375,1003.5294156461148,-19.524035569403775,166278.78174603175,5.437686887541759,2.782911293241197,0.5825122568545282,27.549199595327266,0.12294784462589681,778.8623493347943,778.8452753652707,804.8588549804688,800.1723370361328,769.0285296630859,227,-37.42574516652382,6.491514919514962,False,53
ALICON.NS,730.0499877929688,1014.642243796537,-28.04853215441684,29972.184,0.5093979942721871,7.228147397768692,10.818640143880032,18.203503530499287,0.12023562734344682,725.7415140131574,717.019400600419,702.00134765625,677.3906707763672,705.4237316894531,229,-43.248528066614845,11.639249492921833,False,53
KIRLOSIND.NS,3597.5,4559.03089925217,-21.09068616775316,15053.179282868527,-2.765015608357746,-2.8805127309101897,-7.794361733248445,38.77456996238251,0.1231891535796066,3684.9384061187766,3708.2874089473803,3749.2788427734376,3638.753701171875,3343.5106884765623,68,-22.130378668006333,24.485380074337005,True,53
MAYURUNIQ.NS,729.5999755859375,899.9875607705063,-18.932215578479205,129449.856,-1.8563422618935177,-2.6421201205065525,-14.581228310824656,43.4282187045985,0.12282860738301342,735.6529253996187,739.9052164409635,754.0892749023437,758.895873413086,641.9332365417481,60,-22.032254356239676,40.15728331764619,False,53
ABCAPITAL.NS,390.0,430.70001220703125,-9.44973555920573,4856446.035714285,-4.889644772551938,-4.878048780487809,-0.4975155367519801,33.44739093242086,0.11765127478589996,395.42323910295374,397.37033925862204,402.5379998779297,387.43999938964845,364.4874995422363,39,-12.235897541999396,23.357559913812675,False,52
NUVOCO.NS,335.45001220703125,452.8999938964844,-25.932873321322614,743331.0119047619,2.084603157724141,3.486046127816822,10.691313551940107,19.334758065960745,0.11846966833302107,333.050323077031,331.86249052539756,336.33700073242187,328.81050079345704,327.6782508850098,251,-39.00419436456425,0.0,True,52
CGPOWER.NS,886.0,980.9000244140625,-9.674790707722813,3329292.126984127,-0.6726457399103158,-1.3253173059916135,-6.947437138886825,35.256853142637404,0.11686182080199559,890.6909952918144,890.7947096798661,884.1399975585938,896.5959997558593,793.410033569336,61,-16.928335681030738,11.675014745486024,False,52
RAMCOIND.NS,319.95001220703125,394.1233116425528,-18.819820407576515,360129.90079365077,-3.6585346802725516,-6.337820114067483,-5.24786423814575,37.32575867374515,0.11722526707213582,323.11843014649173,325.7461294583506,334.7808154296875,322.50159576416013,306.38164581298827,34,-22.410073507574758,28.364813826682898,True,52
CLSEL.NS,294.70001220703125,321.4957959945291,-8.334722917482196,207831.0281124498,0.9592389068496576,-4.9397285080701625,2.2771575581458814,30.468362361452872,0.11978470401095848,293.95448205979926,293.6327567250482,287.5092742919922,283.70281845092774,270.02638931274413,22,-15.609597855147639,11.49745463290428,True,52
CARYSIL.NS,1064.4000244140625,1277.592736162673,-16.687063546474732,124239.15476190476,-5.913552685104362,-4.402464215191138,-10.936783411352657,41.6452543426711,0.1190521860211398,1091.256257660964,1112.816082942549,1148.6188134765625,1129.7475744628907,997.2724649047851,52,-18.949132169443384,17.881240745530526,False,52
LGEINDIA.NS,1725.4000244140625,1755.0,-1.686608295495018,1180037.8208333333,1.679533242380682,1.4702422748208654,11.172681985442168,19.736295934355486,0.11708324748577086,1679.6859048966637,1665.3920046708893,1620.6620043945313,1583.7010083007813,1547.3360040283203,29,-8.888888888888891,3.7710003476003395,False,52
MAMATA.NS,411.8999938964844,509.3401410576458,-19.130663245749048,115495.97211155378,2.0185743396865297,0.42667317470244104,-0.6064366187537251,28.644290714231047,0.11562977368975443,407.55565456553427,407.36708529748796,406.9908795166016,399.02412994384764,400.4712203979492,250,-41.764704825342946,0.0,False,52
IFBIND.NS,1225.199951171875,2019.800048828125,-39.34053264912395,82812.34126984127,0.00816060631212423,-9.351881229449289,-4.853615156475055,37.03165022110142,0.11487015356239408,1242.5176797786378,1268.5609731288134,1327.5519970703126,1283.4910009765624,1253.7932470703124,227,-56.27289875948571,6.230136475078485,False,52
EMCURE.NS,1950.5999755859375,2100.699951171875,-7.145236305746772,219007.59523809524,-2.6549591748588064,4.045647915400363,6.448447764546716,22.49410998848138,0.1147581199035076,1960.6900773968282,1945.3907241851216,1921.7908227539062,1839.04857421875,1677.8784405517579,5,-8.835149231207462,6.735624551587138,True,52
PDSL.NS,357.6499938964844,416.5630259242535,-14.14264549693417,270180.516,1.8510608324020517,-3.1021435973154765,2.6315397697517673,27.5969510801642,0.11392919726768322,354.760399188458,354.8464680109141,359.0349945068359,341.7317193603516,328.9945804595947,52,-21.944586134341982,30.105513280209717,True,52
PFOCUS.NS,315.45001220703125,367.0,-14.04631819971901,3336973.047808765,-8.392621862709271,6.697114398547699,42.73110721120543,-4.220432257139706,0.1163131995394436,327.67812114028936,319.6114083035759,299.9801995849609,271.2111000061035,270.6674496459961,115,-44.81199093020904,31.79908475237747,False,52
INDHOTEL.NS,726.7999877929688,757.4000244140625,-4.040142016732373,2512287.3492063493,-0.8120112189738959,1.1551827130088732,1.799842477236524,27.863530953447825,0.11835200545254472,729.8890519274516,727.5878208740239,728.0920007324219,708.3178649902344,686.36841796875,40,-7.373915344708404,12.81009156145223,False,52
BALUFORGE.NS,506.79998779296875,677.7972608890275,-25.228380662349014,1034855.2896825396,-2.9397751418893447,-19.90020964983471,8.648001236769943,31.266586347654425,0.10827015465936876,513.2417097916281,524.3051747652894,511.27035949707033,488.59349700927737,489.8910339355469,241,-49.69764185569263,4.143839753325174,True,51
DDEVPLSTIK.NS,256.1499938964844,357.58900945974756,-28.367486941648245,135972.3705179283,0.47067933422482167,-7.6386536044704805,-5.2381638912951995,35.94458186162341,0.1132572078978919,258.5525126824174,261.92291674027257,272.27433319091796,265.4029652404785,265.242114944458,244,-48.47634506647248,0.5492895971787481,True,51
GPPL.NS,163.1999969482422,194.17086460013374,-15.950316601654679,1880235.7063492064,1.7773562433709644,-0.5470182493463316,11.300465547245642,18.108712391720537,0.1070195659532974,162.93985014549997,161.75433431772882,155.43921325683593,152.48640716552734,158.06115600585937,180,-29.25682589206965,6.138084090019613,False,51
GANESHHOU.NS,734.75,898.0206467513179,-18.18116847780352,80621.532,-0.9036364012036002,-9.500370286255222,-3.812358517845915,34.61170054432215,0.1071053496500368,744.9800727158452,756.3941959650754,780.2763720703125,767.2180206298829,730.9387275695801,207,-44.42591940520663,2.562106383045859,True,51
BAJAJHLDNG.NS,10940.0,13024.741318443412,-16.00600938992437,61096.46428571428,-2.4694659891236537,-3.4705272389590758,3.7762398936240116,27.37391471240711,0.11141385806345869,11101.905012028159,11113.90183343741,11112.40474609375,10707.966318359375,10532.179868164063,251,-35.248437266691404,0.0,False,51
ARFIN.NS,90.30999755859375,106.06059834309647,-14.850567534562597,1307031.328,0.9023587759671825,5.888402176394436,5.394749775981511,19.820710961208697,0.10814625630153539,88.98323394415883,88.13544198346027,86.98579483032226,88.88763343811036,83.47941080093383,98,-24.67043180887568,22.522410957762908,False,51
TEMBO.NS,58.279998779296875,83.55384731237945,-30.248575434943458,1558274.4206349207,3.719523409268155,1.0051958556124507,2.0933690356303547,24.583155836014004,0.11034264557144012,57.81569824296577,57.63953667777276,57.74669998168945,57.58499992370606,57.700847206115725,221,-48.13524394339639,39.1378673239475,False,51
ARKADE.NS,125.4800033569336,180.0,-30.28888702392578,476524.1075697211,5.5784644240076675,-1.3909600338439354,1.087574424705351,25.5804700324066,0.10838114776006225,123.7733676817808,124.03903010701767,129.68739944458008,125.23389999389649,122.53610008239747,236,-48.54444291856554,-2.606010784052204,True,51
KPRMILL.NS,1106.4000244140625,1331.0754095910231,-16.87923791229775,477549.7171314741,-3.0664096067430258,-2.605631653691687,-2.003443426836804,31.549528632388423,0.11191011133491689,1121.963400652055,1125.6318932492197,1110.096005859375,1082.9650701904297,989.2291995239258,66,-23.74586798866176,31.383431797330164,False,51
POWERMECH.NS,2407.300048828125,3005.643635770155,-19.907336312966216,87359.29880478088,1.513879900597681,-5.441348622214138,-12.81987101625055,39.01124293122622,0.10821654133232264,2411.2106998503045,2419.88847762664,2485.290029296875,2548.0357470703125,2368.1395971679685,69,-24.518705081488967,15.914003712979019,True,51
AVL.NS,619.5,703.5025243881884,-11.940614493351308,213566.1673306773,-2.739620358364858,4.592269587643272,-5.672167108757753,29.851218286528393,0.10883329063676199,622.8645082670104,618.3652478105233,615.2321911621094,600.0785607910157,545.7672259521485,66,-18.891552509755606,25.905449474686915,True,51
CRISIL.NS,4520.0,5005.771680286142,-9.704231661208617,57670.64940239044,-1.2561441835062803,0.1462333894415746,11.140526198697831,19.011925478439462,0.10850560310522822,4582.348908366175,4601.189768079668,4542.822724609375,4286.767702636719,4302.876114501953,229,-26.686528212982253,5.363211694499337,False,51
SPAL.NS,965.5999755859375,1218.4508944923061,-20.751834977455076,117987.43426294821,-2.8864540439888953,1.6142848948950794,-14.920408982892653,38.18527550774413,0.10832199082809986,987.3579735778997,995.3541027949796,996.6137426757813,959.0152178955078,838.220682067871,56,-28.979458638176368,50.04455594599801,True,51
GRASIM.NS,3191.0,3411.10009765625,-6.45246669270948,752462.7301587302,-0.5671180184715241,-2.0564763658686314,3.2561507523166666,25.149188935372592,0.10568513724823159,3195.7094256182254,3221.5525842778934,3231.8380078125,3162.706369628906,2968.265596923828,34,-8.387326359986558,7.158513173896175,True,50
POONAWALLA.NS,461.54998779296875,570.4000244140625,-19.083105182702052,1707308.3412698412,-3.7234055758811557,-4.312225157530747,4.64799922171697,25.28501504879457,0.10273620196938653,462.58698630111,462.4329651735716,470.61900024414064,446.6770001220703,441.6627500915527,245,-36.67601740058301,7.70088135777709,False,50
J&KBANK.NS,146.10000610351562,201.75,-27.583640097390028,4277720.654761905,-0.3274633111905012,-3.9889545498256074,-5.58355892654413,32.806111504836835,0.10616839682887322,146.84712610284026,147.74155493722623,154.35840087890625,154.31740051269531,133.5154503250122,55,-29.21932934237531,47.39862157209895,True,50
SIGNPOST.NS,271.20001220703125,336.17116076159675,-19.32680614463572,220894.6265060241,-0.11049274142495014,4.022698291073112,9.714236471714766,16.437671155383548,0.10282829787739978,268.89999523881755,267.1584716269434,273.88240600585937,277.68942687988283,254.51065475463867,52,-28.696554009035392,17.708328444292754,True,50
SAIL.NS,185.0,209.6999969482422,-11.778730237339296,21722193.60714286,4.325268194748366,-4.145077720207258,6.634384772838953,22.176728461975117,0.10464518092075117,181.23923483022352,181.49659757887306,177.51419982910156,180.23579956054687,168.20774974823,96,-24.649500807653467,32.81740118867689,False,50
SHRINGARMS.NS,214.05999755859375,266.5,-19.677299227544566,1181861.2868525896,1.6091514781947591,-2.4205669311143208,-2.469472514330495,28.264125077269963,0.1024161003820545,211.99141114577873,214.418395339813,220.9535998535156,218.00769973754882,216.53969963073732,151,-37.71106941838649,11.426314616815603,False,50
PNB.NS,116.5999984741211,131.33111679644097,-11.216776862678046,18191720.84920635,-0.5713295711814337,1.0398586935660425,9.28858918918609,19.322321135719633,0.10666343992638747,116.97111628406313,116.57501617388286,115.20560043334962,109.70291099548339,112.36535217285156,173,-27.118014735403897,4.641658773933077,False,50
JUBLINGREA.NS,656.0999755859375,792.3323631991859,-17.193843636928495,334755.373015873,4.992790839003347,-5.0643902816413515,8.238891296537654,21.079443889395133,0.10389845972291414,642.5443566296802,655.8817430073668,700.5173742675781,686.754273071289,667.2752294921875,47,-22.759686663695177,9.30266569850431,False,50
GARFIBRES.NS,773.5,862.339096096681,-10.302106966830692,98808.61752988047,-5.555555555555558,-2.2835669537883074,1.1495573947026605,27.74459596425416,0.10430436657799244,792.0578620236108,794.3394213403699,783.7776147460937,737.7013684082032,692.3948904418945,36,-14.402366316430726,21.62533580952246,True,50
GAIL.NS,172.6999969482422,181.85195677766524,-5.032643030953121,10257354.42857143,-0.690050023208455,0.44158359888635257,-0.14904330063421067,25.772608514904107,0.10283642133227805,172.92045780479782,173.10740931115248,173.5715936279297,171.00823471069336,164.81163917541505,39,-7.221234123434495,3.3807862451483484,False,50
CLEAN.NS,807.25,1132.8438716886724,-28.741283757251235,364131.5,-5.24122821158185,-2.288589294049348,6.647408934928478,23.560858981631583,0.10436725593163124,827.0354948410279,827.3870779014778,802.7515563964844,787.9657696533203,789.7837814331054,251,-42.71563774508756,0.0,True,50
HNDFDS.NS,612.3499755859375,677.75,-9.649579404509401,63834.15537848606,-2.133616167595098,-3.7941907956107634,11.144380074146154,20.387296359735572,0.10526032790256414,618.1207008183833,618.4961977944603,606.1280029296875,573.386000366211,535.0492503356934,26,-12.430837329398747,14.081764272766373,True,50
PERSISTENT.NS,5372.0,6552.654707500795,-18.017960051356052,623416.0238095238,-0.8124076809453484,-4.987619384506548,24.59627424857338,10.527716981044888,0.10511204421994125,5393.008470931095,5450.515090655104,5485.34033203125,5201.517075195313,5354.97009765625,191,-35.44892272409997,10.39281895417039,False,50
LTFOODS.NS,422.3500061035156,489.53692311570376,-13.724586203747545,1254471.4761904762,-0.20085209806179893,-3.310848207093431,15.355163372717584,16.529996429051664,0.10536292732211075,427.0445082694146,429.35431673567126,421.04692016601564,404.4417349243164,399.20172256469726,24,-16.659872258222542,22.41631884502546,True,50
VOLTAMP.NS,10709.0,12724.746990128295,-15.84115575494025,48481.829365079364,-1.5626436253332154,-4.626619762212226,4.295501842192939,24.637060160877724,0.10061886302033204,10775.409562965413,10782.396650562225,10377.1877734375,9961.620595703125,9217.739143066407,104,-30.42058661625352,42.038686151415014,True,49
AGARWALEYE.NS,500.0,568.0,-11.971830985915489,405149.4176706827,-0.08992150985203118,0.29084590162167245,5.451862582784117,20.27904385795034,0.09796353347354503,500.3764423752063,502.7927559885923,502.91699951171876,485.40450103759764,472.41875076293945,234,-29.401408450704224,11.810863854798082,True,49
TORNTPHARM.NS,4988.5,5250.0,-4.980952380952386,388554.47222222225,3.0681818181818254,-0.21004200840167853,7.97385109752573,18.44020075522026,0.10033045411483671,4936.744554053152,4932.366793787796,4950.127998046875,4756.080537109375,4419.633129882813,39,-9.419047619047616,14.502088513931755,False,49
HYUNDAI.NS,2115.0,2740.627560568808,-22.827894222845845,893037.7261904762,-4.246651881318564,-6.125166444740349,12.054458499943998,20.08986112447284,0.1000258352269241,2129.4529426880968,2150.2722581329995,2146.699914550781,2025.9131970214844,2047.3478887939452,251,-40.07517350705353,0.0,False,49
PNGJL.NS,605.5,736.4000244140625,-17.775668125244405,360214.24206349207,0.12401818933442943,1.841731129737112,12.945351161079778,14.040867516526156,0.0988070039981526,603.0990606688041,605.4062290159975,620.0060021972656,590.3965002441406,592.4599996948242,100,-30.87995883691065,36.733362974778096,True,49
ELECON.NS,458.25,623.6463522815318,-26.52085619942296,830764.496031746,8.796293143210466,8.269344359125807,-14.153238951041413,29.543429930560762,0.1010489847305809,437.5132561781243,432.1049706323574,430.55200134277345,473.9224694824219,455.4708135986328,244,-43.71807348797015,6.022773431869699,False,49
HINDZINC.NS,588.9500122070312,719.8477125036038,-18.18408227502942,7815268.444444444,-1.1828838578806677,-3.4666389485746074,10.46609495222166,19.42859572255,0.1009965059918351,587.551087585983,586.6638013434708,575.8760083007812,576.938002319336,582.8328909301758,168,-33.96998491730814,49.87633981215025,False,49
BLKASHYAP.NS,54.2599983215332,63.790000915527344,-14.939649564536072,608822.7579365079,2.8820564935381876,-3.9135874825511507,-0.6409124426049129,26.74607937617539,0.10011646170532272,53.30341162655435,53.764258535422506,54.344400024414064,54.73239990234375,52.752699871063236,233,-36.79260210668881,2.2828801500384577,False,49
PRIVISCL.NS,3594.10009765625,3774.7057070510364,-4.784627555399101,121723.264,4.3310458806362195,3.9237855408374323,0.16640155547622548,21.981502544748643,0.10060383180773434,3512.4068458134834,3495.538975858101,3527.237529296875,3469.129990234375,3207.8131018066406,46,-12.488540691856842,11.7276974108802,False,49
SFL.NS,634.5999755859375,832.4500122070312,-23.76719727549097,247161.85714285713,-3.4535239051580735,-0.26717149766540826,-14.920574809163679,36.64299847760992,0.09782240258245979,651.6086600936968,659.6777489233694,691.0879992675781,686.0170837402344,616.5058935546875,38,-24.584061674944845,12.951792142717245,True,49
MINDACORP.NS,678.8499755859375,769.0,-11.723020079852075,456323.8207171315,-1.8222628387662976,-1.7085424471150912,-2.466487394928507,28.54426050122687,0.1015382320871255,686.0397160340153,692.4983287063978,703.2688842773438,667.7254205322265,608.8622232055664,30,-13.940183642006666,10.400467381639045,True,49
RHIM.NS,386.45001220703125,504.94444206371475,-23.466825255545963,907356.8804780877,4.814211937165069,5.054859067452688,5.783308680455512,16.437627746800445,0.09802436710063876,377.69781774908057,375.7505552855544,382.67327270507815,384.21141021728516,400.99753860473635,243,-36.445013116387784,8.051828534491978,False,49
ADANIENSOL.NS,1338.5,1789.0,-25.18166573504751,2296241.845238095,-6.796182525253236,-17.223252937538646,-10.252113578590926,43.170388816589124,0.10068252613025319,1375.0514239260028,1407.6110954108844,1531.8759985351562,1518.962001953125,1286.0047506713868,48,-26.495248742314136,19.018650821524076,True,49
UNOMINDA.NS,1218.0,1378.852549646065,-11.665681706673702,847472.0277777778,-5.1401869158878455,-4.843750000000002,11.9691069431499,18.252020760414833,0.09408771695522118,1223.3141209292414,1227.2629054247884,1226.3780029296875,1168.1337451171876,1164.901219177246,244,-28.02263856275512,4.6492040149124,False,48
ENRIN.NS,3313.0,3968.0,-16.5070564516129,612503.5079365079,2.6332094175960385,1.7381187616273053,-10.053485839307042,29.136620541804724,0.09249547159014844,3210.681604239216,3216.8537791914077,3297.78,3407.1700048828125,3082.6033227539065,85,-25.20161290322581,48.13498000379954,False,48
EMSLIMITED.NS,354.8999938964844,574.5259705200776,-38.2273366032142,561632.3373015873,-3.2046911756713037,-6.490027937935894,-13.356057194094928,37.14316207188322,0.09231972965370501,365.2848031831008,371.18458934610686,385.2877435302734,372.3731887817383,359.50664627075196,245,-55.616230274687425,-0.7568288951149471,True,48
ADANIPOWER.NS,202.75,254.1999969482422,-20.239967571171114,31280451.376984127,-1.8635072554579746,-5.697674418604648,-9.393575488726857,34.7803030456719,0.09768162962383976,204.73007751284507,205.98319271336956,208.29179992675782,216.80980072021484,187.7626005554199,85,-22.856015555561292,54.904203533656215,False,48
GOKULAGRO.NS,221.88999938964844,259.79998779296875,-14.591990063344529,1056832.146825397,-1.0479869987281343,-9.240018297065934,7.027779061691963,23.053455177985917,0.09376913430415956,223.91562691626538,226.52017413141243,228.66819915771484,226.3302995300293,204.77514968872072,22,-18.0100059602078,20.354112572579155,False,48
TECHM.NS,1548.0,1807.040094106148,-14.335049617937901,2226990.9444444445,0.7091291774894204,-2.3343848580441695,13.065296793800618,14.756371965027991,0.09426173770291489,1552.864016511829,1562.0909387109016,1593.1860034179688,1507.0293322753905,1491.7787780761719,163,-29.660192536623796,9.275524971533788,True,48
PRESTIGE.NS,1477.800048828125,1802.9302554788078,-18.033432278518024,730767.5793650794,2.975407565229271,-8.946392555260319,-5.428835423988964,31.350241437132766,0.0941970819312728,1480.6109595401895,1506.226315929309,1575.6863989257813,1531.6258666992187,1485.1009338378906,226,-39.61887418585771,16.04430936041372,False,48
ZENTEC.NS,1682.4000244140625,2042.629425992547,-17.635572903951648,577900.5317460317,-0.29631385134868404,-7.843993924567949,-5.081665166790028,31.609202756281473,0.09520751382427124,1687.9849346440699,1720.5249831814838,1763.860029296875,1754.5986645507812,1582.9580096435548,27,-22.374565087082864,4.873010637174691,True,48
PURVA.NS,213.8699951171875,287.29998779296875,-25.558648031929486,793491.8486055777,0.20615773626280198,-0.16338628583753012,-0.6688042625676793,23.88923655674471,0.09342991860386354,214.74601513961665,214.95469342691328,215.124599609375,216.57449966430664,218.0612999725342,232,-44.068914281611086,5.872363681037829,True,48
GMRP&UI.NS,102.68000030517578,136.3000030517578,-24.666179012347754,1760043.9484126985,11.233889092023519,8.61011139287129,3.6438887871927284,14.419436983996725,0.09706352617533119,96.85336696652527,95.68699717327735,95.98760025024414,100.33719970703125,103.79949981689452,214,-36.316947095887556,13.614098990133062,False,48
FINEORG.NS,5083.0,5394.804360638102,-5.779715811626229,17395.677290836655,-2.2311983073667996,-1.0916327098169365,-4.49202846674056,28.31177862646652,0.09535656537864373,5130.72985046952,5142.858641781209,5077.649482421875,4967.72296875,4678.370596923828,62,-13.223595589442727,15.752656179685864,True,48
TANLA.NS,494.75,733.291039730163,-32.530199716873874,841851.1468253968,1.1241696474195262,-6.914393226716841,-6.668548804754037,32.549871456131726,0.09748922260425065,496.2711277384733,508.3317014036535,553.3380004882813,540.6729983520507,510.0270135498047,251,-50.65614541369784,0.0,True,48
AARTIIND.NS,489.25,550.655353408149,-11.1513223340326,1102329.615079365,-0.38684595746626416,-9.03274135958958,6.965434507311952,22.847408086725274,0.09383360719219153,491.0458519559898,495.55178337660254,502.61997497558593,487.5084524536133,451.8014031982422,23,-16.544897829705185,17.586740664728207,True,48
LICHSGFIN.NS,566.0,586.4255760885916,-3.483063652310059,1733538.5753968253,3.2564033186020636,5.695611577964521,2.3695581691530965,16.58038282531562,0.08807783228325289,560.0921248493015,551.6145194122743,528.609741821289,533.6528176879883,524.7950791931153,99,-17.218819914891625,14.263408056222882,False,47
BAJAJHCARE.NS,344.1499938964844,513.5782431574246,-32.98976378347208,256825.19047619047,4.1143568615206405,7.730078005886165,-1.6344214327987716,19.16780722325264,0.09134247746790725,338.647802806525,334.16155960423083,329.8114208984375,321.47339904785156,336.6230529785156,251,-47.20876231635778,0.0,False,47
MANKIND.NS,2474.89990234375,2642.0,-6.324757670562075,480820.1673306773,7.5716066792258285,2.374349631592554,-2.7773488607890195,21.390025655840518,0.08954836198340595,2408.9282437525662,2383.0485612321722,2416.3519873046876,2434.192998046875,2291.139996337891,42,-15.897047691143074,9.419706738631572,False,47
KIMS.NS,780.1500244140625,858.0,-9.073423727964746,471977.7738095238,-3.6673398860556428,1.5225469479046794,-4.229063614579087,25.526954853429196,0.08879838257973324,786.4755812667481,782.5285142830076,786.7529968261719,786.2984997558593,720.1912496948243,59,-12.785549208278702,5.965163703850518,True,47
INDIANHUME.NS,357.45001220703125,426.6626968523802,-16.221873896160087,101962.7,-2.148912085479293,-8.999484899314524,8.750454251806183,21.24673486672708,0.09109042033821853,364.21494319016983,369.09515454434955,380.0209979248047,351.85393127441404,354.2169149780273,51,-20.01878708462106,35.436417519428744,False,47
SAGILITY.NS,44.689998626708984,57.700033807096844,-22.54770807220512,28516085.845238097,-2.1244004028574293,0.9487195947649019,13.686176790939285,12.121043331523552,0.08931574248558445,45.30202330956797,45.17215270891815,44.13927040100098,42.50083904266357,44.01911975860596,228,-38.044880206547994,24.555002836379547,True,47
PICCADIL.NS,613.0,808.3517449655756,-24.166675730241028,229798.11904761905,4.004067629518482,-6.091236521537491,8.532460237476137,18.686083013438193,0.09216330735262468,606.7632207839295,616.9928499403135,674.0039794921875,638.7522021484375,607.0747482299805,33,-29.35654978078981,34.64533106668233,True,47
PINELABS.NS,176.57000732421875,284.0,-37.82746220978213,14785161.657534247,-8.055606385522173,4.066723186030163,12.63716095404619,13.055458832531608,0.09021115817880315,184.76655439798725,180.5740355089491,165.3140005493164,158.7781004333496,181.04935005187988,218,-52.55986065931724,0.0,False,47
NIBE.NS,1261.4000244140625,1846.2478464264655,-31.677644100948555,105199.4860557769,-1.896107017985571,-9.309212873446926,-23.110826440814126,45.226254844704194,0.09105800729149499,1304.9607008041276,1323.4534089606225,1392.3247631835939,1434.7294610595702,1245.0332092285157,68,-35.714287319796526,64.72647857429482,False,47
SUPRAJIT.NS,488.0,557.028538620579,-12.392280437106628,156786.896,-2.214204601394132,-2.537069143846893,6.66074714091176,19.36804177781135,0.09016606564489277,487.17008907749283,490.1937973260928,499.0398260498047,479.29805572509764,456.0627632141113,33,-16.52133279355448,13.003093301736524,True,47
CMPDI.NS,210.1999969482422,281.3180883112053,-25.28031232897099,3984725.4881889764,-2.0411990145572934,-8.596775304396154,-14.49627867339408,37.59073557289909,0.08763935664806453,212.14784725211948,217.9265872523933,233.31452850341796,238.91783065795897,,60,-28.90965287950943,26.52167687409792,True,47
NSLNISP.NS,42.16999816894531,53.75,-21.544189453124996,6240138.571428572,-1.0093904238916873,-6.268067135616939,-1.5869319238983493,27.01806385504335,0.08976593495335279,42.79700146301495,43.12045163546568,43.22760009765625,44.27510005950928,42.412050094604496,83,-26.883722349654793,40.65845390404035,True,47
APOLLOHOSP.NS,8889.0,9070.5,-2.0009922275508463,370231.7103174603,-0.6204930404158926,1.011363636363627,2.503425945247262,19.953467363404265,0.08872638152167023,8879.09735400818,8849.517695971295,8834.63857421875,8640.777709960938,8008.86044921875,2,-2.745162890689601,1.617881820602074,False,47
ARVSMART.NS,614.0499877929688,705.4097122162362,-12.951299484697499,184182.406374502,11.625161796983363,-5.588873809443817,2.584570418867993,19.26336820612422,0.0852545982591966,600.7917190464667,607.037645822052,621.9293200683594,609.6952294921875,588.3862405395507,24,-23.399130146892755,16.556237028888134,False,46
JUBLFOOD.NS,484.54998779296875,633.1992004085787,-23.475900241139346,2584721.7976190476,-3.0900024414062477,-3.8591294061569914,16.362072833266073,11.939186069055463,0.08603470152229983,482.935933275758,482.6403567877296,475.61699951171875,453.27758331298827,477.9852294921875,245,-35.62204553802842,0.2653920967383483,True,46
JUNIPER.NS,216.2899932861328,300.1499938964844,-27.93936442300018,186895.6507936508,-3.5840094857115368,0.11108087525344423,11.483943822549737,13.872796939051923,0.08658117148865226,219.09532661378663,216.9855602576841,206.985,202.57649993896484,214.4195500946045,251,-37.19806635578017,0.0,True,46
GARUDA.NS,176.8699951171875,249.3000030517578,-29.053352205347917,1445565.15936255,0.7634001864122775,-3.4657821532631305,0.2721218488576316,23.202840711249205,0.08745956427145574,178.71671532823652,178.8525569718737,178.51199920654298,176.5913998413086,176.9194998931885,222,-47.85399181362611,23.614008294704504,True,46
NEWGEN.NS,485.29998779296875,1030.4143551726484,-52.90244304567597,2468988.448412698,-2.413030423197138,-7.208415335952434,4.068071311743249,21.981848055707687,0.08330174506295848,497.07795344042427,504.961182125162,525.8599993896485,500.1758117675781,539.9904232788086,229,-61.50966780822025,9.489249880424522,True,46
JAYNECOIND.NS,88.55000305175781,117.0,-24.316236707899307,6242328.531746032,-0.7954280388533297,-12.404781620743377,4.2377942705625005,23.75960765187186,0.08214682213883488,90.08206278991128,91.06537862820151,91.45940002441407,93.02240013122558,87.95040000915527,100,-29.470088339259483,60.36074919548393,True,46
UNITDSPR.NS,1423.800048828125,1563.4000244140625,-8.929255047073282,907674.130952381,3.8512070625911665,-6.45203358553712,6.247375986945447,17.719447547402602,0.08056705804196367,1413.8968297761623,1427.9491229968432,1474.4500024414062,1392.5049328613281,1365.8823303222657,25,-12.492007533473103,13.219914621978734,False,46
EKC.NS,110.27999877929688,153.47897281057305,-28.14650974019305,664244.9442231075,9.112495411380017,1.7310068565897119,-4.915169668884934,22.180188014514247,0.08654975217596161,105.83271079776367,105.26990910326455,107.42351882934571,111.15192138671875,111.84290985107423,230,-41.60466023467884,1.3306498137416911,False,46
AJMERA.NS,120.81999969482422,219.46418351965167,-44.94773691215745,476455.4166666667,4.515572049831573,4.193630524635594,-6.241761580677663,21.910086367212187,0.08181789382591854,118.36622140673936,117.65685263124033,119.15314819335937,122.25461395263672,133.21916007995605,226,-55.72267370583466,3.4202137429445445,False,46
ACUTAAS.NS,3272.5,3737.2044731885353,-12.43454770865281,402537.80555555556,-4.8774829650478635,-1.629587271179056,-7.125291156727387,27.997640990764783,0.082478032985471,3299.285919857611,3291.054687327683,3283.393330078125,3240.2319580078124,2657.7907971191407,59,-19.11764548548307,25.068496663952743,False,46
ATLANTAELE.NS,1625.9000244140625,2152.60009765625,-24.46808739884655,248041.7751004016,-2.41281746359413,-2.9255477512540984,-10.369348157989943,31.263875377807928,0.08568354407115954,1670.9494308369322,1706.5701122764006,1695.790009765625,1752.8920080566406,1400.4945022583008,81,-30.642017454817648,78.57735000033435,False,46
VIYASH.NS,244.35000610351562,298.0,-18.00335365653838,2237321.761904762,-2.1229673232703306,-5.838147936988203,-11.707314867745033,33.65605312014763,0.0857030046801087,249.99854256363056,253.7749575118898,260.03,259.220399017334,232.21684951782225,59,-20.520132180028316,28.69067690883742,True,46
SKMEGGPROD.NS,220.39999389648438,370.1242358872688,-40.4524285289945,505973.3214285714,-4.069643570627035,-16.991313592804914,-24.402099638406305,49.51199443775825,0.08678940807957722,229.59845107635581,237.69258979518767,256.2457388305664,252.40382171630858,215.03722473144532,54,-41.0873480011261,99.67909038840924,True,46
GAEL.NS,163.8699951171875,184.66065065257942,-11.258844513933541,1022307.1587301587,4.409046386427984,-2.5743174254557744,-0.7063016097966557,20.80526615185374,0.08036257131354144,161.97615756019354,163.70407066353562,166.11219970703124,162.42673675537108,150.40281425476076,25,-17.340267755892746,12.124852084950266,True,45
ELECTHERM.NS,873.3499755859375,1277.0,-31.60924231903387,49640.264,-5.634794642254182,-15.886551621408284,-25.066497161223722,46.535230803009654,0.07353353384329671,913.6274983114956,941.3157776427611,992.3980004882812,989.0554998779297,875.5362487792969,58,-32.96397902952477,64.58235268090169,False,45
BAJFINANCE.NS,996.9000244140625,1176.4000244140625,-15.258415188269382,8072318.357142857,-4.1718756490448765,-7.9501362498557215,-0.7812864479659121,25.136076934445327,0.07812830024512726,1016.8063765281121,1031.4909154829534,1065.4840075683594,1006.7271069335937,973.2736645507813,39,-17.20503402019846,33.17504298936391,False,45
LAXMIDENTL.NS,199.07000732421875,344.79998779296875,-42.2650770383008,242700.48015873015,0.5658046947428996,2.181500790587254,-11.536235877839097,25.794633380233023,0.07349863216333222,197.2337011408886,198.28567588616784,204.49700012207032,213.67429977416992,212.05879943847657,221,-54.791180277996745,5.286891819428563,False,45
ROTO.NS,62.79999923706055,80.52516439325045,-22.01195773985357,2246934.7976190476,0.49607545250005547,-3.12066731728996,-12.646042344267483,31.040031317200967,0.08047673905392157,63.22883368556522,63.72921354758559,65.49762649536133,64.47913841247559,62.247730312347414,193,-41.19103713547165,5.029092675978064,False,45
TATAINVEST.NS,651.5999755859375,1178.621408861613,-44.71507384077692,2241383.472222222,-7.225742402519719,1.4795203801917234,-2.2795459636017035,21.03121845846667,0.07301953430092531,669.7012367608372,665.2783463963477,659.4940014648438,665.0731579589843,662.1543746948242,246,-54.51590965272606,19.469664537787736,True,45
FEDERALBNK.NS,322.0,370.4344787597656,-13.07504607074559,9256487.047619049,-3.2306536438767797,-6.612525696102622,-2.105720999760996,24.556694607617292,0.07545391039510416,332.4340031101765,337.78732617538105,348.73350402832034,328.97555084228514,302.8428539276123,39,-13.74992925342613,22.028892697908443,False,45
MAHLIFE.NS,356.8500061035156,423.03422522089073,-15.645121640646565,189349.22619047618,-2.606437759839819,-3.2008647737241325,-1.6953206402936072,22.425665994682408,0.07560853475056074,357.8178566463423,360.66511125563926,372.20499816894534,358.8927288818359,357.25050704956055,207,-32.84159313359011,16.782055304985178,True,45
KIRLOSBROS.NS,1771.9000244140625,2180.905610301624,-18.75393340984598,111435.37698412698,-2.180633734548898,-6.707735541452164,-13.38078807856916,32.823451309416015,0.07555533618450336,1785.646058344425,1809.1360151069764,1865.629072265625,1822.3345849609375,1708.0242517089844,69,-22.133266880036583,19.018370125707662,True,45
KARURVYSYA.NS,327.95001220703125,358.6499938964844,-8.559872357983068,3300067.5714285714,-1.264483446223419,-5.29886694564593,11.617904373265286,14.202018007892558,0.07979956781385081,328.7054060630556,332.16182092227325,336.6416680908203,313.63218170166016,299.27308822631835,22,-11.334168294511947,18.99565126761338,True,45
DOLLAR.NS,270.45001220703125,391.38998363057124,-30.90011918590485,172517.02,-1.024698185898898,-0.166106201399574,0.36146455771950414,18.32887235348799,0.07304297249841243,270.7528330021999,269.979246956604,267.97016357421876,264.8570976257324,282.9030756378174,247,-44.31818081838649,-1.000818320627006,True,45
MASTEK.NS,1582.800048828125,2339.80156593166,-32.35323576690201,121971.36507936507,-0.3400014173130739,-0.9535768182614035,0.0020129512201760846,18.92655248047792,0.07346509372173633,1596.810975061875,1633.0136254163474,1719.5563891601562,1668.0678259277345,1732.3101293945313,217,-43.45790447471269,7.203830053457061,True,45
SUMICHEM.NS,446.3500061035156,572.0499877929688,-21.973600974001826,477609.14285714284,-3.146359945310062,-14.98095121837798,6.314845818000814,22.767459112619235,0.07690611152241336,460.030341205228,474.3622325441422,510.29000061035157,490.3803948974609,456.82600158691406,29,-22.47181025017213,27.85361247366054,False,45
SILVERTUC.NS,147.7899932861328,1116.9160935696195,-86.76803081834001,629521.7420634921,1.0322631388001158,-17.24157701266613,-20.295053216098324,42.447620645802346,0.07545443204838227,152.7967894087008,159.1785558796254,180.62412506103516,178.34068283081055,209.36278709411621,186,-91.00630912740624,42.85809103639539,False,45
PRIMESECU.NS,301.8999938964844,325.0,-7.107694185697111,44741.0,1.7011917430137302,6.377733221299331,4.301254504887764,10.44448039344732,0.06913834327406496,293.6869936452378,289.6833459272576,284.1290014648437,284.4595013427734,282.0230012512207,216,-22.123075045072117,17.381735157568954,False,44
FUSION.NS,177.13999938964844,243.0,-27.102880909609695,555589.8565737052,-4.310715178275282,-9.645500315099243,-6.866455188297227,28.139462059271956,0.06835676686372238,183.71836162262582,188.56617284039888,200.3720004272461,196.6800001525879,184.48250022888183,54,-28.802471396363817,29.344389727490714,True,44
INOXGREEN.NS,172.32000732421875,279.0,-38.236556514616936,1932572.3134920634,0.5837029869532495,0.08131876779733371,-13.232627377462936,26.74315888117931,0.06802109391487636,173.48220152650254,174.07719040516287,178.1997998046875,182.75949935913087,178.46049911499023,226,-52.48028608205926,32.58000849634595,False,44
GSFC.NS,156.8000030517578,197.44634550082338,-20.586019126343402,841918.6626984127,3.2122202090771435,1.6874239648382305,0.003522880182260657,16.251757033081727,0.0716046649116273,154.1620232438095,154.19216483869738,154.52769592285156,157.0838067626953,160.93384750366212,251,-31.879294437365523,0.0,False,44
SURYAROSNI.NS,227.4499969482422,308.0746845932235,-26.17050075095808,628741.0595238095,7.990695195719955,4.139001480956939,-11.072487717864355,22.332072219942557,0.07237952388381101,216.22816801403368,216.67758519943982,224.11926452636717,236.29462341308593,237.10507469177247,221,-39.88253189981289,5.1129434421974596,False,44
SAMHI.NS,159.19000244140625,217.3000030517578,-26.741831474576916,1011751.3571428572,-1.7224307690597573,1.0409389767575439,-8.909357149711195,24.221623116108027,0.07051786819975385,158.77070557166493,158.67985538619527,163.4366000366211,164.7688005065918,165.20350036621093,229,-41.555454111176246,-1.73027395985772,False,44
CARRARO.NS,535.0,659.2363858620107,-18.845498902424886,171806.116,1.9727389887185254,-0.42333578144445605,1.4507128797280888,15.918868799718044,0.06915368126388606,537.0016474123752,534.5526470661275,529.1072668457032,537.5701522827148,526.3578489685059,115,-26.260198815337212,3.6956216320578106,False,44
UNIONBANK.NS,180.1999969482422,199.59697275189,-9.718071139164685,14501264.646825397,2.061621794280133,-2.330624960302341,7.591683209124822,12.984377665354984,0.07211293216246985,179.3814403006963,180.30581746593003,180.27699951171874,171.9446127319336,170.78334045410156,145,-23.981703326548644,31.703346076638827,True,44
KCP.NS,163.2899932861328,206.48051439200756,-20.917480389397248,181729.792,0.8274136234277751,-5.080512442703034,-3.2307907245501366,21.72848884256975,0.0678879719346503,160.34568427647582,161.18361628037835,161.25931121826173,163.16035507202147,164.30568237304686,220,-39.8460047960286,3.059236487693129,False,44
BHAGCHEM.NS,245.60000610351562,316.8999938964844,-22.499207688927548,151335.3253012048,-0.5063803804306266,-14.305652172663041,-13.012488411585466,34.56341993983971,0.07009852979884573,248.9728675834132,255.91133442220212,270.25069549560544,267.24169540405273,242.69535278320313,38,-23.63521468572527,27.116219222240634,False,44
EPL.NS,238.10000610351562,274.0299987792969,-13.111700483828848,1553561.111553785,-0.5222477410171456,-5.814872140342708,5.916371383987751,15.993570004255698,0.0695714021472835,238.7610860068789,240.73289995974838,241.2924005126953,233.4477001953125,222.7588498687744,25,-16.797430567581518,15.8755710396413,True,44
ABB.NS,7052.5,7832.294844565128,-9.956147719671616,325934.85714285716,-2.9984182655938385,-5.841121495327107,1.4866275471572932,20.587542335198084,0.07212939072601617,7163.551609315732,7243.721609106328,7402.708798828125,7121.15513671875,6484.960085449219,51,-11.832992283331055,16.209453529106188,True,44
GESHIP.NS,1497.199951171875,1766.7330608502607,-15.256017768109785,751077.2301587302,4.545770316021547,13.665351250572023,2.036764995834517,7.70458410873216,0.06880510423959778,1452.8240570076568,1419.702456618437,1368.8799536132813,1415.6607165527344,1343.7815161132812,93,-28.625323884915066,19.077027406007787,False,44
LGBBROSLTD.NS,1735.300048828125,2019.894362671753,-14.089564241725473,65624.3253968254,0.28317292793160753,3.021848947774064,10.254773957818685,7.309450434145881,0.0663289944335193,1727.6134112522548,1708.3424955769615,1626.467783203125,1582.468468017578,1680.2876025390624,156,-29.443359419448868,7.766626335999027,False,43
APTUS.NS,244.60000610351562,326.69252082124143,-25.12837285388756,1490554.6746031747,2.9114833561838527,-4.6207859385669074,-12.282588936822759,26.88888248599879,0.06437767461257693,244.5368872899557,247.78024243683046,259.03360076904295,265.0608416748047,257.7938066101074,246,-41.46136226538088,3.0001629756852832,False,43
STARHEALTH.NS,558.1500244140625,624.9000244140625,-10.68170865613074,655004.4007936508,2.0290717244828116,-4.76880265076497,-5.229643799063499,22.000005336407114,0.06480255637139083,553.1082903333466,558.3145218627243,573.6280004882813,561.8420013427734,514.8037512207031,41,-17.90686830569187,15.990503451603333,False,43
DEEPAKNTR.NS,1587.0999755859375,1891.3614422640999,-16.086902264113988,206660.2390438247,0.0504272037565201,-9.453449830342608,3.1006750558581597,18.468474994553375,0.06431945268885927,1608.9047459430824,1634.1255003726421,1690.1404223632812,1682.9941235351562,1628.759364013672,250,-32.63157941142555,0.0,True,43
PETRONET.NS,286.5,322.6775170144611,-11.21166338119547,2929763.1071428573,-2.084759390386881,-1.5294765493478524,2.029918965393196,16.645257547141746,0.06752707459566398,286.2997720304414,286.6765042582464,284.5330017089844,279.5200036621094,279.2103660583496,145,-27.89522139859414,12.252696003715924,False,43
SPIC.NS,64.7300033569336,95.91401776869957,-32.512468080492106,591762.4183266932,-2.953513765281379,-4.015355658764797,-1.2136081155756484,20.301219156588914,0.06657982719681774,66.12231901899231,66.43241898478686,66.0523698425293,66.50676906585693,67.87612089157105,250,-44.22512610590855,0.0,False,43
GKENERGY.NS,123.68000030517578,238.62838915412897,-48.170458366841075,1106564.652,3.2645936141768583,-11.435728098310094,-12.281153151912994,30.84351082254646,0.06692372125200353,125.06586449594865,126.23525097315851,129.43850677490235,132.67247177124023,128.2052268600464,232,-63.606012832461765,39.04255322063956,False,43
JAGRAN.NS,62.650001525878906,68.81048404363386,-8.952825435508483,259179.3545816733,0.46504315697393217,1.5726349155379848,-2.8832747616775234,17.62931056093249,0.06547773094674728,62.47068927778432,62.25944927319284,62.309999771118164,62.73322162628174,60.271244792938234,82,-11.641372558131891,19.35881524540688,False,43
HEROMOTOCO.NS,5360.0,6175.521739453033,-13.205714008631498,657123.2658730159,1.4095166020243965,-3.4234234234234218,13.443924817853103,7.423301992794795,0.06458765217991605,5333.598629603998,5354.569391362702,5425.901494140625,5146.5817041015625,5260.433544921875,203,-25.451131509188663,15.201804121987328,True,43
JMFINANCIL.NS,127.68000030517578,177.98981701911703,-28.26555898337584,3439281.3095238097,1.0926343785220949,-2.1234164107841513,4.3904855316585945,14.110581338754734,0.06645958350694853,126.35140099029904,126.58350304257725,126.5118000793457,126.30776008605957,128.97710308074952,237,-38.026894261154,5.907962958425239,False,43
PAGEIND.NS,37695.0,43614.205560919945,-13.571737659309303,27589.752,3.5576923076923173,5.293296089385469,-8.380187207888223,19.641963805836227,0.0675715780861435,36597.878853058995,36347.90916986476,37287.949140625,38140.7084375,36129.279013671876,62,-22.04374798823495,16.626127646862223,False,43
JSWDULUX.NS,3199.60009765625,3687.5560372755367,-13.232502358928254,102801.30555555556,0.3386869249482727,2.8678047232860937,0.6611552855055658,14.22795715044629,0.06496959082982233,3153.771506710988,3144.813430308086,3091.782001953125,3069.9522729492187,3016.97931640625,206,-28.785044619648016,4.156947724256654,False,43
M&MFIN.NS,333.1000061035156,415.0,-19.73493828830949,3343655.515873016,-5.7175155356331775,-13.108125524962444,7.851302834314922,19.047315736323412,0.06780940486268035,347.96103930858953,355.82916637637925,373.32700012207033,338.6729180908203,338.58016387939455,34,-20.433731998305728,41.539788666399936,True,43
APOLLOPIPE.NS,511.45001220703125,668.7999877929688,-23.527209697654207,679190.0992063492,-5.9142687312029985,-19.904467624411883,4.544002790635693,23.516470784886167,0.061974687531424974,531.0036681421213,546.5108773666371,548.4019952392578,521.2380010986328,438.5798419189453,23,-25.762558453620265,35.67519834997177,True,42
PNBGILTS.NS,74.7300033569336,98.88747792802168,-24.429255429764176,930525.003968254,-3.1743935456785555,-1.6591621831862358,-16.91068065133131,29.591810071409054,0.061142480419591264,76.19421857096309,76.81354244546,78.63538055419922,80.89225021362304,77.45611835479737,247,-42.23755263599275,1.624357293921852,False,42
GROWW.NS,187.05999755859375,227.1999969482422,-17.667253489793232,53050836.683257915,-2.4509788709211944,-4.968501809209935,-7.4281235322279375,24.606983508472634,0.06375558094786568,190.02073408439986,191.87637768962088,194.80959991455077,195.26029983520507,183.67915000915528,107,-20.77464682316642,29.81634520272365,True,42
BHARATFORG.NS,2008.0,2295.0,-12.505446623093686,1205671.657370518,2.3393315827525907,-2.04878048780488,-6.063511537496447,20.27303406901073,0.06114337227069643,1980.2548046955362,1988.2792653467739,2067.4580004882814,2040.1443762207032,1847.4208081054687,34,-19.37254795581427,3.907478601363268,False,42
CDSL.NS,1318.0,1658.570789743815,-20.533991786773242,1747736.115079365,-5.179856115107917,-6.577831415955004,1.878404598308947,18.81566148903633,0.06256234080405423,1343.7309848923205,1353.7489693037126,1357.0859985351562,1314.0295825195312,1317.6902447509765,214,-33.30345469125907,9.720354302599032,False,42
AUBANK.NS,1018.0,1144.0999755859375,-11.021761933117503,2282861.6944444445,-3.835251891392244,-6.691109074243817,-1.7416196865141065,20.919494697537267,0.061235649690726875,1035.866230572955,1047.7469332071253,1057.8767895507813,1035.1388110351563,1004.9858135986328,23,-12.857265861805644,8.933600808363384,False,42
TEJASNET.NS,503.8500061035156,644.75,-21.85343061597276,6197529.666666667,-2.7879571734092057,-1.4281498347131216,-17.738774513711732,30.446603521945793,0.06292583370381254,521.915182215559,530.2920501275703,529.3189971923828,538.0004983520507,472.8577491760254,70,-24.303995689341797,53.85644174840329,True,42
JSWSTEEL.NS,1277.0,1351.0,-5.477424130273867,1670816.757936508,0.10975418946832516,-4.523364485981308,4.723978436109388,14.417362171120129,0.06290440921031439,1275.7135784730128,1280.7050134546396,1285.9300048828125,1272.8887927246094,1230.9928784179688,21,-9.178386380458914,9.91848608472976,False,42
KIRLFER.NS,483.20001220703125,509.728293793752,-5.204396520600973,168814.9661016949,0.5305353881053021,7.953531192598429,5.203121749464978,7.54122629275491,0.06221186819271674,475.71527010679756,469.17854145314925,459.4280010986328,453.2777783203125,,69,-16.033697714810625,15.516638942753303,False,42
GLENMARK.NS,2380.0,2535.0776323504288,-6.117273505610421,640231.3333333334,-2.7539390795596863,-3.15576649807513,8.078216038913343,11.759070863318088,0.06220545949430244,2428.8037711607876,2420.3811605694,2345.88619140625,2293.7049169921875,2198.509044189453,20,-9.024480378937739,13.749431595487426,False,42
FEDFINA.NS,151.67999267578125,178.47999572753906,-15.015690101578505,1275173.5099601594,-2.2995216259057982,-5.2887927215144686,3.1135189546101394,16.417223495186906,0.06213234377564332,153.60692344335436,154.7098952402429,154.55920013427735,154.74330032348632,149.0653999710083,175,-33.28664133509278,21.665060413671267,False,42
KAYNES.NS,3650.0,7705.0,-52.62816353017521,1568407.4563492064,3.8406827880512084,-9.176869820524324,16.915984310060097,6.4264023812679705,0.061940505602254725,3538.647582816342,3566.4574005930835,3622.5360107421875,3451.1340063476564,3657.7720056152343,244,-61.129136924075276,1.1995201919232201,False,42
TIMETECHNO.NS,181.22000122070312,225.61254472714933,-19.676451750559142,2599341.5912698414,1.104661719961042,-1.580186883080692,1.5426028583591433,15.349117921320898,0.06396856821416069,180.20458259297777,181.96013340209092,191.85562255859375,184.16403564453125,182.50167625427247,235,-32.307689722429934,-0.5869183388680588,False,42
HOMEFIRST.NS,1123.0999755859375,1311.570558920454,-14.369839430495112,320286.4621513944,-9.522280560109275,-6.423927572289689,-1.4305817516993002,21.366954699485554,0.05880593783815566,1185.602545430744,1191.7563926164069,1193.7939990234374,1163.0023791503907,1131.1962759399414,167,-32.17727876349391,12.664268014398106,False,41
JSL.NS,748.25,879.2203373423794,-14.896190611134363,692090.6944444445,-0.35954619656985987,6.1347517730496515,8.480143506036807,5.687843585141961,0.06010176220820771,744.974769850934,740.9164311901945,731.6052001953125,718.5389135742188,744.8626977539062,181,-26.124746460363557,15.392401926539033,False,41
ANGELONE.NS,288.0,359.3387168134344,-19.85277774854216,8335899.345238095,-3.7111353650972623,-2.669818877809116,-12.629458546509165,26.968176908683184,0.06093355887448974,294.6555266736527,295.45343146596065,296.84199890136716,315.3622094726563,286.18096527099607,70,-23.40096206696607,12.457087585318716,True,41
CHOICEIN.NS,751.0499877929688,860.5,-12.719350634169812,636845.7888446215,-1.6757201285697576,-3.0965744633249193,-0.28545198874366795,17.077160996565667,0.05958341896481208,755.2842442671814,761.6652736464738,788.5350024414063,751.9909985351562,743.4207485961914,182,-33.91051572259951,5.029295430016378,False,41
DREDGECORP.NS,984.7999877929688,1286.0,-23.421462846580965,449688.7698412698,-0.7558198218545975,-11.740460235034023,-10.227895369829653,28.137402047328287,0.057629181787901544,1005.1760782698616,1026.3248233546449,1066.5679992675782,1072.1910028076172,1019.2634997558594,81,-25.264387590518076,35.47188463603379,True,41
EPIGRAL.NS,1060.5999755859375,1763.3722656687764,-39.853881325297216,65860.14342629482,-4.0441573570525025,-15.097661139756834,-4.716557465771565,26.959208140354797,0.05944768052753831,1100.7913568744211,1123.1517767379855,1137.80599609375,1137.9368353271484,1111.194182434082,245,-54.43252604950464,2.693681809289461,True,41
AFFLE.NS,1578.0,2077.0,-24.025036109773712,306042.873015873,-1.5902712815715647,-4.381024461549588,11.16590348714337,8.895178150972116,0.05872610286064785,1582.1714669270166,1589.575867659652,1610.6940087890625,1543.997998046875,1541.076498413086,251,-39.75445118786109,0.0,True,41
ULTRAMAR.NS,425.29998779296875,455.75,-6.681297247840101,54865.16071428572,0.21206265537880853,0.47247816151088085,12.858305642230983,5.188732009106345,0.06048686394151889,427.3094917086495,424.6526113380797,408.695,397.17011688232424,,35,-16.62095447065277,11.384198246728626,True,41
HARIOMPIPE.NS,344.54998779296875,527.8536506174443,-34.72622811456555,284998.40873015876,-4.859297236168625,1.206395011381245,-14.283610190506192,25.482696330851027,0.05663344753847942,353.96129696961754,356.0433180313081,367.61518798828126,376.8601254272461,365.28348846435546,251,-49.32413458450673,0.0,False,41
POWERINDIA.NS,31035.0,38775.74235339215,-19.962847604167088,145914.41666666666,-5.091743119266057,-8.397284533648175,-11.104208769767808,28.08916921220652,0.05715773835296026,31313.893293087076,31701.53088119006,32556.6069921875,33461.75041015625,28447.157670898436,84,-23.547562984550773,43.65251762571349,False,41
AVANTEL.NS,155.94000244140625,214.72640412746412,-27.37735115759754,2332467.4444444445,5.915918608043547,-1.3350209235115207,-12.941041373195638,23.371288681927748,0.05790790736914459,150.96266122669184,152.65901189035742,158.37440063476564,164.5891682434082,155.99902141571044,241,-45.558137802783016,13.25850034099252,False,41
INDUSINDBK.NS,912.2000122070312,1077.8499755859375,-15.368554727559014,3272539.587301587,-5.59867290379481,-9.043774055147935,-1.298420238206166,21.4270074312217,0.05812654799617762,949.3850580387492,966.5876102312136,999.6570007324219,966.8877734375,923.0204086303711,47,-15.860273233196832,14.880614248966051,False,41
SCI.NS,274.3999938964844,367.499792159746,-25.33329276626983,6385335.468253968,-0.9565038849468022,-5.884971554702556,-9.81542708676859,25.322481158327893,0.05911719637865389,277.8725236101033,280.85861160397735,285.8458074951172,295.37376892089844,269.42080268859866,99,-29.437287731132457,38.89908180133224,True,41
ENDURANCE.NS,2645.89990234375,3072.0,-13.870445887247717,113492.87301587302,-3.1515409098188174,-10.150099888898112,-0.6285532108147751,20.005199897640846,0.05468339927050402,2689.9100378800204,2730.4212652241645,2814.6352734375,2722.9302734375,2587.3462768554687,25,-15.950520833333337,12.69912658583776,False,40
JAIBALAJI.NS,64.95999908447266,102.0,-36.31372638777191,1970349.2936507936,0.7444102086688886,-7.411636696428847,-3.8911042993260314,19.985223156269562,0.054188716542911346,65.281982156268,65.87193788230748,65.4942002105713,68.06150020599365,67.90070026397706,246,-47.401959288354014,3.838989143112559,False,40
JINDALSTEL.NS,1164.800048828125,1303.865138167474,-10.66560377055552,1312505.646825397,4.046453669327832,-0.4444402711004325,10.073186465141259,4.8320760570832455,0.05270543675088373,1145.32751570739,1139.499262474999,1117.6439721679687,1125.6070629882813,1134.8970907592773,113,-22.668811109341537,6.424449136954391,False,40
EQUITASBNK.NS,67.02999877929688,83.9000015258789,-20.10727346813991,3485582.0317460317,-9.528948451281227,-9.626533053681442,-11.112590473222761,29.57664676677303,0.05618680108877973,71.38070388480092,72.40369845771582,74.58019912719726,74.33909973144532,69.04144983291626,52,-21.108460980194398,17.416223272590848,False,40
INGERRAND.NS,4233.60009765625,4955.0,-14.559029310671034,19289.353174603173,1.87453133485469,-8.152900868861835,-5.512242556283198,21.895912737930857,0.05661565288000487,4293.858591104064,4399.254912896317,4486.372001953125,4405.352941894531,4038.7743762207033,17,-16.827443081483352,12.504586728712464,False,40
PIRAMALFIN.NS,2142.699951171875,2326.39990234375,-7.896318727782137,396312.26785714284,-6.847230820944894,-3.8587518232223394,-0.9888704550936267,17.46275861985893,0.05231968864676528,2200.761142260619,2209.53737300012,2160.8620068359373,2096.0302734375,1926.483578491211,12,-23.435349641418448,6.4746543778801735,False,40
ZYDUSWELL.NS,520.5999755859375,611.8499755859375,-14.913786653765005,1005803.246031746,-0.3159453162398296,-2.7279589477001043,-9.343077935739153,22.350170525484714,0.055599585083081354,530.9903558246165,534.1889409377949,537.5459997558594,532.2808065795898,485.9415577697754,49,-19.915008653755027,24.154986711146687,True,40
RAINBOW.NS,1374.199951171875,1610.0,-14.645965765722046,153928.204,-5.533787220873343,-5.011405436301608,-1.9971180964114432,18.295303693321618,0.05163326239057557,1424.7195024863638,1438.4648628952305,1470.9359399414063,1429.736815185547,1329.9788433837891,36,-16.149068322981364,19.525442484135812,False,40
BLACKBUCK.NS,598.9500122070312,748.0,-19.92646895627924,777644.2063492064,-5.2893755401138165,1.8276096186506496,12.839115670937717,3.822150608394259,0.05217179314357767,609.0813896287532,604.7093836617693,584.1830017089844,563.4534991455079,584.3094989013672,234,-33.68983957219251,19.843152459650536,False,40
GUJALKALI.NS,630.9000244140625,793.5892698217052,-20.50043411552098,1249361.721115538,-1.2212286901351121,-8.839751914762195,5.447390080014891,13.96033276125317,0.053282768765397844,644.7262905439238,658.182759428927,665.6922192382813,647.317289428711,587.148288269043,102,-29.07362110864654,70.8098208300298,True,40
KOTAKBANK.NS,404.0,452.4189269358333,-10.70223283180648,15879015.5,-2.0606060606060628,-4.7619075025327025,3.173353234984755,14.515417612400006,0.05599730908888283,411.2638295359607,411.90352614282915,403.26299926757815,395.6921981811523,399.2954573059082,235,-23.76434350547929,9.947846083165079,False,40
BAJEL.NS,173.13999938964844,218.89109805718027,-20.901306208249913,661417.2301587302,0.7154881631883603,-10.995733061159562,-9.992553916285463,26.5625172537294,0.05499642930693046,174.1630102470288,177.29615878971035,182.24569091796874,185.60748016357422,175.2337686920166,245,-38.49025464129766,-3.4380867748480815,True,40
TMCV.NS,441.5,503.3184101990195,-12.282167500007724,10978342.01357466,-0.3160970683624753,-6.679350178786825,4.385858200162107,13.091130188060074,0.051847297926790485,441.6445128723986,445.05508820251555,447.1609991455078,421.88449798583986,427.0233140563965,145,-29.852655536585495,18.129746373319122,False,40
SENCO.NS,331.1000061035156,428.75506028088586,-22.776420204438985,1410287.1984126985,-4.856320085196664,-8.725015546928837,0.5637118502487937,19.082433431680702,0.055714518098414836,340.2261208007759,345.41959298840277,363.5528582763672,351.85907989501953,335.0915637207031,44,-24.04754507546928,23.107509848070706,True,40
ASTERDM.NS,759.4000244140625,891.2999877929688,-14.798604867651354,1186345.511904762,0.5761256461719766,0.609437823991521,-3.1933185548039256,13.839753611517992,0.04757406007581521,760.2402149455802,765.5395931820044,790.3200036621093,781.5640020751953,707.1226495361328,34,-18.203747584667017,10.22626299208187,True,39
EICHERMOT.NS,7360.0,8165.0,-9.859154929577462,511334.90873015876,-2.075572112825974,-9.1358024691358,5.13993088501512,12.922454961835728,0.046762435451290704,7471.9496087517055,7578.2578271972325,7782.748427734375,7497.8328515625,7354.338447265625,29,-10.532761788120027,6.476846336441877,True,39
SIYSIL.NS,538.0499877929688,827.1631369466097,-34.95237350891547,91996.25793650794,2.0193331220904387,-4.7361899040630595,-14.995493958741902,25.318350989744907,0.04883387539671826,536.003961757905,545.6574792757044,586.1077819824219,596.4629962158203,573.4848068237304,225,-48.385897965547564,23.18873854144481,True,39
PSPPROJECT.NS,806.6500244140625,1143.0,-29.426944495707563,168233.248,-0.4258673343842112,-10.491565303180217,-19.399476993106155,32.41136051388154,0.05003801313546305,823.8612280216037,844.694147438294,913.6930017089844,916.7390014648438,840.1035009765625,59,-30.48556537244368,34.352078239608794,False,39
INDIGO.NS,4940.0,5970.0,-17.252931323283082,1381810.075697211,0.40650406504065817,-4.798612449412221,-7.98002962031048,20.502500304915227,0.048879191524945693,4942.195874910914,4979.743599233071,5128.28,4971.2849951171875,4824.8135046386715,211,-34.753769662112646,2.308573442594053,False,39
NESTLEIND.NS,1362.5999755859375,1553.0,-12.260143233358821,1524639.3373015872,-0.7140810735783099,-6.0275878906249964,-2.565464480893398,16.543235217747142,0.045707290573480074,1374.8544734253808,1393.3456936526554,1448.8639990234376,1432.4870007324218,1357.368189086914,35,-14.179005226778818,12.481130446202805,True,39
DCAL.NS,168.19000244140625,306.0,-45.035946914573124,384505.23107569723,-1.366409671988844,-5.095360973421537,-4.094196770082226,17.8709086577185,0.047643912701795396,169.05952884753754,170.77660149755408,178.6042010498047,182.80970123291016,190.87235046386718,242,-58.006535947712415,-2.980016307734601,True,39
SAIPARENT.NS,503.95001220703125,706.0,-28.61897844093042,234869.78225806452,-1.3313730382709221,-3.2168234314041366,-14.345197056369784,24.217401292525075,0.04606899409991175,510.494629582466,516.5917142921594,534.00400390625,540.391000366211,,61,-33.25070821529745,25.48782541416208,True,39
CARERATING.NS,1627.5999755859375,1822.6696635954045,-10.702415907042194,52762.57370517928,-2.4571497422923416,-0.37338408326216266,-1.3814862149083895,13.309607373551046,0.045890052940662354,1642.4594972406953,1658.4678806249194,1686.8059912109375,1669.0020166015624,1625.6992932128906,95,-14.55386522548887,15.048886018626195,False,39
ICICIAMC.NS,3184.60009765625,3597.034549503453,-11.46595747611423,690040.4845360825,-0.6891774675566009,2.9415566694914075,-4.066754911090486,14.116161362102408,0.04945831658656439,3144.2317923749297,3121.0430339848403,3109.63599609375,3188.467062988281,,85,-18.452269266275245,23.85370077223041,True,39
RELIGARE.NS,242.27000427246094,280.0,-13.474998474121092,1348455.3386454184,-4.248675922250012,3.4457760159587902,-10.356695212672262,19.84665426036123,0.0509594075130957,248.03963073666986,248.10809875024762,246.1104006958008,246.6779002380371,238.18890007019044,66,-20.26785714285714,23.8178999420257,False,39
TARC.NS,129.36000061035156,186.3000030517578,-30.563607895157784,1035884.956,-2.8026116388712663,8.296361586684164,4.381505924154361,5.393517078214094,0.04850869761981653,129.5231251749217,128.471904285787,127.27619934082031,127.43419952392578,136.85719982147216,179,-41.43854176759677,24.544656446674608,True,39
MPHASIS.NS,2234.0,2897.3238943204424,-22.894364541732493,552939.0476190476,-2.886450406996577,-7.441170466915892,6.120118171226729,11.733689234913358,0.047526320112505266,2284.843541031543,2323.058700781881,2388.0499951171873,2303.534665527344,2366.7846820068357,163,-32.33613401454498,-4.546992706631503,True,39
MONTECARLO.NS,524.0999755859375,829.8154199938156,-36.84137906357012,47871.224,-1.6790193062545145,2.9076735771097484,-1.6078627963802772,10.972278170243177,0.04320185213979686,527.7571232517354,528.0081654631534,518.5051696777343,525.4373522949219,543.6918331909179,212,-46.10604840582142,22.036260964233257,False,38
CIPLA.NS,1399.699951171875,1657.4505258313652,-15.551026751172826,1519189.3333333333,0.37289000873970135,-1.4295809033890827,-4.483422420335881,15.408543721684676,0.0456976358276926,1386.9958473672473,1391.0112608946079,1419.237998046875,1411.3153442382813,1374.2339074707031,233,-30.322771507030687,8.968664800655212,False,38
CANHLIFE.NS,150.6999969482422,166.24617118007782,-9.351297609733233,1915835.0210970463,-1.881632566284186,-3.9454410513654836,8.038267410238632,7.431447189439466,0.0440680763194586,152.3602922554906,152.53844233230456,151.30578033447264,145.55547073364258,144.5978968811035,48,-18.386094721656654,10.396281183091883,False,38
OIL.NS,475.1499938964844,529.9163379046904,-10.334903850059474,4071770.1865079366,-0.11562293387276101,1.3348194309981576,14.191548277249243,0.1412680200499672,0.04569373284007115,478.12287263252597,479.3221967844657,470.23016967773435,461.15084686279295,458.13830932617185,96,-23.898304844901787,9.988311952904683,True,38
KRISHNADEF.NS,1006.7999877929688,1398.6358552528313,-28.01557431752173,120930.25498007968,-2.2524283696146896,-2.3472368775006025,-16.53288309946087,25.128128921772095,0.04396696426408989,1026.6077387694838,1039.7428995481496,1107.4600036621093,1162.9338970947265,1057.0385888671874,68,-30.982751216650918,23.211790387760843,False,38
STYRENIX.NS,2067.0,2625.9669159348305,-21.286137024153685,39568.17857142857,-0.04351769361418123,2.4179987121587754,-9.118348043508906,16.144535637960857,0.04201557815202008,2084.5838815153456,2091.8840955035116,2190.897275390625,2213.1494653320315,2094.614432373047,38,-25.19326833503741,15.34111713786337,True,38
TATACOMM.NS,1666.5,2110.0,-21.018957345971568,505239.0595238095,-6.381662667488374,-1.3671860747942244,-15.431847120342956,24.761027970406026,0.0436325357035184,1715.5384657727702,1727.057976080149,1737.0759985351563,1808.054744873047,1699.6267724609374,69,-22.265405157731045,32.11708100693258,True,38
SANDHAR.NS,574.0,758.3330403781767,-24.307663066645603,318390.9682539682,-4.532224532224527,-11.364184722289238,-19.419178843723216,32.19311739231794,0.04325433906129911,591.8267301391884,604.8213006712866,620.6679711914062,636.9661688232422,573.6953901672364,75,-25.975798798639293,40.47548293754395,True,38
INFOBEAN.NS,146.5500030517578,255.98189583973354,-42.74985636347088,1068560.7896825396,-3.120249281015197,-5.237627652380206,-6.590348198754803,19.136190453153624,0.043178212630574475,151.28653906165042,153.6217177550843,159.26462310791015,159.73088592529297,172.50649589538574,181,-53.26990210467386,64.17252502176132,True,38
LICI.NS,409.04998779296875,457.74492274879265,-10.638006569992553,4851012.087301588,0.3311198296584772,-1.1837237032407244,-5.235724875032766,15.383059274805145,0.043788734897299314,405.38499900284194,406.80088508051824,411.90199951171877,411.5035946655273,407.2886601257324,223,-22.994827548864862,4.047511210383892,False,38
RITES.NS,199.30999755859375,260.49334846819727,-23.487490666992283,1761170.869047619,-3.821839662322979,-7.002477801809171,-0.642614008439224,15.695364126959689,0.04302681921657976,203.84107895177806,206.676139795834,212.88092864990233,210.2285905456543,211.65843948364258,250,-34.10449001106115,-1.5814526933252249,False,38
EVEREADY.NS,322.0,406.62148068945874,-20.810873185050717,142808.74103585657,-2.7190332326283984,-6.040271803237052,-11.760688252341122,23.464486438536227,0.04377630415801904,330.8223338577638,335.40268996500987,344.2241540527344,341.73827362060547,329.20525604248047,250,-36.593406478173584,0.0,False,38
PIDILITIND.NS,1517.199951171875,1707.5,-11.144951615117126,779735.0634920635,-3.492145872822161,-8.381645460635568,-4.054454949123909,18.920212414281146,0.04326204801565956,1556.1464004534291,1576.3335485773966,1617.856591796875,1567.5765856933594,1491.9977752685547,30,-12.404102420387996,7.930287696985205,False,38
ADVENZYMES.NS,291.1499938964844,417.20001286678644,-30.213330556763506,267219.376984127,1.1640049498283789,-2.1673427670521273,-4.908564077308664,14.5343331574173,0.04024095981346734,293.1751965585957,295.0226931510369,303.33008056640625,329.3922399902344,313.05876220703124,99,-32.39454000615566,33.83612311139934,False,37
XPROINDIA.NS,1197.0999755859375,1572.6395438881225,-23.87957048146697,62095.14682539683,-2.1177452505365957,5.2765808889480015,-14.086972869961379,18.39452769675023,0.0397526087044762,1224.729870223247,1231.4256879306126,1233.2659912109375,1246.672841796875,1110.9824884033203,60,-36.70513829551298,29.616784782035023,True,37
HINDALCO.NS,977.0,1169.8969824893504,-16.488373367618834,5624799.003968254,-0.9630005068423708,-4.58984375,2.665352368971563,11.04038693564977,0.042014916842671404,985.6761014696079,994.0450029230259,1004.9720043945313,1015.3588800048828,976.6044354248047,85,-20.280612544846154,24.552290585015648,False,37
DBREALTY.NS,100.08000183105469,172.6199951171875,-42.02293786237637,1673234.5515873015,4.59866378746332,-6.335981974493043,-9.756537011678335,19.18542381345063,0.039398784057244764,98.73146154403499,100.08070034814152,106.46459991455077,111.37320030212402,110.83129985809326,251,-51.62785171942921,0.0,False,37
MARICO.NS,819.0,889.0999755859375,-7.8843749309227,1784640.134920635,1.8783399835002434,-1.739652069586084,-1.6149133901567247,11.79363414690231,0.040728832261467146,819.6789602979228,821.5379590141753,840.66171875,833.0480029296875,795.3113061523437,41,-11.0055087473658,8.88152065097838,True,37
TRUALT.NS,441.8999938964844,542.0,-18.468635812456757,368404.18292682926,4.790130686440697,1.8554771648540802,-2.54714257351778,9.543877189517103,0.03903516605366393,427.3282738427158,428.33913885046934,438.46800109863284,456.1865008544922,432.7402503967285,77,-26.199261992619927,24.786013112334015,False,37
NH.NS,1861.4000244140625,2092.89990234375,-11.06120162127393,401837.3968253968,-3.479386859524891,-2.2271259232376606,-5.384909637330071,16.210405261274687,0.040753253427108324,1885.8012226257636,1887.5089924583854,1905.4659985351564,1915.4033056640626,1853.6862786865233,42,-14.902762525549672,4.77579703942006,True,37
ITCHOTELS.NS,161.89999389648438,236.08211722633442,-31.42216962529646,3416418.773809524,1.9521352551335802,-1.3767115711551647,-10.05056450057542,18.19938811974655,0.0418445710900832,159.14696867006506,159.1599283112511,162.2023989868164,163.4421321105957,168.17090393066405,249,-42.22109601861812,0.6544458061002123,False,37
ATULAUTO.NS,448.25,592.5698687930867,-24.354911782306676,334653.65476190473,0.40317790206130244,-6.212047365921736,-6.338570855313275,18.069266738968892,0.04124043756015358,449.14536865700313,455.33958836325877,481.28004577636716,478.491953125,461.8582652282715,37,-27.90723344115885,29.214852878872776,True,37
NDRAUTO.NS,746.5999755859375,1085.7431330354361,-31.236039826597718,30279.556,2.8374622019197604,0.30901354704959694,-7.858664071625665,14.905006034904101,0.03949952122075836,734.4437820395893,733.9150936040812,769.1459997558594,795.0794482421875,768.8596520996093,249,-44.54170412479913,0.0,False,37
RELTD.NS,148.77000427246094,196.4499969482422,-24.270803469823054,407886.6454183267,0.7995175579981861,-5.060620823368945,-8.718856195599367,19.01600341796874,0.04058572099633717,149.3446833889472,152.2718484380787,161.74699920654297,153.80591514587402,149.82325786590576,55,-28.28709235361835,39.40502250733709,False,37
CHOLAFIN.NS,1662.699951171875,1952.5,-14.84251210387324,1649851.0317460317,-7.627780490451386,-11.34158422060606,-7.06486671076606,22.783867264562673,0.03962991999428901,1750.939383157812,1785.4850399298514,1828.082001953125,1738.1433251953124,1683.680692138672,36,-16.522405919894368,33.39486389887678,False,37
ARSSBL.NS,496.8999938964844,787.8320712122298,-36.92818405679918,726074.0803212852,-1.0257930528240755,-3.897107508404507,-10.347317294274362,19.90583782508397,0.039761391347879725,499.58605467611113,502.28510205486725,508.10499755859377,524.9693487548828,541.2554179382324,216,-47.663079648044146,73.70666615437335,False,37
MGL.NS,1071.300048828125,1300.4367957814911,-17.619983354567225,275556.358565737,-0.9614405854861285,-1.9674230453279873,-7.277461321806666,15.789755614347012,0.036430351815825955,1079.3770067617088,1083.7127421821626,1091.2506616210937,1094.7336755371093,1080.9729031372071,242,-31.895784027310025,1.2187422870062914,True,36
HCLTECH.NS,1258.0,1729.0085007948294,-27.241537596738574,3213161.5595238097,0.6963860427313451,-1.8720748829953227,18.570922491325682,-3.4605327277533737,0.038822872839704245,1256.9730446996746,1265.655072737621,1298.4420043945313,1217.833792114258,1329.86123626709,163,-41.03032324952367,1.4605517079847363,False,36
ONESOURCE.NS,1602.5999755859375,1925.0,-16.74805321631494,317433.623015873,0.482785820678866,5.607906134163931,-2.7430557047460113,8.776211394322475,0.0385742765520586,1589.85635080218,1579.623152345544,1582.8299951171875,1646.1949987792968,1581.9199957275391,226,-45.09090909090909,7.622649947157445,False,36
LTM.NS,4083.0,6344.474916122625,-35.64479245360004,373973.1349206349,-4.493464322895402,-8.534946236559138,15.40418315432448,3.087299156906509,0.03699838929458579,4193.310453937951,4289.203383058418,4421.806005859375,4184.183391113282,4625.927235107421,173,-44.39256129715918,8.116773671372957,False,36
HEXT.NS,496.70001220703125,792.7687780924847,-37.34616877796794,841274.1912350598,-5.309308213525199,-10.761761769006373,-3.525291684873877,19.07912652151613,0.03890779927990497,508.4716112698953,517.9461390471691,544.3249975585937,531.075,548.593539428711,203,-50.454965468223456,14.680879274174096,True,36
BPCL.NS,308.5,391.6499938964844,-21.230689440138594,8357354.80952381,-1.7515923566879033,-2.9874213836478036,1.6307074307666758,9.786476868327409,0.03631159464162616,309.7613644671063,310.4448111758171,314.43599975585937,308.20050048828125,322.96600692749024,161,-31.92901563685975,10.639946959344737,False,36
TRITURBINE.NS,554.2000122070312,784.8771245029434,-29.390219831161236,1223291.892857143,-2.3952053325679734,-4.683757852162829,-19.37330594279153,26.434604266173146,0.03585577819942437,557.4529572503294,563.6029844164883,585.3531286621094,620.652255859375,561.4509992980957,85,-32.20595186502444,63.30801511552706,True,36
RUPA.NS,136.07000732421875,205.4165398473348,-33.758981908007144,217982.71314741037,-0.7946896389532054,-5.767613588931542,-17.73761096678844,25.62331392572328,0.036950505985711514,137.3037285866338,139.26864806242813,148.11332366943358,151.14707595825195,147.10067783355714,245,-47.97045779408702,3.77717245452176,False,36
SHILCTECH.NS,4103.60009765625,5383.97700521774,-23.78124769702111,32105.413145539907,0.8776075166434527,1.428643238186389,-9.990582621192923,15.809265349751534,0.03700020752844359,4079.6600023720116,4086.2009049254916,4176.436171875,4206.688801269531,4093.168591308594,108,-30.17966174845892,38.69751856061312,False,36
SHREMINVIT.NS,102.0,104.9000015258789,-2.7645390692996985,70119.5219123506,1.4925373134328401,0.990099009900991,3.1463096883439956,6.519598137687921,0.03899005694901849,101.38177377606614,101.0924787372553,100.71750381469727,99.43718116760255,96.0342807006836,35,-4.7664441632696235,5.8709021229615965,False,36
ISGEC.NS,890.5499877929688,1105.399615026135,-19.436376158687786,76775.29482071713,14.136493148730377,14.992078260465913,-2.8842389382074174,0.6164587415704581,0.03793376782132178,831.2384171414296,810.9196294335429,800.2101428222657,874.3839337158203,878.9521395874024,91,-35.13780280979228,20.832861752605126,False,36
INDIGRID.NS,172.97000122070312,177.25,-2.4146678585595938,736740.203187251,-0.29973154417902714,-1.0638909745873892,0.13621496594360405,9.559551882746398,0.0362193389354626,173.21750531803306,173.69227244797364,174.4265576171875,171.9545864868164,164.98015502929687,29,-3.3568388988672426,4.726231080913301,False,36
THOMASCOOK.NS,103.47000122070312,168.23674919231718,-38.49738436016554,1668025.9563492064,-2.423613421949622,-5.98763990920701,-3.8399238434874805,15.706804406646446,0.0369085528557597,104.98805693039505,105.78663626845238,105.30155364990235,103.38052642822265,108.6757320022583,234,-48.90532724157674,0.45617862490969774,True,36
SAATVIKGL.NS,427.45001220703125,567.0,-24.611990792410708,334079.6015936255,3.800394579402111,-0.22175109780292468,-8.065383162803775,13.351897451227913,0.03256833270029659,426.45702518848105,422.1486822838987,424.1410009765625,440.5734994506836,421.80600006103515,241,-42.15167548500882,21.22758910862499,False,35
SIGNATURE.NS,788.8499755859375,1153.9000244140625,-31.636193873337803,409126.2289156627,4.214276090160274,1.9647063519951269,6.543753319054435,1.8199387655291943,0.03505470381343061,772.6832713385775,775.2828546309032,790.2449987792969,799.2120001220703,865.4840008544921,189,-38.88551891095384,3.0267436322820584,False,35
PRINCEPIPE.NS,261.79998779296875,350.96745230751316,-25.40619192130016,262020.28685258963,-2.9651595114744023,-11.13837684779172,-8.507954330456391,20.70728617266704,0.03206336849224114,265.45207548013207,269.92252163348985,273.6587939453125,271.82431365966795,259.9402885437012,243,-41.794434608649325,2.209765489601545,True,35
RESPONIND.NS,161.22999572753906,240.7572086823752,-33.03212119382658,676509.064,1.2878522088723088,2.812133782268522,-17.476282288737167,20.141210452625245,0.03504811471769885,160.66178817883113,160.71827447291759,164.18059875488282,174.62202255249022,173.6451596069336,49,-40.612371895302665,10.46991343442012,True,35
POLYCAB.NS,8408.5,10126.0,-16.96128777404701,368272.4166666667,0.10119047619048249,-7.385174578698095,-15.585784559783155,23.451404482561532,0.032379105569690966,8370.701120285865,8475.923893086863,8841.12,9146.42888671875,8374.881220703124,69,-20.284416353940347,24.853453176609584,False,35
360ONE.NS,1073.0,1229.0652744329707,-12.69788331665065,992943.422310757,-0.009316521126834232,-10.880398671096348,-0.14889034266589718,13.650881161217686,0.03238673975355354,1083.534820366221,1100.60978899449,1138.552001953125,1119.9370056152343,1105.0029232788086,174,-26.706839290450546,7.013944273369632,False,35
KIRLPNU.NS,691.9500122070312,1093.5391904117103,-36.72380301738279,265450.9282868526,-0.9589940560941534,-5.030190036642878,-27.048255550010825,31.253904536880817,0.032851477368110886,706.5316117831501,717.2015354889941,739.7130017089844,794.915400390625,684.4648229980469,68,-38.1320766804661,44.41067276797814,True,35
EXCELINDUS.NS,928.9000244140625,1192.7911350346692,-22.12383231813142,14101.512,-3.057815426810717,-9.533251888620153,3.578086342011555,11.389749998627675,0.03416893981649434,956.1163502932627,970.6211840068113,990.5782409667969,953.91681640625,933.4896047973633,248,-33.8801685132413,0.2009300071451614,True,35
BAJAJHFL.NS,83.13999938964844,113.44999694824219,-26.716613815707447,6874173.234126984,-2.8511362341673174,-2.5208131115021404,-4.982857840401788,13.750175886310423,0.03215936756686474,83.50748956133766,83.75236231905944,84.64239990234375,85.226499710083,86.96129970550537,245,-35.96297621848058,0.4583808170446346,False,35
MARATHON.NS,411.70001220703125,676.4127737312596,-39.1347963557825,122034.50396825396,0.6601496838707144,-3.7442571031190974,2.9938846124658802,8.361950141209817,0.03560108987986944,417.12724855247876,417.0282819264738,401.13643920898437,415.56084533691404,444.941639251709,234,-49.2589040201514,5.224714036296874,True,35
MAITHANALL.NS,955.1500244140625,1202.9048357348615,-20.59637670085882,88920.3253968254,-4.780176686163928,-3.411416395072875,-6.938185155284026,16.683413293630544,0.034316088232360424,996.4187353329928,1004.0618445811882,991.7323803710938,998.2616650390624,985.0144961547852,71,-21.37782043063815,13.517162028928187,False,35
ALPEXSOLAR.NS,862.6500244140625,1319.0,-34.598178588774644,64568.4,-5.8910160433931935,0.16837113173224783,-2.596962611186804,11.785669401108056,0.03379751599094312,876.1509040122764,878.3307569648023,854.07,891.6255004882812,868.8164993286133,224,-49.96209249431387,6.309213265427949,False,35
ETHOSLTD.NS,2552.800048828125,3245.89990234375,-21.353087721995433,44738.004,-4.084161231331018,-11.342636125318407,4.72595776816056,11.798202592890306,0.03460125019407508,2632.15923201242,2679.8182014938125,2735.98400390625,2579.01400390625,2563.909996337891,207,-40.866937300557815,23.513274197696266,False,35
ABSLAMC.NS,1014.5,1194.9557175378152,-15.101456471511842,374383.3095238095,-4.328557464851546,-3.0578117534639238,-9.940035040966377,18.401724655481356,0.03334261252724689,1039.4886139721166,1044.026456420112,1030.7010900878906,1050.9011938476563,961.1604107666016,69,-18.549284002051902,10.794072861313108,True,35
SPANDANA.NS,225.52999877929688,319.3999938964844,-29.389479308384146,310645.3888888889,-1.6226831933274233,-7.131977306533832,-16.03499863943414,22.470815234494836,0.025891627213281834,229.0349348218583,232.9496812286045,247.3552001953125,256.8020989990234,249.0767495727539,59,-30.760802090635675,12.099768675368772,True,34
GMBREW.NS,978.7999877929688,1315.8571912096693,-25.615029174012673,401269.7261904762,2.604955738555459,9.76785627381096,2.363519692263316,0.6084250886372988,0.03166492771751652,949.3705512716831,933.0934006431642,908.6479992675781,915.1959906005859,962.3888531494141,182,-35.209535389686295,-0.9214727108137755,False,34
KRSNAA.NS,548.4500122070312,849.0000378012072,-35.40047258096231,93021.44047619047,1.3489767095313132,-1.2937326531174964,1.2292877352299891,5.801437970000056,0.025655126488986515,550.6187386859348,550.9732325285909,550.6578137207031,549.3043994140625,600.9336251831055,251,-39.56463019456552,0.0,False,34
PTC.NS,155.08999633789062,203.5447632528218,-23.805459860809975,1459916.0952380951,-0.7296930300353832,-1.81692216636542,-3.37380538430766,10.99592631837707,0.02949875175781908,155.348262155258,155.55727896862157,157.24685760498048,161.44116897583007,155.9747816467285,101,-28.630558405319672,43.793075759369394,True,34
SESHAPAPER.NS,246.27000427246094,290.5599780055542,-15.242971188635845,48316.892,-1.4012891620812984,8.360100164041873,8.75248734436893,-3.239991700230349,0.02861640639818784,245.73751517333974,242.61478478625656,234.80359985351564,231.82850677490234,240.49823127746583,150,-27.739529664386996,15.395735455857796,True,34
MAPMYINDIA.NS,881.9000244140625,1992.1530909053106,-55.73131259639823,323330.0876494024,-1.945741552697955,-9.743112634383856,9.229815667669762,4.846893516081274,0.025645054245868718,904.4678897202502,927.56221424723,1003.5909936523437,963.3463464355468,1085.2853259277344,238,-60.21021203648602,19.590159052005074,False,34
GOCOLORS.NS,317.3500061035156,715.4500122070312,-55.64330132240135,527344.6175298805,3.709152321410336,-5.127053481759159,-19.38269756788892,23.48249264728235,0.029236923243354668,314.8221436024207,318.4161922314263,326.62199951171874,335.3464987182617,342.79924827575684,244,-66.8670069177157,-0.5548002814855679,True,34
GULPOLY.NS,170.36000061035156,225.86168963286522,-24.573308166042153,318549.0956175299,0.21765698289972768,-11.080952102581376,-8.736626588495577,19.198688770041827,0.028640628092417547,172.56006472038493,176.44511269999865,186.2560546875,188.9951628112793,170.3819174194336,35,-26.919878343734926,-0.7412780193047697,True,34
V2RETAIL.NS,214.72000122070312,259.25,-17.176470117375843,1245015.3333333333,0.32238585494632765,-3.4532342115782155,-5.322100808125785,13.5483840773452,0.03164315131679334,214.42344696572653,215.76152427378406,218.74820007324217,224.47069992065428,214.69119972229004,81,-21.03760589629038,29.103719041600563,False,34
ARE&M.NS,791.9500122070312,1017.2999877929688,-22.1517721704523,790578.2738095238,-0.5087924363026075,-13.153855575791285,-5.374898640515802,18.47661601223325,0.030965264539500423,804.4493137751297,825.4436088725834,880.3457055664062,863.8364111328125,851.249228515625,32,-22.780890866103455,14.026248368325467,True,34
NESCO.NS,1070.300048828125,1435.7540789963987,-25.453804068154096,55130.332,-3.689372644519795,5.230564793941683,-0.1119765971304365,5.472686250233982,0.028326572152908194,1078.601817327051,1074.6906412191606,1059.3220007324219,1099.4208819580078,1126.2750021362306,249,-31.072665596368974,0.0,False,34
SHRIRAMFIN.NS,994.0999755859375,1153.699951171875,-13.83375074462153,6523683.388888889,-1.5742598429764887,-9.709357349142822,-4.071079357570351,14.634016220025226,0.02532985226612772,1006.3364650032568,1024.0098279082513,1064.0959973144531,1019.6612518310546,1002.4092813110351,36,-15.697320208949005,29.472971357563594,False,34
YATRA.NS,103.83999633789062,202.0,-48.594061218866024,2502854.4365079366,-0.9443913725763031,-3.682405445325665,-7.804316016939794,14.892674810259109,0.027848548926989434,106.99322512092054,108.74937960882173,110.38179931640624,107.4837996673584,121.54254970550537,217,-55.4950487495649,30.565522292564662,True,34
JINDALPOLY.NS,694.0999755859375,1026.449951171875,-32.37858555173596,181546.4841269841,-3.3892457662144104,8.86989081259808,11.618557986099876,-6.310319435864931,0.02396493207382165,707.7585693978749,696.7136388766429,662.6639978027343,669.7374981689453,638.2357484436035,132,-40.96156375591977,164.91388442667994,True,33
GVT&D.NS,4280.0,5636.049839022599,-24.060288282648767,846102.2936507936,-2.394526795895102,-2.8994012965741,-13.216146194295774,17.86050292780912,0.023600243739305846,4354.801621544815,4367.738924568801,4328.941870117187,4557.231428222656,4057.460764160156,68,-29.87257122828283,19.53637056399824,True,33
OLECTRA.NS,1207.199951171875,1647.1663811189844,-26.710503261256648,659890.5992063492,0.7006925259939178,-8.933810725560187,-19.45779410187345,24.999827782701335,0.024458999900058547,1220.6212233328476,1231.903712246637,1290.211455078125,1317.5134484863281,1209.809108581543,251,-47.41504740493861,0.0,False,33
SKFINDIA.NS,1539.800048828125,4953.039658667183,-68.91201857966809,58042.4246031746,-0.8244188431718813,-1.6730492446918932,-5.6858445870292655,11.57985186306949,0.025091356358634506,1533.8169590733949,1538.2815031510904,1535.8740112304688,1567.988702392578,1619.684063720703,239,-72.32952540999959,4.960493628894014,True,33
WONDERLA.NS,510.1499938964844,625.9125596958014,-18.495006052535288,89577.584,-3.353222034311043,-1.1432989121300752,2.9976701888734913,4.234185351166153,0.020289932112713894,514.361072387579,514.3896198504857,498.77631286621096,489.6354949951172,502.104893951416,249,-27.605414165899123,0.0,True,33
BANCOINDIA.NS,599.8499755859375,848.8262434052705,-29.33182965933109,437865.64940239047,-0.6870901347785563,-2.5741666959104514,-9.361337660429669,14.284999958718547,0.023220563326985726,604.204282076287,608.1033498491938,619.5784899902344,630.7371343994141,619.8998611450195,244,-41.61349252118954,5.535780010828195,True,33
GMRAIRPORT.NS,97.94999694824219,115.63999938964844,-15.297477114125424,16592460.17857143,-1.3595227210738026,-0.73976829618565,-12.614862924095382,15.575217638043881,0.02161722246644428,97.5460513346659,97.79215682491268,101.30040023803711,102.8844002532959,100.04604984283448,58,-20.45140232679381,21.427817501729084,False,33
BASF.NS,3539.800048828125,4797.620574444326,-26.217590701446525,26040.384920634922,-1.8276590741371113,-7.9639125620984075,-1.1150339645052632,10.898629437497176,0.02249393165813899,3598.558671647932,3663.706859085675,3796.022412109375,3667.7808422851563,3642.7873022460935,246,-35.356841842461115,2.07525799427124,True,33
SURYODAY.NS,149.1199951171875,218.0,-31.596332515051607,883205.0,1.6981450940856346,-4.213770469693934,-14.392281723369083,17.51404168347368,0.020149925718485243,147.81098631393513,149.72067775436636,158.4705990600586,164.89580017089844,150.04307315826415,45,-34.857800684937644,19.001336801846392,True,33
TTKPRESTIG.NS,524.4000244140625,762.9636442781316,-31.268019341836794,257837.0,-1.215023352832545,-13.593672216383645,-14.006970105812687,23.64381396691546,0.024151977764623956,530.2245207876034,544.895967803113,590.9880163574219,576.6666806030273,557.7434887695313,230,-45.15041604845462,9.637172531378768,True,33
SWIGGY.NS,264.8500061035156,459.95001220703125,-42.41765429407095,13602707.345238095,-3.0031064112958306,-6.9722533376924805,10.65385391674969,1.8458060126379516,0.022397172714120082,273.41032705126344,275.1252189278838,277.167799987793,266.1622998046875,293.0216491699219,237,-48.744430102572764,5.2335103200048305,False,33
JKIL.NS,473.54998779296875,666.3511778387405,-28.933870976428334,113317.32936507936,-2.6718734613413675,-5.292141229720759,-3.0621355448361087,11.658727940036261,0.024192349204853844,478.2891809910635,480.8243253378007,486.3964855957031,487.60484893798827,507.7878056335449,226,-36.75595317438922,4.7748504385429325,False,33
VBL.NS,434.79998779296875,555.1842484654879,-21.68365925460918,6053169.079365079,3.0453786501213775,3.8328329057835786,-14.238558370102783,13.575307485800824,0.022296599294583486,425.6215947596251,422.9912925947581,430.96918212890625,470.6116473388672,465.5620881652832,72,-28.636301677845545,10.025350523661626,False,33
DLINKINDIA.NS,420.8999938964844,521.5413716552077,-19.296911660012583,138154.45238095237,-2.1276582156047663,-3.9041109825378117,-13.879073978675905,17.33193508757198,0.017754638233579822,425.395847395797,430.0156376390368,437.92499877929686,454.3648809814453,424.1466841125488,56,-22.09630723953868,11.155212207506793,True,32
ULTRACEMCO.NS,11155.0,12847.756783521221,-13.175504580631415,275765.39285714284,1.2801888505538317,-4.79644960314074,1.1525098091028418,5.934774185447056,0.018883915813369102,11050.425707560435,11123.689000172533,11485.9820703125,11342.427470703125,11532.931586914063,158,-21.24332769282121,11.08931527576189,False,32
LT.NS,3876.199951171875,4397.052414797838,-11.845491354005377,2197026.996031746,-0.226513483349422,-3.744724331465732,-6.448809129447797,11.699441133966815,0.019735375001242984,3890.035401689516,3918.209661107275,3962.2479931640623,3979.995283203125,3953.969326171875,148,-25.943690034227284,5.459685306901552,False,32
BALMLAWRIE.NS,164.16000366210938,202.61667993545743,-18.98001501436024,162743.29365079364,-1.9413415739238715,-3.989434401539327,-7.717387668134313,12.871015389999908,0.018411688178594163,166.15612774349748,167.5818260786602,170.06880584716797,173.59009490966798,171.12608642578124,248,-28.565639130231745,0.17121531323913697,False,32
TAJGVK.NS,324.3500061035156,435.63864952593093,-25.546090445262703,167893.35856573706,-3.092323192720281,-3.861435217305176,-0.10890152227166494,7.280709873754931,0.0179809413008741,328.968623837496,332.58334327973955,344.68318420410156,338.05276458740235,345.88001251220703,186,-35.80148341924443,2.2140328202036708,True,32
TRANSRAILL.NS,469.25,758.589574672296,-38.1417810543057,769364.496031746,14.801223241590211,2.8352280509519323,-7.357652707841189,4.940000879027995,0.01815872473608249,447.0590379147884,441.35037828007194,456.24830139160156,477.24238372802733,505.81207321166994,243,-47.18488003614317,0.761524268439584,False,32
ICICIBANK.NS,1326.800048828125,1467.6271961496604,-9.595566755031337,13670212.968253968,-0.9037251001046798,-8.05266466887561,-2.706101809280559,10.953275813439722,0.01868574338806132,1348.6770745289436,1368.827525050195,1409.2377734375,1360.3011560058594,1345.3977087402343,49,-10.604000563491223,13.03606447024701,False,32
MARSONS.NS,122.87000274658203,175.39999389648438,-29.94868470799601,2082547.700729927,-4.470527592048635,-2.126810697366399,8.465752180991215,-0.081319405650504,0.016347829933590196,125.58400066125097,124.77198546429375,117.70300003051757,122.22560028076173,,101,-42.844923894829535,23.256823142872342,False,32
HINDCOPPER.NS,494.6499938964844,755.9652099609375,-34.56709549874073,16073950.785714285,-0.5528749565228863,-7.416238344128223,-0.9126492497668726,9.487703423101145,0.01982751429832463,502.5698105694297,509.1311294840638,516.5153228759766,518.9072448730469,524.4386027526856,166,-41.26510268243748,124.46841652852302,True,32
LTF.NS,284.0,338.6000061035156,-16.125223012200273,6531931.111111111,-9.207157582125758,-11.773841135477669,-8.608205953338699,19.452126183107012,0.019229047019330855,299.32477308791,304.33110631230977,310.6719970703125,300.6530062866211,292.1616017913818,58,-17.60189162114041,20.306733631994554,False,32
ASIANPAINT.NS,2444.0,2960.0187763517797,-17.432956185087868,1154199.857142857,-0.2978031527235858,-7.1075636640060775,-7.2732084350740305,13.85573137454541,0.01909036971222381,2447.718490381961,2486.2437440063804,2611.9580029296876,2633.3017919921876,2553.788489990234,204,-29.16233802048599,25.884696438067877,True,32
PLATIND.NS,210.63999938964844,327.8999938964844,-35.76090170463805,105908.67063492064,-1.5930874157870645,-7.333596563278433,-6.407179563392251,13.699668377068864,0.019316854275754775,215.57061872461367,218.40571185310043,222.96480072021484,224.98130004882813,226.44435012817382,251,-44.03781536576374,0.0,False,32
AAVAS.NS,1267.699951171875,1771.9000244140625,-28.4553341777236,175968.96825396825,-1.3155865433014613,-0.13392730498584804,-16.642562436217702,17.597398067891934,0.018878463809641484,1283.5918233870605,1293.788525373878,1342.5400048828126,1379.3400048828125,1360.6760028076171,219,-40.15463571288572,6.619185217004597,False,32
GPTINFRA.NS,114.43000030517578,150.0,-23.71333312988281,357768.02788844623,-3.8080016931406946,0.7483698366068214,-14.207530277335179,14.44321953082044,0.012839025271349171,114.8315097764706,114.27138891579014,114.89300033569336,117.70155502319336,113.41450286865235,68,-29.059997558593754,17.800693323650975,False,31
COCHINSHIP.NS,1377.0,1965.6288306774113,-29.94608246942294,1286973.6865079366,-1.5021459227467782,-10.657825894187301,-8.578171512209831,15.54352723738377,0.013621796701784209,1386.4287634053253,1412.6801508170392,1447.08193359375,1462.917822265625,1491.3843225097655,251,-39.68008961686418,0.0,True,31
SUNPHARMA.NS,1852.199951171875,2046.9000244140625,-9.511948357024503,2542469.880952381,0.8109672861138506,-3.1934404482806045,-0.2923894563159557,5.682579115901154,0.016277234484209393,1857.481662123818,1870.3924608927773,1913.9060034179688,1883.2663916015624,1802.9812335205079,40,-10.694221593784192,11.980515353409537,False,31
ATGL.NS,611.6500244140625,859.5498025483846,-28.840653258176708,3228290.48015873,-7.423942316743726,-5.221965204426882,-16.38985242015182,19.985024132841268,0.012902666545312138,616.2189428305828,618.7425569299855,639.4420007324219,672.4606488037109,615.2541319274902,85,-32.94163727277262,48.45458220627754,False,31
REDTAPE.NS,121.05000305175781,156.6134844830799,-22.707802938363375,716132.0515873015,3.152965168936639,-2.58329231392852,-9.75481432304618,11.786476613584608,0.01586784402627949,119.53854561805882,119.88685427731922,124.02972137451172,128.45703567504881,124.40526721954346,87,-27.783997114028768,25.161582216575585,True,31
BOMDYEING.NS,109.83000183105469,180.14427082023244,-39.03219828697465,902665.9404761905,-1.320755777535365,-6.088067809303621,-16.962329967788925,18.864529506409156,0.011074236726127243,110.2363738138473,111.27581744881601,115.1106086730957,120.98412635803223,118.80419006347657,245,-49.10096939863276,2.8587971474314466,True,31
SUPREMEIND.NS,3550.0,4340.557634646074,-18.213273528172735,242794.92063492062,-0.8462991485320481,-0.9762900976290068,12.420037529527006,-4.53918135888024,0.01630450780926999,3472.85683379147,3478.554059576796,3495.2339892578125,3469.8653393554687,3554.455732421875,251,-27.659064472806307,0.0,False,31
SUBROS.NS,720.9000244140625,1208.590392245295,-40.35199774550674,141459.67729083664,0.08330371112905688,-0.6794134756898385,-14.061280243414897,13.962662914233226,0.012391287686437593,714.7005050012804,716.3176711851897,745.779384765625,756.1394122314454,767.8047573852539,248,-48.74351449396115,6.316486676854094,False,31
SHALBY.NS,147.1199951171875,273.0,-46.10989189846612,138723.17063492062,6.8719970967732635,-4.671811461364461,-16.275896827245184,16.02522994982529,0.012801603491609961,143.0004164743713,145.32125034366186,153.75880065917968,161.6570002746582,163.95070014953615,245,-53.912088023873906,5.58189338229147,False,31
CAMS.NS,707.3499755859375,837.8765073351432,-15.578254146824555,1399376.388888889,-0.09886480038129308,-4.5282828617340005,-10.487623407350899,13.978812089921643,0.015296947613784593,713.2872388888958,722.7487559745687,753.4573889160156,763.5272796630859,736.3989721679687,100,-18.723106085655406,28.839937389346627,False,31
GRAUWEIL.NS,88.0199966430664,114.80462646484375,-23.33061884921468,519766.27118644066,1.6162478089272625,30.818903078785652,14.110734609013754,-23.33061884921468,0.012263782396681102,82.63983969102344,78.68219254868589,72.97336959838867,73.05195785522461,,117,-46.28892719564852,0.0,False,31
CANBK.NS,124.98999786376953,157.68821233301085,-20.73599160360079,24884635.361111112,0.9775400681899526,-2.458249992885031,-0.42224250595226387,4.587396388969078,0.013143898120439415,124.62881654079531,125.0685528447092,126.88500091552734,127.2871361541748,133.87179599761964,146,-25.231749242517367,2.562775113784843,True,31
TCIEXP.NS,501.54998779296875,746.8954637659336,-32.84870344986493,69853.096,3.3377936511240103,-10.172828920313348,-2.1270414975927188,8.79609279673943,0.011795382504676877,500.6472955791696,512.632278345928,540.9419989013672,533.3765002441406,533.6296105957031,249,-40.078630878761835,0.0,True,31
BSE.NS,3191.5,4435.115403617064,-28.04020392801576,4290956.555555556,-2.2930414089838425,-4.1015625,-17.220923595358485,19.24383096406426,0.014816386661197743,3243.1240318653836,3283.9737350745027,3400.2120068359377,3678.5267163085937,3311.4812475585936,87,-30.43923738398796,52.83113289432863,False,31
TATACHEM.NS,643.75,953.3423824535639,-32.47441718229115,1084128.2182539683,-7.1402812838081475,-0.062101125343649866,-10.08450464082864,12.069890673628535,0.010761565237532779,669.1829493862659,664.3590067807505,661.017001953125,693.7240521240234,700.5722497558594,251,-40.05165375728035,0.0,False,30
SBFC.NS,88.86000061035156,123.0,-27.756097064754826,1942575.0952380951,-3.789519247369655,-9.887435290185465,-2.104215162886358,9.771468758876999,0.009208839719108342,91.99476944244452,93.72195665867052,94.32,93.16829978942872,94.44014980316162,226,-35.28455408608041,8.80543202224413,True,30
ORIENTTECH.NS,237.3000030517578,466.7272644042969,-49.156601478031604,1490588.7222222222,0.40194496454808437,-2.6061937220586917,-3.8687473427701846,5.937501362391884,0.007333320941687684,237.20166873445274,239.21257347861896,249.2236004638672,256.5805010986328,282.25048713684083,244,-52.69185670274182,36.427955046751826,True,30
BATAINDIA.NS,629.7999877929688,1181.5153873635527,-46.69557463840468,278178.3015873016,-1.3316622532596578,-7.599763739492349,-3.5150571369769845,8.626956818790731,0.007431466131987621,637.7261714344172,649.2708225590953,673.1282971191406,665.972670288086,718.9095669555664,244,-51.13085449406436,2.775903876585062,True,30
NTPCGREEN.NS,93.47000122070312,119.94999694824219,-22.075861943510546,7141631.948412699,5.556180688180845,2.7255779922609413,-2.1256531720386107,1.2456689013002453,0.00961305276178788,91.75170435282746,90.74604287611683,90.9822004699707,95.14060028076172,95.34415016174316,109,-29.003746703840694,31.569631866919835,False,30
HINDPETRO.NS,351.0,483.5386775606495,-27.410150151644363,6064661.341269841,-2.228412256267409,-5.39083557951483,-6.4309536274010926,10.042664900611054,0.00786771530494387,354.46193128126674,356.5184470184799,365.35515197753904,368.4526635742188,381.8535627746582,183,-37.81099591194317,2.679597700668701,False,30
CONCOR.NS,461.5,547.7380341214969,-15.744393989329563,1748818.992063492,-8.35070773753197,-6.213061439605127,-2.4029284738840695,9.059512974696782,0.008252435860392692,478.3694359655921,488.35294072517473,503.3993206787109,489.32988006591796,490.7460383605957,228,-23.442816335856808,3.7470567125232,False,30
COALINDIA.NS,426.1000061035156,478.7148398145708,-10.990850781111238,9586798.884920634,3.952186496280441,7.873252581628609,-0.40827596399461985,-2.928757805097415,0.006758832547164139,421.6642270025316,418.5013307658494,411.2546661376953,424.8202655029297,422.54572860717775,106,-18.353672033938317,11.061131245212641,False,30
PACEDIGITK.NS,166.35000610351562,231.9499969482422,-28.281953743403022,2127650.5284552844,6.518542648350123,-7.144844113343806,-17.977413290261733,17.379342838457745,0.007813985904708293,163.05263043613374,164.68821591788043,177.8747998046875,186.37859924316408,180.8760994720459,241,-39.72407872469545,3.013896004344896,False,30
COROMANDEL.NS,1963.9000244140625,2486.7668094210435,-21.025967655114076,308005.65079365077,-1.7804438902694453,1.8409043533789804,-1.9545085789589356,2.9328790064967913,0.007769355105598875,1951.3463336249997,1955.7444661006282,1998.6380102539063,1961.8143823242187,2062.4125793457033,193,-31.443506176461035,8.987983928989696,False,30
ESCORTS.NS,2855.699951171875,3923.3920175282797,-27.213494384103022,121401.19841269842,2.0548924667059376,-3.9810410744978153,-1.6310713675403488,5.39039583431693,0.010761179552356982,2844.4564206198315,2889.884648654175,2989.9860009765625,2928.57220703125,3153.555186767578,182,-31.951986379110377,11.272044719039954,False,30
SIRCA.NS,410.29998779296875,536.351054042588,-23.501597563675226,347584.60714285716,0.9969200721153815,-5.699843245841429,2.466801412083197,2.734869624002134,0.007937116312690649,412.9268614489185,418.6904053864141,424.5371484375,417.51738037109374,435.14311065673826,215,-28.57143017732211,6.680019637540924,True,30
TRENT.NS,2669.300048828125,4921.227998412378,-45.75947203240208,1276549.5357142857,-5.4780435967377805,-7.267672439530138,-18.683361682284005,21.665958934627373,0.010600362215859428,2759.519059437008,2799.146542031076,2898.7979931640625,2913.6116796875,2875.0221545410154,251,-55.69307551942083,0.0,False,30
KKCL.NS,467.8500061035156,577.9599746979883,-19.051486852876,38204.252,-3.6552717827223913,-6.091932027272495,-5.817814574028057,9.289942650705685,0.0038671910434711827,482.4799977319067,491.0958212063699,505.96399841308596,487.4995770263672,481.1869990539551,249,-29.65337654409289,0.0,True,29
DBL.NS,412.45001220703125,550.581605174805,-25.08830510672766,385391.632,-3.066977154634254,1.4538389815132557,-7.809338764524886,7.0762998423703705,0.004717883884299081,412.34565935803585,410.5239959856572,415.5312805175781,425.2780325317383,436.4138424682617,249,-30.872366566276888,0.0,True,29
HDBFS.NS,648.1500244140625,794.4312900037413,-18.413331326487647,858874.253968254,-7.1950169306134075,-5.4002771191086545,-13.672078456028391,16.08196940653006,0.005316071089204356,670.0320483525421,675.2402867683204,683.4170007324219,689.66927734375,692.2310638427734,193,-30.299990325111704,4.171714514932989,False,29
KALPATARU.NS,281.8500061035156,410.70001220703125,-31.373265710682073,122160.58565737052,2.696299350463205,2.8086858940214565,-5.688472361654073,3.869541095935869,0.006726418437287374,272.0884107641911,272.1953854995465,277.49600006103515,297.12549911499025,312.3524994659424,232,-39.128319315954485,3.487462520697826,False,29
SAKSOFT.NS,141.52000427246094,222.25710155729428,-36.32599215913945,1782151.4642857143,0.2692396800735519,-10.305485253286427,-31.31117513583859,29.44358680516739,0.003499090986654485,144.85735806844787,148.20006743693048,159.1482989501953,156.30552291870117,156.98804748535156,214,-51.75120241744098,7.236148337950388,False,29
INSECTICID.NS,602.5,775.0210639436292,-22.26017742869727,28271.068,-0.5118850249189899,3.9689387402933596,-7.499804623772855,5.0566695727986,0.0051532568755435675,604.7667522596211,606.5627979308961,616.7579992675782,658.7169970703125,652.6265728759765,247,-33.08569280077559,-2.280112359496922,False,29
BERGEPAINT.NS,458.3500061035156,590.094751424942,-22.326032387729832,468827.65476190473,-0.06540669289455403,-8.512972833629618,-9.466666224625452,12.636716979119944,0.005055516882449631,457.46996367320764,468.0983704890579,499.0302020263672,503.48314208984374,488.1147003173828,213,-34.21915381636437,9.102029135569456,False,29
GODREJPROP.NS,1700.0999755859375,2340.6858887816,-27.367444571091404,871742.9166666666,0.5321979853309067,-17.845749694853698,-8.479704689869882,16.10940807392469,0.0038392168217126293,1720.4841991375567,1788.4033027007313,1960.4261645507813,1890.4204125976562,1834.0742065429688,231,-39.03061453359808,17.937385605992628,True,29
SUNDARMFIN.NS,4508.0,5612.405266256894,-19.677931543839843,68577.99603174604,-4.705536148924027,-2.77987243758695,0.5563041780103584,3.5715091026842005,0.00568966792066995,4640.709186917893,4640.515234125115,4585.664013671875,4508.4546801757815,4764.205091552734,143,-29.103155711844707,1.732214684211164,False,29
BAJAJFINSV.NS,1771.0,2193.128599829014,-19.247781450751454,1108799.5,-4.399460188933868,-11.934361014420691,-0.5167931369630008,8.623063452635016,0.004673692181875814,1835.5961622810244,1879.5509210283449,1953.5260009765625,1867.0547619628906,1887.9439642333984,233,-27.24373511558571,6.926709359311434,False,29
ROSSARI.NS,444.20001220703125,689.6347499019316,-35.58909085277418,107373.69047619047,1.4271035108558205,-10.632728474776776,-15.36527511969652,17.440166661153246,0.0038264878468256985,446.5786049738149,455.0921994163449,483.98600036621093,503.8601593017578,505.4827497863769,237,-45.67578974953036,6.290006213198152,False,29
UTIAMC.NS,901.8499755859375,1354.175046192178,-33.40226006070183,162187.2341269841,0.7653604006634174,1.2518202791171218,0.3488529321419298,0.10798123465274312,0.0047474846939344235,906.5931287106995,903.7104580049592,901.3409985351562,909.1491815185547,948.7461419677734,236,-36.37331107073366,2.771264200204371,True,29
PGEL.NS,518.5,644.0957170393084,-19.49954233768697,2835941.9166666665,-2.012666337085678,-12.962256203809474,-2.7474788780298853,10.394764636240051,0.005399443166165922,527.3781633004475,541.1674647522038,577.9416137695313,549.3727749633789,554.2622956848145,183,-32.25481559209491,19.364002802263023,True,29
MUTHOOTMF.NS,181.55999755859375,262.7699890136719,-30.905352532801146,551259.8844621514,-4.078614365221311,-11.408219285786824,-15.30531245319936,18.35723910205107,0.0006179661118112393,188.4003362543468,194.032643865395,213.84600036621094,206.6336000061035,191.21270011901856,44,-31.651248767921103,46.51001783683731,True,28
POCL.NS,466.79998779296875,644.7480375604595,-27.59962642783602,770501.2976190476,-0.6702892503968716,-8.299471928141223,-14.745658835091024,15.917910114656863,0.002165430846675069,469.3331701476821,472.6672229666066,493.5097674560547,519.458232421875,507.8611500549316,96,-33.67951801428808,46.620462785676466,False,28
AWL.NS,184.33999633789062,281.42985528309595,-34.498777269931324,3119171.253968254,-1.411915418746379,-7.710027401496433,0.3975795028116291,4.237470353221173,0.0013106496995803354,185.0412600546159,186.5787882659857,190.0179998779297,189.97641510009765,196.70719444274903,213,-39.48744889504835,4.758270185499391,False,28
TATASTEEL.NS,187.97000122070312,219.86575104195882,-14.506920550426594,27959673.956349205,1.309694956613927,0.626337339309968,-0.04785512020576421,-0.007053759796016301,0.0023905892354325053,186.60700027340363,186.12811091005292,186.20860046386719,192.15769378662108,191.7805598449707,95,-18.13186039800756,15.994436404826518,False,28
ROUTE.NS,463.0,828.2152046613147,-44.09665538688867,519769.09920634923,-0.3014629446348449,-9.037328094302556,-9.78327650530838,12.662357577196847,0.0029234816596223,474.4101935272139,484.94668527309364,512.4307470703125,518.3987265014648,537.1996998596192,251,-50.96478009524483,0.0,True,28
PRECAM.NS,120.66000366210938,209.84606844149562,-42.50070799122502,443698.63095238095,3.6508889840223713,-4.085849972144828,-18.456172987822416,15.63875390921503,0.002665685713125592,119.04360388965954,120.79883532819818,129.94936874389649,139.68305702209472,142.14245525360107,251,-50.801989113345456,0.0,False,28
ASHOKA.NS,113.12000274658203,214.5,-47.26340198294544,1576708.8253968253,-0.27329415301041715,0.06191923302485414,-13.357839413396789,10.760800733103192,0.0028202290052617026,112.69991939805145,113.41679130967422,116.26140060424805,121.8687003326416,131.93450035095213,225,-52.91375291375291,8.695188161501344,True,28
TECHNOE.NS,1006.2000122070312,1386.2051272525991,-27.413339308499186,239764.59126984127,-2.353334961806308,1.604580864596472,-3.846780622539969,2.878383938332818,0.0008290206530980008,996.4465244655815,990.4905178749182,988.2933239746094,1040.8051434326171,1066.1200930786133,251,-37.68800605351728,0.0,False,28
WAKEFIT.NS,141.35000610351562,224.0,-36.89731870378766,2092414.6802030457,-3.7453181963935434,-4.31220895244262,14.333098150746547,-7.012689157646756,0.0025788017203738317,146.00084463888268,146.01861391362698,138.51980087280273,132.22930061340332,,156,-50.26785646166121,11.78428647006642,True,28
CANTABIL.NS,236.75,319.66775310854337,-25.938729290717223,222736.14457831325,-2.423445066348029,-3.6622823193800613,-0.9499596985633851,3.881219213962339,0.002926988055051049,239.25559951905623,239.63847766263336,239.8375848388672,235.43886734008788,249.08373985290527,158,-34.974465114244765,8.966197763770346,True,28
DSSL.NS,1021.2000122070312,1923.9611771253476,-46.92200526973007,134907.476,0.7696849817502738,-4.871913161897412,-22.63193388663328,19.392923157437814,0.0007017496278068629,1027.1483128024129,1045.142665968752,1125.869462890625,1269.7925329589843,1119.8940499877929,88,-48.5436602479063,113.7491603662136,False,28
SUNTV.NS,513.2000122070312,653.9340000086492,-21.521130236347474,449144.09523809527,13.615230980293225,10.615367756046723,0.5741261601523551,-8.543979279913472,0.0023924278531898494,485.00698082739746,477.4919440818859,477.9314776611328,493.20175506591795,533.598900604248,114,-31.613891891059886,12.52906888706895,False,28
TATACAP.NS,339.1499938964844,390.20001220703125,-13.08303862467869,3425114.1867219917,-3.47232446139103,-9.800533538169054,-7.155954365904527,11.382411643386803,0.0009883919381044968,346.7773023787252,352.9303561084366,360.2881744384766,345.96717559814454,340.286453704834,36,-14.659151824086115,19.290208687952813,False,28
CEATLTD.NS,3352.199951171875,4393.1588210528225,-23.69499743311081,169221.6865079365,-3.3641775334314783,-4.512053269471683,-2.761844397546842,4.4384280715568325,-0.0029201049787880395,3374.893472943035,3391.02669482839,3464.9940185546875,3428.1998681640625,3529.440625,233,-31.02298777874257,24.607596697937506,True,27
NAVKARCORP.NS,88.20999908447266,131.36000061035156,-32.84866117949649,577025.9722222222,-0.7873181293490794,-9.40741851055449,-17.88307522986552,18.196438872885977,-0.000465625348510701,89.38401111869995,91.56311274041099,96.99160034179687,99.69830024719238,97.82025009155274,238,-43.62819525906545,2.0430117365833222,False,27
GRSE.NS,2319.0,3329.438873827357,-30.348623660593198,1195696.630952381,-3.8477505161846115,-12.00683222339347,-14.692263892356571,17.886222198944935,-0.0003933178442615385,2376.792993518765,2423.5497973972847,2528.0034814453124,2605.4425415039063,2540.3149053955076,107,-31.416588754442166,26.79815891321118,False,27
BANKINDIA.NS,137.94000244140625,172.71800537071604,-20.135713618660354,9707363.80952381,-1.4714268275669684,-4.605811466800103,-1.7521307421792698,3.982729733628143,-8.523053192407808e-06,138.81138762875386,139.8577565635446,141.5616000366211,141.51809982299804,144.6004973602295,145,-24.57950652458566,19.77005739989055,True,27
GATEWAY.NS,52.5,62.377023562447356,-15.834393817395275,914487.0992063492,-0.6998277650080098,-2.307409080271128,-7.2505149132434665,6.143566713707704,-0.0024919238104498466,52.70461071619319,53.135772820598355,54.57549728393555,55.688031883239745,55.771179008483884,156,-24.54902383889378,2.6459848468631364,True,27
MBEL.NS,257.70001220703125,533.8789199375677,-51.73062606832895,315345.6031746032,2.1605598442145713,-5.351042775501003,-16.73085502122673,14.230773158957977,-0.00181099813463572,258.72898452502403,261.6247745898902,274.9798587036133,289.78040267944334,307.79384635925294,222,-58.37842943780414,28.002488773261234,True,27
SCHAEFFLER.NS,4007.699951171875,4445.0,-9.838021345964565,78539.02380952382,-4.976767394353443,-1.0713175541992692,-4.343992067600677,5.094539405573051,0.00022677891673819183,4031.1774294947277,4021.6808166377436,4048.982001953125,4079.0950244140627,3992.326536865234,109,-14.260965182086615,11.154688771382904,False,27
NIVABUPA.NS,77.19000244140625,91.4000015258789,-15.54704469063849,1779008.111553785,-3.015446672839972,-6.43636067708333,-8.72649554221251,10.381813391316586,-0.000540401088377811,79.12079247704989,80.09049133447756,82.92780029296875,83.68680023193359,79.68845008850097,40,-16.88183812645446,5.569041578812617,False,27
ASHOKLEY.NS,159.0800018310547,211.80679384961218,-24.89381528337319,19530307.757936507,-2.4049068521136863,-10.326940640212023,0.8750823776270789,4.972260371902326,-0.0005444995120471893,161.10506354702835,163.64290613206285,167.03800018310548,160.75929916381835,170.02376113891603,157,-34.832119276919215,23.696201712048826,True,27
EIHOTEL.NS,294.70001220703125,412.08004369538395,-28.484764861634957,587116.3492063492,-7.297886799270459,-1.7830280965146827,-7.574976955309998,8.22055420962493,-0.0007066570197300894,298.4498946978026,297.9648076659471,305.86487060546875,310.6571990966797,320.13970703125,246,-34.49692380835189,3.7051633878343537,False,27
LTTS.NS,3206.10009765625,4673.3032272251885,-31.39541900515842,132449.3849206349,-4.224044879574307,-9.378439578454234,2.1116009872307107,3.861764891044772,-0.001199061510611556,3287.059787103164,3350.0877839849227,3466.7199951171874,3416.3990673828125,3562.978262939453,204,-36.30977749224521,9.377000075622455,True,27
KSCL.NS,804.5499877929688,1134.8429491110899,-29.10472868310421,255993.82868525895,15.538165577730844,2.490444304836781,-9.62651077866119,1.616670387492114,-0.0018937965986107058,738.3514339834852,738.0279391388684,768.0799963378906,830.72099609375,857.479497680664,250,-39.63922492213102,0.0,False,27
KFINTECH.NS,888.7999877929688,1198.7685004367224,-25.857245375635852,1028319.0634920635,-4.4301088394657295,-7.126438057161055,2.3908328975670523,2.7704645536406725,-0.00042862804652399507,902.2884121927489,910.9248003268651,927.4220007324219,888.5878063964843,930.8895568847656,230,-35.395062913969596,10.507019436559716,True,27
COLPAL.NS,1855.800048828125,2279.0925513639345,-18.57285270326069,414221.0,-3.232870915708086,0.5853685001693698,-7.112466782596494,4.974393927707799,-0.0035019585523276306,1860.3792875841211,1864.200472965476,1940.9240161132811,1995.2532397460936,2028.3673468017578,251,-22.72196886578961,0.0,False,26
CUMMINSIND.NS,4945.0,6049.821052103703,-18.262045151228456,549773.3015873015,-3.0297087949799018,-4.720616570327552,-11.90007821449981,10.797873876744024,-0.0049796810721583346,5006.507720559922,5058.0637799391425,5254.16,5395.777553710937,4977.822918701172,85,-19.931516018716,27.595401647633988,False,26
HDFCBANK.NS,735.5999755859375,1003.8961237048558,-26.725489000672443,31252647.523809522,0.629271625983252,3.459912178050284,-7.8137772626434625,2.2167210894888933,-0.007025351447890993,727.6667085959692,723.5506292290083,727.9209997558594,750.1605102539063,808.5307244873047,233,-32.0746431515717,6.206247941997001,False,26
CRIZAC.NS,182.7899932861328,322.394908081455,-43.30245648918567,368358.78571428574,5.2149874986485045,3.9879363724637518,-10.150417276573197,3.323717993502484,-0.0039655196121336465,179.00940566775708,177.56192597585408,179.70539978027344,193.60830017089845,213.03351181030274,231,-50.3869344897253,4.483439463049854,False,26
INDIANB.NS,832.0,980.0229061203939,-15.104025140225607,2218015.98015873,-0.9287911295959295,-5.924923447257802,1.8796271508044082,0.4757964159485706,-0.005236570907904027,841.3870559090342,850.1191975074541,860.2680029296876,841.7615588378907,851.4725186157226,117,-21.506936705671333,5.427393952934256,True,26
SHRIRAMPPS.NS,71.19999694824219,99.44000244140625,-28.399039420583406,679019.6111111111,-0.028087997919212793,-7.219183046319689,-19.136860328796136,16.47308310841722,-0.005984702643278117,71.85097076910272,73.26332187274001,78.61480041503906,83.18870025634766,81.15765005111695,225,-39.088899630192266,3.047058687267623,True,26
IOC.NS,135.6999969482422,184.95879041358242,-26.632307312993177,14018524.82142857,-0.9489073370494983,-1.3593154586154843,-1.7725320489986762,1.1148145263573106,-0.004525876295847253,136.21971452282008,136.37440637475933,138.02438385009765,138.58174087524415,146.99624794006348,145,-30.217076594446233,13.015429027404313,False,26
RPSGVENT.NS,837.2999877929688,1179.0,-28.982189330537,351091.5139442231,-0.7291510255563183,-3.5924020963766568,-2.8654306504676597,3.2874807347558876,-0.0033603242306890586,840.8971577125186,845.3343119393064,876.3789978027344,891.2790008544922,826.437751159668,121,-31.955046649703135,51.21830821103717,False,26
HGS.NS,376.6000061035156,537.9468144906148,-29.993078133547357,39459.15139442231,-0.7380041744894483,-5.219788744250408,-7.573220024337212,7.414895368994778,-0.00423766026002279,378.7613736541377,383.06868836748123,399.07295593261716,405.33370178222657,403.40860748291016,230,-37.23853707562482,4.3172568511799625,False,26
PATANJALI.NS,403.95001220703125,605.9581737112406,-33.33698104392153,3017869.238095238,10.068123217174719,15.994260504531589,-1.0814827292102258,-11.228583563494643,-0.0061021382153713544,384.72513650870326,370.76145257179905,353.39649353027346,388.6727661132812,444.72029174804686,227,-46.19144237166702,0.4000058963862685,False,26
M&M.NS,3035.0,3799.9943064302024,-20.131459279707574,2515851.7103174604,-0.5570117955439047,-8.858858858858854,-0.06282570990439051,3.7963949602719538,-0.0032776268018869705,3056.648494243484,3115.7719809400437,3260.642001953125,3167.118798828125,3261.2709106445313,183,-24.581367931307206,2.712592571001249,False,26
VIKRAN.NS,59.18000030517578,118.0416404738854,-49.86514922395686,4430717.003968254,5.096783629712465,-0.18552978352670557,-22.130835927603176,14.373144688237582,-0.004174204967200145,57.70183190616017,58.4203408518671,63.52166114807129,67.52086654663086,72.74906707763672,214,-56.84121788272015,8.838634967075333,False,26
AWFIS.NS,257.20001220703125,639.4000244140625,-59.774788491332046,468241.70634920633,-6.727103460732097,-0.17464843784701367,-14.947084193700643,11.510955566061053,-0.0058738306532838324,266.2945139756736,267.0355036564132,270.08699920654294,291.9924998474121,330.78564956665036,221,-64.17735465968177,7.385295700920014,False,26
ARVINDFASN.NS,417.20001220703125,567.0187417779242,-26.42218299542033,273910.984063745,-2.5461326187995237,-5.930098713183485,-9.97574296232454,9.467321296378216,-0.006464273746627242,425.38080485554815,432.5030882273588,446.12687316894534,452.9870349121094,455.0511392211914,225,-35.64147598898143,4.128823883456301,False,26
AMRUTANJAN.NS,506.3500061035156,753.4212146329061,-32.79323753177994,39093.99603174603,2.5415185542306373,-1.4902557619799084,-7.0454275268629685,3.1793032431992385,-0.008858062577521131,501.4260601192397,501.16851165252336,507.3692907714844,526.7760516357422,558.0464370727539,229,-36.755165537491806,0.453824320208307,True,25
PANACEABIO.NS,372.6000061035156,647.0,-42.411127341033136,539784.4563492064,1.2775244047309453,-5.251110971769712,-34.15215654685,25.85712598106209,-0.008252663255110114,378.15189565394525,384.4173289134797,406.0710003662109,450.98649932861326,403.6912489318848,78,-44.37403494644755,84.11087208808365,True,25
BBTC.NS,1435.199951171875,2114.6666501437494,-32.131149319713636,167917.74900398406,-5.085644180654381,0.6310475605194599,-7.184899058914729,4.378178267045452,-0.00786553316817784,1450.5231203419075,1458.8319947435048,1477.1059887695312,1501.1319909667968,1584.0228283691406,232,-37.834174691478,13.264759684694848,True,25
LEMONTREE.NS,106.1500015258789,174.1999969482422,-39.06429197159063,3654323.988095238,-0.30055385663130263,-1.4300314612447407,-9.00128578024113,5.706038101388433,-0.0073403217142904405,106.17068746693958,106.3391591071429,108.1820001220703,111.09470008850097,119.38280002593994,245,-42.818597959018675,0.6783824135799588,False,25
EMAMILTD.NS,389.25,570.5579909394708,-31.777311652568773,752401.6507936508,5.645267228619688,0.3997904937235397,-3.7224803975694054,-1.0549044130326979,-0.008942210628772238,382.3313296265832,381.0062593729871,391.48399963378904,399.8254995727539,435.12673446655276,251,-36.70231604296329,0.0,False,25
IGIL.NS,330.54998779296875,385.39286639838434,-14.230382393410467,704722.1825396825,-0.12087155138470473,-3.7840199277882403,-6.224575074150939,4.747091194550412,-0.007374271851212355,325.10464622057003,326.02121398450913,335.8563116455078,344.07295288085936,334.9076205444336,88,-20.32805623455204,14.644412627717006,False,25
BLUESTARCO.NS,1565.0,2022.9788267608074,-22.638834411041408,486955.90079365077,2.167381519361755,4.542418169672668,-3.416130936304873,-2.3607628644208067,-0.008439226407890753,1533.320258688526,1525.3841710781178,1551.3580004882813,1589.8378942871093,1695.7948303222656,232,-29.19846565465427,4.083426100427778,False,25
SRF.NS,2540.0,3198.0092293385956,-20.575588816380098,472434.7738095238,1.1146496815286566,-2.49520153550864,-7.0892260781441285,4.381711448955605,-0.007616585828098587,2530.4802855258376,2539.339001021831,2595.962294921875,2659.8205883789065,2693.982287597656,236,-26.50008833670603,10.083002070944946,True,25
BALKRISIND.NS,2185.300048828125,2765.3795041598637,-20.97648639035422,256649.91633466136,-3.5315410001154235,-7.091537005348236,0.573407329204767,1.9717447579498115,-0.008107413991398351,2198.5207420282036,2225.106227559003,2276.71484375,2222.7395397949217,2276.0999627685546,157,-29.00901172331021,15.837388334030722,True,25
ABREL.NS,1230.9000244140625,1910.6691914062499,-35.577543723928386,230806.0873015873,-2.787863538072499,-11.662121225262123,-6.8415073749577555,9.799265147125746,-0.0074395675249670275,1243.8612412470923,1280.9290678768443,1359.7680029296876,1334.69880859375,1368.0254504394532,226,-43.56844499010578,5.26019879431725,False,25
NHPC.NS,76.0,86.59303970157107,-12.233130674333959,16150163.388888888,-1.2345639842990086,-0.7184886085320419,-6.297830663811865,3.3748992606881245,-0.00806543615004619,76.15745182747051,76.24755373469105,77.09581481933594,77.31462112426757,77.37549713134766,107,-17.516986604936204,11.127259102605947,False,25
VIPIND.NS,301.20001220703125,447.29998779296875,-32.66263795508068,604858.5418326693,0.7021083452565469,-1.0187235327944189,-1.4559076650792369,-0.3473905022229107,-0.007092623724461644,300.2006230846707,301.7447998168629,303.5989990234375,305.62499938964845,327.4129998779297,235,-37.79342553239974,0.15250912197737332,False,25
KNRCON.NS,120.2699966430664,207.636094273512,-42.076546438675145,2220113.623015873,-3.629812738716598,-1.5845212539647213,-9.22053150923986,6.608057590426997,-0.00802821941265763,121.4646318155427,122.39806241533479,125.10018585205079,127.45860153198242,131.62121200561523,251,-47.77697709270301,0.0,False,25
HUDCO.NS,173.99000549316406,239.21868833933843,-27.267385879837967,3679463.619047619,-0.5316674396960708,-4.730876175134768,-13.91382405067353,10.599002935634672,-0.009338880199447506,174.23418556897042,176.42221803434802,185.74625030517578,195.4806106567383,195.04386566162108,216,-34.47656694805909,6.776097791885949,False,24
MAXHEALTH.NS,1014.0,1219.732372328196,-16.867009271509215,2740646.726190476,-3.3641520237751465,0.49554013875123815,-10.046310509448087,5.559813024908,-0.010272751174984928,1038.68862088897,1033.9932036414593,1042.5580017089844,1048.4098095703125,1033.7513531494142,233,-26.098703005452904,6.442830572223102,False,24
JBMA.NS,586.5999755859375,737.4798969586368,-20.458852098196477,1422389.2896825396,-2.0864631129010824,-8.963753838267118,-15.813490455841261,14.005120877986798,-0.011433958645011904,597.9194849528756,607.5162529569974,633.1063256835937,652.2802673339844,617.2851602172851,69,-21.62498226952776,15.801193909718968,True,24
PARKHOTELS.NS,104.9000015258789,157.25207671824407,-33.29181800642724,276966.40873015876,-2.3095509321780394,-5.771935024594499,-11.930734450031999,9.53865502053155,-0.011491004249336832,106.85451348811085,108.8456025204068,114.9827458190918,117.65369514465333,120.05878395080566,242,-39.946959864176065,2.659900416378047,False,24
NMDC.NS,79.9000015258789,97.48999786376953,-18.042872831396007,22323304.698412698,0.9475678907659546,-6.789546910807287,-6.1766109793755515,4.759413980048333,-0.012123702948781945,81.06617005103836,82.16684240699807,84.03440002441407,86.06949996948242,83.6347652053833,82,-18.81218252104031,17.49449893012067,True,24
HDFCAMC.NS,2378.0,2903.739155124938,-18.10559168846271,949502.1626984127,-1.938144329896907,-7.650485436893206,-10.372378872173716,9.637788394294011,-0.009805098243028417,2415.0588362638755,2445.008077945434,2515.617998046875,2575.3096337890624,2564.7231262207033,237,-25.66854515890078,0.9128877955493664,False,24
NAVA.NS,551.4500122070312,732.5560380476754,-24.72248079796151,471030.6865079365,-1.9295706600534923,-0.9074551290150445,-8.219638409050212,4.732712383824089,-0.009472546609937857,553.4785340823868,555.5077537983323,561.3300500488281,583.8881292724609,582.2763562011719,99,-27.118200289912043,29.26290066122348,False,24
EIHAHOTELS.NS,294.29998779296875,398.99480218003293,-26.239643678321446,20181.083665338647,-3.0313055047878956,-2.7268221229099443,-8.152420765262047,5.284336714340521,-0.011804865189031842,294.33025688431457,295.2612114223987,300.56077758789064,306.7452899169922,316.7775517272949,237,-33.90755152654413,2.811669428774488,False,24
MRPL.NS,164.60000610351562,212.0,-22.358487687020933,12160901.444444444,-0.4716403170078376,-3.629974729194463,10.432742524908267,-8.474194030643488,-0.010330138323245924,167.04349968426618,169.15745708007478,171.29800048828125,162.92140075683594,166.42708892822264,134,-32.49056834094929,35.25520435847738,True,24
GODFRYPHLP.NS,1970.4000244140625,3469.395895156339,-43.20625019574851,727755.3134920635,-2.358769850641107,-6.836878278294922,-8.001367652855551,6.71055756116703,-0.013194399121129484,1978.1923462159898,2000.9528619845419,2082.5434375,2145.3338989257813,2161.337275390625,249,-47.95384795851542,4.992524495347572,True,24
CRAMC.NS,230.4499969482422,348.31533559533113,-33.83868770682654,1142272.8109243698,-1.517095321264017,-10.988797844320274,-5.785252495359372,7.090402603053114,-0.012488838083770224,232.80905979149827,238.36377895818745,251.91379974365233,249.24594329833985,255.66668937683104,231,-39.086548415299625,16.69163533345459,True,24
BHARTIHEXA.NS,1481.800048828125,1934.317756973946,-23.39417639704354,182476.89285714287,-3.7854637804037417,-4.4677923956277565,1.0184391910306845,-0.7023528546597269,-0.012475142417206112,1513.710445779459,1524.9180358887854,1559.9961206054688,1528.51947265625,1567.4254254150392,229,-26.876663921886223,10.79407850028522,True,24
KEI.NS,4673.5,5899.0,-20.774707577555517,371788.40476190473,0.5053763440860282,-15.579841040462428,-13.892215568862277,15.737989103516604,-0.009378996029359248,4664.341930380527,4798.688260582387,5136.9419921875,5195.851000976562,4834.2809704589845,28,-24.614341413798947,3.837876614060254,False,24
JIOFIN.NS,227.0,316.1097009027144,-28.189486323337697,13723170.86904762,-1.257122709696512,-4.661909205785497,-3.767715746968392,1.5312813602556874,-0.015758962921149932,229.5272762035128,232.1968039403086,240.85247924804688,238.88561752319336,249.5509063720703,217,-29.525009367025103,3.4482762118019705,True,23
GOKEX.NS,689.5999755859375,954.9000244140625,-27.783018331255793,676749.8888888889,-5.242188170946404,-11.007877937882926,-21.030635489729455,18.85556033733231,-0.01492760916657137,716.8969658197404,739.1252258550736,780.7800012207031,769.7075006103515,727.3050009155273,214,-44.39208436235745,23.172231668626342,False,23
AXISBANK.NS,1222.4000244140625,1417.2070248903838,-13.745839320221332,6443052.150793651,-2.752583578833534,-2.6751572918740085,-9.092459801339547,5.342519634097864,-0.014010199030208734,1232.6865021105602,1240.0846868505605,1243.3960083007812,1276.7588049316407,1285.4728491210938,163,-18.895855493345447,5.7465776807786195,False,23
GREENLAM.NS,224.32000732421875,278.54998779296875,-19.468670919151588,150096.072,-3.105691915346176,-7.782114152428054,-13.000779860496225,11.034293886006473,-0.013535084257665059,229.5606985791325,234.1108213269259,245.29020050048828,244.78678771972656,240.2215919494629,36,-20.420029480058453,13.271053891766948,True,23
SBILIFE.NS,1742.0,2129.040438508761,-18.179102261667456,1027024.1984126985,0.6354708261120834,-1.7595280865677632,-1.3422411410356383,-1.9861614729263288,-0.014854954661835673,1739.1507014078525,1740.0529776642718,1787.13,1799.2819970703124,1884.1599243164062,149,-22.364085034862015,4.482202095158927,False,23
CREDITACC.NS,1298.800048828125,1634.0,-20.51407289913556,530740.1587301587,-6.399533606240892,-8.913666695402856,-12.8029507332578,12.158898862532386,-0.014000123746690456,1360.1597825891656,1390.4930428645696,1469.8019946289062,1430.4960021972656,1349.8200018310547,40,-20.74663402692778,26.012662090832684,True,23
INDRAMEDCO.NS,365.70001220703125,633.800908786859,-42.300491031638366,388006.90476190473,0.7715674724826815,0.1265362278467519,-4.711430469865984,-0.693629662090478,-0.01588417012978368,363.42084470793736,361.3359692463729,362.9438732910156,370.57969940185546,389.2130877685547,224,-46.63337777487535,37.39246085984751,False,23
BORORENEW.NS,455.1499938964844,721.0,-36.87240029174974,652945.7658730159,-0.9466825034854409,-12.056805210754973,-24.42507365770289,20.729441351852618,-0.015417748490693581,469.45801353532767,484.19858544222933,529.1460034179687,546.7520028686523,517.530251159668,220,-48.07212289923933,18.203923149350377,False,23
VSTTILLERS.NS,4473.2998046875,6334.462184822329,-29.381537466499708,16115.940239043824,5.502353884139155,2.8850500217813213,-0.20350762527233668,-6.302644125126067,-0.01454864544861948,4313.89819552877,4269.735336647553,4330.854389648437,4454.583952636719,4978.156864013672,184,-37.64269349552063,1.5977108618526303,False,23
GRAVITA.NS,1495.4000244140625,1913.5999755859375,-21.854094717148165,266825.02777777775,-6.44394384551874,-18.03781724230954,-8.268919813235865,13.451183681974467,-0.013521603041947548,1578.2750130667928,1631.0149568243964,1714.6819970703125,1701.1939990234375,1661.3580010986327,188,-33.79493935109702,10.576921464625011,False,23
MMTC.NS,58.349998474121094,78.3499984741211,-25.526484223999024,6353900.265873016,-3.185667776770784,-8.124704745366994,-14.25423092231023,11.996161579744523,-0.01421312371545736,59.88698191957489,60.947983934328,62.525599822998046,64.65139976501465,63.34379993438721,72,-26.675173092804695,12.35407246425504,True,23
GOPAL.NS,260.95001220703125,369.79068884155885,-29.43304953823801,118540.58,1.6358372763510154,-8.406452159544486,-5.606800258844691,4.041292815096176,-0.015832296558887328,259.9933950188267,262.4604470410276,268.14899871826174,276.96752822875976,286.0921369934082,249,-33.146311438310846,0.0,False,23
GHCL.NS,419.79998779296875,649.6824619687275,-35.383820194121874,170160.39285714287,-0.4505630445961861,-4.623425283586757,-3.8369030966377227,1.9194198271415885,-0.013530443593116514,422.4334250183657,425.70055453732977,432.8909991455078,435.24326416015623,465.7437083435059,228,-37.559951241813884,7.9712476696316426,False,23
IMFA.NS,1230.4000244140625,1670.7880501060147,-26.358102433400145,208636.71825396825,-1.7409301715281988,-10.051904199570282,-2.281969492820912,2.878198779743335,-0.017177851930158163,1252.7190104595788,1276.9713048017036,1352.62423828125,1379.7855700683594,1353.2311193847656,107,-28.18957205541448,30.04403365581061,True,22
TATAPOWER.NS,367.5,462.0369390979878,-20.46090498360318,5279578.686507937,-1.9477022493931129,4.403409090909083,-4.669260700389099,-2.3690478593733744,-0.016624857606235742,366.7113220013654,366.93125270345075,371.6979992675781,384.4610906982422,385.451736907959,108,-24.89777967159267,21.60631324535467,True,22
PRAKASH.NS,118.80999755859375,174.33366994189188,-31.84908136323008,533145.4126984127,0.25313932744548406,-5.249289247859168,-13.386142618441287,8.497140401519854,-0.0164153054175173,119.43865905884918,120.92753679720781,123.54271682739258,131.46680953979492,130.8029062652588,250,-37.71751547117894,-1.8549593363177075,False,22
SANDUMA.NS,184.7899932861328,272.33215508462166,-32.145363727352326,2939431.75,-0.3290186787665905,-10.70790238651298,-8.67974009190694,7.774697217314719,-0.016685254858254495,186.14163109312548,189.8987321234223,198.30728942871093,207.00755569458008,209.14052551269532,183,-37.54212581763986,26.838912494470502,False,22
AMBER.NS,6960.0,8974.0,-22.442611990193896,321705.46428571426,-2.3157894736842155,-9.622126996493963,-7.5697211155378525,6.275767292716439,-0.019166137642419943,7057.357025251824,7155.1070753188615,7311.1,7495.035,7250.2275,101,-23.930242924002677,12.32137186408384,True,22
BIOCON.NS,382.1499938964844,447.1499938964844,-14.536509199874336,3735589.801587302,-0.740261325588476,-8.663958061378118,-8.532863089324616,6.014691184992693,-0.019608001976347784,388.3037901536277,393.09803587782915,411.3529998779297,415.5270034790039,395.20209274291994,51,-17.141897560716266,2.4085063791248196,False,22
TIRUMALCHM.NS,160.92999267578125,307.79998779296875,-47.716049688726635,429390.2470119522,1.5075056710359247,0.8459649262040791,-3.542318264105093,-2.655464828178955,-0.018049378581587016,159.4597042562225,158.92560096680967,161.81819946289062,172.28479965209962,186.69744956970214,250,-53.37881556495694,0.0,False,22
BHARTIARTL.NS,1785.4000244140625,2147.4734560986562,-16.86043804901679,7517147.03968254,-5.699045139773185,-4.945962945165395,-2.3828442051631926,1.42895155688203,-0.017023697418065434,1823.479753543625,1842.266078125109,1896.1289331054688,1868.498583984375,1894.7254693603516,213,-19.958609598845133,11.732792621511056,False,22
VAIBHAVGBL.NS,206.3800048828125,286.0804190389319,-27.859444006642477,572188.548,-1.6769838570875883,-7.7012525718497145,-9.628883168378488,6.776217658229133,-0.018861267873005946,209.39847310888152,213.65449949011406,231.16093048095703,231.0744189453125,225.6140672302246,226,-39.893532870852866,13.68765465083477,True,22
DHANUKA.NS,964.3499755859375,1617.2853743124303,-40.37230590823098,54763.396,-0.919553305176346,-2.17589901325258,-8.433740944595957,3.2162362416219725,-0.01770762919898149,973.3233647586447,979.8618190426847,997.1339978027344,1039.893080444336,1056.9705709838868,247,-45.099978203876134,0.7735093250392788,True,22
SBIN.NS,983.0,1212.8384373028666,-18.950457887365914,12202544.607142856,-1.325036342630359,-5.743601784621344,-4.27500471032819,2.176702846500511,-0.01693044265685557,990.8477231558345,1002.0510638361724,1029.8899987792968,1015.4967864990234,1032.5436709594726,148,-22.998810419392115,26.76027645629917,False,22
NFL.NS,66.66999816894531,96.82798291770169,-31.14593926260858,1359023.619047619,-0.17967172471491377,-5.151980292696356,-9.30785484100799,4.903202556215525,-0.018794386608269497,67.23621075678321,67.917460482612,69.4427474975586,71.76482345581054,74.72102046966553,237,-35.554427793194066,0.8609863632837111,False,22
INDOSTAR.NS,218.63999938964844,292.0,-25.123287880257383,157368.0515873016,-9.296827786099438,-14.275633494001806,-13.165731276227843,15.225296121026854,-0.016444104118679165,230.27110459935247,237.2798589820801,248.54120056152342,243.42870056152344,231.44455032348634,42,-26.027397260273975,21.25359015964041,True,22
TIMKEN.NS,3206.10009765625,3921.832239688061,-18.2499428402052,54820.93625498008,2.6214758262720794,0.7130802289648575,-7.947046328084085,-0.5150010602138599,-0.021853506940905897,3209.3203300351083,3200.4320305241054,3186.0436328125,3347.097041015625,3287.645323486328,69,-22.672608860384212,5.770847032011628,False,21
NATIONALUM.NS,358.70001220703125,443.3731066930094,-19.097480926962408,11999817.341269841,2.3395184613498543,-7.860255983930486,5.892717725955832,-6.3965246752833105,-0.02128893902977687,359.00577070169305,363.70965823487586,369.4698675537109,374.02982055664063,369.24347229003905,83,-25.444315581408794,7.040294247627155,True,21
KPIGREEN.NS,339.75,541.0236304500187,-37.20237326465779,1596623.880952381,19.589853455560036,7.428818900646661,-14.540039666635685,-3.1397101045781195,-0.021731468161366167,319.45924016245345,313.82090184624343,334.0139172363281,372.5238650512695,394.64851623535156,226,-49.8059634002887,14.504310909393592,False,21
SCILAL.NS,37.13999938964844,54.244129857072295,-31.531762999040602,547846.2310756972,0.8416984609877609,-5.903222090179561,-14.25880890011435,7.839437109884817,-0.02238342398017514,37.83494185466584,38.29936868613581,39.56143539428711,42.010159225463866,43.130619068145755,101,-33.26466687119375,19.39922414101232,False,21
ALKEM.NS,5274.0,5875.533923201399,-10.237944858526859,132572.0358565737,-3.52144882465929,-0.8646616541353347,-5.144717914670971,-0.29365924229047824,-0.02185956284610479,5304.493029076833,5298.91684368659,5417.227646484375,5431.6603173828125,5470.2096020507815,176,-14.033344611380205,2.4550065951813194,False,21
MEDIASSIST.NS,319.8500061035156,571.9867367161792,-44.0808701369896,186268.50597609562,-1.539171896585012,-4.56855763817482,-11.956628022550731,6.078624846044045,-0.02223167185641066,324.85888443168227,328.03423286747244,340.18896240234375,352.458430480957,369.48009262084963,225,-49.09217138133324,4.567923361883652,False,21
SBICARD.NS,611.2000122070312,961.6311031378486,-36.441322435115076,1482265.9365079366,-6.135300730884607,-5.240308184956399,3.0343896880632437,-3.81619317556946,-0.022777520738885518,631.9602910073681,638.6132157303929,645.6790014648437,629.5630010986329,690.9508154296875,233,-41.19886405899928,4.6899665533594925,True,21
IREDA.NS,113.22000122070312,156.81816409540926,-27.801730192543705,7535341.543650794,-0.9622100044240023,-2.9179428063924373,-11.434972199242088,5.137313558034773,-0.020553757982796045,111.37424084432999,112.13222788871386,115.47397705078124,120.33313919067383,123.88786956787109,238,-31.53748737406984,3.074454757880196,False,21
CSBBANK.NS,333.70001220703125,574.4000244140625,-41.90459644436228,745882.6547619047,-0.7288358571880815,-4.3291215924296855,-1.8096200635674409,-1.9970595574063887,-0.02280417746237533,329.6578469017567,327.4666115573072,329.18000061035156,343.0405004882812,376.90774993896486,183,-48.642063464233765,29.18887884288093,True,21
NELCAST.NS,118.38999938964844,172.2559904918423,-31.27089568751158,219859.124,9.27635535487179,2.6443585474225095,-12.574320436889119,0.04102183634318024,-0.022993801515577825,110.63567838463405,112.01705874481928,118.09519958496094,128.2746159362793,121.57110382080079,99,-40.600034052418124,39.12817108360509,False,21
INTERARCH.NS,1719.699951171875,2742.1363509030452,-37.28612544720688,94658.916,0.8148611763318492,2.7843851117928864,-10.18488442022164,0.4076236280869061,-0.022540527348399675,1701.7458036498542,1705.6279570725353,1731.8129443359376,1772.7638647460938,1891.0354919433594,220,-42.08354486453572,30.32219480184033,False,21
INTELLECT.NS,633.0499877929688,1232.7256944645226,-48.64632167272573,508010.88095238095,-2.22411369875114,-6.6710896084832605,-10.88910190271637,6.782708802696069,-0.021102763413082495,654.4401066636773,666.1442479609252,695.4578234863282,712.9642517089844,748.1015719604492,226,-52.17740616621753,13.088223129606892,False,21
KSB.NS,819.0999755859375,1023.2461180887996,-19.950834788815275,248785.84523809524,0.7379166375790724,3.180701741706682,-14.565843485169495,3.299946179879898,-0.023398425614996457,807.6308828625604,806.7504122337408,818.0129968261718,844.7164965820313,814.9983782958984,108,-26.703850936582462,39.22437674565224,False,21
FINOPB.NS,128.25,339.0,-62.16814159292036,1306079.849206349,-5.336578059892439,-10.352298204484411,-10.496192330820875,8.576021857323468,-0.02322566403203001,133.5469597047725,137.0848866439135,149.05560028076172,143.4273007965088,168.44905040740966,234,-67.54277322144635,27.118967863285892,True,21
ALLTIME.NS,201.00999450683594,314.70001220703125,-36.126473876779585,136188.5119047619,-3.5460650700974483,-2.592559647069148,-14.833492556507844,7.165317832176599,-0.024570390705052878,205.72953416274513,207.78811176407277,213.92239868164063,225.66749954223633,231.64744972229005,225,-40.89609380833566,12.17075386012716,False,20
VTL.NS,554.0,682.2146139481268,-18.79388264729782,586240.4642857143,-4.160537721796887,-6.037987968123415,-12.175099131236777,6.682851934069323,-0.026030403315476756,562.8644973819235,570.5959846840251,588.8143298339844,604.9476788330078,552.2774211120606,59,-20.35497855411642,9.27927640431534,False,20
AIAENG.NS,3919.39990234375,5160.600958593338,-24.051482883650642,80329.19277108433,-1.3565586747034675,-7.115261266175555,-20.5450319134162,12.842277066230224,-0.025853068682382283,3978.9535861538784,4069.5346694176797,4346.7105712890625,4401.183784179688,4116.4257141113285,62,-26.791471956208046,31.08553632877622,False,20
HEMIPROP.NS,120.36000061035156,190.69000244140625,-36.881850611263765,725880.6111111111,-0.3394850079582068,-7.812497808652729,-13.204007932765816,7.733619132871383,-0.024642027892075577,120.43928943781465,122.50302924438304,129.37260009765626,135.34759994506837,134.3713500213623,246,-41.68546042029085,13.790973081400693,False,20
SOBHA.NS,1226.5999755859375,1724.929636640264,-28.889854430523286,166623.13944223107,0.9381192291086693,-3.7130110622205947,-10.6544989304742,3.724748445750503,-0.023552405903753102,1224.5745727580977,1236.6543087443436,1296.7659936523437,1347.935030517578,1375.4681115722656,221,-34.75750608977764,5.65494290997739,True,20
FIEMIND.NS,1965.5,2674.800048828125,-26.517871836396946,69376.62698412698,1.4556315728651903,-4.91969589657848,-11.578551514656276,4.635210118464883,-0.02457857429040106,1946.8783090580596,1998.340978111586,2189.06177734375,2202.755861816406,2186.4658325195314,32,-29.336775045520803,16.6624164465756,False,20
ADVAIT.NS,1906.0,2482.5844584508545,-23.22516990260408,55950.15606936416,-4.87123062363759,-9.781310008989541,-17.035377023138988,12.884120053144056,-0.024003501498457407,1985.796021241989,2032.0462462187138,2138.392392578125,2149.783801269531,,72,-24.47386860828051,20.970814441571584,False,20
PRSMJOHNSN.NS,116.30999755859375,170.05999755859375,-31.606492280161635,919041.708,-0.6322131344472015,4.632955853562848,-1.0548749136297997,-7.521666006973038,-0.024617590196103056,115.18979230742323,113.88689891735307,110.6579997253418,114.81279975891113,121.44820003509521,248,-42.90250507579507,-2.855454524334833,True,20
KANSAINER.NS,180.6300048828125,260.8927950067185,-30.764663363677425,446975.892,-1.8101770545345786,-8.975003698587713,-11.481913631334606,7.20309715980485,-0.025393536706494423,183.48202072316835,187.54381782916894,196.97080017089843,203.73913650512696,204.34415794372558,188,-40.1856042357826,-2.917837314852234,True,20
RECLTD.NS,312.95001220703125,381.3442016302781,-17.935028022153222,6669063.496031746,0.3044910919971944,-2.4774016331136517,-12.600126683948776,4.215247876339423,-0.025589700720718745,311.4221925430308,315.2183172994921,333.90673889160155,338.8860119628906,341.64568389892577,113,-19.46907681023139,7.937833964908925,False,20
RELAXO.NS,297.0,467.82154146357,-36.51425304810855,651429.8167330677,1.9742489270386354,-15.655419909145873,-25.976325892627937,20.260685820203882,-0.02622282528832139,303.0018705508278,318.2818009137512,363.92004638671875,354.89874786376953,347.35942108154296,248,-50.010566514583275,2.772685201162517,True,20
TCI.NS,883.7000122070312,1230.6142063952873,-28.190329055637708,56049.52988047809,6.495544131956565,-1.5156553851503385,-4.3312889354065405,-4.155077618379089,-0.02614994391808009,843.2342687879366,853.4609775998598,891.0329992675781,907.7213427734375,957.1861669921875,228,-35.235592449840894,2.2659143587415054,False,20
JSWENERGY.NS,506.54998779296875,615.2574202859911,-17.6686097410238,2895669.603174603,-3.6977209519070797,-6.5578287020847,-13.135562619252216,7.7762502443833315,-0.0251150652362998,516.3658365557325,522.9370266930017,541.8160021972657,550.7137176513672,523.9080210876465,85,-18.23747732142178,22.906120245378283,False,20
GICRE.NS,337.5,402.400829796409,-16.128403569457106,721320.8214285715,-3.8461538461538436,-0.371938636566127,-3.564970868584949,-3.4188362612526113,-0.028960288770051388,342.3122351636212,343.32365289034095,343.9146954345703,352.172646484375,358.6048719787598,116,-17.047494696581033,1.832750752723511,True,19
BAJAJELEC.NS,318.95001220703125,584.6314740410414,-45.44426251935919,336761.8888888889,-1.2691458724230054,-4.734162534001851,0.7274762063371742,-4.715237123020943,-0.02741599081349896,325.62873766690325,329.7813482209378,338.90699890136716,333.83947204589845,367.36909545898436,251,-48.9744018503524,0.0,True,19
SUNTECK.NS,283.0,469.97910852813845,-39.784557469737756,379384.86904761905,-3.7578603134473476,-7.473837110105941,-8.44152080762779,4.142734828494854,-0.02745915764256318,286.75891626970576,289.5466506881679,296.83747802734376,300.91776153564456,335.57047439575194,226,-42.69841235778584,9.31523174681832,True,19
BEL.NS,393.54998779296875,472.8081629796919,-16.76328401084044,13938912.527777778,0.06356471084651982,-4.24574506253802,-4.302022742195355,-1.6387758366238403,-0.027889096987310947,395.925272267874,398.94132253823744,402.3432794189453,408.5720849609375,417.4233609008789,141,-19.273416941841724,13.182803026751166,False,19
BIRLACORPN.NS,850.2999877929688,1328.8254130627743,-36.01115846865579,89127.85657370518,3.2418665612557795,-3.703285640660392,-12.330410282640713,3.217947351072148,-0.028284146163698558,834.8725277489946,844.1501532251444,882.8070178222656,930.6844409179688,952.2791271972657,244,-42.82742408541239,-6.272595240451173,True,19
GLOBUSSPR.NS,832.5499877929688,1243.6605977695654,-33.05649553534945,126720.45816733068,1.5614501729757535,-8.070997056222906,-6.964527977177948,1.699906930095585,-0.028674500150621562,835.7248832785324,849.0211788851699,874.1241418457031,879.8327105712891,915.9493035888672,219,-36.1390535358173,8.472370751452907,False,19
KIOCL.NS,340.75,634.5499877929688,-46.30052690014791,511140.2896825397,0.029357435874777238,-10.984845646262354,-12.48234373742233,7.5260355199963325,-0.029283222988931587,346.056340242192,354.8950995331943,370.5649987792969,381.1824990844727,370.5059991455078,245,-54.195886929665626,37.22531260749298,True,19
INA.NS,90.4000015258789,161.80999755859375,-44.13200488854605,1336663.1631205673,-1.4176613583717246,-0.16565601416177467,-22.20309475038551,10.00243513041874,-0.028348517116176836,91.02226990710115,91.99137960197149,99.430400390625,110.25320014953613,,108,-47.963662184870785,61.58454356028964,False,19
SARDAEN.NS,493.1499938964844,621.6151182855507,-20.666344915062606,617414.2111553785,-2.5298978163299624,-4.131032175160454,-2.0688425982628766,-2.6466058331166997,-0.0275849132939063,504.02788080693756,506.893358775315,507.7963043212891,515.6384664916992,519.7316369628907,107,-21.810897507163386,16.03929164706839,True,19
LINCOLN.NS,591.0,767.8152546425441,-23.02835917539309,69854.30522088353,-2.289819979329677,-3.243553063568849,-5.26188494227624,-0.8479124335470822,-0.027954230667484425,601.6935872389654,606.3067634065264,603.1805932617187,622.957886352539,586.2416400146484,86,-26.01298188573985,26.833958153132965,True,19
SANOFI.NS,3140.199951171875,4864.796881602451,-35.45054341225647,22270.66533864542,1.7101784834560263,-1.2826170647005641,-7.8119981751988306,-0.837238498368964,-0.02764000416501745,3104.2137387297107,3126.545435121101,3233.0759912109374,3258.9569848632814,3510.8526806640625,250,-37.325235272810254,0.0,False,19
JYOTHYLAB.NS,191.07000732421875,319.32386836316425,-40.164194958669206,634446.623015873,-2.0505458808702137,-8.80584028828565,-0.31303326053027103,-1.4112203203380802,-0.02624620752038465,194.0726209566255,196.39458049422333,201.44660034179688,201.16839813232423,222.98756805419922,234,-41.094285539096894,0.9444345468636595,True,19
ORIENTELEC.NS,162.25999450683594,215.64378647408492,-24.755543778983125,609103.6892430279,-3.0473267715799612,-12.725905709513597,-7.0886521662394175,5.384443327227628,-0.028227321380414894,167.71320394977622,171.38512048094253,177.1827993774414,178.83689025878905,176.17720352172853,226,-31.181035018015855,2.9729293314367355,True,19
JINDALPHOT.NS,1058.4000244140625,1616.5999755859375,-34.529256439556434,23109.164,-5.970145045258524,1.6714720858849619,-12.58672103305274,2.5581419005874517,-0.030154796370297006,1076.532057479822,1067.0681006824386,1057.0899926757813,1071.2559930419923,1182.9722491455077,198,-39.9294822311276,2.220709757003392,True,18
JAICORPLTD.NS,94.43000030517578,172.48175223782184,-45.25217938708467,1008684.25,0.5430176173055967,-5.16211691702626,-16.900631997106018,6.954391172124774,-0.032665547519565886,94.86986601423708,95.96863145221458,99.34070281982422,106.45126686096191,110.00122676849365,229,-49.25028778738113,14.30020436431274,False,18
VGUARD.NS,304.3500061035156,390.34213160745503,-22.02993695551594,565258.250996016,-6.468957648372031,-8.190043407687597,1.9328621001605484,-3.2895048176133757,-0.030208477433719086,318.36607084527435,322.855497283721,321.86240661621093,313.97975067138674,318.5857389831543,250,-26.364103269458607,0.0,True,18
MASFIN.NS,282.75,357.9301909358125,-21.00414908819316,151843.2658730159,-2.145704082057265,-4.314720812182737,-8.437786497814159,1.3683573770610247,-0.030615075691621123,287.3632094518111,290.97676815702863,300.95074584960935,306.8460269165039,311.4800778198242,104,-23.16937577101015,10.020615311953108,False,18
SPMLINFRA.NS,165.86000061035156,266.6000061035156,-37.78694793204493,610990.9682539683,-1.4087827244707807,-7.855555216471355,-15.730111554597814,7.890460690775614,-0.03274838505810448,168.77817612035773,172.76729881067416,184.89500091552733,191.94320037841797,187.17070014953615,251,-43.357092629547175,0.0,False,18
FACT.NS,777.9000244140625,1058.5999755859375,-26.51614940917667,652116.2698412698,1.7927259864161993,-7.673130890222268,-10.873048201899937,3.8376825820017,-0.030821950071721345,782.7062528817646,788.5532067525953,807.8510009765625,845.0614990234375,838.0274996948242,73,-30.09162999617968,9.467908699173755,True,18
UPL.NS,550.0499877929688,804.4134581804076,-31.620986421934305,2480075.3095238097,-5.1637952081088345,-4.852099805840416,-2.77060048953367,-2.2142161697111473,-0.03203666096723526,558.9022006936873,564.5573907102895,578.0050012207031,594.5658978271484,640.6244744873047,184,-32.42281440497442,9.722516339473831,False,18
ZFCVINDIA.NS,2354.199951171875,3038.7327548607846,-22.526916939106435,136799.34126984127,-1.374111806792,-8.414707209808403,-8.095062317548107,2.7722537169773576,-0.0313996983111437,2402.4702495072515,2450.873034524565,2503.1239892578124,2476.5208544921875,2451.781096191406,67,-25.62689178951708,8.372382671390222,False,18
ITC.NS,269.0,406.5707952146441,-33.8368610913175,18050380.396825396,2.554331879084759,0.0,-6.255449187463535,-3.952575328801955,-0.03202231699851367,266.1950863508472,266.14114030818024,272.63799865722655,280.5454214477539,298.2570056152344,227,-37.15731601796143,5.061240129623812,False,18
EFCIL.NS,179.74000549316406,335.8500061035156,-46.482059780649635,452035.80555555556,0.5988735295149983,-9.551125005509354,-4.545935963814552,0.45269817835993376,-0.03033039165950763,181.678034473954,184.67259575934202,189.36820037841798,188.33360092163085,214.67279640197754,242,-48.95935832851816,2.1210637105828267,True,18
SWANCORP.NS,294.8500061035156,499.1534178390528,-40.929983534924496,1374955.2817460317,-0.03390611946997302,-2.898069477969001,-5.88748865435983,-1.668110861218297,-0.030164954483360647,295.7018947272984,295.2885782733671,300.64694641113283,309.54181732177733,349.0974108886719,251,-45.177177173067015,0.0,True,18
SWSOLAR.NS,176.64999389648438,260.95001220703125,-32.305044785230876,2368641.396825397,0.3351109542610642,-11.298016916684016,-27.72094995579072,18.652598134672548,-0.030813380207788926,178.53918137298157,182.27916372707006,194.42679901123046,205.658699798584,200.96434967041014,251,-43.284156705622046,0.0,False,18
RSYSTEMS.NS,235.6199951171875,427.21095634757916,-44.84692126540713,799708.733067729,-2.6966751781494436,-1.8658937411257792,-1.3729589213460236,-4.953609956289329,-0.03036177924959639,240.436991541018,242.58945702856465,247.31480010986328,252.41000030517577,287.664539642334,227,-50.020007422576285,0.9467113307078501,False,18
JKCEMENT.NS,5000.0,6739.416026951673,-25.809595668164054,82616.86507936507,-1.2735709349392832,-4.461641349001622,-7.822394999220905,-1.208469328461681,-0.03849791594445196,5035.8772221099025,5051.177795670339,5258.23,5278.747426757813,5399.004909667969,239,-30.94094065841977,2.188114159239962,False,17
RAILTEL.NS,260.1499938964844,396.58160206280564,-34.40190050589259,1543385.3095238095,-1.8301909824587237,-6.772977861768103,-15.150906181607382,6.173421506090171,-0.036135179226456385,262.50106753079064,265.70502038717177,277.3139489746094,295.26152770996094,307.5067194366455,243,-38.492240993770444,2.7193879535568177,True,17
LAOPALA.NS,160.77999877929688,246.24396046099196,-34.70702855887245,131616.15873015873,-1.1193156555357575,-5.379001582003829,-8.4813186208061,0.726352764271132,-0.03441586362487718,161.59962283432887,164.60686208124324,174.80020050048827,174.03524719238283,180.56833137512206,251,-37.05429375411874,0.0,True,17
FORTIS.NS,837.8499755859375,1103.1298326042547,-24.047927014361303,1950512.8174603174,-5.434540001587185,-8.49670144200677,-12.35291360890468,5.501735122000362,-0.03747974322431332,880.5454401011915,891.5696081375179,916.6301696777343,939.5470794677734,911.8228469848633,236,-30.56235538406893,14.852852465141165,False,17
DODLA.NS,1039.4000244140625,1393.937767726405,-25.434259083934172,38850.70682730924,-4.078991525260478,-4.990857000542737,-6.900895099068816,-0.40828466869839986,-0.036396529498346,1058.0177163607643,1067.4896859586452,1071.8680004882813,1081.7250048828125,1108.916043701172,242,-31.1357143452782,-0.7495078024593704,False,17
INDUSTOWER.NS,374.6499938964844,464.0362575162202,-19.26277573614199,6227509.448412699,-0.33253525413576845,-1.3949251586440115,-0.7532033921598735,-7.031037840426546,-0.0335061471096096,379.1195495341049,378.8901423328115,377.72905212402344,387.9582507324219,401.7524494934082,151,-22.866041412433734,14.13055706024986,False,17
CHAMBLFERT.NS,417.95001220703125,523.4329289989834,-20.152136204666824,828685.4047619047,0.7351213196951312,-1.60093885649647,-9.48214406335265,-0.7315865001082167,-0.033839534583788626,417.4597278482856,419.2303563038619,428.6733648681641,443.27568115234374,441.7262730407715,251,-24.64396698567559,0.0,False,17
FINPIPE.NS,154.16000366210938,210.4107040938625,-26.733763699901957,748395.916,-0.30395214761800293,-2.2629971785695147,-10.272215509458782,-0.4649944809121509,-0.03750657095678198,153.74644214040376,154.4551642678681,157.4869287109375,163.84032592773437,167.73895980834962,249,-31.107591281635628,0.0,False,17
JLHL.NS,265.6499938964844,340.0,-21.867648853975187,219327.87698412698,-5.141936984167906,-13.595712034774454,-6.52051490494533,3.7514219186676856,-0.03688921809388206,274.4650184678965,281.2508651102544,302.05779907226565,287.89944549560545,273.3203385925293,41,-22.838233498965987,26.368606713194055,True,17
GILLETTE.NS,7072.0,9653.121370296873,-26.738722857449094,26732.825396825396,-0.014138272303121369,-4.548522067755433,-7.16786621005181,-1.7158102680163378,-0.03747802211003477,7151.959837502476,7240.843623429778,7463.1494921875,7594.6544921875,7787.453747558594,247,-28.292624380551835,-0.8573369906512474,False,17
ACC.NS,1236.4000244140625,1975.569036609613,-37.41549895234645,206052.43253968254,-1.8496409987264872,-5.661525450487059,-6.841465498671773,-0.8804374237967205,-0.0372188380909028,1245.0490331139451,1257.873313359416,1306.5000048828124,1330.8541625976563,1445.9090979003906,212,-38.29119848536882,3.3538522460577314,True,17
VSTIND.NS,204.5399932861328,273.7888347519297,-25.292792355298488,347542.26587301586,-2.096498622056542,-3.167164975014025,-17.69291311121214,7.085186224888007,-0.033168823006168975,206.17669845792582,207.48913875157268,214.3983999633789,230.4126364135742,229.29457557678222,115,-26.585757164962942,10.548502825580597,False,17
WAAREERTL.NS,832.9000244140625,1358.0,-38.66715578688789,617248.7420634921,1.616543598528164,-4.805987451431548,-18.202796522066045,6.468111646511332,-0.036731374284487736,829.0812318280629,838.6861453568359,881.6610034179688,932.0200012207031,927.329249572754,231,-42.59941089837997,27.920395272624287,False,17
IGL.NS,144.9499969482422,219.28693712723197,-33.899392801432086,2883632.742063492,-2.4299950657496017,-1.5084604527579426,-12.034228655150436,-0.46010039239881007,-0.04339000350631203,147.81771738577768,149.1483839821505,150.91619995117188,155.61900024414064,162.6674925994873,243,-35.36322438991183,6.040500175590191,False,16
JSWCEMENT.NS,115.47000122070312,146.6558911160378,-21.264669054896412,2941216.9206349207,-1.677453320631539,-8.75543387108657,-14.098431295359049,5.180500782553099,-0.04076161181866943,117.32336174635095,119.52041177815033,126.45379943847657,128.3977894592285,124.34320735931396,251,-27.54754667056781,0.0,False,16
WEBELSOLAR.NS,73.2300033569336,137.44541921249123,-46.72066644598778,5131602.603174604,0.39758829972662557,-4.9395770691957,-27.463523762935836,13.278134886194358,-0.03875959758269486,73.51550727862319,75.24872299962294,84.02061553955077,94.18205810546876,87.01239568710326,219,-63.45177420888943,8.007987214296763,False,16
DRREDDY.NS,1201.0,1405.9838095385528,-14.579386202592826,1956937.3333333333,1.3502109704641274,2.039082412914195,-10.941247661760045,-3.688240423072753,-0.042148328881278625,1188.6528567800408,1180.108944883537,1173.5580029296875,1232.3625830078124,1242.6082037353515,64,-21.691843637847384,6.875395341149115,False,16
NBCC.NS,82.86000061035156,124.82730965446994,-33.620294437400446,10987885.464285715,0.558251305769919,-5.990468363807344,-20.487155755219398,7.627484889664893,-0.04237421312884339,82.95006669300476,84.12004979046735,88.6607583618164,94.61366226196289,95.87017982482911,188,-38.59508127120981,3.3314404201394865,False,16
GMDCLTD.NS,538.0,758.8901386847265,-29.106998157541376,3737046.1666666665,-1.658165812564838,-3.530519584703473,-6.289394296348016,-3.3430912167644933,-0.040959752738073806,548.0618150190486,551.9205178066267,559.151611328125,586.7095050048828,583.940390625,115,-30.684032462078125,29.031707876241807,True,16
ITI.NS,252.89999389648438,372.8500061035156,-32.171117136505856,2527458.337301587,-1.3265681070694368,-8.103203968526973,-15.048712285369792,5.7937630905312565,-0.03950406053810773,256.3383404385811,261.2416555141572,272.5450012207031,284.1090005493164,285.69625061035157,243,-36.43556494023474,14.844633043182931,False,16
IPL.NS,133.9199981689453,218.75406734288984,-38.78056769612878,473659.27091633464,-0.5569169155695053,-2.808618408995145,-16.91972634927168,3.9529717377024154,-0.04112144583056518,134.3469743919146,135.71110466493585,140.6787496948242,151.114959564209,153.84215503692627,250,-43.16373362972422,0.0,True,16
ANURAS.NS,1192.4000244140625,1413.2033352966978,-15.624312890280457,347502.3266932271,-1.2668648982693487,-5.229724372665345,-5.57450386005044,-3.2326160022887795,-0.04138028923290647,1193.263085057767,1204.7909729316248,1221.7420092773436,1262.6423596191407,1276.0415014648438,101,-21.144872513212555,9.86096468269353,False,16
FDC.NS,341.0,470.5002594470858,-27.523950698618027,175597.85258964144,-3.262411347517735,-0.828851549491505,-19.547010713804593,6.197444259801421,-0.038771369548708835,348.6959818725785,349.81386176249845,364.63500061035154,382.1299996948242,377.8487580871582,250,-33.485687643446084,0.0,False,16
NCC.NS,132.82000732421875,213.9474194024461,-37.919322562906224,2883323.6904761903,-3.143001097591258,-11.62418440504782,-9.000562964465287,3.0015857608356455,-0.04138671575774018,136.36943385860533,139.03570188251632,141.31855346679689,144.70369689941407,147.34738677978515,226,-40.16110790271177,3.747158421325314,False,16
MAZDOCK.NS,2199.60009765625,2972.1241941595595,-25.9923221923692,1196459.3134920634,-3.5263115063048245,-15.007724201845052,-11.737123328924215,6.700122314365919,-0.04195264063930389,2249.432864506642,2315.59725694401,2414.042001953125,2434.202600097656,2435.0933837890625,251,-30.90152402400692,0.0,False,16
RIIL.NS,694.5499877929688,959.630048784558,-27.623151372482823,100313.8047808765,-1.223072789944113,-8.911477010758196,-16.805413175522887,6.86364800406587,-0.042007674321765685,708.4936271630584,718.867220580216,739.2650048828125,763.7244470214844,752.8916470336914,242,-35.95954711981661,4.65194634205448,False,16
VHLTD.NS,125.36000061035156,155.36000061035156,-19.309989625477076,30273.305220883532,-0.7521154038511391,8.452292224234892,-4.596646549992278,-10.251999438937965,-0.03864546836111004,125.65544676868133,123.972384486212,124.14080169677734,129.54270164489745,134.46150100708007,186,-27.27843449696332,12.651994868800731,False,16
CCL.NS,1044.4000244140625,1238.748718225596,-15.689113615384532,340502.4285714286,-1.9894849528518277,-5.775105612695707,-11.335098397783261,0.5867986987252216,-0.04519779657669214,1058.7713515981527,1074.3260072493151,1115.3824267578125,1124.5708642578124,1072.8326596069337,54,-17.05339550447261,12.775114675551812,False,15
GRINFRA.NS,812.4000244140625,1306.4560020406548,-37.81650333841231,69575.67857142857,-1.6345804093634286,-8.760107576516384,-11.34875569940067,2.0667142351588508,-0.0449342057199628,825.3648201323327,840.1905725876658,869.3459997558593,890.3519982910157,914.0854888916016,242,-39.91378211177049,0.8885019668040339,False,15
DELHIVERY.NS,422.70001220703125,524.0,-19.332058739116174,3079171.9682539683,-1.2383149048992403,-9.291842874027633,-10.454396115265096,1.439884767034516,-0.04542564993061174,431.3476959737089,438.50467580271135,455.99400146484373,462.9170004272461,445.17550064086913,55,-20.877861430626787,9.364159283861007,False,15
BRIGHOTEL.NS,56.130001068115234,87.79000091552734,-36.06333240373897,169110.452,-0.17783829794624229,-5.774716542440861,-10.961294015003908,-0.2665204591952075,-0.04567723526462052,56.51753179833538,57.12324117399304,58.99919998168945,60.83710006713867,62.35000019073486,229,-38.07950786712322,0.14494835759752966,False,15
HEIDELBERG.NS,134.97000122070312,201.25867663518335,-32.937052216953646,107361.40873015873,-7.504109844878393,-12.681307781274098,-7.601387682816007,2.6494446094266877,-0.04507311001816786,142.0969927411739,145.26400882547682,149.33187561035157,148.76200073242188,152.31033630371093,251,-35.35669155824481,0.0,False,15
TORNTPOWER.NS,1254.5999755859375,1817.8039543841724,-30.982657807510083,491743.14285714284,-0.33365690175318763,1.9917080307500834,-11.32942582953932,-3.58819991234679,-0.044691317978258135,1263.1344107175767,1271.312078207544,1311.6760009765626,1375.1434436035156,1405.134995727539,109,-34.04129212568514,15.367088246298843,True,15
TARIL.NS,277.6499938964844,524.0249103335884,-47.01587874520402,4618967.964285715,-0.786139774539607,-8.630039350795727,-20.90458963741092,9.25956871698499,-0.04372171252042385,282.65488339198015,287.196863950332,295.4377172851562,309.82438903808594,298.4491584014893,251,-57.28312798144406,0.0,True,15
CENTURYPLY.NS,694.4500122070312,857.8455599050699,-19.047198625836582,92035.8764940239,-3.9023055772946735,-7.497902459488204,-7.152073728206232,-0.8717686899989752,-0.04384140644088568,709.026427583546,721.5308975805834,752.5949609375,757.7676263427734,759.87236328125,163,-27.997670208857517,4.581008620831439,False,15
PRAJIND.NS,315.8999938964844,422.8048706122484,-25.284684294426164,1878937.6904761905,-0.04745891544936098,-10.863431338332742,-8.9427014504462,0.46220874540678913,-0.04675359096182629,318.88551133354747,323.59627218428994,327.3263275146484,341.1522299194336,332.6916058349609,111,-29.66211212865213,29.190298527783675,True,15
ELECTCAST.NS,72.33999633789062,97.77694428392327,-26.015282163215502,2151626.6507936507,-1.4172812134834234,-8.418789347668888,-8.076216362267274,-0.550072774906063,-0.04468380009524728,74.27668840986821,75.4978373418791,74.63493347167969,75.89244499206544,75.21370588302612,236,-39.2424243709629,0.09367228896020041,False,15
DABUR.NS,385.6000061035156,527.1610207391882,-26.85346773878974,2118441.6706349207,-2.44149118190623,-0.15536149263351007,-7.484022112735533,-4.835556362944004,-0.04454650595715587,385.4359813959381,386.3746184818973,399.7520007324219,416.12645721435547,445.7252378845215,183,-30.182624793296185,0.4916594675262731,False,15
SAFARI.NS,1464.199951171875,2504.019782423858,-41.52602301909337,57466.0843373494,-2.451702120461363,-2.1322120803837996,-7.6010876436221615,-3.9506608217366845,-0.04532203249904218,1495.0673876130359,1504.756904518201,1523.1479907226562,1548.139405517578,1694.180337524414,207,-45.63041226466643,13.85606329846465,False,15
ASIANTILES.NS,50.689998626708984,79.05999755859375,-35.884138385988315,4512359.543650794,0.07896762018781978,7.805185310965568,-6.303142224751257,-10.23552765902025,-0.044162199068215814,50.46308832682017,50.23449469401107,50.67939979553223,53.77580005645752,61.346700038909916,113,-46.2433578137895,4.823832130270644,True,15
DMART.NS,3834.199951171875,4651.7001953125,-17.57422468809182,498367.4404761905,2.248061308928162,-0.3430875788044241,-12.475180217203608,-3.098465834596831,-0.04825751783867883,3780.7198169506064,3788.6735118753,3879.4999951171876,4020.8870092773436,4004.89900390625,251,-22.608941917028403,0.0,False,14
DCXINDIA.NS,161.99000549316406,267.8999938964844,-39.53340456000293,1812349.373015873,-0.6805644198732086,-6.896947882717019,-18.483290812154262,5.031453012119469,-0.049798520573292156,163.9809949519791,166.6984678849636,173.85860015869142,185.40019973754883,183.0099998474121,251,-42.77715321225711,0.0,False,14
TENNIND.NS,515.25,657.0,-21.575342465753423,1969953.1296296297,-0.5116864817800826,-4.8300744800231055,-13.02329865539268,0.029125300169519086,-0.04912523020732625,517.1284766195852,521.3021184025229,536.887001953125,562.1370013427735,552.556001586914,102,-24.231356500309175,20.542242068140236,True,14
TATACONSUM.NS,983.2000122070312,1271.9371979227803,-22.700585075056388,1479686.5515873015,-1.2851393366434483,-5.642993070342495,-8.590550899610328,-2.2940956546549263,-0.04751916079477912,994.1408794187109,1006.5265088076201,1048.833995361328,1094.8224200439454,1111.654267578125,98,-23.015066010635,16.731878656956802,False,14
APOLLOTYRE.NS,400.1000061035156,533.7088183031568,-25.034027472963515,1022962.6626984127,-2.2477356373894253,-9.734911200560493,-6.464875485449973,-2.404041204095275,-0.050728349311241434,407.37964348616663,414.7542548710765,428.25500122070315,418.7085070800781,439.5798016357422,218,-31.943642580825728,5.159665871645114,False,14
JTEKTINDIA.NS,118.06999969482422,175.06489493731698,-32.556438721138306,313893.7619047619,0.25473640172297696,-6.427326510331999,-12.867452565352488,0.9788751565023235,-0.04728677368898919,118.5393393671393,120.54257380438237,127.97345245361328,130.58021812438966,133.72655742645264,251,-34.412893152601384,0.0,False,14
TCS.NS,2082.0,3287.1613923698505,-36.66267787055627,3735012.865079365,-1.092636579572448,-7.400814337800554,3.0477730507903367,-10.05127723724174,-0.04695605505176951,2135.5150969264764,2186.2832528379777,2289.4880126953126,2232.9757531738283,2484.52655090332,163,-40.19093424249195,1.4122826383387688,False,14
DBCORP.NS,181.7100067138672,271.8784658695223,-33.16498747603204,184106.32270916336,-1.2767526219152892,-11.434416174123186,-2.463158968984336,-4.456665570445251,-0.04936172415889567,184.5882604913473,189.1040964514051,201.11318634033202,200.39089401245118,212.4195534515381,230,-34.492786865662275,1.9667182304859754,True,14
IEX.NS,112.69999694824219,155.8999783750524,-27.710062488195454,8109125.849206349,-2.3904401161576327,-7.622953321112957,-9.9336694461857,-0.23297501085517425,-0.04836925514036135,113.53668658946796,115.54169716260229,121.80279983520508,122.69327941894531,124.6486833190918,179,-29.21743824194164,-0.06500072059365536,True,14
HINDUNILVR.NS,1942.9000244140625,2619.7497080594576,-25.83642557772291,1680770.753968254,0.5641834582848171,-3.290192911196488,-8.27589136053135,-4.5026085591652665,-0.048854310682363275,1944.0584959305913,1959.9061453140362,2028.6200024414063,2094.5057092285156,2176.7268493652346,233,-26.9014137454181,2.4938030709819037,False,14
HITECH.NS,73.5999984741211,123.80000305175781,-40.5492757190396,902864.7420634921,-3.335961302716617,-5.556270773897465,-16.354130854654347,3.764272039274874,-0.04845380725737509,74.99183460393571,76.04808677122314,79.95559997558594,84.18580024719239,84.62055011749267,242,-43.34410528219084,1.052977892910656,False,14
POWERGRID.NS,269.5,323.4425459044702,-16.677628403408097,12176095.718253968,-0.29596294084240915,1.736506685354322,-5.429239546641684,-8.55925399224693,-0.047347684179046536,267.41344252173195,267.5013106940749,271.729443359375,280.171647644043,282.7965901184082,109,-19.08918120984454,5.785390426174897,False,14
INOXWIND.NS,74.75,159.3000030517578,-53.07595821218337,11514396.599206349,-2.6692747009088746,3.819444444444442,-17.055040255383226,-0.9802594843159818,-0.05011654451543359,75.23484598048337,75.14361941917214,75.36419952392578,82.21669975280761,92.2564497756958,229,-57.313246266601595,10.68442815379571,False,14
RUSTOMJEE.NS,366.5,634.0,-42.192429022082024,141795.788,3.6042402826855113,-4.007330613448101,-12.393929806872283,-3.183195926969351,-0.05432499407270495,358.9902339494511,360.9672268669458,376.5720007324219,390.0950006103516,421.3342509460449,241,-47.649843233993,2.7326929999305527,True,13
ZENSARTECH.NS,434.8999938964844,799.7128098861871,-45.617978289183824,1726357.3333333333,-0.35514223099886166,-6.221025574882077,4.740493406498092,-13.427011571027736,-0.05228375944537969,435.2584256934877,444.09548352106907,475.8160021972656,472.00149993896486,536.3697615051269,233,-48.360061074438335,-0.2304036568308243,True,13
VENTIVE.NS,565.0499877929688,793.9500122070312,-28.830533521595846,69294.22709163347,1.3815398841520166,-4.96972569900449,-10.138358975444127,-3.56686133264863,-0.05324043377078387,569.9705920135045,574.2668481411872,592.5599987792968,614.4855010986328,652.3295013427735,162,-31.658168997615867,5.702899450851362,False,13
BANKBARODA.NS,235.25999450683594,315.30188105660324,-25.385794173361788,10071108.36904762,0.136201609817177,-2.381745017910397,-13.63436131491329,-1.910649362613226,-0.05317296982119639,235.30159406882558,236.84948676576076,241.84580017089843,251.98276123046875,265.5040821075439,146,-26.445095287169927,9.648543849956571,True,13
MFSL.NS,1458.0,1892.5,-22.959048877146625,761929.630952381,-6.4785118665811385,-7.015306122448983,-7.954545454545459,-2.1935971183314806,-0.05314714894844141,1501.7406307877277,1512.3689958199486,1526.1160009765624,1574.4080041503905,1624.1104998779297,149,-28.132101686344125,11.842105263157897,False,13
BRITANNIA.NS,4937.5,6168.271363350723,-19.953262281284335,336943.56746031746,-1.2104841936774746,-6.8044545111362815,-2.4632090877435675,-7.436267462685475,-0.05195409032992264,4967.556712525036,5043.900925670688,5273.9700390625,5229.208149414062,5497.3733203125,181,-20.836816145723837,3.9408481930573336,False,13
ATUL.NS,6070.5,7144.769440445724,-15.035746771119129,34665.21031746032,-1.6206142127866419,-7.813211845102508,-5.631783739504403,-4.209253784472855,-0.05097940425939629,6152.249340262245,6238.403358567558,6465.25,6532.665844726563,6414.156108398438,101,-16.545962098750323,9.641468150538635,False,13
VMM.NS,103.5,152.17999267578125,-31.98843147501902,14033135.607142856,0.828055003883077,-4.1666666666666625,-12.2509515236215,-1.70940455801607,-0.05109575113237903,103.69640330119735,104.25539236767727,106.82099990844726,112.72219985961914,117.21409999847413,245,-35.096595218337654,3.157102092498021,False,13
ASHAPURMIN.NS,506.5,921.4245512973316,-45.03076792485432,726167.0357142857,-3.22443487112698,-12.047323300459567,-23.096285794857284,10.644275050987261,-0.054030838652668924,524.696750532537,540.2425742891238,605.0901721191407,639.6505804443359,643.5490110778809,181,-50.794681432964,39.37452170431088,False,13
HPL.NS,278.1499938964844,503.18343725777174,-44.721949630867286,187908.2857142857,-2.163205825025527,-9.262423229026084,-22.639836242325984,8.578045608783436,-0.05429537857492191,282.31858507591886,289.7285630051144,311.8517462158203,334.8275155639648,339.7020263671875,251,-49.39604036341694,0.0,False,13
ASTRAL.NS,1399.0,1765.9224658214252,-20.77794880143562,744019.6944444445,-2.0102228867009297,-8.514252898850705,4.9116843354751305,-12.370208124242355,-0.053784508174946365,1407.2796032088493,1430.1678289818842,1464.673818359375,1471.688046875,1503.5171124267579,138,-25.843842031787247,21.380421135752048,True,13
RAMCOCEM.NS,867.5499877929688,1211.1945755050306,-28.372368458533813,262055.732,-0.25294765243245587,-7.771225718792518,-6.430289015392788,-4.4571527746362865,-0.052914877234741,873.9731711955534,878.5863429773287,899.966396484375,901.3538641357422,969.758561706543,158,-30.975715035779604,18.03488018778763,False,13
ORIENTCEM.NS,122.16000366210938,236.37657618219657,-48.31975078277226,431895.593625498,-1.9189075319855697,-7.0390379287898375,-8.679076205084414,-2.904151256437726,-0.053650817030569384,123.80097819512436,125.49720251687998,130.946600189209,133.50284217834474,143.26923667907715,250,-48.97971684759327,0.0,False,13
RELIANCE.NS,1226.0,1604.3820104615531,-23.584284041722647,13555211.515873017,-0.032617776100718476,-4.383087920141526,-5.2477025375133435,-8.351178589962682,-0.05794661558877453,1242.128134929979,1258.4618421248124,1288.832001953125,1301.9570935058593,1363.4085626220703,183,-24.55038811786727,6.7726641073238,False,12
AWHCL.NS,378.3500061035156,604.2286076106078,-37.38297039597611,408518.8015873016,3.6859447607573204,-2.7877712649567066,-19.13916132508805,0.8205010101345334,-0.056025077703882105,373.2059052522356,374.7417916478833,394.1250299072266,428.79767364501953,459.80504425048827,165,-44.13538459759568,26.273369270076017,False,12
TRAVELFOOD.NS,1213.300048828125,1459.2622453212896,-16.855242934008096,75873.98015873016,-3.4073662598271603,-8.31574861459229,-7.5883195573025475,-3.076865918411742,-0.05511128583456635,1231.2678498999553,1249.9518873353325,1291.152646484375,1266.6512023925782,1227.9290875244142,35,-18.445092415591823,15.051947054582925,True,12
AMBUJACEM.NS,383.79998779296875,585.8998677000112,-34.493928237328156,2398889.0674603176,-1.1588977958967295,-6.62936402122577,-9.019797975588972,-3.8754531601459252,-0.056978832405698884,388.3019230857125,393.71336047770865,412.23599914550783,421.01147827148435,456.64339111328127,251,-35.21930815876143,0.0,True,12
JSLL.NS,508.25,831.6028981949348,-38.883089380376134,708233.376984127,0.46451989165203766,2.1659492680902837,-13.529355812408905,-4.989648564633287,-0.055750243267927255,508.67286612957633,509.20555876620494,526.2348333740234,565.3936599731445,615.1003437805176,246,-42.18116943539015,-4.020799066244363,True,12
REPCOHOME.NS,347.70001220703125,449.95124725771996,-22.724958686940134,140565.36111111112,-1.098912164196808,-4.127872877711947,-16.07316332234191,0.47409656345469564,-0.055677761632827644,352.4273764951638,354.3951232566826,365.08452880859375,378.76570098876954,384.35667236328123,224,-26.472805783297005,19.815603848421425,False,12
TEAMLEASE.NS,1173.0,1872.199951171875,-37.346435712393934,46840.33067729084,-3.7735849056603765,-6.362253873907897,-18.829145400518776,3.9432875498449205,-0.05721237865565282,1208.971189511007,1226.612062021494,1255.9819946289062,1329.2789990234376,1338.3380017089844,211,-43.10437031551414,-8.366837011989825,True,12
CHOLAHLDNG.NS,1400.5999755859375,2062.371871375786,-32.08790349474597,220566.60714285713,-7.103533796807049,-7.685208234806263,-15.401915765820428,2.6664868720715607,-0.05801375007559462,1467.977266514809,1492.4243663099874,1532.5747192382812,1566.6685119628905,1616.6289270019531,224,-36.773252632936874,5.543066171785949,False,12
RCF.NS,108.58000183105469,154.10414270944614,-29.541153195488334,1990542.4325396826,-0.4583791635559442,-9.730644394835341,-16.05880591130866,3.047712665997726,-0.0559052350231617,109.14680946291477,111.08572456979957,117.89068252563476,122.78154823303223,125.59227191925049,216,-32.05449165892607,3.1216269461906476,False,12
GREENPANEL.NS,162.61000061035156,313.58497462351295,-48.14483672070718,268605.0873015873,3.028574240538573,1.6948135192685454,-14.647071690136004,-4.848475378644135,-0.056916915305908894,162.86222074290146,162.61137710217136,172.52085693359376,183.09046646118165,198.2617264556885,247,-52.64122756993201,5.894918005773464,False,12
DIGITIDE.NS,78.56999969482422,185.9199981689453,-57.73988787186426,726504.1593625498,-5.8478099842767755,-23.301446873974086,-7.444928425332142,4.439713131533174,-0.05702663648208868,83.34343070234905,87.36207267412136,95.58160034179687,93.60500030517578,99.8309001159668,244,-62.40318297423775,9.018085156229883,False,12
HGINFRA.NS,453.1000061035156,976.870402113794,-53.617183495059486,317856.1349206349,2.407050198362537,-9.767995298050359,-20.308365882498812,5.390569266817957,-0.05649176097796279,459.5365434727578,471.0672477615756,506.253828125,541.175903930664,580.0275601196289,251,-56.19358284109195,0.0,False,12
DALBHARAT.NS,1700.199951171875,2308.784934113526,-26.35953544002666,277716.9282868526,-3.474513023385817,-9.38066328645144,-0.02352254614873539,-8.195185414833306,-0.05508714889406813,1730.4966461437755,1748.5222753428036,1802.6819921875,1768.638643798828,1889.2132940673828,235,-30.686051738759268,-0.7602810848511554,True,12
SHREECEM.NS,22520.0,30121.125232344428,-25.235196805271563,28221.261904761905,-0.3539823008849585,-8.006535947712424,-10.58005194934919,-1.9177362982652713,-0.055778155237418456,22489.054019014533,22893.597288332632,24552.5,24881.8733984375,25245.7780078125,237,-28.073736180559873,1.677115942618146,False,12
PREMIERENE.NS,896.4000244140625,1134.0,-20.952378799465386,1646458.9087301588,-0.6208398654032665,-10.359997558593747,-14.709797867358464,0.6068007636917283,-0.06304302552989924,918.2421184425973,944.3848770257454,999.2920043945312,1022.5860015869141,934.3684649658203,55,-22.548501958292,13.814178785507302,False,11
SHAKTIPUMP.NS,466.8999938964844,854.1006881040075,-45.33431474772118,1578870.6865079366,1.2908084460101277,-6.131885881435584,-19.835213282618223,1.7070526532857233,-0.06365039255157283,472.12197092867564,477.59275496705965,498.5796960449219,520.147314453125,558.5482926940917,251,-46.727592386087316,0.0,True,11
SERVOTECH.NS,70.76000213623047,141.46083943686781,-49.979087910184674,1071180.4484126985,-2.802198942322831,-12.747052622210886,-30.004362909218962,13.592660428656478,-0.06393875119977559,72.56152426034194,75.1217966030525,82.35477233886719,90.41615608215332,83.70057270050049,244,-59.35689157186411,4.909097896183634,False,11
FORCEMOT.NS,17388.0,26374.965142944882,-34.073846521646814,96614.13492063493,-0.5718206770356837,0.3595293888473794,-6.14925848935054,-10.139308127695335,-0.058857769878173885,17406.681254727646,17508.29423174227,17740.6845703125,18195.80177734375,19548.718779296876,152,-36.10586353917847,37.426484116644154,False,11
METROBRAND.NS,882.0,1300.7865845004437,-32.19487266324131,68691.512,-6.254979764365432,-3.9927035271069222,-11.93279957602994,-2.822394222504876,-0.061328362436688606,916.4761648765186,927.1000375276162,958.1974743652344,995.4753466796875,1019.405895690918,245,-34.189820375359446,-0.5411278894673299,False,11
BHARATWIRE.NS,164.97000122070312,262.0,-37.03435067912094,513691.3888888889,-4.66917173566187,-12.081644768005662,-17.650876197850728,4.709614741491142,-0.06294663089926081,169.39027044021765,173.47638138246236,185.64519958496095,200.68269973754883,190.96904998779297,99,-37.786259541984734,54.13644071974824,False,11
BLS.NS,224.25999450683594,355.65989000309526,-36.945379332799035,3435806.6785714286,-0.9889648976441734,-5.594251342351441,-10.314537046970152,-4.624749006571549,-0.0616200747495437,228.60895384004596,232.91750740750064,242.85109619140624,250.03053161621094,266.03195182800295,243,-38.587110343297994,1.0772895519721493,True,11
ONGC.NS,235.86000061035156,306.19702215663295,-22.971164464917948,14637608.956349207,1.3144319237459179,2.09640376733653,0.8359614917306413,-16.787750885884932,-0.05913587960992883,235.8413758548238,235.5593921359568,237.5031298828125,248.24901016235353,254.79471549987792,107,-25.967481071816923,8.632172088706014,False,11
SULA.NS,135.1300048828125,273.94196531685554,-50.67203203915322,377555.42063492065,0.47587133876723087,-8.024770918234925,-11.829564318048291,-1.7936540940657886,-0.05823697982811064,136.67473427590912,139.46082664902704,148.2813998413086,152.02405868530275,165.94094718933104,251,-51.81461159215897,0.0,True,11
CAMPUS.NS,209.99000549316406,285.84084278783837,-26.536038921132622,605978.7261904762,-1.0041437266895548,-6.666962813357391,-10.12570667432582,-3.390787733451639,-0.058278340310188345,212.17583681509717,214.7385521559062,219.24455444335936,227.67067504882812,238.92423065185548,237,-27.51210956160185,5.6317266701563895,True,11
DOLATALGO.NS,67.4800033569336,95.63547251598347,-29.440403668570024,372743.416,0.23767626683706133,-9.51997626683444,-6.49853807815367,-5.144779398532595,-0.05887700809542322,68.05278911717376,68.98034485972202,69.98779983520508,72.25630012512207,75.94848068237305,181,-32.07541367705801,20.4743066931792,False,11
NAVNETEDUL.NS,122.76000213623047,164.1333558091885,-25.20715759997997,211551.17529880477,-3.2547854624348616,-7.7755228207220135,-13.016369383559212,-1.1934054589259113,-0.06262856109026017,125.11152243052967,127.42219052305458,133.09039962768554,138.0433599090576,140.01999214172363,158,-26.763108049160834,13.875601980424301,False,11
AADHARHFC.NS,444.5,563.0,-21.04795737122558,386483.3214285714,-3.714934284246929,-4.572775515493532,-13.7897554213687,-0.9691447130140807,-0.05810633043139641,456.33062042590734,463.08723048740484,481.4859997558594,488.29849914550783,482.61699951171875,59,-21.82060499174345,11.54540124437582,False,11
BBL.NS,2162.89990234375,3367.0326028562217,-35.76243067830758,35006.920634920636,-2.0381358752827206,-8.753797188180478,-24.047850197818356,5.908631961192512,-0.06805475300032869,2208.4413292812283,2240.362910223531,2346.7519775390624,2531.8929150390627,2556.573138427734,237,-39.85048773156517,-0.8341793706420186,False,10
PIIND.NS,2400.0,3812.9263498994665,-37.05621929824898,270811.6785714286,1.4027357819395458,-2.715849209566279,-5.733066276930787,-11.408914045450514,-0.06686381764978744,2367.056859997577,2384.537345438489,2522.113349609375,2642.8967724609374,2862.9969006347656,222,-42.537573534359794,6.920965119891331,False,10
FAZE3Q.NS,434.04998779296875,650.0499877929688,-33.22821383834758,65886.232,-2.009261580040933,-11.18273440740385,-28.16715137890463,10.234917534722232,-0.06793651439267359,443.4651214702503,461.3633039381522,504.95399963378907,524.9864993286133,485.66650024414065,65,-35.97415275399024,40.04053432737964,False,10
BGRENERGY.NS,255.80999755859375,490.79998779296875,-47.87897230622985,117853.448,0.07433003874330879,-5.167748819798423,-17.20019826794107,-1.040619899963735,-0.06602424200453168,253.2805000403754,251.40010450473497,258.72440032958986,284.14320053100585,302.79469993591306,230,-55.582720981656244,93.26688649435755,False,10
MARUTI.NS,12065.0,17197.28603290768,-29.843581266758314,421678.54365079367,-0.31397174254317317,-10.230654761904766,-13.665115215578648,-0.9737540243118681,-0.06566564301033613,12228.759362023624,12498.074323274126,13234.4222265625,13281.13498046875,13890.748559570313,183,-30.366919657640345,10.827564479510855,False,10
ICICIGI.NS,1553.699951171875,2057.089271774458,-24.470951626146807,785127.8571428572,6.556476043250781,-2.1661120170580195,-10.794052091091078,-8.827355195964193,-0.06546732504799525,1510.57666253612,1516.6438024350202,1578.6760034179688,1681.6540502929688,1768.2068231201172,219,-30.81972692617455,8.42854004371798,False,10
RALLIS.NS,200.3800048828125,316.14924767815444,-36.61854128882732,824741.8650793651,-1.678114876218506,-4.689878402173154,-9.953711417781708,-7.011485251042215,-0.0689649469380788,202.29988010657846,204.42345124320332,211.42260009765624,223.8577114868164,240.9119694519043,251,-37.74775711029057,0.0,True,10
SYNGENE.NS,378.70001220703125,677.034031793237,-44.064848379337526,1270039.3015873015,2.6148285417302297,-8.482352977617447,-13.833899384065695,-2.597661620247549,-0.06624222204669195,381.0484735480928,385.6562350459322,397.52099975585935,420.7201904296875,457.35361251831057,181,-46.76781712997422,1.8374892335727422,False,10
LATENTVIEW.NS,243.75,517.5,-52.89855072463768,1350199.626984127,-4.542786695220647,-11.4441416893733,-9.988917655952378,-2.9464439881827786,-0.0691835989945555,251.4627283601136,257.8482326660793,279.1539993286133,290.81899856567384,328.82224998474123,202,-53.52657004830918,16.420878251868597,True,10
RAYMONDLSL.NS,687.5999755859375,1265.5059964447019,-45.666004150302484,175940.11111111112,6.053829178373671,-0.6645530973665936,-12.463402216939844,-8.890888440238875,-0.06822903742813455,673.3268585394949,677.7568794389014,702.065,732.0998962402343,815.781245727539,251,-50.355825909557254,0.0,False,10
NTPC.NS,326.6000061035156,409.97128898871665,-20.335883298280333,10205294.535714285,0.911482237807415,-0.23327935454406923,-7.436395561214415,-10.932665294069132,-0.0655949243312005,327.68899899835276,329.36563657636066,334.8729437255859,348.83344024658203,354.51844131469727,109,-21.935326681889357,9.255552441664449,False,10
CHEMPLASTS.NS,197.47000122070312,423.8999938964844,-53.4158990176997,468802.47222222225,15.156290028406016,10.534569251160274,-0.287816645502581,-25.260206802482855,-0.0656788486157126,186.1459730005221,182.14437166948306,184.3759994506836,198.35179946899413,228.00779937744142,250,-62.019343638085566,0.2515844680994972,False,10
SJVN.NS,61.7599983215332,91.2873627003548,-32.34551147648265,4525044.035714285,-3.4245542068474966,-5.363168403505403,-15.121040758853987,-1.9905942525248133,-0.06747639030051951,63.48826923112808,64.3717157972542,66.12340980529785,69.35449398040771,71.30253549575805,251,-32.9480036734211,0.0,False,10
ZAGGLE.NS,178.83999633789062,405.3999938964844,-55.88554537976733,1668161.146825397,0.15680935434880805,-5.590453860184608,-13.524491828678942,-4.603405785788972,-0.07001119699521312,180.10487992653265,182.39812280338188,191.50399932861328,202.2847999572754,237.43364982604982,217,-61.92402492986565,11.781094485076938,True,9
NLCINDIA.NS,262.54998779296875,387.4363949219129,-32.23404119122954,3340161.087301587,-2.233487655373201,-2.233487655373201,-18.386214814100178,-2.160695616731634,-0.07050188987534667,265.0404199747582,267.5544466911624,278.2807336425781,302.140397644043,283.9795323944092,96,-34.42495840853387,42.92871501177766,True,9
WIPRO.NS,164.02000427246094,263.220498300555,-37.687222183898164,15986747.301587302,-1.6843478557528102,-7.018134950326759,-2.6390988087861667,-11.589621195958188,-0.06999639896659758,166.18284767006216,169.24515941282266,176.72477661132814,180.21496139526369,199.55551635742188,192,-38.583809123588864,12.21911191269831,False,9
APEX.NS,347.6000061035156,511.1200184186195,-31.992488343741034,907677.7142857143,0.6515129463543712,-8.749869615855864,-13.391424911172312,-3.5693413656678885,-0.07129986648154583,355.62444283077525,362.430104443132,375.9949755859375,397.7429638671875,379.1354161071777,113,-33.90006379542575,13.696819201703825,True,9
ORKLAINDIA.NS,555.9500122070312,760.0,-26.84868260433799,217583.48,-6.664989604606153,-8.259073893229163,-9.351047892943553,-4.973929782600917,-0.0711320002002988,568.8587042157901,574.0815252112862,571.2389978027344,593.7504974365235,596.2604983520508,224,-29.835526315789473,0.0,False,9
HUBTOWN.NS,171.6699981689453,339.0,-49.35988254603383,704842.1031746032,-3.3879251447734404,-7.059719598799019,-17.319272681307897,-0.20926618200667324,-0.07030224711432186,176.18798834501152,179.18534013996202,185.31139953613283,195.46509948730468,205.5309002685547,216,-50.39823188894266,2.1671826625387025,True,9
IRCTC.NS,458.70001220703125,725.6811213920008,-36.79041679806231,1275285.4722222222,-3.6837345485250195,-5.81728869237782,-8.692027383616164,-7.140990956511272,-0.06995835791017424,464.45102038877667,469.2651310434236,485.94366333007815,501.65524322509765,547.7069464111328,229,-38.53695954436037,2.203100264017821,False,9
DCMSHRIRAM.NS,974.2999877929688,1395.1299395484884,-30.164211936539374,131461.83665338645,-2.0804032368875625,-5.260602424812033,-2.7634831351508127,-12.404393726364916,-0.07050963239742374,985.6859238004242,997.1105041738703,1018.1783349609375,1036.0403631591796,1090.7824777221679,228,-32.5138332207488,13.838246243480912,True,9
STARCEMENT.NS,186.61000061035156,271.7552325198695,-31.331588768320216,288455.1593625498,-3.9330756188666327,-1.0970914488992234,-10.162719278978882,-8.182446582039605,-0.06934520268176016,189.4678512832883,190.73280770643453,195.9161996459961,203.75579956054688,210.4853086090088,237,-33.71976927656104,-1.2029722363823825,True,9
BDL.NS,1140.0,1627.0610201098634,-29.935018668013804,1452553.2301587302,-4.698207111346053,-15.439624528637076,-16.663171573272116,3.992452850358519,-0.06959715948700249,1169.2603037830868,1199.6220099733828,1263.13841796875,1282.6445104980469,1321.4598748779297,218,-33.27619844317351,3.7213184013065614,False,9
MUTHOOTFIN.NS,2835.0,4114.708242760882,-31.10082580003838,819309.7817460317,-0.21470900167446239,-8.103727714748787,-5.4148749269056555,-9.529091855065918,-0.07078315663215268,2833.197816503905,2858.816227216113,2930.9899951171874,3045.3189916992187,3310.3422265625,166,-35.08652758797266,8.248898431645957,True,9
CANFINHOME.NS,753.25,962.6932158005569,-21.755966736130784,235841.32936507938,-3.2434168272318598,-6.2888764071477805,-12.421131992135448,-4.028684589506327,-0.06919930397595907,765.4474602249287,778.3785270535446,803.7590026855469,830.7618225097656,853.7973858642578,189,-23.51146102410172,8.06258402211386,False,9
EIDPARRY.NS,704.75,1118.0,-36.963327370304114,306599.3107569721,0.5779916829474985,-11.385639278614024,-1.288607332408509,-11.402352230202094,-0.07166851779231445,708.5891896934977,728.0518344222563,766.2599987792969,758.3500018310547,828.1190008544922,229,-38.93112701252236,0.8194474561842746,True,9
CESC.NS,139.86000061035156,197.1955548334318,-29.075480059127468,2179158.912698413,-1.1799605619650433,-8.065472870991275,-14.080538074102734,-3.4156953387323385,-0.07321530188118514,142.33366069799231,144.85769317018878,152.25301086425782,159.5894024658203,157.78742347717287,104,-30.20633502663559,29.46770992958223,False,8
HDFCLIFE.NS,531.0,785.6996289453043,-32.41692111872373,3474464.7182539683,-3.6210203766244065,-3.1021897810219023,-7.788482675596519,-9.770977545793292,-0.07227475814863094,541.5778056569831,540.9784604279399,543.3870007324218,563.1285382080079,622.0370260620117,210,-35.25515432788324,3.028514635780044,False,8
ICICIPRULI.NS,463.0,704.3556293706895,-34.266160346632,1505151.3333333333,-5.894308943089433,-9.215686274509805,-5.113231188207301,-8.820176943709402,-0.07494608283156855,476.9047330420973,482.02085919320535,496.72199768066406,499.0426083374023,553.6344139099122,177,-36.77199591612321,8.06375745810104,False,8
ERIS.NS,1258.9000244140625,1730.7126256991257,-27.26117521067215,105255.18,-4.722623333693643,-4.061875380365043,-12.179977369092255,-5.61148472989389,-0.07183224512127605,1290.3143150824187,1306.509430536683,1346.8799951171875,1374.4450061035157,1390.6194073486329,199,-31.0344839039846,6.5977497580480104,False,8
IVALUE.NS,225.22000122070312,340.0,-33.75882317038143,395380.28685258963,1.4367438899899332,-18.027297098925153,-15.184155316240322,1.2679889395731392,-0.07509836049828877,228.9378029748833,235.28707152431446,260.1213986206055,260.2390000915527,253.66949996948242,213,-40.9176456227022,13.14528543219593,False,8
BOROSCI.NS,115.55000305175781,180.8000030517578,-36.08960116074822,139196.46215139443,-3.353960010638779,-8.213516870301019,-33.40825253189752,12.032192879142967,-0.07187697983036151,119.25029439609442,122.81465102364155,134.2836000061035,142.09450004577636,127.30114994049072,64,-36.90265491953731,48.67021011991817,False,8
BUTTERFLY.NS,566.7000122070312,823.8499755859375,-31.213202767411186,77993.89243027888,-3.260494363937705,-9.725207135478897,-11.370035882255802,-4.119782774526803,-0.07330014737977011,576.9418246351071,594.1350445405267,652.84,665.5424987792969,643.7684988403321,223,-32.05680444404998,10.492194899653917,False,8
FRACTAL.NS,750.2000122070312,1118.0,-32.89803110849452,622659.5483870967,-1.8512414248537334,-10.717047044685357,-15.441839282575497,-1.2179866813246454,-0.07448280008724953,760.4398180510166,775.275758870343,806.1310021972656,871.6755017089844,,98,-34.257602862254025,22.702180171516993,False,8
SAGCEM.NS,152.63999938964844,270.6000061035156,-43.592019236223756,79884.088,0.5599882344768936,-8.964035870121833,-12.995897591470108,-4.3609062955504925,-0.07379940146237907,151.84292852133464,154.06161997153671,164.81399932861328,171.19079956054688,181.2348496246338,249,-47.7014038875063,0.0,False,8
GALLANTT.NS,545.0999755859375,944.5255741327327,-42.28848953227649,943969.2430278885,-0.008206769386753798,-5.156422188312371,-20.944276223642213,-0.2724860753161251,-0.07424382411820263,546.3239452790838,552.4518368894145,570.7207556152343,630.0145623779297,620.7197131347656,116,-45.875531670657075,60.71770411654218,False,8
HAVELLS.NS,1096.5,1546.338945569448,-29.09057854736966,910013.4444444445,-3.1702599470216586,-11.64383561643836,-5.417066003887971,-7.444508867009947,-0.07248716465960209,1105.5643023729922,1132.8975126791977,1209.0419995117188,1195.6783618164063,1265.7434729003905,251,-30.08648080141212,0.0,True,8
DOMS.NS,2083.0,2750.437480198048,-24.266593405714808,118912.416,-1.0592337581779798,-5.333246640216394,-6.483116259065103,-10.743706895126815,-0.07414990339631333,2117.086293543468,2143.3662717993734,2204.15716796875,2227.1932397460937,2307.16123046875,159,-26.537202663272673,-2.4637333982421628,True,8
NITCO.NS,87.95999908447266,120.0,-26.700000762939457,880413.812749004,1.103447223531795,-9.840097083187615,-18.472518693042073,0.11381569932440438,-0.07353904022467204,90.06117487725271,91.46691430323801,96.4125991821289,99.53699951171875,92.32919971466065,247,-46.666666666666664,4.5442525744914475,False,8
STUDDS.NS,410.0,596.0022160423393,-31.208309471977856,176000.64732142858,0.7123541766164809,-8.328675237562887,-12.021713248207655,-8.032500174044998,-0.08414013673931225,415.44335790660216,420.1864576714301,432.1296643066406,447.3127017211914,474.730731048584,216,-32.45830687240733,1.9900120509422914,False,7
LUPIN.NS,2092.0,2523.699951171875,-17.105835064561305,970111.4206349206,0.4320691310609748,-3.0628837711483503,-12.890922230674528,-8.934324727711584,-0.08010376401410564,2101.966205675205,2121.7033435826697,2233.97,2277.0984375,2249.335168457031,48,-19.423860231254974,11.784392410319056,True,7
TIINDIA.NS,2511.10009765625,3333.3831842009567,-24.668123678130804,374776.1031746032,-3.419227013221149,-12.505223078179439,-17.0610810809939,-0.19192170510470286,-0.08038060323298053,2577.4460981984535,2630.8220678300177,2748.0644384765624,2897.1950634765626,2748.9483947753906,67,-25.541113552027518,6.927252724692501,True,7
JKTYRE.NS,345.8500061035156,605.8045982960336,-42.91063371319742,1294607.2341269841,-1.0018605807503356,-8.686467035375411,-11.348855714107586,-8.288306893931118,-0.0855745893695484,350.3651966244727,356.85795943464234,376.93720703125,382.4612158203125,424.9732710266113,157,-44.115645746958776,28.784329403722797,False,7
NUCLEUS.NS,679.5499877929688,1047.2047100200728,-35.10819983039008,42467.704,-0.9763223616803263,-8.181325468228973,-8.843278926255206,-7.999742188497394,-0.07586777883089346,688.95395798947,699.9241918949116,716.0920007324219,735.4509020996094,784.9304879760742,222,-36.13951564568675,2.740683522258447,True,7
VINATIORGA.NS,1206.4000244140625,1837.434362046269,-34.34323155519154,56112.119047619046,-2.307879134873503,-7.874348616655769,-9.0947815748868,-8.28479294165817,-0.07848009285947813,1231.7072529255117,1257.178356400648,1296.249921875,1307.2771020507812,1376.34154296875,249,-35.2357817737364,3.5399743650595727,False,7
ICEMAKE.NS,663.7999877929688,917.0517088569006,-27.61586054723224,32514.282868525897,-2.8684258542541308,-9.273284422193894,-12.515229415774431,-4.299185077440082,-0.07615742325572555,689.7509586724588,706.1538585093192,761.3006530761719,768.9903369140625,770.7855151367188,87,-29.393294429699623,21.76333934903363,False,7
NATCOPHARM.NS,839.2999877929688,1224.7250830949197,-31.4703357204026,1047657.9404761905,3.184160634561506,-2.133860577650515,-9.725975408943356,-13.701295620465437,-0.08506666922943133,828.9424663988046,835.3514659489317,875.6266149902344,932.1847100830078,942.437043762207,98,-34.59756715557363,16.31156883122791,False,7
BIKAJI.NS,573.9500122070312,766.9994067456643,-25.169432054417207,179955.52988047808,-1.0857368018903468,-6.201995537321814,-11.629207554241027,-6.795313280383586,-0.07555860366079141,569.4952639011539,575.2194921828813,604.1430041503907,628.2717919921874,647.8455044555664,187,-30.54101537569259,3.02165943943431,False,7
TMPV.NS,290.45001220703125,733.6144341409002,-60.408356394028296,11525581.404761905,-4.394330520854117,-8.085439174990105,-17.53265129465752,-1.1278272426091251,-0.07767447172524339,299.95096202401675,305.0971429333071,320.7609991455078,340.621396484375,344.14667770385745,246,-60.74232095265919,7.797672652607401,False,7
JWL.NS,226.72999572753906,358.25,-36.71179463292699,3585919.8095238097,-1.4774297497646138,-8.206479462534787,-15.33606943148188,-4.775308729321647,-0.08299983188656643,231.2257497372564,235.55953009763283,246.25580078125,259.3768998718262,274.88700057983397,191,-37.4738311235171,3.800985031203652,False,7
CROMPTON.NS,218.60000610351562,306.8101698068928,-28.750730055296703,3326592.8134920634,-3.751316131050375,-8.112647451923271,-19.47989100743929,-1.0603803529214306,-0.08265780546890049,223.8959814248806,228.33568522393946,241.83271911621094,256.3337644958496,252.6745435333252,95,-29.109259925479293,22.172786176296142,True,7
CELLO.NS,338.5,670.829945323981,-49.54011782575991,419392.792,4.977511919789834,-3.3961170387462603,-8.133299199327881,-13.596271884930966,-0.0805997072954102,331.37330502530483,335.77627913033143,349.15160400390624,363.98770111083985,414.57287963867185,226,-53.10286782865994,12.479731781246839,False,7
IRFC.NS,79.94999694824219,135.7285614195044,-41.09567204419419,12661229.111111112,-1.9018442352856546,-5.552279377336866,-11.686735859621166,-8.345759633761086,-0.08144964910386722,80.45079856895636,81.4747842730617,84.99579986572266,90.06650009155274,99.29605087280274,188,-42.41447574137651,1.9362700730608084,False,7
VIKRAMSOLR.NS,160.30999755859375,354.3999938964844,-54.76580126425786,2611482.1825396824,-3.089106919909801,-6.80192856338776,-10.770347160800252,-9.77092406667559,-0.08808770179578844,163.20020399933512,165.3895168895063,171.0181997680664,185.05470016479492,198.64320022583007,236,-56.15688274300676,0.22455089820359042,True,6
FLAIR.NS,237.5800018310547,344.31560429688966,-30.999350925089388,132967.9203187251,0.9990248464050389,-4.182292899705963,-8.441446026058063,-16.075361637652463,-0.09699134558179094,239.16255084545807,240.7644004357279,246.90529998779297,265.7552952575684,287.20954780578614,100,-33.7816825160777,12.874097722138544,False,6
CIEINDIA.NS,390.79998779296875,518.5450350593709,-24.63528500504801,369583.78,0.9427854717880546,-0.9378991652804203,-14.63521227315966,-11.226423491615067,-0.08974434364471204,387.19889470891115,388.6844496157797,402.6769989013672,431.0399984741211,434.27832275390625,148,-29.244333839880255,24.69696810983053,False,6
BSOFT.NS,274.04998779296875,467.1017114386881,-41.32969734816726,1703397.4325396826,-2.26462419462814,-4.82723522305969,-2.865089747414429,-16.374304948311714,-0.08601158367623765,280.4473005795635,284.4012271346811,295.9539971923828,301.32602142333985,346.39044921875,157,-42.99578038947423,6.969524371513258,True,6
ZEEL.NS,76.87000274658203,115.58836251075492,-33.496762929373915,19393593.85714286,-2.2258966406307867,-24.306039496819288,-23.962343662716734,9.102551691443338,-0.08631479985664621,78.99570185474485,82.70116462362262,93.22276092529297,95.72407905578613,89.93288230895996,68,-33.695747802883304,23.55852265541525,True,6
CMSINFO.NS,233.1699981689453,386.0274005660562,-39.597552446527494,693918.3333333334,0.9699933158136664,-1.7467834043745856,-15.980550367312919,-11.235478277275657,-0.09540713770397688,232.4075340350699,235.0107071754124,249.8065951538086,269.31705612182617,289.36360450744627,251,-42.75276698775461,0.0,True,6
INDIASHLTR.NS,654.2999877929688,911.9719209725083,-28.25437135221921,137238.8875502008,-4.040476465412213,-0.7132036732976132,-14.67692395855802,-12.054974239695493,-0.09771755264646348,662.4845926979026,665.7457851573212,689.4459997558594,733.6410186767578,749.8408129882813,213,-31.999000171765466,6.261565978933303,True,6
CAMLINFINE.NS,97.30000305175781,228.0,-57.3245600650185,1151850.1474103585,0.0205636027055478,-5.478919036220875,-27.050532696227247,0.3817215984907696,-0.09056198616445485,98.68883376706566,101.1434579441647,110.98079971313477,119.85739967346191,128.75819999694824,250,-58.04824494478995,0.0,False,6
JKLAKSHMI.NS,510.3500061035156,874.9722477555258,-41.672435050064415,162470.4484126984,-3.743871302621671,-6.220140636571314,-14.8023736316944,-7.50473755373754,-0.09061022368579766,511.775285524551,516.9222285055641,541.3140014648437,568.1636248779297,630.7888851928711,226,-43.40391784112973,1.3705760971201686,True,6
SAMMAANCAP.NS,140.61000061035156,192.9499969482422,-27.12619702809871,16429921.607142856,-2.2998871600235837,-4.56766383521916,-19.012783916135547,-5.959071299833052,-0.09230985177820072,143.45389256719497,146.15444105824156,153.5682000732422,160.2679002380371,153.06990013122558,226,-33.14330031598624,39.23465110831761,True,6
GPIL.NS,229.4199981689453,318.68479368531104,-28.01037177961847,2301897.301587302,-1.7346995462296122,-4.539592884361898,-9.889767220695344,-14.29805980206883,-0.09767542618531476,235.0686954313448,238.19134431905582,241.6143933105469,256.753653717041,261.3089739227295,92,-28.653123700973737,21.99840010746623,False,6
ACI.NS,482.54998779296875,713.6284165597559,-32.38077736320605,204689.37450199205,3.296584415646353,-0.2892911207249993,-7.6105688165852055,-17.468752616257888,-0.08998871474059081,475.8680204253005,480.483010042039,507.535,521.0880895996094,542.8517709350585,250,-37.50248873915827,0.0,False,6
ANUP.NS,1677.0999755859375,2507.7248616944585,-33.12264829353215,39778.075697211156,2.3683040713797343,-6.895024142312578,-27.594722154530327,0.9077197826108607,-0.09057503154639296,1674.5632747166342,1709.5581081115,1861.455205078125,1961.017021484375,1934.6397064208984,244,-43.64896981419949,5.417872999897955,False,6
INFY.NS,1000.2000122070312,1691.3991593070652,-40.86552504751187,11213332.63095238,-4.8696985940783755,-9.956790759756885,-0.01999322292584038,-18.291720005261315,-0.09801013980341491,1034.945953183972,1058.8458803165527,1106.2679968261718,1106.7754821777344,1249.4802270507812,163,-41.91790749047472,2.462568892644179,False,5
SYMPHONY.NS,588.7999877929688,962.0339215323946,-38.79633819407458,116258.30158730158,-1.6453747965240018,-1.7110425187993439,-12.801745321123336,-13.70754790904768,-0.09830288743368343,588.572926741222,593.2069497212507,623.1191674804687,660.5503045654297,744.9840734863282,163,-41.57170937480193,6.518488308863524,True,5
LINDEINDIA.NS,6142.5,8035.3727195912315,-23.556750702754258,41230.6374501992,-1.5861571737563085,-6.207054512139254,-15.840284235995671,-10.09764891641991,-0.10191171457170146,6226.840433913257,6300.233255535639,6577.774921875,6857.7500830078125,6726.243100585937,101,-25.02525756756093,15.668065158633059,False,5
VESUVIUS.NS,389.1000061035156,606.1323605842241,-35.806099227488964,145448.72509960158,-4.150758861148218,-7.883519951264351,-15.034393332953933,-10.36298549493615,-0.10647292074228332,398.5478870162926,406.96143418214973,429.9049981689453,448.9699981689453,466.83246994018555,150,-36.05356992820427,15.959988192283658,False,5
UGROCAP.NS,82.0199966430664,192.5,-57.3922095360694,496399.62,-2.0539781043477756,-5.778295499542585,-15.625967065596392,-11.300967275533102,-0.10569233940235453,83.21521250249205,84.56066407641103,89.68679946899414,93.5122998046875,111.95625003814698,243,-58.37921935242492,14.572654949332332,True,5
AURIONPRO.NS,669.7000122070312,1235.2944216929336,-45.78620283177288,197337.45238095237,-2.033951088782482,-2.375700650365109,-21.645452181107526,-7.319560007237147,-0.10099994896178388,682.5588434436524,687.8440368479042,716.86017578125,770.473140258789,852.0417459106445,225,-46.48482208535667,1.9123749965717307,True,5
INDIACEM.NS,323.1000061035156,485.79998779296875,-33.491145693233385,510441.32936507935,-6.2934983926051125,-12.450882863930712,-14.308442762522,-6.020937296227702,-0.09820434159294335,338.83370691539704,347.13095804196587,371.1069989013672,379.3654995727539,398.5190005493164,180,-34.29394396299094,21.402170097394844,False,5
MHRIL.NS,200.0,363.95001220703125,-45.04739846354753,190584.40873015873,0.35626812072184766,-5.316477751589977,-15.987565298208505,-11.58266901048506,-0.10457005931902387,199.716932821161,202.5877594166248,213.57100006103516,221.14189956665038,250.83410018920898,249,-48.286852479399066,-0.1717651322373115,True,5
PFC.NS,338.0,476.82888450136187,-29.1150324600282,7204240.853174604,-1.3282697285392109,-5.01616012290389,-18.72369391643519,-9.129020305782976,-0.10404775294678446,344.2707187094348,349.4392267850929,372.3288641357422,395.10614318847655,392.766649017334,108,-29.471557046161234,15.693772743565205,False,5
ABFRL.NS,49.13999938964844,91.58000183105469,-46.34199780831943,5514173.079365079,-2.03349374175944,-8.389261840425045,-15.363420207816237,-8.81425135238063,-0.10015928345558077,49.59978746857608,50.7567506379336,54.59780006408691,57.980400009155275,62.6581999206543,251,-47.717842202663974,0.0,False,5
VOLTAS.NS,1118.199951171875,1577.544205432766,-29.11767877432503,968283.6825396825,0.6571182462312697,-8.156061505390145,-12.476520621484665,-11.870465286880805,-0.10056642777652623,1129.4155136639647,1152.0919661903774,1230.1580029296874,1261.2474426269532,1334.347998046875,145,-30.854549427419244,12.786243352638337,False,5
THERMAX.NS,3447.199951171875,5256.332008959298,-34.418146622089296,199379.35856573706,-2.947716829035296,-13.008807286747837,-32.91445403678335,6.151403052076376,-0.1031030813045755,3522.0994065963855,3629.0138386665576,3963.2359912109373,4323.7735913085935,3781.090225830078,64,-35.77270244258383,22.615918458359374,True,5
UBL.NS,1251.300048828125,1830.970927725064,-31.659207151757773,155327.46825396825,-0.015976921444271763,-7.077077713175006,-5.743888269545449,-18.16855761151003,-0.10407602760247074,1248.3189268700316,1265.4331626157557,1334.4241357421874,1333.7837890625,1437.077802734375,229,-33.89299600087291,3.190532556452541,False,5
INDIAMART.NS,1642.0999755859375,2455.004088492464,-33.11212868104442,112699.26190476191,-0.2551219776235292,-6.454372066329639,-13.86382949241508,-14.937033115355025,-0.11450348704894817,1655.430018842611,1679.6303241441658,1740.3760034179688,1845.034451904297,1969.5693823242189,219,-34.05306298311813,4.360463208932308,True,4
RVNL.NS,207.0,398.20450175980454,-48.01666001132714,7006549.198412699,-3.401928934870413,-4.1666666666666625,-11.951317200883139,-16.825470943869313,-0.11489109764633042,207.77662062156315,209.4602681105618,218.03082427978515,231.7524493408203,269.3974154663086,188,-50.99251941300299,10.873176469302415,False,4
NACLIND.NS,139.6699981689453,245.0,-42.99183748206313,722908.4206349206,-4.824532763921418,-20.097256447078326,-36.73219711707305,11.450685053515652,-0.10941289679523461,145.50839607659026,153.13342026380218,171.39719970703126,178.3566993713379,165.4950777053833,54,-43.918369838169646,50.84104236347855,False,4
MOIL.NS,241.8800048828125,398.6210131186603,-39.32080925929251,1142746.0238095238,-0.8200754305220825,-7.3079158582637245,-13.024092206319892,-14.6054704738526,-0.1129300656614196,244.50824063249974,247.74492456138742,260.86359924316406,275.3312997436523,296.58333061218264,245,-41.28257421067778,9.32556233967443,True,4
NIITMTS.NS,212.0800018310547,437.79574031188224,-51.55731719089579,242103.10756972112,-2.3392898072330692,-7.715067192852876,-8.898039150139992,-17.987392874899644,-0.11641311314295737,219.39861548589607,222.75972027222628,230.28388366699218,229.20741271972656,289.1460401916504,188,-54.20139335924312,32.52463412320239,False,4
PASHUPATI.NS,79.69000244140625,118.27621080086024,-32.623811752323526,78210.02777777778,-0.6482467888232812,-5.263493959249921,-9.612656253745355,-18.38727416523589,-0.11356230012950275,80.19197903610306,81.09794023975732,83.67997848510743,86.61625572204589,87.84889095306397,115,-42.754541358633034,10.395737924057435,False,4
ABLBL.NS,78.72000122070312,149.99351685072722,-47.51773085029743,1728491.888888889,-3.018352844043215,-7.627317421841228,-17.753053535028563,-10.304875976222327,-0.11275165219770067,80.84017771329106,82.63024115765803,87.71307342529298,93.18370498657227,100.76120826721191,245,-48.144426230966275,8.208571244324926,False,4
FIRSTCRY.NS,180.8300018310547,389.6499938964844,-53.59168364850673,3231692.4682539683,5.0421192229548994,-3.9466657243057868,-19.015626643272,-13.20437505538763,-0.11271559237702318,176.2305060232767,178.41693135712833,193.83699981689452,207.6127993774414,230.11614936828613,244,-58.07262987906299,-0.21125383806681608,False,4
AFCONS.NS,252.5,476.09320955207187,-46.96416690387951,1263247.1626984128,-4.138190641252648,-11.41904549619197,-18.57365327354006,-6.386686913164496,-0.10824398910691475,259.7674515220311,265.6491458896992,275.20317321777344,294.29474975585936,311.9785137939453,241,-52.666830447858274,4.463990280720687,True,4
IRCON.NS,105.94999694824219,183.78538352585957,-42.35123875706118,3418815.5317460317,-3.550297296360627,-13.33069089224701,-18.64048647407882,-7.536704965444807,-0.11627995836487034,109.26800758048313,112.38640663412177,120.52670776367188,128.12195449829102,138.49563320159913,189,-42.998730298108725,3.7684391725042454,False,4
SUZLON.NS,40.79999923706055,61.5,-33.65853782591781,70687773.92063493,-5.424200708610538,-12.839141123502873,-30.730054023624696,3.134473763205481,-0.11075474997366845,42.51385758789662,43.74754286752853,46.75919982910156,50.96859996795654,49.454999923706055,224,-37.90244125738377,5.243646279498249,False,4
IXIGO.NS,156.8000030517578,339.1499938964844,-53.76676813397896,2269639.9007936507,-5.342584467740441,-3.70324799575531,-20.264425162252188,-10.369268970214051,-0.11501943182686383,161.16330834987613,163.44519398731285,174.54779876708983,177.89279907226563,188.52289909362793,237,-55.397314759017306,20.16114155522606,False,4
PFIZER.NS,4000.800048828125,5489.439888599995,-27.118246487466813,32833.8047808765,-0.039972355453243846,-15.602056129271958,-8.417607977877973,-13.348068900736754,-0.10988918415057809,4069.386627285441,4212.88297715726,4580.75,4548.8397216796875,4659.443879394531,239,-27.943468181253827,11.10107139791392,True,4
EUROPRATIK.NS,213.14999389648438,389.6640172803993,-45.29903084607804,312378.438247012,-8.025892601301244,-16.099196482568367,-24.307532217122596,-6.819674799351095,-0.14042558141521014,226.5453135647601,239.23298562394646,272.51399993896484,273.92599960327146,266.094390335083,216,-47.41025562751934,56.66160066609771,False,3
SHARDACROP.NS,749.5999755859375,1282.80960014975,-41.565765059878544,380098.1474103586,0.8747140645341434,-5.478849111132478,-13.822046075638772,-17.115922410741046,-0.12001281202761133,752.1557786192483,761.5727937489047,792.6573596191406,852.2493176269531,921.7419030761719,154,-42.781843859422644,37.71639263665199,True,3
HAPPSTMNDS.NS,310.5,546.5890454582147,-43.193153507183325,1510798.4722222222,-3.4364758863195233,-26.115407495538367,-8.077931614690092,-13.169860477310158,-0.13258052763070716,322.00538468405483,338.3328998450321,375.4510009765625,366.7221331787109,383.88154235839846,251,-43.61394272937504,0.0,True,3
WAAREEENER.NS,2495.0,3713.7978498601774,-32.81809886087539,1302959.9801587302,-2.5657028322200848,-4.841468869780141,-15.271123996253511,-19.70673826459255,-0.1368889656189111,2518.5160995193123,2552.305813891725,2633.9240380859374,2816.1633349609374,2892.652972412109,236,-35.346134230050616,2.61820961444561,False,3
TCC.NS,50.75,105.27999877929688,-51.79521220703139,1230734.9722222222,1.8054193649496897,7.9098475808183855,-20.765031097672683,-23.349946078006035,-0.13806976307845573,51.051729943921494,50.63757874170435,51.76171974182129,61.06565986633301,,143,-62.60448386362747,0.0,True,3
ASALCBR.NS,644.9500122070312,1273.3313070480908,-49.34939487962554,60065.156,-2.2136268449936547,-11.146609770150317,-24.56167091350472,-5.843475170846402,-0.12156575980919407,659.579405275606,675.7950458820869,722.6827453613281,780.8157751464844,815.2874639892578,224,-49.961960340774155,23.189448800578116,False,3
CAPACITE.NS,191.13999938964844,314.25,-39.17581562779684,486527.3611111111,-2.3350912919338884,-14.348451221995406,-24.66795309652753,-6.018293440506484,-0.12910902678753322,194.6970366729812,198.6913241944511,209.01580017089844,221.74720092773438,230.25665069580077,217,-42.720763723150355,2.8825225163668255,True,3
ICRA.NS,4377.89990234375,6491.783331156644,-32.562445802334906,14205.844,-3.6702155433881334,-9.407141182747026,-14.738192357500267,-13.13917038333633,-0.1192557565147283,4554.7892370910695,4667.129103997914,4878.549638671875,5018.317495117188,5310.841940917969,249,-32.76115702983133,0.0,False,3
HINDWAREAP.NS,173.67999267578125,392.70001220703125,-55.77285783627192,208509.10756972112,0.9297947627275205,-8.991827704569245,-33.24621509532844,-4.6918746925403765,-0.13556000470255777,175.38097852632865,179.9716179363444,196.60179901123047,216.7546992492676,223.11794998168946,235,-57.47389997228783,10.573092641943216,False,3
SOLARWORLD.NS,134.75,388.5,-65.31531531531532,532572.125,0.8909871691815452,-8.92809280511415,-26.51068959890006,-5.815339972244726,-0.11975862712672586,137.44055754607953,141.5696967389602,159.4254006958008,179.60350021362305,198.34980056762694,247,-67.01158206895512,0.0,False,3
AGIIL.NS,264.54998779296875,434.0773702031007,-39.05464648636525,1815049.638888889,-2.1088531858758475,-8.328735022001045,-27.49647906731394,-5.6498174985459055,-0.12385503042600338,269.64189564387107,274.473580683574,291.1066064453125,328.394909362793,312.8984365081787,104,-41.1141758128958,33.743836534494044,False,3
EPACK.NS,180.32000732421875,368.29998779296875,-51.039909502907335,1543233.634920635,0.8275615167939732,-8.401906550264982,-22.509664938102237,-8.883267869862188,-0.11903831787749143,182.0020700083915,186.36616223112156,205.92060119628906,220.26090042114257,237.368500289917,249,-52.47352726372409,-2.7574797099967463,False,3
BAYERCROP.NS,3717.60009765625,4992.8592352646965,-25.541660149384093,28002.948412698413,-1.637780191658944,-8.611318200963403,-9.084146044608765,-18.85169258172471,-0.12151962505431091,3811.2519665385385,3884.5984470746193,4049.9738623046874,4136.5985034179685,4328.690264892578,116,-25.894165534113156,2.031911984631374,False,3
GUJENERGY.NS,236.02000427246094,428.25011030596914,-44.88734536370972,1031187.7529880478,-3.5235428133966185,-2.311805937341227,-25.221702916641362,-20.402800407274334,-0.16542346506710054,239.03255116997468,243.28994865535074,253.1098291015625,297.82841705322267,336.3323793029785,181,-46.4098211589413,8.501674377227687,False,2
AHLUCONT.NS,585.5499877929688,1076.649454434594,-45.61368276543898,101527.98809523809,0.26634150511795074,-7.908061371133169,-31.495994397805106,-10.542869930904587,-0.15220924415418205,585.5895268144153,605.5351640323993,702.997158203125,761.8953509521484,803.3432077026367,216,-48.133033072293266,5.947411030677152,True,2
OSWALPUMPS.NS,274.95001220703125,790.0,-65.19620098645174,645761.7301587302,-1.1326838645634107,-7.858573112969958,-35.05373609471457,-5.287625295005016,-0.14316153955466712,278.1449150020385,282.675508646866,305.222001953125,352.0170007324219,376.1137501525879,241,-66.27215035354035,3.739699064482105,False,2
TATAELXSI.NS,3186.89990234375,5845.177388781378,-45.47813196464572,314970.42063492065,-2.442833747234674,-12.283938534243688,-16.78460602720143,-18.4214910854822,-0.15105049323925512,3281.6335799800686,3377.1252467130626,3558.013994140625,3777.4554736328123,4251.360767822265,180,-46.21206866990445,6.096875295485105,False,2
GODIGIT.NS,253.6999969482422,374.0,-32.16577621704755,546521.9920318725,6.150626338176646,-1.5712911936984764,-21.394268954843632,-22.094272469451724,-0.14955185279155808,249.30561796476675,252.0617024548151,258.9699993896484,282.72949951171876,305.7925,228,-38.061498958159255,4.3081329824580905,False,2
MEDPLUS.NS,654.9000244140625,1022.2000122070312,-35.93230125285673,201638.564,-0.7200788030318317,-4.859439581355652,-19.22293870933549,-20.88190583943672,-0.15163539745149648,658.1990740112019,663.1089914497929,681.4910009765625,770.3375030517578,804.1270013427734,91,-36.90080294487758,16.244217986107557,True,2
KALAMANDIR.NS,77.19000244140625,219.27654356882928,-64.79787523776939,1382654.5634920634,-1.3672369864769829,-10.742368819279779,-28.280538062832317,-13.035778214523164,-0.15983670167162614,79.31199780948006,81.25715067221348,85.05000213623048,94.44053977966308,104.30379573822022,230,-65.08974384315333,29.642823499827166,False,2
KITEX.NS,117.68000030517578,231.73507903347866,-49.21787379105663,1275539.7936507936,-1.5230122969240312,-9.001995819575082,-26.22213172512531,-16.927937892934164,-0.1659051506831868,119.89081051204113,122.4183946874187,131.49622039794923,144.18948776245117,158.5598115539551,232,-50.59444675304026,11.283131677799574,False,2
BHARATRAS.NS,1096.800048828125,2986.2093471005855,-63.27116014511688,23969.446215139444,-6.160164013698443,-13.77698192096739,-18.84667624912637,-12.831740743633235,-0.1415811195775453,1134.4222228528467,1164.8138240689052,1248.2289501953126,1320.8383471679688,1523.5336322021485,231,-63.495527309752966,16.861968182512754,False,2
KPEL.NS,222.42999267578125,462.1511934657059,-51.87073065683065,329484.43253968254,2.6694951096808195,-9.077333253495478,-34.72970212612005,-10.87868774283085,-0.1631890287469937,224.17433618347735,230.65711797672415,261.4412322998047,303.8061575317383,309.69635665893554,225,-55.36141031621178,11.256363874401387,False,2
EUREKAFORB.NS,370.8500061035156,668.2999877929688,-44.50845236010981,206540.35714285713,-3.7503197890619844,-14.383005580246511,-19.116683510683618,-15.782899747175716,-0.15299798047030871,383.53666322202815,395.343199544472,424.79200073242185,444.2520001220703,484.02250091552736,208,-45.20424676104056,14.238084330355093,False,2
KPITTECH.NS,519.4000244140625,1271.2449225520793,-59.14241109641214,1947953.0436507936,-2.368416463522083,-11.666662514615222,-22.00345225587681,-17.48156271923892,-0.16163834913733863,536.0026643895144,550.9356495079873,579.9740576171876,636.0712249755859,766.1414273071289,204,-60.05490533063147,8.483558211681386,True,2
GODAVARIB.NS,236.52000427246094,353.0,-32.99716592848132,328240.4541832669,-1.8629892272984727,-1.0997238934331022,-17.846471244628546,-21.85031916658222,-0.1450031274143792,238.98240515436447,240.24002154385775,249.83619873046874,267.1010986328125,277.8870990753174,109,-36.54390934844193,15.145223355527882,True,2
VMARCIND.NS,322.45001220703125,1708.0,-81.12119366469372,116774.09638554217,-7.007927265456015,-15.411856799231327,25.08971771579933,-50.91711603387347,-0.16623095185201459,333.05620071888734,338.9710014806235,330.9260009765625,688.2716683959961,696.8235844421387,71,-85.48009367681499,74.24607841132197,True,2
AVANTIFEED.NS,753.1500244140625,1575.9303166617983,-52.20917978090449,885437.6852589642,-2.750337330651975,-10.811769373340363,-18.308660422929567,-35.23043472144742,-0.2202215962319111,768.8463507722813,789.0460580088633,853.4157885742187,967.4038739013672,1037.6355630493165,113,-52.58673532026583,7.660600750629398,True,1
VEDL.NS,266.3500061035156,795.0,-66.49685457817414,17146495.246031746,-0.46711508650580935,-5.213520959602979,-5.1291162587655865,-59.32345585386163,-0.2635753291974551,265.58359970721756,266.9465515802927,269.4050018310547,286.43050033569335,463.9402239227295,113,-68.59119535242237,16.67258081966352,False,1
JAINREC.NS,286.8500061035156,593.9500122070312,-51.704688911845786,2632715.3536585364,3.8371062818156165,0.6314746141488081,-17.72550950088857,-37.16319691051137,-0.19672926063459795,286.45606219170725,287.33102279921366,301.91500183105467,341.7645007324219,379.018250579834,100,-54.37326468047308,35.44258406599867,False,1
GRMOVER.NS,80.62999725341797,185.4499969482422,-56.52197434334752,2187173.896825397,-1.2371412834166873,-8.124435630419136,-11.112338146611378,-47.207490663944675,-0.23965298963986778,81.89034434432666,83.63835066794722,87.48239974975586,104.1267000579834,132.94283336639404,190,-57.54111665704404,19.588496279065872,False,1
CEINSYS.NS,687.4500122070312,1243.5070930396275,-44.71684029347761,81351.61842105263,1.7916690691512471,-4.954032177897405,-23.711374212217283,-22.5571090028819,-0.16947895393482304,694.391444628117,703.3381026874154,760.9628137207031,845.8942059326172,,114,-46.795741409983194,16.422640551164513,False,1
KEC.NS,396.95001220703125,882.7184042406384,-55.030957743708896,1075932.3373015872,-1.805810214710879,-5.802084016038023,-22.996440513428972,-21.46028678653955,-0.16824044693323204,400.49525507599117,407.1189717156048,433.49502136230467,469.03051025390624,539.4037745666504,239,-55.914593824374606,-1.3522879338062843,False,1
RAMKY.NS,312.1499938964844,702.8017194352399,-55.58491317475389,206361.868,-2.2545833942139937,-13.679844463003088,-22.010863929594436,-29.894463334610442,-0.21522471744744526,319.85572040197246,330.73845559203147,361.0226354980469,393.41636840820314,443.8979959106445,242,-56.19148847740537,5.430647790805843,False,1
RAJESHEXPO.NS,67.44000244140625,237.8800048828125,-71.64957076798892,462545.84126984124,-4.786106596092344,-11.79701379946546,-26.551946563328332,-16.098526068886464,-0.1724300781605541,71.27313399423221,74.24228322307928,80.35380004882812,89.87720016479493,118.63089984893799,192,-71.99848695010502,27.94387196124408,False,1
PGHH.NS,7037.5,14166.08056390996,-50.3214741138138,12574.486055776892,-5.991183542612877,-12.486051189296642,-21.941683297097335,-23.942751046758147,-0.1925593399995308,7329.632983925803,7532.435292280172,8078.6951953125,8629.77453125,9879.037749023437,243,-50.508540676653446,3.5760892616257145,False,1
MIDWESTLTD.NS,929.5,1859.9000244140625,-50.024195505195124,108052.27586206897,-5.230422964054659,-16.591889838774964,-25.723191476265495,-22.145909959573352,-0.20416741690869447,983.3049548062925,1018.8814982756312,1116.9959985351563,1201.6100024414063,1292.5145007324218,179,-50.22313158554691,55.0373405263412,False,1
PNCINFRA.NS,135.4499969482422,309.6635216044026,-56.25897546909624,613625.6547619047,-2.041774140757202,-31.4134361919841,-40.40628064030925,-15.26964549244033,-0.24716607041541447,144.72106423061464,159.14336014596958,199.2421923828125,210.1517543029785,213.16098999023438,249,-62.57234864546055,-2.5124767083255617,False,1
POLICYBZR.NS,1166.0,1964.199951171875,-40.63740815672332,2056717.5856573705,-33.103843947217435,-36.558029027083215,-28.404763755415342,-18.33590417951021,-0.26477780998567074,1601.638874845462,1685.600287777871,1705.3479956054687,1671.3740002441407,1642.6840026855468,200,-43.233885158444686,12.14048478572689,False,1
POKARNA.NS,728.9500122070312,1145.4889587311654,-36.3634187260544,177506.79365079364,-2.3967281199765655,-14.77259176771103,-29.67580646509892,-12.18895504777321,-0.16972515124178825,748.5212179413744,780.2314792987431,870.5959997558593,894.6738702392578,885.903720703125,161,-36.900309489355585,33.77038750936392,True,1
TRIVENI.NS,247.5500030517578,487.9415273208757,-49.266461411683416,606404.5896414343,3.6641540570263365,-12.988144652360988,-39.69316121100811,-36.326481127901864,-0.2866975433923274,246.3877281421767,255.26495655441846,270.500234375,337.11513153076174,356.31748657226564,52,-55.10100044291393,26.270053464978773,True,0
HEGAM.NS,244.35000610351562,753.9000244140625,-67.58853983412104,2163055.964285714,3.079520336544328,-65.594198549199,-52.442215130041056,-54.69559688102032,-0.5042179096760582,261.6731519407625,342.72371755952145,551.1681958007813,551.7511822509765,556.2315022277832,18,-71.60100820133069,38.1565049021505,False,0
WEL.NS,74.62000274658203,183.39952737494264,-59.31287075019085,1595273.3824701195,2.3032632971535127,-52.142121842684745,-24.588170744852533,-37.775180215183035,-0.3268462134835057,75.93744646070144,82.83004094267233,105.62640014648437,101.78810005187988,116.67580947875976,206,-62.917024318612015,39.64727370828489,True,0
INDIAGLYCO.NS,309.8999938964844,1219.0,-74.57752306017356,230971.1150793651,17.51990123276197,-74.2458255363414,-68.58113229917308,-63.49608464097531,-0.5906994853013414,303.1387742540693,419.1907039862045,826.2160025024414,921.0910035705566,931.0662107086182,23,-82.19852337981952,18.66984629919708,False,0
RELINFRA.NS,45.20000076293945,260.8999938964844,-82.67535384424993,849598.5436507936,-9.581917892974657,-26.68288784394306,-38.59529902437862,-32.50709281909597,-0.3087619619303805,49.16163213625251,52.55673233427523,60.016800003051756,66.59460025787354,89.1484997367859,251,-82.67535384424993,0.0,True,0
ORIANA.NS,330.75,3064.0,-89.20528720626632,79058.06772908366,21.711131554737804,-74.59482342748565,-78.7851582924736,-79.36359382311652,-0.6812883654701204,346.22230494990896,525.4432321983039,1038.7884033203125,1355.901199951172,1661.070598754883,217,-92.16057451213308,14.61766963804454,False,0
