Ticker,Current_Price,High_52W,Pct_From_High,Avg_Volume,Return_1W,Return_1M,Return_3M,Return_6M,RS_Composite,EMA_10,EMA_20,SMA_50,SMA_100,SMA_200,Days_Since_Peak,Max_Base_DD,Prior_Leg_Gain,Vol_Dry_Up,RS_Percentile
SETL.NS,468.1499938964844,468.1499938964844,0.0,570671.0,14.476092412850461,57.28204384216984,172.19604566795104,284.17035249605664,1.7823097270852697,409.2045332488247,375.6118771051647,313.6170001220703,239.02099990844727,186.3643997192383,0,0.0,66.54215002901395,False,99
MBECL.NS,330.3999938964844,330.3999938964844,0.0,108.27091633466135,33.99845239978285,405.19875563878156,405.19875563878156,405.19875563878156,3.6807872531488166,245.23539678603976,185.04248116134002,98.81840209960937,82.10920181274415,73.75460166931153,0,0.0,405.19875563878156,False,99
TBZ.NS,526.2999877929688,583.0499877929688,-9.73329923473919,1281348.90438247,20.393456511769912,123.68582551847283,182.22824146720473,290.8191991330538,1.977726628482545,454.55573377956125,391.96683723435297,293.527526550293,226.88681838989257,189.8535940551758,2,-18.32604027493405,104.33920097732607,False,99
STLTECH.NS,897.4000244140625,897.4500122070312,-0.005569980755337767,4002716.864541833,25.818440156195233,37.84946611583142,47.40473758341079,346.8233622670896,1.6310250342064487,792.137919503209,735.3393947675605,625.8870037841797,559.2561999511719,352.3013998413086,0,0.0,65.77077027531948,False,99
BODALCHEM.NS,172.39999389648438,189.67999267578125,-9.110079843177488,598199.544,14.353940155302425,150.65425553391788,159.9909519588595,286.89404978299626,1.943211506231702,150.27818163164372,126.65953739781042,85.37420066833496,77.2234001159668,64.7287001800537,2,-16.801980360502576,190.54504024068217,False,99
MODISONLTD.NS,503.04998779296875,546.0,-7.866302602020381,117414.1952191235,7.043297101002244,55.7430302764609,74.3057564668044,330.5951691748779,1.663827303753849,481.92207230113763,445.40928025501165,351.1113171386719,299.80144912719726,219.97965354919432,7,-17.216117216117222,83.39199285207374,False,99
SIGMAADV.NS,832.4500122070312,832.4500122070312,0.0,282291.2988047809,9.188088345984147,21.145307812055613,75.21574437228182,445.439679491435,2.058884655052681,772.9612981516732,742.9510978586871,654.5690002441406,534.4489994812012,357.28360023498533,0,0.0,49.23808361860358,False,99
PVP.NS,64.81999969482422,71.9000015258789,-9.84701207343701,1321194.0996015936,-4.592291189969899,76.76575656259037,113.36406018909373,169.52183680296318,1.167118749714345,63.295364651083624,57.4608654070353,40.537800064086916,35.12470006942749,33.0132999420166,8,-17.329628142893995,138.75228461869264,False,98
PRIZOR.NS,1200.0,1248.8499755859375,-3.911596792322314,25046.4,-0.03332425907419667,44.517376441568324,43.22373157089352,209.15883521050054,1.055307964178745,1176.8804097869042,1106.314256617356,941.7269995117188,845.3745007324219,588.7269997406006,3,-3.955641220306294,55.619934652453274,False,98
CUPID.NS,280.0,299.0,-6.35451505016722,28984948.46031746,-1.1124824172293546,-5.039675130501308,69.8101771098545,267.21311475409834,1.267091157667725,279.24006755035407,275.8919929733215,251.76939910888672,197.87169914245607,141.74760963439942,20,-21.367892772457676,66.10898028733823,True,98
RAYMOND.NS,1002.7999877929688,1024.5,-2.1181075848737185,733978.7091633466,32.31296417601253,62.01631279030404,69.4205011708974,165.32608953685144,1.0259114514167187,794.9792847070839,729.2174817078392,644.2329968261719,587.8264984130859,496.88800003051756,0,0.0,63.41561931012423,False,98
KABRAEXTRU.NS,723.1500244140625,733.0,-1.343789302310705,110913.0,24.8640238158822,49.31861297572419,201.63927915430136,213.59497193137224,1.5827989749557236,644.3187524137408,597.4919973894066,469.0200006103516,354.35289978027345,290.71794982910154,0,0.0,118.67251216227417,False,98
BLISSGVS.NS,720.9500122070312,725.9000244140625,-0.6819137678121479,2403574.697211155,12.76296859889776,47.267905256678674,64.34112981452841,245.2970520434955,1.2815103767298224,666.7752122214393,622.3158645068827,536.6960632324219,456.98173889160154,325.9397691345215,3,-6.874228231958135,37.81721454679443,False,98
NOVARTIND.NS,2391.300048828125,2588.800048828125,-7.6290171614220466,68674.18691588785,45.217715414781836,54.44681091614307,80.68001880076501,255.7158867724991,1.4190149407393595,1953.2454269102877,1786.6170745316715,1623.873994140625,1463.289996948242,,1,-13.778582526423499,52.123795605254486,False,98
SHILPAMED.NS,961.1500244140625,980.0999755859375,-1.9334712421093636,876297.0714285715,-0.3111548954036647,19.169013221172946,74.08879240555224,207.4659795509264,1.0901571669673045,936.4548539901423,893.8454449356793,755.1617224121094,630.0918045043945,481.3259924316406,4,-7.152329081941799,49.173259701447414,True,98
WELCORP.NS,2676.60009765625,2784.800048828125,-3.8853759435046986,963737.0515873015,3.3196941541770775,42.07760831091534,95.47879614767827,235.60205609696666,1.3163195236069094,2580.573352972801,2413.212226694849,1969.786005859375,1662.56447265625,1246.0544940185546,1,-6.4026158324421045,64.89904408217042,False,98
MOREPENLAB.NS,115.77999877929688,122.55000305175781,-5.52427915452739,8580406.325396825,1.7935651080024817,43.13264884770582,121.46136473351699,203.80476758073925,1.2676620273269221,112.37948217037236,104.20236193111305,80.21000022888184,63.59710010528565,51.64795009613037,3,-9.416565180054326,87.27621657650562,False,98
CYIENTDLM.NS,904.4000244140625,1009.0,-10.366697283046333,646887.3625498008,8.110697222063123,31.27222706867272,93.02103254214069,192.0717074893282,1.1180050789431435,880.973274314555,828.3373496557449,699.656001586914,567.4485006713867,464.92350051879885,3,-14.043608742024905,85.72243025922377,False,98
INDSWFTLAB.NS,385.3500061035156,404.0,-4.616335122892168,831328.332,3.394149042704475,28.450002034505207,138.1055454913502,168.59273912650426,1.1489817460917826,370.9009604938622,348.58762326791896,282.8110015869141,219.44850036621094,169.37940013885498,2,-7.8465376750077365,69.03766934710028,False,98
INDORAMA.NS,86.5,90.0,-3.888888888888886,396233.1468253968,18.558115522796005,51.568250328630796,88.24809263064424,164.76891597203442,1.0455145579601282,76.27542152919716,70.22819925393328,58.82620002746582,50.35120002746582,45.4884001159668,1,-11.111111111111116,62.16269318525287,False,98
BIRLACABLE.NS,392.3500061035156,393.3500061035156,-0.25422651188082845,88067.356,9.39635097742617,33.37525519061788,93.7160716901007,190.2039403011488,1.1181108376335593,349.05892680314327,320.52484764620726,251.4094451904297,218.43471420288085,176.58807914733887,0,0.0,110.0050342959369,False,98
JINDWORLD.NS,52.880001068115234,61.9900016784668,-14.695919283248005,6755222.246031746,-8.050769237606426,47.79207063224611,74.69441780121457,151.09212919796713,0.9159851422223981,50.73818533819301,46.09759164812089,38.243800201416015,33.474600086212156,29.83435004234314,4,-16.099375845637876,96.57373045992794,False,97
UFBL.NS,698.8499755859375,850.0,-17.782355813419116,199702.6746987952,-2.8295378581328134,-10.380868616853956,13.643379415148328,212.48881125613389,0.8672941081781399,719.9723797534799,733.3543982745092,734.4129931640625,611.7099963378906,416.2008981323242,13,-22.52353084788603,27.668171459742275,True,97
MENONBE.NS,297.5,323.95001220703125,-8.164843713642911,105472.992,-3.581263403057755,26.257265133936446,78.79213045240544,136.79132941412942,0.8324749758785491,295.9019074888301,281.661398680826,236.0131231689453,191.80342864990234,153.2557444000244,4,-14.647325333856354,89.09045631054713,False,97
DIACABS.NS,369.04998779296875,379.0,-2.625333036156008,3229377.661354582,14.292348952870903,0.29894701710693194,71.38014027542347,169.73393366252404,0.9079663984634514,345.31495192957743,341.6715734575693,310.6131997680664,250.74539962768554,193.21024971008302,21,-16.62269129287599,79.91786322928691,True,97
BLUSPRING.NS,131.47999572753906,139.8000030517578,-5.95136419356046,544611.486055777,-5.38285162991553,13.84535298254237,43.19319991780661,187.19964882785965,0.9006860494000277,131.22331563669883,127.79534605478415,118.42560028076171,101.14560024261475,80.9480001449585,5,-13.626611327544092,22.929941249478027,False,97
HFCL.NS,233.69000244140625,256.70001220703125,-8.963774316873497,29032722.833333332,0.9721742033638403,2.784131691617575,23.658592297952865,224.70473597016172,0.9763351583611044,237.12315829106308,233.37849542343804,220.4521990966797,194.54849952697754,132.7508498573303,9,-15.212316499249956,10.73127349061609,True,97
KSHINTL.NS,1170.9000244140625,1198.0,-2.2621014679413576,429461.5494505495,7.63926933772987,16.920466337964424,36.04833453774903,202.24575190027858,0.9586082132280201,1099.4162762812914,1046.6405525350713,944.4070031738281,850.5520007324219,,2,-6.673618628704093,30.61051695162311,False,97
RPEL.NS,1845.199951171875,1943.699951171875,-5.067654600732663,100722.94422310757,2.102700366683763,32.86289503869633,53.461204489314525,175.98477616542937,0.9321512085737376,1741.7529292037948,1673.3299359108994,1453.8019946289062,1220.8563659667968,1005.4054318237305,5,-15.851210748870015,39.584461213281074,False,97
FCL.NS,57.720001220703125,62.400001525878906,-7.500000305664834,12809263.242063493,12.05591749470878,38.693412431574274,33.440361114697524,162.63489892707463,0.8403034214102485,54.70370239234155,51.310325133005755,43.83873596191406,39.49869276046753,31.374277381896974,2,-9.40705545359256,50.20650475261008,False,97
WHEELS.NS,2230.10009765625,2498.0,-10.724575754353483,183296.6865079365,29.28865824636999,64.7532607771287,40.38836956892602,149.5810370117785,0.8782844365545194,1972.1352426493077,1785.7121809293094,1538.8100048828126,1513.7760888671876,1199.7125088500977,1,-12.890312249799841,55.9676331759946,False,97
IOLCP.NS,194.30999755859375,219.0399932861328,-11.290173705965268,3042713.396825397,-2.820704914093286,17.040111166185223,54.14088634126526,182.3452461787897,0.9230631611572316,199.6502090699615,190.19291726563083,169.54839935302735,145.3188996887207,111.56014427185059,3,-12.344774522892887,21.406374271809447,False,97
YASHO.NS,4187.5,4994.0,-16.149379255106123,32947.48995983936,3.3644364748942612,-0.6052694042250173,50.30761269675186,197.77255641871557,0.9441669614315621,4128.7113958872205,4127.181041523227,3754.5690087890625,2975.6994873046874,2205.5102447509767,17,-24.44933920704846,71.29774200505254,False,97
PAISALO.NS,84.2300033569336,84.5999984741211,-0.437346482105061,10372019.944444444,13.807749325541208,20.57698343996126,41.94839893970019,172.3007676575543,0.8700099836547815,76.95834859236355,73.81324304444745,71.26711654663086,62.65787963867187,49.27979955673218,0,0.0,17.5352588902568,False,97
SUVEN.NS,355.54998779296875,403.3500061035156,-11.850754329300662,799894.7091633466,-6.026170990548064,7.56315260119087,31.758376783796784,160.05703965655673,0.744603423189451,365.3225364771604,360.2475512769829,341.13800048828125,295.5142008972168,226.9603507232666,7,-12.854842027747203,19.492719214109556,True,96
OAL.NS,532.0999755859375,559.7000122070312,-4.931219585338253,31983.752,5.932707250084834,45.94074785475073,57.3770627934034,114.8387088029787,0.7293002265517113,495.5419876856378,455.5511641183765,387.8842437744141,352.7902407836914,315.8728746032715,1,-8.701091860797971,43.3338760445837,False,96
MMP.NS,469.95001220703125,485.0,-3.1030902665914906,41690.55421686747,19.291787700227303,36.82961421768489,76.97109371687031,105.48849233794417,0.7458182666379847,430.4921987023783,403.7871445880949,337.224521484375,304.2452799987793,273.53520492553713,3,-9.93814684681057,70.72390169117999,False,96
TFCILTD.NS,141.49000549316406,147.64999389648438,-4.172020763941919,8953946.155378487,-3.558040339323165,23.53867780936849,86.75166673346423,122.02636199532084,0.7918797634610899,140.97095490967905,134.85065248325108,110.45931381225586,92.74184661865235,79.88313472747802,6,-5.634942370036756,94.98858919166035,True,96
PCCL.NS,434.0,451.04998779296875,-3.7800661244657086,13675.2,2.08161971788019,43.30526374553108,74.19225792970165,102.04841426162558,0.7194625780445496,419.97709333235144,392.42863742174035,319.09200164794925,296.88450103759766,259.0872506713867,3,-9.08990158732006,70.19920805061007,False,96
ATHERENERG.NS,1656.0,1744.0,-5.045871559633031,3883960.801587302,4.545454545454541,8.483458892892237,65.9235529536937,134.89361702127658,0.7588574992774265,1613.1296534830922,1567.7472292769512,1411.0539990234374,1194.1199993896485,955.1129989624023,8,-10.498851811120268,51.28879646867253,False,96
SBCL.NS,1087.0,1215.699951171875,-10.586489787041165,347065.984,-5.96072523218335,6.090196701694484,50.07579880309518,157.15384332153891,0.7850624378666468,1090.5211560068349,1048.817710461862,896.64814453125,790.8761267089844,618.1547079467773,4,-12.297442296998472,50.37057036367079,True,96
SPECTRUM.NS,3022.5,3022.5,0.0,18111.36546184739,33.99388506568699,32.35679938453815,89.09534245709114,109.22747134714976,0.8029033965946358,2563.3214511305746,2420.266135091312,2251.3340161132815,1875.3390063476563,1570.6,0,0.0,52.397515534067,True,96
SKYGOLD.NS,827.4000244140625,868.7999877929688,-4.765189221983701,1107422.4285714286,5.880096166005,6.906132355319783,56.113212153596706,147.3542673883595,0.7774490668908727,808.5042524405001,791.8491152304393,721.6439990234375,608.8389993286132,476.4569990539551,12,-15.630753879030824,60.35166126632308,False,96
BHAGYANGR.NS,422.54998779296875,432.29998779296875,-2.2553782732627203,235770.65338645419,13.147670098004372,11.46135082825317,29.57681075873286,167.94546351935026,0.7965826581081102,400.53092892295575,393.2826682340765,386.9910003662109,353.46240005493166,256.07465000152587,52,-17.41845707130355,56.24096079584193,False,96
E2E.NS,610.3499755859375,698.0,-12.557310087974571,1442790.438247012,2.977891516010467,-3.3338688650922044,63.23883004793929,160.5327034852006,0.8281574578704465,609.6815194938391,604.7330243563883,541.1940026855468,454.4941015625,342.00315063476563,18,-17.893986305739617,53.4667893194348,True,96
VINDHYATEL.NS,2813.5,2952.60009765625,-4.71110523117122,53653.75793650794,2.956784508795973,14.35132952654936,30.67032957812341,154.50668979969802,0.7416971914950571,2742.8384667494092,2624.1196427114305,2279.521916503906,2081.68630859375,1659.9941400146483,4,-8.893859275582216,42.12350749448062,False,96
MARINE.NS,419.1499938964844,449.66979114957604,-6.787157566237245,658914.5099601593,-2.542333433950672,20.88121158738239,70.06194609125606,129.9028754709155,0.7690174298982443,412.61232877973987,393.8105887234111,326.81216796875,286.20241119384764,240.41544494628906,5,-13.269690854044446,73.4784276104134,True,96
ANTELOPUS.NS,1139.3499755859375,1218.300048828125,-6.4803472115205984,554401.7142857143,19.03567325126614,41.56933310976021,50.89729077624223,109.94102634206206,0.6946303171677616,1027.3437118346617,950.5331705330732,859.4140002441407,814.8024969482422,661.3349980163574,2,-10.490030674385597,41.35138905703744,False,95
CONFIPET.NS,89.22000122070312,91.30000305175781,-2.2782056533728,2529402.464285714,8.17167505995615,20.894305597969787,28.07923705182511,144.17076897989318,0.7108810733309439,84.70458026059683,81.93516495588335,77.83780044555664,71.84640018463135,54.50895017623901,2,-9.11281425709003,20.318520899833192,False,95
RATNAVEER.NS,288.29998779296875,314.8999938964844,-8.447128173733699,2605179.12,0.7689554849772184,37.27917496021096,73.80032511853433,104.6132010515028,0.7151810849670134,292.48524454610646,276.4316991953414,224.84902923583985,199.24791427612305,174.53210693359375,8,-11.98793290939516,70.03944376173533,True,95
UTLSOLAR.NS,447.79998779296875,494.25,-9.398080365610772,626110.5658536585,4.200113506217273,9.246156248066594,42.65689598600022,140.18450006923908,0.7114011142373073,440.75367999785084,436.50222486239534,408.0349981689453,355.4267987060547,282.6147993469238,16,-17.005561516028077,54.281098546041996,False,95
GANDHAR.NS,272.70001220703125,300.3749196686875,-9.213454802478704,1399825.7142857143,1.9058318337791036,11.419821126468332,74.41074043477602,112.3910720885708,0.697541983745327,265.67582199516795,259.2741249468344,239.23202880859375,198.80839950561523,169.236040763855,35,-28.851803869453306,81.09892054346368,True,95
SIGACHI.NS,37.93000030517578,46.62345355852283,-18.646094593646577,6475699.564,16.52842148761009,43.02413141200327,77.16020819944328,95.01284738995285,0.714108698469758,34.73667510205064,32.67564190169077,27.879400024414064,24.739699993133545,25.165599985122682,247,-64.28836058308977,16.339519624968666,False,95
AIMTRON.NS,1772.949951171875,1800.0,-1.5027804904513942,45382.4,12.0276746191319,7.598237060954327,46.01193750643402,129.96950815220512,0.6851379938691631,1678.547658382056,1648.8699160285928,1530.2959936523437,1354.2944970703124,1094.429998779297,0,0.0,31.768855531168704,False,95
DEEPINDS.NS,774.4000244140625,825.0,-6.133330374053026,376161.7091633466,3.967248411987856,11.672387691874375,54.297640533732604,127.82867863435348,0.7015196599343484,751.2192227164529,713.1157262926461,602.4309625244141,541.2073016357422,474.6457386779785,2,-7.878787878787874,70.90231934591911,False,95
BHAGERIA.NS,317.04998779296875,342.0,-7.295325206734282,212084.864,9.271064781094363,54.394924942512965,47.182314368180414,111.0078310230294,0.7036391818627792,291.31796405008754,266.06391122738455,226.1772262573242,204.3219941711426,183.44932540893555,2,-15.804089997944082,55.44029818236209,False,95
AVALON.NS,2264.5,2400.0,-5.645833333333339,368384.7091633466,0.7071022704447483,15.306276890323002,28.664772727272727,148.05564020588685,0.7095365350564563,2243.475408981651,2181.4188241741595,1946.5720141601562,1712.4555078125,1328.5672555541992,8,-10.86249796549479,36.624263553258764,False,95
INDOTECH.NS,3522.89990234375,4030.0,-12.5831289741005,37831.32,-2.4316628358894476,-0.4549335308349778,31.62338510531477,156.1363850378401,0.7160741655697453,3638.090099839389,3644.688367167848,3534.2179931640626,3099.6419921875,2289.4424951171877,13,-14.08684742361973,24.942412786603228,True,95
MANINDS.NS,866.0999755859375,944.0,-8.252121230303233,872919.6215139442,9.163089101940102,44.67550994149639,51.138643056535884,110.72992106713806,0.6948497224230927,800.5606721657371,746.705975616048,624.5159985351562,586.2009982299804,494.76799911499023,1,-18.151480464612025,58.762798947062,False,95
ACCENTMIC.NS,725.75,730.0,-0.5821917808219168,44924.0,17.473294648753935,27.469927306680898,65.32372203224071,111.05105152010086,0.7125885214392412,656.8752631387282,624.342671090536,557.9294342041015,505.3243338012695,427.41571090698244,0,0.0,41.361504769753374,False,95
FILATEX.NS,87.41000366210938,90.9000015258789,-3.8393815238561224,2062447.8087649401,12.467836193014637,6.221901433489885,64.39722902447346,104.51567671825374,0.6361660330064298,78.66038319733956,78.27157448395278,75.23359977722168,61.5614998626709,53.80369995117187,0,0.0,22.132183924587423,False,94
KAPSTON.NS,588.2000122070312,600.0,-1.9666646321614634,33832.07171314741,1.1782982555713861,1.7295053249530845,70.74020673643868,112.23165259268386,0.665784539485529,570.8572273795979,554.4239504607908,497.5030041503906,420.57850189208983,372.45366683959963,23,-17.374999999999996,64.31059152190674,False,94
RPTECH.NS,819.6500244140625,965.4798808795799,-15.104391023939534,491746.09920634923,-0.4856431592830446,-5.760273134341764,23.98654175759283,139.68922307106396,0.6187103281290679,816.9334553162616,820.9240367697857,812.9878723144532,699.5465573120117,532.026683807373,27,-27.11396413916567,70.62268257965823,False,94
RUBICON.NS,1835.4000244140625,1899.0,-3.349129836015663,505289.889380531,3.7946035024092994,13.247367169163237,35.92758326284846,129.89390439147962,0.6576477051951997,1802.3141823670444,1766.9015868559277,1620.8198046875,1380.919266357422,1056.022177734375,10,-8.346498156924698,38.19180533390922,False,94
RUBYMILLS.NS,455.1000061035156,488.29998779296875,-6.799095334716531,45187.82329317269,11.257797258229974,22.125322301745264,36.27788275730855,127.9831766533948,0.6762747967472253,430.8473109956768,413.7426335463656,390.3010003662109,334.9896002197266,272.86189994812014,2,-12.56399285677412,23.99790859565274,False,94
OMNI.NS,549.75,764.8499755859375,-28.12315910988339,1091773.022556391,4.515209125475295,-6.26598465473146,12.022414671421288,151.55578699053785,0.6342736317924278,544.6245435066188,553.2866880693213,568.3669970703126,513.5029992675782,,26,-32.92802296201943,38.421630859375,True,94
COMSYN.NS,299.1499938964844,314.8500061035156,-4.986505289083409,312469.8207171315,-0.7135725136377058,5.833860475742103,88.29861087099671,95.08934462036622,0.6562073595323015,297.38301324982626,287.16761518599384,242.7767999267578,200.86269973754884,177.94464973449706,7,-9.385427263047752,57.95104270780633,True,94
ARROWGREEN.NS,813.0,824.0,-1.3349514563106846,57707.736,4.579363836883044,3.6196820415210107,43.728447787509396,122.22221851486461,0.6318929453419118,778.3374870137667,758.424510567643,725.102998046875,636.6919985961914,553.8087498474121,3,-5.813109758988166,15.09271211120138,False,94
UNIVCABLES.NS,1492.5,1774.9000244140625,-15.910756692185501,178439.37698412698,-5.3162498402778535,-12.319348912418171,25.69934148117541,148.37656599473044,0.6406493407573338,1558.243371281163,1564.3149739027108,1436.5826733398437,1275.9949725341796,1021.737661743164,23,-16.784045316152753,40.59797905360525,False,94
IRISDOREME.NS,61.470001220703125,64.12999725341797,-4.147818722342256,546766.8835341366,2.484164204465489,8.164700404976788,61.67806544081977,104.28714160513688,0.620996327757426,60.59351289537345,58.90313214972116,53.060800018310545,45.16150005340576,39.19699995994568,4,-6.1281719301322095,43.424315824220685,False,94
RISHABH.NS,829.5999755859375,852.0,-2.62911084672095,154743.53815261045,12.878421907181892,24.135865739823647,49.87081077773201,111.36065178897843,0.6562051928759389,770.0341089452377,733.8741130631086,674.4665661621094,600.993288269043,502.0186511230469,2,-6.8603300712478,25.314110081042564,False,94
AEGISLOG.NS,1353.5999755859375,1497.800048828125,-9.627458174741632,1374506.262948207,6.5658973090904516,8.54851448163092,38.055449314596416,126.08614185246556,0.6421738416260037,1302.915561453895,1301.2446963543357,1312.633916015625,1078.2054418945313,882.8060598754882,26,-21.217788654551782,52.0099152114756,False,94
MACPOWER.NS,1843.0,2050.0,-10.097560975609754,32363.592,-5.200348585749392,6.7601197863080165,82.34886491942387,98.51356651602474,0.6494207518092373,1881.9520120295515,1847.1121206090472,1628.540009765625,1372.6450073242188,1158.8090032958985,12,-13.165854849466463,41.28739813690745,True,94
AEROFLEX.NS,563.9500122070312,584.1500244140625,-3.4580178657517058,1986729.1195219124,4.021024958272279,26.290455183819628,18.093242434931977,138.04902869770683,0.6630777774215347,547.8073149448467,524.364740401197,464.6916326904297,436.19238922119143,323.69893661499026,3,-6.684934896184336,36.190926546560334,False,94
INDOBORAX.NS,484.54998779296875,542.7999877929688,-10.731393019525514,224878.09163346613,-5.894355249959638,10.552133535957609,43.88651062660192,116.3392410913556,0.6122264080671839,497.8355049527986,486.74776464667093,442.7428973388672,371.921739654541,301.2217964935303,4,-14.287028286107361,16.292099936605453,True,93
STLNETWORK.NS,36.599998474121094,36.599998474121094,0.0,2753432.015873016,26.77519019806498,36.11007551086303,29.146077194988784,97.30458209938327,0.5756519012022904,31.490330713841566,29.348149615331934,26.26219997406006,26.97650001525879,24.159450035095215,0,0.0,49.63205169273688,False,93
SMLMAH.NS,6583.0,6654.0,-1.0670273519687412,102392.21428571429,4.5169484797967785,27.2815158546017,68.10965321139446,80.18119444423284,0.5841337176001149,6100.168392820661,5760.83626227005,4998.48201171875,4409.136232910157,4215.2934533691405,1,-8.859332732191161,53.30516593704486,False,93
SSWL.NS,370.6499938964844,384.1499938964844,-3.514252301052434,635982.736,2.730046129926045,18.607998046875007,57.83086342889765,92.4754529777022,0.5833404444211778,354.08581266124145,336.3886130180053,300.8438006591797,259.96190017700195,229.97260055541992,0,0.0,39.63607236565725,True,93
BLSE.NS,312.79998779296875,330.7814213322901,-5.436047002548527,583645.6984126985,-2.1120557640099347,-0.637375759518688,37.38997477545247,123.44363747859401,0.6025576669576862,318.63132136456363,316.344471981235,299.44525024414065,257.6293632507324,216.1585025024414,9,-7.174355029898027,22.01837314583479,True,93
SHADOWFAX.NS,253.39999389648438,268.6499938964844,-5.676530931125234,4898807.462025316,-2.3694834081017024,2.0745191929443685,17.59245785741228,135.78672282332604,0.5977038198433281,253.31910238599949,251.4437841343268,238.51140045166017,217.8840003967285,,16,-12.897820466668474,16.57855625419373,True,93
SAKAR.NS,1158.550048828125,1211.0,-4.331127264399259,114836.11155378487,15.055368666098623,23.803169901775668,37.244567354279525,108.07292999778242,0.6066871305236182,1057.1815822436743,997.0699227214667,907.9630017089844,826.0625,645.1672496032714,3,-10.487200660611062,34.08801106959323,False,93
ASIANENE.NS,535.0999755859375,565.7000122070312,-5.409233862610375,295267.6892430279,2.313570857731828,31.862984643295533,47.22794266440404,91.79210594478047,0.574891791916657,516.7846856864857,489.84179130354494,416.8879962158203,379.9135980224609,329.81569900512693,3,-10.270462232596266,62.90465205379356,False,93
EMIL.NS,188.3800048828125,196.74000549316406,-4.249263178272122,2403308.270916335,6.936876116409585,-2.70130453543288,71.34800864063263,99.0279998371751,0.611690292316142,183.31421570302916,179.1057634481546,158.30360107421876,137.487900390625,118.9467002105713,20,-14.841929140865984,61.32234455766101,True,93
KENNAMET.NS,4682.39990234375,5136.0,-8.831777602341317,26428.654205607476,3.3140572030908144,31.075213121579417,57.016858891619115,91.65807013352033,0.6031473406551884,4615.830840418275,4316.564289657335,3482.9460107421874,3186.4845678710935,,1,-9.55996884735203,76.49184976713315,False,93
DPEL.NS,634.9500122070312,655.0,-3.061066838621185,53565.73705179283,9.710585262553995,11.915050591353072,32.336396073650796,113.96799063421442,0.5864218372030702,610.1265594724332,593.765715862385,573.9950024414062,534.5639993286132,427.3177495574951,1,-3.6641221374045796,9.01834879788832,False,93
VENUSPIPES.NS,2020.0999755859375,2044.4000244140625,-1.188615170120122,85455.216,26.707640576865856,29.219426431644724,41.39902560913955,97.510851295994,0.5993869754515498,1807.5703081852569,1726.760419229941,1683.9573583984375,1567.7840539550782,1347.6717153930665,0,0.0,11.457995452414682,False,93
CPPLUS.NS,3825.5,4094.0,-6.558378114313634,265935.78571428574,3.263507508414709,3.2746625567485976,13.335801235773936,136.33671075756945,0.5951670793595115,3741.289093593184,3673.9667123946774,3592.07546875,3284.021237792969,2450.3496514892577,21,-20.59110893991206,5.4694964069585295,False,93
AVADHSUGAR.NS,769.5999755859375,884.7999877929688,-13.019893060168819,111752.696,-7.399831765924625,22.75300432274343,70.65350680384226,78.82432794939305,0.5653640090886611,803.426425752834,775.1765104737227,648.4239794921875,555.2597134399414,466.0535412597656,13,-13.731917006810512,81.68835027132795,True,92
UNIHEALTH.NS,712.0,820.0,-13.170731707317074,37493.97590361446,-1.1042450270485005,-0.41958041958042314,43.273967705101526,109.41176470588236,0.5655255560726247,719.7884838742484,722.313912692146,728.7110009765624,608.2830001831055,470.6100007629395,27,-20.36585365853658,72.58518656792052,True,92
SHANTIGEAR.NS,714.9500122070312,743.0,-3.775233888690277,113624.62948207172,14.989949691520899,81.32133764671154,58.94241120724817,50.16950530143149,0.5551378798124145,644.5677561278354,580.6926412059319,472.445830078125,459.92900115966796,455.91419326782227,1,-7.254377444692128,67.96712721901623,False,92
KODYTECH.NS,1470.0,1596.0,-7.8947368421052655,15088.8,-6.190172303765151,6.521739130434789,49.11746989275878,98.64864864864865,0.5488003102299753,1492.7897684135962,1463.5048434297505,1358.2009912109374,1124.5779949951173,978.3722476196289,4,-10.6516290726817,29.02814474393878,True,92
BALAMINES.NS,2276.5,2629.800048828125,-13.434483316918344,310962.1984126984,-9.848723110281243,8.616828382609931,10.174735632689135,128.57211493413092,0.5521976002895297,2375.357489596805,2334.3981978222437,2251.0599926757814,2038.0428735351563,1572.828727722168,4,-14.609473877798418,9.650141223817377,False,92
KOPRAN.NS,235.25999450683594,249.99000549316406,-5.892239954661271,396307.0,1.3003741570100757,36.35889188626511,30.493898872384694,96.13123544050184,0.5500247963087018,226.32296381331935,215.63938531397596,198.9079168701172,186.73355072021485,160.15920978546143,3,-9.516383864223087,17.88575364402025,False,92
ENTERO.NS,1815.4000244140625,1920.0,-5.44791539510091,151122.54183266932,-0.6675394689674152,25.372929862849624,62.568290838462495,78.29503070610218,0.5509633155965281,1794.3908330080174,1699.2488410799288,1426.2060009765626,1306.341005859375,1207.951003112793,4,-7.307294209798176,52.87485503045073,False,92
SYRMA.NS,1589.300048828125,1660.0,-4.259033203124996,1493258.4302788845,9.395649463951038,7.983824421136343,22.27544697601429,112.06687962594137,0.540457157738032,1539.6111849544282,1502.601217683404,1433.9099096679688,1296.6100268554687,1041.1351843261718,3,-6.259037615304974,14.610377279018705,False,92
SOTL.NS,716.25,850.0999755859375,-15.745204026582925,320395.1865079365,-3.307458656766793,5.805716121932125,19.106760196534122,120.10043747977886,0.5460260040958154,707.3464510865199,699.9501983924015,656.794072265625,564.9303521728516,459.93577316284177,4,-20.550518314209075,18.991102686482385,False,92
UNIPARTS.NS,897.4500122070312,915.9500122070312,-2.0197608770617603,209107.296,-0.2722538215982895,10.312829656806933,36.75608097167198,104.34127659958858,0.5479867548053858,881.5835784708611,854.4666981533217,767.8306823730469,679.8345611572265,572.4182286071778,7,-7.200175918784158,39.97751552846851,False,92
TDPOWERSYS.NS,804.9000244140625,812.7999877929688,-0.9719443279468276,2472469.9166666665,8.755580457467627,8.652812861412706,37.78299621249046,106.4538298940231,0.5652255143938568,759.9864664163456,740.2708341088284,656.5177673339844,635.9296752929688,516.8297579956055,0,0.0,42.890150236669754,False,92
CEMPRO.NS,1244.300048828125,1649.199951171875,-24.551292404298188,660512.4047619047,-4.092799027803218,0.5901413765663,7.064197307310716,131.14402768112106,0.5428561863717458,1268.1577157369054,1278.7425456666997,1369.7080029296876,1206.426167602539,935.1600973510742,38,-30.03880166208669,74.26013959775881,True,92
SUDEEPPHRM.NS,1202.800048828125,1378.0,-12.714074831050437,551967.5577889447,-9.516286417917385,9.26598796108211,45.90143277014715,102.98634941480938,0.558665385473926,1241.8727491519764,1192.8233012615144,1017.9233715820312,878.0355694580078,,4,-16.335266733377175,56.40847027373459,False,92
PARAS.NS,1435.5999755859375,1583.9105379095645,-9.363569391953563,1755857.0119521911,1.7074017418305054,12.172048389002853,29.63835433724016,114.80075911725632,0.574169598000582,1444.1285432733923,1423.6271073107694,1330.4643408203126,1147.7058068847657,910.3507006835938,14,-14.086053709567425,21.548123141014884,False,92
VALIANTORG.NS,396.29998779296875,396.29998779296875,0.0,56315.78313253012,25.35188848452976,21.826007582018935,40.084834338306294,83.82966157665234,0.5245770529700959,342.4985973689304,324.1412070881418,294.57299865722655,290.33070098876954,270.87595039367676,0,0.0,45.939976287205766,False,91
DOLPHIN.NS,649.0,731.0,-11.217510259917917,117949.5219123506,4.745000899372176,31.28350196967553,66.23975669735387,62.799450629998724,0.5172290774507797,641.3886799984074,604.7818723611668,485.492998046875,443.2699978637695,427.7892489624023,3,-14.199724732280272,74.57798672146481,False,91
REDINGTON.NS,393.70001220703125,403.25,-2.368254877363607,6750067.78968254,6.032864301237839,13.786130695673782,64.90959269736531,71.53972944596738,0.5144928215685509,376.02598155938085,363.45788547913753,325.4839990234375,279.6360740661621,263.94951782226565,1,-5.69126155165065,41.97754122940187,False,91
SHREEJISPG.NS,691.75,721.5,-4.123354123354128,1069103.611111111,1.7055024876211133,5.634882154656196,47.71514371805119,91.11755122813119,0.5205909028636119,683.988536593736,666.6337982120901,629.8319952392578,542.3154977416992,450.75610092163083,1,-4.857933166038631,19.717946169381896,False,91
PRABHA.NS,244.63999938964844,262.79998779296875,-6.910193777340112,177362.203187251,6.088461801614309,56.5095024059121,54.43469082386285,60.0523321039119,0.5226208675006746,234.21862230967108,217.75337830788362,176.90440063476564,168.46210037231447,168.66053756713868,2,-12.328765373462947,65.79036436118015,False,91
WELSPUNLIV.NS,207.67999267578125,216.0,-3.851855242693869,3998312.0714285714,-0.3980633316967852,29.938053116776842,42.546837323987255,85.37446810713011,0.5286164273023392,204.40587622352234,196.0242262021009,176.3279574584961,160.37938598632812,144.14711288452148,4,-5.7777757997866,21.71241397215793,False,91
OMAXE.NS,123.9800033569336,138.88999938964844,-10.735111309839995,1490580.584,-2.6003594428366306,51.23200570892364,58.137756306049646,65.32871968093889,0.5355917996169152,123.05408253381465,116.24971555924525,99.31920013427734,89.19830047607422,81.891300239563,4,-15.393474942308504,50.72944277511626,True,91
UNIMECH.NS,1610.0,1652.800048828125,-2.5895478922856596,119065.50597609562,7.140483949869525,12.832011525203036,41.488704232081844,88.86737954658923,0.5127401378828781,1545.8637745377584,1503.8612848764155,1370.6580053710939,1211.9100091552734,1052.1932537841797,2,-7.369315418067912,31.487776578040826,False,91
QUESS.NS,348.0,388.75,-10.482315112540197,689216.4206349206,-1.9027484143763207,4.441772884381789,40.64428217698446,95.93434057713466,0.5126510061938793,353.4772660733136,349.44334228297606,324.6584991455078,274.4608918762207,233.937264251709,9,-16.655948553054667,31.295430946326054,True,91
HAPPYFORGE.NS,2169.0,2470.0,-12.186234817813768,78531.86904761905,-3.1047576502121976,8.039451403507636,62.67317806834867,78.64379719091521,0.51556886812551,2240.3073083473746,2196.732990180828,1922.2188671875,1665.3771240234375,1418.9104803466796,8,-12.955465587044534,62.230663067052895,True,91
SANSERA.NS,4129.89990234375,4170.0,-0.961633037320142,221397.67729083664,8.979834175589252,6.48737463187381,40.468003304920416,98.59106118518785,0.5377228380948496,3987.9354647854275,3897.56810385946,3598.172001953125,3191.765007324219,2584.922000732422,2,-5.1558752997601935,27.7064094865207,False,91
EXICOM.NS,182.27999877929688,189.1699981689453,-3.6422262813023187,2126488.26984127,2.4908588831888068,20.483843524636214,8.564625018198768,112.74509585673478,0.5201328044139967,174.91404158657184,169.39144943469188,163.25979858398438,152.80109924316406,127.62089946746826,3,-9.61039956216785,11.400709319408953,False,91
PAYTM.NS,1807.5,1840.0,-1.7663043478260865,3437141.625498008,10.415394013439228,12.26708074534162,61.182446999181074,79.1200122614678,0.5349769455475369,1704.2289349397713,1651.0619400661626,1482.93,1299.0995007324218,1243.6140002441407,0,0.0,32.79700480649061,False,91
WSTCSTPAPR.NS,713.7999877929688,722.4000244140625,-1.1904812196080972,134309.28685258963,9.773162290345061,17.769347722364447,39.421306573112716,84.27751756264999,0.500685847705012,672.0864849873548,647.4040871660127,591.6594323730469,545.731533203125,482.49974075317385,0,0.0,37.85401351959366,False,90
KMEW.NS,2869.199951171875,3175.0,-9.63149760088583,176674.0,-5.413066409246148,5.882349231364281,44.28966312154261,88.10724836574002,0.4916496148810703,2932.310434385146,2868.5312667661788,2632.2900048828124,2333.7919970703124,2006.2287451171876,6,-11.429918184055122,38.869777251553074,False,90
LOTUSDEV.NS,209.27000427246094,215.0,-2.665114291878634,1618393.9841269841,8.446284383375557,20.42316945349063,46.65671968338181,75.43316185770831,0.49099542977133553,195.77947865148454,188.5203851328492,173.81684356689453,157.8014651489258,150.75962955474853,0,0.0,49.74808721970248,False,90
INOXINDIA.NS,2246.60009765625,2339.5,-3.9709297860119674,218037.3187250996,-0.05338335909818026,15.690821845173296,22.124381793421,97.91481364981813,0.48936066031078396,2192.781458446118,2124.0024299812803,2001.9179907226562,1817.2613623046875,1499.2004583740234,1,-6.300487383789266,15.11231551968173,False,90
YUKEN.NS,1113.75,1134.699951171875,-1.8462987638484196,9934.7,10.266819806970462,31.830748544186772,60.59191231992498,56.40404274855955,0.48132022484935716,1029.160192911859,972.7025266586129,838.0651013183593,772.2081903076172,774.2686318969727,1,-6.534758573592148,44.54128774714496,False,90
INDNIPPON.NS,1358.9000244140625,1564.0,-13.113809180686541,69251.592,22.48963354149691,16.82428485704697,48.74125007966772,71.2000030757874,0.4871619657977436,1213.4841401167648,1167.4861598400853,1145.407998046875,1001.7209979248047,890.1285455322266,1,-16.87979539641944,16.709292412617227,False,90
WABAG.NS,2277.89990234375,2319.0,-1.7723198644351013,451621.9404761905,13.59396832782851,20.805045175921144,30.163438835120758,86.0098819540304,0.48973390300115477,2106.094948138044,2062.5390955755756,2031.7533984375,1833.4091589355469,1546.0521520996094,0,0.0,14.404094735293915,False,90
EBGNG.NS,679.6500244140625,704.9000244140625,-3.582068254429227,456871.8326693227,13.039505100051985,18.705796682301322,50.498231892909516,75.77913749974645,0.5050623441423691,647.861904351916,625.4499470519346,589.94,527.0579998779297,429.8987499237061,1,-5.944108804491998,18.6160487597812,False,90
LAURUSLABS.NS,1969.0,1981.800048828125,-0.6458799330282594,2104151.326693227,5.378645972705387,6.432432432432433,41.74645703016835,88.28431477261731,0.49662014101854457,1912.7574563075284,1876.9171770866083,1751.3620043945311,1544.3926147460938,1290.5384896850585,0,0.0,26.412431359939003,False,90
RML.NS,1360.0,1440.0,-5.555555555555558,49849.33864541833,20.63153898784289,22.765836798676986,48.54393908657462,71.13462601742096,0.49633353391460455,1277.5071549231827,1216.3979543372225,1167.2760131835937,1045.507534790039,902.4297100830078,1,-6.937501695421011,14.217735249241814,False,90
PAUSHAKLTD.NS,729.5999755859375,826.75,-11.750834522414577,33892.33502538071,-7.116489422541372,-2.1262373548250446,60.52421030184352,79.53546953784858,0.4883455449247334,756.9173182273944,748.1697744774071,671.81431640625,573.289538269043,,6,-12.452375229154066,47.60875476212269,True,90
AEROENTER.NS,137.08999633789062,159.60000610351562,-14.104015604501384,570975.4143426295,-3.3283980692213833,9.831616248443087,27.70500545007717,100.50638052856398,0.5014753728921522,141.66219625890236,139.3632901478812,129.85814361572267,119.36444343566895,99.70121551513672,3,-18.208027384744994,26.324199242577826,False,90
BLUESTONE.NS,890.3499755859375,926.0,-3.849894645147134,1548616.768924303,5.648172718592415,1.8357529471645595,70.63050908678747,71.88223466909992,0.5087401445496836,852.7516010959889,834.8914343278896,770.2320056152344,639.7655038452149,561.6462518310547,21,-16.83585576825729,73.48942685089001,True,90
WELENT.NS,786.2000122070312,825.0,-4.703028823390154,295314.5595238095,-3.3677438791923975,38.354599596485926,42.88296766517572,67.44120235385569,0.47175516772472936,760.8966932206432,717.1276159205189,638.677998046875,586.4116091918945,533.7752153015136,5,-8.193936434659088,32.5081393462439,True,89
VARROC.NS,872.0,896.0,-2.67857142857143,283178.972,3.9146725412866568,4.287505177203044,49.875866172551156,76.75256542617714,0.46912754311805477,849.6449091913927,829.2389914720804,749.9602294921875,662.5862377929687,612.9281576538086,7,-9.815849576677593,34.95914341591813,False,89
GHCLTEXTIL.NS,130.75999450683594,144.58999633789062,-9.564978339674013,436542.64,-5.260114143521721,12.792197155715911,45.291949606615866,80.40981584991953,0.47783939238743584,132.59732368602988,129.61800056949355,120.30539978027343,106.47408653259278,90.94467697143554,6,-10.630054295920688,32.28594166315881,True,89
NEULANDLAB.NS,23535.0,24225.0,-2.848297213622286,57577.59760956175,2.817824377457412,4.553531763660601,38.24164409756461,87.51785710951054,0.4767212486355146,23323.41872820325,22942.718814699376,21149.8696875,18995.7921875,16550.20264160156,2,-5.056759545923628,22.310996273357418,False,89
AZAD.NS,2849.10009765625,2986.60009765625,-4.6038972578854365,361831.72222222225,2.585246374745176,6.90405587999543,33.67897679272331,90.86890807623496,0.48090592081784583,2810.5761956002802,2767.6370395491545,2571.536015625,2339.0230114746096,1977.1880072021484,19,-10.339517803888686,39.2575892401791,True,89
GMMPFAUDLR.NS,1307.9000244140625,1352.0,-3.2618325137527715,155733.38,21.835121044626217,31.144093093639125,68.6708714542914,47.008279981979186,0.4781690415226954,1197.0897899592203,1115.9262615814155,941.8726843261719,884.7486297607422,932.8334811401368,2,-4.541421924117051,65.88059873974427,False,89
KRN.NS,1593.5999755859375,1687.0,-5.536456693186875,628146.7619047619,0.9438161066010142,13.958806333235362,30.805213142592503,86.1682214469553,0.46594995398867045,1577.7227741184056,1528.0261998565927,1367.2119995117187,1283.0119982910155,1055.3927487182618,2,-9.217545939537642,24.255157435093345,False,89
SOLARA.NS,749.1500244140625,759.5499877929688,-1.3692269825618109,253205.20238095237,17.21035684866663,44.52591100582786,27.15776854276253,69.77904236012749,0.46685165392911987,680.4962329522621,643.3756499263156,575.095,561.7759991455079,535.4977503967285,0,0.0,31.2456272661628,False,89
MARKSANS.NS,329.3999938964844,349.95001220703125,-5.8722724942753874,1920423.6454183266,-0.842871224460362,5.665102704980196,32.250601765423625,90.73167167434435,0.4701658261791483,328.4683051093425,320.8474704582591,291.00569396972656,260.01380828857424,218.20488624572755,3,-7.472502786652879,25.075024417239057,False,89
NRBBEARING.NS,514.6500244140625,519.0,-0.8381455849590602,466636.13545816735,15.134233649678407,10.15625234744315,20.852416822312158,95.79694999356208,0.4811917887857496,486.3744474696102,475.7968818844942,448.4090008544922,411.3555026245117,337.5581134033203,0,0.0,26.32548653027942,False,89
STALLION.NS,225.08999633789062,423.79998779296875,-46.88768220355642,1777506.3095238095,8.90749192689837,-6.737107667049758,16.97848377498734,105.80597118520689,0.4695926126585885,219.46284805765958,221.76396549208997,228.05960052490235,200.6638998413086,183.84180389404298,226,-76.5644165748907,109.64477016535841,True,89
CARTRADE.NS,3087.89990234375,3290.5,-6.157121946702626,606700.0876494024,3.198314040958228,13.751557918597367,32.81289902553763,83.94591005903906,0.4649237671909221,3036.8274800974004,2990.306021435385,2869.385986328125,2468.3329919433595,2377.6059924316405,206,-51.37517094666464,34.80736184406845,True,89
CHENNPETRO.NS,1572.9000244140625,1677.5,-6.23546799320045,2332977.134920635,8.311532660828602,17.223130658533737,38.7097531219444,80.18896968095991,0.479642932067569,1498.6667476891807,1438.1379436134544,1289.4734228515624,1171.3812127685546,1022.5086846923828,0,0.0,36.72258324378681,False,89
NILKAMAL.NS,2050.800048828125,2149.5,-4.5917632552628485,35783.468,-3.1041791245865813,6.110627652504519,63.404322782827926,60.966761339166034,0.4431970898855704,2063.672677976718,2015.1631927318026,1783.4194384765624,1523.062578125,1428.482861328125,6,-6.722493603163526,63.613114606450736,True,88
MTARTECH.NS,7312.5,8714.0,-16.08331420702318,716974.047808765,7.221407624633436,2.826407930816277,-0.42892156862744946,108.09618668184405,0.44397220550775984,7233.509560057088,7090.130214853953,6676.1,6938.825004882812,5069.246999511719,59,-40.394767041542345,62.95337176470455,False,88
ELLEN.NS,380.20001220703125,559.7999877929688,-32.08288308365578,406186.2749003984,14.569837340437953,12.818994720187305,35.979972785219005,75.16701537035621,0.44881580661789444,344.5926905618003,331.4698775082669,303.40399993896483,287.8768006896973,280.756900100708,248,-68.73883461663804,-0.724768947826504,False,88
ICIL.NS,443.25,474.6499938964844,-6.6153996208272,805184.6055776892,1.3490325401042558,10.054915253929053,27.290352247818905,82.34257804481979,0.43270023197069823,441.753973188708,435.2584974424837,418.4056127929687,374.56261444091797,321.23256942749026,8,-10.78689188830354,9.175568193593065,False,88
MBAPL.NS,160.8699951171875,174.94000244140625,-8.042761591324032,1093192.9285714286,-3.160366093375122,-4.312396032932552,42.32504366500376,80.3049395333692,0.43640973096924784,162.49313685874006,162.12946544398795,154.0538003540039,132.2076015472412,110.67701610565186,14,-11.095234589704827,50.20898910282252,False,88
RSL.NS,190.10000610351562,192.77000427246094,-1.3850693104574208,816321.1951219512,4.738295373837809,13.989327357058311,45.28085382978679,68.18544471074989,0.44130129042031446,183.81904905971663,176.24830771836724,154.06199996948243,142.98050018310548,,2,-4.544280526779265,48.77514387741522,True,88
MANALIPETC.NS,84.93000030517578,93.0,-8.677419026692712,1400872.746031746,-2.1092690018393756,23.390960403631865,25.487588537556217,84.91182177415564,0.46078270451471554,84.49886903424995,80.48680593615057,70.7262003326416,65.58220012664795,60.693899974823,3,-11.591396536878362,42.644496681666524,False,88
BIL.NS,1073.0,1150.0,-6.695652173913047,8960.76,17.158926527625006,30.757985854659566,51.553672316384194,51.68221133279758,0.440064760517287,977.1815699253202,919.5324987570287,816.2899975585938,777.3204992675782,769.8960000610351,1,-10.417395550271735,50.85419002673357,False,88
NITINSPIN.NS,651.0499877929688,662.4260969976905,-1.7173401314171666,285149.72908366536,2.3505363835194526,22.96879852642224,18.976095145156968,81.66119603805402,0.43186120302405095,636.2921668713338,618.7235001564336,575.2440734863281,545.204259338379,445.680729675293,1,-4.830957838326444,18.16610459544816,False,88
GLAND.NS,2922.300048828125,3042.0,-3.93490963747124,376281.2111553785,-0.3444227885682549,-1.5264876444741393,35.14379125037357,81.01423548223454,0.42609091760254236,2931.094018786904,2879.452053924822,2681.937529296875,2407.97171875,2064.684409790039,4,-5.2596975673898765,21.760544341428734,False,88
VSSL.NS,397.45001220703125,423.8500061035156,-6.228617085365052,165004.076,9.204560757355784,21.224245887951977,41.0059771114504,66.57958857905906,0.4409893381838471,370.0185534170701,357.795690250278,323.3631890869141,298.6096875,278.30925636291505,1,-14.356495275985537,33.69459686753207,False,88
APOLLO.NS,422.25,466.5,-9.4855305466238,9716390.761904761,8.575470976323185,8.352575512796312,-3.0313496008711582,110.42009460951165,0.4578669516373489,405.5996514862034,398.91720829342705,394.96800048828123,384.9586996459961,311.6111999511719,50,-19.828510182207935,38.5408586538728,False,88
SENORES.NS,1467.300048828125,1599.0,-8.236394694926519,308743.5634920635,2.723328461858543,-1.6159296762386588,16.71174879225927,101.80169138992107,0.4568334810458433,1471.9271298827707,1465.9632547641231,1432.296005859375,1271.8490008544923,1036.1285006713867,14,-11.794870268038615,14.860562232040353,False,88
TIMEX.NS,631.7000122070312,687.7999877929688,-8.156437420993946,478701.0198019802,-5.695299659529784,17.165906260238085,29.340708456462238,83.34059921273413,0.4500210350812696,629.8042490356011,617.6767133938941,578.6409985351562,501.2875006103516,,9,-12.910728317677433,27.0712542912668,False,88
OFSS.NS,11763.0,12540.0,-6.196172248803833,228425.4880952381,-2.446508542046777,3.0035026269702225,23.814536077048576,85.41212993382443,0.41665262467833714,11853.946505527118,11835.18865192972,11616.06,10700.99341796875,8955.563508300782,9,-7.8947368421052655,13.26890073164122,True,87
UFLEX.NS,653.4500122070312,723.5,-9.682099211191254,191406.036,-4.841997875190884,31.280765887901808,53.9736266075286,46.02891177745705,0.40375606083302673,661.298614177852,630.5236440193746,533.0649987792968,476.5981219482422,463.82926345825194,6,-11.672427395581375,63.914515426256415,True,87
ROSSTECH.NS,1214.300048828125,1241.699951171875,-2.2066443924629975,207079.75793650793,5.545419281019126,14.86544206449456,21.600248199047222,77.41252497206847,0.4097271478954238,1168.9243907501445,1134.3799447229092,1057.7849926757813,1019.2024993896484,864.1592492675782,2,-5.202543136525872,19.334196315009255,False,87
RAMRAT.NS,532.4000244140625,602.4500122070312,-11.627518694264072,201786.5737051793,-5.038794037247063,12.952162410100687,35.62480117693922,74.1731120005511,0.4244323823159764,535.7387105914829,522.550542451638,469.6607781982422,442.8196826171875,377.91263229370117,10,-15.49506253000722,50.515156063193544,False,87
FINCABLES.NS,1424.0,1498.0,-4.939919893190925,579747.4444444445,16.70218464050881,14.795483720818092,35.873051370214036,67.5397217903819,0.42407119335431476,1319.1575211181441,1271.8378068178242,1139.6770983886718,1103.3351098632813,952.4839114379882,0,0.0,40.975139211857496,False,87
CNL.NS,1116.9000244140625,1328.0,-15.896082498941077,83108.04819277108,-10.173717027198192,-7.483949106310828,54.065798414677204,70.27212495295237,0.41814427981602115,1170.1292959025623,1172.5285740237582,1067.6479992675781,867.23,768.666999206543,8,-19.05120481927711,63.08947430572314,True,87
NRAIL.NS,627.9000244140625,650.0,-3.3999962439903886,17872.936,26.57998989330137,20.614237795262657,41.42471788642541,53.98313604434588,0.40801516332048643,573.0340158915158,544.7533163920717,490.4597723388672,476.4515658569336,462.2047412109375,2,-13.592303936298078,40.195441153102806,False,87
GCSL.NS,600.7000122070312,616.9000244140625,-2.626035267613769,276007.812,0.9325359262873034,16.426009883684813,39.54773285086968,64.80013489611443,0.41162829383072363,587.1517308596868,564.8922841067308,527.3070642089843,465.31209564208984,402.8992704772949,1,-3.047503336700541,19.96097322789634,False,87
MPSLTD.NS,2608.5,2979.0,-12.437059415911378,36792.1686746988,-0.4617300314943784,-9.171625450064958,43.9093034941028,75.95278246205734,0.41673405939891356,2690.2233375559786,2695.7786513088213,2554.3099975585938,2162.630997314453,1970.9179956054688,23,-14.196035661085936,58.02714007087029,True,87
SALSTEEL.NS,74.80999755859375,86.25,-13.263770946557973,206646.9156626506,-8.812778249939301,18.6518611638947,25.604425509871497,76.98130292982646,0.41322943232677045,77.69874801688762,75.30755701493271,65.63119979858398,61.904599800109864,52.165299949646,6,-14.20289855072464,38.39406647251693,False,87
DEEDEV.NS,639.3499755859375,760.0,-15.875003212376647,1412850.0079681275,-2.87125323419104,1.5324699367694317,-11.685894770991489,115.05213650770906,0.42534454835720964,653.9396744213442,649.8463405364267,657.3459985351562,618.3245010375977,434.8638503265381,62,-24.013157894736846,79.4389065085831,False,87
KAMDHENU.NS,39.09000015258789,40.95000076293945,-4.542125947980202,1417106.03187251,0.8253796519110956,15.377800827095701,27.578332021097363,75.7643909841756,0.417373541306097,38.29105661374658,37.08517626140681,34.868799934387205,30.535500011444093,26.588400030136107,3,-8.058606045368165,25.585026390445286,False,87
SPORTKING.NS,214.77000427246094,240.46267240987245,-10.684680445378214,370998.096,-6.45905985924432,5.98212488664942,17.557042468616824,87.88034640052891,0.4096977029220206,219.55801646436836,217.77326709483128,207.36443389892577,186.3398080444336,145.16449577331542,28,-18.736285481356507,31.42742238589502,True,87
JGCHEM.NS,592.0499877929688,675.0,-12.288890697337962,233579.2828685259,-1.0198171649444032,-3.4176202621584384,37.414408589035354,72.53387682459591,0.3945236753762284,603.3979014198469,598.2445257411458,546.1900006103516,481.52000122070314,417.77850036621095,10,-14.72592954282408,54.17208402725393,False,86
RGL.NS,155.49000549316406,161.1999969482422,-3.5421783890675074,1712887.75,4.173932209305287,39.90463050843456,36.39474166067023,52.23223655993332,0.4020963644479184,147.4400875206181,140.70183824368493,127.01599975585937,116.82549964904786,115.65854976654053,0,0.0,29.037348956982623,False,86
DIFFNKG.NS,449.5,519.9000244140625,-13.5410696495744,192991.048,-5.348493203396609,15.34833134628144,21.090978447453757,78.51038666401897,0.4026626514876035,447.9826939588831,436.7007018327885,409.88208374023435,375.4290521240234,328.4482228851318,5,-16.128107844502292,18.16564275324819,False,86
MANYAVAR.NS,582.3499755859375,779.0,-25.243905573050384,492924.652,2.490313811142708,11.582668776408322,41.467262047956744,59.810643616905914,0.3893000119754532,568.7454806185411,549.7046848955545,481.0049981689453,451.33299896240237,465.955500793457,242,-57.74069162939265,3.4088561966972186,True,86
KALYANKJIL.NS,601.1500244140625,646.3128397837881,-6.987763910869238,9897274.159362549,3.1270960755706456,1.156840603064424,57.59866435653513,54.78981696934988,0.39739603822870445,601.6088039881816,597.7339848356748,568.3918377685546,470.56049285888673,451.6103039550781,30,-14.246086906142674,75.2554354393591,True,86
PANAMAPET.NS,483.1499938964844,595.8726432274872,-18.917238542862336,351025.35059760953,-2.482595217982786,-0.41536321825791367,26.409829074535594,80.83399572331558,0.3992521484623705,486.52729648740575,483.632750263477,467.979326171875,407.05619079589843,343.7393913269043,22,-23.874244364172647,28.454949333894586,True,86
PARACABLES.NS,64.87000274658203,75.69999694824219,-14.306465836537441,1786663.5674603174,-0.9769491204068892,-5.56121642022468,-2.787352790022446,103.92959395059277,0.3952569354714476,65.25317393604207,64.80034514164291,64.8808000946045,62.62059997558594,49.19930002212524,51,-23.011887544534204,54.95903641966571,False,86
QPOWER.NS,1426.5,1570.0,-9.140127388535035,698956.3095238095,-4.6010865098308535,11.63282288641916,14.334410516127072,83.55578258091391,0.3958909211350443,1450.3576022953937,1400.2755647469155,1254.7868603515626,1225.5418939208985,1019.4626223754883,4,-10.713372686106693,21.79974104878253,False,86
KRISHANA.NS,179.66000366210938,206.38999938964844,-12.951206844608244,1022558.6892430279,-3.600360374994349,-3.641723463271329,32.874198666044016,77.16995691053535,0.3964186163387365,185.55445768180348,185.98663072233362,172.01519958496092,153.42723716735838,128.10173950195312,10,-15.55792465977499,34.49194272832072,True,86
EIMCOELECO.NS,2325.5,2373.76648551747,-2.0333291337605197,72817.04016064257,1.9777275735671118,29.54710220197818,44.89096573208722,50.05835188074539,0.3959782366967667,2246.927181614287,2178.4999275972045,1977.6100048828125,1794.8954663085938,1696.177250366211,229,-40.94537746267466,-5.442268657315119,True,86
WOCKPHARMA.NS,2179.39990234375,2422.300048828125,-10.02766550749511,1255970.1706349207,4.342411705471982,13.931720138448878,13.55773018923825,79.92238210938862,0.392568570987639,2113.6503896693252,2039.1593062598074,1935.9259936523438,1856.7839916992189,1605.2674926757813,74,-26.00421135766394,69.3196934599882,False,86
SEDEMAC.NS,2906.199951171875,3368.89990234375,-13.734452331159307,206635.88372093023,3.261798323389531,-5.019939055007116,4.607299771422446,98.30774146515695,0.4002747853882705,2919.2741265953136,2948.4018327361496,2884.3479833984375,2602.8099816894533,,15,-17.04116685438539,22.012608102644915,True,86
IKIO.NS,223.8699951171875,248.8800048828125,-10.049023334518658,681360.326693227,7.469635514837458,4.174035121203357,37.87645614918787,67.66775610668671,0.4001180986315547,215.89746185402083,210.08576767845906,205.61799957275392,181.83979934692383,167.80274971008302,250,-58.40164065086508,0.0,False,86
SHAREINDIA.NS,198.92999267578125,212.3300018310547,-6.310935355209701,1904971.9442231075,17.867121123424347,20.39203043941957,44.46640491402321,50.531122246446536,0.3941748857301193,181.68914403222564,177.287514548942,174.45924774169922,156.41061553955078,151.39069805145263,1,-10.040977318496191,13.151587619030526,False,86
ADOR.NS,1603.699951171875,1766.4000244140625,-9.210828294466156,36337.17928286853,-6.467982386163518,8.453371483574944,38.498931015724814,63.36910041362973,0.37941195528267974,1635.9872275495618,1612.038605947477,1502.5118212890625,1305.4359045410156,1152.7731838989257,8,-10.586503476868458,31.390316488080906,True,85
SHREEPUSHK.NS,486.8999938964844,545.2000122070312,-10.693326670067705,211397.23015873015,2.4513401149888203,31.59459294499578,28.03050473973392,59.06565964975072,0.38599467882318506,482.7040282960289,462.4906681305926,423.80500061035156,401.2309997558594,372.9725003051758,3,-12.17902107985429,25.814009736567954,False,85
MSTCLTD.NS,738.5499877929688,805.0,-8.254659901494566,514931.78571428574,0.5924782775283965,27.18270574612298,4.197234835264929,78.73910115542857,0.38250599889728343,743.4588100473577,721.6741458934927,663.4939990234375,594.0149981689453,524.440662689209,3,-10.931677018633545,19.226644378708848,False,85
KDDL.NS,3881.89990234375,4147.172141618966,-6.396460774151979,30391.032,-0.5447431194359087,-1.4243818124161645,37.66396243688557,68.95557317339987,0.3854206732599879,3906.569951171715,3869.0214651892015,3597.18103515625,3169.2390991210937,2750.633566894531,27,-15.533631192924613,29.12715689257388,False,85
TARSONS.NS,311.20001220703125,375.0,-17.013330078125,458641.625498008,-7.518569923616269,-0.511501166360806,50.534522632689935,60.20592649010619,0.3838857016021567,326.73071584007545,328.65431197244766,318.89399963378906,272.60359954833984,240.28775001525878,19,-18.933333333333337,37.19442330816967,True,85
SUNDRMFAST.NS,1270.0,1347.199951171875,-5.73040038375312,139320.872,5.912770065683426,4.958677685950419,49.15731772767862,53.727445499354445,0.3782118606180379,1231.4741130125415,1204.1082050988618,1088.537998046875,973.250283203125,929.6908486938477,1,-8.996433756284505,30.843747456868485,False,85
MANORAMA.NS,2055.699951171875,2148.6752714346185,-4.327099655252519,209176.70916334662,4.586731255919396,26.475340255158784,34.261866022391054,55.15987407208598,0.3809625061217541,2001.2492968713448,1925.5101426973372,1737.0410595703124,1614.4062377929688,1471.7265594482421,3,-7.601768988791003,31.06986207956983,False,85
PGIL.NS,1187.699951171875,1269.800048828125,-6.4655925735723985,287678.90476190473,4.261943178448768,-3.630979088233921,42.6580948394923,63.35958377182938,0.3784126046077753,1170.0781627775798,1163.3767580471367,1105.3559997558593,975.4366827392578,875.9103137207031,25,-12.761855614801554,51.08835984851574,False,85
GKSL.NS,171.08999633789062,180.89999389648438,-5.422884405517047,845129.5617977529,-0.9953134916976802,25.635192788725924,33.237280164002556,57.45443638113101,0.37980465810228586,169.6051383065823,162.2956603910714,143.2665998840332,137.54030029296874,,2,-6.025425242812132,33.92681585753168,True,85
LLOYDSENGG.NS,82.76000213623047,99.47641802454628,-16.804400701471735,8122956.924302788,-2.577981036710364,-10.196286276269761,16.310605117528997,88.90874674264684,0.3815962487339245,83.63973004742732,85.64243396089925,88.44377685546876,80.23823471069336,64.88774745941163,23,-21.086824838596662,33.608982819299804,True,85
AETHER.NS,1674.699951171875,1717.0,-2.463602144911181,330733.2111553785,1.2086783459342998,3.844484521435465,45.67675597925272,59.852995957167444,0.38533989915523315,1648.634916827761,1634.2668874363249,1554.6319995117187,1364.3239990234374,1176.8775033569336,9,-7.606288618866486,24.801418012446398,False,85
TNPETRO.NS,128.89999389648438,146.99000549316406,-12.306967086630237,508980.95634920633,-2.8636044756202628,16.556649032386606,41.60166497310813,57.21429107811191,0.38391185282092494,130.3567566100522,124.11037897411519,107.96819946289062,99.09169975280761,96.85014995574952,3,-14.00095316821509,45.890975314110726,False,85
AEQUS.NS,225.97000122070312,274.3900146484375,-17.646419637308075,5454990.952879582,-6.693365242924621,-10.432435992647182,13.564180356160605,93.4674617436171,0.38700415081473116,236.17323262079515,240.32578413873907,241.54140045166017,222.12850006103517,,46,-21.644378978051016,25.87552528837973,True,85
WINDLAS.NS,1129.25,1181.9000244140625,-4.454693571917323,68298.04780876494,0.25747098831816473,18.931016324381254,37.222677036127024,54.38017612974,0.3673082392644218,1103.3989195208692,1052.872105305471,934.5312915039062,877.0029412841797,829.5777557373046,4,-6.01996978968976,36.517984049999995,False,84
BETA.NS,2118.5,2807.89990234375,-24.552153791818178,20947.504,-6.215410527844833,-17.21375537319265,15.41185596953163,87.3452342167346,0.35497358350130315,2171.604510903833,2227.358207646016,2292.0579833984375,1930.604990234375,1666.8314959716797,21,-28.280917451964406,36.713320506755466,True,84
HONASA.NS,471.1499938964844,506.64561650495574,-7.006006062646786,1533197.278884462,0.021230465153854183,-1.1193327478963733,18.402446483180434,76.27192974443804,0.35807762339665455,473.4963225598761,472.9522828453767,467.02453552246095,428.21554077148437,358.9358174133301,19,-8.41724770050164,15.823010031044294,True,84
SAILIFE.NS,1585.0,1697.0,-6.5998821449617,560954.0634920635,0.044180467733534456,9.219959573460468,31.393512048662163,66.30817064175965,0.37789731832767953,1578.697755833614,1529.5003087659559,1396.1299975585937,1275.407498779297,1102.0807482910157,2,-7.401294966761196,32.63141934574871,False,84
KWIL.NS,43.040000915527344,50.68000030517578,-15.074978973250296,18966369.317241378,2.1842402824614915,16.513271563599453,15.326905861407102,73.40854731961414,0.37482569027233825,42.39760940503965,41.77273390882128,37.131399917602536,34.016999893188476,,14,-20.422254166924468,39.34097118034599,False,84
DIVGIITTS.NS,1188.300048828125,1326.0175300078042,-10.385796421474813,98462.70682730923,-3.5225257225587003,-3.2680020434390777,37.10190476156943,64.81430155914532,0.3605043907118527,1193.4748438691386,1180.1452596402926,1078.0833142089843,929.0092492675781,788.3134375,7,-14.986037264417584,31.679737729211553,False,84
TCPLPACK.NS,3871.0,4410.89990234375,-12.24013045630149,7966.94,-2.1634761043188733,-11.920633324648877,55.01073887927923,54.83847278459459,0.35838136502259943,3900.309558057297,3858.2652415436332,3526.6960498046874,3105.4863940429686,2918.254444580078,21,-16.094219276355414,61.041395975805735,True,84
APARINDS.NS,17500.0,18401.11382486979,-4.8970613053428425,118715.29880478088,-0.8091032445497359,-2.440235389064205,9.850850498141739,85.71020109658143,0.3667037818580728,17346.616311449696,17045.392122061538,15609.22259765625,14659.836171875,11971.363806152343,21,-12.271859252714156,11.780405834270802,False,84
COFORGE.NS,1846.5,2021.199951171875,-8.643377963203758,2864702.115079365,-6.402070443132302,0.9568069983597605,26.641806914404654,70.2348564803467,0.356376390218188,1897.1241573012328,1880.3067950110378,1733.1542822265626,1553.206044921875,1518.1299829101563,9,-11.898872244705927,34.590186495497235,False,84
PWL.NS,136.10000610351562,161.99000549316406,-15.982467134826406,17146639.76811594,7.6570226821504495,15.124348416671541,24.40585393531347,61.86965168838461,0.3586018880749724,126.30801143969984,124.75533038358196,128.27039947509766,120.33819953918457,116.14624961853028,206,-52.021730609804266,0.0,False,84
JINDALSAW.NS,311.95001220703125,320.0,-2.51562118530273,4236769.619047619,2.178193475255563,17.984122317780106,25.83195821020827,64.54506579844892,0.3738225759352362,308.454009389693,299.7755676670791,277.56199951171874,259.354559173584,219.95889526367188,1,-4.671878814697261,18.448056130942447,False,84
QUADFUTURE.NS,478.5,511.79998779296875,-6.506445601252953,1185318.884920635,14.501078484946461,32.10932740844095,16.28189550425274,61.219683180639194,0.37244415253714336,434.78546315513165,418.38722408400884,395.68000061035156,371.2825,336.4334999084473,0,0.0,18.14814814814816,False,84
RBA.NS,98.05000305175781,111.1500015258789,-11.78587340916144,6028064.424,0.16345251109102232,4.508637146336447,41.95743953232596,58.0432005235801,0.36722584749506215,98.4205337957185,97.10730443506102,85.46340011596679,77.60529983520507,70.51754997253418,13,-14.853802887610822,33.41270300390076,True,84
RAIN.NS,215.97000122070312,250.82236847510148,-13.895238876136384,4414317.908366534,2.012183823031788,3.631667287068985,4.429681152439868,82.81572414578775,0.3538274584376404,212.99760422129586,211.0346713256145,211.68060150146485,190.67250930786133,160.6478126144409,24,-23.013243484827317,13.211767621915937,False,83
JTLIND.NS,88.68000030517578,93.86886160930845,-5.527776959445008,4029736.3333333335,-3.1265462732465554,15.871462487977684,15.344707906150102,69.86207862065177,0.3540988169037662,88.11119478504304,85.41360897843722,79.40973754882812,76.98229026794434,69.43291765213013,7,-8.829791611600646,19.05682896341181,False,83
NEOGEN.NS,2373.0,2483.89990234375,-4.464749253345812,159681.50199203187,11.038317887049875,14.79295936780427,15.004258317918273,64.14186054758942,0.34220445376677094,2252.230504152939,2212.6882188886134,2139.3922827148435,1977.6799072265626,1617.1999856567384,17,-16.003060333668373,20.593559575901722,False,83
AYE.NS,179.4600067138672,197.2899932861328,-9.037451051258593,1831071.2344827587,-2.8948600808407887,2.2214679935682824,7.984839086297968,80.36181579283135,0.34694985633651515,179.3391425388067,177.4044745193876,172.7816000366211,161.4548998260498,,38,-19.636064449649904,28.738683662283783,True,83
SOLARINDS.NS,22290.0,22625.0,-1.4806629834254181,148502.88446215139,3.940312427139192,9.673292658925403,31.979226982580087,56.502489268161526,0.34523453576537644,21669.83920975739,20961.17129878324,19447.380078125,18419.77189453125,15861.6507421875,2,-2.1878453038674084,22.330915592249667,False,83
DYCL.NS,455.45001220703125,560.0,-18.669640677315847,566619.0039840637,-16.323714418258028,0.31938594868530235,42.258924219851934,60.42285147957172,0.3527832360569552,473.7086029680249,466.6524075390349,427.1933325195312,386.0278479003906,346.04762718200686,7,-21.062502179827014,53.25982393201485,True,83
SONACOMS.NS,788.0,844.0,-6.635071090047395,2198806.095238095,-0.12674271229404788,-1.4876889674780847,32.01207338716712,62.594460405089734,0.34331194113461005,798.2938563407073,796.6113955017839,763.2069995117188,681.4315380859375,592.5793426513671,16,-8.364926017291175,32.725074592501,True,83
ORIENTHOT.NS,141.35000610351562,148.08615521805814,-4.548804109758587,804793.5238095238,1.014802759994815,14.249922978389296,19.414313221459032,64.5786607881429,0.3460722315337221,139.83668274675105,138.11095178127155,134.49977645874023,121.92353302001953,111.57931327819824,39,-19.560337986237265,44.12679229171719,True,83
TALBROAUTO.NS,423.75,451.0088983272933,-6.043982375600887,205461.11111111112,4.060181975519006,0.6297621879181259,18.753261121209075,71.33268668655799,0.34691023646121444,418.1583632181395,415.9421410808951,411.2630926513672,381.79465942382814,323.3228675079346,24,-12.643932470716946,15.693526283870485,False,83
ORCHPHARMA.NS,1003.0499877929688,1133.0,-11.469550945015994,117936.91633466135,7.318243362994248,-5.666327308228613,4.391946014391812,85.4580813665195,0.3509937522557905,986.1563177351618,987.1875014372159,1001.4499987792968,900.8049951171874,787.3497479248047,22,-18.473079240332634,2.900350494296533,True,83
SUDARSCHEM.NS,1248.199951171875,1595.8711433648984,-21.785668200000018,233894.66135458168,2.0771917999260925,18.56002025847645,38.370573714804436,46.93258720735367,0.342039302290707,1242.5490870066483,1213.3951617128132,1111.003992919922,1007.1877722167969,951.1555877685547,241,-54.684966831265825,10.550525577911053,False,83
SBC.NS,48.33000183105469,49.380001068115234,-2.126365359150495,11296806.17131474,11.74566897353686,20.253803141302228,30.1292477794846,50.13980706092318,0.34320024683828787,45.52930390609929,43.73194764728501,41.986800003051755,39.58620021820068,34.80030003547668,1,-3.4021876647154614,13.97058683815433,False,83
MEESHO.NS,217.0800018310547,254.39999389648438,-14.669808553775054,24635982.120418847,3.8660295842366965,12.116520661860442,29.91022974384412,57.85339956866626,0.349243358414155,212.24625518007085,207.52738717484687,196.04680084228517,190.19939987182616,,184,-50.64465386359866,38.497273441201955,False,83
SGFIN.NS,660.75,727.4500122070312,-9.169016576777311,330411.25,-2.2125221158721287,0.4637354016056694,12.448949532565834,74.61681042752757,0.33452903899514697,674.9334680966722,676.757487103218,672.2980004882812,628.0639996337891,518.1037501525878,27,-12.035189542075663,17.67946192640586,True,82
THEMISMED.NS,128.25,148.0,-13.344594594594595,250314.89641434263,2.706812828600258,18.050442489435504,24.623452955157752,55.60543903084285,0.3350998127963159,126.57737396256373,122.15394460188764,114.81040008544922,109.461499710083,99.62449977874756,240,-56.114866926863385,39.9823242733427,False,82
OPTIEMUS.NS,566.25,713.0,-20.582047685834503,216271.52,0.24785774534383798,1.4330497089117822,32.564674725765094,58.72459705676243,0.33570636956751243,563.6450561500662,566.9350515877122,575.7689990234375,504.38999938964844,468.45300033569333,239,-59.60729312762973,7.243524271194279,True,82
GOCLCORP.NS,441.54998779296875,459.8999938964844,-3.9899992057068623,182574.03984063744,3.298625613118089,2.471569748743807,9.78368333954256,75.56659554392395,0.33985919730492925,424.6581305081675,416.6459751901916,407.2960009765625,387.76400177001955,331.6877508544922,59,-17.808218087282402,39.78967347579277,False,82
TVSSRICHAK.NS,5146.0,5717.877906976744,-10.001576044129234,15410.32,-1.240059939994409,34.013475471349985,27.770610042066423,46.033828026764944,0.33423403323596457,5180.363633907741,5002.355213582618,4436.527045898438,4164.176552734375,4081.7012145996096,7,-13.595566740384857,31.275081951465665,True,82
GRANULES.NS,909.2999877929688,914.8499755859375,-0.6066555108573013,1100125.5577689244,7.190852396297243,6.034633634965836,21.760433061953123,62.076513361655984,0.3328474722987122,875.5074877791484,863.307033855468,858.0585168457031,807.919990234375,699.5949060058593,0,0.0,3.4507467105820533,False,82
63MOONS.NS,908.9000244140625,966.0,-5.910970557550465,360253.0,6.772396406938319,4.784413054176895,37.6495594755395,53.000596429743815,0.3412922866608859,852.5693277547969,828.9472494316973,784.2150012207031,728.5800036621093,692.523752746582,245,-51.65631469979296,-1.0870627983716408,False,82
ESAFSFB.NS,39.61000061035156,44.9900016784668,-11.958214864193305,1178988.920318725,-4.346774314641866,-0.15124164699538145,27.69181181761713,63.54253399384404,0.332596313819595,41.220232515854306,41.31607461566285,39.36579986572266,34.37739995956421,30.142949924468994,10,-13.691930690370302,30.922392640572415,True,82
TIIL.NS,3250.199951171875,3565.300048828125,-8.837968567605415,19992.614457831325,-0.526410959354473,12.920817706102806,28.39535737370491,57.687945609533855,0.34125307901210133,3215.138350115113,3160.7295363244566,2848.5979931640627,2685.987062988281,2452.7276849365235,12,-13.053603907400358,34.69920986728321,False,82
DIVISLAB.NS,9322.0,9615.0,-3.0473218928757095,385031.01992031874,2.4395604395604398,9.670588235294119,39.447907286850146,49.004159935064415,0.3361410985109568,9289.31618520322,9045.482701390882,8196.461015625,7425.559619140625,6827.196904296875,2,-3.1669266770670834,30.9930683925834,False,82
ARVIND.NS,575.0999755859375,607.1500244140625,-5.278769256256766,665187.2380952381,4.005780430404093,4.3283975074843495,16.780983060046275,67.98051858855503,0.33492759897973173,564.4014923639501,555.6383107482864,539.0756964111329,508.19210540771485,423.8470397949219,2,-9.034017032944607,6.352380087013021,False,82
SGMART.NS,750.9500122070312,860.5999755859375,-12.741106959043469,349830.916,-8.94816463085405,0.5085976937428072,27.832155349820418,66.13938323164408,0.3401230297326691,789.6021147833106,786.0490836195064,731.6579992675781,659.552001953125,536.0522508239746,12,-12.92121244788147,38.4109776828264,True,82
AVTNPL.NS,90.12999725341797,97.0,-7.0824770583319925,166380.05220883535,-1.6477544154163692,28.280663980995357,25.10064372164895,50.736195876736566,0.33316028821846744,89.61436996731338,86.71695694370882,77.40146697998047,73.1905908203125,68.60563682556152,5,-9.948455181318462,32.87820896750837,False,82
CRAFTSMAN.NS,11669.0,11999.0,-2.750229185765485,71029.859437751,4.001782531194298,11.017029778327458,25.12840812048043,59.48726200067951,0.3393701144520086,11400.67264248793,11070.482683735603,10192.831640625,9470.283466796875,8419.303510742187,2,-6.400533377781481,29.071927820000987,False,82
HUHTAMAKI.NS,254.39999389648438,330.0,-22.9090927586411,516482.4342629482,-1.4717343651788561,-8.620689844168517,44.99857413593029,53.71685874100187,0.3311500433182825,260.5741077487117,264.18355795982706,264.21980041503906,220.8004000854492,203.65697196960448,33,-25.0,95.24700778206817,True,81
NELCO.NS,947.25,1120.0,-15.424107142857146,262825.85657370515,1.4457831325301207,-2.7563880770848814,32.306723074136045,59.60937839863285,0.3312906897952999,944.5170490188873,946.5593146141404,942.3549975585937,841.0386322021484,755.7197871398926,18,-21.83035714285714,16.89995908338875,False,81
AKUMS.NS,776.3499755859375,796.5499877929688,-2.535937796320875,262523.928,1.3842606054113693,3.258628821648424,30.68962498643757,56.3324815769086,0.3253003195156553,758.7782834174926,751.7473065093357,714.9909948730469,638.0500271606445,549.0441149902343,8,-7.959320111794987,19.881513743312528,False,81
IGPL.NS,547.0499877929688,590.0,-7.279663085937504,43100.86345381526,-0.32795624907282495,17.141325009201026,26.751236154010915,53.29608141659789,0.32739272789775353,546.8216560831505,527.9569150178963,479.6864270019531,458.19209045410156,414.4400946044922,3,-9.203387761520132,36.07935434512197,False,81
UNICHEMLAB.NS,539.7000122070312,687.2000122070312,-21.463911143756352,257502.75,-1.9083969042241744,-0.4977898387722224,20.9140819596777,67.29696280100279,0.32902612050127567,545.5057150211816,542.473782984804,544.0249975585938,471.4139981079102,427.0534992980957,46,-29.816650287301314,78.76080608999865,True,81
MAXESTATES.NS,560.4500122070312,579.0,-3.203797546281306,119714.09561752988,3.384991228095857,27.50540957152916,22.73076091052719,49.53309243878938,0.32472046285789335,541.2904955580885,520.5616363514386,459.9950018310547,443.5910000610352,425.64475006103515,12,-16.217615526163108,31.86436004164581,True,81
KIRIINDUS.NS,537.3499755859375,779.0,-31.020542286785947,976799.4642857143,-3.8901808173405827,29.591217531787706,37.13154707569022,39.30005847982825,0.3238871293926185,539.3512486523041,514.72880138033,448.1699993896484,423.4650003051758,452.60449996948245,175,-57.15019412157012,26.560316180547684,False,81
EMMVEE.NS,346.0,371.54998779296875,-6.876594975749384,3793680.9855072466,6.3960599668510865,6.905609925846012,2.869033364463358,72.77539672966944,0.31991596683061096,332.4370151565905,329.05303166043717,327.92900146484374,315.885500793457,263.32985038757323,41,-17.642306539246565,39.846892288427036,False,81
CAPLIPOINT.NS,2754.89990234375,2877.300048828125,-4.253993132701838,118870.216,-3.166963010764501,11.426145088106487,16.50595401202759,63.325077632846096,0.32250349973291564,2718.698857586697,2661.3868605192924,2593.7540087890625,2350.794938964844,2060.696792602539,5,-7.444477375903668,8.529797283365003,False,81
STOVEKRAFT.NS,814.9000244140625,873.3447454599583,-6.692056183966056,222562.532,-2.5530613555680093,2.404040041460709,24.071064586022818,61.08478108272519,0.3188073368163227,826.7885549355042,814.4485876196791,789.6189111328125,704.726840209961,619.4396112060547,5,-7.356175234120799,5.311007175167082,True,81
ASTRAMICRO.NS,1680.5999755859375,1957.2277658555508,-14.133653481494157,559036.3015873015,-2.661628652961756,-1.0535382722446696,13.707213737491664,71.97838396113,0.32426647185954394,1697.6860787839662,1702.583194904679,1738.3573608398438,1552.011492919922,1253.404048461914,30,-16.785712918743013,31.144773518923706,False,81
URBANCO.NS,166.88999938964844,201.17999267578125,-17.044435100161316,9615065.834677419,-7.841403299686867,18.07698012859531,29.51264829983391,51.53909339125937,0.323006875422043,169.21396807292896,164.33881989030033,147.35500152587892,138.71080078125,131.58855014801026,244,-49.94532229130317,11.928306466505155,True,81
ASKAUTOLTD.NS,624.5499877929688,687.7000122070312,-9.18278657744901,383043.9801587302,0.9210652713744327,-3.8340170830768905,37.40304947059359,55.81226594665265,0.32871124330361196,623.2942318018361,619.2563589720303,572.0789935302735,509.61830810546877,477.2732878112793,26,-12.919882949536078,61.097436605357494,True,81
BHEL.NS,431.0,446.5,-3.4714445688689755,12796154.472222222,-0.023197889607917688,2.6190476190476097,12.54303037257596,67.26897518171822,0.31191988919308805,428.2458813415382,425.17734296967024,414.84645751953127,404.42932586669923,338.0279563140869,40,-11.422172452407619,3.6253327258339185,True,80
INNOVACAP.NS,1147.199951171875,1200.0,-4.400004069010421,67570.31075697212,-2.3991894381868217,9.517895099940343,18.97945827089975,60.683511668490574,0.3163090222483554,1138.8363193910816,1102.76187234208,1025.0599975585938,953.7229986572265,825.7663787841797,2,-5.575002034505205,19.895096730671558,False,80
STYL.NS,387.3999938964844,434.70430029318214,-10.881950411991282,268740.6359832636,1.0169475610128709,-6.567544227851629,35.10550764969973,55.88888944149812,0.3167539398204013,387.10812587668136,387.3137176786742,380.8534967041016,326.4495837402344,292.4147373199463,238,-52.197970082470555,0.0,True,80
JYOTICNC.NS,985.0,1058.8499755859375,-6.97454571362397,996255.876984127,-1.8826600213595723,18.31121427449245,40.523572700798006,37.579437559275796,0.30662823686712254,1000.0505646816916,974.0029214418192,878.2400012207031,791.7350024414062,822.2407516479492,3,-8.76894533945255,32.49871836306015,False,80
ARTEMISMED.NS,344.8999938964844,362.0,-4.7237585921313885,238951.39516129033,3.63581927504244,8.510299598408455,30.715136640589225,50.33292787175772,0.3141335398806579,338.0774728255236,329.1718310797757,304.66471801757814,283.74542892456054,265.28244499206545,1,-6.160217622367059,26.561363659281547,False,80
BOSCHLTD.NS,48385.0,50000.0,-3.2299999999999995,32655.613545816734,3.342588637334476,3.4973262032085506,24.736585683191457,55.57706830367306,0.30685527130801826,48315.57988121084,47657.677195030825,44610.187109375,41122.216015625,38143.70431640625,9,-7.179999999999998,19.47543934992666,False,80
AEGISVOPAK.NS,295.1000061035156,311.489990234375,-5.261801227874785,1150496.5793650793,3.7258369432392247,8.692451603504825,24.710459218218617,53.163408312335704,0.30789575105424755,287.03402907644374,282.44655638578155,282.37284606933594,246.5593812561035,232.42246063232423,44,-17.075990917520144,53.84475115423803,True,80
GOODLUCK.NS,516.8499755859375,557.3666381835938,-7.269301716675458,550340.6746031746,9.293715850432772,22.109776473758934,18.02922648775287,51.65786211821013,0.3142323967340498,494.1584482958054,483.51655270212666,488.7886657714844,471.39149963378907,419.0208312988281,44,-25.124089797353122,21.424855050028224,False,80
SHAILY.NS,3279.5,3611.994309186523,-9.205283306811351,306553.65476190473,0.12538750343804583,-3.6540344023878957,12.384381646839572,69.30114542170982,0.30717504532602025,3327.1654023471674,3295.9996957431076,3125.821953125,2961.951298828125,2554.6472424316407,23,-12.950876698465574,18.39285061408087,False,80
CGCL.NS,266.0,287.45001220703125,-7.462171263218531,2863214.273809524,-4.966057234579657,15.176515126989276,22.1754843703317,56.50300947713276,0.3179254640389251,265.5289073921933,256.9326284692066,244.64350006103516,222.87547561645508,199.4827788543701,4,-7.740476275914987,7.5017051980338145,False,80
APCOTEXIND.NS,601.1500244140625,712.0,-15.56881679577774,116014.392,-7.572262938392216,-0.07479241857295538,16.01852669868318,69.61320391452628,0.3187865479786166,617.8295931945415,617.0044631739033,590.9069970703125,538.9275277709961,451.3697427368164,30,-17.68258769860428,19.669597186865605,True,80
BEPL.NS,128.0800018310547,137.34641029083173,-6.746742372192593,1478993.9126984128,0.4549033969056371,4.726082285419708,31.85749492546204,52.360117170894306,0.3149200214277084,128.7962793161705,126.59016919584911,119.19676132202149,107.50690589904785,96.2218049621582,38,-19.029555378269503,28.384523858105236,True,80
AMAGI.NS,578.3499755859375,727.4000244140625,-20.490795136855855,795067.2469135802,2.671753616032402,-10.776000509975937,32.892913456722894,58.604136916595586,0.31421504063263156,576.5753883161981,582.9170276584563,599.6289990234375,520.9854992675781,,21,-24.656314352692565,29.782760309221977,True,80
RACLGEAR.NS,1756.699951171875,1856.0,-5.350218148067077,83591.43824701195,11.458662418847943,26.40857831868846,32.851840452454994,36.54877195273028,0.309026428224511,1595.6819960156727,1540.7922263722353,1415.3059985351563,1357.8590026855468,1270.277438659668,0,0.0,30.989484986334336,False,80
VENKEYS.NS,1787.199951171875,1795.0,-0.4345431102019459,92285.704,7.192972128896824,18.654432912423214,28.272093375949513,43.040517983649075,0.3014801900161881,1676.3954061878605,1628.423206410769,1537.842939453125,1511.3805725097657,1462.9061059570313,0,0.0,21.411046617986408,False,79
NAZARA.NS,370.29998779296875,380.0,-2.5526347913240155,2498578.685258964,1.2301804675146188,5.139118386883501,27.272717737325426,52.701025894007735,0.30413067402928884,368.44982296628154,361.87656757147397,336.84199768066406,309.95889862060545,283.33329917907713,1,-4.736842105263161,20.81586150353738,True,79
VENUSREM.NS,1616.300048828125,2031.2182849222206,-20.427062870300205,65777.75100401607,-5.029671212056552,-1.863992178013052,-13.610750197072763,88.77911203001993,0.3055265419607788,1643.5388716209202,1651.9087753157276,1664.9671655273437,1505.2293530273437,1149.432522277832,53,-28.766886594393416,96.13821105221463,True,79
SANGHVIMOV.NS,426.5,525.873954285097,-18.896915025995476,438908.76587301586,-2.8916238283355655,-13.786135137285916,1.4629324264684218,82.22309523593765,0.3028172841202485,442.9695631547596,451.63226709769424,455.53568969726564,411.2569223022461,352.51695907592773,24,-20.113935539054516,21.51597192113366,True,79
FLUOROCHEM.NS,4773.2001953125,4958.89990234375,-3.7447762747435553,126360.47410358566,1.6742660934099707,4.5424766633892055,29.527016059842982,49.85088130295809,0.29874379281154967,4716.737017227256,4671.600605457816,4471.200029296875,4091.4390112304686,3726.6740063476564,20,-10.038512865569682,22.858637011400653,False,79
GRWRHITECH.NS,6921.5,7990.0,-13.372966207759696,80058.5219123506,-2.514084507042258,-2.958289519803714,9.508741397041366,69.6945159640421,0.29887362450064286,7002.43786762231,7047.94114066066,7049.62,6368.972998046875,5004.513500976563,25,-15.700876095118899,17.58532286492549,True,79
AYMSYNTEX.NS,281.6499938964844,330.0,-14.65151700106534,45780.84,-11.221436124039597,11.23617586538035,27.657157985416635,50.053275692992514,0.29443549233494104,293.47456911986905,282.6842283811203,257.9208013916016,241.60910034179688,208.78940017700197,3,-15.000000000000002,36.526485087993144,False,79
RATEGAIN.NS,878.25,1050.0,-16.357142857142858,522632.94,0.977292325380863,-5.832844367128953,6.512644836823944,72.2565439808365,0.2978757140249408,881.1662206103873,898.8073096734324,925.7000036621093,830.0400018310547,711.7905012512207,25,-20.64285714285714,22.284052048790848,False,79
CLEANMAX.NS,1431.0,1536.0,-6.8359375,348921.8582089552,6.165143859394284,14.032988458037687,10.178622282248572,58.80590819786635,0.29999062041368074,1357.8128172502848,1325.1963621041787,1308.6760009765626,1269.1549987792969,,57,-23.763020833333336,29.554579585818132,False,79
GIPCL.NS,199.72000122070312,207.3979831995766,-3.7020523827780205,420393.59760956175,-2.0032695899311337,17.13438176473574,25.490825852997933,48.84455658108244,0.3041161978228639,196.25907332838557,189.27946400721416,170.76466400146484,162.81433624267578,152.18977088928222,5,-6.381379278159804,27.663223868419596,True,79
STYLEBAAZA.NS,388.1000061035156,447.1000061035156,-13.196152805763983,843439.8412698413,-3.035601223356499,11.555048264528732,15.197391847612485,57.989015162385435,0.2976227314980802,393.71079108604414,386.62775721497826,341.6519982910156,345.4714974975586,320.5012487792969,15,-15.678820207236942,49.214006074949815,False,79
ACMESOLAR.NS,402.29998779296875,430.5,-6.550525483630953,1631039.8095238095,-3.755983781586425,7.42322771507844,18.445457094746274,57.38820344757536,0.2959796567231108,402.63600193330655,397.33419610702913,382.7670001220703,352.5860000610352,295.6294249725342,5,-9.500579302319256,10.875331564986745,True,79
VIJAYA.NS,1502.0,1578.0,-4.816223067173642,207986.1513944223,0.5893416230839499,1.0427177934746013,15.66302389019274,61.36656851075068,0.29513012292361407,1495.7698917600442,1481.778899382333,1421.836005859375,1349.0450024414063,1167.4642510986328,2,-7.091256300003956,7.881099616806053,False,79
GUJALKALI.NS,705.0,815.0,-13.496932515337424,1248036.533864542,-2.3004401534878594,1.5338121680029237,9.480547656755235,63.68701648912811,0.2839568931092961,711.829165458615,704.8352650003186,669.53599609375,675.2809991455078,595.8394993591309,93,-29.07362112969708,75.55846799621091,True,78
SAMBHV.NS,131.0800018310547,141.32000732421875,-7.245970112123801,1302166.733067729,1.8571756502503867,11.928956662876388,23.392636438713943,46.983630166512945,0.2838275189581968,129.81505049635555,127.79743260412262,122.4450001525879,117.11620010375977,107.46745014190674,89,-29.238611083158016,38.34370039544688,False,78
HATSUN.NS,1224.4000244140625,1240.199951171875,-1.2739822109235743,79606.75697211156,4.757013455097292,27.019037181265524,34.66784073637452,30.832682666844757,0.28612934069413093,1172.9599087100546,1120.803954230306,990.9890014648438,958.6262298583985,947.539274597168,0,0.0,31.9823227662972,False,78
HIRECT.NS,1245.4000244140625,1397.5377365248423,-10.886125514513111,138793.77689243027,0.7768227226597757,0.24146812146230712,9.783655871537533,65.1043760767276,0.29102823088710744,1248.5099583661354,1249.3115260568547,1237.0387548828126,1138.7155865478517,929.5057144165039,40,-16.83229594083564,30.07876184171345,True,78
GUJTHEM.NS,422.6499938964844,479.0,-11.764093132257958,240063.16666666666,2.7470493801634133,21.71346116529427,11.634967533762985,50.436011935473715,0.2828229220539357,423.46722469550474,410.71897266066776,381.0739996337891,383.24,361.44525009155274,221,-53.01670082426768,24.066004989170796,False,78
ALIVUS.NS,1386.800048828125,1488.4866814641196,-6.8315446756952225,120895.324,-2.2554270438904234,2.259404298279666,32.396365420050046,48.153123969770185,0.29206497369189977,1386.8241869799863,1367.0639325209113,1268.2799609375,1166.6037658691407,1047.120457458496,8,-9.492572244817243,22.18165780250212,False,78
JNKINDIA.NS,422.3999938964844,558.0,-24.301076362637207,538808.3784860558,-5.089314575382231,2.2388963177178756,-14.207375107115238,80.79869240612216,0.2799611223631964,433.32471027192526,437.6982109880593,454.86000061035156,435.07309967041016,338.9598999786377,42,-31.836916468904008,46.30846070936381,True,78
RRKABEL.NS,2424.39990234375,2983.800048828125,-18.747909958111208,441174.5059760956,-7.384347038765449,-13.091489192996942,11.114167049529255,69.51535981596695,0.27783661498769624,2560.9610647563595,2635.6404654909434,2584.5819921875,2315.344451904297,1871.1053295898437,13,-20.61800191381765,14.690478613377289,False,78
GNA.NS,551.0999755859375,601.6500244140625,-8.401902564095277,242621.86454183268,3.6291816916103947,-0.2714440945114971,47.678604694752444,33.44152437342844,0.27988820508055856,546.7103104829843,544.5882317092068,531.9260009765625,463.79358337402346,417.883955078125,40,-19.34679958293406,60.496162759017594,True,78
KSL.NS,968.75,992.5999755859375,-2.4027781757559152,54358.10317460317,3.003721424774053,12.60606924861769,20.704053236328,47.68282099496648,0.28105930361085935,930.9786401902848,911.8382412762321,890.5315246582031,857.0155804443359,782.5612127685547,1,-8.724559511984376,6.656412278317836,False,78
CENTUM.NS,4192.0,4450.0,-5.797752808988765,63677.284,11.273324281775343,10.57768398839356,15.719985976465424,51.30977477970089,0.2848277493067623,3994.221432891453,3823.0267261348076,3654.993203125,3469.458310546875,2982.144533691406,2,-8.25842696629213,16.541403411674914,False,78
LENSKART.NS,681.75,703.5,-3.0916844349680117,6296054.9718309855,-0.45992470459573775,14.215106737385241,35.523311110898106,36.404565156252076,0.2801584827278774,678.7084751822144,659.1185528398811,600.2940075683593,553.5145050048828,513.3022528076172,1,-3.3404406538734888,29.916603780576768,True,78
NPST.NS,1686.0999755859375,2197.7059983294785,-23.27909297842492,37152.66265060241,-1.8796583082648977,9.686444779063997,1.977739850552096,67.23863867993103,0.29238100552124346,1686.0600329647875,1657.203071033083,1601.2559936523437,1467.2034979248047,1373.6162506103515,248,-61.4780149742752,0.0,False,78
PNBHOUSING.NS,1178.9000244140625,1211.5,-2.6908770603332632,1195064.1513944224,2.91575944251965,1.840018078554606,16.78956869767625,52.29125225035498,0.26612951069407753,1163.8058747696953,1155.9841608901124,1120.7731030273437,1074.3649194335937,971.1266720581054,11,-7.106890267101729,13.543238860562766,False,77
ANTHEM.NS,940.9000244140625,977.5499877929688,-3.749165141073907,482116.4801587302,0.7333693817907383,7.5437190716963975,22.569102471902426,47.387423012361516,0.2730778069903369,933.6459045351272,913.4916359195447,845.0880029296875,808.1697369384766,734.3567822265625,2,-4.587998173596841,25.5927047866505,False,77
CORONA.NS,2236.10009765625,2270.10009765625,-1.4977313130422387,151398.11229946525,6.475881799718897,5.815831408486494,28.432876391924555,41.530024499862094,0.26952627179191396,2145.0763198404443,2122.187350229143,2089.819997558594,1926.2709985351562,,28,-11.00833160363205,22.622811247807938,False,77
SOMANYCERA.NS,565.2000122070312,576.7999877929688,-2.011091510303753,104127.1485943775,-0.7550461445072432,11.248897901233935,9.09984913738513,54.56419645407762,0.2672990828864265,558.0889795131793,547.872056632983,523.2274450683594,508.80485443115236,453.580313873291,6,-4.542304570303712,12.578198488341851,True,77
KINGFA.NS,6197.0,6347.0,-2.3633212541358084,7893.755020080322,5.2479619565217295,4.160013446508115,23.630922693266832,47.65308553728853,0.2750730990784926,6060.112202393242,5938.014715275597,5519.1,5328.4530029296875,4775.736507568359,1,-4.096423507168745,22.721450389200903,False,77
ETERNAL.NS,323.5,368.45001220703125,-12.199758642367453,37080624.24701195,-0.40024256213869736,3.009078991991876,28.373015873015884,46.26757818792755,0.2758072757926029,323.60333306660857,321.7283085402655,308.59800048828123,280.30580078125,274.00230056762695,226,-42.29881963362342,6.01950613611657,True,77
ATLANTAELE.NS,1777.800048828125,2152.60009765625,-17.411503847658793,254870.47280334728,-5.521597759464458,7.817334132181064,-7.391775066573691,69.89678969317819,0.26752490407788926,1829.6855292315106,1797.375466686994,1703.0080102539061,1756.5550061035156,1362.663751525879,71,-30.642017454817648,78.57735000033435,False,77
NIACL.NS,198.38999938964844,242.60000610351562,-18.223415334541706,3551377.7976190476,-13.709714136138585,9.820097477185307,23.654805524788536,48.59520888346904,0.27127573292647383,201.88773223698198,196.36234157759202,183.78265563964842,174.55200653076173,161.38699996948242,4,-19.979389942810364,27.158721611956473,False,77
RADICO.NS,4368.10009765625,4747.0,-7.9818812374921055,402582.55378486053,-2.801510955579667,-6.568704757587884,22.32910868278637,56.34411903928225,0.2764248817347326,4469.5779763098535,4491.502497059061,4386.1722802734375,3971.7866455078124,3448.371453857422,17,-8.09985253844533,25.2473373698068,True,77
VISHNU.NS,713.9500122070312,742.0,-3.7803218049823117,114284.43426294821,3.7039726266039574,21.17952970682948,18.613869337683898,41.79508284158517,0.26908497141965526,693.3309931473746,669.3234001047441,629.7855639648437,613.9082421875,566.2993724060059,3,-5.087601078167115,21.618674887064238,False,77
MMFL.NS,631.7000122070312,687.9500122070312,-8.176466167875018,161514.70119521912,-1.5736951975754088,-0.8086619417968843,34.77704197882561,42.07583803932691,0.2694434590126153,633.7312505177905,628.428393278824,586.6979962158204,523.8498950195312,467.35475021362305,17,-12.304676635224476,55.10204791708737,False,77
ACUTAAS.NS,3383.699951171875,3740.0,-9.52673927347928,400788.61354581674,5.70758985229225,7.303230036157338,9.267930523633439,54.66928859962466,0.2667949958940059,3275.4598844657594,3260.211899568501,3330.047998046875,3163.8270043945313,2573.176999511719,48,-19.11764705882353,25.0684975895642,False,77
PINELABS.NS,202.1699981689453,284.0,-28.813380926427712,13204331.971291866,21.518305044452912,21.3651074238707,34.699182558316146,26.83187321841187,0.2756735604407902,173.66030940731915,167.89803469742407,157.59340057373046,159.61630050659178,183.83519996643065,208,-52.55986065931724,0.0,False,77
KROSS.NS,239.07000732421875,240.8000030517578,-0.7184367548231374,925942.9880952381,12.998061657131688,17.739474873723292,28.989970890240933,31.97351111191975,0.2633409685229801,219.88411860509703,214.35028415382163,203.0944009399414,196.8363003540039,193.24550025939942,1,-8.637874912022758,23.63965824941352,False,76
ELPROINTL.NS,173.24000549316406,180.88999938964844,-4.2290861420181685,112224.55882352941,-0.436778452204567,-0.8527386658318092,2.1763505603003885,64.44234266953497,0.2621561665751729,174.205130661473,174.56109597840356,175.2492007446289,166.89090087890625,,25,-6.0147077890006955,6.664297235177163,True,76
BALRAMCHIN.NS,691.4000244140625,780.9500122070312,-11.466801510111113,1194817.0555555555,0.115848371909677,11.57911678739081,23.67409704158807,42.263379509066354,0.263349891107721,693.9022333031852,681.4165413165069,639.28599609375,587.4824993896484,522.7462495422363,16,-18.45829082026419,43.59789555539078,False,76
PPLPHARMA.NS,211.35000610351562,231.92999267578125,-8.873361454822593,4824639.274900398,-1.4639373906624842,0.5279683130467117,26.405508349943553,45.21782042960507,0.2596798060036819,214.78582159821937,212.30443762796165,198.70759979248047,183.95269958496092,172.29359954833984,3,-10.024576697375043,30.518913058914766,False,76
PITTIENG.NS,1167.9000244140625,1197.3392312853555,-2.458718974712759,62131.87951807229,5.908780252694967,12.096337756017483,19.73379938152251,43.28187057941444,0.2624303362269552,1132.6939782345485,1098.668079801387,1008.7055798339844,981.4758337402344,901.1239456176758,3,-6.141883647985491,20.31227018884245,False,76
MOTILALOFS.NS,1026.5,1088.3156211947492,-5.6799351209245845,1131163.5753968253,-1.0125361620057838,14.37325905292479,8.710616891712997,50.900404263138554,0.257467449671537,1024.7916059793815,1004.9807232810484,951.5660009765625,915.0725018310546,850.1104675292969,220,-43.49984393874385,19.300366133320313,False,76
BLUEJET.NS,568.5499877929688,718.2325039813717,-20.84039852814642,683819.3968253968,-0.010809209403472853,-4.18123301849509,11.625862849635826,58.96717921456916,0.2623730301607904,575.5329018812188,579.25688976351,585.9130810546875,532.3900695800781,487.89687728881836,249,-54.8444125486479,4.539792340351001,True,76
ARMANFIN.NS,2011.300048828125,2158.60009765625,-6.823869274723904,41681.672,0.9739456888540055,0.01492037931998258,21.264926952479215,47.911455846869714,0.2564443906924105,2010.9478684560302,1993.5966301523742,1948.766005859375,1807.23400390625,1670.6405023193358,20,-13.277127985282345,18.707626519392527,True,76
NETWEB.NS,5027.0,5813.0,-13.521417512472045,1912642.7928286854,-4.6110056925996235,3.919462965308851,9.05911437858855,55.91512009851674,0.2540657437678506,5099.099404080444,5090.179973927056,4768.106875,4558.946801757813,3922.0460546875,13,-16.024428006193013,22.517284149253094,False,76
TINNARUBR.NS,1034.050048828125,1317.7581839116879,-21.529605245280425,66815.63346613546,0.8926882696830951,-6.382213573451656,17.012985138302806,54.901981401202995,0.2587751421425002,1027.1920571370574,1031.728969346294,1044.8036791992188,935.4253283691406,822.6551159667969,38,-26.059002292054757,41.699561296687705,True,76
HERITGFOOD.NS,417.3999938964844,535.9513958603458,-22.119804683697964,394289.94820717134,12.340198522375868,16.706277371639942,30.911454347744318,30.56598762763305,0.2607510668194209,386.4729059095437,376.88531905205434,353.13061584472655,343.0759854125977,363.5219938659668,245,-45.82407488055075,8.605241769065408,False,76
NOCIL.NS,189.64999389648438,202.60776684401816,-6.395496653151311,1579850.3174603174,9.980277900382163,16.45685403040964,18.329237777190265,41.70951202242925,0.26471974738248927,180.82157178481452,175.1496952018732,168.70526794433593,169.64109222412108,159.80568103790284,58,-21.621956786082475,2.5850756334504954,False,76
PTCIL.NS,23630.0,24125.0,-2.051813471502595,22048.3,-0.7976490344248521,25.05953956073035,26.661663807890214,31.584808998774918,0.25564565750580615,22750.229234768518,21831.402022405808,19458.84,18330.27,17928.25,4,-8.580310880829012,35.38234291557778,False,76
NYKAA.NS,344.5,349.54998779296875,-1.4447111913388877,6202228.418326694,3.081983069045524,5.014483407758208,26.282996853154295,40.64094888427072,0.25452373598110767,339.66817728893443,336.7459536134072,330.4620001220703,303.4620993041992,279.3871496582031,8,-5.664422395773583,11.499198658044252,False,76
GABRIEL.NS,1346.4000244140625,1596.6964052725275,-15.675890547003757,450241.7051792829,0.044581331859805395,-8.829903853100351,17.699179637483375,53.35142177063694,0.24888799962065702,1368.081060325298,1384.539863695566,1390.7547607421875,1247.5658807373047,1100.4866204833984,26,-17.91802303442641,56.48531609994476,True,75
PRICOLLTD.NS,761.4000244140625,823.0,-7.484808698169809,624185.296,-0.9109838336272547,-2.7896553572853477,30.982288044574457,40.570477263010865,0.24873847863756887,763.3770481862272,762.6612478734932,713.5389990234376,644.7729992675781,620.0314994812012,15,-10.55893370766251,36.97801392417139,False,75
PRUDENT.NS,3385.0,4105.5,-17.549628547071006,37709.04,1.6974613189124188,0.6182762359555838,12.83224982051767,51.659829466698405,0.24807008111917023,3346.776477960183,3335.409748939664,3197.2932568359374,3010.8924731445313,2739.004744873047,8,-22.055778833272445,21.793550138190042,False,75
PARAGMILK.NS,268.5,376.95001220703125,-28.770396258129725,1034858.8611111111,7.572112754134341,23.097380345962893,16.490951278129607,37.58647624781557,0.25358563227171127,254.98534005340676,246.33319255893525,230.24739990234374,228.2043002319336,237.65375053405762,209,-52.82133158806849,25.114980304283073,False,75
TATVA.NS,1608.699951171875,1835.884327566065,-12.374656343157575,124161.18650793651,-4.042814979621657,-5.788408798811451,35.815948230596085,40.03143103660791,0.25195393626097534,1646.4266967701428,1644.6320795178128,1611.2982568359375,1418.6303540039062,1339.2429541015624,29,-14.933897294240762,55.32363288445523,True,75
HESTERBIO.NS,2264.89990234375,2683.60009765625,-15.602182891488791,13507.3,2.8705069979329423,-8.128833915353828,10.071203748175183,58.46267278366704,0.250677141546419,2295.637542606097,2322.5378615786167,2369.262294921875,2136.2890673828124,1823.3263421630859,30,-20.032794682254206,29.471371409380744,False,75
RANEHOLDIN.NS,1696.199951171875,1846.1341245121132,-8.121521147866872,23699.31349206349,2.731510886851818,-4.5684748580419265,13.678018239997414,53.53602789074989,0.24877272745375978,1663.7824619687387,1654.6833790624717,1683.5047412109375,1532.7463903808593,1374.215167541504,28,-16.685361309140056,31.745913311071263,False,75
FMGOETZE.NS,461.0,542.9031499790809,-15.086143814460605,371506.488,-8.06660907814094,15.371980660094264,23.991051266106634,38.15067264787246,0.24725319663185735,470.8257049287999,461.68263813686553,425.35209899902344,402.26408905029297,385.4536441040039,9,-20.57515005693995,35.807421025539334,True,75
TMB.NS,910.9000244140625,949.9500122070312,-4.110741332824808,334798.448,-3.347656362068996,6.153134871268517,17.65693749052484,47.60232291749702,0.25233871752203063,914.3653551186568,898.8406506534842,852.8489990234375,785.549721069336,684.3067878723144,4,-4.837097912160138,16.32360786007354,True,75
ANANDRATHI.NS,2211.0,2242.0,-1.3826940231935758,518704.171314741,0.2584660157652463,1.005025125628145,24.101932549299686,44.08230787367826,0.2509035454096336,2200.9971445811466,2183.7967315887436,2127.069997558594,1968.9057678222657,1755.8745068359376,9,-3.8804638715432604,7.3580033353373375,False,75
SPAL.NS,1023.0,1218.4508944923061,-16.04093323545427,118203.38,-3.472357721517061,5.123045245886337,18.211195116511945,48.12241621623103,0.2538969829847156,1024.9123415516308,1012.4008309947726,1022.0832971191406,938.2807415771484,825.4275604248047,45,-28.979458638176368,50.04455594599801,True,75
AEROPLANE.NS,205.1300048828125,209.44000244140625,-2.057867412315151,1242694.7217391303,5.579294853706385,7.195863413744186,57.45318299420359,13.961113823784732,0.24817502595894447,195.07515880776137,189.77948282219572,185.27400024414064,157.673999710083,,1,-6.149734880000235,15.476919133186318,False,75
DCBBANK.NS,226.3699951171875,234.8000030517578,-3.5902929408020756,2353378.73015873,2.550507150457504,20.988769498994685,23.207968421705672,34.782753269180766,0.253282964490287,222.4117833353909,214.6972167825879,197.83059967041015,189.51694458007813,184.524595413208,3,-6.341566948943433,22.505068347777257,False,75
YATHARTH.NS,966.2999877929688,1024.8499755859375,-5.713030120286044,494832.2988047809,0.41567079400821605,11.281814567644656,16.574875652113086,42.6485729384273,0.243298218639346,966.4231013644822,941.7526076111317,879.5739111328126,852.3527215576172,763.1148977661132,9,-6.932720835783535,11.833252768105297,False,74
XPROINDIA.NS,1294.699951171875,1572.6395438881225,-17.67344550100033,63290.44841269841,-2.294168362701854,16.05413943218046,-6.982449662766744,59.46846161583614,0.24674060797670344,1276.9779460072452,1246.4709446840945,1271.0089501953125,1229.7371130371093,1098.9834747314453,50,-36.70513829551298,29.616784782035023,False,74
ASIANHOTNR.NS,378.79998779296875,423.79998779296875,-10.618216445533035,32384.168674698794,-1.3156228292946825,24.56428154888799,26.477458361592234,29.107019656794762,0.24367339398043705,373.1955652333218,352.94611579150995,322.1170001220703,310.54000091552734,308.4645004272461,3,-12.67106730443942,28.178807659714767,True,74
UTTAMSUGAR.NS,279.8500061035156,356.11921220364263,-21.416762557733993,155560.40239043825,-5.568703444048828,11.367321277772602,18.544617704959656,43.31009616023256,0.2460401768673056,287.11628504292753,285.58925198926545,260.4762710571289,250.24307723999024,238.28478797912598,13,-23.378792910652347,46.051938731738296,False,74
POWERICA.NS,569.3499755859375,676.9500122070312,-15.894827488116881,395458.07826086954,8.437289557739525,-0.6023066132253896,16.849661485056444,45.98717322716346,0.24173035369511195,540.7595318921619,536.1560687190002,543.79599609375,541.2589959716797,,57,-27.52049855249442,34.358499266208995,False,74
GUFICBIO.NS,425.1000061035156,453.95001220703125,-6.355326650009674,111435.67729083665,-3.2434277459967853,0.07135188180531493,17.98090104941914,47.94821968387841,0.24263485790138492,427.70663723595214,423.03549961638316,406.3581854248047,368.830397644043,340.3846034240723,6,-8.47009828683417,15.486507844651797,False,74
SWANDEF.NS,2727.89990234375,2750.0,-0.8036399147727247,13632.172,9.554212945532136,10.660816773215931,36.51786452821857,25.58235722600406,0.24275886898063595,2550.038008623296,2495.2317893673294,2412.7780029296873,2198.8350061035158,1941.6179998779296,22,-17.09090909090909,29.14847796165061,False,74
MOL.NS,62.52000045776367,87.75,-28.75213623046875,1106701.9601593625,-7.405207988582118,9.128991898512684,26.022978610321413,38.410456037491294,0.24256353578937268,63.73054205981911,62.427302836979905,56.57019989013672,53.58889995574951,54.50690010070801,245,-58.4045584045584,7.01148025601086,True,74
TBOTEK.NS,1679.5,1764.800048828125,-4.833411517909159,192233.68253968254,-0.5565767232032393,4.648263097458272,18.08338201097508,44.48554410918866,0.2409322719413932,1695.7843531543347,1682.7045369317702,1597.8319921875,1447.675997314453,1429.2605017089843,203,-43.09836896968315,6.941838649155718,True,74
ADANIENT.NS,3060.0,3245.0,-5.701078582434516,1828186.400793651,4.152484683458124,3.207531477911729,3.9543381737359606,56.1046474155088,0.24684915182252468,3013.850060608288,3010.7238990882665,3049.1380029296874,2930.9480859375,2531.013624267578,49,-12.773497688751922,28.3110930749781,False,74
IONEXCHANG.NS,445.70001220703125,484.3644916198611,-7.982517315322635,441902.4302788845,8.919843331171041,18.464883986777416,22.438047204804402,32.387502288841866,0.2427137620745065,417.4225232561789,403.97316419105454,404.2714508056641,394.7209442138672,378.6568101501465,44,-25.520964843326343,16.522640857241623,False,74
VINCOFE.NS,174.35000610351562,189.39999389648438,-7.946139534299168,2496169.5555555555,2.1681877171795705,18.888519168015662,12.578298960743117,41.8864013676286,0.24522572840595466,174.83441190216374,170.16680200154883,160.57579956054687,152.7118999481201,150.12574974060058,9,-11.203802483911806,21.09380081994232,False,74
ITDC.NS,690.8499755859375,822.0,-15.954990804630476,908655.528,7.383228693952915,-4.188338217641352,15.517095508259416,48.53794162973577,0.23970960530239155,658.5766246269951,666.0169355200311,694.6830017089844,638.2520007324218,584.1272497558593,38,-23.71046525718522,39.49171619355803,False,74
PARADEEP.NS,155.9600067138672,200.0165475038783,-22.02644798133857,6638062.581673306,2.585021355078432,7.010998445245953,23.431652813557125,39.849747306392814,0.24630096591181297,156.41987863411248,154.24849054045418,147.05711486816406,137.34729057312012,134.91665927886962,237,-50.64112582584988,8.280398397353771,True,74
FIVESTAR.NS,551.0499877929688,663.5913003653413,-16.959431582423214,1537563.72,3.077069389874465,-0.6042634331833496,18.47689967614523,45.31008025174796,0.23853956255893533,533.1636714306842,532.5421279493529,540.3731555175781,504.5165173339844,489.1631034851074,215,-49.22672388434163,23.160371770370602,False,73
GRAPHITE.NS,825.7999877929688,874.3499755859375,-5.552695047590461,1661127.1195219124,14.487730731806714,13.707399351871775,26.312951871820502,29.29618433156471,0.2380261223772706,770.2339567127445,743.0789609462718,687.0318701171875,687.9760211181641,653.8983782958984,2,-11.362724121923717,37.50763117270457,False,73
KIRLOSENG.NS,2168.60009765625,2714.2611782271474,-20.103484695872286,616074.312,-4.365849168128211,5.610217239272797,12.378997647243683,47.94642933729718,0.23577729560133714,2184.045753978034,2166.6986440759306,2199.023552246094,2044.8780078125,1671.6326959228516,57,-26.351965830139047,45.23311172483402,False,73
RSWM.NS,218.22999572753906,238.0,-8.30672448422728,74897.396,0.43722245654427283,6.776587980153859,5.511769953856227,52.140262139694094,0.23908675683719705,213.15255118838806,209.59269665814625,207.484599609375,193.75150009155274,169.99670001983642,26,-19.747899159663863,9.118284409587552,False,73
VIDYAWIRES.NS,88.25,117.3499984741211,-24.797612997445796,4352881.821989529,-2.0858729731589754,0.09073588830226242,-10.132380099244287,66.7926672736825,0.23486912760044265,89.1382903907468,89.38746110548632,91.2566000366211,93.89340003967285,,75,-27.822754111990157,107.22868757098442,False,73
RAYMONDREL.NS,583.5499877929688,734.9000244140625,-20.594643025323823,565515.2896825396,10.280631365205807,2.2247547955126956,-3.5345373990106954,57.13343752049242,0.2326602788411688,564.6442198624718,571.3985145000333,624.0979992675781,599.9932693481445,525.252772064209,44,-31.8206597975749,25.64631817563989,False,73
TIL.NS,255.3000030517578,371.95001220703125,-31.361743601810886,305959.808,4.2040828782685,11.655372782270245,40.31327690782038,21.90231198020809,0.2360639070871025,246.0868886303567,242.13026050874996,232.53880126953126,214.9917007446289,224.60788375854492,246,-56.64740026672009,15.746072862129012,True,73
MAHSEAMLES.NS,728.9000244140625,738.0,-1.2330590224847615,191664.82470119523,11.537876727477038,21.331081114031704,17.478996308583717,31.800350958514056,0.2338384317153478,680.7482323101935,655.0094879868517,605.3801342773437,612.9748345947265,581.6062997436524,0,0.0,26.657356915067766,False,73
ALEMBICLTD.NS,104.33000183105469,117.72000122070312,-11.374447205912508,479024.40873015876,-6.354906739369048,25.11092768278114,20.039083883051024,32.67478182712193,0.23468332758383403,104.76448305591707,100.85798690050156,92.04151245117187,89.78301948547363,90.08509231567383,6,-14.610944953517214,26.694622928524492,False,73
PRECWIRE.NS,462.54998779296875,524.9000244140625,-11.878459462960421,994961.8645418327,-5.18602398155521,9.531139276218138,14.727377074171578,44.930130729197494,0.23777890871018578,469.6650732525391,458.51933817317735,416.0893762207031,413.95854217529296,344.4501481628418,8,-14.745669806447982,31.614317126495184,False,73
DPABHUSHAN.NS,1340.5999755859375,1670.0,-19.724552360123504,38596.212,-1.3829666389941653,-5.398348833389055,44.546871307461934,29.21445547816266,0.23831877152926417,1398.9115925452988,1411.8033394898525,1364.5389990234376,1165.6719995117187,1216.9155026245116,202,-48.13772601281811,6.5223012184633555,True,73
VMART.NS,808.9500122070312,886.8128854091074,-8.780079144447273,628231.716,-3.593131242537906,0.9799072350928695,10.66779156090516,51.139639281098326,0.2349286150347566,825.4077621169598,822.6769555894484,795.8291735839844,741.4117584228516,686.6604249572754,227,-48.43468856895955,17.123702490912574,True,73
KTKBANK.NS,325.3500061035156,345.8999938964844,-5.941019992940111,3677132.4007936507,-4.336959639897964,4.028778929981014,16.592015888170387,45.49886195405439,0.2354920937007928,331.3134104237557,326.79028233446047,303.38199951171873,284.27449966430663,247.17919967651366,5,-6.764959326217035,23.068571952960415,False,73
IDEAFORGE.NS,733.9500122070312,992.25,-26.031744801508573,803012.8247011952,-5.485799530692259,-9.422433263746377,-15.13556883553373,72.22809403238293,0.21917500356474554,766.5507328413273,787.6831015820793,834.3419982910157,821.5665002441406,630.0859997558593,68,-27.03451751070799,114.98912472733194,False,72
OLAELEC.NS,38.540000915527344,61.02000045776367,-36.8403791766543,85374014.77777778,0.8900527376893397,-2.848493333943636,-10.51775902343749,67.05678988012227,0.2318669485199787,38.370483515583935,38.501517065379424,38.98260009765625,39.514800186157224,35.968000173568726,249,-63.536545668496316,4.363571575149572,False,72
SKIPPER.NS,551.5499877929688,616.7999877929688,-10.578793983682989,620939.641434263,-6.675475938192577,1.0794747121644965,-0.4617056695751076,57.00619191926564,0.22212312415447366,571.4827072109283,562.5483340857412,546.488285522461,529.4657421875,461.6097897338867,2,-12.232492493556324,8.969694051460998,False,72
EXPLEOSOL.NS,889.5,1032.5221988494377,-13.851731130702127,71121.508,-1.0567296996662923,8.310502283105015,21.652134034007187,36.23043312073688,0.2254424094515128,884.4739661106232,872.2397528730622,808.4555249023438,776.3026019287109,774.7219616699218,206,-45.53655044607734,1.925998772331572,True,72
ROLEXRINGS.NS,171.3699951171875,189.39999389648438,-9.519535037129456,2734259.6175298803,-1.9790691972941366,-0.9479217627416547,21.82412550497892,40.398163644827974,0.22319011837147126,174.81096557453412,173.3931947787983,159.9445999145508,152.19530044555665,139.08705032348632,14,-12.090810261060646,23.84006621656658,True,72
LUMAXTECH.NS,1993.699951171875,2148.699951171875,-7.213664239879791,259216.93227091632,2.1414993716371455,0.31194722877359027,23.842436025368443,39.482504254106246,0.23222271892171464,1972.9825937637167,1945.6021138686133,1749.6004028320312,1688.631414794922,1629.0056256103517,8,-11.867641168834487,38.50912794221257,True,72
DATAPATTNS.NS,4829.2001953125,5000.0,-3.4159960937499956,875083.1115537848,5.273263159687436,7.530621138109561,9.360008226712257,45.2499073481661,0.22941415950870772,4731.016049915025,4667.098461971505,4502.114399414062,4366.497912597656,3634.3263549804688,14,-11.582001953124998,7.407538914952716,False,72
MONARCH.NS,373.95001220703125,405.91149198853304,-7.874002193168927,148907.656,-1.9276097092162159,-0.7526734449852857,10.820806567783814,49.09793914001075,0.22542121966420767,376.19537559105777,377.7503891694854,374.14686096191406,349.31323883056643,318.84745597839355,19,-15.782131609820782,11.520346046713481,True,72
VIMTALABS.NS,629.5999755859375,847.8704502619878,-25.74337560751242,373306.3187250996,-3.472598606985433,0.3906483419440221,15.7369777238626,43.7988009013488,0.21971483485388563,634.1322238204826,631.0383451208638,608.1480041503906,556.5312182617188,530.8505516052246,244,-55.8108124030771,5.782421791516246,True,72
LLOYDSME.NS,1799.5999755859375,2125.0,-15.31294232536765,524536.1904761905,-1.2835998032947105,-5.204385143148082,1.9603385601097756,57.843218500678596,0.22556151959345286,1815.675597054976,1840.8335477324877,1891.697998046875,1825.4933093261718,1553.840503540039,24,-16.889412913602943,16.115166043311024,True,72
AGI.NS,762.6500244140625,939.0,-18.780615078374595,244699.708,2.755323615021288,8.024082778195819,15.483040009079495,41.1138879060498,0.2297081608228506,764.0405813972401,750.7797277710866,719.2940026855468,676.0300006103515,651.3987504577636,239,-50.47923322683706,3.8301323140783383,False,72
BECTORFOOD.NS,242.5,283.3906875081819,-14.429086526352886,1919601.653386454,6.008277227418968,0.34808849358149985,32.19198500915634,31.733699731832377,0.23021520816938051,237.1664408864773,235.38299693040597,217.2804119873047,200.67307510375977,209.29277587890624,249,-41.942545526509356,-1.010962710877139,True,72
SUPRIYA.NS,901.75,1083.7124081428149,-16.7906546769773,312759.136,7.134369362251869,8.636230111329123,-5.4835304213447955,54.11767430342158,0.22442693553456206,870.2976314715527,851.6881526663701,847.7487182617188,840.8254870605468,760.4217849731446,73,-31.755758011856404,71.92093493739809,False,72
INDIQUBE.NS,202.8699951171875,243.8000030517578,-16.788354151858243,116825.768,4.281896843083977,10.652339461872584,24.873806926828724,29.654242688371003,0.21882496730079934,199.51301055468053,194.67213632163327,182.9329992675781,174.49530014038086,177.3045004272461,242,-46.20590965758039,5.1264758195416205,True,71
HLEGLAS.NS,404.3500061035156,661.9500122070312,-38.915326135374215,310594.27091633464,26.339641157892558,23.862763358416107,4.415753674245471,32.27019625686995,0.216393213924941,350.75004571976115,347.5079028754289,379.3400018310547,365.4210009765625,369.38224990844725,215,-62.23279773551691,20.649995273409296,False,71
SHANTIGOLD.NS,258.1700134277344,280.75,-8.042737870798089,1128427.7738095238,0.7139022844611098,11.3281674095155,13.541212016769233,37.60994221407705,0.21443364201010803,256.5177137938971,251.65067212311874,233.3354232788086,226.18981155395508,212.05710578918456,14,-16.861975543327024,21.494648596247636,False,71
SHRIPISTON.NS,4371.5,4785.7998046875,-8.656856149346448,97135.82,-3.950515509927943,-2.3935559568085796,16.965930698116672,43.986184272000514,0.21810490175880698,4491.8434176515775,4495.702230184625,4395.985185546875,3980.982109375,3510.719942626953,13,-9.022521256835049,18.548689649537685,False,71
RPGLIFE.NS,2698.60009765625,3082.0,-12.4399708742294,22971.613545816734,1.741826157951376,3.287792249004573,18.608685313616768,38.69772554981581,0.21893436879607409,2706.0789006349314,2689.092324662059,2723.1925,2480.053026123047,2269.36955078125,37,-19.205058479680403,36.763313024247935,False,71
SHYAMMETL.NS,1074.800048828125,1111.0,-3.2583214376125103,375642.5198412698,0.8917675363340427,9.8191514685263,11.857231505056554,40.21745041793654,0.21697156666030246,1071.3831320195177,1055.409562086033,1023.6475036621093,978.319496459961,899.1548626708984,10,-6.426644861751796,15.65745602588593,True,71
CEIGALL.NS,380.3999938964844,405.164930099543,-6.11230991709334,431834.6653386454,7.055194938762699,20.139539801439767,2.849296549900937,40.114904827122324,0.21634178349983432,363.36970122885106,351.64477741317546,341.9104919433594,349.6657287597656,310.6625773620606,53,-25.486819158991516,12.261866491855077,False,71
MWL.NS,40.599998474121094,43.939998626708984,-7.601275050012557,838156.0239043825,3.8894487508916997,-2.3803839260269744,7.782374321109686,48.624555021988456,0.21697402395012064,39.196252257989634,39.35822981278072,38.75284820556641,37.55646915435791,32.2263471698761,24,-18.274918138972886,11.540975124029806,False,71
MOTHERSON.NS,164.4499969482422,173.27000427246094,-5.090325565150677,19417425.123015873,2.3335408034934835,-1.762244358304088,11.609673118982,45.18285269740985,0.2143694822334707,163.98795850494284,163.7486706547137,156.77877197265624,147.19028228759765,133.07730697631837,17,-7.704741602316356,17.987288386459444,False,71
TTKHLTCARE.NS,1115.4000244140625,1247.0,-10.553326029345433,11579.916,1.105880509623658,1.0875475561433312,28.315175369391987,31.82027497526574,0.21550760163114924,1133.0197649345569,1118.0472323724514,1057.311336669922,977.2543664550781,959.4353945922852,2,-10.817965069291303,20.940428098926645,False,71
MANINFRA.NS,126.87000274658203,158.88561185773062,-20.15009964515605,1292974.5099601594,1.6586535610626063,21.093831069601542,12.016599288053431,34.800036121544785,0.21909625805060512,124.83525014090823,120.4116605420406,109.49759979248047,112.30645408630372,111.53521057128906,245,-51.75556220444347,1.3561288591693588,False,71
LXCHEM.NS,175.55999755859375,240.59049253763015,-27.029536492953955,1084227.529880478,-0.011393252222535732,1.5678283826355166,13.530557091596872,43.605110472214356,0.21813637667669653,174.16524674350592,173.9341751153864,173.74782196044922,163.744169921875,154.36848865509035,248,-55.35269769994946,0.3918251721790167,False,71
SAPPHIRE.NS,225.74000549316406,336.70001220703125,-32.95515375438707,1362698.326693227,-1.3201560964286707,-2.5891084222732452,30.14702188811529,33.31364970892237,0.21719729155906015,228.900383221418,228.0385519695661,209.825400390625,195.89230041503907,200.98415016174317,250,-58.44668886555281,0.0,True,71
SKMEGGPROD.NS,241.3000030517578,370.1242358872688,-34.80567343197376,503634.25793650793,-5.6698188924172115,-6.303931045049582,-0.5279107507138003,58.54278092558498,0.21430971046768216,251.26453924513322,255.3167476764075,275.3798492431641,246.37242919921874,213.8812284851074,44,-38.30645286269051,99.67909038840924,True,70
SPARC.NS,196.00999450683594,289.0,-32.17647248898411,3215680.996031746,-1.7346000364430125,-4.048367104894989,-17.784492472625256,67.77368093367122,0.20790991207057613,199.51974084759564,201.10147317229473,215.60320037841797,207.62400024414063,170.24925025939942,47,-33.605534642625436,60.05455460580615,True,70
SAREGAMA.NS,505.5,574.5,-12.010443864229769,1330704.42,2.4004874405002985,-2.0443732278899396,9.273669115967254,45.44670342532715,0.2079195620339308,499.00863698722634,501.37177992245734,504.3689996337891,461.6794989013672,403.7039984130859,26,-17.319408181026986,27.21150908086947,False,70
SEAMECLTD.NS,1788.4000244140625,1849.0,-3.2774459484011587,77675.45381526105,0.10075276238232789,17.657234914161755,11.301541994062724,35.63425141014758,0.21185685421348432,1746.2178926319004,1690.8974875112428,1541.8112084960937,1537.7158569335938,1381.4332089233399,0,0.0,26.092099920250945,False,70
KERNEX.NS,1732.0999755859375,2580.0,-32.86434203155281,265515.04780876497,1.3160973515040197,-20.198112159136716,-14.976437409122866,74.3432285441306,0.21336347498238434,1757.3002736786575,1840.0119691378331,2073.064001464844,1884.017998046875,1502.5372497558594,25,-37.53488466721172,28.45223967475419,False,70
PVRINOX.NS,1237.0999755859375,1284.5,-3.6901537107094207,386686.90476190473,0.8067164934784099,5.186633897310444,30.372003768240585,27.025356255661535,0.2103974206154672,1214.2372073226193,1203.8432052491512,1134.7139990234375,1065.142003173828,1038.1282528686525,13,-12.362790878016739,28.00914768863585,False,70
KIRLOSIND.NS,3828.300048828125,4559.03089925217,-16.028205699239905,15032.132,2.781434719960596,1.5733629299051533,20.100706884419917,36.282861962202695,0.21136172908184142,3706.694578309821,3722.976774959335,3812.357216796875,3590.6653125,3325.064630126953,57,-22.130378668006333,24.485380074337005,False,70
LALPATHLAB.NS,1909.0,1988.9000244140625,-4.0172971709626975,373910.1633466135,-0.8414685010777245,-2.267959234153638,18.731884850207603,39.33967626136774,0.20817697262670878,1912.5873459575625,1905.1475481255973,1839.0624145507813,1711.0963049316406,1557.6747509765626,21,-6.697172889895697,18.85413195756158,True,70
POLYPLEX.NS,1134.199951171875,1264.0,-10.268991204756727,96268.66533864541,-5.6955186481262965,-4.327292182886966,24.132640474878485,38.00571696351853,0.2100706862648094,1157.9260017489812,1160.5983613522094,1129.9239990234375,1030.0175,931.6687512207031,21,-12.768989273264442,28.418996766257475,True,70
EPACKPEB.NS,240.44000244140625,344.0,-30.10465045307957,2678392.084745763,4.037039421234279,0.7922864663465923,-3.484261739688188,54.088703400869754,0.21152364073834193,235.41260332915147,234.99417069118834,243.76779998779296,229.4756996154785,223.48754943847655,213,-61.57848890437636,76.30773716031638,False,70
MATRIMONY.NS,514.7999877929688,566.3557799316015,-9.103075127945049,40682.668,-2.794559757408288,-4.930750176737075,32.0921651076304,31.359241891573774,0.20905740277830387,517.8733027219846,513.4735942904922,476.5492529296875,443.07400665283205,461.52234573364257,157,-36.465971889817816,14.545091016677315,True,70
COHANCE.NS,440.20001220703125,1008.7000122070312,-56.35967018143724,1890198.278884462,-4.480849218399707,-0.9339470776371761,3.0913377534031117,52.13409466787731,0.2114616485580445,449.66717565998624,450.0152094092432,444.22100036621094,443.041999206543,422.3682504272461,249,-73.56002686829628,-1.605780771574039,False,70
NAVINFLUOR.NS,8543.5,8949.5,-4.536566288619481,216615.22310756973,-0.16359918200409274,3.00819869785387,16.7862757159456,38.590060551757865,0.21057186756857194,8609.396673506326,8485.031896368262,8064.06,7611.467265625,6853.579338378906,2,-5.173473378401027,15.19427671304805,True,70
IPCALAB.NS,1968.5,2001.5,-1.6487634274294227,283790.90836653387,0.1628225254348914,9.586369008018192,27.424484016618813,26.518560687429506,0.20768325534104576,1958.7481075296537,1928.0092891511886,1842.7436157226562,1713.7478198242188,1592.5353204345704,7,-4.676491410738826,11.398805779687127,True,70
WENDT.NS,8812.5,9853.863770660659,-10.568075578244374,9595.124,6.085229324665953,10.78634735055628,10.866181975215428,34.776837471366086,0.19936381983688914,8391.486819167223,8269.719496091822,8047.21337890625,7627.414541015625,7402.5651171875,249,-40.7948646975842,0.0,False,69
KRBL.NS,421.04998779296875,452.79998779296875,-7.011925984087453,686196.708,-0.9060970013695879,12.821536447161996,12.414898282069299,35.691267920349425,0.20474674242055999,424.39928919810575,416.030639142352,385.1679974365234,374.2434985351563,364.23924896240237,11,-8.116166296542172,18.219045967881755,False,69
JSWINFRA.NS,343.1499938964844,355.79998779296875,-3.555366590918796,2254989.964285714,3.0480462151604826,0.5273144165179433,17.1494106918431,35.82674518787803,0.1988578878752378,338.0986085782557,336.7981391764175,333.8060009765625,310.4067114257812,287.08324821472166,44,-12.844289841866107,30.249297772679128,False,69
DALMIASUG.NS,417.3500061035156,520.0,-19.740383441631614,450294.68,-4.834108375226142,-2.3400023065818676,23.500797858650337,34.863589875481395,0.20044264008948673,443.46784266410816,444.9187176053051,411.9009991455078,379.5336016845703,342.9233027648926,14,-20.38461538461539,48.04048508272694,True,69
SUNFLAG.NS,337.20001220703125,426.7608500985104,-20.986188838738506,341979.96428571426,-1.606312871474047,-5.35149192113934,-7.271978234779086,59.65398912817162,0.20449072509459645,340.7472703521873,345.1403510191721,351.3095227050781,354.34711395263673,300.7019818878174,91,-24.46261602410188,74.28243260254274,False,69
SASKEN.NS,1783.5999755859375,2760.488858956468,-35.38825669232435,78880.948,-6.244745968436128,-7.412793138411599,-15.434714012072648,67.19430777870998,0.20140275683336265,1852.7037011518414,1877.2231942455282,1907.7424633789062,1916.4072595214843,1584.353623046875,59,-37.4023918121073,103.98328811821047,False,69
STEELCAS.NS,325.25,364.0,-10.64560439560439,134313.924,2.328140240486376,-1.3646702047005355,12.753210376544665,41.928649299088775,0.2055730281570744,330.3278476537632,333.1825087305355,325.66252197265624,307.13626586914063,265.5468977355957,13,-13.832419259207585,15.72060181457573,False,69
SMSPHARMA.NS,463.45001220703125,469.0,-1.1833662671575151,586634.8087649402,18.076436231090764,26.86833498327088,23.12699780077225,14.375616546190528,0.19869656578471137,404.16026964963874,389.1526744561242,381.56099975585937,385.7770001220703,368.42050018310545,0,0.0,19.522891607229198,False,69
NUVAMA.NS,1737.199951171875,2066.0,-15.914813592842448,542855.1474103585,-5.545889664416803,2.386986571905503,4.593890398955813,48.15116869191349,0.20561442944391561,1780.8598407909622,1776.1786066637546,1803.5159936523437,1677.9912280273438,1503.5486627197265,34,-23.59148230464968,27.370385094701067,True,69
SKFINDUS.NS,2887.699951171875,3131.0,-7.770681853341587,38044.596858638746,-3.8234820592214835,6.828736956334236,17.042315360057426,34.51913863762628,0.1990374924841244,2941.1599866308907,2897.5940333956187,2788.62109375,2564.8278430175783,,6,-8.33279790302619,8.784738399808734,False,69
PNGSREVA.NS,512.7000122070312,644.0,-20.38819686226223,354166.9104477612,-0.7068778060392855,-15.743629875590592,34.51397623432055,33.6897033134371,0.2061066043994896,524.1837665741378,525.4978075117917,488.07500244140624,442.5195007324219,,22,-24.22360248447205,61.46442457796522,True,69
BUILDPRO.NS,1252.5,1380.0,-9.239130434782606,85665.36686390532,-3.5202551910914814,-1.2535496773904198,24.0011935462936,34.27344777798964,0.20307001720496706,1274.3490809293771,1269.0857830370055,1248.887996826172,1164.5947454833984,,28,-13.60869919044384,23.7074099095667,False,69
STYLAMIND.NS,3329.89990234375,4150.0,-19.76144813629518,68928.6015936255,2.7461508433394455,-6.059752638784344,2.23197692072048,50.3272879571919,0.19863172815669983,3373.312184292921,3420.6475837791663,3423.475986328125,3135.606989746094,2667.449503173828,36,-22.40963855421687,27.253370865626625,True,69
SMARTWORKS.NS,530.75,619.0,-14.256865912762517,107965.76892430279,-1.9852262234533735,7.7227495129389645,10.217010373632007,37.60694405037006,0.19453908012480084,536.3934632731151,528.0580859969053,498.3429998779297,476.63949920654295,457.78974975585936,214,-41.59935379644588,16.439544033409305,True,68
GREENPLY.NS,290.25,333.81821311913393,-13.051478741091094,441348.4342629482,-0.9385665529010212,4.915961107378308,-1.0361283385267872,46.994857759792176,0.19376440168544393,293.07271237718516,291.9223184126575,297.2497003173828,285.24275833129883,259.21987480163574,36,-17.470051311526603,29.426772967786864,False,68
UEL.NS,206.63999938964844,284.20001220703125,-27.29064373188086,11692.696,-10.19556979208126,-20.360735955027764,42.589016009199064,29.81530901972964,0.196111242404379,208.42837299899313,204.33434621457246,177.31780029296874,160.89910018920898,155.02650047302245,22,-44.722026968432026,94.22557573663646,False,68
JSFB.NS,516.8499755859375,606.9500122070312,-14.844721115247383,574847.0555555555,-3.4105776177650093,-9.507142870882468,10.627132294873487,46.39569280739426,0.19503930475466758,531.6793960458737,538.6897376824508,535.38599609375,502.4354983520508,448.85774948120115,15,-20.116978935304342,29.84391874825809,True,68
VADILALIND.NS,6960.5,8379.661952680708,-16.93579001986719,18251.61044176707,-8.594878529218652,-3.1748632231810237,16.426342560308903,40.457894321453416,0.19616599999115966,7393.55164305077,7389.962172417277,7089.3525,6129.058449707031,5441.961978759766,20,-17.806946880516527,25.25152190341362,False,68
RBLBANK.NS,412.54998779296875,420.3999938964844,-1.867270746309413,6777852.418326694,1.0904145118597164,6.110338303460705,10.993720412280927,37.96467165614905,0.19815093898022013,404.73112696640675,396.8399727989538,380.9960192871094,363.9888430786133,335.60572235107423,2,-3.4253078271999415,10.352429451572664,False,68
INDOCO.NS,263.0199890136719,331.91262822828605,-20.756257326621075,326252.81673306774,-3.416600175715412,21.039001638497723,9.883419760133272,31.617289026889985,0.1947808184892398,250.34551334518895,243.86101593424078,237.02612701416015,228.4050134277344,221.74648979187012,250,-51.177003143081336,0.0,False,68
ZYDUSWELL.NS,552.0,611.8499755859375,-9.781805667087296,1024440.5595238095,3.8179400652457396,9.209612556879708,8.345294704976357,36.821952467062545,0.19456085916218444,546.5492278560486,539.1460312308523,546.7475,529.1552749633789,480.3136630249023,39,-19.915008653755027,24.154986711146687,False,68
EMCURE.NS,1978.9000244140625,2044.024834505764,-3.186106596764926,210928.00396825396,2.6613430938922544,-1.3361582097987545,14.279457407730645,37.88237213337051,0.19435688743096874,1920.7626256000285,1906.54054301336,1889.192509765625,1809.7327307128905,1649.571063232422,24,-10.639650026119906,16.97936788650738,False,68
ENGINERSIN.NS,268.95001220703125,289.6499938964844,-7.146550017484521,4831458.84063745,-4.610746386651798,12.43729750766942,13.928073818227604,34.01266078790064,0.1980987132349724,269.7232114006075,261.82873246925163,243.30120086669922,243.15700057983398,220.51388572692872,7,-10.081126291992494,15.62757692883665,False,68
DHAMPURSUG.NS,163.58999633789062,199.9199981689453,-18.172269989895405,485403.9682539682,-2.3867773061676645,1.1500653307906061,13.132772775113533,39.61173060373579,0.19775859409569735,169.68635185294625,169.1480955753112,157.49959899902345,150.6335578918457,136.78126651763915,14,-18.96758629264316,31.359432443579173,False,68
ECLERX.NS,1899.5999755859375,2496.1160957516863,-23.89777146908355,293740.68525896413,-3.6567417645410494,4.996862210031061,35.171969953412805,20.60746577051793,0.1942827555978312,1922.0902647575479,1904.5276897711083,1830.9329248046874,1648.620009765625,1802.1663848876954,152,-47.14714646071957,2.375717872141192,True,68
BRIGADE.NS,638.6500244140625,799.2478861619728,-20.093623583930764,703309.9163346613,-10.339739525632663,7.70722847899612,24.9055417270883,28.493057895569287,0.1937635741959016,658.1389264122107,643.9133230730262,593.0918676757813,559.9871801757813,571.6332969665527,216,-43.79763359693989,11.073056217604638,False,68
DVL.NS,286.20001220703125,373.3187679942109,-23.336291463527647,33881.08032128514,0.13996656093360205,5.764968866093811,19.596278796921517,31.53129891512858,0.1965839363444001,285.41407817345424,280.09504294714986,260.4124853515625,250.9029382324219,251.10676338195802,238,-50.17686502781986,3.1623369956206737,True,68
NEPHROPLUS.NS,765.3499755859375,781.5,-2.0665418316138884,315169.98918918916,9.798434687478185,13.234198541332965,2.9942135285976557,36.66963849748883,0.1919280263458924,725.9696191536642,711.3070110591257,684.2470031738281,659.9330004882812,,0,0.0,20.394834181107836,False,67
HINDOILEXP.NS,185.22000122070312,201.44000244140625,-8.052025925397366,1043775.4484126985,0.11891957875844739,17.23526475142585,15.82041229454616,27.773173732189527,0.19314338089400676,182.34052702424657,174.88851165381428,163.25460021972657,163.8206004333496,155.13995056152345,2,-8.409453056045146,22.669758569137734,False,67
MEDANTA.NS,1447.199951171875,1544.0,-6.269433214256804,231735.06,2.1096381368555184,3.8904333828009507,18.674742574433843,31.466875852200403,0.1917822360345606,1452.1470005266592,1443.1546344407093,1404.7984228515625,1315.3803149414061,1219.1080447387694,10,-9.10621603535865,12.200630837055915,False,67
MCX.NS,3276.0,3471.4939344339746,-5.631406481654988,3085249.4444444445,0.01832135538077928,10.57330278355404,13.815318612586736,31.42415897719779,0.18830751866904022,3286.1272659233914,3210.212893585762,2949.5908203125,2968.82166015625,2671.751539916992,81,-26.27873215647766,37.618551861773696,False,67
CENTENKA.NS,565.4000244140625,659.4200186323656,-14.257983009569553,110729.496,-8.311035104344233,-4.6703679501098545,15.535414510033796,40.52862256596366,0.19106896278939206,575.4631847859245,573.7713394978579,563.735140991211,518.1778143310547,471.79566345214846,31,-18.03403222107287,21.65389741770307,True,67
UDS.NS,207.5,263.3715158058594,-21.213955364498993,284913.936,-12.302946001969628,-1.2186982711354544,14.692825389713992,40.77979470717532,0.19245731245360276,218.38222925280922,217.71882134668655,207.70729797363282,191.0990074157715,176.59104816436766,246,-52.73359322925053,4.121067503430553,False,67
SJS.NS,2354.0,2590.0,-9.11196911196911,139893.672,-2.368217632762537,-3.3979008194761073,6.9890413169016785,45.401123867199786,0.19340760014778946,2375.1365670567516,2402.578238334291,2361.442001953125,2186.260133056641,1942.3428399658203,25,-12.810812696066598,16.5971216746009,False,67
POLYMED.NS,1738.5,2103.492450651864,-17.351735706907544,196559.0515873016,2.1145374449339283,-3.902245253391856,14.851012464928083,38.236809461041354,0.19181032217709987,1736.2792250763946,1736.4849412733251,1716.6047875976562,1622.6800695800782,1579.2040661621095,246,-43.92257539148584,3.674241468362993,False,67
HIKAL.NS,224.9499969482422,281.96029052687066,-20.219263312610124,1135101.733067729,1.192080009044072,4.1483582122028295,18.77963886688867,30.69135203367228,0.1885931211688049,227.72623633634223,222.92831308308538,222.00140258789062,211.68227111816407,206.71239120483398,241,-48.2173128859453,-0.01923683904122564,False,67
ACE.NS,1129.0,1193.8073393073244,-5.428626309579155,315722.6175298805,-1.440419030990836,3.1907367226875483,21.758286952605488,30.631596803350945,0.1927423024856045,1125.3378669165402,1120.8866740373387,1076.0882250976563,996.4995733642578,943.0440896606445,16,-10.217389041533432,17.72561806665567,False,67
BBOX.NS,800.7999877929688,1101.5073628455477,-27.29962460493729,589953.4682539683,12.432430718563525,-3.6774671407993287,-21.12864314623947,61.55637951759309,0.18791708506861887,758.5052742312383,758.6443566532679,789.3083837890625,850.8525256347656,684.824268951416,70,-35.62003774699245,119.85655462455883,False,67
STAR.NS,1183.4000244140625,1225.262710817159,-3.416629432489393,387829.9166666667,11.68365908650253,19.632026871264017,7.820933230833282,29.008400292791613,0.19044411369269687,1132.1760744332223,1085.6429606026902,1042.5554711914062,1068.6571075439454,985.3712710571289,88,-23.99181175016245,28.84390364965146,False,67
APOLLOPIPE.NS,554.9000244140625,668.7999877929688,-17.030497227545503,673092.0992063492,-8.29614166208894,9.135610402565518,11.446339520171156,36.32764404401541,0.1896246738796172,587.1729909091324,584.6824107985791,541.980463256836,514.2799996948243,427.0278147888184,13,-17.763156393738456,35.67519834997177,True,67
GNFC.NS,562.4000244140625,596.9341143631162,-5.785243147964325,369719.57936507935,-2.2642325964723597,5.957366656961383,8.793830331033604,36.85071701596958,0.18343485977442955,566.8486061647496,560.198275464081,527.5408172607422,511.4059722900391,478.1154304504395,18,-7.83521585497422,8.93255353729332,False,66
RAMCOSYS.NS,594.5499877929688,967.5,-38.54780487927971,701352.342629482,1.3639076236454883,-4.089374999630779,8.464829209577228,42.21983139667218,0.18745897083980437,593.8335469768537,595.9561239809932,665.8130041503906,585.365502319336,538.8437510681152,47,-44.48061763162144,130.50026608963026,True,66
VOLTAMP.NS,11217.0,12724.746990128295,-11.848934924191312,50841.235059760955,0.3130030406009565,12.091535924852593,14.609297732920279,29.794774063889374,0.1875030643446245,11050.493088299561,10823.86900946206,10079.04447265625,9967.544951171874,9058.105405273438,93,-30.42058661625352,42.038686151415014,True,66
BHARATSE.NS,217.47000122070312,261.4935961713362,-16.83543902994392,563635.5079365079,2.730407063459084,-11.327216627643988,18.245533076749542,37.76829900624341,0.18588576906339338,220.58697878994408,222.6426832592795,227.21060485839843,207.7900926208496,188.51065032958985,44,-23.439808898009552,41.455551459355775,True,66
MINDACORP.NS,705.4500122070312,769.0,-8.263977606367845,567143.224,-0.14861822971956595,-4.082104327756064,6.594747608669649,42.89195511661092,0.18303923640722095,706.5756906281841,708.8914341271885,704.1443469238282,650.2138403320313,603.4321853637696,19,-10.858257477243171,10.400467381639045,True,66
CARYSIL.NS,1161.9000244140625,1280.9000244140625,-9.290342550694819,126719.06746031746,1.8495770233891706,-3.7604590887021283,-1.667226775466557,47.993893840960936,0.181302553883429,1157.7172698799363,1157.0263933695928,1165.0800048828125,1114.534501953125,993.389250793457,42,-14.575694408905326,17.88124718534072,False,66
MANGLMCEM.NS,1028.0,1120.0,-8.214285714285719,91004.40562248995,-6.392274111555507,13.937571465710086,21.82321912560843,23.459116933624145,0.18078899393118653,1048.845971032296,1028.881632823033,978.3092663574218,926.2312567138672,862.0804287719726,5,-10.223214285714288,16.454330970557617,True,66
GARFIBRES.NS,795.7000122070312,862.339096096681,-7.727712241192242,100066.496,-0.5437129744776836,3.6195530530880538,17.24488022931048,31.64982512159691,0.1850293343060175,801.810527732357,795.6669984861393,770.9827331542969,719.5493890380859,686.3319430541992,25,-14.402366316430726,21.62533580952246,False,66
NAUKRI.NS,1250.800048828125,1423.5480532701476,-12.135031483144477,1716587.9166666667,-5.228064664891196,-7.8464596013203325,25.76160761922437,31.736730035559013,0.1833107591323773,1293.9514297154612,1302.2332035795955,1264.2863745117188,1120.7206787109376,1146.3782318115234,243,-36.39097075301917,1.6036306020483115,True,66
THYROCARE.NS,549.7000122070312,662.0,-16.96374437960253,790519.1075697211,-5.003026179139258,-14.503460335882734,3.9684299682344104,51.7109134405956,0.18473899681618092,571.1249794585574,578.8474612141121,574.8069989013671,532.1767056274414,471.7631301879883,21,-17.673716012084594,22.0840917163998,True,66
BEML.NS,2023.4000244140625,2269.4720026583113,-10.842697242178634,390333.36904761905,-1.6716893574598046,5.90390716369249,13.56570016647385,32.823044391652225,0.18212540303595562,2036.0971115860787,1992.5097527837863,1877.3419970703126,1839.1862109375,1768.4682751464843,222,-40.37353384595001,9.575037096088735,False,66
IDFCFIRSTB.NS,86.20999908447266,88.50001826783308,-2.587591763461561,29378725.793650795,-0.5766347656317006,-0.39284108064309153,11.56549463356531,38.1864445975268,0.18607994536388528,86.11848428621643,85.63955587721246,83.79472305297851,78.23551094055176,77.19026014328003,34,-6.77968025913267,19.129818248910002,False,66
PARKHOSPS.NS,279.29998779296875,305.0,-8.426233510502046,1242963.8602150537,-2.427951862718336,-0.6403480154618002,3.215070766156969,45.04569554119413,0.18611934656960552,282.4006407263843,282.6854119490498,283.0419989013672,275.20909927368166,,52,-12.62295081967213,20.19289921406027,True,66
CUB.NS,227.32000732421875,248.85000610351562,-8.651797569312059,3585000.626984127,-3.682042025709842,7.98024069485328,11.681514910715629,32.152431155436204,0.1759327087178884,229.76416868076515,226.84197082364074,221.15004180908204,207.7257861328125,204.74040649414061,4,-10.110509561990288,6.922306964975933,False,65
INDGN.NS,578.3499755859375,615.5,-6.035747264673031,359665.6150793651,-3.8487156133104716,1.500524390336655,12.662784451449838,35.326576872498606,0.17844699401170677,586.1537052563659,579.4293144609766,545.0432177734375,530.4501315307617,509.8146545410156,9,-7.343625053944969,24.321678541165113,True,65
ANDHRSUGAR.NS,96.37999725341797,107.2300033569336,-10.118442379787595,459883.65079365077,-3.1454173606864977,-4.032662590312763,15.563543753067432,35.78471780109209,0.17861875992225865,97.97286801424659,97.41930066072243,92.13019958496093,90.0311996459961,82.38109981536866,92,-29.497345791855068,39.0263496258719,True,65
EMSLIMITED.NS,383.1000061035156,589.0,-34.95755414201772,562709.8406374502,-1.097198898420626,0.2879597129622047,24.161406987501977,25.771503094889137,0.17504895386956626,383.9266114718768,385.2788735543816,399.7299981689453,372.67549896240234,364.13749938964844,243,-56.52801565484402,4.146095182740117,True,65
ANDHRAPAP.NS,73.36000061035156,86.18916380875459,-14.884891129550459,410202.37051792827,13.824676623747134,21.39665768637824,17.746409159820953,17.559242427558285,0.18009418918619963,68.1121788440631,65.36403352839989,61.99568695068359,62.71603015899658,63.81186954498291,234,-33.248938734659326,4.293249991141246,False,65
ADFFOODS.NS,269.54998779296875,346.1881784193172,-22.137726070334253,274700.2948207171,0.766350576810737,3.0192983301233323,-4.340238292349352,45.19922407982773,0.17458112867932027,271.3487203362663,271.8610841477982,283.10384460449217,281.5596209716797,240.34335983276367,50,-26.095106057139905,18.8530837795996,False,65
COSMOFIRST.NS,874.9000244140625,996.0,-12.158632086941513,100244.528,-6.9403816737298225,-3.7513724516982982,20.19966694782984,32.97139879150659,0.17804146943238947,909.782592764952,914.8063817364272,892.6113513183594,822.63521484375,742.5004623413085,7,-13.8353401398563,11.876745842191983,True,65
PFOCUS.NS,310.8500061035156,367.0,-15.299725857352687,3290673.964,6.583237650896678,15.988808247580465,28.812363943732922,13.262886601377177,0.1780494923827651,304.0674474427497,297.5959129908046,284.11559814453125,268.9070991516113,262.3489493560791,104,-44.81199093020904,31.79908475237747,False,65
GLAXO.NS,2828.39990234375,3120.699951171875,-9.366489999090156,91249.78884462151,-3.7140458776595775,7.945956608340454,33.25794592903415,15.812103927662058,0.175200120836772,2908.7207957021947,2884.0076527151973,2693.7439794921875,2492.8358520507813,2448.623193359375,9,-10.472011213555021,29.676472650542674,True,65
ALKYLAMINE.NS,1867.5,2115.0,-11.702127659574469,127670.93625498009,-6.774159069467345,-1.1800216029179023,3.4847893480453473,44.01058662162571,0.17736251225533575,1958.3811893128461,1962.735262839481,1911.5360034179687,1810.839384765625,1654.7368334960938,13,-12.099291934471035,24.235377581012308,True,65
DYNAMATECH.NS,12097.0,12865.829460466755,-5.975747330004355,26827.02390438247,3.8012699502316893,11.985402415356393,15.920930300022974,24.993521941044406,0.17550895344519102,11665.773115790653,11522.566240578388,11009.639140625,10939.026142578125,10190.403076171875,90,-24.12426712094893,16.547293141110366,False,65
GODREJAGRO.NS,675.8499755859375,732.2220367262382,-7.698765990756029,281088.03187251,2.564680638263117,22.381163528463112,20.69415187735966,17.46356687168369,0.17926373081400307,654.8237045747886,631.0362758872533,583.2581420898438,573.8256481933594,571.9781564331055,250,-32.19907436248138,0.0,False,65
PIRAMALFIN.NS,2255.60009765625,2326.39990234375,-3.0433204805490277,398227.07009345794,1.3752852879213462,8.987243487794494,12.678591399610672,29.852584212369358,0.1767958833118198,2256.8766252987316,2220.560220768024,2149.5180029296876,2068.931357421875,1891.4649029541015,2,-3.314127267541156,6.4746543778801735,False,65
FOSECOIND.NS,6194.5,6580.0,-5.858662613981758,5504.72,-2.7932522557865824,12.006147726245375,21.948576283754505,21.721841583689127,0.1739521383827242,6137.192646529976,5972.813470720529,5496.04,5242.7076025390625,5035.7288671875,9,-8.579027355623104,22.12304443804587,False,64
RKFORGE.NS,711.2000122070312,772.7999877929688,-7.971011459492927,739323.496031746,1.4767834745860853,-3.0137700741619144,21.88517775613217,27.375101128429847,0.17060518110837816,719.5643081187606,717.8209274677924,670.7119995117188,624.018154296875,575.755115814209,17,-10.785452497738234,31.33491036461349,True,64
WEWORK.NS,670.25,794.5,-15.638766519823788,343461.68260869564,0.49478787503858257,-6.845031271716473,4.8166372984596695,43.215811965811966,0.17411788509023254,673.5055168761922,680.6529910203808,704.495,649.3554983520507,598.3802491760254,26,-18.61548450774858,17.10752600036416,True,64
LANDMARK.NS,487.95001220703125,662.7999877929688,-26.380503742639384,364033.696,-2.0180698379455353,-10.966148512832529,14.798265197151238,37.955893516175344,0.17226800279254448,498.3081276088207,505.79868749346997,508.3770007324219,456.20750030517576,445.0632499694824,244,-48.777910945579904,0.9262434895759064,True,64
AUROPHARMA.NS,1679.800048828125,1717.0,-2.166566754331678,1316994.544,2.595736806483262,0.7678493598155312,19.278562137800147,28.043297322018024,0.17414031122758686,1667.94273287876,1652.1626012636584,1608.2080029296876,1539.3969995117188,1384.8549975585938,8,-5.497962982764271,7.675907831936746,False,64
JASH.NS,514.0499877929688,572.8499755859375,-10.264465444521564,127555.99196787148,10.75083368580485,3.7122957980560756,2.146048245001242,36.921191339601876,0.17229833537532824,498.2154002219688,492.63751578309547,498.6509997558594,471.86499908447263,437.37585693359375,57,-20.72968046493481,32.12177759377439,False,64
MASTERTR.NS,90.61000061035156,164.5,-44.9179327596647,964526.1792828685,1.6262863264757677,15.191960833836715,15.943696533833851,22.198245105535165,0.1686342780177914,88.41514211517976,85.96389547380643,83.9997998046875,83.05069984436035,89.07865007400513,234,-66.20060883032153,-7.788200639989629,False,64
NORTHARC.NS,305.1000061035156,334.0,-8.652692783378557,840468.6865079365,0.9763403166051177,6.4921487272305844,2.1255250555700878,36.908233227417654,0.16797014584744716,303.904160048571,299.48126851742364,296.7560003662109,291.515400390625,270.30690048217775,44,-18.218564701651385,18.746581200346203,False,64
SURAKSHA.NS,323.75,349.0,-7.234957020057308,64040.03187250996,-2.616938453175144,6.339296114018356,19.885211862405217,25.850340136054427,0.17311864990629494,331.5055622606946,323.1111503623668,288.16000091552735,285.91429946899416,278.6921994781494,2,-8.85386644598406,28.40474435106657,True,64
TEXRAIL.NS,117.80999755859375,152.0256459449325,-22.50649761996901,2823508.634920635,2.2200718207324277,10.715344561321704,9.955540244385164,28.805056712174483,0.16873760852522923,114.68588211126902,112.32110282691295,110.87150848388671,109.5949398803711,111.3690442276001,245,-48.986925605593946,5.077671559331942,False,64
CYIENT.NS,1059.4000244140625,1267.736092444419,-16.43370960817624,529769.0198412698,-3.848250366222006,20.43426306044065,16.71899916467945,21.756126208444915,0.1742017780824773,1075.134727023913,1036.871776103627,922.4550024414062,904.6075030517578,965.4280004882812,247,-40.81575871629103,2.188722459715553,True,64
EIEL.NS,207.11000061035156,276.1000061035156,-24.987324870720318,2463799.5753968256,3.986545420696941,1.9844390107153442,6.7962710423060235,36.22073780323005,0.1732271877819659,202.16368427017989,202.09160194883347,212.26439971923827,207.856199798584,194.17654975891114,244,-51.2097052749207,10.154563253154691,False,64
MIDHANI.NS,447.3999938964844,482.3999938964844,-7.255389809874346,1271922.96812749,7.315903201373786,9.536046156294532,2.5323679703002755,34.99523616196441,0.1739660440727213,441.65263380307533,432.9279827033731,419.1200012207031,417.3499996948242,376.2634815979004,3,-12.72802542979714,15.67842680721454,False,64
SPLPETRO.NS,818.3499755859375,965.127357372077,-15.208084266287536,185290.8326693227,12.751445212116508,12.77474651044448,18.067544604516293,19.84620751848731,0.17188840212050363,778.1156102559661,752.0460164512596,724.9914672851562,716.5097839355469,679.236561126709,238,-52.62112747973704,6.417215042073754,False,64
HSCL.NS,664.9000244140625,819.5,-18.86515870481239,5441498.912698412,-0.9164687416406969,-14.553748820515155,-3.52582521221273,51.715160399633554,0.16625919957922503,670.4794284535909,684.2027339409367,715.6660046386719,674.0698797607422,570.06732421875,38,-20.683343502135454,32.07453696723326,True,63
GALAXYSURF.NS,2187.300048828125,2648.0,-17.398034409814013,22040.887550200805,-2.8557490690756637,8.153679906221223,25.96132141849632,18.13835437348674,0.16388899249280273,2240.957479305813,2228.6025971159174,2104.1953662109377,1964.38380859375,1915.9381488037109,18,-19.052114803625376,24.252688082819684,False,63
IMAGICAA.NS,52.33000183105469,62.0,-15.596771240234375,924796.4023904382,-5.507401910861587,10.821686739201386,20.105582275849976,21.471679681619783,0.16233943712157026,53.79882183761282,52.83090897676331,49.51280014038086,47.344000015258786,47.01904998779297,10,-16.451614133773308,21.33305255801512,True,63
AVL.NS,616.4500122070312,703.5025243881884,-12.37415775542009,235506.70517928287,2.7331096988074455,-0.17578102221235126,4.545975868106189,37.021665813213644,0.16410613851155587,607.3952060550127,606.6591869037918,617.67705078125,591.62009765625,540.401912689209,56,-18.891552509755606,25.905449474686915,False,63
SIMPLEXINF.NS,255.10000610351562,330.0,-22.6969678474195,143761.8674698795,-4.439035610279518,1.1057859664375558,-0.8742956855011585,42.913168685442926,0.1668023240078638,259.6170807046322,258.2398059214154,253.59419982910157,247.9145002746582,235.6503500366211,245,-58.484848484848484,5.445382254464293,False,63
PREMEXPLN.NS,668.0,829.7999877929688,-19.498673195128692,690411.4143426295,0.24762129129090038,2.5877255554278777,-2.239131869793687,40.779768177028444,0.16182474950087938,667.3424983002466,666.5935223030386,670.1019982910157,659.6309967041016,574.8205001831054,52,-23.306816850322566,44.16421246850939,False,63
GREAVESCOT.NS,192.25,269.68934059737177,-28.71427562759462,1608337.7698412698,-1.6925739414585528,-3.119331972007,1.336273858083481,42.44571017167815,0.1658604243754905,193.88450265089645,196.5371169657216,214.6354702758789,198.91857482910157,181.19712608337403,43,-29.726549869317342,54.415047283454456,True,63
JUSTDIAL.NS,665.5499877929688,878.5999755859375,-24.248804201352947,570816.2151394422,-4.560118865172303,-3.1856897265523876,23.249997739438655,26.71108763312113,0.1656628454325234,680.8079079740345,681.9796542392926,684.6590002441407,608.6795013427734,623.1047496032714,229,-45.310720082873324,0.08718902457065525,True,63
SATIN.NS,216.67999267578125,274.1400146484375,-20.960100278080198,448652.236,-1.2262399148840974,-3.0124035969789187,-6.647713538406741,47.37128101390675,0.16229093633156483,218.96480445190858,222.7150218220254,238.39100036621093,229.16819976806642,189.88904991149903,33,-23.396808645644786,18.05788282729366,True,63
ELECTHERM.NS,956.2999877929688,1277.0,-25.113548332578794,50766.332,-2.40841269855111,-5.5412915120742205,-14.787258828873362,55.87611862966075,0.16565170230932338,977.2354610152553,994.2095093723042,1034.0670007324218,977.5164996337891,871.7037487792969,48,-26.808925261232385,64.58235268090169,False,63
SANGAMIND.NS,574.4000244140625,672.5,-14.58735696445167,65429.698795180724,0.4459296908270627,-0.6400192575903296,8.452112264600498,34.65640722081724,0.1631478568527169,579.0563045271468,582.1314116665491,592.3979992675781,556.7134005737305,502.9899307250977,38,-18.141263940520446,21.320354236146333,True,63
THELEELA.NS,542.2999877929688,582.8499755859375,-6.95719129990594,444390.82470119523,-2.1207472717047704,6.657483483775484,18.431970959048407,24.537828129658322,0.1646414450916247,548.3226226963118,543.1425825726202,515.4830023193359,475.10650146484375,449.56200088500975,9,-9.4106507477841,13.580249014194745,True,63
MAYURUNIQ.NS,740.0499877929688,899.9875607705063,-17.77108706264898,126520.6827309237,1.5436333957782322,-0.6571794996374059,-6.433793286310152,45.99515042403086,0.1649084962336964,743.1804210292041,748.0875434513816,775.4384155273438,740.542123413086,628.6959986877441,49,-21.998921918543324,40.15728331764619,False,63
ADANIPOWER.NS,209.97000122070312,254.1999969482422,-17.39968381531679,36074784.940476194,1.3368746685613386,1.8777268328870278,-5.673856485403316,43.255775894341774,0.16109386245549256,209.3600415084701,208.7348330948712,210.9602001953125,218.79890090942382,184.7418504333496,75,-22.108574989355766,54.904203533656215,False,62
BALUFORGE.NS,533.4000244140625,696.8433940665321,-23.454820845566438,1024700.4642857143,-7.089349051153649,19.529417235644253,18.152621550810743,17.644471017757212,0.1570052341435959,557.9015929878518,554.6163767826148,500.5820007324219,491.6260015869141,496.03074966430665,250,-51.05787172599552,0.8842392597660842,False,62
RATNAMANI.NS,2811.39990234375,3330.2583637320286,-15.58012636613646,60041.732,5.307710745159788,25.486521375164294,9.08772095354966,19.049107743763138,0.1597403473311899,2731.4278833292688,2638.3072874046584,2506.5748974609373,2565.7318334960937,2421.1880694580077,88,-35.5874364768606,31.420683079854726,False,62
METROPOLIS.NS,585.5,609.0499877929688,-3.8666756859001783,297988.8924302789,-1.0812678070757031,5.9920300729615406,11.332947864442765,28.659727887890128,0.1595405474837362,586.1236539043335,579.601214595453,571.192001953125,548.7015371704101,509.31528106689456,30,-11.895577318631979,7.543873187761241,False,62
AXISCADES.NS,1831.800048828125,2211.0,-17.150608375028263,143586.35059760956,5.859918110461071,18.686019168850976,-3.882883728830977,32.240839835319626,0.1605466646029486,1766.1613993821368,1702.5904419909227,1609.342001953125,1764.7520031738281,1585.6725042724609,88,-35.95205899656547,40.447309307226355,False,62
LLOYDSENT.NS,69.79000091552734,84.69999694824219,-17.603301735448618,3728572.067729084,-5.98141215224871,-8.219358133547516,-1.5542934580177525,46.62478630444193,0.15941613642437075,71.58558886982499,73.244755327883,76.84980056762696,73.85145729064942,65.2376047897339,24,-20.188900932984012,19.02889092404203,True,62
IFGLEXPOR.NS,206.0800018310547,334.28171894337873,-38.35139938778378,137363.56972111555,-0.6556115476019198,-3.217015488821595,7.60251776808929,35.39458905210968,0.1572962669874615,209.13637300765373,210.6725979885261,213.3138330078125,197.7307861328125,188.197783203125,234,-64.59171628181466,25.077397330156725,False,62
GOKULAGRO.NS,226.75999450683594,259.79998779296875,-12.717472994056466,1126087.1912350599,-3.4694176613254357,-4.15892279917125,1.631408869355977,41.459756824595615,0.15894599064678247,232.758702665799,233.96732886648678,226.1681994628906,227.32989974975587,203.67879959106446,11,-14.853727056312804,20.354112572579155,False,62
ABDL.NS,632.5,711.7000122070312,-11.128285913811709,474664.91633466136,3.697022270952055,0.7646945514771852,1.3063320758937236,37.61359095689099,0.15959977142915152,611.6013449841315,611.6478714590363,621.4110021972656,599.934818725586,556.7814796447753,49,-18.504989454562516,20.44939101745249,False,62
AURUM.NS,224.02000427246094,264.6400146484375,-15.349156638287841,208654.5498007968,-0.3292357414399594,-0.8936423082949174,16.501124392423794,27.989490850044362,0.15934481621941904,224.84549553064502,225.9350254359733,227.26659973144533,208.01220001220702,192.35529983520507,41,-22.40402254499797,42.53566266084074,True,62
KOLTEPATIL.NS,436.8500061035156,554.5999755859375,-21.231513643327958,168146.3574297189,-2.825043273119132,-11.335499232755774,21.061382489819923,30.30574380418065,0.15891108094755169,445.2033906626364,445.1971937539762,421.2990020751953,397.4750006103516,379.05750076293947,22,-23.223944007009912,39.03915827169722,False,62
CONCORDBIO.NS,1505.699951171875,1693.8579163761817,-11.108249599048392,267745.14342629485,4.00635504291138,4.2223300381867945,9.746085655497104,28.966837605550765,0.15755662250797936,1472.6462775182313,1468.0334574253045,1400.9939404296874,1299.0958111572265,1258.1712203979491,244,-42.0774646822929,3.43543663257313,False,62
SIS.NS,419.29998779296875,480.95001220703125,-12.818385039883196,177529.924,-3.7971820761237285,-4.443938136388537,-1.9754558052673898,43.84219135264795,0.15675733964588887,425.3837155247367,425.7535962333262,429.06999938964844,415.6379998779297,364.739504699707,56,-16.301075459857593,24.034270223092523,False,62
THANGAMAYL.NS,5126.0,7430.0,-31.009421265141324,173978.41666666666,-3.86346586646662,-2.732447817836814,-5.588321999726964,46.69495937156491,0.16068650998493852,5258.389722645846,5350.7037908909415,5771.5830078125,5225.9536645507815,4388.963079833984,33,-37.94078061911171,56.589436180081144,True,62
SMCGLOBAL.NS,86.0,95.0,-9.473684210526311,1033498.0682730924,8.285069230368713,8.80566675588863,17.630966053942764,18.974167150158095,0.15468596950460664,82.85464298651793,81.47073905214344,79.0518002319336,72.54094474792481,73.1382127571106,1,-13.157894736842103,6.9297082101776875,False,61
MUFIN.NS,134.75999450683594,141.5,-4.763254765486968,1417294.873015873,-2.035477683521436,-1.2530275507961042,8.879371545482861,32.507373206135746,0.1521260746758779,135.6748330757423,135.63041075611534,133.06940002441405,127.6202001953125,119.51304996490478,15,-6.282685081023631,8.891490122525326,True,61
JUBLPHARMA.NS,1025.199951171875,1178.6978642896322,-13.022668299332674,170428.1235059761,10.892368974783672,15.126328037268388,5.153821074040565,24.510047086894083,0.15464667661901849,969.9765768600515,944.535747286199,943.0047705078125,956.9352801513672,955.033190612793,223,-33.655473337427246,1.6983780299421491,False,61
AARTIPHARM.NS,826.9500122070312,944.0989338759356,-12.408542946654666,320040.3266932271,-4.740233214628475,-6.9483514292576265,29.079837773105275,21.852204001762022,0.15601139325322022,841.4257231998957,830.7480105839076,767.1770031738281,728.6235003662109,722.1995419311523,247,-38.036155003552295,0.2706130470023549,True,61
ANANTRAJ.NS,598.3499755859375,742.4300925158334,-19.406556709152134,3518509.638888889,-4.3328860967586476,-4.576989516903884,10.843925752380311,33.18514101671368,0.15178547619342925,612.701244197719,612.9120606435837,605.1354870605469,562.7672003173828,541.1028471374511,234,-45.80784023633535,39.10741549422947,False,61
ANGELONE.NS,305.0,359.3387168134344,-15.121865323976936,8573948.864541832,6.643356643356646,4.810996563573888,-13.15831135986092,44.635489402962406,0.1553323733027713,295.82521047111914,295.2872508038296,306.00079467773435,317.32171020507815,284.22759925842286,59,-23.40096206696607,12.457087585318716,False,61
WESTLIFE.NS,569.5999755859375,766.669811438393,-25.704655760831585,241502.816,5.374153815372007,-4.220621507630929,20.404292446287986,23.629523134850096,0.1526638806783745,557.6992998221388,557.6362567449166,534.7836206054687,501.99256286621096,502.46261947631837,249,-48.07090968467447,0.0,False,61
HNDFDS.NS,618.7000122070312,677.75,-8.712650356764106,63437.633466135456,-1.3080255044965794,3.9395232603160357,10.937779929141445,28.78851375263496,0.15453841581409966,623.7615957795956,620.7840194235887,593.4080017089843,562.1615008544921,530.6827497863769,16,-10.210256319739031,14.081764272766373,False,61
KRISHIVAL.NS,419.95001220703125,508.0,-17.332674762395428,20521.74,1.5598578493424942,3.512447515709738,3.640177580365833,33.10618453471672,0.15193002376072634,414.08346263082433,408.63863849664966,399.53199890136716,391.97800018310545,373.1535221862793,221,-44.42913626122662,11.95363882032423,False,61
LODHA.NS,1116.9000244140625,1340.2415520455131,-16.66427423404242,2101809.274900398,-9.489463175521673,-7.617863985602769,21.7162281564105,28.971152967202208,0.1563081051913131,1189.2235809154843,1204.8912233950969,1204.0050170898437,1054.8590704345704,1015.8678460693359,31,-19.753271463749,49.72133948764363,False,61
GENESYS.NS,307.80999755859375,612.0,-49.70424876493566,917931.2301587302,33.32033569335226,45.67439333315857,-3.944457533760759,10.782793160679738,0.1559669224011061,263.1610072916822,245.38569202557227,249.43777709960938,265.33698745727537,298.6902444458008,226,-72.4673202614379,0.27773592933524327,False,61
KAJARIACER.NS,1226.4000244140625,1285.36522978804,-4.587428071607402,270858.8968253968,-1.0648557140891857,-2.736140798794262,7.663949670723058,34.747018789962226,0.15544278686034035,1235.6803368142184,1230.7833523868298,1221.8119995117188,1172.512000732422,1086.0259982299804,226,-32.34607911952491,1.0810342766454317,True,61
GOKEX.NS,785.5,954.9000244140625,-17.740079598176607,691380.9003984063,2.325275192893028,3.0501803870121247,8.832698302736407,30.28694114972048,0.15607149547400845,781.5091033420944,785.6148129493238,805.8820043945312,767.7110009765624,735.692251586914,203,-44.39208436235745,18.653918829418757,False,61
TEXINFRA.NS,115.5199966430664,121.30000305175781,-4.7650505055841785,151326.396,-0.8818777291718871,4.123547574822073,14.34444861301416,24.820171729331463,0.14967925017684058,114.49837202664688,113.26428351577587,112.73712615966797,106.76834915161133,102.18689559936523,3,-7.5845048196009905,5.426966033875447,False,60
IFCI.NS,82.29000091552734,107.5,-23.45116193904433,37630449.59126984,-18.83014091051084,7.34411294608468,-7.331083234801305,43.8384936766441,0.14921880998383102,89.46578434740066,87.4770420931481,79.56280044555665,75.12670017242432,65.15090005874634,5,-24.16744498319404,30.880452429207715,False,60
TVSMOTOR.NS,4125.0,4484.5,-8.016501282194222,907630.6150793651,-0.1959811634091202,-5.002076955064682,20.06985882695387,24.51249922437615,0.1480594383048277,4180.041990994349,4216.236732861386,4108.574008789063,3782.9989916992185,3722.7632189941405,12,-9.403499858888953,27.761877504293064,True,60
INDIGOPNTS.NS,1089.300048828125,1340.211918083566,-18.72180554954562,132039.82470119523,-7.537554417964154,-2.5110792225179868,8.815597077925762,33.72327449574553,0.14878017635375926,1128.2998911061875,1131.8132104187428,1104.4980688476562,1034.498798828125,1023.628254699707,205,-47.39207785097419,17.87713393596242,True,60
JKPAPER.NS,414.25,440.18408478548275,-5.891645264303758,392405.4860557769,2.0823096257317486,6.363600746590281,17.23678573896221,20.389396231498893,0.14807745326179453,408.29763204944163,401.1293990061362,385.0875451660156,372.988576965332,358.05450912475584,235,-31.463575240086016,7.2596848202371556,False,60
ADANIGREEN.NS,1281.300048828125,1631.5,-21.46490659956328,3415786.369047619,-1.5369245561783207,-2.8582222268290325,-13.571666183600339,48.7548714396276,0.147051118197873,1294.4885480919434,1307.8470986512823,1383.5160009765625,1405.0184997558595,1185.6802493286132,43,-25.534782444740266,16.45376274770005,True,60
MUNJALAU.NS,106.63999938964844,129.46286953315382,-17.62889253560128,949844.9601593625,-5.023155905741239,-9.879647333450038,8.894285229038012,37.19763432418806,0.15069094241122497,111.20670193740062,111.23843797066468,107.33264434814453,98.96543869018555,87.9389404296875,19,-18.81842349616212,22.113415706761575,True,60
CARBORUNIV.NS,1075.199951171875,1303.7913206843634,-17.53281877904358,238405.96812749005,-4.900055334368036,-9.235187123817902,1.1509778632131873,42.63680353727381,0.15062971815673096,1095.4873681171778,1101.4900090911215,1096.9416479492188,1079.4033825683593,955.2263659667968,60,-20.766699919861885,34.071152448875665,False,60
GEOJITFSL.NS,78.5999984741211,86.5,-9.132949740900465,991855.728,-5.038055259235808,1.1583031676029698,4.743313148401951,34.58450755973737,0.14984652076012545,80.82827985087597,80.76578665517532,79.56913635253906,75.69280128479004,71.0738141822815,5,-10.00000176402186,6.579954596950688,False,60
GALAPREC.NS,1031.0,1260.0,-18.174603174603178,36842.47011952191,0.68359375,0.6344558321132343,-1.2310174724796563,37.4575050702594,0.1480894732778251,1038.2138435089562,1043.9812330333384,1090.9639916992187,1008.7774975585937,880.4114990234375,49,-23.722224159846228,44.84417892116037,True,60
BAJAJCON.NS,520.5,692.0,-24.78323699421965,1220599.8844621514,2.2693756785431507,-3.297724105898747,-12.137073168620837,47.51310500113777,0.14931512796543422,506.66213063758113,503.8660063467255,533.087001953125,541.5600015258789,436.92425140380857,43,-35.281791025503516,26.692888485031997,False,60
GANECOS.NS,1013.2999877929688,1350.5967808398343,-24.9739076704393,325146.41035856574,0.13662253601729457,-4.937609015735145,9.437872993611274,32.359705659449524,0.14801384612317892,1026.193731659901,1040.6837731958856,1097.325439453125,1031.3799432373046,934.9368771362305,250,-51.77624359957493,0.0,False,60
VERANDA.NS,225.24000549316406,272.5,-17.343117250215023,410139.79282868525,-7.029346794473435,-10.387905301899403,-6.725190708011485,48.89931852416134,0.1476165445743387,236.37067575020748,239.95196713244732,241.8119989013672,233.90459899902345,207.78554992675782,219,-52.28623696423451,12.081513201231386,True,60
KPIL.NS,1435.699951171875,1468.0,-2.2002758057305893,198309.512,1.2696621725296175,2.7849299100745295,10.990156902209968,26.16168470536342,0.14445673152076227,1411.9157607072598,1395.568888530509,1352.27599609375,1321.3415307617188,1229.4971820068358,21,-8.528607028056879,2.825461594563139,True,59
HARSHA.NS,445.0,470.95001220703125,-5.510141529760393,111739.34,-1.3413120400627698,11.27782115325311,6.384759194914857,25.892385535070428,0.14393814999146973,448.7418530917316,442.28531555451434,426.1886895751953,415.8204763793945,392.99791534423827,2,-7.421172375225904,8.84647873806459,False,59
MANAKCOAT.NS,128.52999877929688,182.7466119542093,-29.667643408074483,715427.068,6.531286492961819,9.431166167590476,20.192205545868134,14.437187328841116,0.14371898478111164,124.13030825033967,123.0530964892106,122.06604095458984,114.17827407836914,118.42330173492432,219,-48.47391471782986,25.015605714453848,False,59
GPTHEALTH.NS,159.3800048828125,175.0,-8.925711495535715,133548.38,0.765003937456421,2.839081995465298,9.13604286230294,26.602279479743117,0.14026041443426834,158.17931479049355,156.77492833639548,156.52062133789062,149.94474853515624,140.33558860778808,30,-15.079999651227682,14.964889777794067,False,59
JAGSNPHARM.NS,232.88999938964844,260.14646303072993,-10.47735315081405,216478.23505976095,-2.5646409393520253,5.019476454892313,11.11562565499209,24.88128950436721,0.14034634695287773,235.15893471046164,233.80208798565383,229.07001525878906,218.47212295532228,200.62698654174804,52,-19.001891669883765,14.996381656489488,True,59
TATATECH.NS,762.1500244140625,891.0,-14.461276721205108,1258642.0595238095,-4.731246948242185,-12.235144750449578,0.5071289095513132,43.21360126342011,0.14517425533319303,791.5161791403818,798.4355252928344,781.4799975585937,731.8127166748047,667.2679850769043,23,-14.915827655899271,14.096656004558895,True,59
ALPEXSOLAR.NS,934.2000122070312,1370.0,-31.810218087078013,64841.6,5.0489176914860545,22.598426798823002,-4.862772993166631,27.361964854400988,0.14510531172723612,898.984702487877,877.1348381808206,840.8330017089844,910.6685009765625,878.1187481689453,249,-51.82481751824817,0.0,False,59
FEDERALBNK.NS,344.5,370.4344787597656,-7.001097426620662,9208720.162698412,0.4373177842565523,-1.9217081850533835,7.821873370588306,31.4111284459611,0.14570403530975912,346.16281126749857,347.94958146428036,347.95916748046875,324.6338934326172,299.025101852417,29,-8.863773363154959,22.028892697908443,False,59
IGARASHI.NS,414.29998779296875,556.369872473851,-25.53515057333725,228680.38095238095,-1.9988201554183904,-8.066128169495846,9.245130261378964,32.985706353911446,0.14154713970537264,417.0152883337571,425.1380692453416,446.63609436035154,425.5360662841797,402.49315673828124,231,-51.424729443857146,10.21719260945535,True,59
EXIDEIND.NS,412.6499938964844,496.3999938964844,-16.87147482468838,2751957.984126984,-2.757160843348061,-15.005150587747806,6.71148243540276,39.793471004856286,0.14654086930678975,424.2970320850887,434.0058907815523,443.2900012207031,408.3129287719727,372.2850225830078,23,-17.465749950740918,24.994538832844416,True,59
PCBL.NS,331.04998779296875,413.2299507534673,-19.887223278626053,2129895.394422311,5.346058168009149,4.613675153340102,10.746334512786282,23.40887266419398,0.14044790266982413,326.09592776700345,323.49876022628393,319.8535479736328,306.00944946289064,294.73684494018556,244,-45.942659760577996,5.4974511024625805,False,59
SYSTMTXC.NS,72.52999877929688,177.89999389648438,-59.229903728102265,247286.75847457626,20.421715640949255,24.621989396059373,7.2294491924504545,13.879730480761477,0.14687296393346527,65.3038864997883,62.60199845712367,60.96119995117188,63.92389995574951,81.5889002418518,202,-70.83192739183457,18.909631442995376,False,59
EDELWEISS.NS,132.42999267578125,139.35435997550803,-4.968891752610938,5554364.813492063,-1.602868833408344,7.221993393422932,11.073261638323606,24.71946522679389,0.1449387637755839,131.49596871697972,128.39309992896938,121.66553924560547,118.61360122680664,113.92594947814942,1,-6.884313249416129,16.009162576838285,False,59
HAL.NS,4905.0,5149.89990234375,-4.755430338214817,1166590.0836653386,2.925127989910603,-1.602819374491693,14.709066244010716,22.460182526556814,0.13368741807918663,4909.136089681845,4884.416100041094,4730.212099609375,4558.546328125,4368.026706542969,18,-8.60016526034193,12.270797958049195,False,58
TIPSMUSIC.NS,661.5499877929688,741.0,-10.721998948317314,401862.358565737,1.456943513204445,-1.8908498043625377,3.3510409350345993,31.181836963390165,0.1324557145631438,652.11437780168,653.6980594723665,668.9620007324219,660.6134985351563,599.0245703125,38,-17.42915309231613,10.531230423603088,True,58
IRMENERGY.NS,280.25,390.9040021765633,-28.307206260472917,1582481.2261904762,0.12533067618489824,-5.149744040919579,3.7763089972001618,33.26050602595663,0.13419679368977272,281.17999551248585,281.13569165188926,274.01879150390624,278.67728729248046,260.963254699707,243,-57.91348824106489,32.57656346074229,True,58
TITAN.NS,5009.5,5186.7001953125,-3.416434122655587,981902.6071428572,-0.20916334661355007,-1.0703673839670302,15.85840042786315,23.390402014858026,0.13878691122847395,5028.225146682933,5025.174608730108,4896.75751953125,4565.847712402344,4338.376805419922,11,-4.698559510587197,15.064678257291408,True,58
DIXON.NS,13425.0,18471.0,-27.318499269124572,533735.4007936508,-5.723314606741569,-4.346277164232282,9.726195341234156,29.86070806732444,0.13420554935779408,14015.675505286783,14167.175850598895,14093.62,12829.45,12132.295,241,-48.0266363488712,0.9373128631652738,False,58
SHARDAMOTR.NS,943.75,1189.9000244140625,-20.68661394769473,64795.664,7.50085132186753,7.177333834895316,17.37454316621443,16.218214911248552,0.13885200813529566,908.2741916433586,900.2063491408167,884.6720007324219,866.6709979248047,875.894997253418,209,-41.171528226104705,12.135965784414493,False,58
DEVYANI.NS,137.97000122070312,191.0,-27.764397266647578,3905057.207171315,-0.05795134319894757,-1.597607435919568,23.850986832035037,17.96340825982421,0.1401534273203639,138.726444453387,138.1843059469409,127.8409994506836,121.53279983520508,122.71904991149903,250,-52.06806122944617,0.0,True,58
PENIND.NS,175.5399932861328,279.8999938964844,-37.28474558271948,798304.828685259,3.526772713872317,10.862698841762096,8.351335866952315,21.674629574847025,0.13700469629764156,172.55047384355677,168.60132303096435,165.64079895019532,163.5602993774414,168.5609994506836,212,-53.87638123662812,12.211294023130037,False,58
JUBLCPL.NS,2105.800048828125,2790.0,-24.52329574092742,8381.804780876493,-5.255108597866598,-9.334368367886459,12.082179800963289,30.77066291841659,0.13540534574291674,2171.2013858968276,2159.6782194133107,2058.3640087890626,1949.6410034179687,1973.1410015869142,247,-47.67025089605734,2.737127524277305,True,58
POLICYBZR.NS,1797.300048828125,1964.199951171875,-8.49709329460958,1773730.6,-3.887697923629674,3.3525042454356058,13.674029256882768,22.875511644625245,0.13534144491639083,1814.7153701588431,1791.7012818591634,1683.043994140625,1670.4559997558595,1651.9390032958984,189,-30.556968032393318,12.14048478572689,True,58
RAJRATAN.NS,498.1499938964844,563.9500122070312,-11.66770403161036,208475.72509960158,-0.04013488604025506,-5.982822147797129,10.485353331374526,29.42611084796041,0.13715472420433067,501.3498298513075,501.1118051715848,499.11328125,465.2477194213867,448.67497772216797,27,-14.34524739124633,22.06893354065713,False,58
NITCO.NS,93.70999908447266,123.58999633789062,-24.176711820370254,873521.476,-2.6692975980561084,-3.202147042969228,-2.2224513092722886,38.870768261222864,0.13974212743308004,94.4532775045441,95.36809254042362,100.77919921875,99.91349967956543,92.04304969787597,242,-48.21587353637725,2.493461801609387,True,58
NIITLTD.NS,92.48999786376953,113.50703982524603,-18.516069130015246,1070650.2222222222,-6.5379964435734355,-2.995323745036882,-11.556176170501796,46.14381016956835,0.13737806823312076,96.17375460870329,96.81923415463574,96.68106033325195,89.18466594696045,82.51926393508911,251,-57.298475406133086,0.0,True,58
IKS.NS,1740.5999755859375,1933.0,-9.953441511332773,244124.52589641433,-1.0966559782025542,-2.295819501210361,6.037159645807955,31.138394602088315,0.13697676236515388,1766.9793894567113,1773.0316273450649,1810.642001953125,1739.1389990234375,1647.3995013427734,45,-12.75737069766878,20.8612747803951,False,58
AARTIDRUGS.NS,428.5,531.6963704720772,-19.40889127763883,173708.9203187251,0.62228339990682,-0.6952491309385911,14.144913949614457,20.213209517614228,0.12251936505732992,425.57291686832366,422.23772338105357,414.43500061035155,396.33050048828125,386.17103973388674,244,-40.01275353377998,2.7378384707642534,False,57
RELIGARE.NS,256.80999755859375,280.0,-8.282143729073665,1403486.956,1.9532328321358206,8.130525287828938,6.697409511685781,21.95364959899122,0.12612111033881596,251.2132207298437,246.90661745218816,249.6922006225586,243.7459001159668,237.6381000518799,55,-20.26785714285714,23.8178999420257,False,57
UJJIVANSFB.NS,65.54000091552734,73.94000244140625,-11.360564306899345,14761348.968127491,4.0482603097504954,-9.450119642782418,15.083406562793034,23.218655024775448,0.12327286081166658,65.91090431535439,67.04835867377122,67.75360023498536,62.08460025787353,59.64720018386841,15,-16.959697729878588,28.126115224787185,True,57
GENUSPOWER.NS,323.1000061035156,363.0,-10.991733855780817,1383184.3412698412,-4.351682125714717,5.398799207170124,-1.763450258620014,31.128252478469555,0.1256685754266437,330.68447760835494,329.2587318908618,320.1889990234375,318.8627990722656,296.40313247680666,213,-43.151380470633185,8.451471298553104,False,57
SAGILITY.NS,45.20000076293945,57.700033807096844,-21.66382273873112,29455962.833333332,-3.460057544733075,5.954057488543163,13.372194712714247,19.755552873862236,0.12758685306594494,45.379141774654535,44.92212307922907,43.3453247833252,42.16023715972901,44.21737468719483,218,-38.044880206547994,22.10291038440808,True,57
IIFL.NS,600.5999755859375,705.0,-14.808514101285464,2332607.765873016,-7.763195413163427,-5.558618750302924,13.728461153507876,25.793268453306915,0.12547802435998204,625.8730200478274,629.3876452906728,604.7870007324219,545.2945010375977,536.8914956665039,14,-15.602836879432624,42.32578005064682,False,57
AJAXENGG.NS,590.5999755859375,697.5499877929688,-15.332236266739606,84687.24302788844,1.3992554224566467,4.4477783775691115,5.549099896407661,25.51269597435162,0.12899289576422432,584.2358468033145,580.2686627323617,575.4380004882812,564.7434991455078,546.8027487182617,238,-43.40190743288429,0.4341126127618944,False,57
VIYASH.NS,257.6000061035156,298.0,-13.557044931706164,2192144.6944444445,-3.103253643254633,-3.266985388004151,4.143925509227753,30.562596106974848,0.1250449365363197,261.8102783730809,263.13300531459726,266.0869995117188,255.37419937133788,230.32574951171875,49,-17.684562734309463,28.69067690883742,True,57
MAHABANK.NS,84.19999694824219,94.5,-10.899474128844243,19562093.96031746,-2.036067553386678,3.1230806793739685,-4.524328589076787,33.380967111120356,0.12416097648261232,84.17806398493794,83.35079044366066,81.50139953613281,81.99259796142579,72.82457172393799,54,-18.30688153625165,20.152580044452463,False,57
SIGNPOST.NS,276.25,336.17116076159675,-17.824598822172966,221108.968,13.312890139887369,3.4642066120368797,7.6285179142076,20.885232304338007,0.12666778632393597,263.70054891189693,264.13766405531095,281.97089294433596,278.03708587646486,252.10261344909668,43,-28.696554009035392,17.708328444292754,False,57
EPL.NS,239.3000030517578,274.0299987792969,-12.67379333731652,1500985.091633466,-3.1566179114096093,-3.2114553733197493,4.845775189452928,30.103850693659773,0.12537319968494876,246.1259208049976,246.49730521605596,241.4974008178711,232.5479002380371,221.04179985046386,15,-14.553152961523663,15.8755710396413,False,57
ELGIEQUIP.NS,617.7000122070312,645.9000244140625,-4.366002653833823,583345.6892430279,-2.0068158751251786,7.323434160027165,1.935120035478466,26.481397434640463,0.12437100228992641,623.6610214902183,618.4731578879716,597.4672448730469,585.7683862304688,535.2667164611817,2,-6.719309920050465,7.818651986915315,False,57
SFL.NS,691.5499877929688,832.4500122070312,-16.9259441825824,247430.11952191236,7.233673687838826,0.06511535565454363,-2.41187564613502,32.58382329107674,0.13046357062504985,671.8166969536403,673.9667496202882,715.7887573242188,672.3086419677734,613.5089562988281,27,-24.584061674944845,12.951792142717245,False,57
RICOAUTO.NS,134.1699981689453,157.3196224733626,-14.715026606637704,4269431.571428572,2.8437768389933504,2.200949741526914,1.0967424828184802,27.463564272631057,0.12039016086102687,131.11795363513883,131.48248032090476,133.88881454467773,129.51318412780762,124.32331172943115,27,-21.51010699390583,15.620360200528594,True,56
JINDRILL.NS,633.25,704.4000244140625,-10.10079811868929,1293340.0717131475,-2.56193626536233,6.484071934239788,5.352115593617324,23.159688700082693,0.1191013091843,647.0064793615306,636.856336198532,612.4464465332031,598.6915344238281,555.7640325927734,1,-10.526692482122257,8.315758891013857,False,56
CHALET.NS,877.25,1067.6950334997905,-17.83702532318915,157252.5657370518,-1.402961396558322,6.8174526490540455,17.201995836855687,13.388819407919051,0.11739320904379304,885.5688397969049,877.6979854507151,851.5913122558594,816.9354089355469,822.6168963623047,246,-35.322321793324605,4.3935530269181955,False,56
GROWW.NS,200.24000549316406,227.1999969482422,-11.86619358151656,53894084.876777254,3.2164976768886966,1.136420999835619,0.2804551471975003,28.49900734151123,0.12032673448419734,195.34713361046605,195.17808425779776,197.2383999633789,197.6027001953125,181.79850006103516,97,-20.77464682316642,29.81634520272365,True,56
MOLDTKPAC.NS,676.4500122070312,838.8123497903943,-19.3562168730509,94107.836,-2.8839793345279197,-0.8791852725734572,-2.3536018603548037,32.239352605735675,0.11725425496220347,689.718036988868,690.549272432023,686.653974609375,673.07443359375,615.903553314209,248,-45.00274448008329,0.3284234571511613,True,56
SCHNEIDER.NS,1227.0,1548.0,-20.736434108527135,344436.59760956175,3.0226700251889227,-14.309659956735333,0.8880158906205082,35.21405956189074,0.11792363603114274,1210.5531051740907,1229.5385100568658,1311.4200073242187,1291.901005859375,1047.449753112793,46,-26.68604493449208,16.80324034598497,True,56
ASAHIINDIA.NS,985.7999877929688,1071.7996569938532,-8.023856757156778,225927.0278884462,2.657703881694795,10.804682249651009,10.637152460488352,15.37301915153828,0.11767060236861501,962.757353875206,950.5273067045911,916.5239147949219,888.4513049316406,909.2070764160156,196,-27.830539250545883,21.80771293556667,False,56
ADANIPORTS.NS,1764.5999755859375,1891.0999755859375,-6.689228577712047,2433459.5697211158,3.404627927684589,5.981980515671914,-2.227397614948523,27.347240780990557,0.11807535923814508,1724.8310939855091,1712.697191641667,1739.03599609375,1754.988927001953,1608.996088256836,49,-15.758024633661572,6.91312211995605,False,56
FINKURVE.NS,72.48999786376953,134.89999389648438,-46.26389833687109,87771.5170940171,0.24892865613765913,15.374814183023378,1.7118019898515247,20.836799192472032,0.11948115976162713,70.54045711644996,70.53689957408221,67.14939994812012,66.9404999923706,75.06739994049072,233,-64.40325972541417,0.0,False,56
CRISIL.NS,4697.89990234375,5038.987051168056,-6.768962598251571,56541.36111111111,-2.167848764186797,5.183145375731368,16.523918906668776,14.151701603602994,0.11437700512169426,4714.614960464375,4658.271153305274,4448.775986328125,4256.248298339844,4294.135036621094,247,-27.16978687813044,0.9326722085635453,True,56
SIEMENS.NS,3957.0,4149.39990234375,-4.636812716823813,404700.9003984064,-0.5028916268544181,-0.7524454477050413,9.33610777247036,23.969465088338126,0.12187840114849907,3974.6414051352676,3967.6643514773555,3828.045283203125,3750.9509790039065,3464.647307128906,13,-7.013062294517125,14.186523940054329,False,56
VIDHIING.NS,334.45001220703125,387.8500061035156,-13.768207568941515,25771.41767068273,-2.4358156018898125,6.1914587217674955,15.049878968990903,16.24956483017399,0.12009499806931385,343.538837326968,338.94585923282085,320.7929998779297,306.52,313.1987503051758,203,-33.32473842104407,-0.9393973090544128,True,56
HCG.NS,693.9000244140625,804.6500244140625,-13.763747795900084,210345.9203187251,-1.3575929529102249,-5.784110738077053,10.608121689327877,23.844376143456046,0.11427605521274349,703.0535232002143,703.8641905862441,688.7570007324218,655.0459991455078,634.8044451904296,221,-36.20829277091636,10.238164754509427,True,56
CHOLAFIN.NS,1845.9000244140625,1952.5,-5.459665843069783,1654687.1792828685,-0.1838546652403461,-3.7390463123032958,11.673016407314307,21.002883674459195,0.11136863662993277,1845.3619348778623,1849.4022808161442,1835.642197265625,1720.6657678222657,1680.7095831298827,25,-9.167733674775924,33.39486389887678,False,55
AGARWALEYE.NS,508.3999938964844,568.0,-10.492958821041487,399442.596,-1.108730200377206,-0.019666883680558023,15.953923991778463,16.793018183653707,0.11388578074221188,511.21841477798705,509.27636378536096,500.62300048828126,480.78550109863284,473.2070008850098,225,-29.401408450704224,27.127593492544875,True,55
BLACKBUCK.NS,628.1500244140625,748.0,-16.02272400881517,771364.7976190476,7.174552223123132,8.902572418140341,13.723192211191048,11.939766031367371,0.11390833781844645,592.4727918564495,588.7062366244768,575.5889990234375,558.5364978027344,586.1267486572266,224,-33.68983957219251,17.501001201441735,False,55
BANSALWIRE.NS,309.3500061035156,370.0,-16.391890242293073,129268.31474103585,-1.793648856026786,-4.388806127397949,1.5427580177888478,29.245873496959906,0.1110405069303835,313.6523300794266,316.27167702615327,320.9920001220703,316.7979992675781,300.20634963989255,50,-18.37837837837838,14.634904668194748,False,55
TSFINV.NS,437.25,684.5682054144123,-36.12762080656302,144255.77689243027,7.683786022655692,4.6929262276904415,9.108421169023151,16.940075977788595,0.11215520589626041,421.32726503957485,420.36476068118753,437.7431573486328,419.82007202148435,417.58358840942384,228,-52.0133152382439,21.34633895164435,False,55
MANAPPURAM.NS,329.0,380.45671483079525,-13.52498532025651,4560110.146825396,-3.1498415727197804,-5.2969607314343525,3.9361782947739288,29.038764814519237,0.11421983110681026,333.5090721088619,339.74546238897585,346.8080181884766,329.1925668334961,306.7464488220215,31,-17.91444976024108,18.478615684784394,False,55
TI.NS,521.5999755859375,594.5499877929688,-12.269786175226283,796873.5099601593,-4.161694885450162,-1.7517514410343438,19.701658195281134,15.194344003477699,0.11221715283223536,540.2648934791627,540.1558496220782,502.62000061035155,472.54000061035157,457.9292498779297,12,-12.538893166864916,26.266070507239505,True,55
JUNIPER.NS,221.1199951171875,312.5,-29.241601562499998,187151.4642857143,1.983206183799635,14.085226891618996,12.07298109325472,11.676765210700758,0.11307966408960482,217.34214269552845,212.89409154204765,202.51039978027345,201.54279998779296,215.25735008239747,245,-39.68000000000001,4.248088360237889,False,55
WAKEFIT.NS,155.1300048828125,224.0,-30.7455335344587,2189035.1818181816,2.362257841612858,26.771268612352394,25.05441440262366,-4.228911609708086,0.11415239183535628,151.19655509602802,146.26370586338095,134.82680053710936,131.41790061950684,,146,-50.26785646166121,11.78428647006642,True,55
RPSGVENT.NS,831.7999877929688,1179.0,-29.448686361919528,351235.62948207173,-0.18000720292493666,-5.963484339829794,-6.349923850363126,35.81516388504682,0.11210390810651337,843.6029586538899,856.3276786822288,886.8909948730469,894.7225,823.9655010986328,111,-31.955046649703135,51.21830821103717,False,55
KARURVYSYA.NS,333.79998779296875,358.6499938964844,-6.928762449857439,3290526.714285714,-4.314180320260919,-0.6399834308496888,14.206792772137788,19.247111533435657,0.11401467726819571,340.72525494276937,340.39795079465915,331.20072082519533,310.55299774169924,295.14949356079103,12,-7.862813932625457,18.99565126761338,True,55
EVEREADY.NS,363.0,454.4330230228738,-20.120241793755277,146573.28685258963,14.186853403401201,1.6237367286558557,5.701807431536277,19.584459830352863,0.11287758847673321,345.6724477840742,344.1058056150722,348.00445373535155,341.0184002685547,328.745029296875,250,-43.26450403666649,0.0,False,55
SANSTAR.NS,110.52999877929688,137.49000549316406,-19.60870291419664,505005.7301587302,-0.7007445839591231,-2.0992052387517335,-3.953773878486311,31.599001774681334,0.10963553040180382,109.24883666456738,109.44686036761505,110.7449998474121,110.19249961853028,99.22079975128173,57,-24.976363804853097,47.64222443485375,True,55
BAJAJHCARE.NS,334.04998779296875,513.5782431574246,-34.95635918311788,278666.3134920635,4.389526095593399,1.270602054083092,11.002368274972207,18.175782177790257,0.11264096373983723,329.35067479779025,327.8993183773323,332.48510986328125,320.6654397583008,340.8735316467285,241,-47.20876231635778,14.83937121938137,True,55
AJANTPHARM.NS,3533.39990234375,3796.0,-6.917810791787405,113757.444,0.34931709824685964,-0.21463139385060614,16.74204896375422,14.305781898201175,0.107369328794613,3535.83734718279,3538.122829308756,3479.196845703125,3260.0298974609377,3017.200604248047,17,-9.773445732349838,17.34811771594429,False,54
IFBIND.NS,1300.0999755859375,2019.800048828125,-35.6322435807323,87141.45418326693,-0.8919098038332574,-4.242467235578895,2.5396285631239524,27.31100274628315,0.10748605239951342,1307.1917348417417,1327.2832875771526,1345.1699975585936,1276.6380017089843,1274.5957470703124,216,-56.27289875948571,24.126492777513487,True,54
SANATHAN.NS,472.1000061035156,551.9500122070312,-14.466890902715413,40650.788844621515,3.485312027845522,-1.6867983960032529,16.914319062724893,13.951247891281703,0.10665966398914051,466.05396655300774,463.1272954156119,463.5440008544922,446.2570007324219,435.59274978637694,249,-36.117402245611565,0.24264776099385266,False,54
LTFOODS.NS,438.1000061035156,490.70001220703125,-10.719381454044708,1279635.261904762,-1.5062908887874427,4.822236098896804,15.112127119633477,13.991627499978154,0.10944107266781923,443.99303558287704,438.4073358904577,413.0410900878906,404.93575286865234,398.06899948120116,14,-12.859181686120092,22.710481084586664,True,54
GVT&D.NS,4548.10009765625,5636.049839022599,-19.303408813627897,841580.9007936508,5.615036201277612,5.915791199690612,-6.4267374652936855,26.497718914721368,0.10415728186366327,4479.774196124296,4412.303894948532,4366.480288085938,4576.3707202148435,3982.093643798828,58,-29.87257122828283,19.53637056399824,False,54
JAYNECOIND.NS,89.97000122070312,117.0,-23.1025630592281,7058621.523809524,1.0444747255315967,-0.8704284893488179,0.022239325335893234,26.23825657140111,0.10432336200844608,92.73867302334644,93.53452162558779,91.59200012207032,95.23300018310547,86.95479999542236,90,-29.470088339259483,60.36074919548393,False,54
APLAPOLLO.NS,2153.5,2292.568366695916,-6.0660510158021435,658263.8849206349,-3.9201867757716946,4.722943072276786,17.36133591293847,11.824739362022108,0.10490866455568573,2179.5384793093276,2146.613528738439,1990.3530688476562,1919.2816467285156,1950.6721221923829,146,-24.56764896925414,31.1616263151683,False,54
PERSISTENT.NS,5516.0,6552.654707500795,-15.820377446626942,632981.3214285715,-2.2505759347864585,-0.12674271229404788,10.339039949569418,19.32306509298243,0.1058053188612634,5564.6660739338895,5566.211220833708,5399.244423828125,5146.992993164063,5400.457780761719,181,-35.44892272409997,10.39281895417039,False,54
ABCAPITAL.NS,395.0,430.70001220703125,-8.288834733041705,4968201.944223108,-1.741293532338306,-3.8812536155847233,7.278649349392108,23.456785413218206,0.1061592889375414,400.59197520596433,402.5662172862165,404.1120001220703,382.7149996948242,362.3292495727539,28,-10.58741695173121,23.357559913812675,False,54
EPIGRAL.NS,1131.0999755859375,1801.009455470607,-37.196333303515104,65499.231075697215,-8.538851763184175,2.7338760750170277,-1.3518228091779938,28.78276762761345,0.1080045024697697,1179.3960363771353,1173.6172606446714,1122.5399963378907,1154.3037237548829,1129.5991610717774,245,-55.384787383089154,-0.9173303917544562,True,54
CGPOWER.NS,909.0,980.9000244140625,-7.330005364921033,3359113.976190476,2.020202020202011,2.532289494799911,-3.369832230857317,28.046199287043372,0.10916008146540336,903.3329724311171,896.0429137226836,889.7849975585938,890.8979992675781,782.2645590209961,51,-16.928335681030738,11.675014745486024,False,54
PRIVISCL.NS,3556.10009765625,3774.7057070510364,-5.791328552751485,120051.62,5.412778943419294,-0.6842428456625749,2.79555656396957,24.279669028635077,0.10954963905854316,3470.6361830561177,3476.3511818319917,3557.5170751953124,3453.326604003906,3189.9922497558596,36,-12.488540691856842,11.7276974108802,False,54
ALGOQUANT.NS,64.61000061035156,71.01000213623047,-9.012816974150628,1197498.953488372,0.17054358194039665,-1.9277424043919744,12.6002080997762,17.49408735816025,0.10409203250512604,64.27200838529501,64.65261933385113,64.81399963378907,60.98999992370605,,171,-32.68554034774179,0.0,False,54
KPRMILL.NS,1109.0999755859375,1331.0754095910231,-16.6763980767467,490528.4143426295,-5.640637013018235,1.8737967602647565,5.314032564107607,22.227500150669833,0.10295905480251345,1139.284004886089,1133.9738325808487,1111.7648461914061,1064.8770642089844,984.0659790039062,56,-23.74586798866176,31.383431797330164,False,53
STARHEALTH.NS,562.7000122070312,624.9000244140625,-9.953594139375033,648381.0597609562,0.5989160216882894,-3.5233583871356666,6.440931849139431,21.71750531367622,0.09974501604954014,569.1340931061019,572.595726921257,582.6799987792969,558.4195013427734,510.58575088500976,30,-11.825895587594971,15.990503451603333,False,53
BAJFINANCE.NS,1034.5,1176.4000244140625,-12.062225558414074,8152260.119047619,-2.451673738802451,-5.161353713598526,8.462386902947273,21.73081171551963,0.09953602640492082,1052.2946500645455,1062.1843362418133,1067.3500061035156,999.245698852539,973.5219396972657,29,-13.711326545446545,33.17504298936391,False,53
JAYKAY.NS,165.32000732421875,219.6999969482422,-24.75193007710168,246151.5282051282,-0.6848488187363944,11.206782760463296,-1.3897922201561608,21.57671166240349,0.10386618669133567,161.31151687930966,158.49747018939547,160.9774917602539,168.61884613037108,,194,-47.41920880850942,0.0,False,53
GRASIM.NS,3281.89990234375,3411.10009765625,-3.7876401047648223,746513.6015936255,-0.8489455485271913,-0.7830021797584408,4.032987404440558,23.157522000656883,0.10231410030790514,3302.0090522694572,3288.452838598856,3219.4177490234374,3122.7294384765623,2942.5968273925782,23,-6.159306137061438,7.158513173896175,False,53
INGERRAND.NS,4573.0,4955.0,-7.709384460141266,18964.781746031746,-5.608194199000883,-0.7250760474954876,3.548887702658532,24.793161303036992,0.10276096202613172,4693.6873117378045,4667.772774921201,4521.909951171875,4415.256447753906,4008.3741564941406,7,-9.055503437184665,12.504586728712464,False,53
FEDFINA.NS,158.52999877929688,178.47999572753906,-11.177721551885911,1319950.4206349207,-1.8754634965861383,4.152152806425113,-2.7244292864631925,25.349883173200705,0.09965508694967734,159.07661295038523,157.82743182965157,155.25240020751954,154.49180023193358,148.74275005340576,166,-33.28664133509278,21.665060413671267,False,53
GOLDIAM.NS,325.0,398.20001220703125,-18.382724752146228,1032924.8366533865,-4.594156517507542,-12.833580614245953,-7.604832977967302,38.888888888888886,0.10247973887565419,338.1851184094184,345.8890242951164,354.24999755859375,335.3742495727539,297.9900309753418,22,-19.437474143978896,5.439445599092574,True,53
ADANIENSOL.NS,1373.0,1789.0,-23.25321408608161,2400956.726190476,-2.596479584268141,-13.265950726468734,-7.9203257675280465,38.365415387514815,0.1005723032102695,1421.1302044577653,1470.4474150236208,1589.7940014648439,1520.9520031738282,1266.3135006713867,38,-24.650642817216315,19.018650821524076,True,53
GODREJIND.NS,1126.800048828125,1443.0,-21.91267852888946,220663.86852589643,-2.3823961566941554,-8.77589917655902,5.053148841680621,26.20261854055117,0.10003572617743435,1146.1706506452358,1173.3891510757294,1254.1400073242187,1172.3085021972656,1068.808249206543,44,-23.69369538558992,24.901977021680246,True,53
TEJASNET.NS,552.6500244140625,644.75,-14.284602650009692,6170183.26984127,-10.013839868959518,2.3047041698806447,-4.944960232668438,30.20379515138285,0.10057586837832785,562.2135185362669,551.9016080875514,535.2009985351563,530.2944995117188,471.57199935913087,60,-24.303995689341797,53.85644174840329,False,53
TITAGARH.NS,842.1500244140625,971.0,-13.26982240843847,1035450.8888888889,-3.4065437866090176,-1.010869889619448,-5.847167206574233,31.70941386588113,0.10386787027795391,856.5286815393123,850.6633956574998,843.4009985351563,838.9435015869141,795.8929992675781,61,-18.4346035015448,25.72121743499134,False,53
GAEL.NS,163.0800018310547,184.66065065257942,-11.686652649202767,1016805.9841269841,-2.818661460195482,-4.001128530801823,3.275093388703998,25.476862893809816,0.10091181321955213,167.47501059136417,168.88683594018096,164.77539154052735,162.00828704833984,148.12128551483156,15,-12.861780193309569,12.124852084950266,True,53
MUKANDLTD.NS,139.47999572753906,151.02053644043738,-7.641702900088632,170419.08764940238,4.895836991104985,2.891707169920066,5.045479681007881,18.01082551577671,0.09785899243707559,137.93766786223108,137.29681422868393,136.62157974243163,135.6803412628174,131.34663181304933,83,-16.363051765408244,17.477718512352467,False,52
RAINBOW.NS,1444.9000244140625,1610.0,-10.25465686869177,152945.776,0.28456242691496936,-2.503372171790652,2.0933912315210135,23.364302374263033,0.09501520127494885,1448.3306828011519,1454.8497047830165,1475.724912109375,1411.7292639160157,1325.2619891357422,26,-12.459625812791153,19.525442484135812,False,52
OLECTRA.NS,1209.5,1714.199951171875,-29.44230343880526,680564.250996016,-2.8358007264987717,-12.583114965162402,-5.137254901960786,33.831258644536646,0.09191123921544063,1236.930287808728,1268.6077326502707,1334.6919970703125,1323.6929992675782,1211.4827505493165,242,-49.44580560782856,4.1891097030638536,False,52
APLLTD.NS,810.9500122070312,983.3745824758901,-17.533966541491964,127118.08764940238,0.908354080906193,-3.647598326680246,11.556897640333963,17.021327191828295,0.09636915911586078,816.1259224692512,817.6304209849999,817.1787524414062,783.432466430664,775.5636563110352,214,-36.29258259721105,1.4306022624350545,False,52
LICHSGFIN.NS,562.9000244140625,586.4255760885916,-4.011685818930766,1689339.155378486,1.6065026018163397,13.031911764417515,3.6746650167249983,15.185982275888076,0.09943825028437868,548.147620856889,535.7296132931586,523.9272747802735,532.8467599487304,523.4874635314941,88,-17.218819914891625,14.263408056222882,False,52
JAMNAAUTO.NS,135.4600067138672,152.60000610351562,-11.231978180932433,2650287.760956175,10.99639929339955,9.45378504822405,8.4026950274676,10.651861411504072,0.09771950011826674,127.17429066497107,126.13194265249962,129.7838005065918,126.9423999786377,126.69904979705811,143,-28.427262875327695,15.589167547398075,False,52
UNOMINDA.NS,1201.5999755859375,1378.852549646065,-12.855078239194329,853618.3968253968,-3.8489219384887474,-3.0967761624243972,10.28912121027421,18.77836535093893,0.09593835077124081,1236.7940902335756,1241.5375604680871,1212.71400390625,1159.0743835449218,1167.7150686645507,234,-28.02263856275512,6.559047544528274,True,52
LTF.NS,309.1000061035156,338.6000061035156,-8.712344792746807,6475065.924603174,-1.5605076103453408,-1.9819248070502282,5.046731046224506,21.039702609551703,0.09377464635243453,312.184799641524,313.38816907857733,314.53699768066406,299.3242791748047,292.2757228851318,48,-12.241586373261704,20.306733631994554,True,52
ZYDUSLIFE.NS,1119.0999755859375,1205.0,-7.128632731457474,1064969.3333333333,-0.08035932268415369,-4.1291931145361005,3.838482253938702,23.645614588770346,0.09775915956514114,1135.5326016620018,1138.134906569771,1136.7845092773437,1087.0826428222656,996.9773498535156,23,-9.327802855938794,10.509905336821323,False,52
VRLLOG.NS,288.29998779296875,310.20001220703125,-7.059968907881975,241276.74,-3.2063179838337286,-4.187439800297998,21.154807387290255,9.912314605413396,0.09153248299909464,292.5756561356503,290.7158747798985,270.85000091552735,257.07760025024413,259.9390756225586,21,-8.413928135533455,24.00065497216053,True,52
ETHOSLTD.NS,2635.39990234375,3245.89990234375,-18.80834339836479,44059.288,-5.646063148428859,-5.551379556812542,7.760868380296326,21.29049351619461,0.09169575694361347,2761.464744532259,2784.426271338076,2721.8039990234374,2565.467004394531,2585.153493652344,197,-40.866937300557815,23.513274197696266,True,52
EQUITASBNK.NS,73.1500015258789,83.9000015258789,-12.81287223419676,3544592.637450199,0.15060324339095654,-1.9042485916006657,-6.767776727701502,28.898681102870327,0.09163350028856644,73.2959664610209,73.9932273932836,76.09879928588867,74.01919975280762,68.50549989700318,41,-15.84028685795441,17.416223272590848,True,52
ADVAIT.NS,2065.0,2482.5844584508545,-16.82055396058627,57632.024539877304,-3.9181384866343483,-0.7486237446958088,-15.112556973484214,37.05140756454342,0.09745257336169505,2107.862691433074,2126.239444106096,2168.925859375,2155.9134228515627,,62,-18.858751509664305,20.970814441571584,False,52
ARIS.NS,125.45999908447266,178.3000030517578,-29.63544759555977,1129359.4087301588,-2.411324310043028,-8.636766390307626,3.5917747933272626,25.372238899848476,0.09257942288871741,129.8808165332804,132.0434667325383,127.70100021362305,125.82169998168945,120.58155002593995,223,-53.909142513407495,6.696783703192,False,52
BAJAJHLDNG.NS,11134.0,13642.165482850582,-18.38539113166139,61302.944444444445,-0.2508511019530535,-3.182608695652178,7.725056396083563,18.581422373907053,0.0908847901906215,11136.64891970955,11186.643349951186,11057.86,10681.49490234375,10586.852172851562,247,-37.82075516582525,4.305673052686854,False,51
BHAGCHEM.NS,258.75,316.8999938964844,-18.34963553690667,151304.37751004015,-2.8351438749739555,-7.704656905033236,-0.4547836818881157,27.316041465046247,0.08965535712948024,265.9249686907458,271.41879434517693,278.1969970703125,268.8833721923828,242.40637252807616,28,-19.65919501195039,27.116219222240634,True,51
PDSL.NS,348.20001220703125,416.5630259242535,-16.411205378955827,270592.3,-1.6106193240343347,-8.223506112645262,9.284315199765537,20.192099745232927,0.09056371303090346,353.60709317693613,357.79836653893983,361.09887329101565,334.7787878417969,329.11289939880373,42,-18.295675582737925,30.105513280209717,True,51
FINEORG.NS,5167.5,5394.804360638102,-4.213393951717204,16848.79282868526,-0.23168259484506182,-1.8537177992056897,5.182402771247174,19.454334032470967,0.08942542625036895,5175.787947468079,5158.234326064272,5054.81615234375,4921.913061523437,4641.470775146485,52,-13.223595589442727,15.752656179685864,True,51
GLENMARK.NS,2419.199951171875,2535.0776323504288,-4.570971701214388,649166.5833333334,-0.7385524520195808,4.379616557996746,12.282984527474138,11.558811751260833,0.09110488125143966,2434.0847766072557,2407.3982430071105,2314.9281884765624,2289.6815234375,2174.754482421875,10,-5.9555389060885755,13.749431595487426,False,51
DEEPAKFERT.NS,1320.4000244140625,1669.6119086916185,-20.91575188579087,395870.6653386454,-2.6181871348030183,-8.675805910451828,-11.860625488957355,35.88942881479007,0.08800603983658155,1372.265402078651,1411.828923153624,1501.922958984375,1455.453770751953,1283.9949365234374,27,-21.179287644679324,5.300939811713934,True,51
TORNTPHARM.NS,4965.5,5250.0,-5.419047619047623,383345.3015873016,2.233889232036246,1.03774544714621,11.167075981749486,13.334123862907909,0.09114710352320875,4944.755795670153,4944.698215323621,4947.8980078125,4690.065981445313,4359.918780517578,29,-8.304761904761904,14.502088513931755,True,51
MOSCHIP.NS,210.2899932861328,288.45001220703125,-27.09655594148497,3031405.3928571427,-0.9094373402454003,-0.09502218718776545,-2.9087230058074898,25.22479750959978,0.09107353930635574,211.42584919394736,211.77295145862317,217.95059997558593,214.16169998168945,202.3609999847412,233,-49.10729872100196,11.61455212558382,True,51
SOUTHBANK.NS,46.18000030517578,49.41417107532308,-6.545026861256831,22372391.575396825,-2.347220530476035,1.138853393564232,-1.1990877788796594,22.688855732626934,0.08708864585052119,46.31085167353798,46.143739073856715,45.91004768371582,44.18826324462891,41.759634552001955,48,-13.807617024037977,24.75790656740533,True,51
CLSEL.NS,296.5,324.79998779296875,-8.713050756334228,209852.06024096385,-2.7230932169873934,4.530233167642916,2.382594527300541,19.14807825106628,0.09007746970446519,300.95635182069617,297.7908443207255,288.61100036621093,285.2107012939453,270.9830506896973,12,-11.006773812684823,11.497464476055885,True,51
APOLLOHOSP.NS,8836.0,9039.4765625,-2.250977267247045,368664.8924302789,1.656695812241149,2.899685343904057,4.4610727665282734,16.790368322050007,0.08800075808783411,8822.219138031021,8809.741170756764,8833.90373046875,8521.613579101562,7918.108576660156,27,-5.994468674003162,6.17080351765289,False,51
BFINVEST.NS,448.29998779296875,584.7000122070312,-23.3282061854594,69415.344,-4.505277210374247,-1.9037225835954574,2.976541227856555,22.427362921409653,0.09032635299164313,452.0667479075065,453.6713685024675,460.4370007324219,440.2000146484375,414.36078857421876,43,-25.979138232047372,36.33807038619297,True,51
CLEAN.NS,842.0499877929688,1203.3362408876044,-30.023715801008688,365658.2908366534,-0.8127715784024048,5.108391683512825,6.874375375278374,15.27693953514877,0.09113489605505345,835.7311287974026,825.746317731759,788.9816772460938,787.7504034423828,793.2835140991211,246,-46.071400063373645,3.326991087352371,False,51
MARATHON.NS,435.45001220703125,685.4000244140625,-36.46775653687925,124803.96015936256,0.11495573881303844,16.648815013766026,6.92449655175722,7.108602947192688,0.0826204872103875,430.403314669702,417.6201018259013,398.6989990234375,423.9415002441406,453.2577494812012,243,-49.80303829328113,9.887631979410983,False,50
INDIANHUME.NS,369.54998779296875,426.6626968523802,-13.38591573173591,100010.416,-5.413366714423118,-1.5452293103059955,17.738464256382414,10.196690135481145,0.08549832797603671,379.325612013828,380.71508494212316,381.4834936523437,348.18028259277344,355.836107635498,41,-16.6320339623928,35.436417519428744,True,50
M&MFIN.NS,356.1499938964844,415.0,-14.180724362292917,3370554.257936508,-4.683527441686019,-10.153885121025219,22.26387669688816,10.285569348377743,0.08294260980043901,367.983727859869,372.60313400980294,369.2076434326172,335.02403350830076,338.78115112304687,24,-15.289159567959343,41.539788666399936,True,50
MOBIKWIK.NS,209.6999969482422,324.75,-35.42725267182688,2258764.5,9.150532103819486,2.9657238424456223,5.935842475952269,13.082395485031007,0.08521908915669156,196.38755833543343,196.48258366441956,202.7738003540039,202.0400003051758,205.7530004119873,248,-53.3610448918038,2.367023598000273,False,50
ULTRAMAR.NS,428.54998779296875,455.75,-5.968186990023316,56328.17647058824,-1.9672895398809231,7.177686945445005,15.425032226840795,5.992549053173635,0.08263337724422601,428.3133272031888,421.8389702019078,400.1558087158203,395.0003591918945,,25,-16.62095447065277,11.384198246728626,True,50
PHOENIXLTD.NS,1890.0,2166.9299087704976,-12.779827702300995,525447.004,-2.5487510213011544,-0.315865242847968,1.3008986492454522,21.29876470630634,0.08591727326596463,1901.2519299471323,1911.505510401934,1967.6818798828126,1888.0233520507813,1807.2318402099609,43,-15.77484956024776,23.852935708089728,False,50
INDUSINDBK.NS,978.2000122070312,1077.8499755859375,-9.245253572950618,3290056.4682539683,-3.0044608619701263,-4.537907795512741,5.808253092186266,20.30751219471183,0.08657453160241052,996.2605319701076,1001.0970944209869,1011.8690002441406,963.6679931640625,917.9783273315429,37,-10.62763746231914,14.880614248966051,False,50
INDHOTEL.NS,718.5,789.0359805542071,-8.939513823522171,2555039.523809524,-0.2083333333333326,-0.4502944232767536,3.931433652764116,18.340564645518253,0.08404763736047852,720.8411260726259,722.9729441522862,729.6580017089843,700.324937133789,686.4234103393554,249,-28.711121840483177,2.183596155788403,False,50
SUPRAJIT.NS,488.8999938964844,557.028538620579,-12.230709918886307,161519.47410358567,1.97100457792303,-6.353195312081683,6.279032601429213,19.471757458299145,0.08598874159124387,490.98135916870433,495.8323269715133,499.89139892578123,473.16599517822266,454.776378326416,24,-16.52133279355448,13.003093301736524,False,50
ONEPOINT.NS,56.38999938964844,65.8499984741211,-14.365982237934926,1413367.8247011951,-1.08752666223213,-5.099291270056694,-5.765375591815158,28.18821831791716,0.08417063729387764,56.60674571711993,56.46869214554633,56.2339998626709,57.44920009613037,54.085800113677976,75,-21.36674262848115,42.10765711909341,False,50
THOMASCOOK.NS,108.62999725341797,179.38616047668899,-39.443490531960904,1685905.9920318725,2.182296818834484,1.9077566438633564,0.5277044854881341,19.14274066399313,0.08415188621899812,108.48931492406844,107.68060998050223,104.86940307617188,102.31221748352051,110.76039657592773,250,-52.081021060488034,0.0,True,50
EMUDHRA.NS,494.04998779296875,708.1674111226632,-30.235424557344782,162636.764,-4.962967972421051,-5.472120020114213,8.307444585949074,18.374730898884373,0.08251404934073524,516.1685810480369,520.5846490604403,496.93699768066404,484.02744934082034,497.50948150634764,245,-48.66216019253833,2.2727274793446384,True,50
BOROLTD.NS,257.4800109863281,397.95001220703125,-35.2984035461279,226113.90836653387,3.5595084783459408,6.586084025222583,13.84860577337621,6.656728006479473,0.08490440587483764,254.52597465006195,251.25329332318412,243.91720031738282,238.59190017700195,250.51889991760254,241,-46.2922504909116,5.765945129883043,False,50
TECHM.NS,1541.0,1807.040094106148,-14.722423424575126,2243528.257936508,-3.5005337566184513,-5.979255643685177,9.278831175565273,18.62591384179424,0.08688110384988397,1563.3249169698381,1579.1540668542084,1577.2560083007813,1493.1694189453126,1489.5252941894532,153,-29.660192536623796,9.275524971533788,False,50
GANESHHOU.NS,763.4000244140625,898.0206467513179,-14.990815948860348,81182.24,-0.2743273136430413,-0.08782972392709087,0.03631126786629579,20.511717415008835,0.081705816702137,771.3067370404239,780.9463740596359,799.8936242675782,759.6965545654297,734.6275633239746,197,-44.42591940520663,2.562106383045859,True,49
GARUDA.NS,181.89999389648438,249.3000030517578,-27.03570330132742,1462941.9484126985,1.7736240388981805,-0.9313254769254597,6.467654315606941,14.719977735409362,0.07819384697350552,180.11423059869284,179.85075328384397,178.7355987548828,176.8513996887207,178.39074989318848,213,-47.85399181362611,13.981375006054652,False,49
CDSL.NS,1360.0,1658.570789743815,-18.001691069811542,1765385.0717131475,-2.4390243902439046,1.5683345780433067,8.430563094160926,13.347008214492018,0.07937736690629356,1377.2559856019761,1375.2673629555911,1364.1442016601563,1305.697518310547,1328.8657696533203,203,-33.30345469125907,5.235797997522096,False,49
MUTHOOTMF.NS,196.47999572753906,262.7699890136719,-25.227383665447334,552384.7290836653,-4.29148903829637,-6.8594460441037235,-4.755440340233507,27.949986227740318,0.07952324276375694,200.77582073808546,205.7369082876245,222.1572003173828,207.59160018920898,191.14655014038087,34,-27.59827683742784,46.51001783683731,True,49
BELRISE.NS,228.0,268.20001220703125,-14.988818186928231,6225832.19047619,-3.7406065133499533,-10.384403096882878,-3.971693958925493,29.01765415633628,0.07964612204145294,230.5708712300972,232.6879723900502,234.98139923095704,229.26900009155273,205.21790031433105,22,-16.107386368679176,9.420137921306427,True,49
RAMCOIND.NS,322.25,396.66439743304363,-18.760039447604992,382373.33067729085,-0.5401234567901203,-9.948303897252853,10.047856463957583,17.016692088002582,0.07777360649258726,325.4878446865833,331.41156394689443,342.2087066650391,316.8436767578125,305.96655471801756,243,-42.055017392601556,7.977836238007052,True,49
KOTAKBANK.NS,419.0,452.4189269358333,-7.3867216745715725,16195785.107142856,-1.2956419316843326,6.778798806641362,2.9112095915599934,14.412807162000242,0.07864681310427933,417.75206433010135,412.9905462947952,396.6285736083984,392.2334963989258,399.9959619140625,225,-23.76434350547929,12.244590335499472,False,49
CMPDI.NS,215.22999572753906,281.3180883112053,-23.4923011813435,4213483.547008547,-11.762054221374175,-10.663291813322662,-16.040113423390935,40.88322483085398,0.08232392120522364,228.74831832305998,232.5410197307273,243.86467651367187,237.24369689941406,,50,-24.228120224426075,26.52167687409792,False,49
WALCHANNAG.NS,210.10000610351562,315.79998779296875,-33.47054647726827,1512050.7103174604,0.7142541051745388,-6.854048422775882,-20.702020598759574,39.18516750653187,0.08164076548947152,213.51761776115444,217.46914084913314,229.79560028076173,241.58140014648438,206.12820037841797,60,-35.560478826424166,42.3650642443812,False,49
CREDITACC.NS,1424.199951171875,1634.0,-12.839660270999087,537769.0557768925,-0.91832983289174,-7.8426343553437246,3.578178267045451,20.981992035772446,0.07805890440064694,1420.4451822984533,1442.5382802775714,1502.7859936523437,1428.2090014648438,1346.6095025634766,29,-17.466341763406522,26.012662090832684,True,49
TATACAP.NS,362.8999938964844,390.20001220703125,-6.996416570090236,3504762.0735930735,-3.2395665356457215,-0.23367865388745912,7.197291218039603,16.117565609339792,0.08235521224805734,366.5716204943391,366.5764810588819,361.73902709960936,344.0599969482422,339.14517807006837,26,-8.995388263825156,19.290208687952813,True,49
CHOICEIN.NS,759.7999877929688,860.5,-11.702499965953661,637424.6533864542,-0.15113008681437723,-6.2264748172824795,7.0593172783154134,17.75280709693432,0.07958510050130418,765.780360047361,776.2788337250665,799.4840026855469,744.6674987792969,744.8402487182617,172,-33.91051572259951,5.029295430016378,True,49
TVSSCS.NS,130.49000549316406,146.5,-10.928323895451154,1159374.176,0.7411462386430756,1.1315250156395784,-3.053492142630898,21.465144859426477,0.07970429927973546,128.25424607378383,128.5389357588539,132.0137989807129,127.58209968566895,117.47675003051758,44,-17.8156986171475,25.008828135903684,False,49
SAIPARENT.NS,523.3499755859375,706.0,-25.87110827394653,251406.35087719298,0.7313998426043522,-7.06739715931568,-8.545220517966357,28.99925063814608,0.07695794652265825,523.8562402092075,529.0249665893987,548.7710021972656,538.2840005493164,,51,-33.25070821529745,25.48782541416208,True,48
CARRARO.NS,538.4500122070312,659.2363858620107,-18.322164286645137,178914.616,0.8994636134869616,3.9444004827978496,1.7334306005040823,15.37036328665602,0.07547000952721898,539.0560824022506,534.9410405020968,532.3549420166015,540.4210150146484,526.8433830261231,105,-26.260198815337212,3.6956216320578106,False,48
HMT.NS,63.36000061035156,72.94999694824219,-13.145985934303328,16023.582329317269,-8.266974243088832,7.810107396351973,12.880811339131348,6.756532837956164,0.07302180591883381,64.98302556527038,64.08951423901405,62.67720031738281,61.37270011901855,56.68630002975464,56,-23.454417424847584,14.315887922534753,False,48
WINDMACHIN.NS,300.6499938964844,343.8999938964844,-12.576330551787818,99793.336,-3.6686997703016977,-1.4585421560173395,-7.790214644207428,26.856537509065138,0.0774697220213019,304.0175756814299,304.4695605374023,301.8449987792969,301.0131994628906,279.0010996246338,66,-22.76824343781101,14.052171790081513,True,48
OIL.NS,489.79998779296875,529.9163379046904,-7.570317660018421,4082392.8293650793,0.3071882116523872,2.292963671128101,16.95498981711616,4.3038203374619055,0.0729733663551047,490.3524149691694,482.93380193981113,460.3666107177734,460.7652716064453,454.3492445373535,86,-23.898304844901787,9.988311952904683,False,48
SAIL.NS,179.0,209.6999969482422,-14.639960608020186,21619185.825396825,-9.044716857588897,6.118098039080877,-1.0995112618189418,19.420909152636856,0.07757658204566346,186.7910842825785,185.1805150358689,174.95199951171875,180.968299407959,165.9027997970581,86,-24.649500807653467,32.81740118867689,False,48
LUMAXIND.NS,5879.5,6868.719019600016,-14.401797726435762,26225.948,-7.852049212444168,-1.4498826684545718,10.722013009810038,13.343653090491149,0.07478883684204139,6072.502538057081,6002.92787163702,5635.769111328125,5467.243012695312,5423.872827148438,145,-33.37659386113599,19.632341529524844,False,48
ABSLAMC.NS,1109.9000244140625,1194.9557175378152,-7.117894987691131,380940.64940239047,6.190210128659679,6.8650154538950625,-0.731789493727053,13.754228812959756,0.07274178780710767,1061.4473712839124,1047.1307023207066,1047.0804382324218,1048.6763500976563,942.6772805786132,58,-18.549284002051902,10.794072861313108,False,48
TATACOMM.NS,1761.5999755859375,2110.0,-16.511849498296804,509534.828685259,3.8434302189069625,1.4629665435089034,-8.081149333170778,22.65359463347543,0.07314029384031413,1740.638188893997,1733.2431182532903,1765.747998046875,1789.3001513671875,1704.1000317382814,58,-22.265405157731045,32.11708100693258,False,48
ASTEC.NS,699.7999877929688,941.75,-25.691533019063584,490849.126984127,26.215163204228386,16.23619333642674,-11.40651143642245,11.94112780350185,0.07223252678182192,648.3081946619129,627.8548195066478,635.2740002441407,687.4780029296875,671.2710025024414,200,-45.48446780843509,8.862842388104442,False,48
INDOSTAR.NS,244.3800048828125,292.0,-16.308217505886134,159778.23505976095,-4.494294114644381,-0.860038587094325,0.06551619904577866,19.88815211599675,0.07353478577229129,250.90842722383474,251.9379134043703,255.36580078125,241.01520065307616,232.13910026550292,31,-22.722604829971104,21.25359015964041,True,48
DLF.NS,644.5,784.9450504063134,-17.892341678390654,3642094.749003984,-5.450014389128233,-2.606724593879861,6.2074420427256305,16.930962649819527,0.07568271315056704,665.6878523779205,667.6485530462888,661.9272668457031,625.893804321289,624.1423655700684,246,-38.4247616790949,3.9796424136320008,False,48
GSPCROP.NS,471.25,666.5340937074551,-29.298440327520016,401436.9,-23.738219538466176,-20.18741634029756,3.3372164736517496,32.56169812397871,0.07614538969780879,544.4337894910037,566.9745973258235,548.5078381347656,488.24035186767577,,13,-30.243626455648354,61.752273506282386,False,48
SESHAPAPER.NS,251.13999938964844,290.5599780055542,-13.566898953699758,47506.171314741034,7.743791383304277,9.505539112174532,13.617447981258145,0.9338832514392381,0.07134274655718473,240.8135965058811,236.5643127572301,230.4343994140625,233.59690124511718,240.10151985168457,141,-27.739529664386996,15.395735455857796,False,47
HOMEFIRST.NS,1184.5,1311.570558920454,-9.688427210888683,318092.468,-1.406694195990621,0.2793810501643623,6.185567010309279,12.99236662377188,0.06967823543035345,1199.6964313987078,1195.9896457262444,1199.55599609375,1159.8848413085936,1126.2981124877929,156,-32.17727876349391,12.664268014398106,False,47
PNGJL.NS,613.2000122070312,736.4000244140625,-16.73003912582144,360933.126984127,0.681393070723324,-2.3877745476796552,9.754787687351008,11.298665690310973,0.07036486979866093,609.2937746120924,609.5622574134137,616.51,598.2104998779297,593.1917495727539,90,-30.87995883691065,36.733362974778096,False,47
ABB.NS,7274.0,7832.294844565128,-7.128113224089516,329240.7529880478,-2.125941872981696,-5.654993514915696,6.314664073139631,15.302427200847557,0.06671777211999604,7401.867391632146,7439.045830315907,7359.0525,7120.019467773437,6370.405021972656,40,-10.593722869084242,16.209453529106188,True,47
REFEX.NS,273.54998779296875,413.67773156512,-33.87364923946667,1386065.454183267,-3.185277079747928,-6.765510060139601,-14.255781743666507,31.757421738545986,0.06754604452315731,277.56092690913175,283.86944868676005,303.09250793457034,301.66909896850586,273.42071350097655,241,-54.69879857339869,13.281482482258822,True,47
NACLIND.NS,157.6199951171875,259.6499938964844,-39.29520553733329,706108.8492063492,-5.526253550156179,-8.461587268504001,-8.445636753969222,29.16495672695907,0.06887348855876442,164.24780584173985,168.95480900694594,187.0488003540039,180.34019973754883,166.82679294586183,251,-56.626225536719765,0.0,True,47
SANDHAR.NS,618.5999755859375,758.3330403781767,-18.426345332725457,318752.2988047809,-0.8409372968356088,-0.6272699266740567,-11.954438993447013,26.770542841120083,0.06912337723395558,628.626761833047,633.3513434645431,633.1270129394532,626.6568347167969,571.3899369812011,64,-24.6593308778153,40.47548293754395,True,47
JBMA.NS,620.2999877929688,788.908731607289,-21.372401782244697,1808111.5912698412,-0.7100364294596373,-1.8552675925219475,-9.280268051365448,25.664179348084136,0.07039534162373669,619.9907875197624,627.8403414479902,649.3266809082031,655.598076171875,617.1443032836914,243,-39.62025152178654,17.951589109200007,True,47
RELTD.NS,155.63999938964844,196.4499969482422,-20.77373285444528,419944.97222222225,-3.55084334195952,-8.139050865994635,9.205721810185686,15.357249853174304,0.0692172197693055,156.47608573332337,158.70791186290649,166.97439910888673,153.39831520080565,150.00130794525145,46,-23.390174427108,39.40502250733709,True,47
BAJEL.NS,179.88999938964844,225.91705733944445,-20.37343195411736,693788.3452380953,-2.137965280155074,-7.344833868209644,-9.53467560765916,28.969317188308153,0.07044560891368078,183.79262546783963,185.30056559102403,184.52592926025392,186.68112747192382,175.250122756958,245,-40.40319105894648,16.14088174259649,False,47
USHAMART.NS,494.5,529.2999877929688,-6.5747191754292,742457.5219123506,-4.101623855849801,-0.9315824808862394,0.6596766322200853,18.2987234453877,0.06920913486058876,499.28329805595007,498.9517762646964,499.4565985107422,487.81063354492187,455.3227293395996,4,-7.982240879349067,1.5512120714751942,False,47
KIRLPNU.NS,719.9000244140625,1093.5391904117103,-34.16788070091709,264253.05179282866,-5.251377207152341,-3.9492962756421,-11.220381213273479,29.119588563321443,0.0696672408550288,733.4972946125051,739.8221532403302,776.0259997558594,799.1640209960938,675.3895097351074,58,-35.40240435753312,44.41067276797814,True,47
AUBANK.NS,1058.9000244140625,1144.0999755859375,-7.4468973857149905,2343580.111553785,-1.222012647941928,-2.9778265780641022,2.5472524292366128,17.482635963883464,0.07039463533917358,1069.942606499219,1073.5656136812938,1060.3166845703124,1033.9630847167969,1000.5329541015625,12,-9.693210976362998,8.933600808363384,False,47
IIFLCAPS.NS,339.04998779296875,407.5051309315702,-16.798596616958108,673936.7729083665,0.2958142393462815,1.2089515799906803,-0.46969209810167056,16.113009518139986,0.06575667917758259,338.00774821732534,337.2539051132167,336.97099853515624,337.85999908447263,327.15697868347166,170,-41.00687926384582,23.942339007899193,False,46
OBEROIRLTY.NS,1741.0999755859375,1983.9545449282684,-12.240934146558867,533054.7888446215,-7.17103869432405,-5.682558202278576,2.239718676625202,18.692714154600452,0.06295385754939621,1823.098856635109,1839.0278903647898,1853.6318334960938,1767.3987939453125,1672.7911260986327,49,-13.566565664934371,19.64376547288613,True,46
MAITHANALL.NS,1045.8499755859375,1210.0999755859375,-13.573258682239809,88025.92857142857,-4.09885573708616,7.371283680795004,-1.1016571549940846,14.17602019228783,0.06404282092867293,1046.203297768171,1027.0938752962447,998.8049963378907,1002.4766320800782,987.1657312011719,61,-21.05197960000359,13.517161760568207,False,46
GAIL.NS,173.6199951171875,181.85195677766524,-4.526738016100785,10390640.146825397,0.12687498757033566,-1.0095781382333358,-1.1163900090216061,17.82659576307808,0.06606493173635115,174.19196620033122,173.95592375141962,173.4298257446289,170.22192794799804,164.52138771057128,29,-6.777063558275332,3.3807862451483484,False,46
AFFLE.NS,1567.5999755859375,2185.89990234375,-28.285829835797305,315704.37051792827,3.185889018540844,-6.294461551281683,5.462859919144836,13.775578460695016,0.06208785951619206,1595.0380129037526,1611.2152627521598,1592.0140087890625,1528.7689965820311,1545.064998779297,243,-42.75583948347932,2.2432773540162154,False,46
SUMICHEM.NS,476.3999938964844,615.9651099206416,-22.65795802007977,481885.3426294821,-4.404537360930993,-12.962452700121386,0.6318582303469933,22.905287659157825,0.06318728256649853,495.4861158775301,508.1966455797462,521.0231799316406,489.5898440551758,456.8200373840332,244,-41.27459745552486,5.606739726103882,True,46
PIXTRANS.NS,1722.0999755859375,2089.0,-17.56342864595799,39497.12048192771,-4.295879058537643,-11.551105516901005,6.531834287372584,18.30882976978345,0.06543273184891191,1764.0385361282003,1785.8068763725921,1801.8239868164062,1695.0926879882813,1557.394051513672,22,-18.1474377973163,23.439033158413558,True,46
SHILCTECH.NS,4174.39990234375,5383.97700521774,-22.46623827891092,33017.51724137931,2.6836851451364385,5.552742257619214,0.3679929597059095,12.304771898384924,0.0641122361330323,4112.432508941871,4109.027555602032,4242.474501953125,4285.310725097656,4087.4531896972658,98,-30.17966174845892,38.69751856061312,False,46
WEBELSOLAR.NS,75.83999633789062,137.89999389648438,-45.00362603727128,5128839.456349206,1.7576782236009336,-12.927672024674042,-28.54047083710053,43.77250490595379,0.06537094128676645,76.55555780543129,79.32968750327592,89.68820007324219,98.8042000579834,88.79789999008179,209,-63.4517739255942,4.9251581976615055,False,46
HYUNDAI.NS,2174.0,2862.6621204739863,-24.056702869284507,907402.1785714285,-1.4058956916099818,-2.8206202182172513,11.14403591326083,8.759225452239061,0.061421873420694245,2195.6607302829334,2190.2129995457453,2111.6522119140627,1993.7560876464843,2056.266614379883,244,-42.629753656823375,8.529381759727128,False,46
SHOPERSTOP.NS,375.45001220703125,572.0,-34.36188597779174,120386.50793650794,-1.6502914978307137,-12.25753270334039,1.404459745315667,22.157151375028604,0.06667662783154993,382.2123344599104,388.6704667322525,392.2540002441406,367.9914987182617,361.95624923706055,244,-51.75699087289664,5.633936310526733,True,46
CANHLIFE.NS,151.9199981689453,166.24617118007782,-8.617445388029054,1960572.5198237884,-3.3772166271602178,1.3949221010385982,9.30366188486953,8.57133292018435,0.061608944910262975,152.9790727051202,152.61777904231909,149.9409036254883,144.42133865356445,143.07433410644532,38,-16.011759261651527,10.396281183091883,True,46
SENCO.NS,346.3999938964844,428.75506028088586,-19.207952048530707,1408078.956175299,-0.759201830442735,0.5079750974612107,-0.7978933294855661,16.55957666211485,0.0641013750244824,353.27094235249416,356.396791782968,365.8349340820312,350.52630096435547,333.26970123291017,33,-23.47674732218029,23.107509848070706,True,46
BFUTILITIE.NS,548.9000244140625,898.7000122070312,-38.92288672990317,116094.05179282869,0.9007397819967844,-2.0171345138765617,-10.56618746817719,24.283942488339715,0.06230367830307097,531.2076750906087,532.9913515341051,558.9480004882812,573.613501586914,557.7865000915527,242,-58.97407286091204,6.892260299221764,False,46
NUVOCO.NS,330.1499938964844,453.25,-27.159405648872724,739302.3611111111,-6.247337890474869,-2.032642760687131,6.345621167608684,13.02635638408185,0.060829665627304325,333.661300672265,332.99319239824354,336.85400024414065,326.1715008544922,328.77175079345704,244,-39.05129619415334,4.423948037688041,True,45
TNPL.NS,153.27000427246094,175.75,-12.790893728329477,190417.676,-0.7061391121927274,-0.7961137395074869,5.878702741469866,10.792256997104644,0.058506769621620464,151.79771476102164,149.39112481183403,147.58180114746094,147.9633009338379,143.2007006072998,236,-30.862018699157623,-1.9696455471601482,False,45
PREMIERENE.NS,974.2000122070312,1134.0,-14.091709681919639,1646650.8253968253,-2.774449879537799,-5.947097288785253,-7.68502159278327,24.693734108403053,0.06105122719815412,990.5491738158146,1003.745675060675,1032.27,1033.9157788085938,935.2464038085938,45,-16.216933369846785,13.814178785507302,False,45
GRINDWELL.NS,1885.800048828125,2455.0,-23.185334059954176,63522.204,-4.487437930022875,-10.464338973188225,-5.901835138105282,25.689951409729673,0.05963818434820352,1948.2064840134806,1991.6554892427364,2054.1916162109374,1966.4128723144531,1755.7722845458984,40,-24.032586558044812,22.54332087857094,True,45
PSPPROJECT.NS,846.4000244140625,1143.0,-25.949254206993654,171710.3253012048,-1.8040475169961212,-6.7841382803895955,-8.134797108363756,23.661335279229267,0.0548686257140505,873.3460210352252,893.3262068764298,966.5920043945313,912.8220013427734,843.9700006103516,48,-26.491687470950897,34.352078239608794,True,45
HEXT.NS,497.04998779296875,792.7687780924847,-37.30202279295833,909353.6693227092,-5.968594258445914,-13.488817621892647,-0.5402725776951001,23.117271123510697,0.05790203725872628,521.2913990051942,534.1104668200871,552.4429986572266,525.2329913330078,560.1150730895996,193,-50.454965468223456,14.680889646193652,True,45
ZENTEC.NS,1722.5999755859375,2042.629425992547,-15.667523748273727,598070.7888446215,-4.84450482664236,-5.525259094327728,-3.6664930440594157,21.493215201887473,0.05907835866007383,1786.6666750296235,1802.1188088776369,1792.8843872070313,1748.7615075683593,1566.3116247558594,16,-16.426349593175495,4.873010637174691,False,45
TRENT.NS,2802.39990234375,5240.256541606542,-46.52170404076059,1291548.4047619049,-1.7735751018664536,-6.274250757734112,-3.2921576670880026,20.70106244333576,0.05860570015474436,2834.215481112945,2870.6707881056327,2932.502001953125,2917.644375,2945.1312109375,247,-58.39049566635881,0.5124741573709457,False,45
DCW.NS,46.630001068115234,76.0975903455407,-38.72341968204287,1407620.0793650793,1.413661444867631,1.1277389956202644,-3.3975541207699744,15.563823622005568,0.05573177156182051,46.82155567197048,46.451299172458,46.490199966430666,47.22379989624024,48.56737045288086,247,-51.23367186550316,0.8637002514171543,False,45
NEWGEN.NS,501.3999938964844,1030.4143551726484,-51.33996422124053,2491501.28685259,-3.1391924565196017,-6.315399390811683,7.760514830268361,12.208301442280334,0.05634475902178346,516.9489317916886,523.2779040460722,529.061322631836,498.97454132080077,560.0584013366699,218,-61.50966780822025,12.39981376480932,True,45
DOLLAR.NS,273.54998779296875,391.38998363057124,-30.108076539033345,172950.424,3.2264104879127453,-1.3523260602520293,9.417677738392616,7.567831219632604,0.059046116461116946,269.46335270626514,269.2214358806856,267.21135314941404,268.31786117553713,286.3880905914307,237,-44.31818081838649,1.2308111696369917,False,45
YATRA.NS,115.41999816894531,202.0,-42.86138704507658,2568541.717131474,2.0693281747436343,-3.0002519194188726,7.879241493125089,10.228248665948868,0.06061954347907663,113.70271506277882,113.0116772851777,111.4361994934082,107.5556997680664,125.08979969024658,206,-55.4950487495649,16.3828668194828,False,45
GPPL.NS,161.32000732421875,194.17086460013374,-16.91853066811362,1922905.1952191235,-2.4844257592499974,10.98051507846014,6.685721337945494,4.2765724926716375,0.05664005838219332,161.4114691467081,159.46576945817577,152.29223754882813,151.4359745788574,158.8517290496826,169,-29.25682589206965,6.138084090019613,False,45
GULFOILLUB.NS,1060.699951171875,1242.267926179026,-14.615846644742636,65175.730158730155,-0.664927639218793,-7.35992129288463,9.783552430758412,9.491338825465334,0.05193124236914853,1078.143000184204,1087.9914810025903,1072.0257690429687,1009.7270568847656,1023.3958572387695,248,-32.24697001038177,-0.1599219326366641,False,44
PRESTIGE.NS,1498.0,1802.9302554788078,-16.913036683042783,741789.126984127,-5.6080655324511675,-7.4680352455872345,-1.39465997449294,19.322659364472216,0.05256252151078441,1558.0873837496927,1577.449661478291,1620.2064916992188,1529.3667797851563,1494.4986376953125,216,-39.61887418585771,14.22797198750898,False,44
KIRLFER.NS,465.1000061035156,509.728293793752,-8.75530909969342,173916.3831775701,2.320980880842538,6.150864448807547,7.742031857159848,3.512880259840445,0.05190032638929895,459.06553136993494,455.07461692473817,456.38840454101563,449.24538330078127,,58,-16.033697714810625,15.516638942753303,False,44
JUBLINGREA.NS,658.4000244140625,792.3323631991859,-16.903555251024617,337499.84523809527,-3.219162688794719,-10.579921862067177,1.6333446864078338,18.4750286736072,0.05442114234072322,677.1485936235742,689.9712982113633,716.5822814941406,695.6468292236328,669.793309020996,37,-17.78702288722418,9.30266569850431,True,44
INDIGRID.NS,173.89999389648438,177.25,-1.8899893390779243,892215.428,-0.6683117488923029,-0.14429809608699218,3.8219700786159105,10.677112163818325,0.05321745095005475,174.53159649295583,174.70577274485905,174.66269439697265,171.01535079956054,164.06972366333008,18,-2.341322367551124,4.726231080913301,False,44
PNB.NS,116.75,131.33111679644097,-11.10256057522242,18399172.448412698,-0.21367521367521292,-0.714343365975556,8.131887265009418,7.560333685620146,0.052994634591882514,116.23802686112627,115.82250625155615,112.74380035400391,108.68517723083497,112.40960174560547,163,-27.118014735403897,4.641658773933077,False,44
GRAVITA.NS,1668.199951171875,1913.5999755859375,-12.82399809494782,266463.01587301586,0.39720604735866694,-8.325548390680282,0.2584245864968082,17.47886980083626,0.05443686222883358,1709.6289785174006,1733.7379280398732,1759.5159985351563,1711.5890002441406,1672.0605017089845,178,-33.79493935109702,10.576921464625011,True,44
MONTECARLO.NS,555.4500122070312,860.9500122070312,-35.48405780457053,50681.188,-3.3159247681407766,10.055478258871542,2.4815520677179403,6.827579414665874,0.051550005611419626,554.5770642071935,547.8861938091167,536.2019989013672,546.9380001831055,574.0009991455078,202,-46.10604641138879,29.464217599970933,False,44
ALICON.NS,733.4000244140625,1018.832993642693,-28.01567784020278,29422.345381526105,7.13608027057151,-5.1167588030745055,11.289836785138462,5.179750105849146,0.051491073443234475,710.5362900011067,706.2478145263731,687.0369982910156,678.9738403320313,717.11158203125,218,-43.24853115376409,18.846752044517444,False,44
FUSION.NS,189.72000122070312,243.0,-21.925925423578963,563062.56,-5.011763240855938,-6.899596448531431,6.854406060132612,13.198087298114668,0.0545446112349377,196.0417387706727,198.6749476586139,209.86940032958984,197.85370071411134,183.5691502380371,43,-24.10699663829411,29.344389727490714,False,44
PIDILITIND.NS,1566.9000244140625,1707.5,-8.234259185120795,781863.4365079365,-3.8416677254334175,-7.617472615506726,0.4444156825454293,17.774825159682695,0.05335593472992021,1600.2802790368744,1618.9349514210169,1621.6033227539062,1551.3790698242187,1487.2776885986327,20,-9.786235759059291,7.930287696985205,True,44
NIRLON.NS,607.5,641.8337601094673,-5.3493228688393675,10136.425742574258,-2.0161290322580627,-1.0809039637186935,0.29109090925578673,14.022323598004771,0.052784630160091,618.8641243753476,618.9106346968489,614.0740405273438,602.4095153808594,,42,-7.7397145325293515,5.862482672750091,False,44
AWFIS.NS,293.20001220703125,639.4000244140625,-54.14451032032479,449614.6746031746,12.42332282614318,7.794122134937953,-3.5684841379850285,8.552390070906757,0.05151567496569104,263.1349957587826,264.3294856446881,275.4010000610352,300.73109970092776,342.73539947509767,211,-64.17735465968177,9.772467785876904,False,44
KIMS.NS,768.9500122070312,858.0,-10.378786456056964,465810.984063745,0.14326192043625507,-4.353504505076977,-0.11690113755232767,15.735999992650784,0.05402954946822845,767.4453944182251,773.6155083735624,792.9660009765626,774.7475006103516,714.95,48,-12.785549208278702,5.965163703850518,False,44
POWERINDIA.NS,31435.0,38775.74235339215,-18.931274832833655,146222.69322709163,-1.765625000000004,-12.171769360090767,-9.374535462510414,26.376632157668634,0.05127375852296176,32007.13209925765,32575.386318485365,32794.4058984375,33690.7236328125,27874.098422851563,73,-21.619185640637994,43.65251762571349,False,43
SBFC.NS,98.19000244140625,123.0,-20.170729722433943,1984338.3545816734,-1.7117107691231426,4.446335719808325,5.78539405757128,6.116939086543871,0.04900489918938283,98.39088787020921,97.26028599201491,94.21759963989258,93.35969963073731,95.18944965362549,215,-35.28455408608041,11.49793127687122,True,43
POWERMECH.NS,2421.300048828125,3121.8022272575336,-22.43903128497642,93968.444,0.9582212637962328,0.6562376116235225,-15.058177125028338,22.351055112068163,0.04650038556023092,2426.7901165008757,2457.438183849699,2532.2292822265626,2561.1008032226564,2362.9743493652345,249,-45.01126058784111,0.0,False,43
CONCOR.NS,499.25,561.4379586860567,-11.076550440514621,1769513.003968254,-1.7224409448818867,-6.446176865040543,8.077305741379615,10.449095352251847,0.051413503958183254,506.3162976401464,508.2950210917556,502.86708557128907,493.7582662963867,492.7654718017578,248,-25.162598573940397,2.5727346128604944,True,43
BAJAJFINSV.NS,1913.5,2193.128599829014,-12.750214458505315,1124916.2341269841,-2.8680203045685304,-5.506172839506174,7.152282108805341,10.191762614286382,0.048343530799980675,1953.4822195538002,1969.9515236647796,1960.9399975585939,1861.7325415039063,1899.657587890625,223,-27.24373511558571,6.811271971305954,True,43
JSWSTEEL.NS,1265.0,1351.0,-6.365655070318288,1673254.3134920634,-4.528301886792452,-0.7843137254901933,-0.15962313217426916,13.666220647083405,0.04808908385403798,1300.5494042407345,1300.9481243056987,1279.6860083007812,1272.8699719238282,1224.544949951172,11,-6.365655070318288,9.91848608472976,False,43
MAMATA.NS,407.8500061035156,514.3336672504768,-20.703225926508207,176836.86111111112,-1.1392514431031175,-4.170582646956733,10.536839950456866,6.168827325726922,0.0468054124172617,411.33866366385746,410.3526262742034,403.24361083984377,400.28093994140625,401.2416912841797,245,-42.33009552464608,7.8501194865296275,False,43
ARKADE.NS,122.02999877929688,185.3000030517578,-34.14463207255773,501663.11952191236,-2.5475182960458476,-10.874963181985798,5.846125258258872,14.10004886522116,0.049641126575643825,123.74406942625384,125.93478154049137,132.12919967651368,125.10769996643066,124.54740009307861,245,-50.01618930318554,1.5057388935400207,True,43
ARVINDFASN.NS,446.5,576.9839137121372,-22.614826966776914,279544.4621513944,-1.7169244997918276,0.5291019105728711,-2.943752080061701,13.908772157106132,0.04614511170959334,448.6758805688215,448.93089408015487,454.7483612060547,455.2927847290039,458.53760986328126,246,-36.7530212885302,2.877641922213159,False,43
AIIL.NS,544.3499755859375,683.0,-20.300149987417637,696689.2063492064,4.702817854150054,-6.000690979971068,-1.3233116115382693,14.648270762655379,0.04732458411021463,528.7920116234751,536.0624455910464,543.3320025634765,521.1125021362304,519.2210508728027,167,-41.434846266471446,19.961924832788046,False,43
ICICIBANK.NS,1379.300048828125,1467.6271961496604,-6.018364033677138,13753449.444444444,-3.084591332904585,-1.9547909472215075,4.244037801292833,10.848592327555107,0.049132309486751326,1405.4149982531198,1413.6731720036985,1419.662236328125,1352.2184753417969,1346.7305603027344,39,-6.815574202096119,13.03606447024701,False,43
GVPIL.NS,652.6500244140625,1073.741134374155,-39.217190855366766,497479.40079365077,0.4695272387247096,-19.435866672874912,-35.705930617357915,48.79983457126571,0.049679340325963994,654.951602337373,670.7067599075866,736.1358349609375,770.1032385253907,575.7929637145996,59,-43.37555109552721,83.27656256457712,False,43
INDIGO.NS,4973.0,5970.0,-16.7001675041876,1388053.276,-0.14056224899597902,-6.7504219013688305,1.8973874991633277,14.30344029124264,0.04926451761072691,5026.075888968209,5092.016332574926,5205.08,4918.242998046875,4860.891004638672,200,-34.753769662112646,2.101653183257124,False,43
WONDERLA.NS,520.9500122070312,647.2742573041866,-19.516340047768843,88437.096,-0.818655457966444,10.828640726713768,7.435527160048228,-0.15201959701646173,0.04253712908753993,521.6245087057162,514.5194227993039,490.7073358154297,490.5938659667969,504.2048793029785,248,-29.994619720764227,1.8759464608234522,True,42
JAGRAN.NS,62.09000015258789,68.81048404363386,-9.766656904759463,257785.348,1.404541265361825,-2.2974022061376,-2.6802493807544403,13.258203250495448,0.0418018017128051,61.83008036315461,61.92353498931392,62.63039985656738,62.24743518829346,60.19911321640015,71,-11.641372558131891,19.35881524540688,False,42
KCP.NS,162.39999389648438,206.48051439200756,-21.348513502748933,182600.06,-3.43105448967439,6.1507210049357,-2.209182686202815,9.881531227570562,0.04176896437187081,163.9398890803693,163.74006815334388,163.10357971191405,164.99187805175782,165.34694198608398,210,-39.8460047960286,-0.5960664275623029,True,42
BHARTIHEXA.NS,1545.0,1934.317756973946,-20.126877064035032,187045.1507936508,3.3168366173707886,-1.3094857872884114,6.664760911431933,6.078014859055214,0.045004207213310624,1540.2391697896564,1548.7440083242113,1569.0510205078126,1526.4465405273438,1577.7460040283204,219,-26.876663921886223,10.80049696802503,True,42
MARSONS.NS,127.23999786376953,175.39999389648438,-27.457239286528925,2077754.8031496063,-7.502180777829981,24.039769538441714,11.029668026132477,-8.156486191698376,0.04104041761065738,127.82684117665886,124.01936934853052,115.42279998779297,125.67460014343261,,91,-42.844923894829535,23.256823142872342,False,42
BHARATFORG.NS,1944.9000244140625,2295.0,-15.254900896990742,1216372.0517928286,-0.5674834144139829,-6.853447106606203,-3.0561672450801214,16.458772372687758,0.042392210127884286,1987.631273224424,2021.5056550719514,2101.1100024414063,2034.1585815429687,1819.827437133789,24,-16.836602370983112,3.907478601363268,False,42
NH.NS,1869.199951171875,2092.89990234375,-10.688516489554178,409603.47410358564,-0.6906811357585085,2.069562678601078,0.05035681991880647,9.841270342263208,0.04296459605025291,1888.988924820394,1889.4722431401626,1932.3160546875,1904.2777661132814,1855.4657348632813,31,-14.902762525549672,4.77579703942006,True,42
SHRINGARMS.NS,217.27000427246094,266.5,-18.47279389401091,1389889.8825910932,-0.2936989485993524,-4.353759125818368,0.8822069918512199,12.7328434021313,0.044576777383842775,218.41651855618068,220.32980694268392,224.22139923095702,217.68739974975585,216.94524955749512,141,-37.71106941838649,11.426314616815603,True,42
MAHLOG.NS,397.20001220703125,447.10758500270833,-11.162318526842874,262144.3266932271,-0.7744131102848772,-2.3958716568460936,14.810329132146837,0.3941655689768897,0.040441493248371,399.7087468555059,400.11641566509854,400.39538146972654,382.9101922607422,367.93889358520505,99,-26.544449545759573,-2.1207450713510267,True,42
DODLA.NS,1090.800048828125,1480.959306464207,-26.345035676070527,39481.843373493975,1.953455831119233,4.5228127967027465,0.01313983968052046,7.606711117878806,0.04146534541508151,1086.141949372011,1085.954220094986,1082.51330078125,1086.0717578125,1117.5271716308594,246,-35.18219697015259,0.416271382436717,False,42
CASTROLIND.NS,188.02999877929688,198.22517212749622,-5.143228399691802,1867146.003968254,-1.1772772601384096,0.3254725303122097,4.799295619230248,7.351866819829822,0.04327902193749605,187.97070437218431,187.10507065853906,183.44906311035157,180.76503921508788,178.1156211090088,247,-16.96118691298647,2.5870776168745557,False,42
NESTLEIND.NS,1383.300048828125,1553.0,-10.927234460519964,1530808.7738095238,-1.928390724698692,-8.202267806983254,-0.12576827050736483,15.617172281206981,0.04375845797464063,1409.9700816618695,1432.006633566279,1462.7253833007812,1440.757596435547,1350.2173077392579,25,-11.558274307791372,12.481130446202805,True,42
PICCADIL.NS,602.1500244140625,809.7000122070312,-25.632948581443337,250132.70634920636,-2.208684626218027,-8.834212806349361,4.1782049159277745,13.228664579902393,0.04557216282847615,618.8376883531395,642.085833554419,693.2879992675781,642.1860009765625,607.288249206543,23,-26.87415503773709,34.64532871972319,True,42
ZFCVINDIA.NS,2548.199951171875,3038.7327548607846,-16.142676676790636,134875.19920318725,0.9268021978457552,-2.4948325403013283,1.482259026928312,9.62495452173673,0.03888373228497495,2540.5663587369754,2549.7082252386026,2488.551865234375,2479.6908154296875,2448.718298339844,56,-25.62689178951708,8.372382671390222,True,41
TANLA.NS,502.79998779296875,750.0847124549373,-32.96757293621347,871798.0396825396,-3.521066058036737,-13.94095202516581,-5.0873076370044785,21.464395079924348,0.039192687300315596,518.7374641261008,535.1211331565245,565.6829998779297,545.9190423583984,512.7504853820801,245,-51.760906690846255,7.03685514820982,True,41
POONAWALLA.NS,445.25,570.4000244140625,-21.940746679073442,1997623.3134920634,-4.952505411992181,-11.428289399637237,10.360636145307378,9.036364232875837,0.039418281156158835,457.81145999111055,465.3006135808762,473.65200073242187,444.3045007324219,442.06100021362306,235,-36.67601740058301,21.224913231298537,False,41
AVANTEL.NS,156.4600067138672,214.72640412746412,-27.135180533740655,2447927.73015873,0.9679916978641678,-2.31018785192344,-7.6496231821195355,16.397486055874122,0.03898869067115518,157.744061462074,158.7069570222586,164.38820068359374,165.0567428588867,156.096632270813,231,-45.558137802783016,21.6400154715344,True,41
SPIC.NS,69.0,110.57554633791092,-37.59922307854491,628666.304,-2.994513335673743,2.6785760915200463,-0.014493748617372404,9.350240362206419,0.03972011905033991,69.65508640093283,69.20824212538169,67.91239990234375,68.7470002746582,70.74645002365112,249,-50.16981575136019,0.0,False,41
TRITURBINE.NS,569.6500244140625,784.8771245029434,-27.42175728782802,1234547.7410358565,-0.35857753178188956,-2.5775471324499755,-13.801364988939724,21.545026303739824,0.03926233845145829,571.6971684952955,578.542332549921,599.9744482421875,622.2701635742187,560.1973667907715,74,-29.60681579936554,63.30801511552706,False,41
KIRLOSBROS.NS,1784.0,2180.905610301624,-18.199119137793918,113777.2828685259,-5.17195802385344,-6.557718121406131,2.1554339359079355,12.627972513109075,0.038690797593494405,1850.2262701327002,1872.187703703345,1889.1061352539064,1815.5346252441407,1699.9380920410156,58,-18.79520178981672,19.018370125707662,True,41
INOXGREEN.NS,178.2100067138672,279.0,-36.12544562226982,1963608.4422310756,4.210287374018629,-4.827766774970799,-8.717917013851084,17.630367467899145,0.038922472654120355,174.4737241805162,175.35133076238972,182.74859924316405,184.08389892578126,180.5181990814209,215,-52.48028608205926,58.2006370274041,False,41
ARVSMART.NS,598.0499877929688,705.4097122162362,-15.219484870142741,157261.908,-6.408452614558879,-9.831129337509237,0.9196781018498301,15.719029932270058,0.03956444274505238,626.2582514441632,635.1917204777359,625.1318493652344,613.3399255371094,588.4880404663086,13,-17.048204145693614,16.556237028888134,True,41
JSWDULUX.NS,3155.10009765625,3687.5560372755367,-14.439263681337277,102739.82470119522,-0.39462052072952725,1.797128381864499,-1.1827070329907596,9.851203962748833,0.03905633099502254,3158.3889655237117,3136.1634153052,3066.9139990234376,3045.2328833007814,3031.35662109375,195,-28.785044619648016,4.156947724256654,False,41
JSL.NS,756.0999755859375,879.2203373423794,-14.003356897839502,673316.3984063745,2.397068064281327,2.8961395327357087,8.289330024380082,1.69030134471031,0.03981854258173423,744.5465423817723,734.9890904992085,724.5232446289062,721.2840747070312,745.822092590332,170,-26.124746460363557,15.392401926539033,False,41
JLHL.NS,279.1499938964844,340.0,-17.89706061868107,224784.59760956175,-3.8408523476880507,-8.848981584821425,5.260173848922345,11.388725492195784,0.03979660799821927,287.8945778045693,295.4242849146611,306.58500122070313,284.9361740112305,274.07019989013673,30,-18.441180060891547,26.368606713194055,True,41
LGEINDIA.NS,1636.800048828125,1755.0,-6.735039952813393,1205939.5173913043,-0.23769747423740828,3.706519558396759,4.281350298639075,4.788735520366516,0.0391743346199394,1653.3547337228204,1646.8456539310878,1598.9660083007811,1574.6660095214843,1544.4840045166015,19,-8.000001391114676,3.7710003476003395,False,41
NESCO.NS,1102.199951171875,1628.413458753058,-32.31449020226877,58637.32128514056,5.493864822090244,5.584818985949935,0.39803523129398055,3.9252244799866887,0.033558506407818815,1073.6635980995982,1061.7434613671624,1062.523748779297,1116.531880493164,1135.2751364135743,248,-39.22753401943645,0.0,False,40
SAKSOFT.NS,146.49000549316406,223.5125912995052,-34.460065698550046,1787780.400793651,-5.233533602058326,-12.979678816714147,2.2990617298894955,15.128516861122442,0.036218361398671635,151.680477080855,155.7583090664505,165.44251953125,156.1770343017578,159.6302784729004,245,-52.02222012649587,4.258324292793403,True,40
PURVA.NS,212.05999755859375,287.95001220703125,-26.355273982024997,789283.808,0.45952022243178625,-0.23053657310215803,-0.7813588182887576,9.552094609060656,0.03586274905760383,215.47868086950226,215.8481326809899,217.64619995117187,217.00679962158202,219.61805000305176,249,-44.19517429092073,0.0,False,40
ONESOURCE.NS,1592.199951171875,1925.0,-17.288314224837663,313660.6865079365,3.537514671377817,1.330102570755809,-0.48128465058355774,6.773068891306511,0.031846141426364806,1553.0532696464045,1553.2652455166794,1592.3039965820312,1664.072999267578,1584.1214971923828,216,-45.09090909090909,1.420472526498795,False,40
RESPONIND.NS,173.27000427246094,240.7572086823752,-28.031228962680153,655434.688,11.859271207107192,2.7637672526743318,-1.9551174068556554,5.637806711504556,0.03407268033790711,160.5399027110179,160.0335519151859,171.42571746826172,174.56006713867188,176.0774708557129,39,-40.612371895302665,10.46991343442012,False,40
GKENERGY.NS,127.8499984741211,238.62838915412897,-46.42297216717858,1134801.0041666667,-0.8607383544953939,-0.015143114062676766,-13.397720187931627,18.784640237717355,0.034054375804453786,129.14588146162043,129.7117984419054,132.96816284179687,133.33289642333983,129.56464847564698,222,-63.606012832461765,39.04255322063956,True,40
INFOBEAN.NS,154.00999450683594,255.98189583973354,-39.83559110631039,1075125.482071713,-2.327497678473067,-5.445733122588181,-9.949223533685892,20.002599034077196,0.036943761611601685,157.1643199224072,158.52242235825386,161.65915008544923,162.44415893554688,172.55536293029786,170,-53.26990210467386,64.17252502176132,True,40
LT.NS,3930.699951171875,4397.052414797838,-10.606024664534363,2206956.226190476,-0.8425656684129312,-3.4392119704056534,-6.107872089064448,15.414150219105661,0.03561199500000506,3969.541468038846,3990.5286566015666,3965.4880029296874,3992.39669921875,3959.542165527344,138,-25.943690034227284,5.459685306901552,False,40
JUBLFOOD.NS,470.25,656.1339695638156,-28.330185325930845,2604430.115079365,-2.5792442287512096,-4.333229238516411,11.394200806723465,2.932962638488701,0.03466875026834116,480.37753069544175,482.8504456809994,465.39009033203126,452.77265991210936,483.56443267822266,251,-37.87233830255823,0.0,True,40
LUXIND.NS,1098.5999755859375,1823.3499755859375,-39.7482660873758,94462.28685258965,-6.23879650356105,-9.348960025221887,-15.12670311612193,26.254087773623592,0.03469952519212375,1147.5882559044517,1175.4161414160387,1227.1479956054689,1295.7034973144532,1171.9974987792968,99,-39.8360153185909,77.27881648640673,True,40
TAJGVK.NS,334.79998779296875,455.668555024895,-26.52554491615572,183402.72509960158,0.2995805981335753,-4.546720896550626,0.7047026810095502,10.519077886616145,0.03539655839452557,336.79432037834465,339.9879371266861,350.0759533691406,337.6701052856445,348.9824391174316,250,-38.62346928178866,0.0,False,40
DLINKINDIA.NS,434.25,521.5413716552077,-16.737190259359956,140716.92430278886,-4.001327701844581,1.9485825930519285,-10.178874622633971,16.016586955139232,0.033425561436914296,439.88509855948854,441.02169753278645,451.7163897705078,454.989775390625,423.4867013549805,45,-20.792476195614828,11.155212207506793,True,40
IZMO.NS,906.7999877929688,1374.699951171875,-34.03651560328061,121407.036,-1.643258768205369,-4.957550466754867,-12.080670319149833,20.313118363580852,0.0334521027951588,902.559084757269,908.8867181629803,971.2330041503906,902.4260034179688,830.316499633789,237,-58.58369129200957,55.393859413874466,False,40
DIAMONDYD.NS,1108.4000244140625,1245.0,-10.971885589231922,59754.871485943775,-4.4318005044057145,-7.060200645275594,-0.6810013965893869,13.148229076984673,0.031997710323213635,1137.2360389401488,1150.1020161775878,1165.5960009765624,1118.1120007324218,1088.7610034179688,22,-12.208835341365464,6.990964568566449,True,40
DAMCAPITAL.NS,142.42999267578125,284.0820688881976,-49.86308244191381,675669.7976190476,-1.7046247927847924,-3.1530608962886175,-6.02203328773856,14.156176638621588,0.030547860105908646,144.19658045892254,145.45696898872123,150.4391049194336,151.08287841796874,162.31292110443115,213,-58.31468340893089,17.5299073682339,True,39
SHREMINVIT.NS,100.5,104.9000015258789,-4.194472318280584,66500.0,0.0,-3.2723787063968945,1.430176440300035,8.188638840064444,0.030500327268364096,100.62021980635494,100.69759663675194,100.20580932617187,99.0814250946045,95.45709129333495,24,-4.7664441632696235,5.8709021229615965,False,39
NSLNISP.NS,43.65999984741211,53.75,-18.77209330714026,6383966.960159362,-3.8326026871936536,-0.7727276195179322,-8.756528234739813,15.228293878885735,0.029265532885093988,44.5096244473156,44.12486400393033,43.353600311279294,44.257900161743166,42.34000011444092,72,-26.883722349654793,40.65845390404035,False,39
UNIONBANK.NS,178.10000610351562,199.59697275189,-10.770186717759634,14725090.345238095,-4.871271796669019,-4.504018175058643,7.50372354432236,5.451085380874177,0.030436204009677482,183.2345977311883,183.4495405992485,177.6229998779297,170.40269989013672,169.26407737731932,135,-23.981703326548644,31.703346076638827,False,39
UNITDSPR.NS,1395.0,1563.4000244140625,-10.7713970694849,932263.4523809524,-5.211656840159629,-7.920792079207917,8.21731075081309,6.94939336159528,0.03139626470024492,1442.6007381762574,1467.8907774605236,1472.6858520507812,1384.1869177246094,1366.9922705078125,15,-11.455799717865634,13.219914621978734,False,39
NIVABUPA.NS,79.93000030517578,91.4000015258789,-12.549235261725379,1798255.155378486,-0.22469142904053552,-5.048705137315956,-5.183870211604824,14.087929047281778,0.03047800385064019,80.55195573551975,81.60205525552391,84.3220001220703,83.59560020446777,79.44390007019042,30,-14.266959187998706,5.569041578812617,True,39
HINDZINC.NS,576.4500122070312,719.8477125036038,-19.920560669400565,7860011.698412699,-4.08485653793157,-0.3285144737805834,2.1531144208566166,6.347001149772535,0.027105462376167257,592.5512165006874,589.5777501448872,565.251005859375,580.0557708740234,577.9991348266601,158,-33.96998491730814,49.87633981215025,False,39
LGBBROSLTD.NS,1711.0,2019.894362671753,-15.292599869587864,67393.09960159363,-0.30299215241932353,8.263076772756639,12.176365280794421,-6.655500721069241,0.02613025435120026,1702.5608050374246,1668.89052849019,1587.8457861328125,1580.8167504882813,1688.046788330078,145,-29.443359419448868,7.766626335999027,False,39
ENDURANCE.NS,2692.60009765625,3072.0,-12.350257237752283,115746.22709163347,-2.2543236873840744,-10.832197198555615,3.3401143639506747,9.88366005010124,0.02563626520776167,2780.8002954769245,2826.8027862658846,2814.032138671875,2687.967434082031,2584.92982421875,14,-12.825520833333337,12.69912658583776,False,39
SCI.NS,280.6000061035156,367.499792159746,-23.64621366056623,6588233.174603174,-4.9940747232726785,-4.379489019402916,-8.763901678124054,17.854582071113946,0.03137357048800511,287.9322013635471,289.2588191867398,287.6611639404297,298.92266143798827,266.87963577270506,89,-29.437287731132457,38.89908180133224,True,39
PAGEIND.NS,35365.0,45150.85152546577,-21.67368099347229,27581.368,-2.5757575757575757,-2.6280124507046643,-8.97157965997264,15.683900702726694,0.027989081353821953,35758.96021970866,36189.798124239955,38156.859609375,38224.0413671875,36194.47249023437,245,-34.60748912250479,2.4624373919160503,True,39
GOCOLORS.NS,324.75,746.0,-56.46782841823057,527472.9,0.6820686065080128,0.43296547705529154,-12.217870175859446,15.713524697164827,0.02774848782169957,326.38795509877764,329.31587573281763,333.7299981689453,332.69279846191404,353.2464981842041,249,-68.22386018072952,0.0,True,39
ORKLAINDIA.NS,591.25,760.0,-22.20394736842105,224206.92558139534,-0.4880963216188472,8.825697273032729,-6.336633663366332,7.66638873063108,0.028818952156871937,586.1764871640812,581.4868546066257,575.2879968261718,600.8359973144532,598.871748046875,214,-29.835526315789473,0.0,True,39
MAXHEALTH.NS,1037.699951171875,1219.732372328196,-14.923964083109642,2822922.019920319,4.301932426126842,2.9975137639578264,1.0345152176258976,1.8761337096706132,0.02090504044560264,1018.1849271234246,1020.8929374791715,1058.0460021972656,1044.6975610351562,1037.7158850097655,222,-26.098703005452904,2.6880276508323364,False,38
LICI.NS,404.1000061035156,457.74492274879265,-11.719390861428947,4644116.297619048,-2.7085590067852827,-1.9531694558245216,0.6259356110384084,7.046090966730589,0.023447272781603256,410.0900607978936,412.2133203200797,418.6189990234375,410.65697265625,408.53984664916993,213,-22.994827548864862,5.364275661261786,True,38
EICHERMOT.NS,7530.0,8165.0,-7.777097366809549,520375.40239043825,-2.080624187256175,-6.448005963473724,-0.20522025505086416,9.079681916001636,0.02072643078465033,7749.334014180016,7820.248474047764,7749.515615234375,7460.246044921875,7330.777468261719,18,-8.052663808940597,6.476846336441877,False,38
TIMETECHNO.NS,180.8000030517578,249.14999389648438,-27.43327012607686,2596868.476190476,-4.079793207754534,-11.389919133051873,1.0959554652215875,12.242364661372452,0.025397693567296292,185.7256252724239,188.40404814115348,194.57100006103516,186.47609954833985,184.55284973144532,243,-38.18984396042845,-4.051622584105741,True,38
BLKASHYAP.NS,53.90999984741211,71.30999755859375,-24.400502463745667,610491.6215139442,-6.406247785521824,2.4710116365304957,-0.5534020330697165,5.934369215924917,0.020613046252029688,55.699511670713996,55.374944938916464,55.11359992980957,55.12009983062744,52.48424983978271,250,-43.45813900541194,0.0,False,38
ASTERDM.NS,763.0499877929688,891.2999877929688,-14.389094778018773,1184068.6932270916,-3.043203584120868,-7.838640432054744,-3.0062316063417915,12.037471015624002,0.020410704795240278,772.8401146783342,779.6611964776729,800.3570031738282,777.356000366211,700.9375656127929,23,-16.526420936873564,10.22626299208187,True,38
ALLTIME.NS,221.14999389648438,314.70001220703125,-29.726728529328195,148371.35714285713,7.312690184166515,1.9876395643715572,-11.263143883608539,11.556692780716403,0.023725308784949634,210.74531199161513,210.65624898482076,220.6941989135742,230.00629959106445,234.9700498199463,215,-40.89609380833566,10.802083891197745,False,38
BORORENEW.NS,495.6499938964844,721.0,-31.255201956104806,683182.8214285715,-0.7011920350190048,-14.395510553284218,-12.14216565686116,21.75140910473301,0.021086926306761133,505.3293706184327,518.2476351883148,560.9350018310547,552.7845022583008,522.3980012512206,210,-48.07212289923933,19.553757098741297,False,38
AARTIIND.NS,492.70001220703125,550.655353408149,-10.52479392825606,1110506.5697211155,-1.6378886548625293,-7.010844015943308,-0.897428358269603,10.640837577931862,0.024211488550169497,505.6147661252262,510.08576967697206,502.03560241699216,488.3555010986328,445.2532861328125,12,-11.826004729755269,17.586740664728207,True,38
ABREL.NS,1281.5999755859375,1961.880003431885,-34.67490502252658,228040.00396825396,-6.697728715433005,-8.049940401173238,-2.421971441312376,13.212884110765643,0.02278801260134597,1348.1633521800227,1366.1666773804554,1396.7373022460938,1361.9179223632811,1392.4601354980468,246,-45.04147379455392,6.477598564040421,False,38
HBLENGINE.NS,722.2000122070312,1117.5594259540492,-35.37703719061772,1892260.761904762,3.9458490049726125,4.350799616903522,-9.560032750167158,9.825849474349946,0.02327074788567797,704.7384601573258,698.915983659052,711.817275390625,754.887417602539,761.8982751464844,212,-45.224420422767196,28.921757250940704,False,38
HEIDELBERG.NS,149.8000030517578,207.42435265801188,-27.780898851959513,108057.23809523809,-2.1613065445823976,-0.8677673849844969,3.0229626156494493,3.745933295585613,0.02015577971473941,151.91644406579528,151.8683765835393,151.23496520996093,149.90147857666017,153.70670394897462,244,-37.27820989390898,1.3080466446858896,False,38
VGUARD.NS,323.70001220703125,390.34213160745503,-17.072745677231172,567311.048,-4.583636784957623,-2.426522318905422,7.1809830435412225,3.3658655902923718,0.025569730069024688,331.3559842734948,330.4534130641804,317.6001257324219,315.08470764160154,319.5375668334961,239,-26.364103269458607,1.1487909611077818,True,38
FSL.NS,247.60000610351562,371.5899202053472,-33.36740513125667,2586838.8492063493,-6.354004606954011,-9.037474283728253,1.893006626961169,9.941831500451602,0.021017392708279403,258.6419173691599,264.26994826771846,270.69539947509764,258.1202005004883,267.20584114074705,246,-45.63899906424501,2.518128715566248,True,38
KKCL.NS,494.8999938964844,590.1599224193676,-16.141375397428547,40428.670682730924,-1.7665728686245497,-5.481280180988602,7.283764793550196,2.5606512727396114,0.019364766241007282,505.229805073529,508.1094402342494,509.0359979248047,486.5295370483398,481.82610687255857,240,-31.107601231223992,10.685253905508452,True,37
CAPITALSFB.NS,271.3500061035156,318.27334486330085,-14.743094109856703,40442.144,-3.416980133975367,-6.960393697170398,-6.43275549187905,14.157852209851217,0.019995374835451565,278.0229544575484,281.6489545710165,290.17400024414064,282.72827697753905,268.38484733581544,90,-18.473896855927087,15.640917043122492,True,37
SUNDROP.NS,662.0,874.0,-24.25629290617849,17750.892,0.8531345791670697,-1.164524923129695,0.5696923661222986,4.186335310652023,0.01697850307388267,661.2907061715144,659.9496413379754,657.392998046875,660.2599993896484,660.791499633789,244,-36.38443935926774,3.453334199810465,False,37
TEMBO.NS,56.08000183105469,83.55384731237945,-32.881604336673306,1513257.126984127,-4.087565144093386,-6.299075587606806,-1.0498410481085352,9.82082314543069,0.019448053118090156,57.34784848417912,57.704771400751774,57.44349998474121,57.894949989318846,58.43260719299317,211,-48.13524394339639,32.561926463665316,False,37
KFINTECH.NS,900.0,1198.7685004367224,-24.922952207025652,1047841.9563492064,-3.111209350251898,-3.1216361679224924,5.852762752369967,2.2000073605962234,0.01700383601339791,921.2221100337779,930.4228407607982,922.8773156738281,889.4221771240234,938.3200308227539,220,-35.395062913969596,6.134261717262879,True,37
BASF.NS,3661.5,4797.620574444326,-23.68091758852595,25683.007936507936,-5.2627469658503845,-11.43389707756446,6.474159638853383,6.431120472615781,0.01701641968604397,3767.708406296866,3809.9734087674046,3794.425498046875,3678.2644702148436,3666.1641052246096,236,-35.356841842461115,1.2506511430068201,True,37
LAXMIDENTL.NS,202.83999633789062,377.04998779296875,-46.2034205264936,353146.46428571426,1.857987827449259,-1.6437955001110227,-11.077990533008741,13.62948998921345,0.019854385185054793,199.84362975035117,200.66203933913928,209.27919982910157,214.64829971313478,215.58604919433594,247,-58.658000283929624,13.700618723578973,False,37
DREDGECORP.NS,1039.699951171875,1286.0,-19.152414372326987,452235.4780876494,-3.256722954331137,0.27969735794550754,-5.456033705926977,9.719288514015467,0.01981172469984082,1063.672908111482,1078.5582921165362,1074.9460009765626,1066.44150390625,1013.6775006103516,70,-25.23328149300156,35.47188463603379,True,37
FISCHER.NS,35.869998931884766,124.69999694824219,-71.23496406597916,1617435.246031746,-0.47170360522753585,-7.527718264305905,4.0614959721579025,5.314144115135311,0.017913924243175606,35.84438355030352,36.389265789779984,37.596399765014645,36.962499923706055,38.59564998626709,242,-75.1002405798389,3.3066789036955146,True,37
GESHIP.NS,1412.199951171875,1766.7330608502607,-20.067157712425587,751428.1428571428,3.102869352053217,8.731128586426218,0.6198228863756094,-1.5554232607027818,0.016202902141221352,1373.3427943231254,1356.927267353078,1355.512041015625,1422.1976098632813,1324.9144226074218,83,-28.625323884915066,19.077027406007787,False,37
PGEL.NS,545.0,644.4000244140625,-15.425204942294124,2888194.9365079366,-3.076647371249519,-11.382113821138207,3.3273272133474086,8.52249835775083,0.01823110005751961,557.7838883148008,570.8534296268163,591.3380041503906,551.2905017089844,556.672501373291,173,-32.25481513755169,19.363995865367745,True,37
BSE.NS,3384.0,4435.115403617064,-23.699843362809126,4318842.741035856,2.356247543713952,-4.054437198752481,-17.767448262278197,19.024594993825026,0.017043408334674517,3332.6033964650387,3358.2379097237285,3505.8135302734377,3724.82169921875,3285.719093017578,76,-29.393043584703538,52.83113289432863,False,37
V2RETAIL.NS,218.0,259.25,-15.911282545805205,1254941.0996015936,-0.45662100456621557,-0.8279534453542126,-5.8965740508376,9.597303296177607,0.018586963136922985,219.12994822359866,219.62300143168812,220.92720001220704,223.49869979858397,215.75814987182616,70,-18.491804220407428,29.103719041600563,False,37
KIOCL.NS,355.8999938964844,634.5499877929688,-43.91300910203437,550526.246031746,-6.856846843371511,-7.5224143816810525,-13.29029520969579,18.23920063006126,0.011184241284424058,373.58312667661835,377.67909476651005,378.15399780273435,388.039499206543,370.81574935913085,235,-54.195886929665626,37.69196849364613,True,36
MRPL.NS,175.86000061035156,212.0,-17.047169523419072,12037277.063492063,0.589143035239581,0.8487187097704574,6.246976843276331,-1.2798915387384757,0.015907944829655588,176.33302676309845,174.6274544316347,169.68640045166015,162.7681007385254,165.77606071472167,124,-32.49056834094929,35.25520435847738,False,36
MPHASIS.NS,2295.0,2957.899861042516,-22.411166441884756,558496.9561752988,-7.122622420072844,-9.560217856246044,2.0274553048129196,7.840382852448524,0.011200839191667925,2371.940396649406,2399.170328706498,2391.8059228515626,2290.5615698242186,2393.421605834961,245,-33.721848300618596,2.567090946171291,True,36
BANCOINDIA.NS,615.0,848.8263661382125,-27.547019681070918,602513.1354581673,-0.08950751235450305,-0.6155210328088856,-7.903333305303828,9.813983993743447,0.014225386481090029,617.608786883799,619.1768822666393,631.4603759765625,632.3598419189453,623.8182107543945,234,-41.61350096337292,41.3536839663398,False,36
SHK.NS,141.22000122070312,255.96823277943642,-44.829090826129956,463536.3346613546,-5.941120424408575,-17.362044750959583,5.136981477248814,9.337253961484437,0.012094750351356449,147.48463168927586,150.95360951596786,150.15339935302734,142.90930015563964,148.0786852645874,250,-56.252382515987875,0.0,True,36
CANTABIL.NS,240.2100067138672,319.66775310854337,-24.856353392547625,223703.4497991968,1.0389506030251017,5.385572319985044,9.819075228744945,-6.3753473366662705,0.015765931582564938,239.95955121791215,239.9197582677432,243.35193603515626,235.73769393920898,249.55557846069337,148,-34.974465114244765,8.966197763770346,True,36
ROTO.NS,64.29000091552734,85.27999877929688,-24.6130372469766,2244226.282868526,0.8312462483474503,-4.1020285835990595,-1.5768505574235148,6.776286153618072,0.015001782023351076,64.94965497878114,65.32550118193826,66.94520027160644,64.23050010681152,62.319300155639645,246,-44.301124906287626,-1.1305449982658367,False,36
JAYBARMARU.NS,116.58000183105469,205.8889662970584,-43.377246518955246,644157.476,-4.293568534900672,-10.390600626312152,-26.339181640625377,28.886177397021797,0.011452394878686082,120.36239025181264,125.45004000953853,147.75809844970703,135.6141121673584,113.50814167022705,42,-44.538066077493475,131.44316513559903,True,36
TMCV.NS,434.54998779296875,503.3184101990195,-13.663005567163488,11217466.786729857,-5.161506718462627,-8.47725379840375,6.847793152206849,3.2433486313199644,0.01140075966663028,451.39556199656874,455.26093157023195,443.65099853515625,419.5332922363281,422.9175378417969,135,-29.852655536585495,18.129746373319122,False,36
DIGITIDE.NS,88.75,201.25,-55.90062111801242,732175.749003984,-8.514588139716771,-14.29261479051842,5.970149253731338,8.337404765279688,0.01416024910155915,93.48173682322611,95.70821881332127,100.1558006286621,95.13070030212403,102.45825023651123,250,-65.26707998714092,0.0,True,36
NHPC.NS,76.37999725341797,87.39771312453149,-12.606412087024033,16545503.686507937,0.17048820120388886,-1.445164834299395,2.4602150018207203,2.1459228781512962,0.013244495050672444,76.29245323038855,76.48641281031574,77.66521850585937,77.99972724914551,77.33723175048829,245,-18.276412207615156,6.733109107135227,False,36
SWIGGY.NS,278.20001220703125,474.0,-41.30801430231408,13620156.456349207,0.7605961814894924,-0.571828325854451,7.144239840784383,-1.3999580984936366,0.015449826658159194,277.91966979935967,277.99568250314576,275.866598815918,266.51879943847655,298.9758987426758,245,-50.26371308016877,8.201557469632604,False,36
NIBE.NS,1282.4000244140625,1848.0,-30.606059284953325,105587.30952380953,-4.055061511437996,-14.163318312311745,-20.79060998060145,26.769479573313816,0.012324390215389424,1328.9794811174086,1363.6062306206247,1443.4239965820314,1416.0559979248046,1234.9017504882813,59,-31.466450216450216,64.72647386902128,True,36
TATAINVEST.NS,650.9000244140625,1178.621408861613,-44.774461118711315,2352508.865079365,2.71421995829344,-3.4845787587889587,-3.2766160031192815,5.236760226058279,0.006862255335590796,637.3246118557453,642.3272987762664,657.692001953125,668.6758557128907,664.2730859375,236,-54.51590965272606,45.79112442031443,False,35
APOLLOTYRE.NS,417.6499938964844,533.7087547028075,-21.745710517892803,1039606.9126984127,-2.7703397124108076,-5.732986027832476,0.8616782953217772,4.930924745534626,0.008072422100028079,425.2278574121298,429.9777700340851,434.2975555419922,419.11625396728516,444.99502044677735,208,-31.94363447076932,6.6735133165815474,True,35
APTUS.NS,249.11000061035156,338.0578572219359,-26.31143004411515,1472430.984063745,-3.1868163017548135,-2.213934991029809,-8.650535585150754,10.649476502137745,0.00903161296928429,254.460045109539,256.4628874071881,269.0000003051758,267.029718170166,259.730538482666,250,-43.42940204342264,0.0,False,35
J&KBANK.NS,145.27000427246094,201.75,-27.99504125280746,4290546.908366534,-3.062856211928755,-7.753360291044842,-9.155149180399514,13.928320789498416,0.009678258822776693,147.37001486616728,149.76996407066508,160.53780059814454,152.7915003967285,131.19215023040772,44,-29.21932934237531,47.39862157209895,True,35
AMBER.NS,7245.0,8974.0,-19.266770670826837,331705.8844621514,-2.2267206477732837,3.7222619899785148,-4.921259842519687,4.552998051807489,0.00866601601185464,7351.92207747108,7379.528269807479,7449.86,7624.195,7239.83,90,-22.687764653443278,12.32137186408384,True,35
TEGA.NS,1729.0999755859375,2122.531345022849,-18.535950970028026,176360.572,11.483184675046232,6.327069987984446,-2.8393625507845965,-1.4173701934677485,0.009949756224790341,1652.4633136045015,1644.2162474086808,1626.532490234375,1659.675830078125,1727.688673095703,245,-30.682352163923078,3.494130727385336,False,35
GMDCLTD.NS,575.3499755859375,771.9000244140625,-25.46314841450137,4493926.630952381,2.202675745630156,-3.017281822850826,-7.104222448442609,8.813234153368787,0.010108381368075826,570.4145361498385,570.7201888987794,575.1169982910156,612.6864978027344,592.2202474975586,105,-28.993398335232367,29.0317030145234,False,35
RITES.NS,209.14999389648438,272.0997840702363,-23.13481812889013,1788020.673306773,-2.1657801989195646,-6.441515973470802,0.9730035224903677,5.388211341482352,0.009423043787539345,213.29241443983383,215.53127614317648,218.87867370605468,214.57190322875977,215.6173415374756,246,-36.06975172561403,4.415674145486248,True,35
MGL.NS,1084.300048828125,1341.9214475373328,-19.19794926759606,284200.84,1.6785468871212572,-1.4871770984442145,-3.260237298461688,5.009616577042375,0.008961947103017266,1090.406496592909,1094.2214120681033,1095.7085546875,1100.1480200195313,1084.7565182495118,245,-34.001182735942756,4.6338241109241896,False,35
SWARAJENG.NS,3576.0,4423.165232912786,-19.152918516564277,17005.31325301205,0.5992080659607657,-0.911632442960908,-3.959752428758745,5.878115333901834,0.010409147229370053,3572.0777018044946,3578.7736791356115,3629.54400390625,3689.8689697265627,3610.734010009766,244,-27.36413538855166,3.682779661784563,False,35
MARICO.NS,802.0999755859375,889.0999755859375,-9.785176289389163,1823101.1952191235,-3.0577771430502,-6.187137358369887,-0.47947280256146474,6.421182839454431,0.008814261090343356,819.0616944879191,829.6715360623182,846.5970336914063,830.5476654052734,790.1353408813477,30,-10.505001230863098,8.88152065097838,False,35
M&M.NS,3107.0,3799.9943064302024,-18.23671959869899,2536817.277777778,-1.987381703470037,-9.36934705521123,0.055073928395410476,7.114332047500649,0.007896474161296333,3183.179465722493,3241.648727765345,3277.8619921875,3177.503098144531,3291.3284375,173,-24.581367931307206,2.712592571001249,False,35
LTTS.NS,3337.39990234375,4673.3032272251885,-28.585847310289815,134211.54581673307,-4.6783974383782345,-6.747883611996142,-1.7053027906726248,7.8457569448339814,0.008092954744947537,3442.0425419644107,3481.544586851623,3464.4499951171874,3450.3273852539064,3625.9308532714845,193,-36.30977749224521,9.377000075622455,True,35
SIRCA.NS,427.3500061035156,536.351054042588,-20.322706018289526,358998.7888446215,-2.963212528117365,-1.9614562772852784,2.301247603719392,1.252067841767901,0.005025889095541858,433.3454446428801,433.49611753240197,420.6068225097656,418.9787936401367,439.69320404052735,204,-28.57143017732211,8.760462104953849,True,34
TEAMLEASE.NS,1241.4000244140625,1944.300048828125,-36.15182876931555,47672.176,-0.6879980468750047,-1.256755279308186,-11.62525325223932,10.64171340588793,0.004489585261342391,1255.961858267929,1259.6145231816195,1295.7799975585938,1335.232001953125,1362.1625024414063,246,-45.21421980039059,3.2457853092558775,True,34
SHREDIGCEM.NS,68.48999786376953,95.81184545661685,-28.5161479383241,218957.812749004,-6.507050723068697,-2.3529818704443706,-7.243812402545058,9.692879351617156,0.005827065734876017,71.20015186720994,71.70743952032421,72.21052490234375,72.3070514678955,74.16957572937012,225,-44.51878409053176,-0.27484906136966414,False,34
HINDCOPPER.NS,514.5,758.8333740234375,-32.19855404196955,16582652.527777778,-1.3706554355276235,-5.500966394623297,0.5373717635564157,3.6671393622164317,0.003908084514760757,526.001326124829,528.8674358648692,516.7139990234375,525.8434997558594,518.8581378173828,156,-41.265101474929956,124.46840816921964,False,34
PLATIND.NS,221.0500030517578,342.3999938964844,-35.44100263080423,161170.6349206349,-4.530530594518789,1.492194653104617,-5.124684389844603,5.649289091230902,0.00567696190708025,226.11959166691136,225.279537424228,226.11140045166016,227.63720001220702,228.65924987792968,247,-46.40770932505437,13.872525547916137,False,34
MASTEK.NS,1626.300048828125,2528.4472853639354,-35.679891044513454,123378.36111111111,-8.26893640742028,-10.200326005038974,-1.4243785699270872,9.573836801179091,0.005352623077436882,1679.1075132316773,1705.6807320041607,1733.6593725585938,1675.7212084960938,1760.007496948242,250,-47.676471478390994,-1.5097937935585226,True,34
BAJAJHFL.NS,84.11000061035156,117.0,-28.11111058944311,6942471.305555556,1.2397674008137516,-0.3081689318079395,-2.083819422270994,2.3858783299659736,0.003915484590248788,83.81367002226541,84.12578758713418,85.44779968261719,85.65279983520507,87.71179969787597,248,-37.9059816018129,3.5369767031570687,False,34
MAHLIFE.NS,353.04998779296875,423.03422522089073,-16.543398442851554,197920.03174603175,-2.580023802700826,-8.000003180985338,3.967749058369452,2.842714610391739,0.004694075452003808,362.91483792580203,367.37791809962613,375.4109979248047,356.6845346069336,359.908447265625,197,-32.84159313359011,16.782055304985178,True,34
LTM.NS,4275.0,6344.474916122625,-32.618537286098494,368911.9761904762,-6.126482213438733,-10.283315844700947,6.69628502502797,2.99039393896261,0.005357316928093725,4443.098926301306,4479.205258850162,4373.924008789062,4188.165183105469,4721.026839599609,163,-44.39256129715918,8.116773671372957,False,34
KSB.NS,804.2000122070312,1023.2461180887996,-21.406981371294975,247259.65737051793,-0.7895341193762118,2.049365479884413,-5.974509098006275,5.210182604484448,0.006226399964311583,808.0781395031896,810.9132815931366,845.63599609375,859.4899041748047,811.8317892456055,97,-26.703850936582462,39.22437674565224,False,34
ELECTCAST.NS,77.62000274658203,102.66578095782631,-24.39544897781739,2154747.175298805,-7.429929446524497,6.839213730955462,0.5127590568892781,-0.7565044290216649,0.004760757469967603,79.83412731916734,78.45253160133471,74.81790954589843,77.1299974822998,75.0315507698059,248,-42.13563631735322,2.6023029274094833,False,34
SUNPHARMA.NS,1840.0,2046.9000244140625,-10.10796921912631,2562933.376984127,-3.106898367561872,-4.761904761904767,2.450285551162179,2.399109572960234,0.004316587053956067,1884.8334101059172,1901.043991330336,1929.0319995117188,1878.1684973144531,1799.7714807128907,30,-10.401095406455251,11.980515353409537,False,34
ASHIANA.NS,346.75,435.8999938964844,-20.451937404168753,132883.88844621513,-5.401715578327071,-8.941698761681904,-4.765175999086068,10.394776587722877,0.0039984652519424214,355.6681761445229,361.6109048051573,373.4029968261719,369.6984991455078,336.74059158325196,37,-22.000457728673027,4.812407315447542,True,34
PANACEABIO.NS,397.6499938964844,647.0,-38.539413617235795,543607.9087301587,4.301637743340159,-3.995658576242289,-27.03000550710811,22.297401617999512,0.004409910541529305,391.60043696477726,398.2810885775374,439.3720001220703,451.0404995727539,402.35249923706056,68,-42.80525690989664,84.11087208808365,True,34
ARFIN.NS,85.9800033569336,106.19999694824219,-19.039542535168852,1288312.404,-1.4442853481077544,3.056458159451325,-10.0815719648084,7.126839108469252,0.002931271510246705,88.12013184493529,87.44439517832444,87.10219970703125,89.71109962463379,82.15089998245239,88,-24.67043098034274,22.52240730585495,False,33
SAMHI.NS,157.07000732421875,217.97000122070312,-27.939621762363874,984541.6972111554,2.93597948348312,-4.522513787031968,-6.64486934667533,7.229664053498275,0.0028750000833862935,156.21279191816433,158.42393840370642,166.62260040283203,164.88340042114257,166.68160026550294,250,-41.735101487012635,0.0,False,33
KAYNES.NS,3505.0,7705.0,-54.51005840363401,1543100.8685258965,0.5738880918221057,-8.437826541274818,13.7211605380805,-5.277951686376781,0.0037499098780068457,3612.745920733626,3659.7875299017373,3584.6900146484377,3526.9120043945313,3736.0245056152344,233,-61.129136924075276,6.635769959974724,True,33
ULTRACEMCO.NS,11000.0,12847.756783521221,-14.381940868394938,277160.59920634923,-3.576437587657788,-6.031095164872713,-1.46143952729485,5.732178439571767,0.002905767258999305,11173.247213049832,11338.148301974528,11572.14435546875,11409.6851171875,11551.223471679688,148,-21.24332769282121,11.08931527576189,False,33
SARDAEN.NS,524.1500244140625,637.3049486596227,-17.75522447825758,683029.5498007968,3.474491569484961,7.500450178353257,0.5755439665207085,-4.438610047546598,0.0024475836355672084,519.6085519237678,514.4643135386982,506.40175170898436,524.4402468872071,518.7434526062011,247,-29.175460830654522,5.69815152015849,False,33
STYRENIX.NS,2113.10009765625,2625.9669159348305,-19.530589481779614,39568.47410358566,5.286502125373693,-4.621977086154372,-1.9405005609787862,2.944028187387504,0.0019971590196786087,2090.658745580791,2111.541094019094,2226.47947265625,2234.688974609375,2091.5538543701173,27,-25.19326833503741,15.34111713786337,False,33
CHOLAHLDNG.NS,1528.5999755859375,2062.371871375786,-25.881457325820445,224767.81673306774,1.7167903859153455,-1.425161300175215,-2.410898240748327,2.9064098553155615,0.0032594124845821823,1523.7787865014593,1532.8517441123108,1565.8308032226562,1583.568341064453,1638.3908319091797,213,-36.773252632936874,4.864177157603211,True,33
GMRAIRPORT.NS,97.9800033569336,115.63999938964844,-15.2715289916334,17196989.746031746,0.5438752440114492,-4.873783148608157,-8.864290382229745,9.769214667275584,0.003280296469208235,97.46039242350875,98.68557523451314,104.43840042114257,102.99170036315918,100.39429985046387,48,-19.92390266095918,21.427817501729084,False,33
CARERATING.NS,1650.5,1822.6696635954045,-9.446015755580305,52237.0,-3.3891374143430353,-2.198386828789589,0.7922325945697528,2.03422538440281,0.0027276882493982844,1694.094521335293,1693.9812302487924,1688.639990234375,1667.364755859375,1618.3005059814452,84,-14.55386522548887,15.048886018626195,False,33
SPANDANA.NS,235.3699951171875,319.3999938964844,-26.308703940216883,314397.0996015936,-0.48622067245892575,-3.930614237882657,-1.2916761880786387,3.52759568874621,0.001887905042524686,237.25499413711398,241.76235752309117,263.2669982910156,258.48479873657226,250.798949508667,48,-28.500313249473376,12.099768675368772,True,33
BOROSCI.NS,125.27999877929688,180.8000030517578,-30.707966446531067,137556.66135458168,-5.205814688385191,-7.501479237276865,-19.189834376734115,20.230328645331408,0.0031430382881843704,128.07355497619028,130.41668969028103,142.57800048828125,141.95830024719237,127.58959999084473,54,-32.350666209015536,48.67021011991817,True,33
ASIANPAINT.NS,2472.5,2960.0187763517797,-16.470124454840317,1175087.396825397,-2.1683238147181982,-10.270368354200688,-9.248159331878004,13.526555155948007,0.0036526821050384445,2523.6542215312697,2571.1467167987694,2661.01599609375,2635.507644042969,2575.5709997558592,194,-29.16233802048599,25.884696438067877,True,33
GSFC.NS,155.9499969482422,206.26262456983795,-24.39250820478168,849495.6785714285,-1.173664022489107,1.4932720236322528,-3.7673639064258135,3.138547207530684,0.003064977135620695,155.5938661495131,155.383007832352,154.99437103271484,158.6283511352539,161.9663455963135,247,-34.790976337423054,3.0928858499865486,False,33
BALMLAWRIE.NS,168.72000122070312,218.6632249859823,-22.84024840870287,180426.4342629482,-2.2538683028476503,-0.8529318827340204,-2.4193264419672955,2.966311257116905,0.0006475336342500432,170.99228913180906,171.1809703298144,171.90296783447266,175.53232177734375,171.50558776855468,248,-33.80783150128852,2.273707363659394,False,32
UTIAMC.NS,910.0,1362.8249046583157,-33.226932022631836,162998.76984126985,3.3445020288791927,0.1651073197578512,0.1366503562943544,-0.6096569977762645,0.0016460397461729008,898.5281635617254,896.8259822842257,911.0996862792969,910.8727203369141,957.7954321289062,243,-36.77715007604236,3.1479158144920527,False,32
MMTC.NS,61.91999816894531,78.3499984741211,-20.970007179518436,6467964.416666667,-3.521349525528461,-3.083426576182291,-18.246633330623663,16.19440252421427,0.00034950742709304386,62.82340365191876,63.1542533918771,63.45440002441406,65.26079975128174,63.22899993896485,62,-23.54817780160672,12.35407246425504,True,32
DELHIVERY.NS,439.0,524.0,-16.22137404580153,3042551.717131474,-5.459245347326314,-6.645401382243488,-3.208022970912383,7.545317705024357,0.0018071537955469908,452.22220256632306,456.36643989160336,473.1040020751953,466.89800048828124,444.10000076293943,44,-17.01335761383289,9.364159283861007,True,32
DATAMATICS.NS,760.2000122070312,1003.5294156461148,-24.247361327462215,164570.59523809524,0.026365594016120042,-11.210206702550574,-3.9721761705049596,8.841547071713629,0.0010556119642546138,767.5382907336101,782.6929618379245,821.4822399902343,797.451167602539,771.636357421875,217,-37.42574516652382,2.993063046126987,False,32
HEROMOTOCO.NS,5221.5,6175.521739453033,-15.448439495535327,664050.0753968254,-1.4811320754717028,-10.743589743589743,5.313149489547508,1.7730476204615986,6.332738783773107e-05,5334.364054631624,5410.179897777614,5334.03287109375,5122.715786132812,5294.274338378907,193,-25.451131509188663,15.20181467814754,False,32
PNBGILTS.NS,80.33999633789062,106.0,-24.20755062463149,939460.8167330677,2.174741376324185,-0.08706295365055183,-11.801515459638168,8.552890175585336,0.0008076297924499295,79.84416699666698,80.02013861077772,82.8549998474121,82.22959983825683,79.7342497253418,244,-44.71698257158388,3.813897319444015,False,32
BHARTIARTL.NS,1831.0999755859375,2147.4734560986562,-14.732358139945468,7513649.015873016,-0.48369697902513886,-5.569594211735563,0.061783287680716725,2.8138424585444355,-0.0001821657052763732,1850.2907888944264,1873.0849045614195,1909.1756665039063,1867.86501953125,1906.7474035644532,203,-19.958609598845133,11.55412772838913,False,32
TARC.NS,131.38999938964844,186.3000030517578,-29.47396820323953,1037576.232,5.797565670907523,2.225161936912934,2.018795123111139,-3.9897745490322767,0.00034517671793769886,126.8627635023164,125.72163190851543,125.93579940795898,128.08399978637695,137.63489986419677,169,-41.43854176759677,24.544656446674608,True,32
SHRIRAMFIN.NS,1028.5999755859375,1153.699951171875,-10.843371836747217,6578457.079365079,-1.1911646891510586,-9.158356334039908,2.850449491352758,3.070788140761249,0.0013266236798723954,1047.9783157486168,1064.881900929408,1071.482001953125,1016.1819805908203,994.3643133544922,26,-12.19554105284988,29.472971357563594,True,32
ICICIAMC.NS,3041.5,3597.034549503453,-15.44423724203986,704234.4891304348,2.3763876258689587,-3.3523991102637485,-6.282735825452457,6.0287074498412085,0.0009382117283489285,3038.1949892749712,3069.323983777412,3117.8239990234374,3201.8414404296873,,75,-18.452269266275245,23.85370077223041,True,32
ENRIN.NS,3181.300048828125,3968.0,-19.826107640420233,620686.0317460317,2.10546903374238,-10.667749847035047,-11.848481949802103,13.743793482285692,0.0001996974194087538,3197.330554727456,3255.054109597546,3346.6180029296875,3413.8430053710936,3078.2824694824217,75,-22.505040322580648,48.13498000379954,False,32
LINCOLN.NS,623.5,767.8152546425441,-18.795570128354633,69515.10843373495,0.4214379615421926,5.469189356055493,-4.238599569911827,0.5506383101028245,0.0008465712043289966,623.5388871771551,617.5766418829274,604.6550146484375,627.3133013916016,581.503525390625,76,-26.01298188573985,26.833958153132965,False,32
AWL.NS,185.02000427246094,281.42985528309595,-34.2571511873374,3295711.442231076,-3.0242618673498645,-4.746705601296741,-2.706367025150691,5.584171261758031,0.0016999109016367013,189.02266656770428,190.62151982544927,190.80200012207033,191.9389535522461,200.39209037780762,202,-39.48744889504835,5.382544848446669,True,32
POLYCAB.NS,8241.0,10126.0,-18.61544538810982,369254.0753968254,-0.7108433734939745,-11.358502742820264,-13.672501977941575,15.105332463644515,-0.004024024938381162,8522.90846770508,8733.098852766721,9035.48,9150.92810546875,8322.4676953125,59,-19.830140233063396,24.853453176609584,False,31
PRAJIND.NS,322.1499938964844,422.8048706122484,-23.806461020661697,1901610.2430278885,-5.69379738276038,-0.6782833869684368,-3.296731383092011,3.6227277519402357,-0.002449647298212342,333.5736775463286,335.54437845011796,334.53425964355466,350.09897064208985,332.22409591674807,100,-29.66211212865213,29.190298527783675,True,31
JARO.NS,454.04998779296875,884.5923950482344,-48.67127613411025,270254.0168776371,1.8848858995913043,-2.1338558365302407,-16.7060510410295,12.671261975142567,-0.0018159309959874127,450.4259498612653,453.18371800171053,468.2972888183594,487.2205838012695,483.1400164794922,236,-56.910111653822035,0.0,False,31
GODREJPROP.NS,1748.0,2340.6858887816,-25.321034813864397,873154.7420634921,-11.806256306760844,-13.806706114398427,-2.1204077040413605,11.350912526535971,-0.00037724154153788783,1904.6456272757937,1954.8945254002363,2036.055146484375,1905.4997973632812,1852.327611694336,221,-39.03061453359808,16.422487602717297,False,31
GPTINFRA.NS,112.20999908447266,150.0,-25.19333394368489,350275.044,1.19949663059149,-5.602762268213102,-2.9325254622796115,4.637659568352603,-0.0002529660192631348,112.03636466658023,112.90702680127905,116.66480026245117,117.813491897583,112.99240207672119,57,-29.059997558593754,17.800693323650975,False,31
BALAJITELE.NS,90.62999725341797,141.32000732421875,-35.868955168185714,426632.0717131474,-2.726200456633643,-2.0428009708429617,7.026448897967841,-3.9427676532750255,-0.0015035263175161503,92.17856643987358,91.98767530246721,89.94199996948242,92.18330024719238,95.0570000076294,239,-50.80668480042429,16.010500930145312,False,31
5PAISA.NS,326.54998779296875,416.95001220703125,-21.68126196604486,173919.01992031874,-4.545459816753583,-16.62198573165865,0.2917634126674784,8.200795560329244,-0.004110958800751477,341.32895952485796,351.8519371622396,366.5969989013672,347.9358999633789,335.9923501586914,17,-22.688572570791333,15.555557294448885,True,31
RHIM.NS,375.79998779296875,504.94444206371475,-25.575973020503184,843411.024,2.31165146115182,-1.9701164508544755,0.744963084820327,-0.500446423160672,-0.0013954778787388386,372.35395199662764,374.9565668665081,387.91113037109375,387.598733215332,405.49059692382815,232,-36.445013116387784,2.3285041482821844,True,31
HDBFS.NS,669.2000122070312,796.6710965617623,-16.00046555032122,868157.2976190476,-1.977442472332358,-2.292307146647099,-5.417366888302033,4.444956309375092,-0.005034332193032284,679.2510036783361,682.667142749504,697.5860009765624,689.5539929199218,695.9977505493164,247,-30.49594890756523,0.6902685193495461,False,31
PETRONET.NS,287.20001220703125,322.6775170144611,-10.994724744283902,2954293.035856574,-0.7944690131152843,2.6264091274655454,0.4547108563484503,-2.0852037276201663,-0.002518333099619507,288.5678847052744,287.93385695785395,282.40100036621095,278.41661865234374,278.28888946533203,134,-27.89522139859414,12.252696003715924,False,31
ERIS.NS,1355.5,1730.7126256991257,-21.679660743652207,111952.896,2.55731634083487,-1.7967143339000957,-1.5256084271703552,0.8267255850180621,-0.0023060352684041384,1332.0386382424322,1334.744103922241,1376.8299951171875,1379.5336584472657,1404.514821166992,189,-31.0344839039846,6.5977497580480104,True,31
JMFINANCIL.NS,124.47000122070312,179.97938817095073,-30.842080037255627,3507189.90438247,-7.477884226474774,-4.010177390044523,0.7201807545408112,2.432919111146825,-0.003606020298354086,128.2028646600559,128.29228505952793,126.78280014038086,127.75389213562012,129.9487512588501,249,-38.711972172689244,-0.25495599383755785,False,31
CIPLA.NS,1366.0,1657.4505258313652,-17.58426699856852,1523810.1752988049,-2.05778677684475,-6.630211893369786,-1.1076557074695903,4.116522071654427,-0.0021750893993753846,1388.8555289279816,1405.6025971391068,1432.3,1404.0105676269532,1380.741205444336,222,-30.322771507030687,5.401067762533196,False,31
AIAENG.NS,4096.60009765625,5160.600958593338,-20.617770478171405,79596.86746987952,-3.754341893474522,-9.086902689887989,-7.99250327214186,9.855449548297424,-0.006483858896486381,4195.037183978255,4274.369022100725,4500.535712890625,4401.30103515625,4108.937209472656,52,-21.412251592463484,31.08553632877622,False,30
TRAVELFOOD.NS,1253.5999755859375,1459.2622453212896,-14.093578477394985,82743.90873015873,-2.5227545188685196,-9.374063195088834,-5.234927061881523,7.321003311962815,-0.007691648846839493,1280.8100909697175,1291.1257181862004,1306.133662109375,1269.7556896972656,1231.927322998047,25,-14.943233764235542,15.051947054582925,True,30
SBICARD.NS,655.2000122070312,961.6311031378486,-31.86576327771824,1477122.0239043825,-0.8774565496170617,-0.21321404674999878,9.03644293340089,-7.750790255961815,-0.0051977168667616475,656.3477753167047,651.8562831736798,641.7429992675782,631.262001953125,703.8673522949218,222,-41.19886405899928,8.767202713937937,False,30
APEX.NS,368.5,511.1200184186195,-27.90343036453139,914556.577689243,-1.542973467092379,1.1416052732643234,-13.088834452585264,7.114310453524797,-0.010069024464220328,375.87771463641394,379.2964971966356,385.07384399414065,410.28100341796875,374.9478346252441,102,-29.591834184613308,13.696819201703825,True,30
SRM.NS,439.3500061035156,649.9500122070312,-32.40249282993049,185007.1792828685,-4.974586286660609,-12.32288949269018,-12.645393092730595,14.369390364198686,-0.010078983093438005,454.83033579983163,463.8634751631396,485.87300048828126,495.2130010986328,482.082999420166,206,-44.4034157524697,14.668844031583216,False,30
ROUTE.NS,493.54998779296875,872.0426229622601,-43.40299719336902,511959.6812749004,-2.0053621018392143,-4.44538112433256,-5.200471422999442,4.8680580776725435,-0.007025306308812483,501.5886640680574,506.7396498814809,528.5924688720703,524.5325604248047,547.5376293945312,249,-53.42920905508658,1.8519641780628815,True,30
360ONE.NS,1091.0,1229.0652744329707,-11.233355730163897,986009.2,-5.541125541125547,-6.029285099052539,-3.5196362848914586,5.168988118779483,-0.007482652118787069,1129.1546392519986,1146.7751621609707,1145.6760009765626,1118.0790051269532,1108.5021432495116,163,-26.706839290450546,7.013944273369632,False,30
CENTURYPLY.NS,717.0499877929688,857.8455599050699,-16.412694626254375,91702.472,-4.162452888416002,-6.000528560383467,-4.436683750388615,4.819700860736709,-0.010194757817401943,740.2239342483124,748.3601309917948,768.0273889160156,767.1655804443359,764.9156259155274,152,-27.997670208857517,4.581008620831439,True,30
NMDC.NS,82.4000015258789,97.48999786376953,-15.478507199248348,22820808.103174604,-2.7154610451388117,-3.0588217342601087,-6.459297364693217,4.84795185841147,-0.0088191891740928,84.64267500670512,84.96870726992137,84.79279968261719,87.00889999389648,83.25433902740478,72,-16.863263075443513,17.49449893012067,False,30
DSSL.NS,1059.0999755859375,1923.9611771253476,-44.95211295435946,134494.732,5.593217904879122,-14.475606147321452,-17.33798720075306,16.743257387138822,-0.008398926443467665,1049.7573818697413,1081.5993336534261,1178.8550256347655,1282.0470233154297,1114.0720046997071,78,-48.5436602479063,113.7491603662136,False,30
GULPOLY.NS,174.83999633789062,225.86168963286522,-22.58979527599815,317943.6175298805,-6.005052684701207,-7.317030162473048,-15.43057448581272,14.073187223834571,-0.010638087571747175,182.25826308081471,185.65714861634422,189.05139038085937,190.1598551940918,168.6607978820801,25,-23.40445151136127,-0.7412780193047697,True,30
KNRCON.NS,125.66000366210938,220.0,-42.881816517223015,2517052.5992063493,0.8021819112973061,-6.628026488023863,-2.6570553668646135,2.3956994883978844,-0.010842239211752725,123.07265077841174,124.15419537870714,126.26520095825195,128.34060035705568,133.46695037841798,247,-50.61363567005503,3.8527492593420254,False,30
DEEPAKNTR.NS,1587.800048828125,1895.7415042243763,-16.243852588026897,213226.936,-7.969628244860605,-7.60009158114795,-4.29878787000344,7.079222893737391,-0.007749283442217257,1678.1824443787618,1702.9199329524524,1698.4371728515625,1699.4164428710938,1625.5666076660157,240,-32.78723241352862,6.859490668956125,False,30
ASHOKLEY.NS,163.75,211.80679384961218,-22.688976579161867,19996226.206349205,-3.106508875739644,-7.081652403166261,3.312302839116721,-2.406436443350324,-0.0169586509381233,168.53023434509782,169.8912591131895,166.63640045166017,161.02782501220702,169.88232719421387,147,-34.832119276919215,23.696201712048826,False,29
SCHAEFFLER.NS,3950.5,4445.0,-11.124859392575924,77971.0,-0.0025337329462749025,-4.248868413061013,-2.2443816754371126,-0.14029268486552837,-0.015794586324841754,3968.13862734022,3998.908039810995,4069.946015625,4101.511015625,3982.6278369140623,98,-14.260965182086615,11.154688771382904,False,29
ATULAUTO.NS,445.6000061035156,592.5698687930867,-24.802115400992474,379140.97211155377,-2.7546137612672994,-10.99346255743563,-3.5491387479056224,5.600979245279603,-0.012985038138737016,460.1182622452301,471.7655161022904,489.3828381347656,483.1517623901367,461.95169158935545,26,-25.772465110421894,29.214852878872776,True,29
CAMS.NS,711.0,837.8765073351432,-15.142626177534503,1428200.565737052,-4.870219858849878,-8.541294356674245,-7.768703164447766,8.016567142464638,-0.013192649495683113,732.5108152710415,745.159713598995,765.6322802734375,769.7372625732422,738.9757220458985,89,-18.723106085655406,28.839937389346627,False,29
METROBRAND.NS,940.2000122070312,1332.1929881655078,-29.4246388804575,67140.04819277108,3.018680442227173,0.5854749861145425,-6.093524509280068,-0.39170211757491025,-0.015657751583683585,936.3599032768352,939.815574262899,984.9123681640625,1006.9768957519532,1030.483346557617,244,-33.93547222620056,3.9659874583609422,False,29
AAVAS.NS,1275.0999755859375,1771.9000244140625,-28.037702013826006,179853.00398406375,-1.7491194627928253,-9.96328064191644,-9.25846712970918,8.077633735688705,-0.017140547192998425,1289.7080820529181,1311.5827226474682,1389.1720092773437,1392.211004638672,1373.7975030517578,208,-40.15463571288572,3.9573713496753538,False,29
TCIEXP.NS,514.5999755859375,770.6064470343156,-33.221428711584345,71260.2891566265,-4.932572105884326,-6.291550085059095,-2.758888186756503,2.22486726762976,-0.016892867765752984,539.3270010674088,544.3288145905584,550.4770001220703,537.0639999389648,537.8205503845215,239,-41.92236653153265,7.114515424916501,True,29
CCL.NS,1081.0,1238.748718225596,-12.734521207138583,342587.03187251,-2.375151058284408,-4.534413549037253,-4.357536010572183,2.2074038098421456,-0.01568697094870688,1100.5101970455269,1108.0570133143244,1145.8067993164063,1133.1585070800782,1068.224574584961,43,-14.502436208127033,12.775114675551812,False,29
SUNDARMFIN.NS,4710.7001953125,5612.405266256894,-16.06628581092776,69319.69721115538,2.898649963138933,5.304696609941373,6.01401613696364,-11.443851857780917,-0.014225315837211077,4649.955608982,4610.406487743838,4561.502021484375,4502.486569824218,4765.07439086914,132,-29.103155711844707,1.7322053458177944,True,29
CUMMINSIND.NS,5070.0,6049.821052103703,-16.195868335030994,553199.5338645418,-0.019719976336030065,-5.498602050326184,-11.156554725639168,7.540644303862898,-0.014324011038454305,5120.355649360841,5180.340781508564,5361.79875,5423.293232421875,4946.33081665039,74,-17.931456860636864,27.595401647633988,False,29
PRINCEPIPE.NS,266.6499938964844,352.163261858009,-24.28227961950309,269592.66,-7.569454714402768,-0.7468758721834723,-4.3138029209214395,2.112739756572668,-0.013553656195243357,281.2175250407607,281.7550701159062,274.4532666015625,271.5462222290039,260.0796152496338,248,-41.992078084064,2.7854274557122194,False,29
RUPA.NS,137.47999572753906,208.29375509813576,-33.99706310793304,218238.724,-2.7344374532085935,-9.710997476286066,-8.427972478861944,8.908169458364345,-0.011807672008909175,140.6411169283877,144.28198402215747,154.4076904296875,152.5346649169922,148.75936222076416,243,-48.68915525218659,1.7087434135873547,True,29
SURYODAY.NS,148.0500030517578,218.0,-32.08715456341385,885867.78,-3.5944546520773724,-7.980605622848147,-13.167145864281604,11.352584430799073,-0.01364676576742218,152.39798305343228,154.86004750921305,166.01563415527343,165.69162796020507,149.55699390411377,34,-32.68348623853211,19.001336801846392,True,29
INTELLECT.NS,682.5999755859375,1232.7256944645226,-44.62677474387774,510497.34920634923,-0.5898272313586528,-2.631768422836034,-9.27130462294803,4.301958051910382,-0.01645944573823328,685.1329011992611,690.0594862114282,715.2512353515625,722.3176928710938,768.5223849487305,216,-52.17740616621753,18.140139297764833,True,29
FAZE3Q.NS,489.45001220703125,650.0499877929688,-24.705788570383945,73312.716,-1.7957427365683287,-9.870173426165662,-10.887571742006141,8.682137353969143,-0.019470255399041504,491.180246362807,498.74635689409354,533.5720007324219,526.1194995117188,488.57950057983396,55,-27.23636506695183,40.04053432737964,True,28
DDEVPLSTIK.NS,256.79998779296875,359.34947541878313,-28.537536476518856,142554.82868525895,-5.934070405505953,-9.9894851803083,1.3257517831421595,0.6663981375066186,-0.019270192866669603,267.4553530875424,271.9905316982725,279.06699951171873,266.04140045166014,267.73181221008304,234,-48.47634223461381,5.238445535959424,False,28
THERMAX.NS,3682.0,5256.332008959298,-29.95115236777063,196958.76494023905,1.220582283697369,-7.986807523406469,-21.583215537653178,14.779194907101845,-0.02038589974766771,3721.961991435545,3837.052513215785,4187.391997070313,4384.8706567382815,3748.5529125976564,54,-32.14850215091089,22.615918458359374,True,28
NAVKARCORP.NS,93.58000183105469,132.0,-29.10605921889796,567949.6294820717,-3.961412678199283,-6.466767639533266,-8.889102652906367,5.955618381346883,-0.019739782390597378,95.28219640109276,96.68242040507872,101.26340026855469,100.86970024108886,98.31405014038086,244,-43.901512839577414,2.315364388410668,True,28
TATASTEEL.NS,183.0,219.86575104195882,-16.767391404641018,27854388.95238095,-3.066896282663356,-1.0008147375876297,-6.632653061224492,1.7786393213155227,-0.01785192765625,185.595952219547,185.85521460656733,186.65500061035155,194.52448272705078,190.62293281555176,85,-18.13186039800756,15.994436404826518,False,28
SILVERTUC.NS,152.49000549316406,1116.9160935696195,-86.34722819636235,613198.844621514,-10.152012493290785,-25.897173424053864,-26.77918259051122,31.180474431248186,-0.017562009387939427,164.75902247818428,173.82099003582906,188.55907989501952,178.99334487915038,242.7765520477295,175,-91.00630912740624,42.85809103639539,False,28
VTL.NS,566.2000122070312,682.2146139481268,-17.00558729894299,580776.5537848605,-3.8138131786162432,-3.5307402906487817,-10.473252682944533,5.4773485615631,-0.020385657562495007,583.1333128292641,588.534467288146,605.0314270019531,609.1845611572265,544.9296389770508,48,-18.251529532693834,9.27927640431534,True,28
SUBROS.NS,703.75,1208.590392245295,-41.771008232773774,166886.412,0.12400182008274196,-7.5148514581468095,-4.971729471930731,2.7889273757409905,-0.018665180009039106,712.6472188844343,725.8675283121052,769.4375244140625,763.7851684570312,776.0240493774414,237,-48.74351449396115,29.242419428138476,False,28
GICRE.NS,349.3999938964844,402.400829796409,-13.171154723199729,727718.9043824701,1.8955964175263906,1.9814935542403767,-6.287623846739521,-1.7326902420089607,-0.01993504898224726,346.36229129696216,345.1058425687717,345.2868572998047,356.6555157470703,360.08497497558596,105,-17.047494696581033,1.832750752723511,False,28
IDBI.NS,83.43000030517578,118.37999725341797,-29.523566277353563,16121623.416666666,-7.9443861485614775,0.6636137427419309,8.139985294997487,-9.492297647029513,-0.02016639336620321,85.78802783449255,86.37161848054816,85.3367999267578,81.11450004577637,88.2149499130249,173,-48.46257836032204,10.505878554198556,False,28
PTC.NS,152.77999877929688,203.5447632528218,-24.94034415931905,1445696.488095238,-2.245821650532609,-7.293691777836853,-11.765312381032956,8.701042630401545,-0.017324971827698994,154.5770161854293,156.1003890900961,156.66411224365234,164.76688201904298,155.03551582336425,91,-28.630558405319672,43.793075759369394,True,28
FORTIS.NS,887.7999877929688,1103.1298326042547,-19.51990041851538,1962429.9800796814,-3.237058551175065,-1.3555569118923638,-9.325940545177092,3.40218772492602,-0.020317243110786986,907.254016509616,913.728750355798,934.3082019042969,945.9931341552734,912.411169128418,225,-30.56235538406893,12.314304556656763,False,28
ARE&M.NS,813.9000244140625,1045.6583132078367,-22.163864224709663,797988.5793650794,-5.820410446941615,-14.21795585102198,-2.340463598968756,5.826231329836773,-0.01797278762654475,849.6620554542902,872.9259677888573,895.6639697265625,872.0174163818359,858.2517797851563,248,-36.30723084134948,-1.421520357472561,True,28
HINDALCO.NS,981.5,1169.8969824893504,-16.103724114962013,5647698.334661354,-2.8217821782178243,-8.993973110802045,-2.690582552606935,1.7396446611901206,-0.021922897412882236,1012.7259088411433,1017.88561828662,1000.53283203125,1022.4388873291016,967.0522372436524,74,-20.280612544846154,24.552290585015648,False,27
JSWENERGY.NS,526.4500122070312,615.2574202859911,-14.4341872443699,2938970.1904761903,-2.4821643021030626,-5.755453774444385,-6.333951847544695,2.980895954021201,-0.02107134357754111,532.6080965087468,537.7401557665211,548.0990051269531,555.8208068847656,521.5988536071777,75,-16.880320816160253,22.906120245378283,False,27
HARIOMPIPE.NS,359.20001220703125,571.557343009277,-37.15416019050235,308838.35059760953,1.055000667102468,-8.53068473609795,-16.28014860115612,10.812901116925499,-0.021595210140859786,358.51111197072305,360.23202682020246,376.5930017089844,374.3505017089844,366.1810008239746,243,-53.10182065343214,16.171120402953008,True,27
COALINDIA.NS,426.3999938964844,478.7148398145708,-10.928185543266311,9525976.777777778,2.6604039076900454,5.188019130713273,-2.9681225444324277,-6.302934916289904,-0.021079665129340314,418.937398504364,413.2884746110923,410.6988409423828,428.5884066772461,419.69578430175784,96,-18.353672033938317,11.061131245212641,False,27
RIIL.NS,710.75,959.630048784558,-25.934999544854065,102090.16666666667,-5.353220794135682,-4.469086021505375,-16.59821757578991,10.344890322470611,-0.0227064842746337,732.2659658875245,741.182107655963,755.2870056152344,771.9737506103515,759.3033840942383,233,-35.95954711981661,-0.26428685043949907,False,27
DCMSHRIRAM.NS,1000.0,1400.4767744012483,-28.595745514770556,153614.29083665338,-2.047215585684592,-0.990099009900991,-4.199022787932394,-1.4140026414356188,-0.02228049253502623,1013.4209039896431,1020.9828444145088,1027.0213781738282,1059.9169049072266,1102.225216369629,246,-32.77148646799293,11.716593155517007,True,27
ORIENTELEC.NS,173.55999755859375,215.64378647408492,-19.51541920293104,614878.9960159363,-2.576478526604764,-8.551555035396552,-3.8947522375060495,2.1420924978854394,-0.022795475318374257,177.00683478597057,178.88317508496633,178.4712451171875,180.58397659301758,176.95596267700196,216,-31.181035018015855,2.5079703776757167,True,27
GREENLAM.NS,234.6300048828125,278.54998779296875,-15.767361276210002,174285.85542168675,-3.9071111756866728,-5.581486968687122,-7.0440212867556085,3.4253417078690784,-0.02250078214185143,240.14612865388267,244.10331647100043,250.95220001220704,244.3414454650879,241.12038703918458,25,-17.031049815689382,13.271053891766948,True,27
INDUSTOWER.NS,388.0,464.0362575162202,-16.385844055205613,6391800.722222222,2.972402486696746,1.2526063778869334,-2.2217019951519923,-5.0354646004198145,-0.021329349144664625,377.8150882090344,377.681102675517,378.715537109375,389.17862915039063,402.20844161987304,141,-22.866041412433734,14.13055706024986,False,27
MAPMYINDIA.NS,925.7999877929688,1992.1530909053106,-53.52766853012035,315207.556,-4.418747560578618,-7.066856409497002,7.504594438479173,-6.210381907329843,-0.020880204693454477,962.3667595945155,981.8915984623865,1040.1113940429686,966.9281298828125,1127.3268307495118,227,-60.21021203648602,18.46359048048196,True,27
AXISBANK.NS,1246.0,1417.2070248903838,-12.080593864091671,6589107.760956176,-1.6574585635359074,1.300813008130075,-8.8678731153926,1.0093881080007083,-0.021621899461450718,1251.806177411702,1252.3494320437333,1261.717822265625,1282.493359375,1287.592202758789,152,-18.895855493345447,5.7465776807786195,False,27
TARIL.NS,288.5,552.0,-47.735507246376805,4630870.650793651,-4.136903705611605,-1.1986301369863006,-10.77779664317029,4.208052605976231,-0.022035343485190147,296.7492659853448,299.0498232941007,306.8559997558594,314.9635000610352,297.3528493499756,243,-59.4112313312033,6.303892759133833,True,27
MANKIND.NS,2280.0,2674.0,-14.73448017950636,474629.512,-3.7487355199969485,-6.292387962325419,-4.213756533656543,1.6133323105497421,-0.022521451803418444,2318.2880106620896,2356.6105447334894,2449.8479931640627,2426.77599609375,2282.87849609375,242,-28.582649544806472,-0.15775673937090673,False,27
INTERARCH.NS,1728.199951171875,2742.1363509030452,-36.97614815533367,94391.252,1.24194207216608,0.7171288098624107,-6.933027067780584,-2.8405658731582517,-0.029485145004083856,1720.6872001946576,1718.844340388008,1756.0744921875,1813.517032470703,1924.6378784179688,210,-42.08354486453572,23.91015452116325,False,26
BIOCON.NS,390.6499938964844,447.1499938964844,-12.635581073736923,3779352.0992063493,-1.6985405394239317,-6.988096691313239,-6.083044862873144,1.972930468310996,-0.026032146637425858,397.5055640417641,404.31200376068443,418.35,413.6555648803711,395.5181265258789,41,-13.977412692186864,2.4085063791248196,False,26
DALBHARAT.NS,1746.5999755859375,2484.339731207416,-29.695606697998954,294488.972,-1.3888875487864327,-5.148259344587036,1.8796488164551706,-5.61351705041181,-0.02850052799024223,1768.7529098266907,1794.2188805531714,1814.7459912109375,1792.2645263671875,1904.0334210205078,245,-35.584092038933726,2.755412185927497,True,26
MASFIN.NS,295.95001220703125,357.9301909358125,-17.31627571475135,147647.52988047808,1.1103518498322584,-2.027226350406608,-4.625346491614124,-2.4138894289269075,-0.026475698041530958,294.9834807948947,297.68987467483095,307.54340698242186,311.92228454589844,312.7242930603027,93,-21.213687154272222,10.020615311953108,False,26
ITCHOTELS.NS,153.69000244140625,249.5935228905489,-38.4238818934408,3452900.0912698414,-4.676544989106479,-7.9645503408898755,-2.54898490985066,1.0303518519020116,-0.024131192992830165,157.68510201193808,160.4224873522173,167.04799926757812,163.8430017089844,170.5036083984375,250,-45.348878348404334,0.3241604560339617,False,26
SKFINDIA.NS,1527.800048828125,4953.039658667183,-69.15429404740034,56021.456349206346,-1.6353272690091236,-4.887007259775011,-4.496510722696345,-1.204944434511579,-0.0297186516946945,1541.716496149676,1548.805984738836,1540.2720092773438,1583.2131372070312,1635.2729779052734,229,-72.32952540999959,4.103101660722808,True,26
LEMONTREE.NS,104.77999877929688,179.58999633789062,-41.65599369902656,3721334.2430278882,-0.10487235293321628,-4.012463114576503,-5.287895344262383,-0.6259518653521923,-0.026497292076282142,106.03435287507345,107.1414376552382,110.62540023803712,112.62870002746583,122.39585010528565,250,-44.53477218021668,0.0,False,26
ANURAS.NS,1219.4000244140625,1415.0,-13.823319829394876,326067.1474103586,-1.5580792377971608,0.960421851049964,-3.32963367584439,-3.764497836867009,-0.024684127910698437,1234.806602881785,1236.9092006375026,1239.0140087890625,1279.677003173828,1280.2920043945312,91,-15.738512450309184,9.860961693880288,False,26
INDIANB.NS,853.5,980.0229061203939,-12.910198866805956,2255815.940239044,-3.9662447257383993,-4.8494983277591945,0.4590424348085431,-4.168657478641091,-0.028962743991395527,868.0582801300419,870.6395401854757,854.291005859375,842.8093829345703,849.9387646484375,106,-21.506936705671333,5.427393952934256,False,26
INSECTICID.NS,609.7000122070312,797.9448095143943,-23.591205188980837,28629.8,-0.7245806448150538,-3.006675805433978,-14.102560905528527,5.749722507316446,-0.026046724943002808,610.4026814552909,611.9871091348432,628.3009985351563,668.791498413086,658.2690307617188,249,-35.008039478126044,0.0,False,26
SAATVIKGL.NS,395.95001220703125,567.0,-30.16754634796627,337441.9875518672,-6.70357730881409,-10.357708565911539,-16.843428062059097,12.421918933461807,-0.028261602892967228,412.4680797025725,417.13948459380975,430.025,445.9859994506836,420.26974990844724,231,-42.15167548500882,21.22758910862499,True,26
CRAMC.NS,238.89999389648438,348.31533559533113,-31.41272591740384,1175253.4692982456,-5.009942784698063,-6.716131119527969,-3.8760073524658156,1.1680898260436612,-0.025397867776976803,246.29052090218576,250.78036553090627,256.4816180419922,251.43880493164062,258.42802734375,221,-39.086548415299625,16.69163533345459,False,26
ARSSBL.NS,490.25,787.8320712122298,-37.77227179319358,750360.5774058577,-4.81506424245125,-2.853461621053377,-9.277861465429837,3.573888013658122,-0.02406001982621503,506.7653231123079,510.1097280654736,521.578998413086,534.4767080688476,548.0533871459961,206,-47.663079648044146,73.70666615437335,True,26
SONATSOFTW.NS,265.8500061035156,411.0263372414121,-35.32044494088675,1764473.392857143,-6.801049569319673,-18.23773301741093,-13.087880044660405,14.746122396506678,-0.023555666152096026,277.7053945646029,287.9301538031814,300.7577349853516,284.17145904541013,289.1837823486328,246,-50.47069681106468,5.603160136205365,True,26
GLOBUSSPR.NS,839.75,1252.800048828125,-32.97014948351047,126848.2,-8.688090283580351,-3.8637664567830576,-2.331936273276225,-1.6052506896804486,-0.02983243477569694,875.2554116191017,886.8799079822029,899.5869982910157,911.9430004882812,932.5850009155273,208,-36.13905199466274,13.292663715028885,False,25
NCC.NS,140.94000244140625,218.9304972416292,-35.62340367506972,2940892.123015873,-5.851699856657078,-1.1086175860857694,-6.411452672432427,-0.8070303968311987,-0.03053141463345069,145.49005315481418,145.3087455112852,142.5177603149414,147.52116424560546,148.83741569519043,248,-41.52310114206467,3.798689332752647,False,25
JSWCEMENT.NS,118.87000274658203,152.88278968659597,-22.247623169186593,3024385.154761905,-4.191179947636536,-9.314921356355931,-7.746841058296095,3.0230689781490128,-0.033969269922640634,122.14827349649957,124.33504209295062,130.58270919799804,129.06485298156738,124.1061559677124,249,-30.498526823371954,3.1573753175771824,False,25
SAFARI.NS,1544.699951171875,2504.019782423858,-38.31119218728273,56971.09236947791,2.331894744741647,4.118359166311425,-5.464540149948682,-6.465067563122606,-0.031685277624971975,1521.975903240593,1519.368819646635,1548.8227734375,1543.200665283203,1739.9805895996094,197,-45.63041226466643,13.85606329846465,False,25
ANUP.NS,1664.300048828125,2559.3896551627895,-34.97277581508911,44993.428,-7.948006148886888,-10.427174849816778,-14.583580147501474,9.677293757966488,-0.03384392125915891,1751.583335351184,1801.9419665905011,1975.7423803710938,2010.6473718261718,1965.5567736816406,243,-44.78649271166228,10.845533778584127,True,25
BATAINDIA.NS,648.6500244140625,1223.9851643268328,-47.005074626798525,275892.2301587302,-3.5823077794035707,-7.7960552001291035,0.11931435087386699,-2.822429142549021,-0.03010619169723626,666.1656299102184,674.9399984837021,676.5281762695313,671.44763671875,733.6485464477539,249,-52.82651369853244,1.6655994101580918,True,25
BAJAJELEC.NS,335.29998779296875,647.9607286405871,-48.25303865306412,394765.5,1.253206695749376,-5.973084112725391,4.743537249267971,-9.236323875787434,-0.03340764528504723,336.79270473703696,338.69720263275843,339.2680297851563,341.3233029174805,374.9045745849609,242,-53.96145269075225,0.6657003235311709,True,25
BOMDYEING.NS,111.2699966430664,194.79500862474495,-42.878414889255176,954296.0595238095,-1.9388424728731923,-3.729023290974065,-16.09489106945958,6.877407912429656,-0.030171930613481442,112.98771466570851,114.0135059188452,118.33250732421875,122.20040252685547,120.1603630065918,251,-52.92913910949548,0.0,False,25
HDFCAMC.NS,2403.89990234375,2903.739155124938,-17.21364165575959,951081.2749003984,-4.257612888540008,-3.4578352472389606,-8.34953708314632,1.131258992185069,-0.03169685866371661,2480.906814527557,2517.900327175025,2583.589990234375,2608.9892846679686,2572.95423828125,226,-25.66854515890078,0.07760181398435151,False,25
JAIBALAJI.NS,65.06999969482422,108.0,-39.75000028257016,2055604.549800797,-8.158078904416765,-1.1244459675153085,-4.896227073624216,-2.238578603398933,-0.03404996647391576,68.12293959957131,67.85515963552447,65.8842002105713,69.77290012359619,67.95000022888183,248,-50.32407266122323,4.352609933816498,False,25
JKIL.NS,475.8500061035156,672.0,-29.188987186976846,116039.45019920319,-2.4297735917392704,-3.154574093306217,-1.8562441758696147,-4.915577081320732,-0.03396996263124348,486.5046554538844,490.44148441014147,493.5840002441406,495.39350067138673,516.9072508239747,215,-36.75595238095239,5.316276017924593,True,25
GMBREW.NS,910.9000244140625,1315.8571912096693,-30.775160822986358,402046.1035856574,0.038442328898624645,1.6629491533551866,-0.32280475468454695,-8.073785451422676,-0.029899215434135352,906.6247647154213,901.8168485871103,908.3709973144531,916.5748272705079,965.1508850097656,171,-35.209535389686295,-0.9214727108137755,True,25
VINATIORGA.NS,1294.300048828125,1849.9000244140625,-30.034054178788296,54673.85317460317,-1.2512323914475765,-3.740884104649289,-3.1502525304424434,-3.9836759029580837,-0.03411846180390582,1316.8263830050157,1320.1355013528214,1322.007998046875,1326.1359985351562,1402.56849609375,239,-34.96945866677101,5.602997005735344,False,25
ATUL.NS,6244.5,7144.769440445724,-12.600398766535449,34473.11553784861,-3.4703972793322047,-9.454070905531786,-4.471133088822987,-0.4317128387894775,-0.037518789712022646,6370.777872334947,6447.786198513808,6484.673525390625,6610.62783203125,6395.4490649414065,90,-16.545962098750323,9.641468150538635,True,24
BANKINDIA.NS,140.0,172.71800537071604,-18.943019461399658,9885191.686507937,-3.4482758620689613,-3.3616313117482255,-3.8923582345139818,-3.7461822545241996,-0.036833342207204155,141.9039014757927,142.37751353673062,142.2686001586914,141.3691780090332,144.60447425842284,135,-24.57950652458566,19.77005739989055,False,24
HINDPETRO.NS,352.0,483.5386775606495,-27.203341462617704,6059497.051587301,-1.2622720897615736,-5.794190887229689,-7.880875408080867,0.375487721548029,-0.03499132920227144,355.91861324371024,360.7178891186623,369.7962713623047,369.42502838134766,385.6463909912109,173,-37.81099591194317,2.679597700668701,False,24
SHAKTIPUMP.NS,493.79998779296875,912.1978482724178,-45.8670080478527,1593770.4365079366,4.397460421346455,-2.4207094744584046,-9.782363733541011,-1.2270831078552313,-0.034699382159614316,484.0096712559488,489.57185273425034,518.0331182861328,529.436369934082,566.0283447265625,249,-50.06889451122139,9.610631521082391,False,24
BEL.NS,404.3500061035156,472.8081629796919,-14.479055616287372,14280328.162698412,-0.24670037867092764,-1.4981714729560003,-0.6504858511154343,-7.851856828335224,-0.03660192819127013,406.88333116652245,407.23075589909826,405.8715234375,412.6730337524414,417.7933151245117,131,-19.273416941841724,13.182794670012242,False,24
BALKRISIND.NS,2164.60009765625,2765.3795041598637,-21.72502564656613,256417.652,-6.990931455262938,-13.308495241462504,-0.9290511284288261,-0.15947544492546095,-0.03703297710317627,2257.126249617869,2292.275605914987,2273.1715478515625,2224.536925048828,2284.0354693603517,146,-29.009007318021307,15.837388334030722,False,24
DHANUKA.NS,980.0,1617.2853743124303,-39.404633494776064,54976.66265060241,-2.9847075865340966,-4.548549078878561,-8.661645584439482,0.5002378508299765,-0.036065791094289756,988.1607591433931,993.6517491413733,1012.7297033691407,1051.019927368164,1071.3250650024413,236,-45.099978203876134,-3.3662983108844413,False,24
SBIN.NS,995.7000122070312,1212.8384373028666,-17.903326479222738,12352568.952380951,-2.007672853957365,-8.060940701105146,-1.9304615208893483,-3.185524073133328,-0.036663035111369015,1015.0698829218854,1026.9498300768505,1038.4939965820313,1022.4306799316406,1030.4893865966797,138,-22.998810419392115,26.76027645629917,False,24
TIMKEN.NS,3302.39990234375,3921.832239688061,-15.794462880788085,54751.832669322706,5.666651225440922,1.2912877000617495,-9.059041571582348,-4.073046327525431,-0.03522008339928435,3194.0828986281167,3186.671333054273,3184.4329052734374,3373.9213671875,3282.7367834472657,59,-22.672608860384212,5.770847032011628,False,24
RELAXO.NS,324.95001220703125,503.95001220703125,-35.51939590517635,647428.472,-5.524058533413712,-22.07433760023232,-4.846262896916176,6.663390355243037,-0.03755796100365473,341.0004523378065,356.4636944959923,386.8130029296875,358.42970092773436,356.7476502990723,245,-53.07074228170834,0.9915001569104964,True,24
REPCOHOME.NS,359.6000061035156,453.7097447808215,-20.742278463242727,145422.54365079364,0.23693549923780033,-0.6904170002375865,-7.948288308740247,-2.415195087241351,-0.03464954377642352,358.80719084243594,362.02326296678126,379.5829998779297,387.4174993896484,390.01710189819335,214,-26.472814405899214,15.723024058008006,False,24
BPCL.NS,304.5,391.6499938964844,-22.252009512227566,8442717.527777778,-3.547675569833819,-3.3333333333333326,-2.4351188577019456,-4.635135721509931,-0.03606024169564605,309.6692339437264,312.4433545484622,314.6049993896484,307.84650054931643,324.9440606689453,151,-31.92901563685975,10.639946959344737,False,24
COCHINSHIP.NS,1381.0,1970.7277578579542,-29.92436451491137,1368947.9404761905,-7.878058669154275,-8.360982083609825,-3.534505200394933,-0.3247924936845892,-0.03650270841229708,1490.4837061189987,1491.7974307614945,1459.63599609375,1501.9039965820311,1506.626773071289,244,-39.76844364894989,16.61361344640313,False,24
PRSMJOHNSN.NS,113.3499984741211,176.0,-35.59659177606756,1004041.368,2.0068355583330533,7.512091573575108,-5.972629112705552,-9.450392876030023,-0.03868844013675348,112.31944654157688,111.28076943730412,110.1177995300293,116.62479972839355,122.46739994049072,244,-44.82954632152211,10.985860073279241,True,23
ESCORTS.NS,2899.699951171875,3923.3920175282797,-26.0920158317834,125063.93625498009,-2.635820337352146,-7.239284991302785,4.691406754768246,-9.20456176867609,-0.039858417130357336,2981.84767989146,3007.182060375632,3013.382001953125,2970.4085327148437,3200.081337890625,171,-31.951986379110377,11.272044719039954,True,23
STARCEMENT.NS,195.13999938964844,278.27536461840623,-29.87521563138,291085.48,5.78413731139924,-2.3078851616278206,-8.791772763214468,-3.8577138414363943,-0.04063780666724538,191.86611423982896,193.00510249953885,199.42559967041015,208.53569946289062,212.3083824157715,246,-35.27274850068648,0.27593883100247574,False,23
GPIL.NS,244.4499969482422,318.68479368531104,-23.294113245444915,2638864.162698413,1.5706148701772893,0.8831659490776689,-11.338695202498506,-2.4214594551069113,-0.04036497665959053,245.7982310268835,244.83284277007112,244.56336639404296,263.2110762023926,261.212906036377,82,-28.653123700973737,21.99840010746623,False,23
UPL.NS,572.9500122070312,804.4134581804076,-28.774188648826104,2504108.007936508,-1.580350737989078,0.8448451265876455,-5.989100511264677,-5.0712177244913175,-0.03814283291657308,575.3739835080033,576.2610353880968,584.9892358398438,602.5765911865234,649.7564468383789,174,-30.663625854838727,9.722516339473831,False,23
HCLTECH.NS,1206.0999755859375,1729.0085007948294,-30.243259357516727,3230365.0793650793,-6.749655727559912,-11.963505431683396,5.126266481886876,-6.31207244042672,-0.040546156906972955,1262.9005500556007,1284.0350144977199,1279.9105493164063,1211.2626483154297,1346.8721389770508,153,-41.03032324952367,1.4605517079847363,False,23
BANDHANBNK.NS,176.52000427246094,218.86288600994448,-19.346762034180433,10655783.142857144,7.014251311474218,1.22233307357833,-17.850849962530734,1.453038127977968,-0.03828147991704945,170.48124020719803,170.80530362004828,179.15314544677733,189.7950798034668,173.0426789855957,42,-27.242115647726283,12.682804297095451,False,23
GRSE.NS,2427.5,3339.0,-27.29859239293202,1309487.2908366534,-3.2791476303681066,-5.779378512174905,-9.055145946101195,0.15265084154378883,-0.041392739126846344,2505.214494402987,2541.99161363729,2594.31,2674.775,2558.468214111328,96,-29.329141923573676,26.798163217872716,False,23
JINDALSTEL.NS,1120.5,1303.865138167474,-14.06319816366789,1323593.7091633466,-2.139737991266377,0.9448247216250483,-2.348287295827012,-8.366817200149102,-0.04076221923609372,1143.7915627743166,1138.4317714492784,1095.8718701171874,1138.1979675292969,1128.5995944213867,102,-22.668811109341537,6.424449136954391,False,23
ELECON.NS,422.1000061035156,632.5128493651639,-33.26617688049088,710876.0396825396,-2.685877555385452,-4.782310460913886,-24.137313518628332,11.205141460928104,-0.039841873189385806,423.7409870776595,427.74437549558047,443.6809991455078,482.91745819091796,458.13702377319333,245,-44.50702747962576,5.338977374856113,True,23
BERGEPAINT.NS,458.04998779296875,590.094751424942,-22.37687478377257,471781.796812749,-6.786733113094212,-18.17613473004045,-11.145889893088889,9.181041550006896,-0.039852506052414194,480.8834088704016,494.62109166526085,508.0517108154297,505.1066946411133,493.4232751464844,202,-34.21915381636437,8.815251002542634,False,23
NGLFINE.NS,2657.199951171875,3599.8325981661596,-26.185457831413718,9666.996015936254,-9.643637545818917,-22.006459110810273,-14.488801487740055,13.935531147034741,-0.041380835642520666,2785.091529437095,2878.703471424416,3098.8336279296873,2879.663908691406,2366.4180865478515,21,-28.466115369696155,16.336207712245642,True,23
SURYAROSNI.NS,214.27000427246094,308.0746845932235,-30.44868176839023,628917.2857142857,-1.0254520598518946,-2.737431982378813,-17.679585832568012,5.04489939667101,-0.039359475935629516,217.07019148764454,219.8883770429674,231.41865783691406,240.3043536376953,239.23093971252442,211,-39.88253189981289,1.4534421793292562,False,23
REDTAPE.NS,116.0999984741211,161.05605346448013,-27.913297279616877,630883.7250996016,-1.1746721513274938,-7.76197986753936,-13.234867162180963,3.396573862824881,-0.042816937921649575,118.47185630855223,121.11366410439925,127.11810760498047,129.35326103210448,124.84490856170655,244,-34.23241516119647,15.98041028195929,False,22
NUCLEUS.NS,696.4500122070312,1066.8741885000632,-34.720511592263534,42315.04,-5.88513348553632,0.5341049739489456,-4.23909282473619,-6.446677501083464,-0.04332091201618086,718.2223057126187,722.9025325078833,728.9887194824219,745.0811639404296,795.6277856445313,244,-36.39380442319371,3.0127537822649098,True,22
POCL.NS,454.1499938964844,647.5999755859375,-29.87183276441956,797029.4581673307,-4.610378476294075,-7.240606978165786,-11.685204861353437,2.841935602244283,-0.042779464607708824,473.8486581044999,485.72198539150645,517.4575994873047,529.4351989746094,512.826199798584,85,-31.277022147770307,46.620469259202714,False,22
DCAL.NS,167.25,321.95001220703125,-48.050941556588846,404413.7091633466,-4.08877433373398,-15.743073047858946,-5.052508773695729,1.228664062642859,-0.04581779049996763,172.2672533845301,175.3793761260267,183.97980102539063,184.3924008178711,194.1484503173828,242,-60.08697153974091,14.72346524582786,True,22
SIYSIL.NS,535.1500244140625,827.1631369466097,-35.30296497623002,93376.9920318725,-4.206569224560197,-15.176731065896876,-14.698409449284656,9.184689832113513,-0.04191650037575386,553.3122371789774,571.2822285268385,607.5045239257812,600.3702331542969,581.3567797851563,214,-48.385897965547564,22.440347920082736,False,22
GATEWAY.NS,53.349998474121094,62.799670980180835,-15.047328048967001,945175.9003984063,-2.1100945428970785,-2.8233205986837095,-9.126196710646607,-1.687194279075055,-0.04188410298850454,53.751987808411805,54.131002898117956,55.78040962219238,56.19557716369629,55.945069065093996,246,-25.056815675096644,3.7171158696410966,True,22
TCS.NS,2200.800048828125,3287.1616459496977,-33.048621094132734,3714231.448412698,-4.479164547390413,-7.334734786184216,0.6305991925865451,-6.954105533481181,-0.04507325867592393,2259.3513928894777,2285.5387179664967,2286.745529785156,2258.164989013672,2530.7375299072264,153,-40.19093885631243,1.412282527853126,False,22
BIRLACORPN.NS,825.1500244140625,1328.8254130627743,-37.903804645623374,90343.60557768925,-7.009630121509036,-8.52502238451953,-16.35376183099291,6.834968372110817,-0.045781086895083554,855.832937695352,871.658796303756,911.2883520507812,941.7039807128906,965.1573587036132,234,-42.82742408541239,-6.38298161529881,False,22
DOMS.NS,2121.0,2750.437480198048,-22.884995013692322,119405.13545816734,-3.970659352138073,-4.9262379724405285,-8.188494140205583,-1.3686947338568345,-0.043863396653063214,2183.1866067303868,2199.7633050692984,2240.2606591796875,2246.520869140625,2327.2227978515625,150,-26.537202663272673,-2.4637333982421628,False,22
CRIZAC.NS,186.67999267578125,351.87518741541396,-46.947099610239896,392363.75396825396,16.463909473462767,3.5328019540999067,-13.058871267470117,-7.405390550752145,-0.04526866262375635,173.97545234055806,174.43118803972797,182.93719970703125,197.1172004699707,217.65266380310058,251,-54.54354195216109,0.0,False,22
AADHARHFC.NS,456.79998779296875,563.0,-18.863234850271983,402089.06746031746,-5.532003034907107,-9.22099031964494,-5.814435506604376,-0.6416557274673718,-0.0439839131038796,470.9411251907887,476.3223002584656,496.085,492.3779992675781,483.98574935913086,49,-19.715808170515093,11.54540124437582,False,22
TTKPRESTIG.NS,537.2999877929688,762.9636442781316,-29.577248952493886,257657.84462151394,-7.9887016763214636,-8.357496336381065,1.6185321539145425,-6.086758279249249,-0.04419513100433697,561.0185080587712,577.2244256560579,614.6409790039063,574.9765756225586,563.4690057373047,219,-45.15041604845462,6.387879061161739,True,22
KRSNAA.NS,550.0499877929688,894.4000244140625,-38.500673884337566,80180.96812749004,-0.16335863401782946,-4.1307210818355085,2.0974455300174055,-10.093167903248801,-0.04250513582063184,556.3432268973366,556.2576501773171,552.8760021972656,556.1594995117188,615.3654998779297,241,-42.419500677296405,0.8576548191818079,False,22
GHCL.NS,421.1499938964844,649.6824619687275,-35.17602543552169,171583.27091633467,-3.748141779001535,-2.3646718587465254,-2.993033968078096,-6.666902475123104,-0.044124197301221295,430.8886692786659,433.73213607925015,435.19199951171873,443.87842254638673,474.0548580932617,217,-37.559951241813884,15.457463318086884,False,22
IREDA.NS,111.70999908447266,161.41304312978065,-30.792458330238738,7816091.738095238,-1.0434063869417254,-4.212715038961445,-10.856703430482451,-1.566804482949613,-0.048306164688110415,112.7394712885384,114.11407277614654,117.79089874267578,122.76968505859375,125.14134719848633,244,-33.486381700114755,8.477119287720324,False,21
GRINFRA.NS,855.7999877929688,1341.5660703794995,-36.20888253748981,69263.66932270916,-1.7563986019718758,-2.9650234199354975,-3.315826222851026,-7.12968119446894,-0.046152648888271704,866.0221741848529,873.2371095808345,885.0389990234376,902.3024987792969,926.2921667480468,243,-41.48629595425436,1.2753139262657642,True,21
PRAKASH.NS,123.13999938964844,177.0,-30.429378875904835,551151.3611111111,-1.9820090091594689,0.49783776742731156,-18.612031126315443,1.9624102115250786,-0.04897278600715087,125.48955249460803,126.47076946044224,126.88359954833984,136.1922003173828,133.4253003692627,240,-37.71751533120366,5.299468632195237,False,21
EMBDL.NS,55.279998779296875,105.69999694824219,-47.70104032607904,3208635.605577689,-5.649430559260404,-10.781149780310129,-10.05532118001138,2.2189291930702293,-0.04850197688763388,58.449530523695614,59.90385988505868,62.04800010681152,61.25249984741211,60.77284988403321,245,-62.667927886700966,11.038892678520718,False,21
TENNIND.NS,506.3500061035156,657.0,-22.929983850302037,2034647.4417475727,-2.1640386346474694,-5.07124429554745,-10.13399678169411,-1.3155271494046938,-0.04797062616844347,521.2013688138426,530.1597316641418,548.9870025634766,572.4135018920898,551.1255017089844,92,-24.231356500309175,20.542242068140236,True,21
EFCIL.NS,185.17999267578125,335.8500061035156,-44.86229289550613,487293.3015873016,-4.170985607671152,3.713239714760208,-3.148537849658306,-10.636043053318867,-0.048734291940401124,191.4253191425192,192.4004740650742,191.97800048828125,189.43569290161133,218.93184631347657,232,-48.95935832851816,2.589747493916983,False,21
HGS.NS,381.45001220703125,546.3499755859375,-30.182112335972544,39684.248,-2.9389281915951027,-6.220033876574982,-11.00093169039682,0.43444562061489833,-0.04664400853347593,390.79654087197184,397.4718063289621,412.817998046875,414.19749938964844,413.52849945068357,248,-37.39361159005554,0.975291077192808,True,21
COROMANDEL.NS,1929.0,2486.7668094210435,-22.42939737284414,316751.9246031746,-0.5054698051017881,-7.65032770454871,-6.254398115877113,-3.5718058141759323,-0.04885654281853427,1948.7623863169954,1965.2308169724365,2017.956796875,1966.1444653320314,2081.2865130615232,183,-31.443506176461035,8.987983928989696,True,21
NAVA.NS,551.8499755859375,732.5560380476754,-24.667882465802215,483101.6175298805,-0.960164483827386,-6.33910995371294,-7.727048716982332,-3.2136065793479496,-0.04967395685959206,558.8382325907843,561.836192262885,570.7270837402343,597.2853753662109,580.7664199829102,88,-26.021103257096033,29.26290066122348,False,21
KANSAINER.NS,188.60000610351562,260.8927950067185,-27.709768259924992,478392.9116465863,-3.3365765396294877,-9.409671986244438,-11.828957984236332,2.0458811783439446,-0.04945926975145158,193.47829401954974,196.60109998202032,201.339599609375,205.40722396850586,206.79707122802733,177,-40.1856042357826,-2.917837314852234,False,21
PARKHOTELS.NS,110.7699966430664,163.5856890825765,-32.28625482810371,294176.94444444444,-1.2569118009213676,-8.340920114461747,-7.429388891000022,-1.4150978628053479,-0.045887310154066316,112.32665652291749,113.97786987509964,119.80699981689453,120.40689979553223,122.24644996643066,251,-41.86533124782357,0.0,False,21
ITI.NS,262.8500061035156,372.8500061035156,-29.502480407485987,2565917.7729083668,-2.0860517224327246,-7.283948464368384,-12.891464423027132,1.5060798272395148,-0.04930402261129283,268.71733568718435,272.4206635859998,279.6740008544922,288.9660006713867,288.414500579834,232,-36.43556494023474,16.059228136632164,True,21
ORIENTTECH.NS,249.63999938964844,466.7272644042969,-46.51265987036901,1517444.650793651,4.71915769487119,-2.005888365201791,-4.444019372383378,-8.405793223048297,-0.046247850044875714,239.25282702156912,242.5533970366709,254.25280059814452,261.2827015686035,286.11496887207034,234,-52.69185670274182,48.33595687104262,False,21
MARUTI.NS,12400.0,17197.28603290768,-27.895599478475177,431189.7619047619,-2.3160548290530936,-10.823444804027327,-8.519951283070071,-0.5278893786400896,-0.05163435580087832,12788.173389480717,13074.187148679654,13547.0840234375,13391.358935546876,14077.043061523438,173,-29.758203199063303,10.827564479510855,False,20
NFL.NS,68.48999786376953,98.29790788086136,-30.324053339181432,1392418.4422310756,-1.1357724433198602,-3.321445667912515,-8.124717403136184,-4.738710410644165,-0.0511076576311301,69.12536838377108,69.56847106118748,70.61628463745117,72.80549179077148,75.65245494842529,248,-36.518132488381546,0.37513941153390906,False,20
GILLETTE.NS,7307.0,10255.650929658823,-28.751475161186246,26767.93253968254,-0.07521367521367006,-3.0223223028486457,-4.530629462067659,-7.689208230850508,-0.05046857959051597,7393.086238536756,7427.041138590055,7581.67037109375,7675.570263671875,7839.586865234375,245,-30.298519578244154,2.9025852000049035,False,20
NLCINDIA.NS,264.3999938964844,387.79998779296875,-31.820525472105686,3497629.5476190476,-3.1679158700578136,-3.6267585149157955,-15.648434008721534,1.8882442761018803,-0.04981375782164648,270.619670627077,273.889387598799,286.3419964599609,308.0239990234375,282.88892097473143,86,-32.104178421600594,42.92870670384754,False,20
CHAMBLFERT.NS,418.79998779296875,545.6900936155047,-23.253144469201814,839593.9322709163,0.11953144025609319,-5.313136027261178,-10.474637975904699,-2.2253517293444047,-0.05083206145935798,419.04481995654794,423.86778986227233,436.76904663085935,445.87897430419923,442.35868255615236,246,-27.717527695813025,2.015656689932954,False,20
SANDUMA.NS,190.35000610351562,272.33215508462166,-30.103734520674486,2978972.3253968256,-3.7810219169521764,-5.734654084229307,-11.392247539590617,-0.42436339504126064,-0.05112452628434768,197.4181611462844,199.47686187175051,201.73767578125,210.11513427734374,210.15882789611817,173,-37.54212581763986,26.838912494470502,False,20
IGIL.NS,314.29998779296875,386.08705544308634,-18.593492487784225,703896.3452380953,-2.843898672961742,-8.23795448419955,-13.619521971830139,2.5322391232408092,-0.05004941706388802,321.53329738868644,329.0800188074671,340.2564538574219,346.97373840332034,334.76724990844724,247,-26.78570879956529,5.792137653141749,False,20
TRUALT.NS,416.3500061035156,542.0,-23.182655700458376,368747.27118644066,-2.092885102053943,-14.917747847040552,-15.829372032571909,6.8797379413062965,-0.05189754512862559,424.67073498188734,432.9987995528473,441.23500061035156,462.3385006713867,432.64675033569335,67,-24.66789893118658,24.786013112334015,True,20
KEI.NS,4578.0,5899.0,-22.393626038311577,369617.93253968254,-5.608247422680412,-20.918984280532037,-15.009746588693961,10.1010101010101,-0.05207141534578598,4903.546749372056,5116.319572085585,5234.0219921875,5235.265009765625,4810.044359130859,18,-24.614341413798947,3.837876614060254,False,20
CEATLTD.NS,3278.5,4393.1588210528225,-25.37260468961816,171586.26984126985,-1.6410642017633426,-11.307994048424186,-3.2918505380698293,-4.56810729800059,-0.05240503310482356,3346.7117628487613,3416.3276554596196,3545.4870849609374,3429.4712231445315,3552.622668457031,223,-31.02298777874257,30.17184890571807,True,20
MAZDOCK.NS,2339.0,3039.742679715149,-23.052697334920946,1246613.637450199,-5.456750202101857,-8.180930798900343,-3.9820242105901404,-4.095999458643651,-0.050148682266247566,2442.7175358108398,2472.0311788047743,2451.480986328125,2480.80775390625,2453.707322998047,243,-32.43860620233584,6.6060101569549445,False,20
NATIONALUM.NS,361.0,443.3731066930094,-18.578733227057086,12165286.857142856,-3.5017390777296042,-9.633580982091027,-1.2907369527973667,-6.100333924629253,-0.051042447598820775,373.46098936992695,376.4834580310274,368.5842059326172,379.6274700927734,364.4669181060791,73,-25.444315581408794,7.040294247627155,False,20
WAAREERTL.NS,831.9500122070312,1358.0,-38.73711250316412,635877.6626984127,-3.1433726778377635,-6.700683994846401,-14.28056023174179,1.8610360828933192,-0.05194227703118266,848.1932950640396,864.3871634029001,917.3210034179688,953.4289996337891,936.7347491455079,221,-42.59941089837997,18.4562017307641,True,20
CANBK.NS,124.0,157.68821233301085,-21.363811431806358,25673547.404761903,-1.195219123505975,-5.918059841542456,-6.647595956736863,-4.892713145016991,-0.05254497925686944,125.27996510341977,126.38540129143762,127.24360107421874,128.05898208618163,134.84422157287597,136,-25.231749242517367,2.562775113784843,False,20
KRISHNADEF.NS,1065.5,1398.6358552528313,-23.818626842839684,119942.904,5.631008932843229,-8.853721129170234,-12.34163937231597,-1.0172393048575534,-0.05317030866187537,1054.5864126159418,1067.3004491263464,1165.4128210449219,1169.0240362548827,1042.4551034545898,57,-30.982751216650918,23.211790387760843,False,19
IGL.NS,151.97999572753906,219.28693712723197,-30.693548043238383,2903904.605577689,1.7132897804611247,-1.6565275461439155,-10.399716954042637,-6.133041634223712,-0.05733108271084947,151.9899802303293,151.55215050243768,151.7532000732422,157.59750061035157,164.91298080444335,232,-35.36322438991183,2.074721469384122,False,19
VAIBHAVGBL.NS,212.5800018310547,286.08045169934377,-25.692230780428982,586403.664,-1.2633540093583973,-8.70517661204171,-11.125591458651929,-0.45704334838162497,-0.0538786550029241,216.97189100375817,222.00006692587658,238.5343508911133,232.04388412475586,226.72911285400392,216,-39.89354502924456,17.540341397016725,True,19
EIHAHOTELS.NS,287.45001220703125,411.40621788938364,-30.129881438904494,20911.088,-5.397397915765456,-1.8439452907423215,-5.79817794267119,-7.1671374756242745,-0.05514837222776077,295.40682586389994,297.98829245218343,306.2661779785156,310.0558764648438,320.18255783081054,248,-35.90144665399566,1.6552590022820945,False,19
JIOFIN.NS,229.89999389648438,320.84859669700336,-28.346267908538557,13794832.346613545,-3.179618087509817,-10.212847156090533,-3.791582226552437,-4.8561503278692575,-0.05440466039082522,234.91356299663857,238.6401472563315,242.71783447265625,241.0881213378906,253.4998892211914,244,-30.5659166365325,2.027668761299206,False,19
SPMLINFRA.NS,171.6300048828125,288.75,-40.56103727002165,619954.4661354582,-0.9693570477451896,-10.301030538472421,-8.204522777845513,-1.948119592158637,-0.05397746482686112,176.84857968000688,181.26035499837062,190.6520004272461,196.91039993286134,188.2693000793457,249,-47.70216640455899,2.2907558825051355,False,19
INOXWIND.NS,76.5,159.3000030517578,-51.9774020499268,11356350.67063492,2.822578536360165,3.2388685226722336,-15.739619750442579,-3.8823928635106197,-0.05344811512366558,74.99884181476816,74.73562964633318,76.6231997680664,85.03619972229004,94.95259983062743,219,-57.313246266601595,5.212827125458008,False,19
ALKEM.NS,5087.5,5875.534417311879,-13.412131754176905,134553.024,-2.0315809743886026,-7.162408759124084,-4.450596431790277,-6.381237503249282,-0.05523313780100473,5198.974886101325,5284.641140749955,5488.17763671875,5445.034858398438,5487.904428710937,165,-14.033351840854547,2.4550063836559,False,19
VMM.NS,101.70999908447266,153.39999389648438,-33.69621699391499,14071947.912698412,-4.173733117251011,-4.943926089277895,-13.03120843219363,-1.050687636380343,-0.057357961137909065,104.75679980199673,106.14891383732026,109.37400009155273,114.87969985961914,118.74824993133545,245,-35.61277667995395,1.2898094502838964,False,19
JYOTHYLAB.NS,195.05999755859375,322.3205819005819,-39.4826118740506,633663.8968253968,-3.2152406189372096,-2.460245161545316,-3.152702552411457,-9.616530419859249,-0.05605996027869921,198.59525237088272,201.1759401676915,202.1498001098633,207.70536163330078,227.6546881866455,251,-41.64195007517885,0.0,True,19
BHARATWIRE.NS,172.47999572753906,262.0,-34.16794056200799,515561.0796812749,-4.400843876503768,-7.863248643520526,-18.379713349663675,5.511711286201937,-0.05321963606772808,177.35138214360862,182.10631318229173,194.62739959716797,207.36429962158203,191.2669499206543,88,-35.68702290076335,54.13644071974824,True,19
EUROPRATIK.NS,245.6999969482422,389.6640172803993,-36.94567985438637,369944.9835390946,-6.843603052799175,-13.195545824239874,-11.824869072303933,2.935064946687871,-0.05696904213143923,255.9952479203949,264.00286887971714,288.72200073242186,278.3427001953125,271.79239639282224,206,-47.41025562751934,53.71607928475299,False,19
AJMERA.NS,116.75,221.39999389648438,-47.26738788683684,491448.374501992,1.1260312569264297,-0.6213852026507483,-12.742901840713984,-4.428621070668326,-0.05605992895319032,117.3453223408078,118.209828771277,123.23280075073242,124.2289005279541,138.81790035247803,215,-55.7226732241326,8.47560590301133,False,19
SRF.NS,2482.39990234375,3198.0092293385956,-22.376712375618947,475557.01992031874,-5.143297579528083,-3.969056002176019,-8.578699079916664,-5.2995997736409395,-0.06001590591819387,2542.722373420272,2569.886575004779,2654.579775390625,2666.755842285156,2712.6910852050783,225,-26.50008833670603,6.15976667023177,True,18
IEX.NS,113.87999725341797,155.89996069995715,-26.95315846000128,8241321.531746032,-4.23009524327701,-9.258966331937879,-7.841711147800645,-3.7993152865626323,-0.06147042249680523,117.84796159884054,119.96641433682717,123.24739990234374,123.99998718261719,126.00039474487305,169,-27.63596178880061,-0.06500072795829759,False,18
MEDIASSIST.NS,316.3999938964844,571.9867367161792,-44.68403311010992,179142.79282868525,-6.457754528493275,-9.140682415342205,-13.662094503402745,1.8461352271902376,-0.05834086196062496,329.52570966757185,335.79013078627304,346.97888732910155,355.57363555908205,377.1138430786133,215,-49.09217138133324,10.730902532199615,False,18
ADVENZYMES.NS,293.3999938964844,417.20001286678644,-29.674020889791265,268281.67729083664,-0.8783804403769024,-2.7349577878098996,-19.786071851310403,1.4514942575796663,-0.059900534539609245,297.7008039640143,300.2766459721131,309.97804260253906,334.97796234130857,313.9650134277344,88,-30.237301338266708,33.83612311139934,False,18
SUZLON.NS,44.119998931884766,61.5,-28.260164338398752,70561747.20634921,-2.712237229595993,-7.33039620610294,-23.825966286821508,6.544310781112017,-0.06267368537781834,45.38398079217515,46.25032207305589,48.90919982910156,52.28709999084472,49.96504989624023,214,-37.90244125738377,4.689150066804104,False,18
SJVN.NS,66.18000030517578,93.44222215601812,-29.175485366051433,4585036.9203187255,1.8467172764683237,-0.8605270298039813,-9.034037366920122,-8.04076958566774,-0.05913952722657097,65.92886010874561,66.06022623797975,67.53223892211913,71.044658203125,71.87717205047608,245,-32.91457817674448,0.7047532323981143,False,18
DOLATALGO.NS,69.31999969482422,95.63547251598347,-27.516435197997446,377076.632,-1.0421175233842783,-0.7019021356622468,-8.87340610895161,-8.197592724522284,-0.061856511019652734,70.59546274955848,71.10010137171963,70.76219985961914,73.24199996948242,76.11759178161621,171,-32.07541367705801,20.4743066931792,False,18
VBL.NS,416.5,555.1842484654879,-24.979860082271234,6081239.853174604,2.1835117181583374,-5.448354143019296,-22.934680317655744,4.132086625768294,-0.0609888910177743,411.9595273063639,418.60675744010683,441.1740155029297,479.57636505126953,468.1580236816406,62,-28.636301677845545,10.025350523661626,False,18
SAMMAANCAP.NS,147.3000030517578,192.9499969482422,-23.65897622104122,16842817.38095238,-7.001702367968699,-8.978556889881107,-18.16666497124566,5.124185116168034,-0.05896207059679574,150.98294156062477,152.34401166516744,158.0401998901367,160.57009994506836,153.37115005493163,216,-33.14330031598624,38.70591019857266,True,18
WAAREEENER.NS,2625.0,3859.8008593223435,-31.99131002678555,1421148.5674603174,-0.3012474954768418,-2.2306630719703957,-14.277165237062462,-3.6506303033822296,-0.06219659056413394,2595.8178264912053,2621.0589708176076,2699.7484521484375,2889.4548291015626,2918.390285644531,250,-37.79176790904639,-2.8236883446414174,False,18
SHREECEM.NS,22570.0,30121.125232344428,-25.069200350576338,28910.222222222223,-5.386711381261788,-10.596157654981187,-9.012200218764278,-1.4645456750044916,-0.059473810047534964,23299.031139254435,23863.222955456036,25387.1186328125,25131.4295703125,25442.9180078125,227,-25.733186169357236,0.6034172953730987,False,18
POWERGRID.NS,269.1000061035156,324.95001220703125,-17.187260811035955,12353513.577689243,1.3177710540548393,-0.1298964882757936,-5.81029240260813,-11.363636135184018,-0.06182744367105722,267.5440882019388,268.5742043860386,275.91100036621094,286.7014993286133,283.8766855621338,98,-19.464532273875513,5.785392266311673,False,18
SERVOTECH.NS,77.27999877929688,141.5,-45.38515987328843,1076189.8486055776,-3.7009361005646446,-7.160018305414639,-25.506072517197943,8.600329963791475,-0.06013787040782184,79.01505750692081,80.84258127860534,87.99860061645508,92.82250030517578,84.48885023117066,233,-59.35689164555957,-1.8985736221213578,True,18
GOPAL.NS,257.3500061035156,391.7189867327264,-34.30239155624387,123098.58565737052,-2.9234250552879315,-6.976319616399607,-9.49534004587671,-4.344884262895898,-0.06274162147730088,265.0378871899893,268.8087711901671,270.1219989013672,280.14126678466795,289.2559156036377,247,-36.88875856892266,2.7504624338691386,True,17
BAYERCROP.NS,3974.10009765625,5305.222747660049,-25.09079662283571,28288.79282868526,0.33579197798838667,-3.414669631686229,-6.09070584993725,-10.495741184735174,-0.06674862957413652,3991.4397337832065,4026.8767762415237,4103.686479492188,4220.779504394532,4362.72346069336,244,-25.986140744266805,4.545902185533324,True,17
MSUMI.NS,36.29999923706055,52.823297143452564,-31.280322887682665,9242701.366533864,-1.9713733899566432,-11.549711434517619,-2.754481361600991,-8.070709555158862,-0.0656170785644303,36.8750314121589,37.64158927389606,39.40596527099609,39.142823219299316,40.83700225830078,171,-33.38309526183342,11.532593259555446,False,17
RECLTD.NS,312.70001220703125,381.3442016302781,-18.000585594270813,6662247.591269841,-1.8826481864400835,-9.349172690043927,-10.894199583418551,-3.232077842307224,-0.06619190368601248,316.92800296054816,323.21052774194635,341.33802307128906,343.3944598388672,343.07918075561525,103,-18.603720059332584,7.937833964908925,False,17
ASHAPURMIN.NS,542.9000244140625,924.9000244140625,-41.30176126246753,745319.9285714285,-1.4700500155966467,-11.529372962635332,-23.1564013568206,6.7545054459971166,-0.06697997822734064,553.3003941688468,574.1665953922331,635.9469995117188,654.4599975585937,654.5314994812012,171,-50.79468114493477,39.37451925977315,False,17
DRREDDY.NS,1165.5,1405.9838095385528,-17.104308592108197,1933726.5277777778,1.2597741094700243,-3.3582089552238847,-8.145416490170188,-9.240025175362021,-0.0668529939729364,1156.6415873945605,1164.9966014458057,1190.8588549804688,1244.5668151855468,1246.2499237060547,54,-21.691843637847384,6.875395341149115,True,17
WHIRLPOOL.NS,762.3499755859375,1428.4580610250364,-46.631266511325606,490685.26294820715,-5.227504668309146,-2.9413860507511713,-3.4120069584755663,-10.912619941032764,-0.06499677740936925,792.119246083366,791.4272115622891,786.8699792480469,819.0364782714844,846.6666781616211,216,-47.73834212323615,5.195485566582447,True,17
EIHOTEL.NS,286.45001220703125,412.08004369538395,-30.48680308848453,583963.0198412698,-1.8670715325146081,-4.723093955672009,-5.856406455375696,-9.455668709246634,-0.06670515364697226,290.8804595789775,295.53749309787645,312.6112725830078,313.40623260498046,323.95191207885745,236,-34.49692380835189,-1.527483331077728,False,17
RELIANCE.NS,1257.5,1604.3820104615531,-21.620911241815854,13501647.253968254,-4.878971255673226,-4.517843583902814,-5.365747005428312,-8.50190684682225,-0.0640195268270528,1288.3078705238318,1295.9582505359554,1301.1980029296874,1320.2359875488282,1378.4701293945313,173,-22.100843771703783,6.7726641073238,False,17
SIGNATURE.NS,760.8499755859375,1158.0,-34.29620245371869,409220.4819277108,-4.199198704167239,-5.829573105944174,-3.4576831422612475,-9.686038986137568,-0.0649755502873896,779.3452158263194,785.3509727447591,797.7759997558594,809.206499633789,883.1102517700195,243,-39.101898773140654,1.933880555594536,True,17
HUBTOWN.NS,181.2100067138672,339.3999938964844,-46.608718334527865,718031.5179282868,-5.71799709098565,1.694822510288696,-5.457291988837132,-11.084394504230499,-0.06303780605384166,184.65670546377663,185.8389624997254,191.94239959716796,198.98149963378907,212.18575035095216,250,-50.45668918079903,0.0,False,17
HITECH.NS,76.38999938964844,127.5,-40.08627498851103,1213817.0555555555,0.8182694655546996,-3.499247276799744,-15.516477619345348,-2.7002963812221115,-0.06353084347096928,77.09588785940112,78.375374577265,82.45920013427734,85.88410018920898,85.7535001373291,244,-44.98823577282476,29.848177803120123,False,17
TATAPOWER.NS,364.6499938964844,462.0369390979878,-21.077740102691177,5354867.436507937,-0.910327745520545,-4.741377867101837,-8.785684067044308,-7.099746836072896,-0.06514912302514873,365.3232016190913,367.117296885818,373.86799987792966,392.1085394287109,386.2196469116211,98,-24.89777967159267,21.60631324535467,False,17
ASHOKA.NS,113.86000061035156,214.5,-46.918414633868736,1585254.768924303,-2.9491979998916618,-0.03511932835071896,-14.061441701558186,-5.939696208295009,-0.0689625465944477,114.92542940544872,115.63195600708806,119.87420043945312,124.47010009765626,135.11235034942626,214,-52.91375291375291,9.295655216522668,True,16
HUDCO.NS,172.75999450683594,239.21867289789094,-27.78155968594579,3835295.222222222,-4.2986979736122315,-10.1981217430259,-17.659087355410662,2.1956819116244697,-0.06888947587939814,177.92631390803794,181.8852189268559,191.9940640258789,200.0124560546875,197.41910194396974,206,-34.47656271855376,9.370927355098924,True,16
AMBUJACEM.NS,391.8500061035156,597.8407381419596,-34.455787117928175,2625605.761904762,-3.246912073206021,-6.5689051487608285,-8.02722278355562,-7.419863181903985,-0.07014584344901048,400.01724230429136,406.1156908437458,421.59199951171877,426.97119079589845,464.103321685791,244,-35.15831739716015,5.335466930520538,True,16
SWSOLAR.NS,180.22000122070312,272.79998779296875,-33.93694674302028,2381802.0079681273,-4.031094486432729,-11.02004187089003,-14.58363120117453,0.5075030252075008,-0.06779205973090636,186.11934459411899,191.32196241020338,207.09039947509766,209.52809951782226,203.3022998046875,243,-45.74779815887712,-0.7853426146032683,False,16
JKCEMENT.NS,4843.5,6974.042464956463,-30.549605564665328,86528.23107569721,-3.889274729635872,-10.19745990544173,-6.084664500443093,-6.491105968484934,-0.06850261191578835,5015.948376583699,5121.906398966694,5347.001162109375,5328.015512695312,5436.279404296875,244,-33.26428198974868,3.5773575760409404,False,16
VSTIND.NS,203.92999267578125,273.7888347519297,-25.515592021656055,348161.94444444444,-2.0273847439081782,-6.139831239636306,-17.510569826278342,-0.818873329325942,-0.07011425001931959,207.52580729532158,210.42814775083332,222.23263946533203,234.59490951538086,231.07156799316405,105,-25.85526718650486,10.548502825580597,True,16
TIINDIA.NS,2606.10009765625,3415.1444625624204,-23.68990166521786,382505.235059761,-4.7269068254595314,-8.203589374559705,-19.174223065686537,2.2677397579317304,-0.06958579573991162,2702.66691614048,2752.9414902859053,2826.932177734375,2939.7572265625,2757.1524401855468,247,-36.69698534822765,6.013134940136022,False,16
DBL.NS,403.3500061035156,585.0,-31.051281007946052,415496.0642570281,1.2043704572988867,-2.795518920897877,-6.567061686789977,-10.940602442201397,-0.06785026221367238,402.28589889740664,407.498908171076,418.57500061035154,432.77600036621095,440.1720001220703,239,-34.77777986444978,2.6507970563373506,False,16
CROMPTON.NS,231.0,316.3454734899983,-26.978566359254895,3352598.151394422,1.9822549123891031,-6.798469109772043,-12.130002974115438,-5.429561095751067,-0.06972293661250559,232.91964855981513,237.5560014666999,249.49936462402343,261.45628356933594,254.41309730529784,250,-32.094329407587175,0.0,False,16
NAVNETEDUL.NS,127.8499984741211,164.1333558091885,-22.106022969059513,227332.1673306773,-3.202606979324729,-5.2260902456178755,-12.371484700108827,-4.658319752557927,-0.06940252058111866,130.3394407835628,132.08448070609657,137.92379974365235,140.00165863037108,140.88309070587158,148,-26.763108049160834,13.875601980424301,True,16
NTPC.NS,333.3999938964844,409.97128898871665,-18.677233540210104,10295514.682539683,0.27067485608551767,-2.105587441243506,-5.216832574898589,-12.341913405146276,-0.06895865137168236,332.29048846992237,332.98816897245587,338.11799560546876,355.7661032104492,354.0407511901856,99,-21.935326681889357,9.255552441664449,False,16
ROSSARI.NS,446.1499938964844,689.6347499019316,-35.30633513465956,108467.17928286853,-2.3741807666336157,-11.723387557486898,-12.692013224498766,-1.4715136351569513,-0.06978305009573152,463.48659379856446,477.12194442612366,501.86602661132815,509.43815521240236,513.853863067627,226,-45.67578974953036,5.746854377762078,False,16
SDBL.NS,70.06999969482422,142.60000610351562,-50.86255491184251,983937.25,-5.31081122321051,-5.781905194235637,-9.668686385853409,-5.921057281610387,-0.06956490989568355,72.04017245464605,72.38634597273207,71.60039978027343,76.12929992675781,83.50825006484985,243,-56.661993974811665,4.603160469121947,True,16
DBCORP.NS,190.7899932861328,279.00130663488244,-31.616810119168427,185070.872,-1.5429897368146261,-10.098015178260066,-5.660670757999686,-7.281573088281368,-0.06784732472045929,194.95002444312263,198.94701312109316,203.9740783691406,203.81344360351562,215.8348014831543,249,-35.41089581234371,0.0,True,16
ONGC.NS,232.5,306.19702215663295,-24.0684973477416,14654635.92063492,-0.9162556796966426,-2.6722102892235644,-5.926927339079169,-11.590546477174735,-0.07040364418408021,234.56379573506507,235.26414410024515,239.4596630859375,253.73001571655274,254.78062705993653,97,-25.967481071816923,8.632172088706014,False,15
AMRUTANJAN.NS,490.95001220703125,765.1663597762741,-35.83748083873167,38665.06374501992,-2.660188095892435,1.1269680924958614,-10.961230946612766,-9.880742512165785,-0.07281291479940216,499.43361394395134,504.0632295685681,515.2180126953125,533.9084399414063,567.1537292480468,243,-37.2735841152146,1.6006884397973487,True,15
SUNTECK.NS,288.0,472.5,-39.047619047619044,387143.374501992,-3.2745591939546626,-1.6057437687111764,-3.4367141659681466,-13.849832331325784,-0.0721955185545846,295.4920735922977,298.5622800779004,305.9,309.0555010986328,344.32350158691406,215,-42.6984126984127,4.749759047076241,True,15
BBTC.NS,1423.5,2114.6666501437494,-32.684425703538935,158590.51792828686,-5.201117265299782,-4.520760836431759,-6.563833278634723,-9.383157560841083,-0.0714667690174318,1467.7304651579095,1477.0639010936538,1490.779990234375,1508.0229907226562,1603.0237677001953,222,-37.834174691478,11.18101775519882,True,15
TECHNOE.NS,972.1500244140625,1477.4472896255968,-34.200696617717085,243549.61354581674,0.5658512019697248,-0.3957665418276357,-9.32869433186857,-11.524403561930619,-0.07430937912501373,974.0847156545211,980.4100643206345,1000.6781115722656,1071.2119464111329,1073.9223580932617,248,-41.5361846717142,0.5498671916970066,False,15
EKC.NS,101.80000305175781,154.5500030517578,-34.13134840400771,581742.0079681275,-4.341284717796279,-12.580501743590222,-9.001519127192381,-4.134098586230617,-0.07304323993147634,104.73475499017903,106.7952644326638,110.33700027465821,113.68700004577637,113.3259998703003,220,-41.604659839588706,7.750280107926866,False,15
BLUESTARCO.NS,1558.0,2022.9788267608074,-22.984858793867414,484322.0956175299,4.8663963925621,4.563758389261752,-2.8276524444908024,-19.854578080262876,-0.07390735648343831,1497.154700510871,1507.0590146612617,1578.6420581054688,1619.2647839355468,1707.3671783447267,221,-29.19846565465427,6.317568949121299,False,15
EIDPARRY.NS,721.0499877929688,1118.0,-35.50536781816022,301097.7250996016,-7.717410850080276,-7.593233490568807,-1.86458145042957,-11.019928485639664,-0.07257733612506526,762.4739794213691,774.4577266709072,778.0290014648438,772.7890008544922,844.3770010375977,219,-37.549193899192204,-1.2637165833778718,True,15
FDC.NS,341.45001220703125,521.1543090908798,-34.4819746760477,194737.484,-0.04390921949776194,-3.47702835136926,-11.265586528360494,-7.478655059980833,-0.0707093457472411,344.8354583710759,350.2948151060998,381.63599975585936,384.34699951171876,381.15033493041994,243,-39.950604504651906,4.721450809594896,False,15
LUPIN.NS,2095.0,2523.699951171875,-16.98696197908983,973234.7817460317,-0.7109004739336511,-6.901304068717396,-7.358399655737791,-8.843123769994266,-0.07196120265855889,2119.925103253149,2164.210441107086,2308.737666015625,2301.2480712890624,2247.7262048339844,38,-18.4530633665713,11.784392410319056,False,15
MADRASFERT.NS,61.83000183105469,93.48999786376953,-33.86458097779478,149363.0481927711,-5.066782683136228,-5.5886336113924795,-10.456192471550263,-6.742082978810082,-0.07458095923581232,64.09795065788892,65.02743202729165,66.52560043334961,67.57930015563964,69.38415018081665,244,-43.78008067784997,0.9553121219912253,False,15
DMART.NS,3688.0,4818.0,-23.453715234537153,495207.0833333333,-2.1750663129973424,-9.385749385749387,-12.217642837933107,-3.8155607794136626,-0.07286173671595009,3754.3550900375903,3816.7467568841307,3929.37599609375,4092.784013671875,4013.472507324219,246,-25.280199252801992,3.7170098724364387,False,15
CESC.NS,145.3699951171875,197.1955548334318,-26.281302212933046,2219853.653386454,-1.750480859120529,-7.1878646873042795,-10.80129116196712,-5.435487569196507,-0.07027203399641646,148.10644718590152,150.6528187991521,155.8860122680664,163.83001098632812,159.06002784729003,93,-27.20423988613111,29.46770992958223,False,15
SHALBY.NS,144.77999877929688,274.70001220703125,-47.29523394772129,196263.67330677292,-5.149371489636289,-7.94760942078886,-15.144764434052915,-2.616532883270728,-0.07694501516645566,149.93074157527045,152.69063329607044,159.82320037841797,164.06760025024414,167.28300003051757,243,-54.19730829862566,15.191465083318857,False,14
NIITMTS.NS,229.83999633789062,437.79574031188224,-47.50063210433376,244284.848,3.1088746857165894,-4.384078217343934,9.011454573416188,-23.990643197420237,-0.07458749081840367,226.60417235235997,228.81789920264856,234.17626373291014,239.46373336791993,297.99506996154787,177,-54.20139335924312,32.52463412320239,False,14
INDIASHLTR.NS,652.25,911.9719209725083,-28.479157636295007,140058.76,-3.670060032779243,-3.2485386962786023,-16.023558903151535,-4.210383086256575,-0.07507934647981734,664.0298611318282,669.6533320093137,713.7900012207032,747.0736804199219,758.434384765625,204,-31.999000171765466,1.569499416320519,False,14
BRIGHOTEL.NS,56.5099983215332,88.2699966430664,-35.98051379786469,181802.708,-4.527792477370419,-4.576161505080334,-11.53726146423103,-6.872119252917819,-0.07578037689189546,57.576977511490306,58.45138391091227,60.38120018005371,61.86890022277832,63.360100173950194,246,-38.41621991879669,2.5260393166371298,False,14
SANOFI.NS,3079.199951171875,4965.296834526717,-37.985581652232106,21811.330677290836,-2.5014249009372103,-5.214558314105555,-6.7954113060529675,-10.861710447773431,-0.07676361723840096,3132.9828492361644,3177.3338606560783,3293.0579931640623,3290.138986816406,3571.2315258789063,249,-38.49310319649597,-0.1969723096768794,True,14
IMFA.NS,1243.5,1670.7880501060147,-25.57404274461398,213605.95219123506,-2.980412938063104,-15.44842311246688,-13.34338496277596,-1.014829188849875,-0.07796673080672424,1300.7728609958776,1334.2979002402435,1378.1292016601562,1407.6963842773437,1357.6286517333983,96,-26.63253937088549,30.04403365581061,False,14
TORNTPOWER.NS,1297.5999755859375,1817.8039543841724,-28.617166199006718,502405.438247012,0.6437544747909252,-1.6224430943186152,-6.30393063877287,-13.539555554977156,-0.07567114585007355,1279.118355137271,1283.0342013374216,1342.6180004882813,1425.0765991210938,1405.4912548828124,98,-34.04129212568514,15.367088246298843,False,14
VIPIND.NS,300.1000061035156,454.29998779296875,-33.94232573911587,605898.3386454183,-4.4419621817178285,-2.4699401371495844,-7.276375169807958,-11.14729649044689,-0.07580015392722844,306.2838821187056,306.5659392044453,303.95499816894534,305.83999908447265,330.49049987792966,245,-38.751924394327155,0.8606088587026717,False,14
HDFCBANK.NS,708.25,1003.8961237048558,-29.449872025980184,30830485.611111112,-0.540650992547731,-2.310344827586208,-8.273153563290315,-11.877106347250422,-0.07748922672659277,705.3033399048223,713.6299906931366,746.1709997558594,754.3856842041016,821.3664569091796,223,-32.0746431515717,4.236415873505339,False,14
RAMCOCEM.NS,866.6500244140625,1211.1945755050306,-28.446672240692926,263707.092,-1.4218278624664848,-5.392714812204202,-4.634822650327219,-12.723191606395634,-0.07700449186343909,877.5335448376522,888.7492427000333,911.7155847167969,908.3329443359376,976.9195825195312,148,-30.975715035779604,18.03488018778763,False,14
IXIGO.NS,158.6300048828125,339.1499938964844,-53.227183329618555,2392926.0714285714,-4.8695622891679164,-7.423402840743842,-15.595401286499232,-2.0197585774849647,-0.07458160614009317,164.21573144259,167.79826649958562,183.5915985107422,178.65739898681642,193.22559913635254,227,-55.397314759017306,4.272840435545988,False,14
CAMPUS.NS,214.36000061035156,287.0823175835567,-25.331520793522554,610042.9442231075,-4.290753475007458,-2.1321271948921416,-9.200999259106679,-10.071158020608683,-0.07644263772454651,218.80708629086553,220.69576603710303,222.848818359375,231.4819369506836,242.1458418273926,245,-26.50888515063895,4.925918385439254,True,14
ORIENTCEM.NS,125.58000183105469,236.37657618219657,-46.87290768851015,435037.0956175299,-3.161621742975518,-5.408250205532772,-7.607413535304975,-9.9340724857933,-0.07653665270312919,127.49607907123891,129.28191986078488,133.71880004882811,135.53721618652344,145.26648639678956,240,-48.451262454952214,4.75635214310175,False,14
INDRAMEDCO.NS,355.0,640.8499755859375,-44.60481961079598,390681.0,-0.37884273337811525,-5.823056505162205,-8.019176377284076,-10.949453045224121,-0.07988029705645124,358.9591993521751,362.8272104355926,369.9429992675781,379.7069985961914,400.3342495727539,213,-46.63337551237247,25.611209434226346,True,13
INA.NS,92.9800033569336,161.80999755859375,-42.537541091511244,1391717.6870229007,3.036353676892256,-4.302182119828291,-21.243431069200923,-2.3627007462834193,-0.07874910675550077,92.22544240605369,94.38076528766142,104.70100036621093,115.5533000946045,,98,-45.61522691567069,61.58454356028964,True,13
IOC.NS,135.11000061035156,184.95879041358242,-26.951295308411694,14077866.884920634,-1.8095969351126673,-3.664883700284094,-6.061477931223469,-12.920536589021381,-0.0790059444854368,136.03717089727104,136.94467794090363,138.6137322998047,139.3233319091797,147.9464302825928,135,-30.217076594446233,13.015429027404313,False,13
INDIACEM.NS,346.8999938964844,485.79998779296875,-28.592012636212495,519804.88047808764,-3.3166093370523675,-10.012971751884725,-12.032461385223304,-5.205634014235139,-0.08026247305343229,356.5333907416144,364.06709141679966,380.6589990234375,386.52399963378906,401.7697506713867,169,-29.528609570609245,21.402170097394844,True,13
SWANCORP.NS,296.45001220703125,505.7501702925763,-41.384100368066115,1393953.900793651,5.310839149922297,-3.8273435768213626,-6.125510222423058,-14.500872499891305,-0.07872386867055484,289.25686440486135,293.2358657049202,305.27040405273436,314.2508627319336,356.7310751342773,244,-45.89225867424267,3.5015750490825726,False,13
DELTACORP.NS,54.150001525878906,85.68642021255008,-36.80445350435142,2618991.130952381,-3.51033044101966,-10.402113422503923,-16.969357429737663,-0.7255412711043352,-0.07812479465965784,56.032132975349946,57.58023553076471,60.95294876098633,64.87887866973877,64.38425973892213,77,-38.029855439866076,46.24684715810965,False,13
SBILIFE.NS,1684.699951171875,2129.040438508761,-20.87045785039735,1014635.8214285715,-5.087326694542249,-7.025389008174665,-4.689976553466635,-11.53644562201599,-0.07935381685935544,1717.6424015675561,1744.7809088408042,1807.2060009765626,1809.4679956054688,1897.3238513183594,139,-21.51393793297722,4.482202095158927,False,13
BDL.NS,1190.0,1648.1319119869795,-27.797041526527934,1504700.669322709,-5.3828380218028045,-11.194029850746269,-1.6284989639613556,-11.812659072929643,-0.07990703090689799,1243.7035240096304,1272.6843504213589,1297.94,1308.5390014648438,1339.0292681884766,243,-34.10721604857927,9.905317294389882,False,13
GALLANTT.NS,546.4000244140625,948.0,-42.362866622989195,954112.328,-4.58395160759123,-7.499574551801813,-19.057842486527377,-0.9516903412768452,-0.08056338953588436,561.5867275201585,571.206068290968,600.9819995117188,666.9769995117188,625.5294992065429,105,-45.87553000148339,60.717693477274096,False,13
ICRA.NS,4728.89990234375,6839.023714846967,-30.854167209894435,13187.871485943775,-3.28063135318416,-7.845661067061293,-6.329797934857884,-11.131858172318799,-0.08248877998115559,4836.294545344161,4897.578416333505,4999.7562109375,5098.609184570312,5387.5557934570315,240,-31.779735058856286,5.329971344434492,False,13
CANFINHOME.NS,779.75,962.6932158005569,-19.003272568865558,231187.54183266932,-3.1306307006490064,-5.134133655369055,-8.967698749874053,-9.817979545067102,-0.07957391244127769,794.401050900198,803.4734761751556,833.9590002441406,842.5984057617187,859.9790991210938,178,-20.535254610257425,8.06258402211386,False,13
ICEMAKE.NS,730.0999755859375,920.0,-20.64130700152853,31996.72111553785,-1.2377442562140684,-11.887521470218065,-4.268019115731747,-10.985129880533473,-0.08175736406597933,734.2346419928077,744.9990371553637,780.7090014648437,782.1300030517579,773.8877514648437,77,-23.641304347826086,21.763337264212268,True,13
DBREALTY.NS,97.79000091552734,183.89999389648438,-46.82435880309358,1681010.738095238,-4.660230860406333,-13.375851320542843,-15.318671568382936,-1.142334486792096,-0.0819372861538092,101.39894069966016,103.92512630523069,110.12239974975586,113.53960029602051,112.19419979095458,244,-54.59488701940829,4.957667441263691,False,13
HINDUNILVR.NS,1927.0,2619.7497080594576,-26.443354719279732,1696397.7609561754,-1.783893985728846,-6.592341250605916,-9.716599282902227,-8.905387421405864,-0.07973992402127081,1966.6890223199214,1996.37153978414,2074.0200073242186,2131.025736083984,2200.836365966797,222,-26.4738938515359,-0.7780238019105545,False,13
SOBHA.NS,1216.800048828125,1724.929636640264,-29.457989301050546,169706.67729083664,-3.7189427270224673,-9.369874053730031,-12.542042092366524,-5.6097294449340085,-0.08252373489131815,1246.1980862615187,1269.2241288969576,1349.4478295898436,1369.9362866210938,1390.6257000732421,211,-34.75750608977764,5.810970586737629,True,12
BBL.NS,2246.5,3367.0326028562217,-33.27952933706923,35743.99601593625,-2.2538418712794828,-2.23682077236369,-18.5076994526479,-5.492491760589624,-0.08422054881630904,2278.053325464469,2316.2301710504685,2450.208759765625,2617.26521484375,2590.100880126953,226,-39.85048773156517,2.1614610233111398,False,12
FACT.NS,779.5999755859375,1058.5999755859375,-26.355564560217648,656213.6215139442,-2.5743609481180596,-4.874627881407923,-13.956184968894336,-7.750562287566809,-0.08519442076788415,798.4249223936473,807.3697731362184,824.8909985351562,859.0944989013672,841.8494998168945,62,-27.167956000258762,9.467908699173755,True,12
DCXINDIA.NS,166.6300048828125,286.0,-41.73776053048513,1833985.701195219,-1.7337986167476838,-5.864069796139438,-10.177343638122805,-9.734561552845422,-0.08293221533477667,170.75805930899733,173.14144987029005,181.1104000854492,189.9159997558594,183.56714973449706,248,-46.39860033155321,3.200002271075575,False,12
NDRAUTO.NS,692.8499755859375,1180.8825022330911,-41.327780344299,31846.464,-4.328919648254792,-14.44712027253553,-17.320282669535004,0.5785213301719994,-0.08286992288124287,718.2503747462974,739.2985921182884,793.5944311523438,799.9900756835938,774.8055654907226,244,-49.00977548360572,8.554666143604205,True,12
HDFCLIFE.NS,530.0,794.0698543036143,-33.25524232817012,3355764.8095238097,-3.0014684628993593,-1.4961412462788148,-7.400943978206664,-14.99975968778794,-0.08819562164122875,532.5980426806259,537.4091645042909,547.7520007324218,568.60875,633.0244869995117,244,-35.9376244482732,1.750082672350084,False,12
HGINFRA.NS,484.0,1046.1165979979082,-53.73364681085313,268285.26294820715,0.8543459378330454,-12.279111916628905,-15.54702135431809,-4.309355010413329,-0.08758236200003236,487.0242757791483,497.5517918065192,527.6450225830079,557.397751159668,600.493709564209,247,-59.093286133604884,5.084487600313259,True,12
RAYMONDLSL.NS,692.0,1348.3018107388446,-48.67617958468833,168597.3650793651,4.271826194983985,-6.302889250878674,-15.172424525738283,-7.8628187648721815,-0.08530250094347694,681.5833059347253,690.8636072009056,716.3169982910156,745.3973742675781,837.3172314453125,250,-53.40434945676365,2.512612206578102,False,12
GMRP&UI.NS,94.06999969482422,136.9499969482422,-31.310696026976693,1866603.247011952,2.5956998473621873,-2.749926155066862,-11.521820951055128,-12.647416136881073,-0.08805927986346121,94.40798486562633,94.88883124853332,96.88660018920899,101.76369972229004,104.85764980316162,247,-36.6192004483488,15.4203594409962,False,12
SUPREMEIND.NS,3364.39990234375,4586.205351504792,-26.6408796710368,242021.5498007968,-4.096239882337038,-2.760195459276382,-4.558007615506076,-16.21063076806617,-0.0881331767196727,3505.4220711003027,3521.5974184318493,3467.615986328125,3489.5679565429687,3548.134403076172,247,-31.53381152089655,5.52683945717285,False,12
ATGL.NS,594.7999877929688,859.5498025483846,-30.80098604763659,3365595.828685259,-3.134923928455524,-9.926552618527074,-17.394625668129628,-2.072463259850854,-0.08346175920930196,613.6243168641759,627.1280823486918,661.9590002441406,675.78099609375,614.4081813049316,74,-31.068566563175047,48.45458220627754,True,12
CAPACITE.NS,191.97999572753906,334.0,-42.52095936301225,503611.14342629485,-8.090774013891288,-8.165514027757492,-14.306121156270624,-4.993324704784319,-0.08731346435735542,203.93539068695043,208.7475104089404,218.0701998901367,228.11300079345702,234.37875053405762,245,-46.10778443113772,4.033035697162024,False,12
TIRUMALCHM.NS,155.97999572753906,328.79998779296875,-52.56082678879144,422651.284,-1.1909317594980595,-2.9492318673237317,-11.005881254464478,-11.79098902200767,-0.08727099534556963,157.83631489748916,159.11176674550615,164.39379974365235,177.82969985961915,190.725249710083,245,-56.35644606825356,4.985430301317861,True,12
ACC.NS,1246.5,1975.569036609613,-36.90425508292082,212149.13545816732,-2.004716981132071,-6.475093462369319,-8.102331350335756,-12.535763809093748,-0.08940495319325296,1269.8575718968523,1288.641953730622,1335.5880078125,1349.0206420898437,1477.565227661133,201,-37.70908772199424,2.837328263483685,False,11
ISGEC.NS,795.9500122070312,1113.9000244140625,-28.543855394408524,73504.16,3.222673765773476,6.652823961701038,-13.97924751890075,-16.193733908183074,-0.09018435650025897,787.6211029091318,788.4893580356588,825.7480004882813,909.7845013427734,885.3475003051758,80,-35.1378055333061,20.83286163038125,False,11
RSYSTEMS.NS,240.36000061035156,455.73088594983705,-47.258347410579425,799984.8525896415,-4.860670839520287,0.10828592262668302,-6.347162935333294,-16.599586943221002,-0.09008393557315081,245.7351502984707,246.27065386112292,246.99860046386718,255.4347004699707,295.47537727355956,250,-53.14778724565896,0.0,True,11
JWL.NS,239.5800018310547,358.25,-33.12491225930086,3699298.0396825396,-1.504688200729476,-6.9953431077247945,-13.446527313343882,-8.609571844713425,-0.09027324373506442,242.4374581061949,245.18542497957816,251.12419982910157,265.54059997558596,277.04185035705564,181,-34.221913776277916,3.800985031203652,False,11
COLPAL.NS,1797.4000244140625,2360.1502146603534,-23.8438293779227,408472.24603174604,-1.7384609450399324,-9.927335283685167,-14.282984018213273,-7.082129287740136,-0.09277060071801063,1828.0441877504502,1865.7173768224134,1976.6680102539062,2021.4554064941406,2041.6626428222655,251,-25.376027318924322,0.0,False,11
VENTIVE.NS,574.7000122070312,793.9500122070312,-27.615088686821277,72061.50396825396,-2.2951376606310525,-2.3366470753275137,-13.213530411812169,-11.455200213277461,-0.09242982389983244,578.1133235586557,584.0477750908855,602.275,619.880502319336,659.3135015869141,153,-31.658168997615867,5.702899450851362,False,11
NBCC.NS,82.9000015258789,124.82730965446994,-33.588249434076985,11356531.17857143,-4.272513872327455,-9.337347814278662,-23.51740151426953,0.32825444275965676,-0.09218639627265475,85.20383302470928,86.91485409238182,91.70302947998047,95.75522193908691,97.34520011901856,178,-38.59508127120981,3.3314404201394865,False,11
PACEDIGITK.NS,158.3300018310547,231.9499969482422,-31.739597364002215,2080958.5127118644,-5.525386186038316,-12.491014071517025,-15.045336706963774,-3.3689374835747965,-0.08911917438426288,164.06759971659528,170.23668974715108,187.67159912109375,188.27159896850586,183.3006494140625,231,-39.72407872469545,3.013896004344896,False,11
MFSL.NS,1477.0,1892.5,-21.955085865257594,700965.7529880478,-3.903708523096938,-2.572559366754612,-9.530808398431645,-12.923001856027271,-0.0893332598760102,1511.0101424937413,1527.5681631530535,1545.1080029296875,1587.08900390625,1634.7315008544922,138,-24.24835003508917,11.842105263157897,False,11
VIKRAMSOLR.NS,166.86000061035156,382.0,-56.3193715679708,2746140.8492063493,-0.9438981102381172,2.0800157572708144,-20.23900428084896,-7.969773946730319,-0.08937997522516465,168.07661181620372,169.7192714076203,176.69840026855468,190.91780014038085,203.00265007019044,251,-59.32460605161977,0.0,True,11
SHRIRAMPPS.NS,71.83000183105469,99.44000244140625,-27.765486657766726,718019.2111553785,-5.087207265586901,-13.769508764094917,-18.624669125670657,-0.16677570851576506,-0.08916733500485176,74.55686254941796,76.56125929792134,82.30600021362305,84.98980010986328,81.98509996414185,214,-39.088899630192266,6.131335501044766,True,11
BRITANNIA.NS,4962.0,6215.976836613289,-20.173447706997983,342899.2896825397,-2.7344898559247266,-11.629563668744435,-3.313100667187041,-13.150742812369886,-0.08853589044445427,5101.637137382216,5200.089045624666,5336.618369140625,5296.754057617188,5537.534873046875,251,-20.446936499618108,0.0,False,11
TATACONSUM.NS,991.0,1271.9371979227803,-22.08734821039774,1486497.376984127,-1.8811881188118829,-9.124254928931686,-12.370680112642752,-7.771726880766627,-0.08832864583767001,1013.0404490944428,1030.7090762069943,1070.3279968261718,1110.092505493164,1119.2922888183593,88,-22.323208912081704,16.731878656956802,False,11
NTPCGREEN.NS,86.94000244140625,119.94999694824219,-27.519796037243406,7338420.146825396,-2.7081447542704917,-5.8683392519790045,-11.4122651496812,-11.421292827506424,-0.0943667900172978,88.51101951683779,89.53952155826664,91.55780044555664,97.19040023803711,95.43540008544922,99,-27.93663639799452,31.569631866919835,True,10
BLS.NS,231.5800018310547,369.79392627783915,-37.37593146485037,3430500.4603174604,-3.019385928135887,-14.441943938173353,-12.346710396975691,-6.223930069701067,-0.09383912527421392,238.0763758227392,242.58570842660387,245.60879943847655,255.95249938964844,271.3227626800537,251,-40.80487040449196,0.0,True,10
ZOTA.NS,1087.199951171875,1740.0,-37.517244185524426,63003.416,-1.271340412347588,-12.996160978469383,-12.793776068577923,-7.116621001975654,-0.09411147458292274,1098.1238407671049,1117.449269614238,1227.3380004882813,1243.5469958496094,1298.9149975585938,201,-41.26436781609195,14.92975253744242,False,10
RCF.NS,111.44999694824219,156.00738096015974,-28.561074314359747,2007167.6972111554,-2.680754265469232,-10.200631375271662,-13.47721523125932,-7.640674037132711,-0.09407635885832137,114.48042818705322,117.22916040080271,123.77000045776367,126.49669982910156,128.68357501983644,205,-32.05449681443619,-0.2851303690228124,False,10
CAPILLARY.NS,461.95001220703125,798.9500122070312,-42.180361080296656,1429204.4264705882,-5.73410392529361,-13.011953144583499,-7.350580314448562,-10.396659267784102,-0.09539638822894271,474.6488260467113,487.57689384812556,505.19799560546875,512.7389984130859,551.7547496032715,200,-45.159273145746326,13.652100213185282,True,10
GODFRYPHLP.NS,1927.0,3868.278555207404,-50.18455955282981,777918.2868525897,-5.770171149144254,-12.369258753979084,-12.683659869267627,-6.521928878665861,-0.09464738377956876,2018.0074759072215,2061.250796124308,2107.120246582031,2171.575203857422,2205.1396295166014,247,-53.32065577120058,5.024494362451937,True,10
JTEKTINDIA.NS,120.55000305175781,186.9514017866663,-35.517999918866806,345875.5019920319,-1.042519000367692,-13.559445541191895,-8.068030703393692,-10.33963253431478,-0.09372403233019168,122.4511104693352,125.39820487464996,133.16471939086915,132.52562515258788,135.33312522888184,242,-37.744080750667806,11.839804226325823,True,10
ITC.NS,259.8500061035156,406.5707952146441,-36.087390151491086,18121097.325396825,-1.6092388874592412,-6.696586677373206,-10.903476241544363,-11.45159539198648,-0.09351922253478466,262.87247651468056,266.49119010781334,275.89599853515625,284.24262756347656,304.2117446899414,217,-37.15731601796143,1.2769617879238693,False,10
SUNTV.NS,476.0,653.9340000086492,-27.209779581165026,410323.5378486056,2.167848515954196,0.5698427835367337,-7.11250405850633,-18.940667893763706,-0.09379264966754616,464.0432379132392,468.59938512640724,482.4010290527344,504.8946691894531,537.3891604614258,103,-31.53743157549388,12.52906888706895,False,10
TCI.NS,858.8499755859375,1230.6142063952873,-30.209648879182115,32993.08,-1.383631701725141,-5.997925613067112,-9.349791422159825,-13.276995893115362,-0.0945368407668003,871.7004471374948,884.3190683386453,911.7558129882813,919.9657360839843,969.7318579101562,217,-31.481368586103752,6.488535790487826,False,10
SYNGENE.NS,382.6499938964844,677.034031793237,-43.48142398647637,1264813.2261904762,-3.273511629735071,-4.647394583551778,-15.309454064471451,-8.819563426440046,-0.09377491669601316,391.2650241699389,396.36972696217356,405.5820001220703,428.1472915649414,470.1818684387207,171,-44.574425748423884,1.8374892335727422,True,10
JAICORPLTD.NS,95.7300033569336,173.39999389648438,-44.79238366404898,1058535.4581673306,-3.4493173134774624,-8.084491642425117,-15.34311831727998,-6.8139781672922,-0.09290356821933644,98.14141573159122,99.5266359211637,103.27400024414062,109.61740036010742,112.83105022430419,218,-49.250286564292566,5.682306179096086,False,10
ASALCBR.NS,676.7000122070312,1273.3313070480908,-46.85593541434273,59944.24,-2.4998592951389953,-6.160161924788321,-17.883754407607476,-7.186852557723733,-0.09721885659843299,696.5097638240721,709.8174518382674,757.4274890136719,803.8273974609375,830.8069616699219,214,-48.265467131895534,16.671489352581204,False,10
TATACHEM.NS,612.4500122070312,1011.1043139234446,-39.42761357327146,861487.2142857143,-2.0236704324054444,-8.868384297076693,-16.039481532943377,-7.29481024936417,-0.09705812462284566,620.0503300630678,631.9663506142939,664.6560021972656,703.1799102783203,704.5408535766602,247,-43.47635704429138,3.81099844107593,False,10
IVALUE.NS,223.35000610351562,340.0,-34.30882173426011,403182.32365145226,-3.0009504769249795,-20.657191437472243,-14.660704164077575,-3.0009504769249795,-0.1003012477518021,236.7124476989465,248.97256644665296,274.3625994873047,263.3336001586914,257.1425498199463,203,-39.01470408720129,13.14528543219593,True,9
POKARNA.NS,804.1500244140625,1145.4889587311654,-29.798535526278403,180119.86454183268,-3.2776039451291483,-18.68648420161826,-7.591251156056755,-8.950588574811247,-0.09922668011578092,818.4392224464336,851.4488738021486,927.1952722167969,909.3704498291015,892.9154699707032,150,-34.23332718803264,33.77038750936392,False,9
JSLL.NS,511.8500061035156,849.5,-39.74690922854437,705421.079681275,2.073984174556287,0.06842739071664106,-15.952379950161632,-14.442121838108546,-0.10341478824692951,511.29461020666406,517.2238262204393,545.1709997558594,590.875,631.1197497558594,242,-42.08357857563273,9.693981952462938,False,9
PROTEAN.NS,492.3500061035156,922.9244479133125,-46.65327078324828,324197.8134920635,-0.7958859130782092,-9.804338674447354,-21.003301998395518,-4.239783784399798,-0.10037360439475866,504.69441828658466,519.7993555224784,556.4205426025391,566.9826010131836,597.6438087463379,242,-52.755906671032335,1.177525323856221,False,9
EMAMILTD.NS,363.79998779296875,602.0840578111723,-39.57654532233688,649462.2777777778,-0.6146701475298388,-9.592446990306192,-9.084095128817893,-12.55858707680102,-0.09728619782179998,371.24708754575914,379.6105575151834,398.67100036621093,407.2429992675781,442.03502197265624,246,-40.01668218729859,0.008301838728042021,False,9
PFC.NS,353.45001220703125,476.82888450136187,-25.874873839354883,7051507.964285715,-0.6046101967328132,-5.719241582797596,-15.64473870033094,-10.384596040684158,-0.10051569362605746,353.2454347878843,359.38337803047006,383.3029071044922,405.80005767822263,392.5596334838867,98,-29.471557046161234,15.693772743565205,False,9
WIPRO.NS,167.39999389648438,263.220498300555,-36.403131603625795,15891777.011904761,-5.102040992859336,-8.574555807581596,-7.312735536378733,-14.307203576832139,-0.1014181735244873,172.25760036912212,175.46552255040174,178.1608627319336,183.41772674560548,203.53072120666505,182,-37.25412544674863,12.21911191269831,False,9
LINDEINDIA.NS,6227.5,8035.3727195912315,-22.498927961156234,41518.076,-2.2830691981798212,-8.11508668388049,-10.114393084755392,-13.233728602870586,-0.10179133623168933,6360.386583035724,6480.497845618165,6767.296025390625,6991.120151367188,6707.670224609375,90,-23.33896366771937,15.668065158633059,False,9
FORCEMOT.NS,17705.0,26374.965142944882,-32.87194919862875,99274.390438247,1.4592512554028936,-7.85525943966805,-4.232093831621631,-17.64670398215601,-0.09753436504742213,17652.772468605704,17711.972962084466,17918.09296875,18490.56974609375,19544.07029296875,141,-36.10586353917847,37.426484116644154,False,9
BANKBARODA.NS,238.1300048828125,315.30188105660324,-24.47555210111061,10360753.265873017,-0.36401469338389614,-3.9798367408014124,-13.517341708977693,-12.530832063283249,-0.0989990415550528,238.34016234095947,240.42644504192532,244.38240020751954,254.37192001342774,267.80807914733884,136,-25.9600636146607,9.648543849956571,False,9
SCILAL.NS,38.13999938964844,54.244129857072295,-29.68824554814795,556055.9043824701,-4.098569397418839,-4.867244132922854,-16.458272719691823,-9.455711219582874,-0.10103072070067153,38.881645389868204,39.2999600203489,40.4011173248291,42.83219585418701,43.57359209060669,91,-31.789854316971823,19.39922414101232,False,9
IPL.NS,133.69000244140625,238.9654263634813,-44.054667457184614,386607.804,-2.770907315340909,-5.4059609899138605,-17.32767509103006,-8.372305004123582,-0.09905507458475313,136.44662472904793,138.40238610616078,145.48423217773438,153.18916717529297,155.96785709381103,244,-47.970864947759786,11.252120435373381,True,9
FINPIPE.NS,153.4499969482422,218.6046847580135,-29.80479941767712,768395.0200803212,-1.7090497664141946,-3.2015443862328574,-9.720045482464778,-15.762735772641701,-0.10032321807684105,155.10661571503923,156.46836949364976,160.19458282470703,165.90361129760743,168.83574165344237,246,-33.68989213932285,4.097692667777086,False,9
ZEEL.NS,79.36000061035156,118.95785852711808,-33.28729888638643,19142740.746031746,-11.302184463846254,-16.014396414590003,-26.921421872594852,4.09438538986282,-0.10771770135135955,86.33094368779521,90.78894951435291,97.5274757385254,96.89381317138673,90.77373336791992,244,-44.17077342436381,2.768257734433144,False,8
FRACTAL.NS,764.4500122070312,1118.0,-31.62343361296679,650647.2413793104,-7.389908425454184,-5.71076013480959,-24.010933180215577,-3.969596893474958,-0.10672261580961993,796.2887046024164,810.1420734621116,826.1090014648438,895.5605017089844,,88,-32.10196998336874,22.702180171516993,False,8
ICICIPRULI.NS,471.5,704.3556293706895,-33.05938359273648,1469235.768924303,-4.75709289438816,-6.891784027868386,-3.0134719902112694,-20.20637734931122,-0.10840658631800364,483.89761547873354,492.6080941163175,501.7259991455078,504.9964611816406,561.4983813476563,166,-35.359359845003425,8.06375745810104,False,8
VIKRAN.NS,57.08000183105469,118.0416404738854,-51.64418115344422,4877936.075396826,-6.072072731468225,-12.134304473550884,-19.372919282718048,-4.910657574007282,-0.10810206982275328,58.783517326248244,60.535871768632745,66.91940643310546,69.22043712615967,74.80244840621948,204,-56.84121788272015,0.3825511668458903,True,8
GRAUWEIL.NS,75.5999984741211,114.80462646484375,-34.14899660226512,370371.1682242991,7.458736089473295,13.448234329980547,-1.2533859607618214,-34.14899660226512,-0.10600093954191157,72.10536445492774,70.99836136308934,72.57327896118164,71.92036643981933,,106,-46.28892719564852,0.0,False,8
PRECAM.NS,116.80999755859375,237.10073055710055,-50.73402039541055,499409.5753968254,-5.8135778742385185,-13.582896248473642,-20.845619251097812,-2.416085464034312,-0.10518056998061649,121.78634211242579,125.72685360973898,135.39910263061523,143.95771705627442,144.56697689056398,250,-56.457286591025316,2.8795854734243953,False,8
RALLIS.NS,201.99000549316406,340.04307018201246,-40.598699633829824,827860.3888888889,-3.270760267932693,-5.142292111720648,-11.933203280586413,-14.794641291667709,-0.10853351949980405,205.9674673151093,208.7172211790605,217.16980041503905,229.72174789428712,243.61284896850586,251,-41.03099817175219,0.0,True,8
FINOPB.NS,139.8300018310547,339.0,-58.75221184924641,1311369.3187250996,-0.28524132401853697,-12.85678924319129,1.6723646274793946,-21.306770268538887,-0.1062088070021185,140.6042940330026,143.88536240555518,152.39480072021485,143.07330108642577,177.39620044708252,223,-67.54277322144635,18.70452962095164,True,8
ASTRAL.NS,1411.4000244140625,1765.9224658214252,-20.075764835035116,746025.6653386455,-5.60459667565757,-3.441266283372113,-8.491721770311965,-16.649769092924693,-0.10456137092503648,1478.493813249857,1488.229682822726,1453.36109375,1487.4090612792968,1505.0695416259766,127,-25.843842031787247,21.380421135752048,False,8
PASHUPATI.NS,80.7300033569336,118.3499984741211,-31.78706852743529,75410.27091633466,-2.851979736107413,-3.778305257798509,-7.5892825172809815,-18.953917415653486,-0.10899210746616132,82.02519351159782,83.17464920346667,85.33379989624024,87.5189998626709,87.97909992218018,104,-42.7545408757952,10.3957350934621,False,8
FIEMIND.NS,2009.5,2674.800048828125,-24.872889063973368,76647.88047808765,-1.3451825855785193,-24.05230454032007,-14.35248548497916,-2.729603606192854,-0.10342566254592755,2053.4665278012853,2121.077126446859,2246.4210498046873,2228.959296875,2201.787185058594,21,-27.17586403262291,16.6624164465756,True,8
MUTHOOTFIN.NS,2792.10009765625,4114.708242760882,-32.14342468707307,815923.1785714285,-4.176674759162713,-2.907113222349822,-11.834911624775991,-15.52536010023109,-0.10759707647911468,2888.339992921028,2928.902735430238,2981.1759912109374,3113.124990234375,3356.3908837890626,156,-35.08652758797266,8.248898431645957,False,8
IRCTC.NS,462.8999938964844,729.6618113637422,-36.55965178836459,1280936.701195219,-2.4652364215265843,-9.86271932634205,-10.628442323222242,-13.750701813302479,-0.10907880929708733,473.68823499274913,481.06384961064407,494.82799926757815,512.0004965209961,559.7885363769532,244,-36.662439132901405,2.3482028828188506,False,8
MBEL.NS,254.1999969482422,533.8789199375677,-52.38620828521034,320206.7738095238,-5.547904050045305,-5.495437765834399,-17.529954655277034,-9.788823794814395,-0.1082839387268028,264.41185004200264,269.50695014166126,288.34828216552734,297.10409317016604,313.7640032196045,212,-58.37842943780414,22.484219954546127,False,8
HEMIPROP.NS,120.62000274658203,190.69000244140625,-36.745502542197926,751785.4741035857,-4.216626336635931,-10.065607561952138,-14.496351822423048,-11.904758720673325,-0.11545593181050266,124.81877379915049,127.61618985866771,133.3513998413086,137.01529975891114,135.1651499557495,235,-41.68546042029085,6.536965344942192,False,7
BUTTERFLY.NS,586.25,823.8499755859375,-28.84019938423279,77691.488,-4.457297371927127,-13.430302800884519,-6.929674983687462,-15.901589365680891,-0.11571328538748213,615.7836882777358,632.9715293186829,689.53900390625,669.1515002441406,650.0227490234375,212,-31.322448921533162,10.51581491545135,True,7
CSBBANK.NS,305.70001220703125,574.4000244140625,-46.77924804775703,711969.5258964143,-5.923988083353415,-4.229323146530451,-17.998921079150055,-11.914703080354139,-0.11603820993528102,319.4440648671314,324.75652038084525,336.12500061035155,349.1450006103516,381.10550018310545,172,-47.07521116314258,29.18887884288093,False,7
HAPPSTMNDS.NS,332.3500061035156,574.7140242073417,-42.171237849659214,1496276.0357142857,-6.115817484882591,-15.818131616103692,-4.7512491157708725,-14.669720671108932,-0.11068471074883833,354.65431690780474,372.16672885176206,385.4640869140625,372.126647644043,392.48453384399414,246,-43.09517708150512,0.9663603276160782,True,7
HAVELLS.NS,1111.0,1608.1408144941627,-30.914010142236037,914034.828685259,-7.416666666666671,-12.173913043478258,-5.131925270160442,-17.537820447364417,-0.11731155035356217,1163.8930900792352,1198.3056232242072,1227.8160034179687,1211.5830859375,1282.838677368164,246,-31.834330595192164,1.213157462392478,False,7
JKTYRE.NS,353.95001220703125,605.8045982960336,-41.57356791239321,1315772.8525896415,-4.195425494075811,-8.42173034746928,-8.681650405326247,-16.992961434282307,-0.11505568314212233,365.1170281857728,372.4961114509207,388.93659545898436,388.1084561157227,430.46529251098633,146,-42.6376837761797,28.784329403722797,True,7
EUREKAFORB.NS,394.1499938964844,668.2999877929688,-41.021995945541256,204822.04761904763,-6.9852521778208,-11.067242093764706,-13.724419693413402,-10.02168590796364,-0.11037973907744499,409.59160323492745,418.994501808659,439.86100036621093,456.6055004882812,496.7750010681152,198,-41.85245949399909,14.238084330355093,False,7
NATCOPHARM.NS,815.3499755859375,1224.7250830949197,-33.42587762426471,1050829.90438247,-2.7376849029251193,-10.768991330520327,-3.6418780158586683,-19.628872901332393,-0.11371679321687136,834.6348783964561,854.264551395588,905.76228515625,964.1159704589844,946.9251007080078,87,-34.56490477120801,16.31156883122791,False,7
RAILTEL.NS,259.8999938964844,408.55427403779885,-36.38544242167473,1691205.669322709,-4.060539035745892,-8.662799140381294,-18.104564252468336,-8.758579726721527,-0.1107341489807996,268.66320039675423,274.29919906604476,286.7082177734375,302.929013671875,311.293981552124,246,-40.29472421153355,10.319207316710921,True,7
TMPV.NS,301.1000061035156,733.6144341409002,-58.95664096956884,11476067.555555556,-3.3386818287269304,-13.872997469467796,-22.866435724629174,-3.343615387245358,-0.11305844549053148,307.2731585946341,313.790473907397,327.86499877929685,345.1871963500977,346.6599168395996,236,-60.213601761595555,1.4521466187331633,False,7
ZAGGLE.NS,187.0,405.3999938964844,-53.872717608439594,1682625.609561753,2.3928133386359907,-7.292650946531298,-11.74249778622255,-16.744579719580944,-0.11439830079141804,184.15976473789362,187.32314688550537,197.91479949951173,209.97259979248048,247.7107497406006,206,-61.92402492986565,10.230705678540852,True,7
VESUVIUS.NS,413.04998779296875,606.1323605842241,-31.854820060283828,148749.532,-1.6547648111979174,-9.607183114413099,-9.149896989328276,-16.61542262243786,-0.11478051249776039,419.0454900292944,425.15215392269664,444.4049987792969,461.83556579589845,471.1190362548828,139,-33.356138283446576,15.959988192283658,False,7
TTML.NS,35.599998474121094,60.619998931884766,-41.273508575737885,4662179.801587301,-5.670384497006308,-8.105325421529441,-20.55345373111178,-6.903773766914623,-0.11115649160105903,36.833866585918535,37.473411559920166,38.965999908447266,41.13759994506836,42.67220005035401,248,-48.498845490850925,2.815670867014375,True,7
KSCL.NS,715.8499755859375,1218.7102069676118,-41.261673899727846,143270.704,-3.88695121932231,-9.17338661276771,-18.6857505039985,-10.569059320497887,-0.12056721323884477,738.1289161281851,755.0900991019224,800.6909973144532,857.0414959716796,871.6582479858398,244,-42.14375398230532,2.2466041923153712,True,6
LAOPALA.NS,158.92999267578125,252.7650542172862,-37.123431414233735,129048.30952380953,-8.60839663376536,-15.942312266015723,-9.729421471558918,-12.90711347815373,-0.12130973949308849,168.09787512088815,171.93375312923936,178.2849279785156,175.62382934570311,182.86354278564454,243,-37.581825263113856,2.001450836451424,True,6
HPL.NS,292.0,506.85071142832044,-42.389347905395006,190496.83665338645,-3.7098103874690813,-9.387121799844845,-21.16630539642903,-9.344925654500658,-0.12336267279444847,300.84272208349995,307.7207523860074,327.03799926757813,345.3729998779297,347.25250076293946,248,-49.58081397743129,5.062887879593592,False,6
ACI.NS,470.45001220703125,722.5861228075659,-34.89357221819797,199996.644,-4.9979804906896135,-7.034873321744229,-12.701801652626731,-16.46678315444913,-0.12304026470985477,486.4659087771078,495.1691730840296,521.0310028076171,536.239147644043,544.7702764892579,249,-36.118340564029104,0.0,False,6
DABUR.NS,376.0,538.5337830249387,-30.180796107532583,2106925.051587302,-1.2864253019169158,-8.292682926829265,-12.532340429036203,-16.013685371293505,-0.11952355392785807,379.2194309766064,386.8023174386948,409.3665405273438,422.69100799560545,451.5902569580078,251,-31.657028882081306,0.0,False,6
SULA.NS,136.3800048828125,289.08028915869943,-52.82279352919059,386079.37051792827,-7.576574180507056,-9.682115971647354,-12.582520553299103,-14.60144458452788,-0.12309414612181058,143.28425832819394,146.19256854113158,151.31519958496094,155.98669952392578,170.72700981140136,243,-53.04072775246329,-1.2305813798466736,False,6
BIKAJI.NS,548.25,799.7353085989655,-31.446067954600597,164944.804,-6.625227420007718,-10.063972776076458,-16.7125128894692,-11.385285613237562,-0.12243185409351848,580.6370918853103,594.5293558711255,621.6173205566406,640.8015393066406,655.7995739746094,245,-31.56485878411838,1.7421594263071771,False,6
INFY.NS,1037.699951171875,1691.3991593070652,-38.648429292290686,11241876.186507937,-8.168145913993364,-11.685110538563826,-9.26023318248178,-15.07208919548727,-0.11960742332051544,1081.4912759062602,1102.9229012306405,1113.5680004882813,1117.508372192383,1275.0568362426757,153,-41.91790749047472,2.462568892644179,False,6
ABLBL.NS,83.61000061035156,149.99351685072722,-44.25759035068175,1749379.7976190476,-2.858137670727312,-7.058691127996153,-16.538600058779007,-13.71999420229929,-0.12147129691225382,84.66766706433283,86.00351940818295,90.58028778076172,95.69120971679688,103.18310760498046,235,-44.93095421162489,1.5925812313403842,True,6
VHLTD.NS,118.9800033569336,155.36000061035156,-23.416578984612848,28302.184738955824,2.225280505943106,-2.058505467377203,-14.081450730957501,-18.76834685236822,-0.1192094700311567,118.54269074960787,119.46582433236584,124.67460159301758,130.82810173034667,134.5665009689331,176,-27.27843449696332,12.651994868800731,False,6
MOIL.NS,244.92999267578125,398.6210131186603,-38.55567453417935,1153996.2908366534,-2.2937610371788986,-12.696487851381832,-17.183434429152577,-9.935656671594517,-0.11897966671377837,251.59478237878514,256.37943351392363,267.7165997314453,283.5577993774414,301.0580475616455,234,-39.20290247434256,13.571965915061867,True,6
JKLAKSHMI.NS,505.8999938964844,917.2897030337625,-44.84839498107134,163160.6374501992,-1.6524164296570998,-7.900963928810755,-14.243024735093467,-15.92687137965829,-0.1238909040111922,515.1550937224939,528.2870810522418,553.2544030761719,583.2565490722657,644.1045574951172,246,-46.01487288375191,0.7170090611461788,False,6
UGROCAP.NS,83.66000366210938,192.5,-56.54025783786526,500312.40239043825,-3.115222767279957,-9.45887199073442,-15.177931672090583,-13.206759838309711,-0.1203938011182594,84.98460063497136,86.88784711525533,92.08659957885742,95.80309982299805,116.0143000793457,234,-58.37921935242492,5.1015334690777125,True,6
GODREJCP.NS,865.0,1255.1784329498362,-31.085495313432453,1465293.7023809524,-1.4806378132118492,-7.674247255893585,-15.922762771029152,-14.962311904541892,-0.12444666825625406,880.7343235981484,907.1099674417449,990.5183642578126,1008.8368829345703,1072.2154693603516,171,-31.870242352368482,9.601185975977721,False,5
AFCONS.NS,253.8000030517578,476.09320955207187,-46.69111048852318,1105788.1785714286,-13.319667475118479,-6.553756499170937,-21.870128930675804,-8.351156504116553,-0.12544219328195397,275.2297847675782,278.65985951681466,282.9768405151367,301.7691648864746,319.046834487915,231,-47.699317065607914,1.9471983276637461,False,5
KALAMANDIR.NS,82.56999969482422,219.27654356882928,-62.34435368646436,1388748.3187250996,-3.8430219473693517,-3.200472754118311,-20.45521111870352,-15.330795487768057,-0.13293278276278875,84.97014918096659,85.9539012079157,89.18332153320313,97.36314765930176,108.49487312316894,219,-62.58149562358323,16.27300323117522,False,5
ASIANTILES.NS,50.34000015258789,79.05999755859375,-36.32683821514237,4448127.920634921,0.15917595249981265,-5.304739847476691,-15.833474340851772,-17.87928094760317,-0.12946785055542157,49.87304831327358,49.76693900351324,50.245399932861325,55.38990013122559,61.98850002288818,103,-46.2433578137895,4.823832130270644,True,5
STUDDS.NS,418.6499938964844,596.0022160423393,-29.75697361052363,178270.8738317757,-1.3083493990656003,-2.9010099883332474,-15.78416674023152,-17.514795788387083,-0.12452205274997499,425.2169870863488,431.1381107071587,440.1520489501953,454.12858154296873,480.7516438293457,206,-31.283334199523182,1.9900120509422914,False,5
KALPATARU.NS,266.25,429.29998779296875,-37.9804314999422,123086.26294820716,-4.105886600787967,-7.519970251985741,-21.379003455294608,-11.101836393989984,-0.12769018304660323,272.13339560196033,275.826766964693,281.17100036621093,304.1554995727539,315.9359996032715,250,-39.9021646083947,0.0,True,5
VOLTAS.NS,1165.0,1577.544205432766,-26.151039318710765,985160.1944444445,-0.42735042735042583,-9.65490500193874,-12.247663345592773,-17.36247933343297,-0.1259300678017381,1171.7101542387365,1198.2162621818868,1268.1760034179688,1290.567869873047,1345.115938720703,135,-28.28093054269203,12.786243352638337,False,5
RUSTOMJEE.NS,344.95001220703125,634.0,-45.591480724443024,140305.6064257028,-9.639813436272105,-7.8412975001675544,-13.913151560174008,-14.436309703727035,-0.1248071019320374,362.6231774850532,370.3541691121086,391.0899993896484,395.34100036621095,431.5292509460449,230,-47.649843233993,2.174273223169121,False,5
PFIZER.NS,4060.199951171875,5489.439888599995,-26.036170655520706,32666.032,-12.565415931235801,-19.08083800722944,-8.67480609585154,-12.29519954494237,-0.12593230841301878,4392.091362795018,4550.933010441418,4687.387133789062,4615.426110839844,4705.027664794922,228,-26.149113893768938,7.005321543913179,False,5
UBL.NS,1256.0999755859375,1834.8434605529826,-31.54184525325251,157676.75697211156,-2.1881308716991676,-9.522442454264745,-6.251793087558067,-23.12134064208131,-0.1324737576112281,1282.4921264521508,1309.602752537448,1354.1969018554687,1355.7204235839845,1460.7288702392577,247,-32.408405521520336,1.6722439196612315,False,5
OSWALPUMPS.NS,282.45001220703125,840.0,-66.374998546782,642310.7380952381,1.1640400637196402,-8.101510786402278,-33.36871519842366,-3.534827874807045,-0.12928443860358407,283.6714597726058,292.342561846499,331.73700073242185,365.8365005493164,388.49074981689455,249,-67.61309669131325,1.3501032454027229,False,5
IRCON.NS,113.26000213623047,188.0146956609217,-39.76002687551022,3578269.3095238097,-5.023059005257469,-10.039713452307042,-18.471059869658834,-13.02411221431955,-0.13261211437612624,117.26163470539043,119.95195228051993,125.59220001220703,133.58220001220704,141.6108664703369,247,-40.137656444293036,10.42098076325697,False,5
INDIAMART.NS,1695.0,2556.182504015267,-33.69018067616519,110851.56972111553,-1.994796183868175,-5.020731637997422,-14.875366404416312,-16.96670724614594,-0.12452918765769573,1705.363213551336,1730.5925065279325,1797.2860009765625,1886.6341870117187,2001.2966876220703,249,-36.463849000030656,-0.44785335771269086,False,5
ABFRL.NS,50.439998626708984,94.94999694824219,-46.87730358305948,5761399.932539683,-4.776293252198938,-11.087609670866193,-17.270792821336777,-14.912281266232409,-0.1384130161228713,51.81827048375631,53.11716373430514,56.57779998779297,59.54069999694824,64.00809995651245,244,-47.972613887700135,4.856984584344337,False,4
GODIGIT.NS,256.20001220703125,381.3999938964844,-32.82642467042975,525757.5099601593,-0.8129987166784813,-1.4804752034837776,-13.460556402321167,-23.442397466088003,-0.13792520819496157,256.3841608651958,258.6922774153107,269.59099822998047,289.0009992980957,310.86799980163573,241,-35.972731815375845,0.2374318724903901,True,4
TRANSRAILL.NS,410.3500061035156,814.1878618458627,-49.600083060290004,684850.1984126985,-3.9559328743251743,-12.820138271737491,-16.456935276805485,-15.94907168515487,-0.14276330198883608,424.9490984079351,438.05955409239834,468.8275463867187,492.53753845214845,513.8932070922851,248,-50.01153676286925,-1.1148838253669635,False,4
SOLARWORLD.NS,141.47999572753906,388.5,-63.58301268274413,542855.4201680672,-5.2504763006451345,-13.80529045106018,-23.869996494025468,-8.734362128596096,-0.1394084951992263,145.85594580436464,150.8787066241094,173.93580078125,186.42210021972656,206.22660049438477,237,-64.65637128478924,0.0,True,4
CELLO.NS,332.79998779296875,670.829945323981,-50.38981337777919,408105.16,-2.6900620488395477,-9.993241976208589,-14.2228874519277,-17.453162961043112,-0.13515786020121226,342.2331262328009,348.09151309119625,356.27874938964845,373.1614358520508,427.0498143005371,216,-50.50906681876599,5.252228975209694,True,4
IRFC.NS,81.08999633789062,135.7285614195044,-40.25576084368792,12756076.57370518,-1.8874835561858094,-8.123731729886941,-16.470957140061625,-17.98320992958764,-0.13948065815449512,82.48584934578845,83.92960569469832,86.92320022583007,92.80520011901855,101.15165225982666,177,-40.98515622916592,1.9362700730608084,False,4
FLAIR.NS,236.0800018310547,344.31560429688966,-31.434997750641504,133901.5219123506,-3.130772094955736,-7.14455259957928,-11.636436055500932,-20.846831430681846,-0.13571651118334446,241.62052385720483,245.14813561471425,251.42228576660156,274.45199096679687,289.92204177856445,90,-32.03619249708519,12.874097722138544,False,4
PNCINFRA.NS,175.39999389648438,324.36408636405883,-45.924964794154356,488757.94023904385,-4.137294241523016,-21.436890525806295,-14.96169952110068,-13.108098005479896,-0.14432856587835724,183.79215808731644,194.1705759154773,221.36219940185546,219.00969955444336,219.7009996032715,246,-51.23689556943769,1.8606955074117915,False,4
AGIIL.NS,272.95001220703125,434.3999938964844,-37.166202568576914,1811570.7182539683,-3.789213795364643,-8.37528774778118,-26.279537553806552,-10.771488181396727,-0.14246435467793359,279.6266439050945,285.6702113425961,306.012001953125,339.7560003662109,313.25900032043455,94,-38.0639982566201,33.74384236453203,False,4
LATENTVIEW.NS,252.4499969482422,517.5,-51.21739189405948,1339563.9163346614,-5.0939861096833905,-12.963279581850774,-16.614369298681353,-14.438228302730248,-0.13861656638035,263.6457533186781,271.4735573861852,289.15699890136716,295.79549896240235,341.2980000305176,191,-52.07729468599034,16.420878251868597,True,4
BSOFT.NS,281.6499938964844,467.1017114386881,-39.70264141636445,1671535.4722222222,-2.661141193920191,-10.173814427812179,-11.855208123018102,-20.641541508790684,-0.1411405604537616,285.2832432587126,291.19231602703815,296.4210723876953,309.51386108398435,352.6651625061035,147,-42.99578038947423,6.969524371513258,False,4
ZENSARTECH.NS,425.25,845.3898333433813,-49.69776270928118,1504078.900793651,-7.864800943132366,-14.719742263091574,-6.166101301154359,-21.21244675111552,-0.14065237637724068,447.83882389490617,461.0799696671292,486.3407928466797,479.44509552001955,550.5517205810547,246,-51.15020428245687,3.9222813878485585,True,4
JINDALPOLY.NS,671.2999877929688,1026.449951171875,-34.59983245880031,181057.406374502,-1.8136645009021346,0.712624722374966,-9.210175057143067,-28.531885817406177,-0.14214648349720613,670.1230148575978,661.7161929814348,651.2909948730469,669.6724981689454,626.898998260498,121,-40.96156375591977,164.91388442667994,True,4
TCC.NS,55.31999969482422,105.27999877929688,-47.4544069754465,1204353.3555555556,25.44218051909295,8.59835332979122,-20.311147862329758,-30.53741823356332,-0.14044422934256715,49.61750899209927,49.5866523087833,54.156919937133786,63.50355983734131,,134,-62.60448386362747,0.0,False,4
TATAELXSI.NS,3383.0,5845.177388781378,-42.12322783406067,310823.50793650793,-4.918493535694212,-10.455267337215457,-17.86841466375334,-19.067732511720102,-0.15570520224826556,3494.369589159487,3561.8341057046296,3626.997998046875,3860.9588452148437,4337.644360351563,170,-42.6210758157507,6.096875295485105,True,3
BHARATRAS.NS,1157.9000244140625,2987.5,-61.24184018697698,23744.536,-2.2209025369226087,-14.87907205387713,-19.61260727657358,-14.93534631578476,-0.15055825373753665,1193.617647774962,1229.9003672764516,1293.4920043945312,1350.9610009765624,1602.8547509765624,220,-61.5029296875,17.28708825434793,False,3
GODAVARIB.NS,233.64999389648438,353.0,-33.81020002932454,285722.609561753,-3.3305763977653835,-8.228598470069704,-22.452703829171238,-19.06824246029808,-0.16341885466661082,239.34580451056456,242.89905646731452,254.96399963378906,275.05499877929685,278.16219917297366,99,-34.61189594214766,15.145223355527882,True,3
RAJESHEXPO.NS,78.30000305175781,237.8800048828125,-67.08424354946058,475821.47222222225,-5.685369528020567,-3.3213913853121335,-7.051276071513801,-28.856982747003556,-0.14890991150120048,79.31484421789018,79.99201460367694,84.3218000793457,94.91180000305175,124.41759971618653,182,-69.46780067152012,27.94387196124408,True,3
SYMPHONY.NS,592.6500244140625,962.0339215323946,-38.39614059865496,116593.36254980079,3.465439428093764,-6.070209533556758,-11.04974455828861,-26.69103257915273,-0.1485883436304965,597.5977695199208,605.7098543236422,648.1588989257813,686.6441595458984,760.1082760620117,152,-41.37420860361956,6.518495827291115,False,3
SAGCEM.NS,146.25,289.70001220703125,-49.51674358388225,83987.064,-5.266229191392924,-16.50013982504881,-15.33518852076936,-19.18550090429636,-0.16101407802098405,153.75039219110442,158.85269466028802,170.07619903564452,174.56989959716796,184.22899963378907,249,-49.77563207832388,0.0,False,3
CIEINDIA.NS,379.6499938964844,518.5450350593709,-26.785531009275545,372349.9799196787,-1.1199422252468283,-7.78479897018558,-18.319706569013917,-18.244750043406533,-0.14462766004628588,385.80555683700527,393.40343566414055,420.3389990234375,440.9024987792969,435.54581283569337,137,-27.4797823973162,24.69696810983053,True,3
ICICIGI.NS,1459.800048828125,2057.089271774458,-29.035649115563555,772022.93625498,-4.0678125997231085,-10.715593343845564,-15.8179995743976,-21.018552910985232,-0.15702720965454797,1509.692806747056,1550.453606181742,1639.026005859375,1713.382412109375,1794.4187145996093,208,-29.81831313881044,7.378607939674975,True,3
KPITTECH.NS,553.75,1313.886868193049,-57.8540578031991,1913821.9642857143,-3.770963897247115,-10.757453666398064,-26.187852819263224,-15.409254387788762,-0.16548644723898798,567.4198338426115,578.3910653845268,582.6171215820312,656.2178009033203,800.392176208496,246,-59.01828612983502,3.1792582083002507,True,3
AURIONPRO.NS,680.8499755859375,1292.4982061202147,-47.32294618576732,202396.6349206349,-1.2831718811739279,-7.234830129836611,-21.822257836769477,-20.771513943232723,-0.16430566142408648,681.7990837470253,695.7884830094974,752.0720031738281,791.1940026855468,874.0729992675781,247,-48.70399070106449,1.9962804649775068,False,3
SHARDACROP.NS,765.5499877929688,1282.80960014975,-40.322399543657795,381279.7330677291,-0.36441568060615603,-3.42500618089705,-15.398576568384092,-25.085319064542656,-0.1537514340057232,777.801981485134,784.0701115980281,822.0410437011719,887.2811578369141,926.8373162841797,144,-40.98890436182961,37.71639263665199,True,3
MIDWESTLTD.NS,1016.4000244140625,1859.9000244140625,-45.351900044505555,111612.49549549549,-4.302791848447541,-9.941516356459601,-21.306902785208703,-17.082722799224115,-0.1564374241138893,1064.9029032777094,1093.848625470547,1184.9640014648437,1232.3870031738281,1312.523500366211,169,-45.93795436307014,55.0373405263412,False,3
MEDPLUS.NS,660.1500244140625,1022.2000122070312,-35.418703137291786,203383.2168674699,-0.0756830366340222,-2.2072385228271263,-24.181691149776285,-20.497375344868672,-0.15902473491109184,666.8311859084147,674.5854710991148,716.2420007324218,795.0590032958985,812.0555010986328,80,-36.60731830741191,16.244217986107557,True,3
PIIND.NS,2259.0,3812.9263498994665,-40.754166414476856,267805.5515873016,-8.356997971602432,-9.43351017206907,-21.22625610977984,-21.723982506791405,-0.17779871667224573,2387.5152978521014,2442.7463138723524,2574.887333984375,2715.5168212890626,2914.296950683594,212,-42.537573534359794,2.1223661403856564,False,2
GREENPANEL.NS,153.60000610351562,332.93469763642287,-53.86482478577448,360270.60557768925,-2.5504308705777357,-13.053321114325179,-20.48780310562911,-24.984549902306497,-0.19005868202534143,159.1040378581172,163.4516123834047,179.78854614257813,189.92778564453124,202.71833824157716,249,-54.07207336824569,-2.716119126445571,False,2
PATANJALI.NS,341.0,606.7970321970149,-43.80328480425328,2733282.5,-0.43795620437956373,-2.998205006068533,-19.341821511493396,-28.462269743225377,-0.17830890972389832,342.7136564402206,345.7006506585522,355.488359375,396.6372344970703,453.1180693054199,245,-46.26582929641906,1.6697386944969583,True,2
CAMLINFINE.NS,101.68000030517578,235.0,-56.731914763754986,1140363.5697211155,-1.405989515038153,-4.489948168705215,-26.568932325557558,-25.185786501804543,-0.1908358288363394,103.4791423889376,106.26786665469709,116.82719970703126,122.97349960327148,131.67935005187988,246,-59.059574857671215,2.189585875114841,True,2
PGHH.NS,7518.0,14166.08056390996,-46.92956907817438,12101.737051792828,-1.9497880665145129,-10.746346144459684,-16.547782656571442,-28.00838489730969,-0.185119367914387,7710.785800496708,7892.332353273376,8366.020859375,8897.666181640625,10130.292221679687,233,-47.00368979175236,7.320555602748691,False,2
AWHCL.NS,366.5,615.2145880235402,-40.42729039026355,379403.8486055777,-1.3193306346284128,-6.4215483948486085,-19.00057558657695,-24.406657441481507,-0.1687907839499825,374.1488612865925,382.31447804017375,413.7543756103516,444.51930725097657,463.8624658203125,246,-41.48383230694373,2.1458193117955604,False,2
CMSINFO.NS,224.3800048828125,421.27675880330224,-46.738100264492054,678607.358565737,-7.3466427655559325,-11.239826888010851,-23.881553331117157,-24.212126519072143,-0.1983194626112177,234.71039649499497,241.73241754110552,257.2635494995117,275.77028427124026,295.6710478973389,250,-46.94699023157979,0.0,False,2
RVNL.NS,204.89999389648438,398.20450175980454,-48.544028761362604,7178853.912350598,-2.102249924088806,-10.635370550743739,-14.251706255750662,-26.488326171940223,-0.17208141448058917,209.47672244535312,214.14348796707486,222.88379791259766,242.2334312438965,275.3010913848877,177,-49.26225283911969,10.873176469302415,False,2
EPACK.NS,185.14999389648438,394.04998779296875,-53.01357705059466,1560500.0674603174,-2.1767899207344343,-15.522199460090746,-19.907429440228775,-27.08333521123646,-0.2012768180065481,189.37197990702285,195.9827380329506,217.2694012451172,229.80080078125,241.42935012817384,246,-53.305416647627865,2.5944965789203467,False,2
KEC.NS,406.3999938964844,927.0025895267679,-56.15977792425042,1113233.0714285714,-0.5262498985984299,-8.602271567534236,-22.096899042505868,-25.119092161177893,-0.18449785880589606,409.604404620119,419.66951808806834,451.76881591796877,486.1178039550781,553.8427543640137,243,-58.020614150048466,2.9047070424161214,False,2
KITEX.NS,123.87000274658203,232.6999969482422,-46.76836941509133,1320348.250996016,0.18602665647768912,-7.992276421289901,-19.42366084097141,-26.898787266182357,-0.1816646577737458,126.30735848535409,128.803950449331,139.33160034179687,149.91740005493165,163.8627500152588,221,-47.249677004807864,10.905275813635074,False,2
HINDWAREAP.NS,178.39999389648438,392.70001220703125,-54.57092224320279,212679.688,-3.993118682203012,-12.924643867259855,-30.04196002533458,-13.853881379472954,-0.17538381201061828,183.7648514945629,190.42856913126857,211.8143994140625,222.25689971923828,230.8198501586914,224,-56.58263440284477,5.697958500564626,False,2
MHRIL.NS,196.72999572753906,368.8999938964844,-46.6711848787011,189875.6507936508,-5.14464729168258,-12.127036163629178,-14.96801728537992,-25.52337676576514,-0.17639627853814122,204.07237396196373,209.61487490521307,220.0070001220703,225.83349990844727,256.6959004211426,244,-47.68229786033638,0.6280530355896818,False,2
AVANTIFEED.NS,798.5999755859375,1575.9303166617983,-49.3251721130941,901633.7051792828,0.0,-6.809036208636742,-19.307083498536503,-32.203866001790104,-0.2003547869200434,813.8990255157977,831.1746711904996,889.5175390625,1027.8396423339843,1039.3414981079102,103,-50.36265298474652,7.660600750629398,False,2
CEINSYS.NS,707.0,1249.9000244140625,-43.43547594285128,82779.3309859155,4.300365193472944,-11.069182389937104,-25.66501754303553,-26.93639413401482,-0.20257862875156715,702.6028906452832,725.859632506295,809.6050024414062,887.0030017089844,,104,-46.235699906076476,16.422641772840652,False,1
FIRSTCRY.NS,168.8300018310547,406.0,-58.416255706636775,2839293.912698413,-6.288855240203118,-21.159053744157262,-23.028173315470426,-24.51151064676663,-0.21573752526199544,176.6701932220235,184.28913719061018,201.45839965820312,214.2436994934082,236.17084953308105,250,-58.879311096492074,0.41015280145650923,True,1
RAMKY.NS,332.1000061035156,705.0,-52.8936161555297,215632.54618473895,-5.4788671312356545,-14.163863700558899,-24.39385176926223,-27.568155702613815,-0.21726077265059543,345.406387591641,357.45939809441404,378.74799865722656,415.16050048828123,459.4252502441406,231,-53.60993080950798,13.246909766816772,True,1
AHLUCONT.NS,601.0,1077.949951171875,-44.24602001728994,101824.29880478088,0.9320661145673315,-25.719933489706847,-25.664811379097095,-21.180327868852455,-0.2122235464775475,613.8424819375969,652.8914792002482,761.9840002441406,794.7884997558593,826.6322497558593,205,-45.94832313126928,6.903933454332223,False,1
TRIVENI.NS,255.39999389648438,487.9415273208757,-47.65766396256522,589026.438247012,-8.948308771306824,5.899020234888774,-35.60191125565526,-28.731824648010562,-0.2188833006605373,271.6238899574491,276.5153260225369,313.8554232788086,353.7067253112793,361.6640581512451,42,-55.10100044291393,26.270053464978773,True,1
JAINREC.NS,284.70001220703125,593.9500122070312,-52.06667120872215,2636047.6525423727,2.428494226858402,-5.556476802693366,-23.46773865402386,-33.55117187639117,-0.2132923628461646,287.8772046368431,291.96641012065766,313.4790008544922,360.58200103759765,384.1377503967285,90,-54.11230201339454,35.44258406599867,False,1
KPEL.NS,214.91000366210938,462.64901231546276,-53.547938514657325,323195.6785714286,-13.104481118513878,-16.116317945978885,-38.64096968961902,-23.219003805484284,-0.2541360413012658,234.90591802214132,246.82830954944617,282.5970004272461,320.15560012817383,317.1243952178955,215,-53.78353749117635,10.427677000053382,False,1
KPIGREEN.NS,281.70001220703125,541.6977805031639,-47.996831010573814,1458537.3386454184,-7.106343872372223,-16.4590741372585,-30.495923836314944,-28.62933785285223,-0.246029615067243,297.91065303891753,311.3430520982537,355.1430010986328,389.83750091552736,401.49559112548826,215,-48.12605661057185,12.156541053936177,False,1
CHEMPLASTS.NS,171.35000610351562,451.29998779296875,-62.03190544243458,359497.37848605576,2.5863661352994116,-6.032355158658764,-14.8444463452842,-37.8333261734813,-0.20534498791179592,174.7795885715623,177.47494052000792,188.4751998901367,204.03,233.1942497253418,248,-63.18413507852681,1.8068765946303467,False,1
BGRENERGY.NS,232.77999877929688,490.79998779296875,-52.571311212524094,137762.17269076305,-2.3737643030347866,-9.212166801658949,-30.689297439658382,-30.409566882123507,-0.23450425775382186,244.67629971692494,249.49782673740748,269.2134005737305,288.89200057983396,311.87245002746585,219,-53.13773314578412,93.48583346098856,False,1
WAAREEINDO.NS,251.9499969482422,725.0,-65.24827628300108,79918.85657370518,-8.331820500905751,-15.76396128155052,-35.389155260629266,-23.244479223688597,-0.239005125740649,265.4780736817389,277.6462706415648,321.22700164794924,363.3995021057129,399.3542510223389,229,-65.37931034482757,47.1170616698759,False,1
GRMOVER.NS,84.44999694824219,185.4499969482422,-54.46212006581397,2193779.832669323,-1.5848976215421917,-7.583716911215566,-4.284264156037065,-46.31619206733073,-0.21486989218140742,86.89409515872983,87.73484672148311,90.57160018920898,113.25800010681152,137.03508350372314,179,-55.81019234467075,19.588496279065872,False,1
ORIANA.NS,1227.25,3064.0,-59.94614882506528,58764.0,-1.004271328728068,-10.703239946086018,-27.30638234858581,-30.39841202325252,-0.22592354635966763,1237.174143633323,1266.410025601606,1366.65400390625,1584.1694995117186,1793.0554986572265,206,-61.65306947872471,15.48593272937422,False,1
VMARCIND.NS,358.29998779296875,1708.0,-79.02224895825711,105449.79919678715,2.753075781436376,-2.8207279820274933,-74.8349504491258,-47.43251164512496,-0.4171232781104959,346.2915954817369,352.4255938572643,319.6981671142578,752.2311688232422,715.2720840454101,61,-85.48009367681499,74.24607841132197,False,0
RELINFRA.NS,53.65999984741211,274.45001220703125,-80.44816999063067,909209.9322709163,-4.024324818709768,-23.200232234086894,-34.19988002531967,-40.304816762974085,-0.314243696414739,56.94258393110366,59.47878540070482,64.07900024414063,69.56850059509277,94.97824996948242,245,-80.44816999063067,3.6642157544308773,False,0
VEDL.NS,263.70001220703125,795.0,-66.83018714376965,17360888.075396825,-3.087098018398704,-2.7296177535528376,-12.085347066090312,-61.118985976160744,-0.2892783186284183,270.7488007488118,272.14187887927096,270.44500030517577,303.28249923706056,476.63483863830567,103,-68.59119535242237,16.67258081966352,False,0
GUJENERGY.NS,241.58999633789062,436.21192643803585,-44.616370691504095,983432.7370517928,-5.029025130279729,-11.978200307882014,-36.4956919880773,-33.11942431018501,-0.2709501989510157,248.56006442341672,251.87798647014765,260.7079333496094,311.6000259399414,343.8034991455078,250,-45.54203421416461,0.0,False,0
INDIAGLYCO.NS,294.8999938964844,1219.0,-75.80803987723672,194596.70517928287,18.911287861485636,-71.89822879400607,-69.87435013366132,-66.20892991084776,-0.5993439397709015,497.49454913388007,706.4704349513775,1006.3980007934571,1005.6390058898926,974.4693231964111,12,-82.19852337981952,18.66984629919708,False,0
HEG.NS,237.1999969482422,753.9000244140625,-68.53694266257703,2131226.261904762,-67.42876801259976,-65.47307176881483,-55.93188891386075,-51.911968600296596,-0.5738184526929981,423.25500176177906,527.6000216003492,615.4385586547852,589.8228123474121,570.769487991333,8,-68.53694266257703,38.1565049021505,False,0
