Ticker,Current_Price,High_52W,Pct_From_High,Avg_Volume,Return_1W,Return_1M,Return_3M,Return_6M,RS_Composite,EMA_10,EMA_20,SMA_50,SMA_100,SMA_200,Days_Since_Peak,Max_Base_DD,Prior_Leg_Gain,Vol_Dry_Up,RS_Percentile
KABRAEXTRU.NS,765.2999877929688,888.7000122070312,-13.88545321470247,126637.888,-5.061405412314035,36.672912065231486,159.51170011268428,271.46877580919835,1.6326946222929952,770.5541009482884,720.1093129753709,585.5849987792968,423.5135987854004,326.11034927368166,3,-13.88545321470247,106.19923837282843,False,99
STLTECH.NS,955.3499755859375,955.3499755859375,0.0,4025527.298804781,15.975717825303493,33.73696482628454,63.26581829037317,403.00111221336243,1.8852515512024417,869.4625421775766,833.1052049754395,718.0400024414063,636.1524996948242,408.4315995788574,0,0.0,50.72178155450777,False,99
BODALCHEM.NS,189.75,207.6999969482422,-8.642271166096949,703302.2,-2.7322133386438185,30.457204524742476,204.96624281142326,212.75755023366045,1.5241111250797525,191.78451993483708,177.59054815778987,123.40260055541992,95.24810020446778,74.95350019454956,3,-12.181031980497547,172.98903520805135,True,99
MOREPENLAB.NS,133.72000122070312,135.2899932861328,-1.1604642939919585,9446291.482071713,14.682678362454471,19.623286881203427,120.37217068552333,249.62723705393444,1.413554712397169,122.45448272503543,117.21163505272226,97.05929229736329,74.24731185913086,56.9991792678833,0,0.0,68.65047179837632,False,99
TBZ.NS,623.4500122070312,698.5999755859375,-10.75722387706579,1308780.450199203,-7.616502220997834,49.06156896761058,233.4723807510601,373.5428692823949,2.2850952550969836,622.637149919728,572.1334888486265,405.8844906616211,296.7185060119629,223.0150765991211,6,-14.221296744622647,154.00828558919378,True,99
RAYMOND.NS,1197.199951171875,1241.0,-3.5294156992848547,1039204.3346613545,-0.5523964404971493,79.42299755292244,92.21321314906142,238.9101064888535,1.390573664067946,1139.0557698794348,1037.1362608614031,784.6499975585938,678.7734976196289,543.2162495422364,1,-5.962933118452862,92.73117282723481,False,99
SIGMAADV.NS,1076.9000244140625,1076.9000244140625,0.0,280175.856,13.399673219459318,39.32337245705606,99.66627851315704,588.027086007139,2.743153597701599,960.7843742053763,897.306609599164,758.3950036621094,621.9269998168945,408.1478504943848,0,0.0,55.610150048326304,False,99
MODISONLTD.NS,486.04998779296875,546.0,-10.979855715573494,117333.7469879518,6.275277425700354,-2.6829560689865306,63.753461420500244,273.16820125875756,1.2848425545842586,461.6055782621942,455.3031312638187,394.3549993896484,338.30054595947263,240.6105919647217,20,-22.390109890109887,83.39199285207374,True,98
WELCORP.NS,2605.800048828125,2900.0,-10.144825902478448,1066164.6294820716,-3.209267658820858,3.2613453072369625,68.81316986539763,197.38412145058862,0.9992894183542003,2701.1219080518745,2625.4689081301167,2265.954006347656,1856.9349304199218,1375.4450366210938,2,-12.441380994073281,63.653117583460464,False,98
SETL.NS,416.95001220703125,468.1499938964844,-10.936661829963468,587060.312,3.512915800120475,11.201493167790444,55.75270571320501,230.51922882576937,1.1152509345783939,416.2141741010899,406.51230279314126,352.2859991455078,278.137399597168,204.7351495361328,14,-16.052546166026705,66.54215002901395,False,98
STLNETWORK.NS,47.18000030517578,56.5,-16.495574681104806,2851910.19123506,-9.286672125035821,68.4398426263748,82.7973703270789,151.76094387092238,0.9830288995926401,47.511491730334974,43.06346262327454,32.13600009918213,29.462000045776367,25.79620005607605,3,-17.646019859651553,110.51355574988109,False,98
INDSWFTLAB.NS,395.1499938964844,424.75,-6.968806616483958,872736.412,-1.5202507423091927,7.714321199979279,78.20419595356523,185.57491352213046,0.9908206336068669,395.7762023067635,384.1599281369621,330.8104006958008,257.2125006103516,191.4892000579834,1,-10.653325485579757,68.71365466940338,True,98
BHAGERIA.NS,382.04998779296875,415.79998779296875,-8.116883355178084,205218.6425702811,6.22827590063344,45.155763705835604,75.61524886865134,161.33775387977266,0.9687365654373494,368.45002322820625,340.1555335698494,266.83960021972655,230.53886474609374,195.74432403564452,0,0.0,81.30694076487721,False,98
INDORAMA.NS,95.80999755859375,112.30000305175781,-14.683886950175772,545754.2589641435,-5.810070380638677,43.492590048741505,93.36024022969791,182.2922847238902,1.090424969301499,97.54032614520581,91.10741687722776,72.11200019836426,58.43010009765625,48.81620014190674,7,-18.477292463150295,109.5710310242501,False,98
BIRLACABLE.NS,383.0,418.79998779296875,-8.548230381197207,116270.892,10.9501698888407,12.119435935823386,103.73268079018479,229.69107250165007,1.2651513741376423,371.80518814585935,362.13930154485263,308.22379974365236,250.36562561035157,194.3245435333252,9,-20.964658632314038,108.86463587638184,False,98
SHILPAMED.NS,1064.0999755859375,1095.0,-2.8219200378139297,913849.9123505976,5.638835350074767,14.669988113510456,78.44279102634357,172.0756633850173,0.9586098381961956,1028.0629923276483,991.5440208664909,864.3356848144531,711.5998815917969,528.6341653442382,0,0.0,44.1213011297189,True,98
SPECTRUM.NS,3853.39990234375,3980.0,-3.1809069762876896,18650.738955823294,14.810947957087173,79.36972558585282,87.18545222702112,181.82547829544745,1.1624086689916462,3510.233612084795,3214.914112280753,2640.236015625,2185.734007568359,1728.7725024414062,0,0.0,50.0545133311429,False,98
CYIENTDLM.NS,893.9000244140625,1009.0,-11.40733157442394,662226.2988047809,-2.0598211396434474,4.580289489799649,78.0677339470244,214.642733266383,1.099874892746561,912.7027361358773,894.6316689222718,802.4650036621093,642.7525021362304,501.08500122070313,17,-19.529235658371537,83.28169628339286,True,98
CUPID.NS,312.5,314.29998779296875,-0.5726973792167023,29762281.864541832,17.34886005437928,11.328815963682448,46.65165205807118,261.9411781962958,1.227726160941141,285.5206170988174,279.84866937931844,270.2985989379883,219.48659896850586,155.92409965515137,0,0.0,18.997759960135753,False,98
NRL.NS,156.61000061035156,167.25999450683594,-6.367328857020327,79425.09638554217,-5.0848481149384455,30.45397470155118,69.18008115658225,223.50754204500083,1.157393512937914,155.3351517057725,147.15926651944238,126.66980026245118,103.25380027770996,78.39700012207031,5,-7.144563757446365,59.7289401020906,False,98
PRIZOR.NS,1194.0,1248.8499755859375,-4.392038808360699,24153.225806451614,7.956600361663657,5.546961325966859,45.69859670530811,180.6770139001329,0.8788543687300534,1149.847342309951,1131.3602377115494,1024.395,905.4490002441406,644.3874998474121,16,-14.789602817201253,55.619934652453274,True,97
MENONBE.NS,288.3999938964844,330.0,-12.6060624556108,105780.468,-1.6538810242167523,-1.8713848636339847,74.5916551638326,163.38849596282463,0.8719322985913117,295.7185035806508,294.12512863078086,270.6088006591797,217.44267990112306,167.76428451538087,8,-16.666666666666664,40.232687754987055,False,97
UFBL.NS,692.75,850.0,-18.500000000000007,194417.43951612903,-4.183955739972333,-0.03607503607503393,-1.939275528388884,225.8160172650669,0.8931901366629786,694.8438016251122,705.1061617249959,731.1719934082031,660.8614965820312,452.22249824523925,27,-24.447057387408087,27.668171459742275,True,97
HFCL.NS,238.36000061035156,256.46045809851773,-7.057796598496669,28165889.812749002,13.133038040872602,5.441575668755005,6.060305263954779,228.44527308920087,0.9559781975270505,221.5613983202879,222.49271627101115,220.66612854003907,206.55128616333008,143.1233713722229,23,-22.40519202240707,10.731276264863542,True,97
BLISSGVS.NS,683.5999755859375,739.9000244140625,-7.609142717992179,2396962.462151394,-0.5021486454157231,5.388106044310392,39.66930724467452,188.95472868817035,0.88510089992991,696.3504010736619,680.1644962113464,595.6749987792969,520.3522491455078,366.35201301574705,3,-9.447225585567098,58.14128097539006,False,97
SALSTEEL.NS,98.91999816894531,102.4000015258789,-3.398440727614749,228262.71774193548,10.809904658631364,20.004849936575965,75.07964277689436,146.3147374123301,0.8613174825117869,91.40240811547768,85.9595483782091,74.0889998626709,65.93599983215331,55.53739994049072,0,0.0,65.44572111430757,False,97
DIACABS.NS,345.0,404.0,-14.603960396039605,3028351.940239044,-4.286312022138938,4.261107997459357,57.699864360897244,169.42599904550647,0.8550394932374975,355.94945806803497,356.1456702293046,349.2495989990234,280.0009992980957,209.7661996459961,11,-17.41336784740486,46.67086962733498,True,97
E2E.NS,648.0,698.0,-7.163323782234954,1393489.7768924304,0.20101867456785438,6.500121127372327,69.76682716177898,176.2148265733951,0.9273610487082299,635.1836245542437,624.3122296864833,604.7450036621094,501.06820190429687,372.4572509765625,33,-21.07449506961855,53.4667893194348,True,97
RATNAVEER.NS,345.45001220703125,354.5,-2.5528879528825765,3057880.672,6.636826420694719,20.723403660808337,91.94866359054727,147.97216155411607,0.9158182707304174,327.6224021420766,313.7093204056273,266.8356298828125,221.40451461791992,186.66360710144042,0,0.0,68.01226165145945,False,97
OPTIEMUS.NS,803.7000122070312,850.6500244140625,-5.5193100405035445,305659.624,2.8406925408869244,40.75306693643279,53.847621486710715,149.01627024230248,0.8419547718430945,745.9605991479862,691.9170010548553,612.4690002441406,544.0504992675782,479.19300003051757,6,-12.290606692234007,32.57842377878155,False,97
YASHO.NS,4036.0,4994.0,-19.183019623548258,34084.903614457835,-0.1904184599464065,-2.2641966339750574,40.77725362573818,184.0508579796914,0.8538163810680837,4060.2092556866937,4068.3471260982474,4062.2100048828124,3350.072639160156,2388.683462524414,32,-24.44933920704846,71.29774200505254,True,97
NOVARTIND.NS,1965.0,2588.800048828125,-24.09610773572495,67519.74380165289,-0.3246436205135317,22.697471120824233,34.82914553881764,192.30197099293414,0.9187656192093244,1970.4341528996365,1943.2033738208934,1750.4799926757812,1594.8969970703124,,15,-26.606923510370173,52.123795605254486,True,97
RPEL.NS,1818.9000244140625,1943.699951171875,-6.420740335079467,106007.3,7.094912757174021,2.4963399885936655,40.39055716958173,189.43954850284422,0.8910174582544834,1740.1087926939347,1711.2393417050987,1570.9999975585938,1356.9045959472655,1055.4396804809571,19,-22.457169880404127,39.584461213281074,False,97
FILATEX.NS,106.0999984741211,113.94000244140625,-6.880817798224015,2413976.032,0.7405989190628626,45.22630697513939,81.12521806709442,151.45345609887784,0.9403826914661363,103.88041446052252,97.05603533709741,84.54737823486329,69.1963697052002,57.01597990036011,2,-11.172549661371134,44.23218214676681,False,97
VALIANTORG.NS,477.1499938964844,480.6000061035156,-0.717855214984775,64287.33870967742,15.996107163399497,66.3702978400832,71.45167618600219,105.35828765328566,0.784524882014715,423.44723406029124,396.9824074907293,333.0429998779297,308.50650115966795,281.37020080566407,0,0.0,66.51544729473986,False,96
MACPOWER.NS,2144.800048828125,2234.699951171875,-4.022907070660942,36789.74,4.060935772457297,13.957883674011828,49.906460979506726,133.49403527274234,0.7156722271499705,2077.9241316281195,2010.8959723473608,1825.8879907226562,1498.9241455078125,1235.71451171875,0,0.0,35.76917064535823,False,96
DPABHUSHAN.NS,1874.0,1924.4000244140625,-2.61899936471931,48773.988,33.323849782994316,36.74839219309413,95.45265163318379,84.73974318784737,0.7321375618201234,1580.4089258807605,1503.8426884973032,1441.4349975585938,1228.3814990234375,1214.45350189209,0,0.0,28.461745083256005,False,96
RPTECH.NS,953.1500244140625,1004.7000122070312,-5.130883563913624,503230.171314741,7.88342098631154,18.24216018878271,25.512947161288512,158.8300694104155,0.7562268604894046,898.2237848936355,869.4513141004786,842.5315539550782,751.1696588134765,569.3250700378418,1,-7.818252895251532,5.852866955312175,False,96
MANINDS.NS,921.5499877929688,1039.699951171875,-11.363851969574112,908562.1792828685,-4.289348168476181,23.722899644056493,61.152404850365926,141.718029585041,0.7934857840108986,919.4870860315212,875.4125793445045,726.8859985351562,639.729997253418,527.9909985351562,4,-16.475900240712292,91.68701840789626,False,96
MARINE.NS,436.54998779296875,449.66979114957604,-2.917652823212036,767017.8924302789,8.729760346941152,1.2446230335769304,58.31510470417604,143.72137035864597,0.761049801961207,421.1002042049501,410.8211875523072,372.6945166015625,313.13075775146484,255.131049118042,20,-21.575787202663,73.4784276104134,False,96
UNIMECH.NS,1773.0,1868.199951171875,-5.095811672201278,132922.304,4.768655016452761,22.11584614550319,49.35557547500324,140.78224469134622,0.7601960524978538,1681.1418738402795,1630.955311516686,1491.3480029296875,1300.5615069580078,1100.27775390625,7,-14.805694401845649,46.722554908378,False,96
RUBYMILLS.NS,499.6499938964844,522.0,-4.281610364658162,45884.7108433735,1.0210246119390032,26.604806156017034,45.88872148882221,142.44380822860649,0.7616720343048656,486.6021809100048,467.14222214473546,416.73054260253906,369.3915692138672,290.7036040496826,3,-7.0881226053639885,38.84446351247508,False,96
IOLCP.NS,209.38999938964844,219.0399932861328,-4.405585369005449,2892431.0398406372,3.036117573016095,11.152985434895735,44.9466908889105,166.39949548929027,0.8257801430667002,203.1026838794965,199.01109065764356,180.7913998413086,159.54659996032714,119.66223407745362,17,-20.767892452841362,21.406374271809447,False,96
OAL.NS,532.2000122070312,570.0,-6.63157680578399,34362.748,-0.018781812554991006,16.21356000017593,69.12096641161811,120.11571798033755,0.7202341093440014,535.2814888291907,518.1574029107063,444.74812377929686,386.5905184936523,333.4848768615723,7,-10.38596705386513,50.26480069379462,True,96
FCL.NS,55.720001220703125,62.400001525878906,-10.705128432417442,11653790.23505976,-0.6242170073587516,13.392174618805441,49.09813306102333,152.95968952107657,0.7852932894976284,56.81565373389641,55.405574495214246,48.951379470825195,43.8903169631958,33.60070779800415,16,-20.92948886848135,50.20650475261008,False,96
SBCL.NS,1066.4000244140625,1215.699951171875,-12.2809848444836,356904.976,-6.717978484786169,1.4749262194224455,44.503870868761,149.10451522391486,0.7261615474560011,1102.145909918887,1092.137816165504,1006.2323388671875,865.3403588867187,667.9493112182618,19,-21.271694165707565,50.37057036367079,True,96
WHEELS.NS,2241.300048828125,2498.0,-10.27621902209267,184625.01992031874,2.7742112364914195,45.133716114877465,51.84959680407351,134.7320750481223,0.7875187340709562,2211.301419135743,2109.925037259683,1743.5420092773438,1648.544490966797,1295.3599185180665,15,-18.658926164368992,55.9676331759946,False,96
GANDHAR.NS,282.6000061035156,300.3749196686875,-5.917575803192065,1430328.749003984,7.57517813923867,6.2605727137636125,51.4842665286003,124.83816649167898,0.6739017891192828,271.434353110331,267.518557391451,255.54576965332032,216.5438377380371,179.24354412078858,49,-28.851803869453306,81.09892054346368,True,95
AIMTRON.NS,1898.8499755859375,2010.0,-5.529851960898635,47309.23694779116,5.635444021369684,19.918534474717188,41.83223082849705,117.22243580084842,0.639858948659689,1835.0831179344639,1774.781394194043,1653.0979858398437,1451.3989978027344,1157.4432485961913,1,-9.203980099502484,20.97574775355715,False,95
INDOTECH.NS,3347.60009765625,4018.066930770861,-16.686303256426406,38262.276,4.937149154526987,-6.140500690507277,7.558360724098301,169.7687577473498,0.6944062609352066,3273.779067335681,3358.700555106879,3534.0516845703123,3196.0458935546876,2409.6001953125,28,-24.090361106277236,24.942414570124804,False,95
BLUSPRING.NS,147.82000732421875,152.5,-3.0688476562499956,511581.184,5.165061106805013,11.612809271592162,25.38808048988621,149.40105649156627,0.702159147085913,139.64977853507048,134.95790637032533,124.82559997558593,110.66070014953613,85.51230014801025,2,-8.84590524141906,28.37279897825793,False,95
VINDHYATEL.NS,2617.0,2952.60009765625,-11.366256403047824,56857.41832669323,-5.438121047877143,-4.387859171065411,32.35290504264272,138.85295129869442,0.6382566809326979,2689.2928600266973,2680.60934798974,2506.333986816406,2248.056805419922,1746.9665509033202,18,-15.779317587038044,42.12350749448062,True,95
TFCILTD.NS,138.7899932861328,148.5,-6.53872505984322,9344339.904382471,-3.2552719985917578,-5.029428037643912,71.96592081382882,115.53520887795278,0.6647244698794181,140.11187851932456,138.93794049118674,128.44130340576172,102.37408699035645,85.3862117767334,1,-7.744107744107742,28.78241520738547,False,95
KOPRAN.NS,282.04998779296875,295.8299865722656,-4.658080453223656,559122.4900398407,4.150507860014674,28.90178279785427,47.35139528591679,113.58929868900529,0.6583654540694948,276.01804372828406,262.1043216222614,221.5941909790039,203.77100845336915,170.52099102020264,1,-10.691943278545146,44.51207275303486,False,95
JINDWORLD.NS,45.81999969482422,61.9900016784668,-26.08485488920301,7080093.4223107565,-6.813094567566768,14.008462952207502,53.55227701247331,122.64334239401168,0.6724340319503149,48.15468403153292,47.96417932554241,43.206400070190426,36.587400093078614,31.08210003852844,18,-28.50459994386567,96.57373045992794,True,95
BHAGYANGR.NS,402.6499938964844,467.8999938964844,-13.945287636493441,243236.65737051793,-6.85866174733365,5.849106297844675,3.2303567485825635,159.7909411095824,0.6536943855324331,416.70897586499774,414.28044840148556,398.48399841308594,373.4854995727539,277.68454986572266,9,-16.413761229917768,8.712586722394988,False,95
MMP.NS,449.6000061035156,498.0,-9.71887427640249,46706.145161290326,-0.958256633228538,17.908031611612472,63.04620365839002,109.14678505428483,0.6605835577823058,457.0046557847835,445.71511145687873,387.7403259277344,330.9927198791504,287.9170067596435,12,-13.50401606425703,61.72390170693127,False,95
SHREEJISPG.NS,775.3499755859375,780.0,-0.5961569761618546,1068795.059760956,6.966958915764332,20.508229121072908,47.32091840574731,126.87636447284198,0.69745163026652,744.0587147438442,720.0406425683883,672.5789953613281,585.966997680664,478.2734190368652,0,0.0,15.156689387071221,False,95
EMIL.NS,204.0500030517578,208.97999572753906,-2.3590739671603855,2516115.920318725,7.871642578441684,15.64837918176778,52.32158317788071,114.99314632649211,0.6561057357815877,195.72889162200713,190.8165321549149,176.0868014526367,148.39870063781737,124.64595035552979,1,-8.12517756468758,39.170509628672455,False,95
AVALON.NS,2280.199951171875,2618.0,-12.902981238660239,400029.47410358564,-1.5500256884710573,4.137735178793744,31.264750631450887,136.1677836532237,0.6451908311763639,2321.032690552704,2298.2961152331527,2128.924013671875,1886.1110083007814,1435.4057553100586,9,-16.730328495034374,45.719204775875674,False,95
SHADOWFAX.NS,273.1499938964844,292.20001220703125,-6.519513180940406,4863665.813953488,-4.426170201815383,7.730227019845692,17.51419335204161,130.97411547636136,0.5874733257994463,274.207135281705,267.5635001979569,252.35319915771484,232.27650024414064,,5,-8.555783352358947,29.80877965655562,True,94
VENUSPIPES.NS,2204.89990234375,2347.89990234375,-6.090549254559474,102063.908,-0.06346129054924932,37.42002267491924,21.754979978301535,116.31928212217457,0.6053186524828921,2153.5897616358957,2060.1033100027967,1792.7290771484375,1680.854510498047,1412.704278869629,8,-10.984280125669155,32.2215423139911,False,94
GMMPFAUDLR.NS,1443.4000244140625,1533.5999755859375,-5.881582720905598,184078.788,-2.1689033123547863,34.89719854337032,87.75361366701111,67.07780959303979,0.5991975731475784,1443.5933927298554,1370.594533177382,1133.3045434570313,963.2213409423828,957.1610549926758,8,-9.363587498172244,81.64506793273576,False,94
AEQUS.NS,275.04998779296875,285.95001220703125,-3.8118635945959545,5483852.892682927,13.287201037489593,11.98192055241265,18.61226810855172,123.50885198255148,0.587123254398176,257.1945769699419,249.03104536678333,242.7556002807617,229.1281002807617,188.28440002441405,1,-5.595383569494594,16.47427153191949,False,94
TIMEX.NS,729.5,748.0,-2.473262032085566,528766.6695652173,2.630840254386424,13.426101579426364,36.431640797783224,111.72544647957956,0.585679751724907,707.1086367848355,681.3178383069245,616.9789990234375,548.0795004272461,,6,-8.676473852147392,31.060948081264115,False,94
ROSSTECH.NS,1522.300048828125,1536.800048828125,-0.9435189705425118,229372.0438247012,7.287336854952953,34.271473889610334,54.857718437249446,98.75193162924958,0.6354111664629203,1432.882563211484,1355.1518958467457,1170.1679321289062,1081.1896746826171,911.5431213378906,0,0.0,39.66598248637323,True,94
SOTL.NS,729.5,860.4000244140625,-15.213856427213168,341582.1075697211,0.4129387474191226,-3.0693564091538783,26.936612239141255,129.92369431402793,0.5947788399026468,716.2281268137396,711.0069810258522,692.4385131835937,609.308821105957,484.1114770507813,1,-18.154347719062937,6.635912579120218,False,94
GCSL.NS,679.9000244140625,684.0,-0.5994116353709833,311607.40725806454,7.358287939258212,20.78521849804296,38.8171394800159,103.11117334794928,0.5778248367671889,651.9063146102997,625.8198713772267,562.4299969482422,500.6582150268555,421.79166442871093,0,0.0,29.98758059108826,True,94
SSWL.NS,390.79998779296875,419.79998779296875,-6.908051653946645,721655.496,3.908530032144486,12.21432663039035,59.39457679991502,105.25868083856147,0.6275556370469162,383.2445530663536,369.0445624488158,333.8709069824219,283.1170620727539,242.6421770477295,0,0.0,26.912512985364234,False,94
RAMRAT.NS,616.5499877929688,620.0,-0.5564535817792371,213181.6425702811,12.427053308708548,8.128722306850555,56.783432684065296,105.00257127004504,0.6190450810547857,573.6483671390473,556.5235873664607,507.8120001220703,459.048212890625,394.63283203125,0,0.0,41.13539640122417,False,94
NRBBEARING.NS,542.5999755859375,559.9000244140625,-3.0898460571116337,525877.176,2.590272365188939,19.633996293616327,29.39071603399426,125.96603478063271,0.6338945521769352,529.4664484465791,514.3146499355629,477.48799987792967,441.8060009765625,354.21213424682617,3,-8.47472944061538,24.827112779549253,False,94
SKYGOLD.NS,810.6500244140625,868.7999877929688,-6.69313584207406,1117419.406374502,3.5709737793690355,7.641754175247328,45.90533837931658,119.5098974301934,0.634610086988587,803.5905882436756,798.8232930969621,771.2630004882812,655.6359994506836,509.284499206543,26,-15.630753879030824,60.35166126632308,False,94
AEGISLOG.NS,1401.0999755859375,1528.699951171875,-8.346960140092996,1332221.328,2.292474668426281,12.828146279116549,-0.04500574284773684,139.5519815801988,0.5860216763189113,1366.765596420147,1355.8727140157544,1329.5319970703124,1173.1988916015625,926.6430349731445,7,-16.281802204085082,12.130035628503077,False,94
OMNI.NS,608.6500244140625,764.8499755859375,-20.422299294997437,1091467.163265306,11.097937672279357,12.059283265366672,21.62054342447892,113.23968750033413,0.553036884477786,560.9161853747195,556.6804972730409,570.6189978027344,533.8714996337891,,40,-32.92802296201943,38.421630859375,False,93
SYRMA.NS,1717.9000244140625,1822.5999755859375,-5.744538163851098,1617451.326693227,1.136232727276898,19.797770182291675,23.618525109172793,112.71039917292103,0.5624289451110628,1706.946017981391,1655.2683947232194,1519.3986840820312,1394.153860473633,1108.8414825439454,0,0.0,21.27343058047191,False,93
LLOYDSENGG.NS,98.30999755859375,104.19999694824219,-5.652590750625541,8849459.505976096,8.13991155911551,18.774920316284827,9.073222527289282,115.71198354616423,0.53575735395821,94.014870679458,90.59288219984698,88.85049850463867,84.36839569091796,67.66367298126221,1,-9.165063053799239,6.036966051369563,False,93
REDINGTON.NS,397.95001220703125,419.5,-5.137065028121279,5744607.183266932,-2.07922780914348,9.567730955964793,43.794042351230814,96.57294447141958,0.5347301390421568,400.9327763605036,392.05072511646557,360.50300048828126,305.7420246887207,272.92088317871094,6,-6.436233611442188,39.41554461001944,True,93
PAISALO.NS,79.9000015258789,94.87999725341797,-15.788360203603846,10229173.258964144,-10.676350752576468,20.259057593859552,11.044307012002253,114.12290935469849,0.5194663228899433,82.77221100951061,81.9242508244131,75.1296208190918,67.94748332977295,52.67135112762451,8,-22.618043534670928,31.973210708125865,False,93
SEDEMAC.NS,3432.800048828125,3596.0,-4.538374615458151,216943.2867132867,3.5972944126899,19.75580145920548,23.04824678277917,101.31363752790286,0.5175081877910498,3332.367888615187,3210.9641437660875,3023.66798828125,2783.8009838867188,,2,-7.452725250278092,24.668272091369836,False,93
LOTUSDEV.NS,230.07000732421875,235.75,-2.4093288126325607,1479394.3386454184,5.2711068916035275,31.247297211662527,57.28756994836004,82.92904503845206,0.571344591313817,217.8741454999896,210.5359322234334,193.0581918334961,167.64757553100586,154.3818601989746,0,0.0,18.05613909042265,True,93
WELSPUNLIV.NS,239.1699981689453,244.88999938964844,-2.3357430825919234,4089642.96812749,7.579160799573703,19.579023417637753,41.06320430940724,100.58143905911194,0.5722525767995186,224.56244029924,216.17525218958863,191.09539947509765,172.56039459228515,149.8741355895996,0,0.0,50.18524217830161,False,93
GKSL.NS,194.27000427246094,209.8000030517578,-7.402287203716396,1014706.2408376964,13.707929372127413,19.587570281307443,49.63413812876687,85.97549873168435,0.5456874792477803,179.40420073324168,174.45270674888064,155.7722009277344,144.00720054626464,,0,0.0,44.36352359289639,False,93
SUDEEPPHRM.NS,1199.800048828125,1378.0,-12.931781652530837,528944.0938967136,4.932659017824048,-2.7714709215457822,46.406187729035196,99.55529905848996,0.5368294765957979,1181.4289486843786,1176.3995997186532,1109.5630090332031,946.8226922607422,785.777504272461,18,-21.21915997199293,56.40847027373459,False,93
PVP.NS,50.470001220703125,72.04000091552734,-29.94169825194306,1383646.816,-22.59201904446744,-18.346545705608197,86.03023509742347,93.59417649215828,0.5731823008052198,58.09182268342322,58.688608405047205,49.47419994354248,39.14829996109009,34.7673498916626,5,-29.94169825194306,139.0029153487515,False,93
UNITEDPOLY.NS,47.04999923706055,48.0,-1.9791682561238644,138797.17741935485,3.931961036663978,27.47222820798627,46.027304328059216,91.02720600984433,0.5610671544761915,45.94110827428414,44.089545089872644,37.686599769592284,35.09749994277954,31.367949924468995,247,-57.083332538604736,0.0,False,93
SBC.NS,58.540000915527344,59.5,-1.6134438394498463,11570892.111553784,21.932936809271396,36.743749211954494,38.819073885180224,85.01896980023236,0.5519535360896506,53.27759222810628,50.354052687939024,44.564800033569334,42.131400146484374,36.572200050354006,1,-7.8823506331243465,41.138019351876466,False,93
KSHINTL.NS,1028.199951171875,1198.0,-14.173626780310933,416788.39285714284,-0.7529004660352334,8.723690166008268,19.843806345649995,107.52849446741486,0.5063398767725907,1031.0177145409841,1036.9323770873598,994.9280029296875,906.9530010986329,,16,-18.564275827551125,30.61051695162311,False,92
IRISDOREME.NS,60.459999084472656,68.0,-11.088236640481385,594555.3830645161,-8.185268814799896,4.5116692812345205,40.735568838326984,92.97797392819396,0.49495667197542587,62.81101115589517,62.085311589049745,58.09859992980957,48.91699996948242,41.31119998931885,7,-12.897059496711282,37.17124996464947,True,92
UFLEX.NS,649.8499755859375,723.5,-10.179685475336909,198469.728,-1.7685756817960585,-7.4023957125454505,49.28784603940994,88.52812704929971,0.48540267920854174,654.1667757367727,649.090982648964,595.8599993896485,510.9985311889648,477.1537419128418,21,-15.96406357982032,63.914515426256415,True,92
NEOGEN.NS,2407.10009765625,2499.699951171875,-3.7044387456267924,169911.89243027888,3.4822233179739204,12.67085787710094,19.826077772790175,97.69040957649824,0.4790638106965393,2393.989145099914,2350.7596965389157,2220.031796875,2081.491953125,1713.7544104003907,8,-8.120974675573855,14.381159571554992,False,92
UNIVCABLES.NS,1451.300048828125,1774.9000244140625,-18.232011444856767,180263.79282868525,-4.330913063406394,-10.853805354537771,27.638306189148885,109.07253884461396,0.4931665501734206,1468.8667966280375,1489.1525449474077,1521.34,1344.437307739258,1060.0663052368163,37,-24.59293447494877,40.59797905360525,True,92
NRAIL.NS,659.5,706.4000244140625,-6.639301074906479,18365.908,3.4104272834182714,32.29689067201604,59.87738034088981,64.93579138245916,0.5073795151799563,650.1576621257026,625.6474920636886,553.7783917236328,499.66356658935547,475.1249060058594,3,-10.39071657379197,33.17754103088137,False,92
BLSE.NS,322.04998779296875,339.79998779296875,-5.223661164700988,596162.9123505976,-1.4233315703446547,-0.09141697254176906,20.029340436184782,105.30510702809126,0.4797022839054912,322.353938483253,320.23535606956654,314.3187622070312,275.15959564208987,223.52104209899903,7,-7.107120295483449,16.270162275850343,True,92
INDOBORAX.NS,469.5,542.7999877929688,-13.50405111300893,264257.176,3.7683693961681364,-7.240935362725676,27.03552270385945,101.86069915792837,0.47783586341400863,472.7407128428756,473.97686999007533,459.82599975585936,402.99758041381835,317.92613136291504,18,-19.85998345933735,16.292099936605453,False,92
KAPSTON.NS,542.3499755859375,616.2000122070312,-11.98475091822646,48764.14,-6.184051463376261,-5.233271508974024,42.74245510233487,92.63008314699057,0.48209710341364265,556.7715687249153,558.7864506636702,541.5080023193359,451.75400177001956,390.8089167785645,4,-16.423240863719744,15.452588837722248,False,92
AEROFLEX.NS,521.3499755859375,584.1500244140625,-10.750671266532464,2022336.5816733069,-1.1096427324808977,-3.5876143160540885,13.704142465528047,112.39120117188412,0.4823923607195316,525.7384553435841,523.4338478418208,496.06500061035155,463.72047454833984,349.49599937438967,17,-21.79235007962833,39.57167401284472,False,92
YUKEN.NS,1141.4000244140625,1153.8499755859375,-1.0789921944187597,10918.36546184739,1.2103768046164864,17.421947301866815,46.092469175248965,79.2624994260459,0.49138167663828064,1124.3968933639883,1088.713837188189,941.5026892089844,826.7384368896485,791.8856137084961,11,-10.789964261755735,58.084556230900965,False,92
SANSERA.NS,4276.60009765625,4743.5,-9.842940915858545,233831.25099601594,-7.143477354176387,12.34220614839343,34.17263514460611,99.05663475562743,0.5162853793989385,4391.477909577807,4267.760135134625,3917.1441796875,3458.9243237304686,2777.9265216064455,6,-12.41488146608517,43.08432882150179,False,92
SAKAR.NS,1075.0,1229.8499755859375,-12.590964642834779,120978.56573705179,-4.7450309256316,9.048489887561706,28.75022268200731,103.29047367922306,0.512764511612406,1113.1944826115632,1096.331827951043,990.7520068359376,905.1140026855469,700.6890008544922,6,-15.23356338619093,36.78235581341911,True,92
SUNFLAG.NS,433.5,471.0,-7.9617834394904445,381139.7171314741,9.248995296385832,25.182469465633382,27.066693669407726,87.01711521379107,0.4888824760910401,413.7998997807966,389.2344206866663,363.3165661621094,359.82346618652343,309.9712940979004,1,-8.01486199575372,21.868949406086635,False,92
MTARTECH.NS,7797.0,8714.0,-10.523295845765436,689819.5019920318,10.595744680851071,13.460419091967402,10.642826734780764,98.57379345473068,0.4637402368880509,7365.146287208174,7245.069312609531,6897.94,7089.835,5429.220001220703,74,-40.394767041542345,62.95337176470455,False,91
RUBICON.NS,1630.9000244140625,1899.0,-14.117955533751314,492890.2625,-2.696733597652723,-10.8213046331049,19.84268169662151,110.46825025374498,0.47706170324098196,1663.3432414619176,1697.774285217185,1693.2915258789062,1485.026669921875,1130.513409423828,24,-17.05634673059834,38.19180533390922,False,91
DEEDEV.NS,663.2000122070312,758.7487929742209,-12.592940068167724,1419617.916,-1.8354002112199508,3.1752259489676193,-1.6953548821474484,111.69334409671694,0.4462023634271407,665.9746633215782,661.176433659106,650.9129614257813,646.9902532958985,465.6463614654541,75,-24.013162684211807,65.18219213276562,True,91
QPOWER.NS,1564.5999755859375,1675.0,-6.591046233675368,673826.2868525897,4.2997134224208144,7.560682036542854,36.431395691190716,82.73640907899143,0.4596609008850444,1543.8676283176758,1499.5252543834954,1352.8787036132812,1254.6019305419923,1074.5625424194336,1,-9.552238805970148,40.843316624030045,False,91
STALLION.NS,231.80999755859375,423.79998779296875,-45.3020282596526,1631983.111553785,5.608199343322884,9.112732825817883,22.269108094425995,90.93154646773056,0.45436717514915886,224.95883775378266,223.59226488651927,231.37579956054688,210.25499969482422,185.9348036956787,240,-76.5644165748907,37.375679869473586,True,91
CPPLUS.NS,3799.60009765625,4094.0,-7.1910088506045415,268476.0876494024,-0.013157548147435527,2.1013650068419043,5.259042220996113,107.54123077083099,0.4501316222118487,3741.551609625034,3699.4700678477466,3609.83400390625,3458.198542480469,2600.5446588134764,35,-20.59110893991206,5.4694964069585295,False,91
TDPOWERSYS.NS,792.1500244140625,817.5499877929688,-3.106839185145749,2559202.298804781,6.7587633981216255,7.768184146569412,35.05767424494222,80.15872630283319,0.44810305963741986,763.7770041739036,754.0815584436994,708.8068127441406,659.7292358398438,544.2548765563965,12,-16.82465780034983,28.623546632261988,False,91
JGCHEM.NS,610.2999877929688,688.0,-11.293606425440583,254362.792,1.4208538085531686,1.7561647058631946,45.658581373835275,78.72021934398774,0.4567898047177364,620.8330654325404,612.0120031826133,589.0375799560547,508.7754479980469,433.1861491394043,1,-14.229654711346296,17.877742521222984,False,91
SHANTIGOLD.NS,303.54998779296875,333.0899963378906,-8.868476648862222,1412924.7729083665,7.027005506980033,24.76365967344185,37.09239919754563,75.40159024340352,0.4694378834201147,292.5852130937845,278.3892893323223,251.22942321777344,235.43551162719726,217.42505584716798,4,-13.239666933371375,49.88142565608784,False,91
VENUSREM.NS,1796.699951171875,2031.2182849222206,-11.545698238893397,66496.63306451614,10.579757334924466,12.230615514511989,5.077073546839528,101.68095253657347,0.45699601915076093,1690.4720219209598,1662.8128369417425,1637.220771484375,1601.9960961914062,1212.4317620849608,67,-28.766886594393416,96.13821105221463,False,91
LAURUSLABS.NS,1984.0,2055.300048828125,-3.469082232970233,2082722.5378486055,-2.0827140553166146,6.4377682403433445,29.741045209921513,87.80796980453232,0.45124783727326384,1986.3835539795327,1961.4226332247385,1881.4139990234376,1663.6650036621095,1362.6968728637696,5,-5.021168237748519,13.748380151051132,True,91
RML.NS,1343.199951171875,1440.0,-6.722225613064237,55652.57768924303,-1.4382225531254011,21.699738207445442,9.144473895277994,99.23373687081822,0.46632962303087233,1341.2632751715291,1313.364527356298,1207.2462719726564,1120.7369213867187,947.0450030517578,15,-14.59721883138021,15.147173510573865,True,91
FINCABLES.NS,1458.800048828125,1498.0,-2.616819170352136,614799.529880478,-1.4324291332348027,23.33680175913382,35.15988872329812,81.26933539299439,0.4757981821269048,1434.404832398095,1395.086645623047,1251.5557934570313,1157.0463220214845,1000.58845703125,14,-13.277705234583614,40.975139211857496,True,91
KAMDHENU.NS,37.59000015258789,43.70000076293945,-13.98169451642952,1401499.08,-6.8170550064402535,5.018119741630089,21.51856883728449,92.17891335170482,0.43649054439549273,39.01536385638578,38.72751189595788,36.58322242736816,32.419678401947024,27.30755750656128,7,-16.84210636580432,14.07686415177376,False,90
SMLMAH.NS,6251.0,6898.5,-9.386098427194323,102556.46613545816,-5.3309101923368125,17.53313904296323,60.599129604153234,58.54464438583222,0.4457113342493782,6489.357680948398,6322.58500039562,5684.610004882812,4792.563603515625,4425.135183105469,6,-9.407842284554613,48.795444590451154,True,90
DEEPINDS.NS,749.0,825.0,-9.212121212121216,383319.13545816735,-2.219321148825071,7.97952478019337,64.73590820894299,57.902903531779046,0.43955906716550686,760.5565073515885,749.3144733675467,691.3475012207032,584.0467413330078,498.3554800415039,16,-16.606060606060602,73.45421727657877,True,90
SMCGLOBAL.NS,99.05999755859375,107.0,-7.4205630293516345,1339592.21686747,16.445277905203405,24.8078545176309,39.187860204017966,60.8011130257651,0.4268290196555795,90.68201521164745,87.30604624109931,82.25540023803711,75.84954608917236,74.68591135025025,2,-16.448596704786066,17.01485581202693,False,90
PCCL.NS,406.0,454.0,-10.572687224669608,13948.387096774193,-8.764044943820226,0.036957963343264844,66.56410256410257,61.752988047808756,0.43801413086640906,434.9649730019497,426.4274591395953,368.3420001220703,316.5820007324219,275.61975036621095,8,-11.894273127753308,67.89296824436835,True,90
KENNAMET.NS,4277.5,5136.0,-16.71534267912772,27546.081967213115,0.26017480569864304,-7.874051602738397,49.46364813447688,75.0848735892417,0.4332425103606192,4240.656945856001,4267.50945314723,3929.1340087890626,3413.5550122070313,,15,-22.934188129745912,80.59985281407147,False,90
ACCENTMIC.NS,669.9000244140625,731.7000122070312,-8.44608265162673,47241.93548387097,-0.6451576694011862,10.562798716156419,34.44499056337118,76.35749163776957,0.42924537800410345,673.0058275344327,661.1509954095676,601.3329974365234,535.4073150634765,449.8192323303223,12,-14.309144521020844,30.139323984289025,False,90
MARKSANS.NS,325.6000061035156,350.95001220703125,-7.22325266327708,1998861.561752988,-3.4973289882717196,-2.075186134281015,25.721457838327268,92.05802174096185,0.43774875922199546,331.0574263409603,328.66826996536037,310.7723028564453,280.57793563842773,228.74957496643066,5,-9.346065584747043,30.831847126371347,False,90
CENTUM.NS,4701.7001953125,4999.5,-5.956591752925289,68870.6907630522,-2.8092421779467025,32.24482127358685,29.4121173007569,68.94012510480813,0.42567725269073026,4673.062112018525,4457.926590025341,3921.2300439453124,3704.4407568359375,3141.5468688964843,6,-10.787074801230123,35.05968800529424,False,90
AZAD.NS,2860.89990234375,3127.89990234375,-8.53607878563939,410578.1314741036,6.8177519391645625,2.6958091822568697,27.349205534998887,82.02583134335755,0.4223603122821052,2810.868987734277,2781.037163571333,2685.2780029296873,2419.533006591797,2056.482505493164,1,-9.680610446025161,21.10511247500897,False,90
BLUESTONE.NS,787.9500122070312,969.9000244140625,-18.75966673131606,1651474.184,-2.3787414515621386,-3.1288433050348563,35.25878100044852,84.33734698910133,0.4344893028961191,815.7037600958215,825.6044879593873,827.9830053710938,685.912504272461,581.8040019226074,6,-23.66739282915279,11.067835118468029,True,90
ESAFSFB.NS,43.400001525878906,46.0,-5.652170595915418,1211623.452,6.32043569412819,2.455148490420922,25.833573249649632,84.99575114904346,0.42871445702009275,42.388237629888714,41.65779313713792,41.00679977416992,36.2572999382019,31.18954993247986,1,-8.043479919433594,6.711407370887312,True,90
QUADFUTURE.NS,531.4000244140625,567.2000122070312,-6.311704341060831,1241592.047808765,6.195050139027569,28.048198653990973,15.722998756036555,83.62129772682,0.4439456346223992,525.432369332018,500.11498886163605,424.812001953125,400.573000793457,353.1740005493164,1,-8.286318580480689,52.9617271704594,False,90
DOLPHIN.NS,628.0999755859375,749.5,-16.19746823403102,122745.82868525897,-8.34671140025054,4.084839320617895,70.28601469228792,51.14907809812361,0.4152773237103435,658.7707763628201,652.1061411068615,572.2759979248046,481.095498046875,451.1064990234375,6,-19.913275517011343,92.86951874311342,True,89
VSSL.NS,383.29998779296875,428.25,-10.496208337894043,163544.384,-5.358027705439817,5.8547311052495665,42.38873929474802,67.46724665209814,0.40338663899769595,399.74428951378195,392.01518654806824,357.73570739746094,317.6448947143555,287.36209815979004,10,-12.352596356447021,37.74214189563481,True,89
MAXESTATES.NS,566.25,652.7999877929688,-13.25827043679687,126327.578313253,-8.195523474934962,12.574552683896624,30.879465616144365,70.3776108322479,0.39110242207028295,579.8434297269966,567.3460487349779,500.9670013427734,467.4040005493164,433.4899998474121,5,-15.502453140229866,58.0727751145504,True,89
ROLEXRINGS.NS,196.36000061035156,198.4499969482422,-1.0531601763822285,2843686.490039841,8.240999198747478,13.496333648281244,40.68925292395422,63.961253429994414,0.41314643898715026,186.67264215544944,181.55480441483223,170.13279937744142,156.97820037841797,143.9205002975464,3,-5.820107447404077,39.072601337113035,False,89
ONEPOINT.NS,74.37000274658203,74.5,-0.17449295760800787,1681690.212,7.300541575853647,36.183852619267086,27.171688318618024,58.50384835650932,0.3951987051962792,68.55019194211638,64.61515251204013,58.980400009155275,58.454400062561035,54.887700119018554,0,0.0,30.24519217857433,False,89
WSTCSTPAPR.NS,727.6500244140625,777.0,-6.351348209258367,143139.112,-1.3957568429552536,15.674435821393695,39.68333975989611,64.2106388272906,0.4058456893886829,726.6268224650031,710.6070899167829,647.757802734375,578.7760781860352,504.8922203063965,8,-10.682110682110679,31.35225500268959,True,89
EBGNG.NS,704.7000122070312,730.0,-3.4657517524614767,469391.584,4.145420347432682,9.800564912810916,9.843352133994788,88.22116017498377,0.406161247274974,683.278970827032,669.4121116642441,615.9120031738281,562.7900012207032,455.90650062561036,6,-12.260273972602743,27.59144057342775,False,89
KISSHT.NS,371.1499938964844,386.25,-3.909386693466832,3344011.276190476,10.035578810720992,23.346627259875397,15.64105928653814,77.89866520156549,0.41524667199634824,355.16299260828583,344.8519262026633,323.30399719238284,302.93819961547854,,0,0.0,21.948410203168756,False,89
KMEW.NS,2950.10009765625,3175.0,-7.08346149114173,162044.74501992032,2.0583961111827254,-0.050819892613196416,30.674165930402197,77.63126270003823,0.4045043049173159,2945.1152638388953,2910.6422704147676,2780.00201171875,2461.841004638672,2100.212996826172,20,-21.612596887303148,38.869777251553074,False,89
SHAREINDIA.NS,205.08999633789062,233.35000610351562,-12.110567399380601,2176412.294820717,-3.1909415014705678,22.086748695614023,50.0995301062239,55.766660215395206,0.41434778707000997,207.7185365271041,202.30491315127279,185.0763525390625,166.37859191894532,154.69648685455323,9,-14.668956542106738,19.786899711092552,True,89
CNL.NS,1079.199951171875,1327.4007679287436,-18.698257734486432,83312.86693548386,-2.502490977615668,-13.312955237087065,41.209405797395426,81.21636132068038,0.419365261223118,1099.1935949540577,1117.1534678462654,1133.4826892089843,934.1929724121094,796.5325247192383,22,-20.973377042952592,63.08946799795721,True,89
KROSS.NS,258.3999938964844,283.0,-8.692581662019661,926176.6972111554,-5.313301694502826,24.51811323077131,41.9078472696496,56.32183250206935,0.394733796584266,257.6878256512004,246.9782922590688,220.5338000488281,204.59730026245117,199.23595008850097,6,-10.975264154980124,40.45277819131072,False,89
AXISCADES.NS,2307.300048828125,2349.60009765625,-1.800308438458087,153351.1235059761,19.9781643242509,36.55087385354538,44.47714770370226,43.23049313177372,0.3994333276695433,2022.6540861797744,1913.6871032433596,1707.1239916992188,1745.2419995117189,1627.701502685547,0,0.0,41.43067391805515,False,89
KDDL.NS,3911.199951171875,4270.0,-8.402811447965453,31673.66265060241,-5.063349274357465,1.7169940210862933,22.877475695106785,77.52555127275436,0.3771052709441529,3960.5908061606883,3939.4894195140237,3811.17556640625,3386.5967431640624,2859.8612866210938,6,-9.889930885904564,36.33838395501967,False,88
APOLLO.NS,394.0,466.21327810672074,-15.48932248347299,9357799.601593625,-1.265502555431408,3.029486628646727,-6.985413733827661,99.09215979104147,0.3802058686645449,398.52122559284214,397.08744939705724,392.9358752441406,397.25195068359375,321.4451384735107,64,-22.529477120049535,38.54086550076132,False,88
ARROWGREEN.NS,865.2000122070312,952.75,-9.189187907947394,61583.736,-3.432111120156389,12.883032972854046,37.77858968254362,63.51501338763133,0.38972977742370785,873.1985638592975,850.7175889213822,780.51509765625,683.0800250244141,576.5735961914063,11,-13.198635528732616,27.978891092886137,False,88
ORCHPHARMA.NS,990.0,1143.5,-13.423699169217318,116089.45816733068,-9.683895639267448,5.538085697251427,6.046811948494191,90.9722132283805,0.38342156451424,1023.6644723918628,1018.0604122481225,1003.9600036621093,956.5264971923829,800.3939978027344,7,-15.640575040309358,12.36616213579136,False,88
ASIANENE.NS,466.75,564.2688840142267,-17.282343006489086,303743.66135458165,-1.6643830186601205,-7.174410192418801,43.077152486205826,67.35231912267766,0.3826275305458304,480.7447762102928,484.2307953753278,459.2288427734375,406.1646405029297,344.1320288848877,17,-20.029260378528548,56.5690941627061,True,88
RRKABEL.NS,2518.199951171875,2983.800048828125,-15.604266037836966,452161.86454183265,-0.4585381228695673,-4.26550925096606,9.715929101782251,90.993170143503,0.38413091125455706,2496.3489011080096,2513.1194081342132,2629.037998046875,2420.6005407714842,1950.5971551513671,28,-21.569813228906586,14.690478613377289,True,88
QUESS.NS,336.20001220703125,388.75,-13.517681747387456,700502.2231075697,-4.867001128045079,-11.351348132621952,15.629405335644385,88.61594774034913,0.37378230957504077,344.3291470315593,346.78380445301383,340.3660192871094,294.1759260559082,244.313228225708,23,-16.655948553054667,31.295430946326054,False,88
PRECWIRE.NS,501.3999938964844,524.9000244140625,-4.477048852076326,1013466.545816733,2.556760105553746,3.7880330287239916,30.520998827685307,71.10036596803451,0.3860972865181957,488.8238177778067,478.7421795915387,446.17426147460935,424.4750213623047,362.1713603210449,23,-19.927611308049965,31.614317126495184,False,88
RAIN.NS,208.52000427246094,250.82236847510148,-16.865467166992243,4549486.346613546,-4.4494302548587665,1.3906450254909108,6.404092661855976,89.81517505538999,0.37680483800325093,213.57049931556918,212.62855768791937,213.14492553710937,201.76104736328125,168.55852115631103,39,-23.83454695544952,13.211767621915937,False,88
ATHERENERG.NS,1406.0999755859375,1744.0,-19.3750013998889,3930106.342629482,-6.197466605341062,-16.606369969414004,24.942237878306518,84.77003621365802,0.3744966519453826,1477.7446852716098,1511.9292931948555,1492.622001953125,1276.6120001220704,1014.2632492065429,22,-21.238533509980652,51.28879646867253,False,88
PANAMAPET.NS,487.1000061035156,595.8726432274872,-18.254343165481636,357869.848,1.3524760544010528,-0.5410911478273328,10.692623787290989,85.40888698745303,0.3739837130704315,478.74354318674415,477.83986805698805,478.88600830078127,433.42609313964846,356.856815032959,36,-26.687353234181156,28.454949333894586,True,88
APARINDS.NS,17648.0,19265.0,-8.39345964183753,123208.98804780876,-0.8762075937991498,5.330820531812597,23.642187387965308,74.441201423094,0.378476801326098,17688.378532604616,17585.43824935027,16774.9514453125,15465.402412109375,12634.179147949219,7,-11.990656631196472,35.729245679010724,False,88
ADOR.NS,1570.4000244140625,1766.4000244140625,-11.096014339391536,37534.284,-2.6350052301251314,-7.66698145992587,21.214799705686072,85.83779405613667,0.38902660719162807,1598.1876190689154,1598.9402664307197,1571.0540014648439,1382.6304345703124,1190.4109274291993,22,-15.811823197906282,31.390316488080906,False,88
ELLEN.NS,341.70001220703125,480.0,-28.812497456868492,486448.8,-4.473021932898192,9.06480227277553,31.372550630021955,65.21613001945677,0.36863875458054585,358.98747541697765,354.80208701659484,326.73700073242185,299.94550094604494,280.64465019226077,249,-63.54166666666667,0.0,False,87
HLEGLAS.NS,442.04998779296875,660.3165096389808,-33.054833350349874,320608.6015936255,3.10203796920554,41.083585028971385,14.38914500256141,58.832818276807245,0.36376791614206155,430.993030996829,412.7949116024883,382.5636053466797,378.5016482543945,365.9412166595459,230,-62.23279835285147,38.367481652851595,True,87
RGL.NS,162.5,173.8000030517578,-6.5017277637173905,1733644.8964143426,-2.285028852690474,17.933092327361333,35.40538047448463,57.61396935499352,0.37025317464546015,162.11121130571507,156.71656670940015,138.4468000793457,124.58029983520508,118.03779987335206,6,-10.247409232374938,40.82273184007437,True,87
VARROC.NS,830.5999755859375,912.2000122070312,-8.945410603938242,276219.264,-0.3359789712141681,0.7520561606340959,25.933112490425604,73.6111731267706,0.3734121633284132,845.388744892479,842.8174180952011,808.21658203125,708.8340417480468,627.9370904541015,7,-10.58978681521543,31.510711824226867,True,87
AKUMS.NS,813.0999755859375,838.7999877929688,-3.063902310567812,267968.5903614458,-0.550391405867523,5.563125684639725,30.18973524589532,65.59131003701613,0.3635103058491624,807.4584117081511,792.968314762366,749.96599609375,674.7154992675781,575.5765780639648,6,-4.8640901748604914,23.888345935754707,True,87
SAMBHV.NS,161.4499969482422,167.30999755859375,-3.502480841468736,1762859.644,5.966130415775961,27.952129147062355,40.819882075448156,43.2183022624846,0.3572032439861836,154.97992237011806,146.99725043389526,131.1040003967285,121.01530014038086,110.94420017242432,1,-6.8495556884248465,36.10101428880519,False,87
INDNIPPON.NS,1224.4000244140625,1564.0,-21.71355342621084,65476.668,-6.953415784055683,15.042748119970462,22.771486954859753,68.36026461520281,0.36488759978127583,1257.7557138937693,1241.4049886986459,1179.3459985351562,1072.1084985351563,923.7269747924805,15,-24.060105423793154,13.515754560530691,True,87
INOXINDIA.NS,2168.300048828125,2339.5,-7.317800862230173,230927.56,5.012591900060315,3.2818971939293506,15.784701519924372,77.15910336482048,0.3675669043069741,2105.2864631998855,2102.7541709266566,2040.2299951171874,1903.3370629882813,1564.9380102539062,15,-17.46954268740649,15.11231551968173,False,87
COMSYN.NS,262.3999938964844,314.8814145022618,-16.66704295289567,344591.9,-10.290600377270298,-13.156401788155437,37.74548208827315,71.53905329481066,0.36278925549048086,279.87304127795943,284.31249691652647,269.63627197265623,219.4402717590332,188.08782165527344,8,-17.984997492398847,74.2893257836425,False,87
ALICON.NS,871.9500122070312,1014.642243796537,-14.063304821173928,37627.02409638554,18.182437873895154,31.56294080425628,34.990964713815195,43.23950225827857,0.35923922265696767,772.761102400585,745.5379955989467,715.1719189453125,681.0291351318359,704.5298876953125,233,-43.248528066614845,14.370375504068278,False,87
SUDARSCHEM.NS,1241.5,1354.3500695931907,-8.332415091696921,233843.176,1.9293924466338153,-0.34516364260620547,34.300348890966184,63.837070331887745,0.3594883931618709,1220.9124254596422,1218.8036043026118,1171.475897216797,1051.3699279785155,966.7126022338867,248,-46.60394279277579,-0.5086025809806438,True,87
ANTELOPUS.NS,1106.5,1290.9000244140625,-14.284609259168723,640231.5219123506,-2.1618950641043244,16.332857235811748,35.658673068130554,58.07142857142858,0.36976555289762514,1135.4085670794414,1094.2570079322613,943.2959973144531,876.7469964599609,713.4092472839355,4,-17.112093906290593,53.58489971660072,False,87
CEMPRO.NS,1178.9000244140625,1649.199951171875,-28.516853061002735,637031.1992031873,-7.063458855809024,-4.604306697351179,-22.51215949151225,110.24938509306223,0.35718898964720086,1231.7186733962099,1248.5775756967898,1278.3180029296875,1261.047607421875,964.79736328125,52,-30.03880166208669,74.26013959775881,True,87
PGIL.NS,1263.0,1357.9000244140625,-6.988734274087083,295073.1633466135,-0.8322845311818483,6.961377690782933,27.84694491217401,66.40866197106645,0.36226595347117185,1256.3579821906367,1226.047120099349,1167.2089990234374,1039.5203125,905.1894613647461,3,-9.146481405785389,23.238569531332164,False,87
GRWRHITECH.NS,6925.5,7975.480119830348,-13.165102339352108,81487.29880478088,9.191959006700824,-3.6708375455848485,-1.1806273278432422,86.57849694156828,0.3446223896982745,6768.463783747643,6778.459690046336,6962.652919921875,6666.510727539063,5216.229345703125,40,-21.760196173208747,17.5853192824992,False,86
TATVA.NS,1743.199951171875,1880.0,-7.276598341921547,124724.99601593625,0.844612738177819,7.941349143845433,39.02370568236015,52.37503290454018,0.34329855969110984,1751.612159019341,1721.2833143064347,1694.5594409179687,1477.0886389160157,1359.6028009033203,3,-10.484041254571142,-0.4898780887729215,False,86
SWANDEF.NS,2718.199951171875,2804.89990234375,-3.091017654477768,14768.682730923694,0.058891756538081985,12.610816811091418,16.17231790952689,67.21210580678783,0.34264590233445286,2700.591402835494,2653.4406212554113,2533.0619970703124,2315.5400061035157,2049.9199993896486,6,-8.196367440836216,15.276331639937046,False,86
PARAS.NS,1276.0,1583.9105379095645,-19.439894523079747,1754837.701195219,-5.017122464580847,-9.70207189545025,-6.001350315511256,99.29414774851588,0.3547512737920484,1333.8400362629052,1360.1986977661497,1367.1434838867187,1229.8644860839843,960.7611209106445,29,-20.95513161668954,21.548123141014884,True,86
MBAPL.NS,165.8300018310547,174.94000244140625,-5.2074999904054735,1101386.3824701195,1.0727094705115903,4.249697740352532,38.8860969110729,54.56949083598646,0.3445083590283812,165.9840648111659,164.50480821183532,163.2313998413086,139.94837356567382,116.51276336669922,28,-13.021606528745034,50.20898910282252,False,86
KINGFA.NS,6586.5,6628.0,-0.6261315630657793,8546.33734939759,5.747772336838719,11.415725307042312,30.771295708967973,56.95412136934965,0.3487095955552259,6326.596099483193,6179.827114426368,5832.495263671875,5489.8741845703125,4919.153562011718,0,0.0,23.67479716837506,False,86
ENGINERSIN.NS,312.75,321.3999938964844,-2.69134849432211,5119483.38247012,5.427273364156449,14.000178872807645,29.279033119941133,58.661816074023456,0.35591199476568897,301.16872058605736,288.4395836551444,258.55564178466796,246.8580242919922,225.8952843475342,3,-5.709398398254406,39.54318925045839,False,86
ARTEMISMED.NS,336.3999938964844,378.79998779296875,-11.19324056569344,335818.81707317074,1.1121074703029254,2.576606609216636,29.67703660551395,63.965652036548825,0.35115903865147335,346.19063323805455,340.77878151232744,322.7770001220703,295.88518753051756,269.54371589660644,4,-13.423964420434276,18.38491458966507,False,86
NILKAMAL.NS,1871.800048828125,2149.5,-12.919281282711093,37093.64919354839,-0.6317302464411534,-7.974432211006633,47.796710084524044,55.231812295454375,0.3477367847669352,1905.7640155567237,1928.994680581387,1919.6800024414063,1603.096981201172,1462.6955346679688,19,-14.766225839221326,63.613114606450736,True,86
BALAMINES.NS,2052.199951171875,2629.800048828125,-21.963650731303186,317639.7250996016,-7.8077290578672525,-14.137489338447473,-4.312957621389302,99.29141607487608,0.34814408370057426,2155.818462425109,2197.7440880904423,2212.8219897460935,2144.2585766601565,1645.3061184692383,18,-23.511295054680982,9.650141223817377,False,86
PAYTM.NS,1656.0,1855.5,-10.751818916734035,3499957.143426295,-4.580812445980986,2.285361334156888,35.938275026769894,61.01901683334794,0.3518808026360342,1703.8182140120273,1705.8745915944664,1613.6419995117187,1389.552000732422,1275.3095013427735,11,-12.454862602314066,41.27861089187057,False,86
UTLSOLAR.NS,401.6499938964844,494.25,-18.735458999193856,601289.7077625571,-7.325796134548024,-7.539134544233949,17.665149176731674,80.13633748825156,0.3511367322601853,415.14078658838247,421.6594766916857,422.44899780273437,374.05449829101565,297.7284992980957,30,-22.28629112726037,54.281098546041996,False,86
AVADHSUGAR.NS,764.5999755859375,884.7999877929688,-13.584992525469652,118322.344,5.59315030596812,-5.8026408664239915,45.013099235623244,55.6432388120915,0.3516001215283559,772.4226569389641,767.0488359301404,719.3589984130859,596.7078189086914,495.71044555664065,28,-19.98191571340048,81.68835027132795,False,86
UNIPARTS.NS,819.2999877929688,915.9500122070312,-10.55188854478849,207904.304,-3.6514363126280536,-7.564730596246038,27.57709871587597,68.23339848945497,0.3368839926003277,844.0623713149909,849.3231736765781,823.5617626953125,728.3356359863282,600.9214164733887,22,-12.473388119151663,39.97751552846851,True,85
MPSLTD.NS,2628.39990234375,2979.0,-11.76905329493958,36742.29317269076,0.43560956605845913,1.3026980426783963,30.681640657005673,57.82393802164736,0.32638167970902177,2645.184372410072,2649.7313151435646,2712.9379833984376,2308.783995361328,2011.0089929199219,38,-16.985565626049016,58.02714007087029,True,85
MANALIPETC.NS,78.1500015258789,92.43921791593199,-15.457958983435239,1476000.4302788845,-6.1599391553945,-4.997472665368841,24.18906027383292,69.55811466671963,0.33464475500224516,81.96027831032964,81.79240001149905,75.85544342041015,69.05956089019776,61.78762115478516,17,-18.259804375118026,42.64449159513286,True,85
GLAND.NS,2874.39990234375,3042.0,-5.50953641210552,383120.952,-0.7938151713677843,0.20917585428368302,17.57532943144615,68.7319652098243,0.3272783856708352,2912.438491117395,2903.9367087584783,2810.04765625,2562.5756994628905,2148.1503326416014,18,-8.205131415392831,21.760544341428734,False,85
NAZARA.NS,384.70001220703125,401.8999938964844,-4.279667069087656,2409945.342629482,2.7099251755076548,5.109292952740785,28.8129985163746,59.34226230278221,0.3367365558412419,379.3249319695949,373.1767615289242,357.1899987792969,325.6724984741211,293.3650491333008,1,-6.942023966208488,12.629019453031898,False,85
INNOVACAP.NS,1168.0,1353.5,-13.705208718138163,75345.928,-9.827842509794937,5.358111647320518,22.444697568537066,66.97641172265905,0.33612812038109346,1214.8222726569459,1189.3266243149446,1088.6519995117187,1008.499497680664,860.3776629638672,6,-15.833029097016993,33.95962864615187,False,85
ICIL.NS,443.6499938964844,485.95001220703125,-8.704602787935656,789222.4183266932,-1.6188087621550884,-0.7827351107624669,3.1755009122722555,80.50277595136919,0.3283533275586135,446.5117446854204,443.6699581224354,430.08860900878904,399.0010928344727,332.2549530029297,6,-10.896184973131096,15.872861812790063,True,85
DIVISLAB.NS,9249.0,9740.0,-5.041067761806984,389891.492,-3.6763174338679483,0.3145336225596429,35.43040552579191,59.545435019730554,0.34142570646754933,9398.439239215606,9318.361906043563,8848.01,7816.739389648437,7037.3890771484375,5,-6.796714579055441,22.55264837268667,False,85
DIVGIITTS.NS,1136.4000244140625,1326.0175300078042,-14.299773668348548,104967.77911646587,-1.746494172424795,-8.418378991390963,14.485070523619715,76.74344119662592,0.33184572420215613,1167.034910904154,1165.0086514063623,1138.768468017578,994.1276263427734,830.3996994018555,22,-19.910561062209364,31.679737729211553,False,85
HAPPYFORGE.NS,2003.699951171875,2470.0,-18.878544486968618,81287.22310756972,-3.8900659898697065,-14.587150578334086,31.556522953190203,66.16233796339881,0.32625455356662797,2073.5431295968942,2106.3550048287284,2067.069992675781,1766.9951684570312,1492.011469116211,22,-20.607287449392707,62.230663067052895,False,85
RPGLIFE.NS,2930.699951171875,3127.800048828125,-6.3015568316170505,25175.163346613546,1.062107309401683,14.261767037920858,22.4773609941318,56.52979366133817,0.32313689901299153,2936.5331403263885,2862.813813924934,2754.4560009765623,2571.0131567382814,2316.0141064453123,4,-8.450030203406023,10.201580502334195,False,85
AARTIPHARM.NS,968.5,1002.4000244140625,-3.3818858328418577,353466.51792828686,3.6660422799036585,11.94557837334922,37.640604744500706,49.43019270942366,0.3381997840977989,923.4115981528528,890.8376405287556,821.3243981933593,749.0662738037109,733.1653747558594,1,-8.045692582779541,39.9798337538815,False,85
IGPL.NS,569.5499877929688,609.9000244140625,-6.615844401688364,47325.726907630524,-2.8734713368967713,4.236815948852013,31.27245418110858,58.63368922117063,0.3339522799888155,574.2091071367616,562.1398085341128,520.7736889648437,477.351318359375,427.9859565734863,3,-7.747171357370187,17.094532354747184,True,85
WELENT.NS,724.4500122070312,841.9000244140625,-13.95058900120273,326942.74501992034,-3.2970715346835933,-2.325738130793642,18.017437650872736,65.7598493756139,0.3091431626588029,752.1079639152985,747.9283887581789,680.3449987792969,621.0435018920898,551.2481385803222,8,-14.770166648663263,31.484589185220525,True,84
SAILIFE.NS,1541.199951171875,1697.0,-9.180910361115203,545996.4741035857,-3.3669867966749756,-2.885951406939191,25.036506709262206,62.97783655500071,0.31788197673723606,1566.3752679638692,1560.3894260194809,1484.7099951171874,1344.0160009765625,1150.3712475585937,16,-12.01532259363951,32.63141934574871,False,84
TARSONS.NS,329.3999938964844,375.0,-12.160001627604167,486967.438247012,-1.8035528664142486,-4.618506421062685,12.365683354849534,72.08233050224948,0.3143858063650069,327.90719313125464,326.77807605630494,326.67699951171875,288.36159942626955,247.4902498626709,34,-23.43999837239583,37.19442330816967,True,84
GHCLTEXTIL.NS,129.22000122070312,144.58999633789062,-10.630054295920688,465066.972,-4.521941246332151,-7.269468560544922,16.867144412908885,69.21424302532111,0.30839752697258915,131.48828112689878,130.67684400319953,125.9531999206543,112.66309867858887,95.16483016967773,21,-19.06079138019281,32.28594166315881,True,84
MWL.NS,43.130001068115234,48.0,-10.145831108093262,900070.0717131475,-1.6643856180522665,10.025510787467361,13.999926193219704,63.63182448367517,0.3149137124712422,42.82164964823797,41.93108718958765,40.33400001525879,38.78847541809082,33.428480024337766,12,-19.749999046325684,12.351071035068584,True,84
MUKANDLTD.NS,172.66000366210938,184.8000030517578,-6.569263630503475,201284.06772908368,11.207013893400175,28.677905117573886,32.635528768233144,37.11103471916852,0.3149135493099215,162.42970091746977,153.33084337435054,141.5073355102539,138.08572135925294,132.93517078399657,1,-7.98160159979483,29.409827604842786,False,84
MVGJL.NS,206.69000244140625,233.99000549316406,-11.667166293799403,135386.8674698795,-3.775605444659791,27.775722960148585,37.08051738609392,36.43804538031592,0.30876957415518286,210.98815070089992,204.16012439780894,180.03999969482422,166.63239990234376,167.2979500579834,17,-20.872691333009318,27.307875653409774,False,84
DYNAMATECH.NS,13756.0,13996.0,-1.7147756501857625,27698.06,9.600828619233525,20.402625820568932,27.543824066293855,47.25935844250828,0.32207498622928604,12973.710022933896,12521.162593123254,11615.185703125,11066.184609375,10437.050275878906,0,0.0,20.72090710301495,False,84
UNICHEMLAB.NS,535.0499877929688,687.2000122070312,-22.140573590127445,278696.5059760956,-3.1846622353367104,-4.395610747421886,15.599001995757945,70.45237279278622,0.31663061342823823,546.2310262160304,544.6838882277013,535.9410028076172,494.5324996948242,433.21375015258786,60,-29.816650287301314,78.76080608999865,False,84
KRISHANA.NS,184.58999633789062,206.38999938964844,-10.562528764100188,1003124.9003984063,0.04335907725134813,-1.8451564743969473,25.486056205866483,61.26206637113994,0.3178594802306166,185.54694975198558,185.1939920103944,184.9207992553711,161.41786483764648,134.32131805419922,25,-17.045395988089584,34.49194272832072,False,84
SOLARA.NS,714.8499755859375,774.0,-7.642122017320741,265029.9282868526,-1.7185674598985567,11.634262956257713,27.720200106323524,52.371306594041144,0.31419578514775204,728.6021613252054,710.9377930058126,622.7259997558593,593.878999633789,547.5270002746582,12,-13.56589147286822,28.095920441960942,True,84
JASH.NS,576.2999877929688,619.4000244140625,-6.958352425295001,205917.2329317269,-0.14728174393767723,22.773249859147704,15.435080673506874,55.09066804005278,0.31206713215508947,573.3760830903262,551.0208737480286,509.75708251953125,491.62137115478515,444.2335743713379,1,-9.573788584238663,19.948415319046564,False,84
RISHABH.NS,698.7999877929688,852.0,-17.98122209002714,164427.6265060241,-0.8161237810835997,-6.327079384320545,7.683175096134454,75.78172133339159,0.31270612807224507,724.0052305091053,732.7071399764106,703.8899975585938,639.3355172729492,527.2433056640625,16,-21.531691573595214,26.995991387111175,True,84
SUVEN.NS,308.29998779296875,403.3500061035156,-23.565146119311887,817749.2270916335,-7.9838832934174375,-17.312596822816097,-1.9713870292627167,84.75459747958848,0.2904951518915162,328.55940165911863,337.7404776917921,341.6339996337891,314.06410064697263,239.37040061950682,22,-25.350191757220053,19.492719214109556,False,83
GNA.NS,580.7000122070312,648.0,-10.385800585334682,306819.22310756973,-6.406640215640169,9.072123512038853,22.69174459836274,54.0327187554261,0.29594371562523014,585.4222019572378,573.0974675814687,550.6690008544922,487.68933349609375,437.7113525390625,5,-12.191358024691358,16.889605590765242,False,83
DIFFNKG.NS,464.3999938964844,519.9000244140625,-10.67513520125869,180877.80241935485,8.695141930130923,-2.7434567756053685,11.95888965911287,65.80970214101298,0.30232370592031077,444.43367002602804,440.4684722342221,422.15459594726565,392.81105163574216,338.162437210083,18,-20.15772521431568,18.16564275324819,True,83
GREAVESCOT.NS,225.97999572753906,269.68934059737177,-16.20729420488586,1675773.737051793,1.8707991985885686,16.364572234142116,1.6382829886181005,65.21564857223434,0.3003773869216645,219.81298626543207,211.40346680928104,205.30974609375,204.9290234375,182.81145133972169,57,-33.734864597162805,54.415047283454456,False,83
SONACOMS.NS,805.0,844.0,-4.620853080568721,2212000.326693227,-1.3842935148780988,2.855679408260414,20.599250936329593,56.71935394522443,0.29300223389152924,811.8061768123915,806.3795432454511,796.0030017089844,711.8351922607421,614.6078900146484,30,-10.065167323107971,32.725074592501,False,83
ITDC.NS,665.5999755859375,818.4899820798453,-18.67952080554519,939080.804,-2.9383921857911055,4.913179963615333,14.129128291568517,63.83684328185997,0.304622725743585,672.3293281220282,670.4889239409703,678.7081811523437,648.6915319824219,589.7523495483398,53,-23.710464572979163,39.4917086223014,False,83
KIRIINDUS.NS,544.5999755859375,779.0,-30.089861927350768,994047.4262948207,-2.7326394286438127,4.000754357897129,42.248913909821816,43.73185124271139,0.30694301598746143,544.8688260747517,536.7444496406752,489.02,441.31350006103514,450.00274978637697,189,-57.15019412157012,26.560316180547684,True,83
AYE.NS,163.2899932861328,197.2899932861328,-17.23351470273977,1747922.855345912,-5.0584405658252285,-4.698262649593399,-6.3704134169557,81.29232134938722,0.29160307928166984,168.14177773071316,172.26514221309793,173.6618002319336,166.3328998565674,,52,-22.702617877417218,28.738683662283783,False,83
APCOTEXIND.NS,593.25,712.0,-16.67837078651685,117589.1,-1.5924319440515644,-5.6311179574131565,16.129978058527673,65.37591223333776,0.29703891525005616,598.0478629144029,602.3676748726826,612.4019995117187,563.556968383789,467.63888137817383,45,-21.22893601321103,19.669597186865605,True,83
BHEL.NS,421.0,446.5,-5.711086226203809,12729465.705179283,1.3602970539204229,-1.520467836257311,8.995627005053098,66.55154620630073,0.291512427221768,419.57640237687934,421.44117001697606,419.8390008544922,410.5020205688477,347.9229788970947,54,-11.422172452407619,3.6253327258339185,False,83
JTLIND.NS,86.2300033569336,93.86886160930845,-8.137797903812395,4117281.3824701197,-4.295222178387781,-6.5471119648934595,3.924030520492794,77.09284537063463,0.30275402693584225,88.31043047603035,87.58521780208075,82.43954803466796,78.34870262145996,71.2176350593567,21,-15.456521737042273,19.05682896341181,False,83
AMAGI.NS,554.0499877929688,727.4000244140625,-23.831458730116374,760471.9829545454,-1.4409030097502051,-3.2733939245084165,5.957154699660117,73.03246929133078,0.3020136504055364,563.5801620810579,569.6682808706882,596.2609985351562,542.3584991455078,,35,-26.972780536414596,29.782760309221977,True,83
MSTCLTD.NS,705.7999877929688,795.731978165477,-11.301794176959213,515830.45019920316,-4.369622726563405,0.31900602538983414,-1.7650695691088458,78.99738295224101,0.3069627124258538,721.1608946003962,719.7948627861264,680.0715966796874,627.4334335327148,536.4425758361816,17,-16.645964643388965,19.22663888693732,False,83
VADILALIND.NS,7187.0,8379.661952680708,-14.232817020729193,18054.935742971888,-3.0552370675119733,-4.383689217055808,12.88179824625313,64.43301128511216,0.28455482437758445,7324.595387043767,7338.4311185067345,7322.616796875,6547.293967285156,5594.83820678711,35,-19.507492807126535,25.2515119796453,True,82
ASKAUTOLTD.NS,618.1500244140625,687.7000122070312,-10.113419595524276,377690.3187250996,-3.8273007523823455,-0.9136733822136422,36.80471473684857,43.231999954744005,0.2776874965127121,635.1694035691874,632.582373782957,617.4234674072266,536.5230758666992,488.56731079101564,40,-13.261598166087508,61.097436605357494,True,82
NEULANDLAB.NS,21505.0,24225.0,-11.228070175438598,56091.04382470119,-1.8260671079662227,-6.3371080139372875,13.65659575241176,63.51505327520255,0.2805297172222047,21903.104940001347,22242.538545939376,22169.34,19939.595146484375,16982.736879882814,16,-14.489164086687312,21.57511300567192,False,82
WOCKPHARMA.NS,2083.89990234375,2422.300048828125,-13.970199383354187,1247395.0,-8.9085130558196,9.431279152996286,8.791433168559127,60.596481315650074,0.27871427001845067,2163.854446024315,2136.620669617918,2018.2919970703124,1946.7059936523438,1661.9014935302735,88,-26.00421135766394,69.3196934599882,False,82
SENORES.NS,1349.5999755859375,1599.0,-15.597249807008284,307415.6812749004,0.39425177157679236,-6.892033419390309,-1.1137216220968749,74.75074413023637,0.28227199658745106,1380.2064273842343,1400.6765643660713,1425.0800024414064,1336.324500732422,1078.015500793457,28,-17.485927178607717,14.860562232040353,False,82
MANORAMA.NS,1880.300048828125,2148.6752714346185,-12.490264404974782,211529.33067729083,-0.12747131279502444,3.7461703258038437,19.361742356731824,54.08106686864813,0.2817743638836007,1894.4502980829586,1908.8211725193087,1839.7917065429688,1679.097449951172,1515.740186767578,17,-15.110485784007777,35.19903643853812,True,82
YATHARTH.NS,1033.699951171875,1184.0,-12.694260880753806,530596.1792828685,-10.656875438904489,6.9529178656880575,22.75970464850685,53.31088485611291,0.2847716136624438,1076.6483305072863,1050.9824733924725,949.686103515625,891.6523065185547,790.8126751708984,9,-14.527027027027028,35.92925632234925,False,82
TALBROAUTO.NS,419.70001220703125,485.79998779296875,-13.606417712407815,208127.8207171315,-9.93561969806196,3.1541734756783457,2.213322716158528,68.63968632132764,0.2775714406870809,439.659359794077,437.05769156310396,422.79725952148436,398.7066372680664,334.68105247497556,8,-15.489913933894329,20.954486394592475,False,82
63MOONS.NS,802.25,955.732564747902,-16.059154036295375,374760.9362549801,-7.028627036515134,-0.12279426246848413,14.76648181937168,60.0062424529529,0.27705019970847455,833.2835865212954,838.9687769343748,827.6848803710938,747.6828735351562,695.083599243164,43,-22.845666657474762,41.52402301756044,True,82
AGI.NS,790.7999877929688,887.9247110688007,-10.938396247461368,246167.712,-3.7194848360681876,6.494841564631959,12.913015056646637,59.65705530347671,0.2866374646770425,795.8641175505609,781.7497162638076,740.8674487304687,695.544048461914,648.4635536193848,242,-48.11136802855987,-2.725573593288777,False,82
AETHER.NS,1670.0,1798.0,-7.119021134593995,335823.641434263,1.4457568663625908,1.433429010931686,22.694881342649698,53.945420799348966,0.288178942113571,1687.328364202264,1668.1304276334936,1621.4899951171874,1436.7489965820312,1236.5332525634765,4,-9.171302803896687,14.77007196804605,False,82
SOMANYCERA.NS,614.2000122070312,627.2999877929688,-2.0883111495071383,108880.15261044177,2.0520124818598218,7.735491757523505,15.83009036495091,55.58848137984596,0.28736719261114335,603.3536516997794,587.1926678249445,544.6147711181641,528.1701678466796,466.53112380981446,3,-4.798338302514294,22.297540872842813,False,82
AEGISVOPAK.NS,290.75,320.95001220703125,-9.409568798380509,1226287.1354581674,0.5707346460219531,1.554317986995235,3.925846788805276,66.71127561047993,0.28230201342834804,295.96934820407114,294.32380136116024,286.8531982421875,260.5625115966797,235.46849906921386,8,-12.681106296633315,4.879896548534113,False,82
IDEAFORGE.NS,735.0,992.25,-25.92592592592593,784780.5498007968,1.1908893377582386,-4.514452744397534,-13.934426229508201,82.92683482576801,0.2820660444635106,730.3410315177457,741.763158196481,794.1329992675782,825.4275,651.5352500915527,83,-31.065759637188208,114.98912472733194,False,82
DPEL.NS,618.75,655.0,-5.534351145038164,45112.44979919679,-2.3745642289101476,6.4974182444061945,20.00582414629497,48.720110120012095,0.2655181851788355,624.2947574353642,618.70849046879,588.5300036621094,552.0445004272461,450.8162501525879,14,-7.282444611760496,9.01834879788832,False,81
PITTIENG.NS,1123.800048828125,1225.3791940785206,-8.289609105594675,68789.76612903226,-3.204130161229546,4.7923695808143485,15.591050032886834,52.612453665710454,0.2636035737619015,1137.9694296437785,1128.9527003245548,1062.6697937011718,1005.7247869873047,922.3277536010742,17,-13.496164687444768,20.815568600356315,True,81
VIDYAWIRES.NS,90.97000122070312,117.3499984741211,-22.479759349324134,4126206.7073170734,5.496924132252623,2.77934586498636,-8.20383186538699,70.00561404259187,0.2664665764364318,90.22863285711243,89.35053549534919,89.5802001953125,93.54569999694824,75.83760007858277,89,-30.12356108544538,107.22868757098442,False,81
RBA.NS,92.22000122070312,111.1500015258789,-17.031039177060503,6049977.324,1.7319356518444406,-5.657287753756391,23.652452341859885,51.75251032752224,0.26838475848000026,93.01209476799893,94.1627474715445,92.5754005432129,81.8109001159668,72.83705009460449,28,-19.478183741489353,33.41270300390076,True,81
ACE.NS,1212.300048828125,1268.0,-4.392740628696767,322022.34661354584,-2.312647153253422,11.332539411087271,20.680306968460126,45.4522952886806,0.2642025337290239,1213.1901200272064,1191.8215605441453,1139.1841162109374,1042.0003912353516,961.0285025024414,8,-6.932178581550675,16.091530384912133,False,81
ACMESOLAR.NS,432.54998779296875,476.8999938964844,-9.299644929989704,1709500.091633466,-3.1568356198799052,8.612677411919334,12.731293727345449,56.04255726724568,0.2764326294549779,436.5220662784631,427.8301508431731,399.05199951171875,372.16949951171875,310.50191940307616,7,-10.274690842339563,29.015469450487874,False,81
PRABHA.NS,218.30999755859375,262.79998779296875,-16.929220814661438,182312.22,-3.299963292662378,0.9432622397153034,47.98670772499965,31.758099065630564,0.2695790806242894,226.06016221052428,224.95290749210085,199.70860046386719,177.7070004272461,171.34128753662108,16,-18.16970584444163,65.79036436118015,True,81
LXCHEM.NS,181.38999938964844,216.4316077512647,-16.190615005682552,1058357.669322709,0.4318690973151851,6.983188513583372,15.152255749439568,54.23032127578777,0.27677629847595175,178.77849398583768,177.50116734838917,177.23720031738281,167.60563095092775,154.5534405899048,250,-50.369003111640666,0.0,False,81
SANGAMIND.NS,634.5499877929688,672.5,-5.643124491751861,67234.82258064517,9.461786170594145,8.164998105428879,14.850676523614247,49.75418283853246,0.26936054330642445,611.4685190001763,599.031759921215,592.4669970703125,567.509298400879,514.2556069946289,52,-18.141263940520446,21.320354236146333,False,81
AEROPLANE.NS,208.13999938964844,212.07000732421875,-1.8531653693782402,1168746.2325581396,3.0498087891926318,16.117154471212515,22.26987288584914,42.75719823939952,0.2731225293467632,203.8588841583409,200.17742896993343,192.0824008178711,167.42039985656737,,3,-7.89833518249099,1.2435813520415229,False,81
SPORTKING.NS,208.5399932861328,240.46267240987245,-13.275523724250604,378535.4096385542,-1.0955716151360817,-8.89988842852193,16.788375371659047,59.67695823347348,0.2701776105766911,210.26786757391147,211.37182000364024,212.736533203125,195.00103378295898,153.4201132965088,42,-18.736285481356507,31.42742238589502,True,81
KWIL.NS,38.36000061035156,50.68000030517578,-24.30939151664926,18121582.58490566,-6.0034321992032735,-11.572153836237288,16.031454981554806,61.651923094544216,0.2655543174511634,40.35569036651067,40.86250922447474,39.43920001983643,35.81669998168945,,28,-25.78926522518079,39.34097118034599,True,81
STOVEKRAFT.NS,809.1500244140625,873.3447454599583,-7.350444527159405,221757.472,-1.1242074230267907,-3.7734953387489334,4.345265652717822,67.11982048987105,0.272843880817113,812.363173120904,814.7402956728071,802.9181726074219,745.7381555175781,636.0206939697266,20,-9.880950004633194,5.311007175167082,True,81
RSL.NS,174.42999267578125,202.22000122070312,-13.742462850938185,777253.3065693431,-4.117197432141706,-2.273157246051516,34.04206794570188,42.51730313029698,0.26353190443404884,176.25207350314247,177.42665889723546,167.75817199707032,148.61189476013183,,7,-18.90020818414978,34.66256857567236,False,80
JAYKAY.NS,201.4600067138672,219.6999969482422,-8.302225984405476,334981.76666666666,-0.5283128780322999,18.925628082946556,16.79517670480406,43.879446198167436,0.2632262581949428,195.8362285552982,184.7825857746912,164.51469146728516,170.38374588012695,166.2752229309082,209,-47.41920880850942,0.0,False,80
POWERICA.NS,589.1500244140625,676.9500122070312,-12.969936658501302,372982.9534883721,4.67265700789028,19.128508534246635,7.450307775041964,49.15190491495254,0.2618882170613196,577.9142681711648,565.5612277411681,545.1169946289062,551.7194955444336,,71,-27.52049855249442,34.358499266208995,False,80
SURAKSHA.NS,350.1499938964844,360.0,-2.7361128065321205,65859.55823293173,-1.6432601414369752,2.743546490147075,28.00219686410257,42.93003510617777,0.25957056385587596,348.1899568034494,340.8451522429718,309.53199981689454,293.2089988708496,282.65294914245607,8,-6.944444444444442,38.011468794343315,True,80
GNFC.NS,589.1500244140625,636.0,-7.366348362568786,436175.2749003984,-5.7510722405927694,5.889270485984688,17.260685075943847,50.36382009306304,0.2592648043314603,601.7312371485057,590.4440329106734,557.4599346923828,529.0797006225586,486.05472381591795,4,-9.433962264150942,28.081375576511824,False,80
CAPLIPOINT.NS,2631.89990234375,2990.0,-11.976591894857858,124157.536,-8.213015554876302,-3.1074953968190933,0.44815747801119077,68.32464757102741,0.2602150563696287,2740.051676797466,2722.909170106045,2633.5263671875,2488.4260571289065,2118.492620239258,5,-15.050167224080269,13.228874964919868,False,80
AVTNPL.NS,87.8499984741211,102.0,-13.87255051556755,198270.80722891566,-5.466482098754232,0.7916415592254866,24.33699462037002,47.3638845269313,0.258583322988532,90.48331951805245,89.6350312086498,83.48850219726563,76.55289947509766,70.33734922409057,6,-16.666666666666664,39.31193485888065,False,80
KRN.NS,1414.699951171875,1687.0,-16.14108173255039,628482.2111553785,0.9346443931308679,-7.825129908482264,14.969520615349442,57.354982523802555,0.2596128765174248,1430.0374094720714,1450.8302371203733,1421.5799951171875,1307.1919995117187,1101.078748474121,16,-19.259041162659308,24.255157435093345,False,80
EIMCOELECO.NS,2268.800048828125,2373.76648551747,-4.42193608047603,63442.91129032258,-1.5448643909165782,3.4375923151909626,22.936876121816585,46.38082542957898,0.25966425032323104,2274.1552250582545,2251.2490315652944,2100.444001464844,1890.7223229980468,1744.0443005371094,243,-40.94537746267466,12.153508296188619,True,80
BEPL.NS,123.76000213623047,137.34641029083173,-9.892073717712735,1524002.0039840636,-2.620185929352614,-2.773194087444042,26.527432552056986,46.741175838424944,0.25838042690563007,125.87945502272342,126.2423506403442,124.3031999206543,111.94384407043457,98.94283283233642,52,-19.029555378269503,28.384523858105236,True,80
EMUDHRA.NS,580.0,686.4765699745266,-15.51059054768288,337754.332,-12.041252877510388,11.079186609414538,32.936056893776296,37.78318119899404,0.26005801581862376,614.2122728924254,597.2683706377939,545.9709979248047,501.8561761474609,497.5119152832031,237,-47.040020447559904,-2.0136307479458826,True,80
NPST.NS,1766.5,2055.78100588124,-14.071586664807988,54349.81124497992,-0.88649769372523,4.639456144349441,6.134130979042429,58.59438195979436,0.2611723353712784,1750.8535839591786,1737.8675862539405,1650.5135913085937,1551.3650274658203,1389.5486541748046,236,-58.86297472148496,-1.0843610701775086,False,80
LALPATHLAB.NS,2005.0999755859375,2038.5999755859375,-1.6432846267630974,381820.6733067729,2.233208875102144,4.644851580501896,19.243162336947695,47.83567141122413,0.26059508469184556,1954.598413508648,1936.2001260183838,1911.4395947265625,1775.1615417480468,1591.8344958496093,11,-8.515646898114039,11.87453628965882,False,80
ABDL.NS,679.4500122070312,753.7999877929688,-9.863355902090799,531621.352,-4.591730827213825,12.417270807645341,-3.3086665143176375,60.311856214403335,0.2515642361027373,688.0475986467189,666.862137869519,631.0370031738281,617.0483862304687,560.5534443664551,4,-10.59299242226418,15.423726843094233,False,79
GALAXYSURF.NS,2376.89990234375,2648.0,-10.237919095779835,24235.71370967742,5.79986642141761,6.61613019023346,17.275102098537754,45.231808119066486,0.2517846655737638,2273.804209583961,2247.62633936647,2179.478740234375,2018.4629272460938,1932.910089111328,32,-21.499246556953366,24.252688082819684,False,79
SUPRIYA.NS,931.0,1083.7124081428149,-14.0915991175668,315686.908,-3.197296594749155,10.806715683561062,7.733023321843269,52.62912058993163,0.2521316870976293,950.3357942093166,926.8356538577982,871.3988549804687,877.6418664550781,774.9548278808594,88,-31.755758011856404,71.92093493739809,False,79
KIRLOSENG.NS,2242.699951171875,2714.2611782271474,-17.373465414381318,637666.908,3.6128413569819884,3.7854621928300913,-0.801484268522501,60.726712768222725,0.2516861640099656,2221.3587240768807,2192.6209310445133,2160.0870263671877,2120.197335205078,1750.461968383789,72,-28.746724319904416,45.23311172483402,False,79
GALAPREC.NS,1157.800048828125,1260.0,-8.111107235863091,38905.548,3.643368913408107,11.273430930141748,-6.175036561740277,60.582531044122746,0.24999524526496175,1127.081766660275,1095.3842049740003,1064.4359924316407,1049.0964965820312,905.2934982299805,63,-23.722224159846228,44.84417892116037,False,79
STYL.NS,366.0,431.9715536346741,-15.272198615760557,210184.48207171314,-1.1745662297355963,-5.181347150259064,11.171685160538235,56.7017432271385,0.248784767859915,369.0088690039204,372.1644620921304,379.48960876464844,342.92119216918945,296.9713304901123,244,-51.895563971633194,0.31683323595059765,False,79
JYOTICNC.NS,1032.0999755859375,1134.5999755859375,-9.03402099467403,1058541.470119522,-3.7713926064693704,7.999785404573045,33.934597493487395,34.66857290029593,0.25270626228432264,1046.6723765047345,1029.1613471175474,949.2550024414063,831.9395025634766,827.5285015869141,8,-12.065923349611174,38.58164548503111,True,79
SHREEPUSHK.NS,491.5,542.9660166810689,-9.478681003953039,116816.58167330678,-0.1320723162746007,5.442210229172462,17.968746852641402,48.271670666646905,0.25774527136658215,494.7505003176352,488.44636035912856,447.5173699951172,415.6033511352539,379.19922073364256,17,-13.793103860086209,25.814012305934963,False,79
RAYMONDREL.NS,648.4500122070312,741.9500122070312,-12.601927146260373,749771.4262948207,-8.449806101568258,28.139517409161584,-7.733348965559161,56.7674334926185,0.2516989157905515,650.4630872877142,627.3931079157924,607.417998046875,615.9703076171875,535.4094157409668,4,-14.603414628809263,10.604884900655343,False,79
COFORGE.NS,1826.0,2021.199951171875,-9.657626948719233,2870044.386454183,2.24536508414539,-7.10688073673661,23.507242284405507,48.72858892201792,0.2534676861519604,1788.8752951360304,1808.7001424788905,1817.1666455078125,1631.2697253417969,1514.056655883789,23,-15.050463018045413,34.282001170787126,False,79
LENSKART.NS,691.1500244140625,725.0,-4.668962149784484,6474970.162995595,2.241127871902737,3.32635658363003,28.90981869662199,38.05054086487543,0.2478254605885305,681.184608620866,676.1436651765489,639.4290063476562,578.7295043945312,532.3177525329589,9,-10.579312028556032,27.217121991035008,True,79
STEELCAS.NS,356.45001220703125,390.8999938964844,-8.81299110446544,135171.472,-0.37729894689617627,7.77022288950302,11.594101679803481,49.7581111443119,0.24897789644876792,356.74315723602405,346.97692561358195,336.1089581298828,315.0912738037109,275.05472518920897,4,-12.01073993925058,21.633259094283595,False,79
JSWINFRA.NS,357.45001220703125,375.5,-4.80692085032457,2416481.673306773,-0.9010257527062637,7.633244696663466,10.324077841676305,53.01443248060935,0.257395427088087,353.10382479962345,348.32125202068175,337.93400146484373,320.7194662475586,292.69824226379393,7,-9.201061995464377,15.524824639020807,False,79
HIRECT.NS,1123.800048828125,1397.5377365248423,-19.58714105118917,137603.068,-7.809676060038962,-9.96634411233207,3.0009118422009484,65.74231237042056,0.244229620723582,1185.3716156539037,1206.80528032531,1251.5018432617187,1178.112471923828,961.4323626708984,54,-21.11125365805804,30.07876184171345,True,78
RADICO.NS,4237.0,4747.0,-10.743627554244783,403605.536,-5.451538958227231,-5.343822547592747,3.4017794774057197,61.52151626709181,0.24015221944717172,4411.037989437663,4442.452132368554,4485.791987304688,4115.898269042968,3534.4626220703126,31,-10.789976728723405,25.2473373698068,False,78
MANYAVAR.NS,519.2000122070312,694.9609513325177,-25.2907647240442,492422.024,-1.0010486944039831,-3.197917791595495,30.87342433803255,39.1545905652803,0.24184175099762392,534.814539862389,538.2802246737967,518.5721118164063,460.42254150390625,455.42051437377927,244,-53.30496283663435,0.3309775116881575,True,78
MEESHO.NS,218.69000244140625,254.39999389648438,-14.036946663453364,24823420.08292683,-6.0771319872167995,3.3506597983849584,15.13635865560703,47.70363774648931,0.23684781456233148,222.1273755073228,218.65815448497256,204.95140075683594,194.2490998840332,180.90964958190918,198,-50.64465386359866,38.497273441201955,False,78
TEGA.NS,2093.39990234375,2198.0,-4.758876144506374,189079.612,1.5227886684650915,36.11968152891014,25.875951962131083,22.206100652043514,0.2402144102208527,2025.8198450552227,1927.6063243045887,1721.8555541992187,1706.23564453125,1731.0557403564453,1,-7.461328480436757,33.43984446889652,False,78
WINDLAS.NS,1082.4000244140625,1181.9000244140625,-8.418647765857191,70751.98,-1.0422402546312104,-1.2949071209205187,27.0625548383177,41.4406252659383,0.24331811108223406,1095.8235256987311,1086.7432228841985,1005.34900390625,915.435166015625,852.3825036621093,18,-11.092306699200849,36.517984049999995,True,78
SAREGAMA.NS,494.75,574.5,-13.881636205395997,1332715.268,-0.7423035643330356,3.6559842139782806,1.372812698414294,59.03246232511372,0.2468179522593213,497.1732377847912,497.70814318251314,507.11499877929685,483.52649871826173,412.7937484741211,41,-17.667536988685818,27.21150908086947,False,78
SUNDRMFAST.NS,1123.5999755859375,1347.199951171875,-16.59738596274717,143463.372,-4.154232808475089,-6.421252496153473,19.90182529707012,50.54000904758027,0.24486877428074938,1167.6528082406496,1183.7464451504857,1161.4190002441405,1026.1765002441407,948.6569616699219,15,-17.896376508640333,29.448138010974056,False,78
CHENNPETRO.NS,1346.4000244140625,1677.5,-19.737703462649037,2368910.509960159,-1.9159268371329197,-4.780762064069133,25.411823269953395,45.13391819152315,0.2452936916106816,1406.7299647321838,1415.211032181564,1369.8646240234375,1226.2619226074219,1060.2190481567384,14,-20.67362437127421,36.72258324378681,False,78
SGMART.NS,742.2000122070312,860.5999755859375,-13.757839500087588,355972.268,3.4929912766070714,-10.2756284750545,23.340259610640835,48.01076760181684,0.2450055835656879,740.1332478933565,746.5783920966562,755.1560009765625,681.9475024414063,563.1850012207032,26,-21.206135856063124,38.4109776828264,False,78
CONFIPET.NS,86.05000305175781,93.09257068463576,-7.565123168352117,2654411.079681275,-0.27812940227509575,4.360138766301946,18.06125631980573,43.99013711095841,0.23858646553357962,87.10313124561262,86.05582859921591,81.58075363159179,76.0787553024292,58.07920250892639,8,-10.497691618074988,9.77294456688853,True,78
JNKINDIA.NS,432.70001220703125,557.5936417008903,-22.398682508803734,550915.0200803212,2.426322571622208,0.5259087909089022,-10.487781042092493,66.41634267505083,0.2376801677273659,428.5416390991561,428.2177621121499,434.8868768310547,441.98729583740237,350.8319242095947,55,-31.83691649705125,46.30846699841569,False,78
PAUSHAKLTD.NS,650.2999877929688,826.75,-21.342608068585577,33686.71563981043,-2.9185621416001117,-17.233043440297756,23.053119789782684,51.522454004691085,0.23786452636591676,677.2055023183614,696.3995017898417,710.4899975585937,601.8535693359376,545.6790408325195,20,-23.314182038100995,47.60875476212269,True,78
CLEANMAX.NS,1299.800048828125,1536.0,-15.377600987752283,467053.60135135136,-6.165167871360522,3.3556038534849453,2.9789335375382198,54.480628846342725,0.22740535583359495,1352.1810799892717,1346.6275951143687,1320.3880004882812,1294.5299975585938,,71,-23.763020833333336,29.554579585818132,False,77
WABAG.NS,2004.9000244140625,2319.0,-13.544630253813605,468717.4940239044,-1.1975126819700144,0.8602462604837102,-2.2142064438998688,59.39339610025238,0.23145394490830734,2050.017433643086,2058.979771060648,2023.5279907226563,1918.4391943359376,1598.6630401611328,14,-15.618799101848857,14.404094735293915,False,77
KTKBANK.NS,321.6000061035156,345.3999938964844,-6.890558255221501,3732025.800796813,-4.894274165811485,-1.1292529350377944,24.095548325741078,42.65975392513732,0.23577288064188545,326.31843402283357,324.7596507708439,314.2184197998047,289.3393753051758,251.75909561157226,5,-8.323682833826663,18.117905782826348,True,77
CARBORUNIV.NS,1239.699951171875,1368.9000244140625,-9.43824026137261,274839.528,-4.381029604946008,15.697615601668225,8.576308058573524,45.17855869035947,0.23345736053554889,1217.1398995526267,1181.2786879659736,1124.907568359375,1106.2476739501953,977.157437133789,5,-12.77668356306194,23.652837386742974,False,77
BBOX.NS,795.8499755859375,1101.5073628455477,-27.74900990856738,606300.8326693227,0.056569167470987836,9.742134885504793,-19.603693596691663,68.98396803053717,0.2366656302705543,796.745169606678,787.8620248762392,766.3398754882812,862.3820886230469,703.5092929077149,84,-35.62003774699245,119.85655462455883,False,77
DYCL.NS,428.0,560.0,-23.571428571428577,585889.1075697211,-9.551988808329881,-20.08215670701221,18.13507238568728,57.931320665904295,0.2364141975983247,445.4224184151287,451.2482846714866,446.41900146484375,396.694013671875,354.79671913146973,22,-25.598215375627788,53.25982393201485,True,77
FOSECOIND.NS,6382.5,7389.5,-13.627444346708161,7822.588,-1.4590088003705426,3.226589034449301,24.56088992974239,39.014414837324864,0.23473449840705474,6428.000192852116,6352.245521099138,5896.04,5487.093583984375,5136.937751464844,10,-15.955071385073417,34.44952305246423,False,77
CRAFTSMAN.NS,10266.0,11999.0,-14.4428702391866,73082.11646586345,-4.145658263305318,-6.664242203836713,12.988093798618339,51.56716409840691,0.22775879511850394,10648.863512958385,10801.490801007649,10681.71,9886.123359375,8708.968708496093,16,-15.826318859904998,28.058139219567746,False,77
TBOTEK.NS,1671.5,1764.800048828125,-5.286720662212064,191846.14,-0.930532931853767,-2.9551801958071833,9.815388398291681,52.43958048335613,0.23236359380483143,1682.3745404085169,1681.7520045014398,1650.5359887695313,1504.1229956054688,1430.3034997558593,216,-43.09836896968315,6.8416119962511734,False,77
ADFFOODS.NS,281.3999938964844,346.1881784193172,-18.714730473655493,275095.5657370518,3.5891773307807906,5.117661959185105,-8.524401968176987,60.4478835813808,0.23004282967014325,271.2110169018771,270.22028524187687,271.3338543701172,281.9629870605469,244.9168724822998,65,-28.131571624493446,18.8530837795996,False,77
LLOYDSENT.NS,77.94999694824219,84.69999694824219,-7.969303710984477,3843613.16,3.1357436620406354,9.850617184265253,0.29592862059528713,51.16845985471225,0.22839860331120607,75.86784074018324,74.38716048521009,75.5102003479004,74.31249153137207,66.40683460235596,38,-22.18417232956319,19.02889092404203,False,77
ENTERO.NS,1680.800048828125,1920.0,-12.45833079020182,158160.2248995984,-9.253855245774433,-6.880883721433517,38.63411538946762,34.560890375462726,0.23113028498161228,1761.7668820765261,1748.9544649469333,1571.95400390625,1378.0540075683593,1256.0375042724609,17,-16.10416412353516,52.87485503045073,True,77
NITINSPIN.NS,594.5999755859375,665.0,-10.586469836701129,286917.656,-1.8082755227096015,-4.246346083776531,6.8334327799088435,54.876619613249055,0.2297058091024601,607.3976605047613,611.8571720317718,594.7694189453125,564.0806387329102,466.41425491333007,12,-12.932330827067673,17.746607738441632,True,77
TNPETRO.NS,123.18000030517578,145.26368311165538,-15.20248029888187,570331.8247011952,-2.992599583633826,-6.794376852442719,25.7251107997164,43.98044702701354,0.2365157672186841,126.33508847296619,125.65566986253226,115.74189086914062,103.48941474914551,97.3444002532959,17,-18.424207990846387,45.89097248752631,False,77
MANINFRA.NS,124.30000305175781,149.44498672962567,-16.82557858120721,1385687.564,0.10469910987322972,0.8355694303082029,19.56522137977117,39.86860176641065,0.21994590917544576,126.00429352260161,124.56321063610022,116.25860015869141,112.51648712158203,111.174760055542,249,-48.707901244306775,0.0,False,76
SHOPERSTOP.NS,404.70001220703125,558.0,-27.47311609192988,147592.71314741037,5.103239848595398,6.1508228739754145,13.855675427945812,40.93679986387979,0.22271911133590286,406.27985993949363,401.1964873935109,400.2839990234375,379.63049865722655,360.5784991455078,247,-50.54659279443885,0.5165887392623469,False,76
EPACKPEB.NS,242.07000732421875,344.0,-29.630811824355018,2562715.26,-1.7134216074346953,7.567550011625124,-5.363769624313086,55.46207493847635,0.2191786692967817,241.7753362675245,239.34748075902309,239.4179995727539,234.81559951782228,218.79729927062988,227,-61.57848890437636,76.30773716031638,True,76
RATEGAIN.NS,840.6500244140625,1050.0,-19.938092912946427,476105.152,2.020634030832835,-3.964123166696576,-10.952805965353395,65.71063367680097,0.22407650450858335,843.0362880259141,856.2808499561305,898.66900390625,865.1635034179687,724.3597514343262,40,-22.471429734002978,22.284052048790848,True,76
EXICOM.NS,151.10000610351562,189.1699981689453,-20.124751511299298,2114994.346613546,-8.223999839849439,-7.487905216697133,-10.294464549133775,68.9400737690095,0.22167709115539294,158.41654303769528,161.90200675832563,162.1959994506836,159.10369926452637,131.22974952697754,17,-22.18639405135494,11.400709319408953,True,76
ORIENTHOT.NS,140.0,148.08615521805814,-5.460439705623532,833474.358565737,-0.29200459469826967,-0.9340555164212283,1.7392512533833004,55.25314274140152,0.22407020909821526,140.74079088995177,140.25741296149673,136.59519912719728,127.5117984008789,113.76562606811524,53,-19.560337986237265,44.12679229171719,True,76
VIJAYA.NS,1428.0,1593.5999755859375,-10.391564892252802,210372.56,-6.4526695054045184,-3.4514235005999705,6.128911392129455,53.95176847097321,0.22083829155367674,1483.5712023256592,1489.0430899042913,1459.9468823242187,1389.2458666992188,1199.9581588745118,6,-12.198796899616237,14.641316610141232,True,76
SHRIPISTON.NS,4490.5,4843.0,-7.27854635556473,98879.016,-0.7997038405588741,-2.3889206303078114,6.600852223167442,51.652520579312664,0.22083509388557848,4577.576492665326,4541.301542362291,4481.08599609375,4131.613415527344,3637.3694360351565,3,-10.179640718562876,2.6721754255436325,False,76
OMAXE.NS,108.77999877929688,138.88999938964844,-21.679027102505465,1528887.44,-7.5550263686454455,-18.007085037588013,21.001108935446577,51.14630670313907,0.22401935717507454,113.78920528800712,115.21656468113191,107.24660034179688,94.09910049438477,85.59875019073486,19,-24.148607576440885,50.72944277511626,True,76
DELTACORP.NS,73.4800033569336,87.9000015258789,-16.405003320392296,3455060.4143426293,1.1007196593267432,29.025465096659197,13.603075001704434,31.391965450979463,0.22552873666167628,71.1590857637879,66.50216736470024,61.56673973083496,63.882527351379395,64.17195333480835,1,-18.08873862328403,27.80301011338171,False,76
AYMSYNTEX.NS,279.95001220703125,330.0,-15.16666296756629,50606.437751004014,-1.9095941857061982,-4.84364357876782,6.590769339456681,52.80279567057173,0.21938660935741516,287.7566426446553,286.2773241806934,271.4688018798828,249.1304005432129,217.58770027160645,16,-20.833333333333336,32.65095078615234,False,76
TIL.NS,250.0500030517578,334.70001220703125,-25.291307459801505,308304.24,-2.3852281866809433,7.16122695470951,11.779171418411893,42.771499328060926,0.2183607372902175,251.5702399942114,249.7488603278156,243.5700018310547,222.30290100097656,222.98758407592774,248,-51.8225293937971,-3.0940186187481733,True,76
CARTRADE.NS,2806.60009765625,3290.5,-14.70596876899407,596602.9043824701,-6.596111153857742,-4.286735636829187,0.544536642698068,59.10431392609128,0.2228812832049432,2920.732492080176,2947.7676651668044,2926.0460009765625,2647.8919934082032,2381.512995605469,221,-51.37517094666464,30.83513236110409,True,76
ASTRAMICRO.NS,1624.5,1957.2277658555508,-16.999951240223066,536378.7091633466,1.772963895115276,-0.9135777447967119,-12.064810842827999,63.18597031975508,0.21649525715605816,1628.2810107194516,1642.8175953626633,1698.7454907226563,1622.8411828613282,1303.5959609985352,44,-21.46545218695921,31.144773518923706,False,75
PREMEXPLN.NS,682.0499877929688,829.1846454746575,-17.744498584807143,598088.155378486,0.22777190197924568,2.0568440931465926,-9.03496551541122,57.925986664054996,0.20894051019825877,677.3513314480255,673.8137082890507,665.6735693359375,678.3473834228515,586.0007752990723,67,-23.306814312868518,44.164208462152565,False,75
GREENPLY.NS,303.70001220703125,333.81821311913393,-9.022336028547972,446571.13545816735,3.1940281359016387,7.049700084399335,-4.435598060026624,52.38894573819688,0.21354241707740798,292.64205044597554,291.820267971383,289.3547723388672,289.6540267944336,260.26288536071775,51,-18.383718593029986,29.426772967786864,False,75
CYIENT.NS,1104.5999755859375,1219.0,-9.384743594262712,536000.5019920318,4.424269672672021,-1.5683457807638024,26.972809941528464,32.70859710284104,0.21304039634709396,1081.6334645935146,1067.9280818416498,985.8460034179687,931.4370037841796,959.8735009765625,22,-15.479897553066035,37.31871349027402,False,75
TEXRAIL.NS,126.86000061035156,142.18870442678158,-10.780535541290737,2955458.737051793,0.0709978462321681,12.338816663320152,5.480057564354857,40.90394372382011,0.2048045787612175,123.83666074897961,119.98015804953141,112.4322720336914,110.92599220275879,110.99220108032226,247,-45.45772382053052,-0.19203375565031156,False,75
SWARAJ.NS,377.54998779296875,395.0,-4.417724609374996,87149.47389558233,17.069763656734494,5.637939071235842,15.511696724091873,33.88297439466976,0.21041262955016085,348.85757892185296,342.06205280798196,352.4179992675781,316.9920002746582,296.32650077819824,0,0.0,4.7295389162187895,False,75
INDIQUBE.NS,197.49000549316406,235.7899932861328,-16.243262599567345,99484.34677419355,1.7674987002587628,3.914760495626024,16.081819682070453,37.71967496436957,0.20872117859520045,196.42702966461678,195.58344354776395,189.31839935302733,177.61250045776367,176.372250289917,247,-44.37847337425684,0.0,True,75
SATIN.NS,227.47000122070312,274.1400146484375,-17.024152233881253,456687.4257028112,0.5836866503843297,4.73800943546554,-10.726060244788583,56.78935645837073,0.20503895062043262,228.74258103802936,226.39097270509583,229.17099975585938,233.72899993896485,195.38725006103516,47,-23.396808645644786,18.05788282729366,False,75
THELEELA.NS,568.9500122070312,586.9500122070312,-3.066700677339962,426925.6586345382,6.704801046800979,-1.1123600678680012,19.602690268466148,36.79971641178727,0.21048701736361253,550.1741698244849,545.2612452905365,528.3910034179687,490.6130023193359,458.55325119018556,1,-9.361957758618988,14.737048748245352,False,75
TMB.NS,872.0499877929688,954.2000122070312,-8.609308673561255,341355.336,-2.406132873786293,-3.810940737191071,14.871890897460771,44.72121423604551,0.21347251528839595,880.824399740814,887.0806772720663,882.6189990234375,813.850942993164,712.8672933959961,18,-11.433665397755465,16.895523748093556,True,75
PTCIL.NS,22025.0,24125.0,-8.704663212435237,21839.452,0.9395050412465578,-3.0376403257759144,23.54854995231952,37.432921502558344,0.21524156025688668,22208.994121212352,22180.714766738904,20899.18,19220.0,18238.265,19,-10.839378238341968,35.38234291557778,True,75
UDS.NS,208.5500030517578,261.56044720546316,-20.266995533947895,283367.3212851406,3.293714391434288,-8.176291152105787,7.852094909929996,50.73232518180475,0.2134267175442317,205.94364011107376,207.02962130667947,210.27489227294922,196.67076400756835,178.36148288726807,248,-52.40631628019096,0.0,True,75
PARAGMILK.NS,264.0,375.4278281988306,-29.6802260859089,1013127.486055777,2.1671850757701616,3.989958208085409,13.437920560756854,38.179845641771216,0.2031802457412964,267.4301412907321,262.4378815695313,241.2814456176758,233.5619808959961,233.37620208740233,223,-52.82133155033071,31.77305305152163,False,75
HARSHA.NS,474.5,484.79998779296875,-2.124584994289913,120324.652,3.704515934704977,5.268996117581803,9.81425586517306,39.10018864086076,0.2000860303288308,462.8702637807689,455.755023550148,436.49199829101565,424.3470343017578,398.80288970947265,0,0.0,11.64705882352941,False,74
RKFORGE.NS,695.4500122070312,772.7999877929688,-10.00905496994643,741643.8406374502,-1.9871715634574239,-4.221176753817235,21.063625629516338,37.48542402102031,0.2027030479015383,706.2585492164427,709.0810334767947,709.0989990234375,638.9075006103516,588.2928077697754,31,-14.712734731239562,31.33491036461349,True,74
GUFICBIO.NS,418.3999938964844,467.79998779296875,-10.560067376134052,115062.612,-0.8530820150510987,-0.6293775022711556,7.321839229820126,44.21140832822918,0.1966993139827837,427.87708298159095,427.4395083551897,417.87861877441406,388.0643438720703,345.8483348083496,17,-14.493371005168676,11.957206298556834,False,74
VINYAS.NS,1375.1500244140625,1730.0,-20.51155928242413,10141.129032258064,-10.907027896724165,-9.867597271808037,-9.663325707731152,65.22288172328143,0.20125932732959204,1482.1097738374383,1494.6767337193637,1440.0390087890626,1364.478504638672,1206.8475018310546,28,-24.277456647398843,13.05720346692867,False,74
WESTLIFE.NS,588.0499877929688,690.2725909939572,-14.80901958656553,240172.232,3.30258898427207,7.396584951676277,16.908049774868594,31.586914856755687,0.19516756763925316,580.4409641120413,572.7084286882812,558.9463238525391,514.9068371582031,503.10952560424806,247,-42.32355970720205,1.220770100830082,False,74
COHANCE.NS,451.29998779296875,917.8499755859375,-50.83074578665564,1759143.143426295,-0.6275473173660839,-1.527383850414188,-0.3642839981442214,50.15804562395885,0.19585701548320827,451.2319145593565,450.0490983503303,445.8740008544922,440.5914993286133,415.1137504577637,238,-70.94296243383619,2.580789684926299,False,74
SUNDROP.NS,753.1500244140625,823.9500122070312,-8.592752805880055,19709.694779116468,-0.40333083096192324,14.8882676284813,17.82697278330525,28.732593817364418,0.1977844980453741,731.9689631283701,709.9719212438275,677.6700012207032,666.8780004882813,659.1255004882812,248,-32.52017819494908,0.0,True,74
PROTEAN.NS,639.75,893.1685063894947,-28.372978287591287,448687.0239043825,-0.3427077132482026,28.554206339058787,7.234202934906597,29.667147913553205,0.197136905423802,628.6446454702052,593.6315538975227,560.4275634765625,574.6957122802735,584.8105361938476,250,-51.18196797034387,0.0,False,74
AEROENTER.NS,121.93000030517578,159.60000610351562,-23.602759622645188,602019.324,-3.8861739566896203,-13.192371865992513,-6.575526374616169,62.157926121671345,0.19863420767416223,124.78844602271357,127.60839220997329,130.7402197265625,122.95665084838868,102.55525379180908,17,-32.33082965551277,26.324199242577826,True,74
TINNARUBR.NS,938.8499755859375,1317.7581839116879,-28.75400152712264,63191.385542168675,-4.471918269527853,-7.6777027037165375,-0.4994588705035219,54.824052802025115,0.19797051091962897,972.0208369141526,990.9375522836765,1039.7720385742186,963.6361004638671,833.6388006591797,51,-30.863644110441392,41.699561296687705,True,74
GRAPHITE.NS,786.1500244140625,874.3499755859375,-10.08748826381205,1718106.091633466,-3.504355881329435,8.195713023538609,28.087056718352166,26.195655613717285,0.2019308627756734,797.467645540116,788.9026574803105,741.8199975585937,700.2021472167969,673.6398315429688,16,-13.432830611468482,36.605738671653356,False,74
KALYANKJIL.NS,528.5,646.3128397837881,-18.22845416829414,9909377.649402391,-7.862618114630749,-10.05823245158185,39.18857151399615,28.069612104379704,0.20186507994171282,565.1764614108425,576.0892250693216,592.9682666015625,497.24396911621096,458.5225260925293,45,-19.156797167329586,75.2554354393591,True,74
LODHA.NS,1105.5999755859375,1340.2415520455131,-17.507409474169734,2136934.083665339,-4.525045286188467,-8.499550533147094,1.2395340851473646,54.59960748718829,0.2005928858517126,1130.6984610136576,1146.0243561685907,1197.1270336914063,1089.0329400634766,1017.9034075927734,46,-21.84244710207074,49.72133948764363,False,74
SANGHVIMOV.NS,429.5,525.873954285097,-18.326436116447965,387308.6015936255,-3.796620392782313,-5.040899493325879,-5.70976305198524,55.020642827859234,0.18907486277604715,442.095535182807,442.3234858204566,454.6287176513672,427.58319793701173,360.9648956298828,38,-24.829898006574215,21.51597192113366,False,73
SHANTIGEAR.NS,573.6500244140625,743.0,-22.79272888101447,117329.184,-13.89868301477486,8.26650011254384,28.913194414916752,26.09264198580292,0.19374446839827478,628.1465318355004,627.2361201671794,535.8720013427734,487.4374658203125,469.41911697387695,15,-23.472412437962653,67.96712721901623,True,73
ARIS.NS,138.66000366210938,178.3000030517578,-22.232192210418265,1175441.90438247,-2.2970649301694235,8.066406593756813,21.30172917817983,28.175266473423456,0.19044200168557754,137.32343201762205,135.37455483043118,133.83360000610352,125.09650024414063,120.90510013580322,237,-53.909142513407495,7.464338068868148,False,73
PRICOLLTD.NS,734.5,823.0,-10.753341433778862,622584.308,-3.8360812072846806,-4.330836860957343,17.595265563525707,36.24560067948175,0.18527044447930477,751.8238834125443,755.6526424133726,754.8769995117187,669.3774981689453,630.4732487487793,30,-15.832319294406894,36.97801392417139,False,73
CGCL.NS,249.22999572753906,287.45001220703125,-13.29623059885795,2906029.290836653,-3.920585353985684,-2.800633890655646,2.9018851789301747,46.696614556787,0.18597026062864158,254.67038011109068,256.46075510386385,247.1797772216797,232.4716795349121,204.57681274414062,18,-15.094803550464464,7.5017051980338145,True,73
CEIGALL.NS,380.1000061035156,405.164930099543,-6.186350825050269,427738.908,-0.6404343922705946,11.744561598936155,6.209564211456597,35.8322562098369,0.18480640627931907,380.0786790551445,374.1042737167266,349.46369201660156,354.4470016479492,320.99327758789065,67,-25.486819158991516,12.261866491855077,True,73
GABRIEL.NS,1315.0,1596.6964052725275,-17.642452525246778,465487.9760956175,-5.889933869046072,-5.0472975075321,3.342548880468832,48.15006333091745,0.18664337108096601,1346.9494068744468,1355.9681699357634,1400.1590063476563,1290.4260528564453,1127.3983636474609,41,-20.573507463028584,56.48531609994476,True,73
MOTHERSON.NS,157.02999877929688,173.27000427246094,-9.37265833249893,18663247.01992032,-3.366154597355764,-3.8395616382650433,8.23847193557219,45.05992128147434,0.1939098230587281,161.42025124267076,162.0954823709932,161.90439971923828,152.29775787353515,136.1924729156494,31,-11.231030319169966,17.987288386459444,False,73
KSL.NS,913.0,1032.9000244140625,-11.60809580598845,60644.366533864544,-6.282078776450007,0.962071472351167,5.07882672380795,45.775096580219234,0.1939789306605531,952.6709638030235,945.6433910436648,906.2586267089844,874.2949945068359,798.1308340454102,6,-13.825156883807011,13.330072430703567,False,73
UEL.NS,183.6699981689453,284.20001220703125,-35.37298019707783,13197.344,-2.3499379313108637,-16.189822822581533,43.43615290247662,23.808554507765976,0.19081309316201983,189.98973057461268,194.8860905773111,198.4970002746582,166.91569976806642,159.27740032196044,37,-44.722026968432026,94.22557573663646,True,73
SKIPPER.NS,541.2000122070312,616.7999877929688,-12.256805622913358,642635.208,-2.018641055804926,0.77064872869268,-3.607948026033081,51.473230411386275,0.19459173396902626,545.8026230933925,549.8049568120828,546.6535772705079,540.0071569824219,468.099295501709,16,-16.828792128285453,8.969694051460998,True,73
HERITGFOOD.NS,402.8999938964844,500.02281355138234,-19.4236776848418,353498.1952191235,-2.7046636179550054,6.3762360122731065,21.66746812343183,29.03480459020573,0.19118943113770961,405.6907910827604,400.85244925443124,375.98199768066405,351.01413665771486,358.83470993041993,234,-41.93132412585273,-1.9013303564725192,True,73
PNGSREVA.NS,504.3999938964844,644.0,-21.677019581291248,332400.45945945947,-3.7128915903256288,-3.3160854716793753,19.51190818276043,34.83025545765803,0.18751168384522907,511.807027522022,514.0498659451639,515.9040026855469,455.10850036621093,,36,-25.201861458535525,61.46442457796522,True,73
ALEMBICLTD.NS,104.11000061035156,117.72000122070312,-11.561332372767597,512301.1673306773,-2.8643400691201193,3.9644510134813293,16.62373084500142,32.37860853272638,0.18445018862375234,105.69870930004478,104.18640066075099,96.91950576782227,91.85381530761718,90.54764110565185,20,-17.261297557012423,26.694622928524492,False,72
VINCOFE.NS,178.9499969482422,191.35000610351562,-6.48027633119872,2488211.28685259,-2.6122465587797628,2.0188084251069105,16.748720610527144,31.645884069082374,0.178255068399345,179.34307807046042,176.54531729829642,165.56924926757813,158.55831924438476,151.0040430831909,5,-9.260517719093798,24.19527869331266,True,72
ALIVUS.NS,1374.199951171875,1488.4866814641196,-7.678048565394535,108570.172,0.3065657789689702,-3.0820278221129316,19.870089269171753,32.63178060035741,0.184279900343688,1372.9098374786174,1372.919761637997,1338.900986328125,1213.1197747802735,1084.0561392211914,23,-11.507441243865335,22.18165780250212,False,72
EXPLEOSOL.NS,848.75,1032.5221988494377,-17.798377512291662,70600.67871485944,-2.6160275500324737,-4.725821040545819,17.52660928964196,33.89952894171293,0.17611027400465348,867.3091713193627,870.6090318916235,853.8389697265625,795.459008178711,771.1561767578125,220,-45.53655044607734,6.986010422228861,True,72
ALGOQUANT.NS,67.51000213623047,76.19999694824219,-11.404193123412165,1223397.9731182796,-7.986916165986591,5.815051635635182,17.103209625979687,30.403711684932677,0.17656766272295354,68.57275795731016,68.04251065879816,66.90819961547851,62.57719985961914,,9,-14.973748674117305,5.642439371911601,False,72
IKIO.NS,190.9600067138672,238.8000030517578,-20.033499047955093,666171.0836653387,-6.862406549870403,-7.363923896733803,-4.237499018635138,54.06213103305391,0.1819457727329722,201.37304208853726,204.56722045141333,205.0145993041992,188.2231996154785,169.50839950561524,14,-21.78810641305554,2.0513288508741123,True,72
PARACABLES.NS,56.5099983215332,75.69999694824219,-25.350065258033794,1832209.374501992,-6.051542995854509,-11.923324351513397,-21.218464133710636,69.44528008114838,0.18422753622458038,58.93107008607984,60.64695053067514,63.263600234985354,64.44509994506836,50.791750030517576,65,-27.212680719400527,54.95903641966571,False,72
BLUEJET.NS,541.7999877929688,691.4547089915617,-21.6434596875989,660951.7290836653,-5.519229878860998,-6.447406846579707,-3.3842001509830855,51.84798524773002,0.17882529696595043,558.6496857996008,566.0401732171582,579.9552587890626,547.0133670043946,488.5569291687012,245,-53.095683314913664,2.178337575892142,True,72
SOLARINDS.NS,19400.0,22700.0,-14.537444933920707,157669.332,-0.4106776180698102,-5.825242718446599,4.706092313777166,44.79682335641802,0.18124440731204056,19520.259612819158,19797.160633933803,19756.0416015625,18947.7319140625,16327.91623046875,12,-18.59030837004405,1.1361189958381868,False,72
BETA.NS,2073.300048828125,2807.89990234375,-26.161896045598187,21840.887550200805,-0.9601535517949289,-6.049483281047252,-0.8227673366120514,49.459351341286315,0.18230998324141967,2083.936893584664,2118.7483233274284,2245.6939794921873,2035.915986328125,1696.9014959716797,35,-28.67979467806633,36.713320506755466,True,72
MIDHANI.NS,433.6000061035156,480.94770175684044,-9.84466616232279,1296241.09561753,6.561811896665626,4.949166719480269,-0.08974073282077555,40.06741830233207,0.17646059634649214,422.3683748580615,421.952838941478,419.47754272460935,418.9255978393555,383.1982881164551,17,-19.68283245494281,14.470843919167976,True,72
SHAILY.NS,3009.10009765625,3611.994309186523,-16.691449651426893,307379.7330677291,-3.309662182060602,-5.066326160820466,4.746308805140154,43.93169439747386,0.1765233895016144,3102.5825847065043,3155.7259875107484,3221.33576171875,3034.8658642578125,2598.5584106445312,37,-17.696435975347768,18.39285061408087,True,72
GVPIL.NS,679.5,1073.741134374155,-36.716590410215034,493462.9282868526,3.0482218443649955,7.490306692596582,-25.224313398193075,60.57868125004957,0.18467062003517723,669.257354519655,667.048333441532,691.1553198242187,774.4282806396484,598.8855117797851,73,-44.330157347617416,83.27656256457712,False,72
BOSCHLTD.NS,45480.0,50000.0,-9.040000000000003,32304.75502008032,-4.753926701570677,-6.323377960865084,9.27147469864864,42.45926278315264,0.18025079260525564,46991.47961988238,47246.37905056798,46176.848828125,42516.9734375,38853.476484375,22,-11.180000000000001,19.47543934992666,False,72
HSCL.NS,665.1500244140625,819.5,-18.83465229846706,5429417.940239044,-1.4446584156616038,0.8414264756748668,-2.7771686504392767,46.03208337448288,0.17603502208230185,669.9428917234646,672.5001021195395,704.7810046386719,682.1914447021485,584.7831538391114,52,-22.818791946308725,32.07453696723326,True,71
RBLBANK.NS,411.3999938964844,429.6000061035156,-4.236501850199181,6309154.74501992,-0.327075979046787,5.649717602678828,11.900462310623428,31.946604552137824,0.17446016436673242,409.51215371077626,407.3397280382388,394.1818621826172,375.8895230102539,343.5197283935547,6,-6.552605562510494,15.61581829244898,False,71
BALRAMCHIN.NS,649.0499877929688,780.9500122070312,-16.889688501483192,1234880.346613546,-1.569614230798777,-3.0907073097471094,13.668999613479649,34.267686385605714,0.17032671553256878,669.1558428538792,672.6750503689066,662.1749975585938,607.9984991455078,538.8404995727539,30,-18.45829082026419,43.59789555539078,True,71
PVRINOX.NS,1215.300048828125,1357.800048828125,-10.49491787270057,400217.1952191235,-3.2943346822878805,0.4380205643078616,19.84616768973759,28.412935067340527,0.17077194978490273,1244.8145088822062,1243.3906558537353,1207.6729956054687,1094.9230004882813,1050.817752380371,8,-13.006340499742064,20.129995324550332,False,71
STYLAMIND.NS,3219.89990234375,4150.0,-22.412050545933738,69625.01992031872,-2.9916862584029036,-1.3752801339393383,-1.2997010038854562,45.18440939006787,0.17109628802233356,3296.281083029143,3321.731311889109,3425.567978515625,3274.7879858398437,2754.4394995117186,51,-24.043374670557228,27.253370865626625,False,71
EDELWEISS.NS,137.89999389648438,146.0,-5.547949385969608,5515054.231075698,-0.7985041753936439,10.500468874916002,10.55303773585714,29.72598596634972,0.17076549064740865,137.63846410984982,135.0318435038736,126.51402420043945,121.12161445617676,116.02809909820557,6,-9.102735127488227,23.691049244252426,False,71
ASTEC.NS,708.5999755859375,941.75,-24.757103733906295,512256.3824701195,-2.7716811944801356,23.762115220263304,1.3154061839763864,31.52667760295824,0.17480547820980863,716.6625497983565,699.0006032476151,645.627998046875,690.614501953125,667.9137518310547,214,-45.48446780843509,12.071130616996605,False,71
LUMAXTECH.NS,1978.9000244140625,2190.0,-9.639268291595315,249905.968,-4.345515385355226,-0.38258120241316806,30.932601304241803,21.471553917933008,0.17357334179427591,2029.5995361093308,2013.190478976398,1908.2474389648437,1742.9800927734375,1665.3651129150392,6,-11.045663215253999,36.6239766549278,True,71
SMSPHARMA.NS,471.29998779296875,494.45001220703125,-4.6819746875381485,545209.38,-0.5801075985263027,26.445378192542425,12.203724901199564,20.779539904687482,0.17203998310890717,464.8016838401778,445.4869464246605,398.0337109375,392.6571713256836,377.7906031799316,7,-8.251596178232779,27.05576205076996,True,71
PPLPHARMA.NS,197.97000122070312,231.92999267578125,-14.642345762736841,4796453.442231076,-4.876991223629979,-7.395452169927152,11.294128505970047,40.364443168310714,0.17567226262766875,206.85128392864038,208.4616388850608,208.39680023193358,189.74830001831054,174.51569961547852,17,-15.608156810855744,31.809460112371713,False,71
GOODLUCK.NS,499.3500061035156,556.330723956048,-10.24223818654928,497732.780876494,-5.862947570520083,5.37752705729988,0.9035544069907031,41.60867381308941,0.17403746501740944,516.3767391245746,510.3645060917087,489.55273376464845,481.796022644043,428.4974084472656,58,-25.124090565481573,21.424858871061446,True,71
WEWORK.NS,659.5999755859375,794.5,-16.97923529440686,332321.65573770495,1.212208566968176,-0.2268945780357301,-10.520253172312799,50.5936017319492,0.17157206682175513,662.8714637155551,668.3142832708037,690.5119995117187,668.0749981689453,603.2482490539551,40,-20.08810265398836,17.10752600036416,False,71
INDGN.NS,593.5,627.0,-5.34290271132376,370680.72908366536,-0.10098899353526702,-1.1080603421711133,20.632572989537024,28.291369411085476,0.17274608693507548,596.8167793254427,591.9453051676519,571.1022735595703,541.1125537109375,514.4743145751953,2,-7.496012759170656,9.282171451749432,False,71
DHAMPURSUG.NS,171.05999755859375,199.9199981689453,-14.435774747238138,518448.0557768924,3.899415811920215,0.22851080672208202,18.266038634148487,25.06087333872149,0.1593980466826958,168.7285387093616,167.35209483633963,163.4053988647461,152.6711994934082,139.6877967453003,28,-25.665265120317528,31.359432443579173,False,70
TI.NS,542.5499877929688,607.7999877929688,-10.735439504850032,790291.2470119522,-7.658922804004275,-1.5855560102174926,19.36586549507591,30.482994576798195,0.16919953996798123,556.7556321538983,553.7068204460254,534.6832592773437,486.3694073486328,464.42972213745117,6,-11.977622450654968,29.49191872539172,False,70
IPCALAB.NS,1943.199951171875,2038.0,-4.6516216304281155,286512.296,-2.6989146799347608,-0.6797878266355695,9.400042045500534,35.20638416746038,0.16496717247313722,1953.1528061850863,1951.07319770902,1885.7869970703125,1773.7419396972657,1629.295401611328,9,-7.71344215759936,14.40273638544558,False,70
KOLTEPATIL.NS,418.79998779296875,554.5999755859375,-24.48611499657847,165597.97590361445,-3.0667747655044875,-4.990925728049877,14.441856489415382,34.87922312172906,0.16979383573355816,428.3088255806096,432.5904595351086,437.4920001220703,405.0990002441406,382.9457504272461,37,-25.495847386130254,39.03915827169722,True,70
ANDHRAPAP.NS,71.36000061035156,86.18916380875459,-17.20536845131425,432573.488,-3.0698207714144554,16.81126277968852,16.596851648727686,20.040473385630285,0.16050515327666676,72.19592396523961,70.78036781436195,65.29779350280762,63.58484409332275,64.23551403045654,248,-33.248938734659326,-2.6139871011855664,True,70
NAVINFLUOR.NS,8136.5,8949.5,-9.084306385831608,219287.696,-3.8352440609856986,-4.75270705297044,5.27235088627247,39.9345286311694,0.16221450901656842,8347.423419154975,8387.934790019142,8262.1,7820.7856640625,7031.540349121094,16,-10.218447957986477,15.19427671304805,True,70
AJANTPHARM.NS,3581.0,3796.0,-5.6638566912539545,114603.812,1.1724819889814997,2.852056473008324,7.123320266007016,33.272057053087025,0.1613347839453673,3559.618171159421,3548.928092608111,3530.1190283203123,3352.126555175781,3089.3820263671873,32,-9.773445732349838,17.34811771594429,False,70
MOTILALOFS.NS,989.9000244140625,1088.3156211947492,-9.04292788452732,1138799.9960159364,-3.1408978068432014,-2.7220864619149854,3.8719857727242957,41.64699992786001,0.16961888629893973,1005.4913574813015,1005.3986634355794,965.242001953125,938.9115014648437,858.8935488891601,234,-43.49984393874385,19.791448432067572,False,70
JAYBARMARU.NS,130.8000030517578,205.8889662970584,-36.470610638241574,659199.492,7.3010676082637005,6.827834403508981,-26.989877426829622,56.12706709326043,0.16449537250783453,122.53594340499524,121.50487785857749,129.5803381347656,139.6063427734375,115.9055913925171,57,-47.495972990532444,131.44316513559903,False,70
HATSUN.NS,1118.0999755859375,1349.699951171875,-17.159367560534555,76972.732,-1.4368872070982475,-6.3254022741527915,23.752072560701443,25.97276906767656,0.16105960219740675,1134.2109312656128,1137.9176913629178,1060.2790002441407,987.170400390625,957.1271536254883,12,-20.108165678461166,37.31825525040389,True,70
ATLANTAELE.NS,1716.5,2152.60009765625,-20.2592250242428,203815.684,8.146424697950572,-6.656154374301204,1.3102727103873724,41.836065878027725,0.16610919759262122,1659.6680381618037,1686.8098463220672,1696.2840087890625,1746.8300061035156,1415.4970022583009,85,-30.642017454817648,78.57735000033435,False,70
MMFL.NS,571.9500122070312,687.9500122070312,-16.861690230640047,164029.284,-6.6585047397745845,-13.004790997414418,13.911572446608368,39.25247650953902,0.1660765366433778,603.9464374625003,611.0972238028194,611.5269958496094,541.565205078125,485.8575201416016,31,-18.017299223439775,55.10204791708737,True,70
RANEHOLDIN.NS,1518.699951171875,1846.1341245121132,-17.736207190621688,22595.28685258964,-4.526309311002197,-5.388736769948865,-10.933391063593422,54.34390636835984,0.16927166943175917,1569.1861124465267,1596.1628496531011,1652.9003784179688,1597.9315661621094,1392.6964505004883,42,-19.76205687549406,31.745913311071263,True,70
AJAXENGG.NS,586.4000244140625,678.0,-13.510320882881633,89969.448,1.947150898703387,2.7600103962445166,9.270473816584502,30.907469234099082,0.15890847007734227,583.8573003931366,580.9824991004242,577.0430004882812,571.1074993896484,544.208498840332,220,-41.769913304871864,2.897878415388111,False,69
GANDHITUBE.NS,975.5499877929688,1046.5999755859375,-6.788647950540183,12280.266129032258,-0.36257663992323996,8.805488998082623,15.244136727671265,23.132565056626973,0.1555110717657637,954.6449756553677,937.050266521032,903.0702746582032,874.8684289550781,833.9658694458008,7,-13.419640210983596,16.480868608814212,False,69
ACUTAAS.NS,3196.5,3737.2044731885353,-14.468153323364009,406070.4422310757,-2.6555395580755037,2.041251498719654,-8.987964570766016,44.4846843319503,0.15240180705486694,3269.772033271709,3276.6552928651718,3254.459365234375,3259.1879736328124,2689.5446441650392,63,-19.11764548548307,25.068496663952743,False,69
ETERNAL.NS,313.8999938964844,368.45001220703125,-14.80526977968869,36979823.07968128,-6.438153831152194,-4.094101557058549,10.762173837992584,35.31921896996959,0.1589370404485868,326.355614780341,326.1792213096605,320.6379998779297,291.86920043945315,276.40105041503904,241,-42.29881963362342,5.906528596581695,False,69
ADANIENT.NS,2816.800048828125,3245.0,-13.195684165543142,1775207.737051793,-2.8689638335129275,-2.59354031169593,-12.156179035640758,49.72953562820772,0.15439356094900386,2914.905177396498,2945.235545261973,2993.20400390625,2996.671728515625,2579.523448486328,63,-14.576271186440682,28.3110930749781,False,69
GUJTHEM.NS,381.79998779296875,478.2203568549891,-20.162330540700502,246673.85258964144,-6.980149485197584,-7.414973900286482,-0.6694960106059855,45.33039175757836,0.15750298171272492,402.6921703502974,406.84803768263794,391.84485778808596,387.5470263671875,362.12405349731443,235,-53.016699842711375,11.113736491538283,True,69
IIFL.NS,583.7999877929688,705.0,-17.19149109319592,2370381.103585657,-5.465144630739516,-7.808924154288388,10.62055666375532,36.27450889600949,0.15587671263598765,604.2332011938726,610.1316223820141,619.735,566.2779998779297,539.4143594360352,28,-19.517727033466315,42.32578005064682,False,69
PRUDENT.NS,3119.10009765625,4105.5,-24.02630379597491,37137.212,-3.1215056824343,-3.654161001297851,3.387297035256287,39.05587929061425,0.15595558058319586,3204.888216507868,3258.1179839374518,3299.2420068359374,3079.4552783203126,2793.294161376953,23,-25.982217785211915,21.793550138190042,False,69
NELCO.NS,889.2000122070312,1120.0,-20.607141767229354,265320.1792828685,-10.457678552188664,-4.351101075108987,-3.4842044948719675,46.5728413141425,0.15667887106954748,941.1046522764366,949.7026844054105,959.0539953613281,879.7082836914062,767.4110655212403,33,-21.83035714285714,16.89995908338875,True,69
SIS.NS,412.8500061035156,480.95001220703125,-14.159476946681327,195453.564,-1.3382736145661767,-3.988370673601016,-3.1095986412121968,42.82996835800537,0.1526760625466167,416.27393604001867,418.8809162190414,424.1949987792969,422.52399871826174,371.9170248413086,71,-21.301592599384378,24.034270223092523,False,69
JINDALSAW.NS,270.29998779296875,320.0,-15.531253814697266,4170700.637450199,-4.521376910838548,-12.566717409195272,4.061592990555818,42.896980940513664,0.15411789100449302,282.2088560134546,287.2347449394439,283.59400054931643,266.8239729309082,228.72053787231445,15,-18.56249809265137,18.448056130942447,False,69
HUHTAMAKI.NS,232.72000122070312,330.0,-29.478787508877847,503773.8486055777,-4.013196885960868,-10.954660116393,8.332554364672685,39.42506717782208,0.15677541468655953,240.28707861501192,246.21896599080648,267.1186001586914,230.511199798584,205.91843238830566,48,-30.96666740648675,95.24700778206817,True,69
BOROLTD.NS,280.20001220703125,363.3999938964844,-22.894877018944836,232926.8406374502,8.056000480165526,12.115882786465427,16.784070670842354,17.775632757748205,0.15374250909661627,272.6555248119819,265.27264957791783,251.42820037841796,241.00120025634766,247.29829986572267,229,-41.186021101469606,0.2986825051933373,False,69
OFSS.NS,10420.0,12540.0,-16.905901116427437,227791.76494023905,-4.622425629290616,-14.29511432801448,-5.8802276217143845,49.033923121001166,0.14528235533354195,10838.489806597203,11142.273649640516,11534.5,10954.12,9184.018181152343,23,-18.157894736842106,13.26890073164122,False,68
VIMTALABS.NS,584.3499755859375,771.851031857928,-24.292389144140337,294100.3346613546,-2.20084090611925,-10.833905950255062,3.3333290160808993,39.69438065124293,0.14490885684658508,598.8657246667178,607.4372817890468,620.7990026855468,576.4001205444335,531.0838105773926,248,-51.45863017850984,1.0876075968403676,False,68
MUNJALAU.NS,104.06999969482422,129.46286953315382,-19.614017462996834,868483.064,-1.2056167526271255,-8.259875304059339,-4.897094454626682,44.30802850008511,0.14481546327571462,107.14014867055546,107.65754233491724,108.22207595825195,102.0419383239746,89.7830041885376,33,-23.561095593412407,22.113415706761575,False,68
CORONA.NS,2029.4000244140625,2292.39990234375,-11.472687538539695,142770.48258706467,-3.8654654469889915,-1.2072791036561337,1.2624145070770698,37.41759310407704,0.14717759228323815,2104.3756260595983,2121.615126232718,2119.2519995117186,1987.7358666992188,1762.6915179443358,12,-13.361539862423278,6.109461015931972,False,68
ARVIND.NS,534.0499877929688,607.1500244140625,-12.039863902112135,679539.7370517928,-5.594842448488302,-6.223775774093598,-1.5053684280910251,43.51436603427319,0.15149896485614422,545.174758701806,548.0933031602718,544.2746746826172,527.2836572265625,439.0354248046875,16,-14.024544344906776,6.352380087013021,True,68
SANATHAN.NS,504.3500061035156,544.2999877929688,-7.339699170570002,44873.93975903615,-4.704769748981463,14.559910528907572,13.541195912540838,20.312497952512267,0.14628863085650526,502.19657973116614,490.13646288238306,474.3060009765625,451.95050048828125,437.9869998168945,5,-10.196582995535564,12.18865924748278,False,68
THYROCARE.NS,533.5999755859375,662.0,-19.395774080674087,784999.6135458167,-5.849144140108075,-7.481582039716084,-2.1276662438314164,42.71822946833248,0.14367761092229545,551.2743714218548,559.2030219021945,580.5489990234375,550.5070532226563,480.18835159301756,36,-21.555893082633116,22.0840917163998,True,68
MCX.NS,3204.0,3481.39990234375,-7.96805624533391,3052628.9601593628,-6.526240754981938,-2.49543517954961,17.948313741315268,26.3563008241823,0.14775303340659385,3273.231766108306,3258.2436181714606,3087.7938330078123,3003.135407714844,2758.6355627441408,4,-8.266783844445659,23.803839114525726,False,68
STYLEBAAZA.NS,368.3500061035156,447.1000061035156,-17.613509041591758,904704.0119521912,-0.5534524370272131,-6.8529536646790845,15.615191163504205,29.54105792050534,0.15075044540614863,383.4185226668115,383.77256140617874,364.95499816894534,342.80449737548827,327.57049865722655,29,-19.022593860322047,49.214006074949815,False,68
HIKAL.NS,218.13999938964844,260.3170509561738,-16.20218553168311,1156762.94,1.8631826322127898,8.925034461887126,-0.7613651343499117,32.282138026047576,0.14655770825712763,219.53427147870647,220.76258357980635,219.84481658935547,214.79010009765625,205.55399253845215,207,-43.91200480602006,1.0751303502836596,True,68
SAPPHIRE.NS,209.82000732421875,310.5,-32.42511841410024,1394020.6175298805,-7.035883845255464,-8.058366788756144,13.723581205538625,32.33680434286974,0.1473653435653271,219.61326601154067,223.31831670095707,222.28100036621095,201.8122003173828,199.55665016174316,232,-54.940417500125804,2.6217165030369083,True,68
FLUOROCHEM.NS,4341.5,4955.618691060383,-12.392371757096921,111655.45816733068,-3.0027459343622276,-8.108074030766888,10.36977021979759,34.24722913086262,0.14887933318694727,4453.945229181172,4514.118670020295,4582.881552734375,4220.551379394531,3804.0056530761717,35,-14.735168991793103,22.858640365332338,True,68
SMARTWORKS.NS,510.6499938964844,619.0,-17.504039758241618,101455.228,-5.250954201607061,-2.8166367811816806,7.948421324126809,33.36380309124183,0.14641624857337732,523.6990611285346,526.1679664523879,514.1080010986328,488.2420001220703,462.205,228,-41.59935379644588,7.181983112025181,False,68
CONCORDBIO.NS,1374.0999755859375,1637.9924220405062,-16.110724500533912,270472.6175298805,-7.080069636537889,-4.893415756701569,7.691454762971928,33.86863931939153,0.14168202041654085,1435.0120170833654,1454.5985170503084,1450.5799975585937,1348.6217456054687,1263.7952841186523,247,-40.10195427995031,0.7576214839010165,False,67
THEMISMED.NS,113.19000244140625,146.40048186347136,-22.68467903885466,241763.780876494,-4.157490343906112,-8.454677659644839,-6.234207559843474,44.78155911831039,0.13935676813051534,118.48212646325224,119.83058527470376,116.45037399291992,112.46108924865723,100.45429679870605,246,-55.816327306812774,3.900717582220947,False,67
NUVAMA.NS,1701.4000244140625,2066.0,-17.64762708547616,516869.48207171314,0.3538987798513027,-7.582834089404534,-8.98684058018333,46.02322878643792,0.14232062400624393,1682.62387942986,1704.2194275282206,1742.0059912109375,1719.9139916992187,1523.1871966552735,49,-23.59148230464968,27.370385094701067,False,67
PARADEEP.NS,151.22000122070312,199.62043747380173,-24.246232933664768,5755923.61752988,-2.1229765561792124,-2.226772313228975,6.8588648608199465,32.058122953447054,0.1422325652136109,153.9647701916328,153.99695721481007,151.3388995361328,141.41705139160158,134.81348476409912,248,-50.54318222157222,-2.2005291662288817,True,67
NETWEB.NS,4520.2998046875,5813.0,-22.238090406201614,1734922.593625498,-3.02907208650649,-11.540121238992175,2.5301457815841255,39.60238933441747,0.1398906801179314,4633.422738038154,4742.174693486115,4885.1066796875,4650.028386230469,4033.599704589844,28,-24.514020299329086,22.517284149253094,True,67
TIIL.NS,2893.800048828125,3565.300048828125,-18.834319434649395,20930.871485943775,-4.592662435894068,-11.287552151191749,16.00721783235619,29.751135828243847,0.1398584300717664,2977.478861439881,3032.3267300278517,3003.81798828125,2768.28697265625,2509.052418823242,27,-20.84817655311899,34.69920986728321,True,67
AIIL.NS,539.2999877929688,683.0,-21.03953326603679,648545.9920318725,-2.2298746079354115,6.276475479311494,3.2647176243118636,30.818675025583687,0.14339192932595793,545.7023559637558,544.2104214468704,548.6220007324218,530.0725015258789,520.5082008361817,181,-41.434846266471446,19.961924832788046,True,67
GIPCL.NS,174.8300018310547,207.3979831995766,-15.703133109632095,421100.68525896413,-6.21714217987871,-13.3413122004285,11.960422014821859,34.782050185633736,0.14210970020626482,183.505823050769,185.75396607469222,179.22543212890625,168.0854818725586,154.86041442871092,20,-17.54982504557494,27.663223868419596,True,67
GRINDWELL.NS,1975.800048828125,2455.0,-19.519346279913442,61366.428,-0.26249122523346324,0.421857627858957,-4.250681276281032,38.64550889996745,0.14241121580151117,1950.627325934773,1951.595565644006,2012.100009765625,2007.9705895996094,1783.578935546875,55,-26.126273906886453,22.54332087857094,False,67
URBANCO.NS,156.33999633789062,183.97000122070312,-15.018755612044398,7135425.800796812,-8.711899245302012,-9.02001881420097,16.82856656786045,27.979691921360782,0.1356525305153205,163.88274918617736,164.73409870987504,156.44640045166017,142.2440007019043,134.1110001373291,19,-17.75289636647237,36.41430985905132,True,67
SUNTV.NS,599.9000244140625,663.9000244140625,-9.640005670505047,574734.733067729,17.007998855248594,30.243164668834254,18.149509569692878,2.7387023627756024,0.14289766635309814,535.5276553373739,509.034460599722,484.62067138671875,494.3644271850586,533.8989057922363,1,-16.546171498945796,23.899810637652806,False,67
LGEINDIA.NS,1721.800048828125,1755.0,-1.8917351095085522,1169713.3360655739,1.4195734434470753,4.149534217420148,10.357653038949998,24.840495199057287,0.1401535817913665,1706.184604453545,1686.1319950789705,1635.0080029296876,1592.0740075683593,1550.5770043945313,33,-8.888888888888891,3.7710003476003395,False,67
EXIDEIND.NS,409.45001220703125,496.3999938964844,-17.516112562157893,2765663.84063745,-4.00890307708488,-3.8059396033711335,-1.5153307980682484,38.40610433395084,0.13745764265777147,416.93106516997545,422.1341731626703,441.0000012207031,417.38290313720705,375.5797035217285,37,-18.785254058533628,24.994538832844416,True,67
SHARDAMOTR.NS,928.7999877929688,1164.805929175164,-20.26139595196932,64445.28112449799,-3.4360855260026857,7.295000952560771,5.593423803566222,27.228917858598823,0.1368498592242128,947.80401595406,933.0707186647898,892.8013793945313,860.4843365478515,858.3261978149415,223,-41.17153048990746,8.09019866058389,False,67
VERANDA.NS,213.8000030517578,272.5,-21.541283283758606,421486.5856573705,-8.027188816645692,-12.348309012500735,-17.620312080542043,54.78172409618218,0.13354215330145544,225.34723560478525,228.76660112494798,238.41439971923828,237.220799407959,209.69059997558594,234,-52.28623696423451,5.265341043955529,False,66
MAHSEAMLES.NS,698.75,768.0,-9.016927083333337,203313.51792828686,-1.383104644951627,5.067290102337707,18.63668210413394,17.467894750559054,0.13453310087436185,711.9069549113991,699.4200486844444,644.6508740234375,624.3053454589843,592.8774829101562,1,-11.197916666666663,28.551820528666518,False,66
SGFIN.NS,631.8499755859375,727.4500122070312,-13.14180150070382,336934.51792828686,5.036985854515041,-6.337088874464991,-6.634654512606208,39.94462360707365,0.13223733899606105,616.4828006620911,630.145729514307,663.2039990234375,634.5620001220703,533.6067498779297,41,-21.13547287373513,17.67946192640586,False,66
JUSTDIAL.NS,653.1500244140625,878.5999755859375,-25.660136289159652,570855.250996016,-2.855648377936315,-6.405381204512251,19.318596142408808,23.01535161456636,0.13435078409853105,666.9173229162268,671.9126982701891,684.8170007324219,629.5640002441406,619.1812495422363,244,-45.310720082873324,3.4609129301230945,True,66
BEML.NS,1962.300048828125,2256.187906504501,-13.025859097511727,341386.8964143426,-4.015846928463418,-2.880637004768738,6.395753267061299,30.05666125302,0.12963678387526303,2009.7786299967192,2008.60321155178,1927.9806298828125,1853.0277783203126,1779.0159942626954,236,-40.373538782066895,1.0910783475857055,True,66
IRMENERGY.NS,257.70001220703125,374.9893337579747,-31.278042064696223,1433550.9800796814,-3.699549204290664,-8.532474151148694,-3.669173639098189,41.04293732541491,0.13239973087777704,266.61152846174184,270.4087940568146,276.1310220336914,270.86992736816404,259.7272706604004,249,-56.12732309117617,-1.2033344977062321,True,66
PNBHOUSING.NS,1092.0,1211.5,-9.863805200165087,1132953.9482071714,-0.22841480127911984,-4.294478527607359,0.9838563126142397,34.70281824961976,0.1329454700798279,1111.278321563008,1124.2047272739526,1132.7839038085938,1086.0157641601563,988.3962820434571,26,-12.059428442916841,13.543238860562766,False,66
SHYAMMETL.NS,1047.800048828125,1148.0,-8.728218743194683,403869.438247012,-4.563254802064087,-2.312131952479757,9.798150275826401,28.05441923966039,0.13242460907909714,1073.1962390197102,1071.1478521906429,1044.1890588378906,1006.3659765625,918.3966165161132,5,-10.53136101167792,7.681395141405201,False,66
SIMPLEXINF.NS,245.00999450683594,318.0,-22.952831916089323,144788.8032128514,-2.6772613676917856,-7.613128495798771,-8.61246216748106,44.29328039066813,0.13343221670094002,248.0898819641829,250.83998515119998,251.12640014648437,251.48530029296876,233.68040000915528,218,-56.91823899371069,8.958370120068682,False,66
CENTENKA.NS,537.7999877929688,659.4200186323656,-18.443484790109387,111678.364,-5.241829026494882,-10.716359327511816,4.258532512152713,36.38101738830635,0.131625119408165,557.6312949396471,563.2066089317727,575.0496667480469,538.9620230102539,481.1595869445801,46,-19.542935791769366,21.65389741770307,True,66
VRLLOG.NS,285.04998779296875,310.20001220703125,-8.107680020746443,236927.964,-2.262988596481219,-4.935807240049728,18.765882386972834,21.25658736289533,0.12918939353591916,287.7802572100693,288.73827643829435,287.11240020751956,262.110299987793,261.693006439209,36,-9.445524551105333,24.00065497216053,True,66
IIFLCAPS.NS,345.6000061035156,407.5051309315702,-15.191250398869194,684726.8087649402,-0.6039706729331962,2.1578535542290167,1.961939417905234,31.386859366108254,0.13514499215367357,344.8529852021531,342.8872701943262,338.3629992675781,339.6634997558594,329.4343534088135,185,-41.00687926384582,23.942339007899193,False,66
FIVESTAR.NS,506.25,663.5913003653413,-23.710573101051324,1490223.864,-3.5438651902713114,-3.5438651902713114,-8.262603606054775,42.34137698944831,0.133946101568815,519.4778438625729,525.3387492431854,534.5234851074218,511.77372467041016,485.2697590637207,230,-49.22672388434163,22.249265137614472,False,66
BELRISE.NS,237.5,267.55305639788776,-11.23255955379362,5664546.944223108,-2.51611244918748,1.6065464571466848,7.095945852034369,25.23634489913014,0.12293019761772955,240.76672893437842,238.62291072097347,236.88131317138672,232.0936344909668,210.11091186523439,36,-16.745484802558007,9.42014460747178,False,65
NYKAA.NS,324.95001220703125,349.54998779296875,-7.037613058223757,6216518.494023904,-3.08678078220751,-3.6899768567490887,3.6523164934708863,31.059937487830027,0.12472996493602709,329.13410799704144,331.58967739175483,333.02800048828124,312.99249938964846,285.02834968566896,23,-9.59805148465338,11.499198658044252,False,65
SPARC.NS,194.1300048828125,289.0,-32.82698792982266,3271955.171314741,-4.828900407412218,-2.730732988396123,-25.82247097121837,53.608173050947116,0.1266749129059289,200.03743428321482,199.82201145870997,201.75980041503905,213.56270065307618,174.18525032043456,61,-37.0242214532872,60.05455460580615,False,65
PARKHOSPS.NS,270.79998779296875,305.0,-11.213118756403684,1193116.48,-4.982460423519742,-2.1499592437330572,-5.9068800281635525,38.12097886619554,0.12548089646930569,278.34010756991694,280.0759623595794,282.02599853515625,280.4984989929199,233.50299949645995,66,-12.62295081967213,20.19289921406027,False,65
SOUTHBANK.NS,47.439998626708984,50.68000030517578,-6.393057732748087,22921417.262948208,-4.929865378649589,3.7166525707464038,2.233068929431359,29.652014222394584,0.12781070344071566,47.76435782592564,47.18868913390222,46.337236328125,45.22635143280029,42.30799043655396,4,-7.65588209303737,8.010914848590712,False,65
EMCURE.NS,1944.5999755859375,2100.699951171875,-7.430855391740132,220841.71314741037,-0.3842016338199472,4.841895366753013,6.17884573777947,25.305920695299932,0.12905980909422424,1951.6641869063517,1944.937419151769,1926.685703125,1850.2410070800781,1688.6820281982423,9,-9.211215523285754,6.735624551587138,False,65
INDIGOPNTS.NS,1053.5,1340.211918083566,-21.393028536378722,132619.25896414343,-5.752374845173391,-9.652333665295586,-1.930744379007654,38.36018686854112,0.12259147216137699,1097.9294477635528,1108.4204242371034,1118.8145092773439,1065.2792626953126,1012.9471365356445,220,-47.39207785097419,22.31344139265672,True,65
TTKHLTCARE.NS,1013.0,1247.0,-18.765036086607857,12801.588,-3.0992943999807565,-10.4728236853734,8.94269153495777,29.982619897022577,0.12271361242223607,1039.1753725671945,1059.357504411647,1083.7259899902344,999.0434045410157,957.6371365356446,16,-20.609462710505213,20.17490501033359,True,65
ANTHEM.NS,855.75,977.5499877929688,-12.45971963724931,501671.37848605576,-3.3705935420998534,-8.42696629213483,10.55487545965612,28.59428602036196,0.1258172443340467,878.3785978153517,891.2438901109109,881.3580017089844,824.6729858398437,750.8192486572266,16,-15.03248059352983,25.5927047866505,False,65
RACLGEAR.NS,1538.199951171875,1927.699951171875,-20.205426667320168,73871.224,-8.42958051793332,1.42423684120081,13.991397905879932,23.144662656031546,0.12897173750623428,1636.301783408835,1637.1322705249315,1522.2139965820313,1417.7640002441406,1316.3896435546876,10,-21.927683865682003,37.98566578649567,True,65
GULFOILLUB.NS,1093.0,1231.8793020953658,-11.273775105981487,62905.00796812749,0.20168234996307266,-0.15191560526653936,4.259416130893423,27.704753955092244,0.12349511535247923,1095.2303609320804,1089.463987500047,1094.096982421875,1027.9421948242189,1021.3975564575195,229,-31.67559848242942,3.123981277601895,True,65
INDOCO.NS,251.75,317.0754661004704,-20.602497854492153,396056.67729083664,0.5833260430024856,-7.963620760327805,6.929207170944718,30.634572663104098,0.1279819966875974,255.42854904316948,252.46583543423407,239.2910400390625,233.7747009277344,222.03565788269043,244,-48.892390180618946,2.150724453058994,False,65
SCHNEIDER.NS,1275.4000244140625,1548.0,-17.609817544311213,355061.71314741037,4.6439098554646785,9.055153861826625,-15.029978386804633,37.516848091793406,0.12773167478587769,1219.6932612880235,1219.824774573064,1256.9100024414063,1284.0910046386718,1083.5680023193358,61,-26.68604493449208,16.80324034598497,False,65
NGLFINE.NS,2924.0,3599.8325981661596,-18.77400072743507,10141.16,1.0052194769390788,10.024077835438415,-8.741092759653135,31.583559438082464,0.12116433462118636,2847.153511416466,2841.1827427847775,2997.84328125,2947.415546875,2470.449164428711,35,-30.410650236002436,16.336207712245642,False,64
MEDANTA.NS,1357.300048828125,1544.0,-12.091965749473765,229576.8795180723,-9.885799174797526,-6.913101189601633,0.5242829972775587,35.723849925506926,0.1207562471398596,1427.7768070236195,1439.3012728202589,1435.986875,1354.3537524414062,1236.1093923950195,24,-13.458552385241251,12.200630837055915,False,64
ENRIN.NS,3334.0,3968.0,-15.977822580645162,609040.5019920318,3.688502247257053,6.882952835926592,-2.5231718736984377,26.81627995435527,0.11715001211543602,3227.9332016538137,3223.2016976344785,3286.862001953125,3412.082001953125,3088.6858166503907,89,-25.20161290322581,48.13498000379954,False,64
DEVYANI.NS,127.06999969482422,172.39999389648438,-26.293501047846924,3885343.3824701197,-7.585454767400568,-7.966978377544443,11.337950366084604,27.811307619311165,0.12173967005300902,133.68182660637387,135.73563248802898,135.15359909057617,124.28689971923828,122.8409998703003,250,-46.8967480899518,0.0,True,64
FINKURVE.NS,70.52999877929688,134.89999389648438,-47.71682581882241,87926.52016129032,0.4987154069523214,1.4382281282273812,2.261849399714788,27.702334535346317,0.12097005800393672,70.04618823274465,70.47516384998387,68.90499984741211,66.98429996490478,72.78154998779297,247,-64.40325972541417,0.0,True,64
GARFIBRES.NS,768.4000244140625,862.339096096681,-10.893518815026171,98025.564,-1.7328457806048636,-5.688858617482362,5.267203995339953,28.89015748301551,0.11825167890251231,778.0383625060961,785.1725678417588,784.0267456054687,743.3401495361328,694.2025259399414,40,-14.402366316430726,21.62533580952246,True,64
GLAXO.NS,2771.10009765625,3120.699951171875,-11.202610279285086,91355.96015936256,-2.053578909880849,-6.061215993988145,15.356762716792694,21.781087237906902,0.11901862620414858,2820.294244757107,2839.2936273405826,2808.1259716796876,2565.910378417969,2475.0054528808596,24,-12.686253357843103,29.676472650542674,False,64
AUROPHARMA.NS,1676.800048828125,1740.0,-3.6321811018318995,1267470.208,-2.2843794389204586,1.7352322839176981,5.15490245207002,26.075191641212413,0.12095155904997465,1691.6220993634429,1684.4845262659524,1646.9200048828125,1576.472000732422,1421.4929986572265,5,-5.212640871946839,8.862522796705651,False,64
GOCLCORP.NS,351.6499938964844,430.87402214509945,-18.38681938962101,194151.088,-7.521369126499833,-3.864390744077184,-6.8028177045146965,39.519529296866374,0.12241951345926722,378.6506699710556,386.21455577874616,385.5819091796875,374.93282409667967,317.74067359924317,9,-20.208699034263887,12.49527791256375,True,64
BUILDPRO.NS,1249.199951171875,1380.0,-9.478264407835146,84491.1256830601,-1.8387572578169031,-0.9985811672738598,19.769889853487534,16.462953580274565,0.12132556428919622,1259.1873320465893,1263.9892932718046,1267.5219946289062,1187.2547930908204,,42,-13.60869919044384,23.7074099095667,False,64
ECLERX.NS,1802.9000244140625,2496.1160957516863,-27.771788039725255,291974.00398406375,-4.613509988795316,-10.057369697477547,20.396415731515873,20.646042347542547,0.11904516720096742,1853.0062003600044,1875.8610664775254,1884.4947875976563,1703.9551135253905,1770.3616607666015,167,-47.14714646071957,2.375717872141192,False,64
VISHNU.NS,658.25,744.0,-11.5255376344086,113936.72908366534,-6.3988624244578745,-0.19710223895520462,6.186069761760993,27.591977042651305,0.1221330505535199,686.598217869637,687.9240514195988,655.1881750488282,630.3157690429688,580.8435917663575,18,-13.9717758342784,20.779124844244024,False,64
ZYDUSLIFE.NS,1145.699951171875,1232.0999755859375,-7.012419943679826,1108919.780876494,-2.931466256449211,-0.7364408559686564,-0.10196746109749633,31.279851313854714,0.12040915490373982,1169.046062717053,1159.77172608945,1141.29599609375,1119.435341796875,1013.0575360107422,2,-8.797989332197798,6.238938053097343,False,64
SJS.NS,2159.800048828125,2590.0,-16.610036724782816,141395.132,-4.492785792124843,-10.150594685234005,-1.7334662727359396,35.47776652693984,0.11191669212695868,2275.637197592051,2312.2945420535334,2393.860009765625,2255.2190625,1988.8732232666016,40,-19.274129388875483,16.5971216746009,False,63
PIXTRANS.NS,1809.300048828125,2089.0,-13.389179089127568,45164.357429718875,3.637300849122127,2.399684409315861,1.6452615561948214,25.856901981939416,0.11680006226409599,1748.223009968285,1752.462955940851,1780.0660009765625,1728.7278234863281,1579.290834350586,37,-18.1474377973163,23.439033158413558,False,63
MANKIND.NS,2535.0,2642.0,-4.049962149886454,493493.42,1.4000000000000012,6.000418147606101,-0.2557544757033292,25.63810583073456,0.11518599619104045,2465.1813165761255,2424.2577676282262,2411.7919921875,2437.2119995117187,2298.0584973144532,46,-15.897047691143074,9.419706738631572,False,63
KERNEX.NS,1643.5,2580.0,-36.298449612403104,268364.4780876494,-3.369005596372454,-5.35015106587614,-31.606325426550143,56.36743481744097,0.11658145526198872,1704.0101539353218,1737.0519688496781,1932.5200024414062,1931.9079992675781,1551.505251159668,40,-38.25581395348837,28.45223967475419,True,63
CASTROLIND.NS,199.0399932861328,203.39999389648438,-2.143559853089516,2021391.4103585656,2.176586328516872,6.964741685054765,11.670559869573282,15.262542612807973,0.11216791975857815,197.37742146103625,194.39115547755287,188.18451934814453,183.15579849243164,179.36766624450684,3,-3.3923274845307883,11.791214118962312,False,63
CUB.NS,230.0399932861328,248.85000610351562,-7.558775308833344,3573069.940239044,4.317063680948219,-0.24717372304328133,3.340215414628256,24.574888294196985,0.11214291565553437,225.03976728348414,225.73669065568217,222.27281036376954,211.91253158569336,206.49539932250977,18,-15.334539974347328,6.922306964975933,False,63
TEXINFRA.NS,119.38999938964844,126.58999633789062,-5.6876508069596206,158193.204,0.4121092157117312,4.901637239789425,3.0124081458651863,23.10360088994463,0.11166701169266467,117.60665599829572,116.44901298001025,113.66453414916992,109.39812438964844,103.15778247833252,6,-9.384625639539635,7.6083518410492434,False,63
VIDHIING.NS,350.25,387.8500061035156,-9.694470932528576,27292.814516129034,-0.6242054563297739,-1.157049818793543,22.658033609842242,11.11991955442788,0.1095154739533214,352.29644745799936,348.4374536518423,334.81000061035155,313.6999996948242,313.29350036621094,217,-33.32473842104407,3.4238470079125394,True,63
KARURVYSYA.NS,325.29998779296875,358.6499938964844,-9.298761096073315,3316254.74501992,0.09230393629806599,-6.145417754027793,7.785633044918883,25.10207631259165,0.11156667281336573,325.4283108545325,328.9766298055026,336.27799926757814,315.10200134277346,300.8688031005859,26,-13.174404239258841,18.99565126761338,False,63
MUFIN.NS,130.58999633789062,141.5,-7.710249937886482,1448376.733067729,-0.9330988605567581,-3.0152229800433417,-2.0477128985517234,30.65532798916939,0.10951462844037896,131.9601667373547,132.85527155783353,133.95459991455078,129.98910018920898,121.13429992675782,29,-11.646645481931872,8.891490122525326,False,63
HONASA.NS,427.8999938964844,506.64561650495574,-15.542544935390968,1651470.0160642571,-9.525323426955845,-9.630413115842796,-6.753845829518024,41.26119912507566,0.11599710935310716,453.7671026284408,461.59840786354687,466.5540533447266,443.4246429443359,371.20606994628906,32,-18.3156840557669,15.823010031044294,False,63
IDFCFIRSTB.NS,80.38999938964844,89.61000061035156,-10.28903153431967,30007608.426294822,-4.023403367517742,-5.523559937150068,-0.6332780430385432,31.76362280253604,0.11008413383921066,82.67875308163272,83.82906448544749,84.94149215698242,80.31397430419922,77.41443620681763,6,-12.286577459255831,3.6911646911646834,False,63
VENKEYS.NS,1613.0,1814.9000244140625,-11.124581062212812,94116.692,-3.070727500488357,-2.1997205515133067,13.732416429625438,18.88237203049268,0.10925656880733205,1639.5788553640114,1644.2737163514441,1597.2194873046874,1521.133338623047,1484.656537475586,12,-15.57661961757132,12.829718709586157,True,63
ANANDRATHI.NS,2117.5,2268.39990234375,-6.6522618956136315,527228.3107569721,-2.3022932819084296,-3.6755696235005852,1.049868766404205,28.8740842924903,0.10899251094026421,2146.564037786811,2163.2547562226177,2154.131984863281,2026.408992919922,1809.9891137695313,9,-11.523537012749252,9.171927378534473,False,62
SASKEN.NS,1720.5,2760.488858956468,-37.67408281986724,79732.564,-0.9385103851835552,-8.750994431185365,-15.539817676062828,42.862981307228964,0.1063919729531731,1710.5598294251834,1748.449347010018,1837.53,1961.9005065917968,1618.3211242675782,74,-41.61541547459326,103.98328811821047,False,62
ASHIANA.NS,383.95001220703125,434.28772937264273,-11.590867934106186,137658.015936255,-1.1711680290781845,4.636281859269964,1.3345814427648817,24.214472383837162,0.10896302955310504,381.92070222512905,374.99569365809816,370.59063720703125,371.9030487060547,341.39436660766603,52,-23.617800360962114,4.812405296269939,True,62
SIEMENS.NS,3804.0,4149.39990234375,-8.32409289229158,395971.18,-0.9839150488754722,-5.347232017857029,7.0302616402535545,24.295002539956446,0.10659241599599692,3810.2593658279047,3850.013469469479,3902.4895263671874,3761.7499462890623,3505.1537768554685,27,-11.254639489826456,14.186523940054329,True,62
FMGOETZE.NS,444.25,542.9031499790809,-18.171408654173803,380789.7469879518,-5.16597536053347,-14.336540567552525,14.019355083286268,24.446233230169454,0.10600394167489811,455.02539185220235,455.8868628698173,440.57743286132813,411.08814697265626,389.1094529724121,23,-20.57515005693995,35.807421025539334,True,62
ANANTRAJ.NS,577.8499755859375,742.4300925158334,-22.1677594414569,2888103.577689243,-7.410671656664958,-1.8680479674053507,5.064343142415173,25.976588631655197,0.10795261636239065,602.205264953276,605.3115173965975,612.0443798828124,575.2862515258789,545.4757225036622,248,-45.80784023633535,2.1950495916503776,True,62
GESHIP.NS,1530.5999755859375,1766.7330608502607,-13.365521396349568,771025.1832669323,3.237555698800687,17.233456204609897,9.71325676568766,9.349803119031286,0.10424345088120861,1501.2753702373075,1459.5801259358154,1379.86162109375,1417.5743347167968,1352.940922241211,97,-28.625323884915066,19.077027406007787,False,62
KAJARIACER.NS,1225.0999755859375,1278.9528521893533,-4.210700692463265,297740.204,0.2700872995526238,0.182456304270584,2.407249472607753,24.43704772547275,0.10560493922780806,1213.3588368875724,1213.9488822932278,1212.5555395507813,1176.7266540527344,1090.4728466796876,239,-32.3460821254564,3.100658531361633,False,62
NAUKRI.NS,1200.0,1409.9440640081355,-14.890240639143826,1729528.764,-1.9607843137254943,-11.504424778761058,16.339220000347932,21.060431450195694,0.10828975193057895,1245.4237379600688,1263.603242644026,1285.4510083007813,1157.942769165039,1139.7000427246094,235,-35.777232539615866,3.2910994600343413,False,62
MATRIMONY.NS,497.0,566.3557799316015,-12.245973712844883,40343.184738955824,-7.715158988907367,-4.238921001926787,18.6760847558066,16.53084504399791,0.1059586334506505,523.2093730785526,523.3948635556561,504.39086364746095,457.4746829223633,463.666501159668,171,-36.465971889817816,14.545091016677315,True,62
PCBL.NS,321.5,382.23402387266384,-15.88922494584013,2137610.653386454,-5.050208445149251,1.9663851719215142,1.1288415241659688,25.375483967096724,0.10377102233957859,331.88289146673344,330.64206081140946,325.2263513183594,312.2006170654297,296.1628887939453,247,-41.559069444740416,1.0544022970714106,True,62
RSYSTEMS.NS,263.6000061035156,415.00058481042566,-36.48201574850083,1388538.732,14.288759414523234,6.106118832927221,23.253899698623414,2.9735152392283526,0.10815675713316132,254.979918566348,247.9241222107752,242.81760040283203,244.4506916809082,277.21310150146485,231,-50.0200081067256,4.349404806671475,False,62
AURUM.NS,223.41000366210938,264.6400146484375,-15.579658669948449,154835.032,1.448552549143467,-0.23221052591411162,-3.661056687291142,29.543079534245088,0.10817327957242218,223.21472664762888,223.36470058976624,224.58359924316406,213.9920997619629,196.05084983825682,55,-22.40402254499797,42.53566266084074,False,62
UJJIVANSFB.NS,65.5999984741211,73.94000244140625,-11.27942073560816,14883557.924302788,4.6418885167630375,3.0798226009905783,9.735697246015684,16.25021818067267,0.10500949817948192,65.1922303225241,65.4447271558355,67.98040016174316,62.99920017242432,60.46870016098023,30,-17.162566976465065,28.126115224787185,False,62
GEOJITFSL.NS,75.69999694824219,86.5,-12.485552660991694,964267.7911646586,-4.382974991736511,-9.036294354908204,-2.9651132485237874,33.660389065473815,0.10329065281477101,78.4418216661818,79.32850624091954,79.36460006713867,77.60203941345215,71.76776788711548,19,-13.225436348446529,6.579954596950688,False,61
HCG.NS,668.75,804.6500244140625,-16.889333286607854,199150.1513944223,-4.607372991283388,-4.368652699306674,2.47472035216707,25.516144016853403,0.09614405873401809,689.1818071328717,694.0103623760526,698.6300024414063,669.3580017089844,632.8749453735352,236,-36.20829277091636,17.872667016449917,False,61
GPPL.NS,165.8800048828125,194.17086460013374,-14.57008484541803,1866588.4302788845,1.5985793728504172,0.875700814903202,9.581835347302592,15.732371515076672,0.09502497310487128,163.44441943567386,162.35084063869522,156.89168884277345,153.031953125,157.63527671813964,184,-29.25682589206965,6.138084090019613,False,61
MINDACORP.NS,667.3499755859375,769.0,-13.218468714442455,440146.172,-1.9035737820668919,-5.721551373435496,-4.153130411945116,31.20592414104275,0.09901762879939778,680.7386079321843,687.2185989071188,703.7202453613281,674.2135577392578,610.6802890014649,34,-15.559170925105658,10.400467381639045,False,61
IDBI.NS,86.56999969482422,118.37999725341797,-26.871091651149115,16579022.17131474,4.806296966151802,-5.43965394967617,3.0963420701726196,24.310741604762743,0.10045898169636829,83.95951679038619,84.27963228283222,84.97619964599609,82.32889991760254,87.1901498413086,187,-48.46257836032204,10.505878554198556,False,61
COSMOFIRST.NS,826.8499755859375,996.0,-16.982934178118725,99454.516,-3.546226236694372,-13.223487771253673,-2.9938752805095503,33.31047054858382,0.09426705457360494,851.1129239052984,867.9936529241664,900.9029992675781,842.0271246337891,753.3421133422852,22,-18.16767190833647,11.876745842191983,True,61
NIITLTD.NS,84.94000244140625,109.89657617408741,-22.709145818289556,1065411.5219123506,-5.517240267281698,-12.729887143282891,-19.994279790809934,46.937267161655114,0.09678921472034319,87.97250683971086,90.1615190102401,94.11957336425782,91.77493297576905,82.36264493942261,62,-24.46534275577964,47.32589532045706,True,61
ADANIGREEN.NS,1276.0999755859375,1631.5,-21.783636188419397,3093334.637450199,-0.31247559380422896,-1.5354957109616096,-17.62845237500518,37.90457764673339,0.09534948644619057,1278.2812330170198,1286.7950673308953,1316.8239990234374,1400.9939990234375,1203.9152499389647,57,-25.534782444740266,16.45376274770005,False,61
BECTORFOOD.NS,213.02999877929688,278.33899243412714,-23.463832028596055,1954357.4900398406,-1.2286693186548625,-6.425781329853764,20.523138433493937,13.318464604329904,0.10076304173943904,215.40916855189494,220.80054718527555,228.28950744628906,204.30956588745119,206.38367630004882,202,-40.88883560893357,6.914769576540669,True,61
MANAKCOAT.NS,126.58999633789062,182.7466119542093,-30.7292239324195,726324.496,-3.4842994789721637,4.137873379663692,6.987275065891785,18.30064744356472,0.09895586225228946,128.06020020689567,127.30874460244621,123.71645065307617,117.52896461486816,117.64808113098144,234,-48.47391471782986,29.822171225589766,False,61
AARTIDRUGS.NS,421.0,531.1493690336815,-20.737927117201693,174007.22709163345,-3.7164093767867334,0.7659196506767163,10.877004599739104,17.960214962095876,0.10228730357216753,428.4732869535963,427.5328504724418,421.7949993896484,403.545,387.9904461669922,226,-39.950975977379755,5.878770536028299,False,61
MAHLOG.NS,416.3999938964844,447.10758500270833,-6.868054163303439,268440.1673306773,-0.8689427455199406,6.102683385016339,4.957115149795821,18.087847850218107,0.09855916087477265,416.5166897661322,410.0768408582269,405.6340008544922,384.97429595947267,374.5811517333984,114,-26.544449545759573,-2.1207450713510267,False,61
GRANULES.NS,821.75,923.6500244140625,-11.032319787866085,1093274.584,-3.663540445486513,-1.2022843402464733,-3.5984797495653753,28.907613327866887,0.09876690493679197,854.0250652914486,858.7628471355885,854.3441564941406,827.8399450683594,720.7535556030274,12,-11.86597019694997,-0.14643470671571457,False,61
LLOYDSME.NS,1776.800048828125,2125.0,-16.385880055147062,534235.3027888446,-2.475436356637739,-1.9966878748965855,1.2190967367227579,23.29994349846971,0.09038825209761622,1838.923933133001,1838.598116672046,1891.5600024414061,1836.6449340820313,1595.098490600586,38,-18.070588235294117,16.115166043311024,False,60
APLAPOLLO.NS,2115.699951171875,2292.568366695916,-7.714858936963642,657546.9880478088,-3.162765292563663,-3.898186876671972,17.697430016575733,12.337363638302223,0.09148260555702849,2176.5722510706514,2170.4805509933044,2094.244677734375,1955.718203125,1981.6841131591798,160,-24.56764896925414,31.1616263151683,False,60
POWERMECH.NS,2476.199951171875,3005.643635770155,-17.614985299566865,88390.364,1.9222042054692245,1.5462845628550381,-7.298361552946886,27.19349673184992,0.09189367559973832,2428.4452193099555,2425.64607605835,2476.1338525390624,2547.506159667969,2371.9093127441406,73,-24.518705081488967,15.914003712979019,False,60
DATAPATTNS.NS,4251.2998046875,5000.0,-14.97400390625,879447.9880478088,-3.2806323583778885,-5.875979789414332,-7.690025767643371,32.7651571178885,0.09295795923141734,4359.588511848912,4442.646066552768,4531.75201171875,4414.502373046875,3759.2825244140627,29,-17.200000000000003,7.407538914952716,True,60
DLF.NS,658.4000244140625,776.7480127911251,-15.236342601224973,3681017.613545817,-1.789976068465715,-2.2492708267352723,-0.9852709153103545,24.820485358344268,0.09003761096550975,662.8783963903305,661.939778871623,662.5779992675781,636.5805822753906,621.1264546203613,233,-37.774956933709134,6.788268844102707,False,60
ASAHIINDIA.NS,944.25,1071.7996569938532,-11.900512951422293,213954.72111553786,-2.190804213714337,-0.5111742190393898,8.501637105719118,17.48055987558321,0.09221399816769708,955.0703410553251,955.053036602977,936.7092687988281,906.7226940917968,904.4877127075196,211,-27.830539250545883,18.12193412371186,False,60
UTTAMSUGAR.NS,276.1000061035156,356.11921220364263,-22.469780724542588,175341.3984063745,6.192310039813709,-4.780004826650519,15.19562576606932,12.488321120282219,0.09217246216584951,278.6025235936815,277.1013691905871,271.9158001708984,252.81198379516601,240.9949574279785,28,-31.455535747975915,46.051938731738296,False,60
KOTAKBANK.NS,418.3500061035156,452.4189269358333,-7.530392475633474,16104811.66135458,3.2962978033372003,-1.2160552293941862,9.906185440054704,15.462800256286524,0.09243394468985905,411.7975264008705,411.76607985404496,405.4709991455078,396.9683587646484,398.80448669433594,239,-23.76434350547929,5.393952545285607,False,60
ADANIPORTS.NS,1737.800048828125,1891.0999755859375,-8.106389336201758,2383418.334661355,-2.6606171904369313,3.8919172330124985,-6.790386930279347,26.36668932251096,0.09021881377479388,1774.5783573600893,1761.1641758821697,1721.3840014648438,1766.265213623047,1629.048486328125,64,-15.758024633661572,6.91312211995605,False,60
JUBLPHARMA.NS,999.2999877929688,1178.6978642896322,-15.220005222015187,176979.132,-6.067583707694924,10.996334704245925,2.314583017229932,17.58541597436416,0.09321049864994338,1035.3092448224365,1017.5677854174785,958.2899987792969,968.315044555664,952.4919357299805,237,-33.655473337427246,2.170802141206263,False,60
GOLDIAM.NS,310.79998779296875,398.20001220703125,-21.948774920835934,1008919.0358565737,-3.3882573827966667,-9.677424504470721,-10.843378556718175,36.27095997002232,0.08981059781819667,319.84990710069286,326.40073261587156,346.67399841308594,339.3572494506836,300.9357508850098,37,-24.058266040619493,5.439445599092574,False,60
CGPOWER.NS,879.0,980.9000244140625,-10.388421029445094,3347680.3984063747,-0.868389771177025,0.1424095699231076,-4.978108037473428,26.6753089888184,0.09118334121152252,876.6057185263012,882.1458295651408,880.7859985351563,897.2875,797.3427453613281,65,-16.928335681030738,11.675014745486024,False,60
ANDHRSUGAR.NS,91.05999755859375,105.85510736650535,-13.976755752262427,471128.55378486053,-2.0649663680579633,-7.0133776869645725,4.476982470274993,24.09892091249195,0.0937349093188057,93.80672228586205,94.39660016026384,93.77998840332032,88.40201721191406,82.61467430114746,106,-29.497343842813894,39.026346839325065,True,60
HAL.NS,4601.0,5149.89990234375,-10.65845769339987,1126057.1314741035,-3.627836877945645,-3.744769874476983,3.822075862404839,21.445747107030066,0.08613183938843517,4712.625621644681,4764.22322431379,4818.178740234375,4594.544833984375,4397.822276611329,33,-11.662364493393618,12.270797958049195,False,59
JAGSNPHARM.NS,231.72999572753906,260.14646303072993,-10.923257219082071,252522.94422310757,-5.017012514621156,-0.5999286832396922,-0.5579735814932985,23.48426692621146,0.08604627707926542,234.668044135687,233.76632387330338,231.6259780883789,222.51395126342774,202.81706985473633,67,-19.001891669883765,14.996381656489488,True,59
HBLENGINE.NS,779.3499755859375,1117.5594259540492,-30.26321844848525,1949109.6135458166,0.5223768678879637,18.21153905973423,-3.352006641371974,14.66831880290409,0.08556271027485686,776.3636723970536,755.306251973664,716.0455102539063,748.5098291015624,757.6658087158203,226,-45.224420422767196,29.751444242231685,False,59
SHRINGARMS.NS,221.30999755859375,266.5,-16.95684894611866,1175625.848,5.260403119426282,2.3493511221522434,-3.9077765166100953,22.24370623391174,0.08721060074954746,216.6406401242366,216.3238078762041,220.80659973144532,218.509599609375,216.92479957580565,155,-37.71106941838649,11.426314616815603,False,59
IKS.NS,1776.4000244140625,1970.0,-9.827409928220177,242670.644,-4.91891141745171,1.851960855470658,-5.364655717948185,25.82518508117182,0.08599178346433232,1791.7008460813684,1790.623032135222,1789.0520043945312,1759.8460021972655,1657.815003051758,6,-12.380711899190988,6.519354707537861,False,59
POWERINDIA.NS,31290.0,38775.74235339215,-19.30521996244202,147138.96812749005,1.8720494872212168,-2.826086956521734,-3.283464231801214,25.039834765043366,0.08652882193894759,31032.403790447665,31392.973483094618,32440.6216796875,33398.009140625,28673.725317382814,88,-23.547562984550773,43.65251762571349,False,59
TNPL.NS,147.6300048828125,162.27681042327004,-9.025815519946423,164403.652,-0.8795471579967962,4.068624703890911,4.347946131236169,16.4229276062952,0.08599325106867435,148.56983132493477,147.70861034812867,145.79157928466796,144.1076173400879,140.19205543518066,233,-27.091081662023107,-1.9038185247581052,False,59
PRIVISCL.NS,3573.0,3774.7057070510364,-5.343614117366979,124158.32128514056,0.9921167535858588,6.78741457558758,-3.0277329267943576,20.978774374502464,0.0893988446223878,3555.0420599186514,3527.0776187862893,3521.410546875,3479.8841381835937,3217.77380859375,50,-12.488540691856842,11.7276974108802,False,59
GENESYS.NS,281.3500061035156,612.0,-54.02777678047131,946955.1513944223,-0.6462273534842633,27.96198314988827,-15.472434747074516,20.142631694860704,0.08943096148451155,279.6174592854488,272.76409674151313,237.83357666015624,269.73228775024415,289.064694519043,240,-72.4673202614379,16.143952411720043,True,59
ALKYLAMINE.NS,1741.4000244140625,2115.0,-17.664301446143615,128744.26294820716,-6.502012111996647,-11.850163279470383,-3.191017503666249,31.256952486351743,0.08525241876347081,1812.6087696272052,1852.4461050402945,1905.3580078125,1847.1635668945312,1670.1345288085938,28,-19.309693825723993,24.235377581012308,True,59
TVSSCS.NS,128.4199981689453,146.5,-12.341298178194327,1157651.632,-1.5712447555588094,3.2398093086832613,-7.02287669501599,25.74170334137309,0.08680655714225212,130.10225592089301,129.90777801836938,129.90740005493163,129.6168999481201,119.2554500579834,59,-17.8156986171475,25.008828135903684,True,59
KPIL.NS,1356.4000244140625,1468.0,-7.602178173428986,198545.752,-3.0865927354556733,-3.8355175885102843,-1.7386264543270524,25.161613345611112,0.08467294610698706,1385.9941897627637,1392.8004644100868,1372.1159936523438,1344.0167346191406,1246.3545666503906,36,-8.528607028056879,2.825461594563139,False,59
CAPILLARY.NS,554.7000122070312,798.9500122070312,-30.57137446249988,1371549.6513761468,-2.264113445919924,14.607440538642823,7.531266542557313,9.722089922033629,0.08843292694717217,547.2121007396385,527.6300949579874,512.8899969482422,508.977497253418,540.894499206543,214,-45.159273145746326,13.652100213185282,True,59
POLYPLEX.NS,1028.0,1262.9288373840152,-18.601906174748393,94680.49003984063,-6.32404072080438,-13.569230254488819,1.3766798302398575,27.770499774883017,0.08174953736046964,1073.7716199655656,1097.0573300657925,1137.7386547851563,1053.5322473144531,951.0080435180664,36,-20.02716462694152,28.41900170936189,True,58
JSFB.NS,482.3999938964844,606.9500122070312,-20.520638570819028,626966.836,-7.709970799576871,-8.946771421030498,2.791392807215387,25.071293396160875,0.08305583836465179,508.73829103321043,518.7364950093554,541.5309954833984,508.96449798583984,453.4367491149902,28,-23.27209772784706,29.84391874825809,False,58
PENIND.NS,173.6199951171875,279.8999938964844,-37.970704214664075,800145.852,-2.869932801573427,4.6534065730708285,1.029961565788784,17.29495345615892,0.07870657886657027,178.12397223549107,175.29470720790655,167.5037985229492,164.7848992919922,166.10389930725097,226,-53.87638123662812,13.066465200132349,False,58
TATATECH.NS,698.7999877929688,891.0,-21.571269607972077,1248172.374501992,-2.640196754723967,-14.07316473495619,-1.7918628653971314,29.346776769198748,0.08122499225596726,714.3088566108001,735.889536237407,778.9059997558594,749.4227996826172,672.1404200744629,37,-23.265991895956084,14.096656004558895,True,58
BANSALWIRE.NS,323.04998779296875,370.0,-12.689192488386825,131666.324,-0.0927843837587039,1.0320524762998495,-10.919621334619167,27.330408436472453,0.07853409031087333,320.0248342751979,318.02362046952464,318.105,318.42499969482424,300.0688497924805,64,-20.932435731630072,14.634904668194748,False,58
CRISIL.NS,4428.60009765625,5005.771680286142,-11.53012201700937,57526.992,-1.6631487141945178,-8.301064340899678,10.495145157949871,16.78890964329689,0.0803757966510433,4527.229556640054,4564.591418811374,4557.957587890625,4303.978901367187,4305.386700439453,233,-26.686528212982253,8.533922990734766,False,58
EMMVEE.NS,305.8999938964844,370.4085035460425,-17.41550451244961,3710103.0,-3.683882865927235,-5.499636940677933,-12.54306109071257,33.10891626595036,0.08012332504438063,319.57091375831664,323.3796654882483,324.17325622558593,323.1811880493164,270.63385833740233,55,-18.77886084596344,39.84688915604486,False,58
HINDOILEXP.NS,167.30999755859375,201.44000244140625,-16.94301254426367,1045537.5856573705,-3.182686232105958,0.6799885260659222,6.7164171841334275,16.20364114692938,0.08314110696014369,173.45431330238134,174.34394893003025,168.14520080566408,165.8511003112793,156.77020057678223,16,-18.337967629915585,22.669758569137734,True,58
TVSMOTOR.NS,4021.0,4484.5,-10.335600401382539,915816.2151394422,-1.711073087264725,-4.261904761904766,8.529014844804328,15.85892603170973,0.07878786605017764,4099.888739747749,4129.696628094517,4226.112006835938,3859.7169970703126,3757.4538781738283,26,-12.362580050033445,27.761877504293064,False,58
VOLTAMP.NS,10426.0,12724.746990128295,-18.065168540574007,48180.235059760955,-1.5207329744025722,-2.396554952256136,7.030340299416005,17.344289340589714,0.08415433538169204,10626.350395643469,10692.769514235317,10471.8,10011.755966796874,9269.222326660156,108,-30.42058661625352,42.038686151415014,True,58
SAIPARENT.NS,523.6500244140625,706.0,-25.828608439934484,232063.703125,3.4064041716999505,1.5711447605244677,-14.190901365987296,28.7716789065934,0.0790627052211606,514.6567256944013,516.7918871938977,530.9520043945313,541.8755004882812,,65,-33.25070821529745,25.48782541416208,False,58
APOLLOPIPE.NS,512.5999755859375,668.7999877929688,-23.355265409392313,682155.3505976095,0.4113566279995151,-14.431185037751526,8.844911542201285,20.8078687592659,0.08131519621616393,521.1308349521522,535.6066276494963,550.2069952392578,522.6890579223633,442.8871409606934,27,-25.762558453620265,35.67519834997177,True,58
JKPAPER.NS,382.6000061035156,442.0,-13.438912646263434,400678.976,-6.943934869705193,-3.188260555243838,10.192973810150985,15.561818016068374,0.07950573751453359,400.9209315022252,403.80257574331597,397.2550665283203,378.23709564208986,361.3059422302246,10,-14.932126696832581,7.88757237442943,True,58
GPTHEALTH.NS,151.47000122070312,175.0,-13.445713588169639,129718.99193548386,-6.343903281937013,-0.10552242759145347,-3.764481515642293,23.938751889969147,0.0779066148758298,156.74463327930073,157.82736812083027,158.30082092285156,152.65913314819335,141.66384300231934,43,-15.994288853236604,14.964889777794067,True,57
MAYURUNIQ.NS,711.5499877929688,899.9875607705063,-20.937797497579915,130786.02409638555,-2.9395701146688324,-2.3602075069682704,-18.784285635464727,34.539239685932955,0.07414411670873228,728.2014575561847,734.1272911446086,748.8177368164063,763.7993615722656,646.6711672973632,64,-22.032254356239676,40.15728331764619,False,57
PWL.NS,120.16999816894531,161.99000549316406,-25.816412066226857,16490585.398190046,-9.401388177084325,4.070318609643797,-11.051078652898594,26.481418237038955,0.07151168603166332,127.74699376121717,128.22842899196175,125.77220031738281,123.38639976501464,115.92764980316161,220,-52.021730609804266,0.0,True,57
SANSTAR.NS,103.0,137.49000549316406,-25.085463753857283,473761.41832669324,-5.850092720853361,-6.286965182307192,-11.716806705653937,31.94978634567043,0.07422470218025216,107.59887791520423,108.90981378910054,110.36360000610351,112.58009979248047,100.58599975585938,71,-26.38737723411847,47.64222443485375,True,57
PHOENIXLTD.NS,1930.0,2166.9299087704976,-10.933898129862918,520536.3574297189,-1.2787723785166238,0.6487316258115827,-8.226982563628205,24.30413573750978,0.07255428613226106,1934.5841374717234,1926.0464147456555,1920.7821508789064,1907.0672021484374,1820.234656982422,57,-16.000977059537426,23.852935708089728,False,57
TEMBO.NS,57.15999984741211,83.55384731237945,-31.589027093258448,1565984.358565737,-3.543703229161277,0.8646580100567514,0.7668600881311161,18.25799302802602,0.07351816516744966,57.68947850344239,57.631605716353995,58.05139999389648,57.574899940490724,57.37081607818604,225,-48.13524394339639,39.10217836710559,False,57
MOBIKWIK.NS,196.22999572753906,296.70001220703125,-33.86249152203818,2055467.5896414344,-3.714429445958467,5.887107690554538,-1.9144266109135333,17.552270015769757,0.07252558616548903,199.5052932062557,199.9033408094446,200.0086004638672,200.5181999206543,203.57205017089845,248,-48.95180300559561,-0.9615384615384581,True,57
ADANIENSOL.NS,1326.4000244140625,1789.0,-25.858019876240213,2325638.167330677,-1.05184450473238,-5.026489503010545,-18.264728586131252,34.4892293448986,0.07205790811044717,1340.1053156753178,1375.4808237484187,1498.9839990234375,1518.689002685547,1292.070001220703,52,-28.719958011633594,19.018650821524076,False,57
IMAGICAA.NS,50.70000076293945,62.0,-18.225805221065393,940631.06,-1.515149157406137,-7.159860471913182,5.51509171270701,19.042030010086243,0.0768785250772335,51.666614721022384,51.983343206522996,50.880800323486326,48.16120010375977,47.210650024414065,24,-20.564516129032263,21.33305255801512,True,57
IONEXCHANG.NS,406.3999938964844,484.3644916198611,-16.09624550772496,444000.04,-3.3646401871851306,6.359588433606467,-0.10479424284284278,16.68971501135097,0.07579901399690316,418.07372492639035,417.21447422442435,403.7453167724609,397.6720248413086,384.00776473999025,58,-25.520964843326343,16.522640857241623,True,57
CARYSIL.NS,1044.800048828125,1277.592736162673,-18.221196845072463,121429.67729083665,-0.29582741804695667,-8.049092040054873,-8.658478410045323,30.157138970656327,0.07825910915433265,1065.100761868153,1090.081332933938,1140.067138671875,1135.4588848876954,999.7471060180665,56,-22.064364955793625,17.881240745530526,False,57
RATNAMANI.NS,2619.39990234375,3330.2583637320286,-21.345444819832547,60463.136,-7.251612929996165,-0.5656207041032868,2.1586884991157795,18.66294432816744,0.07274498847181436,2744.9539410115076,2728.2020471275964,2563.07171875,2568.058984375,2448.8588079833985,103,-35.5874364768606,31.420683079854726,True,57
NORTHARC.NS,288.70001220703125,334.0,-13.56287059669723,806396.641434263,-4.719467918471532,-3.6703368541744497,-6.735576290793544,26.36785595853157,0.07320455333492523,297.27698293028106,299.6108666213212,294.79100036621094,294.94850036621096,273.2629005432129,58,-18.218564701651385,18.746581200346203,True,57
GODREJAGRO.NS,631.9000244140625,698.4000244140625,-9.521763699219743,276147.7330677291,-6.530576758537943,-5.721741974776206,13.39177441005457,12.216469977172029,0.07106714243076148,644.9408883106197,644.9629785642713,612.7073779296875,585.7075036621094,577.4374432373047,5,-11.225661751635519,20.852691864125326,True,57
KIRLOSBROS.NS,1767.5999755859375,2180.905610301624,-18.951101449022623,113235.98007968128,-0.04524139431575369,-4.335118130794735,-5.374517215057473,23.69788020503867,0.06995249151907705,1783.079798865138,1799.8637059246873,1857.9700024414062,1828.2489916992188,1710.9321435546874,73,-22.133266880036583,19.018370125707662,False,56
SPLPETRO.NS,780.4500122070312,899.0,-13.186872946937566,154841.0358565737,-11.302421803347073,8.118035409439074,8.340124240990043,9.202284598890254,0.06676316013406222,830.7367840701273,818.0299552281199,759.9380004882812,731.4880670166016,693.9815800476074,6,-14.916571255387934,20.174368825293108,False,56
JAMNAAUTO.NS,131.66000366210938,150.8288738594787,-12.70901897419735,2737843.689243028,-4.863065074948225,10.737414796962309,-3.2565602113260317,16.012925028983172,0.07089378400093098,133.42156529558397,130.9365440866745,127.86136459350585,126.8013159942627,126.12476215362548,158,-28.42725959631305,15.589163726774524,False,56
FINEORG.NS,5131.0,5394.804360638102,-4.889970849784408,17587.656,1.3530864197530912,-2.3689468176196327,-1.227330517117342,18.791408546235576,0.06809883541810412,5130.310330505465,5138.594238283411,5092.56349609375,4988.695424804688,4693.4619104003905,66,-13.223595589442727,15.752656179685864,False,56
SDBL.NS,74.94000244140625,136.0,-44.89705702837776,1137369.6653386455,11.451524125918588,3.251585217433539,9.657603829657058,5.223253519998172,0.06782052012974953,74.07331669196809,72.73451073345619,72.2899998474121,73.6331997680664,80.78255006790161,240,-54.558824090396655,5.448214245580463,False,56
APLLTD.NS,815.25,983.3745824758901,-17.096697989955633,134483.80876494024,-4.0882352941176485,-1.4088794376705516,-0.9902563612956161,19.89204106704816,0.06969140101484704,837.9104147354305,834.0313432930445,823.3695190429687,795.0707958984375,772.3683889770508,229,-36.29258259721105,5.525036562576857,False,56
MASTERTR.NS,81.66000366210938,164.5,-50.35866038777546,950727.132,-4.166172351256581,1.0018617232844473,7.419109797550072,12.386456848877515,0.06964070788347258,84.42082132345735,85.24554485706507,83.82899978637695,83.50909980773926,86.69940015792847,248,-66.20060883032153,-15.026867568868107,True,56
MOL.NS,55.130001068115234,85.3499984741211,-35.4071446353556,1115885.0,-7.437878111202267,-16.152089630242994,16.825604306994624,14.878097811886871,0.07024714679684309,58.320628576241845,59.6766300980856,59.82620002746582,54.48480007171631,54.07835008621216,249,-57.23491429110319,-0.7809769795596999,True,56
USHAMART.NS,491.70001220703125,542.5999755859375,-9.380752979935336,700997.6454183267,-6.020642061364367,-1.9736829697010183,-3.722851809140426,22.16869094168994,0.06753820033857208,505.8128299010867,505.366708256346,501.7239465332031,494.77103332519533,461.1108401489258,8,-11.35274204895006,7.1322649767350255,True,56
INDHOTEL.NS,718.0,757.4000244140625,-5.202009921315098,2597053.438247012,-1.481886384997677,-1.3329685370778277,-2.7298006838186395,20.119522054735373,0.06814086270833224,723.7707451242386,724.5641365638794,727.4210021972656,711.3194030761719,686.1909115600586,44,-7.373915344708404,12.81009156145223,False,56
KRBL.NS,375.8999938964844,447.6467343412539,-16.027535764412594,607164.956,-5.600205330720254,-10.40826512452151,1.624298633006771,21.945902609728375,0.06623977075817054,389.4983500417369,395.4687036940162,392.050576171875,374.6326824951172,360.1343832397461,26,-18.239099735956575,18.21904964267698,True,56
ELGIEQUIP.NS,584.6500244140625,653.4000244140625,-10.521885128738962,564916.3505976095,-3.9668140379659156,-5.204698108785976,-0.7725603758642619,21.69829934518075,0.07009930599759234,602.1791978957486,606.8961210922029,605.2029968261719,595.1859985351563,543.8805592346191,18,-12.029389911881083,12.595286696390161,True,56
HYUNDAI.NS,2024.0,2567.3820155472813,-21.164829084909286,899785.9402390438,-1.7761863496890684,-6.052725039668316,1.942160581789265,19.76606456931087,0.07100910359358557,2084.20649448707,2117.0261304800615,2155.677431640625,2033.8638952636718,2042.5609173583985,250,-36.03147873813233,0.0,False,56
PDSL.NS,347.54998779296875,416.5630259242535,-16.567250052536796,272666.4176706827,-3.3643837922595066,-3.4180959016042345,-4.768563348435206,22.4499542983968,0.06529355155281362,351.852355832687,353.09532402670925,358.1819989013672,344.17338500976564,328.94954948425294,56,-21.944586134341982,30.105513280209717,False,55
GAIL.NS,171.22000122070312,181.85195677766524,-5.846489499126417,10282398.179282868,-1.5128011449401457,-1.0289010284952993,-1.8927123753907482,18.116095956668808,0.06321564349857224,171.86121420257797,172.42177867728293,173.4568655395508,171.38181900024415,164.95570373535156,43,-7.380709198688395,3.3807862451483484,False,55
PRIMESECU.NS,301.5,325.0,-7.23076923076923,43936.407258064515,0.600596503054307,6.6501545741713075,4.906056507640066,9.061308260753131,0.06486430821732964,297.70164611653877,293.4215425306255,285.972001953125,285.3175015258789,282.3992512512207,220,-22.123075045072117,15.351353550816448,True,55
BFINVEST.NS,428.70001220703125,584.7000122070312,-26.680348339853175,59529.412,-2.468428139519807,-5.353791664965446,-3.771041030969413,22.507914642039808,0.06554252400580028,437.72944323256917,442.0367627738694,452.5790002441406,443.99623718261716,416.34596817016603,58,-27.321702867253496,36.33807038619297,True,55
MAHABANK.NS,80.5,94.5,-14.814814814814813,19705766.49003984,-2.2821040496453393,-2.3058270518140467,-6.9471760349355876,22.824538236460935,0.06356286668776355,81.37768916617298,81.95213568123441,81.62459945678711,82.34843078613281,74.65392719268799,68,-18.30688153625165,20.152580044452463,False,55
BLACKBUCK.NS,606.1500244140625,748.0,-18.963900479403407,765471.4980079682,2.2261593617140196,4.21215489927651,8.00962423900462,7.88467575920524,0.06621804491410187,609.2088707616981,606.2531655387943,587.9040026855469,566.2404998779297,583.6007495117187,238,-33.68983957219251,17.755654398950217,False,55
PINELABS.NS,167.58999633789062,284.0,-40.98943790919344,14857514.757847534,-6.536167185476282,3.2466663232373794,10.986752541649425,7.031545777292436,0.06104360619511649,176.93475928565923,177.344198487778,167.1024005126953,158.6040003967285,179.78610008239747,222,-52.55986065931724,0.0,True,55
NEPHROPLUS.NS,648.9500122070312,781.5,-16.96097092680342,356065.86934673367,-8.534177278783472,-6.31586534271984,-3.9872778863108027,23.397981000298728,0.060464182378039355,690.2911820489128,703.5519801649388,703.2590014648438,683.1495013427734,,14,-18.509280155350282,20.394834181107836,False,55
RAJRATAN.NS,453.54998779296875,563.9500122070312,-19.576207469525443,208500.864,-3.9190764703745162,-7.52370751261926,-2.5389829614840154,23.144024622298854,0.06599265810913033,465.0085702516877,472.87739159094707,494.1639990234375,469.81483642578127,450.56687255859373,41,-23.75210733355866,22.06893354065713,True,55
MANGLMCEM.NS,984.6500244140625,1120.0,-12.084819248744417,91516.32128514056,-4.541926862427292,-9.904840111796698,4.066329431462945,18.99483644107727,0.06382672697267722,1006.2570478530764,1013.6500006215933,994.6511901855469,941.7420056152343,882.9644540405274,20,-13.571428571428568,16.454330970557617,True,55
PETRONET.NS,285.5,322.6775170144611,-11.521570315292518,2899520.454183267,-0.3838123098707569,-1.2793955915819555,3.62976406533575,13.21687068928794,0.06081417146012434,285.83245918609254,286.3102368882643,285.3730023193359,280.1723147583008,279.61906951904297,149,-27.89522139859414,12.252696003715924,False,55
WHIRLPOOL.NS,861.6500244140625,1428.4580610250364,-39.679711436837174,716577.8844621514,0.9608075563589225,7.679331575807646,8.24883514184178,5.553152985024412,0.06327858807359721,850.2453115272484,823.8668213752057,796.2067626953125,798.8480078125,834.1809927368164,231,-50.576077851849085,18.628104288388414,False,55
KPRMILL.NS,1071.0,1331.0754095910231,-19.538743463898268,477261.072,-3.8427048798531427,-7.552870090634444,-9.38343239879572,27.658560284533106,0.06353549888062324,1102.9283455251948,1113.3406456597265,1108.9000024414063,1089.3183428955078,991.6384948730469,70,-23.74586798866176,31.383431797330164,True,55
CLEAN.NS,803.0499877929688,1100.0796944147542,-27.000744412413336,364817.2988047809,-1.5206357506208912,-6.524507425297665,1.7829854355600805,16.518694777325727,0.056854084814766934,807.055413822887,814.9742258182479,807.06453125,786.6147827148437,787.6186895751953,250,-41.00951135308848,0.0,False,54
CMPDI.NS,204.3800048828125,281.3180883112053,-27.34914199448164,3913367.251908397,-1.1271838592119665,-8.337442811192176,-23.580566979017846,36.068675516757295,0.055730931648379334,209.66316968858075,214.56919879759354,229.4937237548828,238.0795881652832,,64,-30.160907035824813,26.52167687409792,False,54
AGARWALEYE.NS,486.45001220703125,568.0,-14.357392217071963,399775.62096774194,-3.1169077287877767,-4.373894135261914,1.853016329651691,16.654679186338427,0.06031306973499718,494.40608245549186,498.68088120939046,503.48,486.88500091552737,472.31750076293946,238,-29.401408450704224,8.386708043354751,True,54
SUPRAJIT.NS,481.04998779296875,557.028538620579,-13.639974536271138,152717.53815261045,-1.1507256084969386,-5.015307296246885,0.41967440116112975,17.353522378439166,0.05949177251624936,485.41374689601923,488.231491590709,498.81628967285155,481.6051403808594,456.7623022460937,37,-16.52133279355448,13.003093301736524,True,54
GPTINFRA.NS,118.66000366210938,150.0,-20.893330891927086,364809.312,4.527842821564176,7.180927326691422,-6.219865006807545,14.156788690282207,0.05685725721565322,116.30091350978539,115.29384563948184,114.9188003540039,117.83962059020996,113.6907381439209,72,-29.059997558593754,17.800693323650975,False,54
MOLDTKPAC.NS,658.8499755859375,808.7306710902861,-18.532831863825283,93654.228,-2.0952576514339794,-4.7230191932673975,-2.98398057126813,19.653527233580583,0.05812087118254916,659.9473482879072,666.473176148496,679.1882409667969,684.3938946533203,621.0597248840332,232,-42.95705754241899,-2.279694116514497,True,54
SKFINDUS.NS,2734.199951171875,3218.699951171875,-15.05266124056086,45366.37073170732,-6.990509351747953,-10.035535828512899,-3.983211418498822,23.792522828747398,0.056158876050719383,2838.2034400481593,2862.7918751613015,2821.8426416015627,2664.010831298828,2517.5310327148436,9,-17.295801398610944,10.083408563809982,False,54
BAJAJHLDNG.NS,10666.0,13011.97571177054,-18.029358213821332,60556.346613545815,-2.2991664376660226,-3.353091617191317,-0.8429001342553866,17.582659751220042,0.05879658893006535,10884.799862298656,10980.956272383419,11138.18197265625,10734.8143359375,10530.333251953125,228,-35.18491171149385,11.168454864574496,False,54
TIPSMUSIC.NS,644.2000122070312,741.0,-13.06342615289726,405287.2270916335,-2.6961673461308844,2.0191622065912185,-6.468237792082576,18.96583789603532,0.0578007952749451,655.753627395929,656.3813102615984,660.3419995117188,661.6199975585937,607.8246798706055,53,-17.42915309231613,10.531230423603088,False,54
BAJAJCON.NS,497.04998779296875,692.0,-28.17196708194093,1169939.111553785,-0.9268535580867487,2.5797132008887447,-19.79183830854714,28.12217351541564,0.05734575197971189,498.82795435091776,501.6212741151912,507.73499938964846,543.5120010375977,455.06475128173827,58,-35.281791025503516,26.692888485031997,False,54
DIXON.NS,12700.0,17491.53980142949,-27.39347053389721,540451.3545816733,-4.50409805248515,-12.887094042926261,-4.466524937522132,25.63409726093169,0.05885852809282267,13212.610309889138,13431.65344258739,13943.84125,13118.930205078124,12084.218520507813,245,-45.15852938689001,5.147371719804061,False,54
DEEPAKFERT.NS,1300.9000244140625,1669.6119086916185,-22.083687973122746,388993.90836653387,-4.443954672767014,-8.1739204312123,-18.404355106800065,33.00565459553362,0.056017757526542665,1338.2853427392577,1354.6003639577475,1434.058525390625,1466.7485668945312,1288.0042596435546,42,-23.988325132368026,5.300939811713934,False,54
IGARASHI.NS,398.95001220703125,556.369872473851,-28.294102189046622,281187.764940239,-4.63726392098679,-3.8674669380647564,-18.61712548518136,31.50991108228638,0.057816070076485135,414.16670812206365,419.36704240214254,434.82497131347657,428.9606677246094,401.09656646728513,245,-51.424729443857146,3.5344861654632798,True,54
TORNTPHARM.NS,4767.2998046875,5250.0,-9.194289434523807,389230.422310757,-3.2707760030942445,-4.882286418844773,-1.1487421647907392,17.907184697159572,0.055147163453482285,4873.645454492237,4897.7795770052735,4933.839990234375,4773.745581054687,4441.25818359375,43,-10.146670386904766,14.502088513931755,False,53
OLAELEC.NS,37.08000183105469,57.95000076293945,-36.01380268700821,90636393.83266932,-12.793975936365964,-4.874288695470408,-12.526533699102727,28.616031665559948,0.054341972237624846,38.029877007398454,38.214524665101024,38.48779998779297,39.82280006408691,36.03105017662048,240,-61.604832257000666,5.723282193970181,False,53
METROPOLIS.NS,537.9000244140625,609.0499877929688,-11.682122125432482,295297.9362549801,-7.727933244638052,-7.609066792189556,-6.21566805643009,24.07049938531074,0.05468892654293553,566.4802155911907,573.3640008565377,574.7710021972656,559.2340783691407,516.4728173828125,45,-13.586733709635801,7.543873187761241,False,53
CAPITALSFB.NS,277.5,318.27334486330085,-12.810794721377972,41404.83870967742,-1.087145936794509,-2.4261582435180507,-4.6555534654779684,18.1923323785006,0.052863206693737876,280.9603851066958,280.9782040476264,285.7629998779297,283.83249298095706,269.12322944641113,103,-18.473896855927087,15.640917043122492,False,53
DOLLAR.NS,272.1000061035156,380.5180492051346,-28.492220888889186,171777.67871485944,0.9647518009334499,2.0630157067079935,-0.5401138166689523,11.858018346190713,0.05090251514910543,272.9954616197658,271.5746461386514,269.4051770019531,264.70139022827146,281.60954093933105,220,-42.72727313845888,-1.757203398254481,False,53
SHREMINVIT.NS,103.0,107.94999694824219,-4.585453532356764,70000.0,0.9803921568627416,1.980198019801982,5.820745494369883,7.026094139629868,0.05050740123809583,101.90477547604465,101.48711144801771,100.97086868286132,99.64902801513672,96.2725023651123,0,0.0,1.0794881821878377,False,53
TATACOMM.NS,1683.0,2110.0,-20.236966824644554,505327.55378486053,0.7784431137724646,-1.5789473684210575,-11.046511627906973,21.446220211968114,0.05026589434108189,1687.3915819798628,1706.0536196949854,1725.9899975585938,1811.853828125,1697.2388006591798,73,-23.341232227488153,32.11708100693258,False,53
DCBBANK.NS,199.7100067138672,234.8000030517578,-14.944631976923617,2359578.577689243,-6.393250058324551,-10.178101104954862,6.722600065624285,15.499282067229858,0.05541547619755802,209.81046199123105,212.49751262790355,205.3347998046875,193.9777424621582,187.41015098571776,17,-16.179729556813417,22.505068347777257,True,53
ISGEC.NS,919.7000122070312,1105.399615026135,-16.79931857174686,78241.008,8.187276628624929,19.191361414289744,0.22952857476770117,1.1649803895213973,0.05191850673959311,866.4825290948842,838.2203255928954,802.33376953125,867.5762603759765,880.554059753418,95,-35.13780280979228,20.832861752605126,False,53
DATAMATICS.NS,790.2999877929688,1003.5294156461148,-21.247949938354317,165868.5737051793,0.8099975109459701,4.116201441111955,-5.129325955539077,14.067939458590505,0.04992618036091468,790.6209122469274,785.9326162343937,802.6608764648438,802.1594494628906,768.586591796875,231,-37.42574516652382,5.255753041104971,False,53
DAMCAPITAL.NS,146.55999755859375,284.0820688881976,-48.40927548430612,727813.219123506,6.822158031011161,1.664812594004661,-1.5812043318813807,12.32450458293095,0.05470618855510014,146.14882583416411,144.69809088804777,146.30079833984374,149.0085598754883,157.37599040985108,227,-58.31468340893089,9.835170681739802,False,53
ENDURANCE.NS,2601.39990234375,3072.0,-15.319013595581055,111172.82868525897,-2.3205185476566026,-5.606154268106966,-1.3590272592333141,17.79002549292006,0.053550193110109764,2665.6184716343673,2703.7507514747626,2808.7555224609373,2725.915998535156,2588.4681677246094,29,-15.973305702209473,12.69912658583776,False,53
JAYNECOIND.NS,91.27999877929688,117.0,-21.982907026241982,6129439.003984064,1.9546520985820326,-7.037380069557331,0.606189134810875,16.028982971718577,0.053814391250774286,90.80714187073305,91.14111323222923,91.94560028076172,92.41890014648438,88.31165004730225,104,-29.470088339259483,60.36074919548393,False,53
BANDHANBNK.NS,176.0,218.86288600994448,-19.584355662749008,11068679.159362549,-3.7725500966334424,8.96483119398226,-14.400129665108985,19.040815340811747,0.04711998465925111,180.11926785443606,178.0839045284228,173.06339141845703,187.32333435058592,175.46777305603027,56,-27.242115647726283,12.682804297095451,False,52
ABCAPITAL.NS,375.04998779296875,430.70001220703125,-12.920831863666704,4824238.625498008,-3.8579897654636985,-5.5408640413990735,-8.468581380605556,21.552423474610617,0.04586423190836395,386.12624618200056,391.2545982702742,400.80400024414064,388.7224993896484,364.9829995727539,43,-14.046899996584749,23.357559913812675,False,52
ABBOTINDIA.NS,26840.0,29954.070075835953,-10.396150065590193,9357.632,-0.07446016381236209,2.697532045150175,6.074763361332369,6.074763361332369,0.04784394745581457,26845.41480532325,26667.20668433404,26849.58,26508.1375390625,26405.009609375,214,-17.95792107297325,0.8009321684429693,False,52
JUNIPER.NS,214.99000549316406,288.45001220703125,-25.467153269226493,188623.1513944223,-1.565861504327526,-1.6064048086205651,9.716768992831915,5.314982921502742,0.045631567542938054,216.44666041257793,216.0946306722141,208.5363998413086,203.02739974975586,213.59605003356933,250,-34.65072212765013,0.0,True,52
BHARATSE.NS,204.64999389648438,261.4935961713362,-21.73804754958767,554575.454183267,-5.929675465094963,-4.369161730614779,-15.095504676224557,26.346340443250348,0.045430848818003196,212.69700333923555,215.1850123781559,221.6936004638672,211.15607131958006,191.14401046752928,58,-24.14345761630742,41.455551459355775,True,52
BFUTILITIE.NS,504.75,834.0,-39.47841726618705,92606.609561753,-3.939482676969719,0.818936613102883,-11.826362261050482,20.883730033843783,0.045754223901459744,517.6441138313505,523.4194372282393,537.3090008544922,566.8485000610351,551.3410000610352,247,-55.79136544280201,0.31357449024724815,True,52
LUMAXIND.NS,5550.0,6868.719019600016,-19.19890762509031,24513.556,-3.1836022677714793,-12.557113596974945,4.4292580528331404,15.379028493231939,0.04650605866970581,5703.785393819961,5785.099214047726,5795.986640625,5551.86751953125,5440.0875170898435,160,-33.37659386113599,19.632341529524844,False,52
RITES.NS,209.47999572753906,252.6160882566492,-17.075750331976224,1888009.888446215,3.836616448707919,-0.1469304475876343,-1.1963616086465123,11.382109599628286,0.045482109126106264,203.46784856330575,205.28242253846156,211.97641174316405,209.85656814575196,211.28301086425782,217,-32.04968787024036,-2.0084126384002254,False,52
HNDFDS.NS,574.5999755859375,677.75,-15.219479810263737,65109.012,-7.060254656540643,-10.79025037018141,4.2736572569921805,16.23343147397833,0.049113942269986416,599.5766645153351,607.7055219035418,607.797001953125,575.6435003662109,536.1535005187989,30,-16.29657133264939,14.081764272766373,False,52
PFOCUS.NS,301.54998779296875,367.0,-17.83379079210661,3352365.492,-5.396082261029411,7.561969405353008,28.570817952179883,-11.491054596814166,0.0494760920189596,318.7088886076205,317.1043134437866,302.07719970703124,272.5575999450684,272.8015996551514,119,-44.81199093020904,31.79908475237747,False,52
GMRP&UI.NS,101.87000274658203,136.3000030517578,-25.260454537261833,1757591.310756972,0.45360326186885125,11.773100097422539,1.6869658976422786,4.653797595149545,0.04767589153023894,100.00708738451897,97.94170239203346,96.29580032348633,100.13689979553223,103.53899986267089,218,-36.316947095887556,13.98637669222298,False,52
CLSEL.NS,281.95001220703125,321.4957959945291,-12.300560156677998,208258.64516129033,-3.573865221472139,-5.804314107761854,-2.1477956310323343,17.356522463718505,0.04780020952478116,288.071714773308,290.2595688676337,288.4427947998047,283.932020111084,270.60521911621095,26,-15.609597855147639,11.49745463290428,True,52
GSPCROP.NS,454.3500061035156,666.5340937074551,-31.833943620754688,391175.1278195489,-7.351139527252593,-26.76288113513704,12.757596940850547,18.00315787029143,0.049408520506190684,480.5687716282556,502.54621487193276,557.4383508300781,495.97915435791015,,26,-32.186514648358724,61.752273506282386,False,52
GVT&D.NS,4253.2001953125,5636.049839022599,-24.535795161632436,851672.0876494024,-0.772218717384221,0.311325361143866,-6.384292648807799,16.076653425752554,0.04500416776149032,4271.00734996452,4312.331775574315,4310.724008789062,4551.491164550781,4081.137420654297,72,-29.87257122828283,19.53637056399824,False,52
LANDMARK.NS,463.25,659.9164650856485,-29.801721201201392,435406.4738955823,-5.275531834567948,-8.150493341387321,3.407342656389911,13.316894924948098,0.04191308915161953,483.5564737096781,490.2742258655577,510.9724053955078,467.15740570068357,441.20467819213866,240,-48.71600884489807,5.024717730703698,False,51
SEAMECLTD.NS,1594.699951171875,1849.0,-13.753382846302053,78586.49193548386,-7.82613873907525,-5.00953628843146,11.51634628656919,6.744634693402296,0.04368236631737858,1678.5017454417593,1690.3402914571157,1623.3701000976562,1561.2136682128905,1433.4551513671875,13,-15.673339579671442,29.709342912856872,True,51
ARFIN.NS,87.25,106.06059834309647,-17.735708299745667,1325126.7951807228,-2.426748169738757,-0.5750823387464243,-4.047584747031929,14.546584200568535,0.04246666971394675,88.54854823067392,88.16820232935943,87.02562423706054,88.56929267883301,83.97008625030517,102,-24.67043180887568,22.522410957762908,False,51
ZOTA.NS,1267.800048828125,1738.4797432169696,-27.074212180227963,68934.784,-5.788801751528084,17.709531397692004,-10.696833998532917,11.10312596144507,0.04195226289403745,1277.5732352791524,1234.8567295563914,1184.5982153320313,1235.7803723144532,1270.7092895507812,216,-41.264369686282244,11.751441671493023,False,51
AVL.NS,572.2999877929688,703.5025243881884,-18.649902743323043,209439.86,-8.876681965381628,-4.592813022299069,-11.725693896908085,24.01733307982905,0.042829942618612185,602.1579924126551,607.7323860660632,611.6158312988281,601.8103454589843,547.3810261535644,70,-20.270360806187902,25.905449474686915,False,51
VMART.NS,746.0999755859375,886.8128854091074,-15.867260403896333,625526.82,-3.567278814221908,-12.218369919359196,-6.536717291679317,21.98526569195025,0.040326892239822755,770.6687351290404,785.8813490029506,799.8590002441406,762.9553552246093,687.8493013000489,242,-48.43468856895955,3.6489891929694984,False,51
TECHM.NS,1533.0,1807.040094106148,-15.16513634644625,2235417.330677291,-0.6480881399870353,-5.5452865064695045,8.993956629932454,6.748903681200091,0.04223882346167168,1538.7403415847757,1550.6130221144756,1589.9980004882811,1513.8498229980469,1491.6241650390625,167,-29.660192536623796,9.275524971533788,False,51
ARMANFIN.NS,1764.4000244140625,2158.60009765625,-18.261838942294094,42812.916,-7.014491466979578,-9.38783542223277,0.7767863380538698,16.438986838189695,0.04229614405547527,1828.8361450073337,1884.619617047153,1954.3760083007812,1842.4460034179688,1697.5505029296876,35,-22.811087010466167,18.707626519392527,False,51
WINDMACHIN.NS,293.1499938964844,343.8999938964844,-14.757197121462006,102814.02,-2.5756065660360705,-3.900997991372046,-8.49071693110629,20.10406083960723,0.04456649001632989,298.61201222613516,300.0487359701571,299.68399841308593,301.3209991455078,280.81384925842286,81,-22.76824343781101,14.052171790081513,True,51
LGBBROSLTD.NS,1711.0999755859375,2019.894362671753,-15.287650324315338,65918.28685258965,-1.959552643406559,0.658859404142631,9.623970583899455,3.0414558398727864,0.04039590127606821,1725.5809298518143,1713.7461129864598,1642.5605712890624,1586.255135498047,1677.2796343994141,160,-29.443359419448868,7.766626335999027,False,51
MONARCH.NS,342.70001220703125,405.91149198853304,-15.572724849900899,142828.244,-6.263674374775718,-7.975290595119821,-2.8758102551976306,17.9338998075917,0.04089391289975855,353.50966235594206,361.2759975022291,376.0244348144531,358.4227215576172,323.24280555725096,34,-19.933284369987437,11.520346046713481,True,51
POLYMED.NS,1638.0999755859375,2090.02010392206,-21.622764656094205,191223.51394422312,-4.539628462357959,-8.167959931266166,-2.7459086876615246,18.09025636133732,0.04324775105747441,1680.4561121381712,1698.872324712993,1723.7549438476562,1639.6287609863282,1565.0248034667968,225,-43.56109824271459,7.986180905487661,False,51
SHK.NS,137.86000061035156,242.11786059924776,-43.060788547716136,472313.62151394424,-2.1992096735695243,-7.083638776515966,4.116000904395234,11.645608084291093,0.042563947823748616,139.99316033313315,142.08995177335194,152.2701986694336,141.85539985656737,146.07479427337645,249,-53.74979645046414,0.6959304270307332,True,51
PRESTIGE.NS,1486.0999755859375,1802.9302554788078,-17.573074661655674,738982.0756972112,0.7525407176906862,-6.061948445895227,-12.65213783278324,21.755238799318644,0.0376931855248251,1473.1422966271552,1492.797312565141,1559.7179516601564,1534.5738781738282,1481.4419018554688,230,-39.61887418585771,16.37801457150232,False,50
REFEX.NS,271.29998779296875,381.1815877927063,-28.82657597289122,1330722.064,-4.252697388735783,-2.2166243083360904,-22.61382654586358,27.862057905677197,0.03492080597971008,275.57765679321477,278.1510752317324,288.9519989013672,304.15559753417966,270.2651234436035,247,-50.83682202005458,1.190479282550383,True,50
ADANIPOWER.NS,196.2100067138672,254.1999969482422,-22.812742301559652,30443055.318725098,-1.6392566090377314,-5.532012712180368,-10.752785414305432,20.1089654632592,0.035474223576722044,201.19088866760674,203.43230731972972,206.75440032958986,216.03610076904297,188.85195053100585,89,-24.291896436400418,54.904203533656215,False,50
SPAL.NS,935.5999755859375,1218.4508944923061,-23.213977697822983,118158.404,-4.433097488668281,-12.509475985020158,-15.013729094358796,27.488061355802817,0.0354590086814263,964.4170565349092,979.0653769982118,992.4198718261719,964.6144970703125,842.8927713012695,60,-28.979458638176368,50.04455594599801,True,50
TSFINV.NS,409.1499938964844,684.5682054144123,-40.23239895449131,115523.30278884462,-10.450864661385461,1.4882798191336644,-10.480252746047935,18.44428293028464,0.034862068459876626,433.0537981837433,434.1226889484361,429.99800170898436,425.29276275634766,415.1472807312012,243,-52.0133152382439,9.578617657689414,False,50
PIRAMALFIN.NS,2023.300048828125,2326.39990234375,-13.028708143009492,400613.4605263158,-3.8492609476062367,-7.4639813021667,-6.876232600049958,19.587248778288814,0.03894307376106574,2131.089395364129,2166.8620435943567,2155.8760034179686,2102.8578381347656,1937.8000323486328,16,-23.435349641418448,6.4746543778801735,False,50
RESPONIND.NS,162.58999633789062,240.7572086823752,-32.467236504477235,688454.40562249,2.892033882969658,8.054758436141963,-23.91431045309249,22.977123746251713,0.039167114380982984,162.71179533505824,161.93512831470358,162.73125885009765,174.60233474731444,173.0380697631836,53,-40.612371895302665,10.46991343442012,False,50
TITAGARH.NS,805.0999755859375,969.8369391372275,-16.98604754092383,994303.406374502,-1.727192482644191,-2.289168773057304,-7.1673981065911825,15.938938935771585,0.035948031394554,822.2738581928038,829.2508054387062,836.2079772949219,841.6994885253906,797.2982864379883,75,-18.6972191438046,25.721221511360028,False,50
NUVOCO.NS,322.1000061035156,439.8500061035156,-26.770489568275313,742133.5697211155,-3.8507444467117513,-1.8436653681234705,1.2733904939443708,10.251587483395008,0.037288446232454454,330.70196639716545,330.8906428135851,334.07500061035154,329.07500061035154,327.2507508850098,245,-37.194498995872124,2.0030634800854763,False,50
GLENMARK.NS,2331.0,2535.0776323504288,-8.050153168730212,647316.6175298805,-4.089857897372939,-5.243902439024395,2.7486666465784904,10.369394731968784,0.03514591609218888,2388.300223007094,2399.4536841049776,2356.988857421875,2295.899587402344,2206.2972241210937,24,-10.08953651984047,13.749431595487426,False,50
WALCHANNAG.NS,196.0800018310547,315.79998779296875,-37.91006668448631,1535469.93625498,-5.762486216709261,-4.857098687325056,-16.985603571357743,25.426981087710665,0.03527443004541006,203.1107144935171,206.5186759536047,217.64800109863282,236.19150024414063,208.87345054626465,74,-39.3508530136931,42.3650642443812,False,50
IFGLEXPOR.NS,189.57000732421875,334.28171894337873,-43.290345663105654,94901.56175298805,-2.4193117027220046,-8.83865828023942,-19.361112753631783,28.99834158250325,0.03781339980591681,194.26569215180083,198.45397038259227,207.34131317138673,199.68774200439452,187.46064445495605,249,-64.59171628181466,6.259859586715999,True,50
EQUITASBNK.NS,68.41000366210938,83.9000015258789,-18.462452421996268,3484992.629482072,-2.563730872859904,-6.861801899984188,-11.774564283748534,22.554647144601358,0.03860756105433156,69.41750311885488,70.85791963726423,73.62579925537109,74.29749969482423,69.21529981613159,56,-22.967823506555142,17.416223272590848,False,50
ARKADE.NS,118.69000244140625,180.0,-34.06110975477431,473207.556,-4.842460316659314,0.6444519072871691,-5.002401054803163,13.340337144630654,0.034800588912028155,121.91636288823761,122.90602818036724,128.23319961547853,125.30240005493164,122.0460001373291,240,-48.54444291856554,-0.42652395768157936,True,49
PERSISTENT.NS,5367.0,6552.654707500795,-18.09426500290914,623172.4302788845,1.7055144968732172,-5.676625659050972,14.204184516023123,-0.010388657696280834,0.03292326209605551,5336.77901630892,5396.682658611087,5499.322001953125,5219.065239257812,5336.029033203125,195,-35.44892272409997,10.39281895417039,False,49
STARHEALTH.NS,537.7000122070312,624.9000244140625,-13.954234085491413,652943.2549800797,-2.307414906195049,-4.485300551110749,-7.508379670079424,16.67570903454727,0.03289968111953427,545.6736449040484,552.3260286030237,570.3509997558593,563.056501159668,516.3300012207031,45,-17.90686830569187,15.990503451603333,False,49
RHIM.NS,384.8500061035156,504.94444206371475,-23.783693007763695,916220.772,0.2735847691358595,4.563423197144911,0.7168834064744223,5.173742153313832,0.03224604999610428,382.83550593843233,379.5269141946788,381.62517822265625,384.079755859375,399.9673698425293,247,-36.445013116387784,10.237286987145833,True,49
PURVA.NS,204.63999938964844,287.29998779296875,-28.771316364581935,795256.62,-4.845158693962304,-2.454832957385289,-7.703410489364471,16.358676904090785,0.03256965153953686,209.97876492134066,212.09128526308464,214.3213998413086,216.30699951171874,217.30384994506835,236,-44.068914281611086,4.921404676544516,True,49
TIMETECHNO.NS,179.67999267578125,225.61254472714933,-20.359041695539513,2634556.932270916,0.20634383036373105,-3.6362233281278633,1.3839015853175152,8.871039842307905,0.03256976129929217,181.20425165777152,182.03461122367997,190.09836486816405,184.37935516357422,182.4322673034668,239,-32.307689722429934,0.571089960302662,False,49
CARRARO.NS,518.0999755859375,659.2363858620107,-21.409074696555873,173140.3172690763,-5.808565206087557,-3.2041147901097577,-3.4979060356966407,13.471107312944874,0.031173916358382507,528.8549374856417,530.5403327240217,527.4908129882813,535.489471130371,526.471456451416,119,-26.260198815337212,3.6956216320578106,False,49
BRIGADE.NS,569.5499877929688,799.2478861619728,-28.739256286560178,692184.9123505976,-6.045863357974612,-11.007814407348636,6.359001795615349,10.19910459087603,0.031811931577678275,592.8852431471951,608.4430911285878,612.5725915527344,565.194097290039,567.8140351867676,231,-43.79763359693989,15.7178776716264,True,49
ETHOSLTD.NS,2531.89990234375,3245.89990234375,-21.996981468357845,45323.1124497992,-2.8322542967748277,-12.068486899549624,1.487087253066699,13.77280549339468,0.03258325563690474,2571.1286777368487,2627.2275948833635,2726.1139990234374,2585.358000488281,2553.319495849609,211,-40.866937300557815,22.392394808543692,True,49
HARIOMPIPE.NS,332.3500061035156,489.4833297610592,-32.10187438543578,283639.91633466136,-5.23239391639454,-4.4634870244522284,-15.364598916866568,23.279771272730688,0.03286592037502407,345.8366868402106,350.6495880985062,363.6898553466797,377.82637664794925,364.93284561157225,250,-45.35168220984333,0.0,False,49
NIBE.NS,1234.5,1846.2478464264655,-33.13465457037872,103600.16,-4.833483929384408,-8.867061572125511,-25.019929393007633,32.846480315536255,0.033758526009486686,1267.1335050027599,1294.7874746289483,1368.2035522460938,1443.488095703125,1248.323060913086,72,-35.714287319796526,64.72647857429482,False,49
GANESHHOU.NS,699.0999755859375,898.0206467513179,-22.15101310699219,81109.81927710843,-5.123159564466495,-9.816826034926562,-13.583299791126679,24.362098945250633,0.03194168477330288,725.4761708767455,741.1679092708602,771.9932055664062,768.2148284912109,728.7553962707519,211,-44.42591940520663,-0.4832275550640919,False,49
M&MFIN.NS,319.75,415.0,-22.951807228915666,3346043.342629482,-5.928212491413287,-13.311645734319432,-1.4635217080260166,17.81765891674576,0.034328566582852826,335.35597093396507,345.85948811724666,370.9970001220703,338.9540679931641,338.3720834350586,38,-23.9879488657756,41.539788666399936,False,49
SAIL.NS,174.5,206.98966102070128,-15.696272393746247,21900256.56175299,-3.9212391605045194,-10.03311992875675,4.464292239044609,10.064078750069783,0.029661712699394938,178.84391749788932,179.1225271287251,176.74136047363282,177.60493850708008,167.03676273345948,100,-24.649502043987827,32.81740074593955,False,48
FEDERALBNK.NS,318.20001220703125,370.4344787597656,-14.100865213091973,9305972.93625498,-3.4294348385337625,-9.94764207990052,-3.3342109801027586,16.041101259841216,0.030837053100721785,325.3802018550958,331.8920328638753,346.1568212890625,330.44678161621096,304.0162238311768,43,-15.302160573591394,22.028892697908443,False,48
MANAPPURAM.NS,308.8999938964844,380.45671483079525,-18.80811092166821,4637236.3187251,-4.939226868014746,-9.386917152517437,-10.491869440966973,21.178903115635062,0.029526942966589715,318.30917377605795,323.66182780778024,341.9967895507813,331.6816647338867,309.5910679626465,45,-20.266880757137418,18.478615684784394,False,48
INDIGO.NS,4929.89990234375,5970.0,-17.4221121885469,1326090.3,0.8159489231850614,-1.794822662475104,-8.849035733683086,14.31651947463768,0.027945274295736313,4930.893905834953,4959.53999921261,5107.997998046875,4997.514995117188,4825.86300415039,215,-34.753769662112646,2.6250662895527688,False,48
ARSSBL.NS,521.0499877929688,787.8320712122298,-33.862810764832915,618061.5737051793,4.744190372261081,2.50836126425269,-9.208927404220324,11.281000434727929,0.027258132427017204,506.00257152604837,504.91453673370034,507.402998046875,523.4771121215821,539.5852807617188,220,-47.663079648044146,68.25001067589886,False,48
PNB.NS,109.56999969482422,131.33111679644097,-16.569658152946175,18108420.183266934,-6.446382235914139,-6.350427611261356,5.062804423190648,7.818038822592666,0.027313331101505748,113.97287108703269,114.9484419316351,115.25080017089844,110.14201652526856,112.3110676574707,177,-27.118014735403897,4.641658773933077,False,48
AARTIIND.NS,465.1000061035156,550.655353408149,-15.537004548327582,1107363.7768924304,-4.97497303018063,-7.75444145649522,-4.600908233284262,15.796881756304204,0.02890094638219296,480.0332815750414,487.60439153556223,501.06310485839845,487.4939987182617,453.93866317749024,27,-16.544897829705185,17.586740664728207,True,48
HOMEFIRST.NS,1125.699951171875,1311.570558920454,-14.171605674159693,319050.684,-2.747304434395248,-5.932982610258564,-5.490725023471709,15.563349671862436,0.031167953962122255,1142.4683368925723,1163.4870435995817,1182.5780004882813,1162.7749548339843,1129.7104745483398,171,-32.17727876349391,12.664268014398106,False,48
CHALET.NS,830.25,987.2262595679325,-15.900737854829195,156347.69721115538,-7.224273399298675,-7.433673965870513,0.519935183975484,12.499069593727551,0.029464462595796964,857.9052909555584,864.2341580577628,859.6107666015625,830.9561883544922,820.7014916992188,250,-30.05044676406007,0.0,False,48
JINDRILL.NS,587.6500244140625,704.4000244140625,-16.574388976933317,1331546.984063745,-0.7264106266231196,-8.479980258866638,7.950262451653645,5.863095696231491,0.029616798995530505,600.7512578913394,607.9135395179752,615.428408203125,606.6246166992188,561.2583570861816,15,-18.66127309072351,10.025392734354144,False,48
IZMO.NS,855.9500122070312,1175.4000244140625,-27.177982437619676,120226.988,-5.362374851612939,-8.825093381254733,-13.81896881928254,23.27357129734542,0.028624817117411657,890.2791231052539,899.433629169948,929.7780017089843,932.4585028076172,832.3354998779297,54,-30.372638470716783,59.65909090909092,True,48
NIACL.NS,160.2100067138672,242.60000610351562,-33.96125198549799,3814669.8047808763,-11.191789282544228,-19.53693625495474,-13.179496398356516,29.993194237597987,0.030168625962868692,175.34503729704767,182.07509395598836,184.44160003662108,177.30028930664062,162.63245140075685,18,-34.75268371650756,27.158721611956473,True,48
STAR.NS,1084.800048828125,1260.9000244140625,-13.966212401952394,389872.27888446214,-9.810441903038337,3.53120808129197,-2.8281338091466157,9.634817375377835,0.027306842333617104,1156.4223823572836,1149.5596371185084,1074.535791015625,1080.9490826416015,1006.3366180419922,8,-14.664130449199186,18.972514808157715,False,48
HEROMOTOCO.NS,5168.0,6175.521739453033,-16.314763059068582,623727.5418326693,-2.4169184290030232,-2.490566037735853,6.059738207188414,3.8213765195212135,0.02606667019517537,5280.044437458631,5318.087256092911,5448.43599609375,5155.7764453125,5250.215817871093,207,-25.451131509188663,15.201804121987328,False,47
LGHL.NS,219.47000122070312,395.3125,-44.48189692440712,61915.28514056225,20.93343971100787,22.17212311644543,-0.6383573120878228,-9.407245852756652,0.025733630596608666,190.43919532234372,186.35492518465819,187.5811996459961,206.56210021972657,240.2368002319336,247,-57.50197628458498,-0.6168152030105789,False,47
GARUDA.NS,172.17999267578125,249.3000030517578,-30.934620710760875,1439479.992,-3.383656254369427,-4.264672319955198,-3.334831913451519,11.994267284865611,0.02605957250482807,176.6730180912025,177.6749397641526,178.57439910888672,176.29779968261718,176.35724983215331,226,-47.85399181362611,27.704306702716174,True,47
ARVSMART.NS,592.5,705.4097122162362,-16.006259945230937,185386.364,-4.857486953030909,-7.767749457913964,-2.3005985239696436,13.496179018560262,0.026689934633473276,602.0005389260841,606.0195835391837,622.9232958984375,609.8459155273438,588.7259194946289,28,-23.399130146892755,16.556237028888134,True,47
SFL.NS,616.6500244140625,832.4500122070312,-25.923477041081366,249099.41035856574,-4.008405825246775,-4.668772097350537,-17.90414267747129,23.336471315238015,0.026287507208590348,637.9788889347242,649.0363752400224,681.2419982910156,688.9415954589844,617.5225027465821,42,-26.253827207418567,12.951792142717245,True,47
JAGRAN.NS,61.54999923706055,68.81048404363386,-10.551422370418617,260853.048,-2.1307046678210817,0.8520407474431613,-4.038042059922264,8.777629901586192,0.02256977025364322,62.17993337582967,62.16115531030044,62.250599746704104,62.90224285125733,60.28995370864868,86,-11.641372558131891,19.35881524540688,False,47
J&KBANK.NS,139.97999572753906,201.75,-30.617102489447802,4273911.15936255,-4.8208412617058105,-3.087791912546134,-14.50036972645834,19.794606380367718,0.02468089125529778,142.90783261440558,145.11267971854627,151.09820068359375,154.58000045776367,134.2851002883911,59,-32.193307037542596,47.39862157209895,False,47
IFBIND.NS,1166.199951171875,2019.800048828125,-42.261613873685334,82750.19123505976,-4.589715733876942,-10.015435866367673,-8.51180702566532,19.115465575030612,0.026305853756514203,1214.5923294758395,1243.8891460084458,1316.7739965820313,1285.685,1245.5537469482422,231,-56.27289875948571,8.369991759052597,True,47
FEDFINA.NS,149.77000427246094,178.47999572753906,-16.085831545461115,1269980.504,-1.9252192470365914,-4.1226567854916745,-2.091911435383509,10.214147431860109,0.024410322603269974,151.6502939399886,153.17881117055816,153.98800048828124,154.74360046386718,149.21625003814697,179,-33.28664133509278,21.665060413671267,False,47
KIRLFER.NS,465.8500061035156,509.728293793752,-8.608171887745076,165676.22950819673,-2.582602632425035,1.271740457285997,2.478706847341905,3.6798006192815924,0.022116201301299043,472.23758693666025,469.32327316642613,459.35100158691404,454.30579681396483,,73,-16.033697714810625,15.516638942753303,False,47
TRUALT.NS,444.29998779296875,542.0,-18.025832510522367,368886.7,3.566430720971736,3.6026539511634814,-3.4340400132470528,6.126834890824484,0.02497695814685548,443.41223544280393,437.7790540437428,441.0170001220703,456.02550048828124,433.63225036621094,81,-26.199261992619927,24.786013112334015,False,47
PTC.NS,154.7899932861328,203.5447632528218,-23.95284908712241,1461823.657370518,-0.7056296797885997,-0.4181736651210244,-0.13400369307562388,7.241662337596444,0.027022661261128254,155.28052263712115,155.45169067510756,157.62121154785157,160.25707244873047,156.34199745178222,105,-28.630558405319672,43.793075759369394,True,47
ABB.NS,6900.0,7832.294844565128,-11.90321435884213,326032.5059760956,-3.212231729555337,-7.3514602215508535,-1.29747525295002,11.816593945894848,0.025458797852072293,6977.727348454375,7106.083925012274,7354.229365234375,7142.706352539062,6517.915737304687,55,-14.961066556096814,16.209453529106188,False,47
FSL.NS,250.39999389648438,363.80970663815475,-31.172811135154156,2731011.87250996,-4.482166802811271,-7.396449871095956,0.43317284635773223,10.114336243328982,0.02248179696738594,258.3872520726575,261.86913525882926,272.42080078125,262.58540100097656,262.1016879272461,219,-44.476467693340226,14.232377196920698,True,47
MONTECARLO.NS,522.8499755859375,829.8154199938156,-36.992014972458065,47859.66265060241,1.229424121188294,-0.31840629984370983,-1.207918613456127,5.9920442623051295,0.020937032730353015,524.1145160476376,525.6065523945848,518.7583264160156,524.1721496582031,540.5337384033203,216,-46.10604840582142,21.344472921348355,True,46
RAMCOIND.NS,302.29998779296875,394.1233116425528,-23.29812044532461,358216.6015936255,-6.059664617683391,-5.383415401261738,-12.286843849184347,18.262806555156818,0.01936419925286737,314.22346854497715,319.6825655056505,331.9327569580078,323.52451873779296,306.263058013916,38,-25.695842531356337,28.364813826682898,True,46
OBEROIRLTY.NS,1754.5999755859375,1983.9545449282684,-11.56047500829327,522890.16,-4.511565954506802,-5.9699905902498624,-10.079995786040719,15.709603545393392,0.016146879688444887,1792.6021316455826,1802.2209501549473,1824.5159936523437,1783.4046118164063,1683.0622729492188,63,-16.328728183637963,19.64376547288613,False,46
TARC.NS,125.58000183105469,186.3000030517578,-32.59259271393243,1030798.8995983936,-2.914576029817806,2.522658193464733,-1.0011798646773373,5.184690906316347,0.019865964388345037,127.67341297664566,127.72987186076385,127.90799926757812,127.1486994934082,136.4798497390747,183,-41.43854176759677,24.544656446674608,True,46
EPL.NS,232.38999938964844,274.0299987792969,-15.195416405188977,1582285.992,-2.3776532617303725,-1.6546777873942542,-3.8399465591957616,8.62391172183672,0.01728879837324071,236.27107226996847,238.61333482776266,241.1588006591797,233.57030029296874,223.1994998931885,29,-17.27547952734114,15.8755710396413,True,46
EMBDL.NS,56.130001068115234,99.20999908447266,-43.42304043333054,2931697.828685259,-4.557048533572939,-5.1537668491593465,-10.44990300761004,17.059437278462152,0.022023457859126863,57.27384875710622,57.747599136529594,60.043199920654295,61.185599899291994,59.593699798583984,250,-60.225784246934296,0.0,False,46
INDIANHUME.NS,346.1000061035156,426.6626968523802,-18.882056327679898,102599.58232931727,-4.260025974131221,-6.999862480238194,0.6258479571702003,9.117089098715958,0.020086149331766827,356.8182992334775,363.1422963812522,376.55499755859375,352.64332000732423,353.1758200073242,55,-20.815668068491256,35.436417519428744,False,46
ROTO.NS,62.65999984741211,80.52516439325045,-22.185815676938603,2258150.609561753,-1.740631335084808,-3.0084662695507136,-13.09386286898333,16.800808634728483,0.020164082057777706,63.26260209613058,63.58093598180051,65.07848884582519,64.71371910095215,62.2801287651062,197,-41.19103713547165,5.029092675978064,False,46
JSL.NS,732.7000122070312,879.2203373423794,-16.664801633028116,695352.4940239044,-0.8457946947362571,-0.2993621083065445,4.773592973128715,2.1197195223700227,0.021355138097516886,742.3635917427664,740.8260274616615,732.2520861816406,718.8294946289062,743.9646484375,185,-26.124746460363557,15.392401926539033,False,46
MGL.NS,1045.4000244140625,1300.4367957814911,-19.611623740173044,274461.624,-3.1678354895583904,-1.858799067351602,-5.6456488219088445,10.59660433881502,0.018564037265271952,1063.4596596916335,1072.796373918192,1090.2505517578124,1094.592802734375,1080.1490182495118,246,-31.895784027310025,-0.1795023359370318,True,46
BALUFORGE.NS,488.95001220703125,677.7972608890275,-27.86190791539881,1036939.733067729,-1.8369792781297023,-15.439789344617383,6.244437256228985,8.663907620397527,0.020672384282912588,503.0338912474493,514.6639430080304,515.9588122558594,488.1970431518555,486.9018913269043,245,-49.69764185569263,5.552947863746516,True,46
EVEREADY.NS,315.8500061035156,391.23043353188547,-19.267526492727793,140842.436,-3.1283490481004983,-1.6962284147252538,-10.950184096248872,14.02973277565145,0.016747572936308176,324.61163611766926,330.2394670120431,341.8302844238281,341.67580749511717,329.1325662231445,241,-34.098984297911436,0.460587647424493,True,46
THANGAMAYL.NS,4861.0,7430.0,-34.57604306864065,178001.68924302788,-4.630174612517168,-7.1974035891561705,-22.41608685870007,26.19988782460936,0.018526308931507723,5058.558938531214,5122.199722580042,5368.9,5381.481257324219,4516.351069335938,47,-37.94078061911171,56.589436180081144,True,46
EXCELINDUS.NS,921.7999877929688,1151.3884695931245,-19.9401407833524,14313.887550200803,-2.9684223375822327,-8.983928124718076,2.7750920518936573,6.51544765412444,0.013450788185160345,943.1153970913947,958.2463692950892,992.3128259277344,952.9835852050782,934.0058093261719,243,-31.502571955352398,0.4985535124573337,True,45
KCP.NS,154.1699981689453,206.48053010525658,-25.334365380428448,181050.4658634538,-3.1473770180655336,-8.172018149134052,-9.255353373580522,14.912748206308923,0.012393519388160494,157.49006754616738,159.24492471775946,160.26135772705078,162.71960678100587,163.8393299484253,224,-39.84600937377114,1.867841876871612,True,45
TANLA.NS,487.75,732.8993734844271,-33.44925406593162,831593.1354581673,-0.3778607190467409,-7.5968508933669465,-10.438850189953165,15.754718593624295,0.01613076129885706,493.52706284573105,502.82056960005457,546.3440002441406,539.2699978637695,508.79022521972655,246,-50.629775733254434,-0.9043256880524764,True,45
STYRENIX.NS,2055.0,2625.9669159348305,-21.743111555218096,39431.18326693227,-1.5898837251309916,3.224831705708775,-9.143799737446512,9.225334347908687,0.014329717865581777,2053.9321610019533,2070.7747907790176,2161.370534667969,2204.580330810547,2094.977203979492,42,-25.730212479321036,15.34111713786337,False,45
GAEL.NS,157.69000244140625,184.66065065257942,-14.605519971829706,1027812.6055776892,-3.0137117946059444,-7.675644248307667,-3.025624842412933,9.870114682239727,0.012038583910498838,160.75660901946867,162.44976469382212,167.52770935058595,162.23719177246093,151.2631882095337,29,-17.340267755892746,12.124852084950266,True,45
KIMS.NS,736.25,858.0,-14.18997668997669,483782.41832669324,-8.020489877939607,-2.308767179778226,-10.676372459811944,15.093010153284393,0.015704898996205675,767.3703301119235,772.8892696795647,784.2319982910157,785.7150012207031,722.0507501220703,63,-15.804192958733976,5.965163703850518,False,45
MOSCHIP.NS,198.02999877929688,288.45001220703125,-31.34685720270887,2599975.537848606,-2.5634749916607413,-8.251481588571174,-14.638564554397526,19.619447374691056,0.015495657666768565,202.4803635707154,205.1045717891157,208.44700042724608,213.1250001525879,202.15540000915527,247,-49.10729872100196,4.773857258411707,True,45
DDEVPLSTIK.NS,247.61000061035156,357.588977871684,-30.755695523925496,133853.316,-3.934044380076984,-9.203049526436436,-10.813963598503019,17.129083969184645,0.01373430164827967,253.43044643351013,257.8047431242524,269.8408270263672,265.7937971496582,264.5601722717285,248,-48.47634051506685,0.057531133898081066,True,45
BALAJITELE.NS,90.04000091552734,133.22999572753906,-32.417620803904455,424631.928,-4.028990398201215,-1.1527011357739148,-1.487965631998911,5.84224901673005,0.012570706501174422,92.45747608515103,92.67441420113491,90.97600006103515,90.15310035705566,93.85060009002686,245,-47.81956100543775,2.0048353899732474,True,45
SIGNPOST.NS,259.3999938964844,336.17116076159675,-22.836928275223567,221507.94758064515,-4.912021442850579,3.006423587400331,-13.28487975292163,12.880694270494208,0.012768963555162029,264.35322413030957,265.054801120035,269.90489013671873,276.54808319091796,255.48394508361815,56,-28.696554009035392,17.708328444292754,True,45
SCI.NS,267.04998779296875,367.499792159746,-27.333295558195413,6346241.9521912355,-3.4526457338445726,-7.023434611314405,-8.780090410003583,14.865607396600922,0.015622643399919558,273.62300158708103,277.4091321864007,285.6710546875,292.99718017578124,270.4716156768799,103,-29.437287731132457,38.89908180133224,True,45
SAGILITY.NS,43.16999816894531,57.700033807096844,-25.18202274669101,28500583.45816733,-4.06667073567708,-7.558891940737411,6.626101957931851,3.2670014620301835,0.01376185710476438,43.98884890319516,44.4314308045302,44.26904037475586,42.481516914367674,43.87611410140991,232,-38.044880206547994,25.64458528624163,True,45
JSWSTEEL.NS,1233.0,1351.0,-8.734270910436715,1665944.0,-3.1573949665073653,-5.5895865237366005,-0.25078680100030226,7.655369751663543,0.015532550589672702,1263.068277402187,1271.990139411294,1285.6260034179688,1272.541297607422,1234.0923303222655,25,-10.081417555283123,9.91848608472976,False,45
RICOAUTO.NS,121.62999725341797,157.3196224733626,-22.68606080972996,4219635.42629482,-6.918191660062156,-3.2378677753668317,-10.118986743155677,12.912088593102599,0.00789746693214755,127.32762261263869,128.69754371088584,133.18326095581054,131.20170890808106,125.30802562713623,41,-24.141696718031923,15.620360200528594,True,44
GOKULAGRO.NS,210.10000610351562,259.79998779296875,-19.13009392789441,1050829.0199203186,-6.613916751089189,-10.286517821749408,1.9902942250075828,6.665992182281832,0.005447899009562076,217.9474225029428,222.17865405819163,228.80859924316405,225.3304995727539,205.16694969177246,26,-20.323321891394542,20.354112572579155,True,44
ASIANHOTNR.NS,348.1000061035156,423.79998779296875,-17.862195344477794,30698.253012048193,-10.62900998626043,-8.370620769642246,-2.9280534917138334,11.785489057919207,0.010987544230990406,369.5343464785071,368.96723614808593,341.42900024414064,322.70250091552737,312.3920002746582,17,-19.938650881056475,31.672889189250487,True,44
JUBLFOOD.NS,443.3999938964844,633.1992004085787,-29.974644059819454,2579284.155378486,-7.412821142710946,-8.859199610177926,1.4628643831559485,7.627009978809163,0.009765412701637697,468.9964269079608,474.8588304046596,478.8559997558594,453.6319552612305,475.63161270141603,249,-35.62204553802842,-0.8115258842980033,False,44
HINDZINC.NS,555.0499877929688,719.8477125036038,-22.893415072123336,7701665.199203188,-5.46709278486831,-5.667918973032715,2.720461343796865,4.907885436682857,0.010989995047188282,574.0351295269166,579.0871372717929,578.551005859375,573.438002319336,583.2185632324218,172,-33.96998491730814,49.87633981215025,False,44
BPCL.NS,300.6000061035156,391.6499938964844,-23.247795024103546,8302249.804780876,-2.1165743636647805,-5.944931050422464,-2.4501015552526595,8.343843171003362,0.012018631553745763,305.10438945288035,307.4399434773693,313.3279998779297,308.51050048828125,321.9346153259277,165,-31.92901563685975,10.639946959344737,False,44
LTFOODS.NS,399.1499938964844,489.53692311570376,-18.4637613530647,1250126.717131474,-5.97173288657612,-9.572085915232176,5.538991866717291,4.002680985826057,0.007511794826415624,413.2115338748503,420.4415835524177,422.9908447265625,404.1307455444336,399.5480657958984,28,-20.51671942801534,22.41631884502546,True,44
AUBANK.NS,987.0,1144.0999755859375,-13.731315351657148,2257157.645418327,-1.309866603912524,-8.433066365637664,-6.919303894191398,11.20023231629399,0.005867018247413914,1015.4060184521085,1031.718353440975,1058.799541015625,1034.9508172607423,1005.4902355957031,27,-14.850097631712122,8.933600808363384,False,44
PACEDIGITK.NS,167.35000610351562,231.9499969482422,-27.850826339584533,2189969.824,-0.00597186113736603,1.4980598905601994,-21.4872104642008,17.36447885653356,0.00798643195351488,163.1615352170121,164.1468151689114,174.8393997192383,185.3712991333008,180.18244956970216,245,-39.72407872469545,3.013896004344896,False,44
CIPLA.NS,1344.0,1657.4505258313652,-18.911606768723356,1506120.235059761,-3.931379556826309,-4.869765462224651,-8.714259632759314,12.82508161337319,0.011486637073939213,1371.8149696330045,1381.2267409236854,1414.6539990234376,1412.7286596679687,1371.5929705810547,237,-30.322771507030687,8.394275369837345,False,44
INDIGRID.NS,169.85000610351562,177.25,-4.174890773757056,745117.632,-1.2385101040459978,-3.064715831398479,-2.442502304342542,6.152477753238483,0.009914462333083353,172.06790167546157,172.88651351500624,174.150703125,172.1884230041504,165.2728776550293,33,-4.366716780346436,4.726231080913301,False,44
DALMIASUG.NS,396.70001220703125,520.0,-23.711536114032448,462354.0080321285,-0.7008730395416163,-13.109183481804754,5.814888947841967,4.4100093341223,0.008165464176863984,407.4554930833191,413.95088329140697,422.72600036621094,382.8091427612305,350.38913345336914,28,-27.38461421086238,48.04048508272694,True,44
BANCOINDIA.NS,589.8499755859375,848.8262434052705,-30.50992707063196,416992.716,-2.075205529449986,-2.6292151790020646,-11.760871564026608,12.137217188374617,0.005932618173964524,599.8687428747409,604.2579714038396,616.847001953125,630.6804858398438,618.0226489257813,248,-41.61349252118954,3.1959281130480965,False,44
AJMERA.NS,119.5999984741211,219.46418351965167,-45.50363683219788,474191.641434263,-0.7551270815518429,4.2915917998479935,-8.919044669157362,6.023674694851255,0.005165621290077084,118.98932999558859,118.2688690457834,118.74231857299804,122.19035400390625,131.67694995880126,230,-55.72267370583466,5.521233485364951,False,43
PIDILITIND.NS,1464.0,1707.5,-14.260614934114201,781197.1912350598,-3.8107752956636043,-10.568112400733042,-8.804405095874813,13.855429064164216,0.004061500871902739,1508.9753623523748,1541.8861162531489,1609.8019995117188,1568.7276342773437,1492.1905554199218,34,-14.68228118136896,7.930287696985205,False,43
GUJALKALI.NS,603.5999755859375,793.5892698217052,-23.94050694239508,1255225.428,-2.7706205775196113,-13.278550130191146,2.308118134052295,6.95969325201149,0.005435406572300941,627.4235732120982,643.5091472577312,666.1762927246094,644.6352172851563,589.5176467895508,106,-29.07362110864654,70.8098208300298,False,43
GRASIM.NS,2962.0,3411.10009765625,-13.165843417049661,760054.5976095618,-6.458234643928629,-10.103490613082034,-7.52482339941295,13.362353951626748,0.004209729738175454,3117.110274488481,3168.5529018217703,3226.0407958984374,3168.0959399414064,2973.53685546875,38,-13.681808857886269,7.158513173896175,False,43
TITAN.NS,4515.7001953125,5186.7001953125,-12.936934365445275,939750.047808765,-6.55560899508536,-11.003149481424913,1.0284013111625079,7.089240628573723,0.0028802584898472306,4745.794429725707,4834.210924937891,4954.372021484375,4637.247380371094,4406.285452880859,25,-13.413156132317837,15.064678257291408,False,43
DIAMONDYD.NS,1073.0,1244.434253384608,-13.776079605518865,55522.81048387097,0.7227964722563707,-6.229236987943487,-10.89169173487985,12.348273389759168,0.004982340850766527,1083.6249365176573,1099.8709728211095,1138.646591796875,1130.1043780517577,1090.3998825073243,36,-16.612713901956468,6.990961218617753,False,43
RAMCOSYS.NS,546.25,967.5,-43.54005167958657,697836.6852589642,-6.037666992341495,-5.65630397236615,-37.89437694488627,33.443261721087005,0.0027396411126154275,566.0866233689026,574.7849301297649,589.5970031738282,610.2830017089843,536.5525007629394,62,-45.540049156169246,130.50026608963026,True,43
ELECON.NS,440.0,623.6462906209067,-29.447187192930645,866704.3705179283,-4.160314931298226,5.616897156422507,-17.145276317841628,11.723846997767208,0.0025330384190907287,451.10382735614326,442.61202523991386,432.31500061035155,472.2493014526367,455.1784292602539,248,-43.71806792331143,6.004617001238199,False,43
ULTRAMAR.NS,406.1499938964844,455.75,-10.883160966212968,67153.02586206897,-5.337371995809126,-7.97553228055815,7.132686783355635,0.4523961667129317,0.0019192084599932019,418.90832965360005,420.7048458748457,411.1520001220703,397.4411315917969,,39,-16.62095447065277,11.384198246728626,False,43
GODREJIND.NS,1019.5999755859375,1443.0,-29.341651033545567,213158.60557768925,-7.224751994000222,-10.467164395088457,-15.672814806580993,19.78383000045676,0.003957794797906933,1074.1255609452937,1103.3705518432,1189.3580078125,1179.5815020751952,1073.9752502441406,59,-31.72557087962361,24.901977021680246,False,43
WAKEFIT.NS,139.8800048828125,224.0,-37.553569248744424,2055848.592039801,-2.0653902614463093,-8.257359636054817,12.679237611206684,-4.119538372732611,0.002979449809133658,143.58732852633216,144.5664407344343,139.34900131225587,132.96350074768065,151.39225032806397,160,-50.26785646166121,11.78428647006642,True,43
SANDHAR.NS,563.8499755859375,758.3330403781767,-25.646128341612485,319235.406374502,-2.0498650790705564,-10.458581322643035,-17.447083210722337,20.073792838699656,0.004986893998275,583.2262392310555,595.5701014460706,619.2146789550782,639.548784790039,574.2166404724121,79,-27.472499454102927,40.47548293754395,True,43
CHOICEIN.NS,719.4000244140625,860.5,-16.39744050969639,631427.724,-4.0160074164026005,-5.763688576480153,-9.37263347480808,12.257166547647236,0.005367381196801802,742.8812834320588,752.6528354137191,782.4810034179687,754.6484997558593,743.395998840332,186,-33.91051572259951,5.029295430016378,False,43
UNOMINDA.NS,1111.0,1378.852549646065,-19.425757287450317,843057.0597609562,-9.261680999094246,-10.113268608414238,-2.3725834797891032,8.940864410918369,-0.0008425110116165521,1182.4891706452258,1202.3405324833548,1227.4460009765626,1168.728369140625,1163.1409176635743,248,-28.02263856275512,3.822186810857442,False,42
SCHAEFFLER.NS,3885.60009765625,4445.0,-12.58492468714848,78357.56573705179,-3.4441592166727153,-2.054397368197236,-6.0632388214058475,5.6974580545192,-0.002952838199207926,3963.695484432153,3985.3905684913766,4029.5919970703126,4071.2140258789063,3994.4631286621093,113,-15.286839145106857,11.154688771382904,False,42
ONESOURCE.NS,1508.0,1925.0,-21.66233766233766,319199.88844621513,-5.430827600139421,-2.356903900456264,-9.325956218073618,9.56913074906982,0.00015401894100648857,1561.625942397541,1567.1137933163047,1572.98599609375,1635.5489990234375,1580.3214959716797,230,-45.09090909090909,3.981395616703143,False,42
360ONE.NS,1040.0,1229.0652744329707,-15.382850558543037,1003231.572,-3.7749858424195204,-11.961402098332064,-8.232599030115706,12.567890930300884,-0.002124023408227225,1057.2048541364015,1079.263413759124,1132.9760034179687,1117.6490051269532,1103.2270162963866,178,-26.706839290450546,7.013944273369632,False,42
APOLLOHOSP.NS,8133.5,9070.5,-10.330191279422307,381772.9362549801,-8.494121617820783,-6.715219635279279,-8.387600768695936,11.144044344433347,-0.0025111858167337596,8608.688732985973,8708.2716031715,8799.19720703125,8657.05244140625,8037.059233398438,6,-12.794223030703932,1.617881820602074,False,42
ICICIAMC.NS,3084.39990234375,3597.034549503453,-14.25159086199127,685356.0909090909,-2.675755715469086,3.736583987190034,-6.397185359060165,2.8593522720370856,-0.0029567347301211666,3150.034616724494,3134.222772429634,3112.6219970703123,3186.6111254882812,,89,-18.452269266275245,23.85370077223041,False,42
BHAGCHEM.NS,236.14999389648438,316.8999938964844,-25.481224851767294,152004.61693548388,-3.5532007311256275,-12.228208656080886,-16.625152513066233,19.795336656817586,0.0012962710447842478,243.2452348550556,250.26759701506703,267.7380010986328,266.8728436279297,242.85373184204101,42,-28.053012183245297,27.116219222240634,False,42
KRSNAA.NS,554.8499755859375,844.9649771158203,-34.33455934708124,93438.82071713147,0.6530567956349209,0.688597830069515,1.0998619292208023,-2.1078236643402137,-0.003101456413924498,551.489061185123,551.1270342656031,551.3257641601563,548.0477770996093,597.181155090332,242,-39.27602606147931,9.677211842813849,True,42
ASIANPAINT.NS,2407.0,2960.0187763517797,-18.68294825593555,1153148.4262948206,0.5976532419420755,-4.767556874381795,-12.62840446753698,11.054937605693759,-0.0026029234866574145,2426.8607354751284,2461.26247499302,2589.9420068359377,2627.520712890625,2546.913026123047,208,-29.16233802048599,25.884696438067877,False,42
INGERRAND.NS,4158.7998046875,4955.0,-16.068621499747728,19332.239043824702,-1.7853792603387597,-14.83977056030511,-6.202189637776112,12.405943146009491,-0.00044771671023934945,4228.299119701267,4326.2713129152435,4460.65,4400.2636206054685,4051.649133300781,21,-17.74571238805499,12.504586728712464,True,42
BAJFINANCE.NS,948.2999877929688,1176.4000244140625,-19.38966609038495,8036285.410358566,-3.4317731371722227,-10.190362168123157,-7.851519746365144,11.581033299766275,-0.0010429235134488666,987.4090591712808,1009.5790899602824,1058.148006591797,1009.1295202636719,972.5554202270508,43,-20.324722174345744,33.17504298936391,False,42
AMRUTANJAN.NS,513.2000122070312,753.4212146329061,-31.88405074881243,39867.12749003984,0.5880046899690461,3.1954273909678754,-2.8720333773136764,0.8665754721881358,0.0018290612287163116,506.52453351134454,504.18244438112816,505.73223999023435,524.6830633544922,554.8458724975586,233,-36.755165537491806,2.8218726511933356,True,42
HINDPETRO.NS,345.0,483.5386775606495,-28.65100228580428,6033357.274900398,-1.541094175383928,-3.899721448467963,-9.385789781983277,9.467102961509566,0.0003705054277685772,350.29325756305093,353.32703857322434,362.80182861328126,367.9116049194336,380.0419291687012,187,-37.81099591194317,2.679597700668701,False,42
GKENERGY.NS,114.76000213623047,238.62838915412897,-51.90848727470245,954744.616,-7.96375018906752,-12.423681306480317,-19.172796215681885,22.530057973968297,-0.00020926955320060836,121.41275619057042,123.75395754058601,127.79674682617187,132.42455871582033,127.50108264923095,236,-63.606012832461765,32.10421764780564,False,42
INDUSINDBK.NS,886.8499755859375,1077.8499755859375,-17.72046243227581,3091077.6334661352,-3.550845504520117,-9.320043396120914,-12.175679708191744,13.186345801359622,-0.005972588215898682,918.236313897526,942.4574204027952,987.7540014648438,966.5502398681641,924.0374710083008,51,-18.541539185664103,14.880614248966051,False,41
LTTS.NS,3267.800048828125,4673.3032272251885,-30.075154768666536,133352.4780876494,1.8291717112453476,-6.767473642564193,3.3557927474086924,-1.1206062733178035,-0.006120822424928175,3242.339889506583,3301.0824392015106,3455.22400390625,3402.3298950195312,3535.2450756835938,208,-36.30977749224521,9.377000075622455,False,41
PGHL.NS,5360.0,6920.564352013024,-22.549668966795956,16349.534136546185,-1.0431090187390413,-5.459035188288208,-14.939997304990948,12.294680240435628,-0.007602450348545782,5480.220038316219,5529.1197559148295,5817.46697265625,6002.51845703125,5555.807119140625,56,-23.41665028433182,28.163493239293146,False,41
CARERATING.NS,1602.699951171875,1822.6696635954045,-12.068545212390081,53046.3,-0.8720990370126414,-4.771244731320556,-4.299277607885388,4.095073470519739,-0.006932127441230964,1629.4312852725561,1645.8254267687244,1681.5979907226563,1669.143328857422,1627.7056671142577,99,-14.55386522548887,15.048886018626195,False,41
NOCIL.NS,168.85000610351562,211.1999969482422,-20.052079288194825,1670971.139442231,-11.78160319334417,-0.6472438155215476,-5.898643289508243,5.704249441591935,-0.00795502292654425,179.7666241970249,180.85293595971217,173.50280090332032,170.6258644104004,161.3987869644165,6,-22.443179252554856,24.015626980730165,False,41
KIRLPNU.NS,681.9500122070312,1093.5391904117103,-37.638264985246515,266599.044,-2.2644196048683285,-7.8943828038481545,-25.302590164993145,22.029717487603516,-0.005842085757130001,692.1542273815204,705.0777836508448,727.8360034179688,792.0786145019531,687.7514251708984,72,-38.92765970879412,44.41067276797814,True,41
KKCL.NS,475.6499938964844,568.0499877929688,-16.26617302739216,38111.22088353414,1.3530803896625976,-4.80336241232342,-6.072274954704238,4.925580459757728,-0.006768147460066042,474.0496389688188,483.0630087950626,502.9259985351562,487.7629983520508,480.7773455810547,41,-22.269166925165774,25.675518530384057,False,41
RELTD.NS,146.97999572753906,196.4499969482422,-25.1819811601915,406726.384,0.4510582082311476,-4.496425239366686,-12.344941467326276,9.899797884374806,-0.005977425134981827,148.8088501011607,151.00156106207962,159.53919921875,154.45941505432128,149.60735774993896,59,-28.28709235361835,39.40502250733709,False,41
UNITDSPR.NS,1335.0999755859375,1563.4000244140625,-14.602791688818616,934330.0,-6.196871370503154,-9.145969677717758,-5.739403660422438,8.665013082457484,-0.007046969377376046,1384.614744263839,1406.7856239986932,1471.6340014648438,1397.1402856445313,1364.6791564941407,29,-15.792504832958333,13.219914621978734,False,41
TMCV.NS,415.5,503.3184101990195,-17.447883570222444,10906925.977777777,-4.95253212827701,-7.140465154853604,-3.3496148176154095,6.095260582073969,-0.004901264562534568,431.6517138572321,438.20768209887785,448.4769989013672,423.4438250732422,428.0511755371094,149,-29.852655536585495,18.129746373319122,False,41
LICI.NS,391.8500061035156,457.74492274879265,-14.395553805288131,4939270.7649402395,-3.485220171547876,-4.0171448613556375,-8.680960025671459,7.921266753142819,-0.005877322958702243,399.06488712473134,402.63368852732424,409.30799987792966,411.7880093383789,406.7806103515625,227,-22.994827548864862,2.0878201760720305,False,41
AFFLE.NS,1449.5999755859375,1993.699951171875,-27.290965988443826,306273.1075697211,-8.721113414090931,-4.499640801737915,0.14507603357081233,2.9984333124794427,-0.005291433666936549,1534.237372113491,1559.6642290597372,1610.7400073242188,1541.5889978027344,1537.3134979248048,245,-37.23729350082871,1.4856107082855008,True,41
TRITURBINE.NS,530.0,784.8771245029434,-32.473506558667395,1229437.3545816734,-3.9507046529961065,-6.227885960154156,-18.10307021059917,16.414282130003087,-0.005058558685089565,547.5059025705903,555.9107063986276,579.6969396972656,619.51130859375,561.7571766662597,89,-32.98314047143217,63.30801511552706,False,41
ITCHOTELS.NS,158.50999450683594,225.15377366925506,-29.599228152541237,3375897.219123506,-3.353454169996184,-0.07565427238385158,-13.759525639289706,8.69960022873968,-0.00998493871767428,159.88331029025866,159.59149201965607,161.89359924316406,163.6682257080078,167.5731114959717,235,-39.41666728189354,0.7095436749481543,False,40
GENUSPOWER.NS,280.0,362.40129303021683,-22.73758251280473,1445640.282868526,-8.67580090475759,-16.566243476736318,-11.790352877429411,16.728085939994774,-0.01026700273053936,298.1121114985114,306.66821980032245,316.63030212402344,316.4628839111328,295.673014755249,227,-43.15137796906241,12.795154533704922,False,40
BAJAJHCARE.NS,322.95001220703125,504.1707443165597,-35.94431730765862,250216.0517928287,-7.7680942920405505,-1.3951346579633483,-3.5928659770672833,3.1510389353666124,-0.008732805797702647,333.4427704524668,332.73129726584887,328.43415466308596,322.88178619384763,335.03660186767576,249,-46.223712087015514,0.42350943482023506,False,40
BLKASHYAP.NS,50.22999954223633,63.790000915527344,-21.257252200462553,609235.4103585657,-4.957424801379496,-9.901346112580578,-8.23895140289077,9.960593709858202,-0.009634596395780157,51.87446408964207,52.779525621600214,53.93140007019043,54.56069995880127,52.74349990844726,237,-36.79260210668881,0.21069864912111047,False,40
VIYASH.NS,231.75,298.0,-22.231543624161077,2273167.115537849,-5.792682926829274,-10.555772079985504,-20.04485246854405,19.237497053010944,-0.010088796280388643,242.21804861996728,248.00144145361898,258.1680004882812,259.7266990661621,232.7650496673584,63,-24.080535069408036,28.69067690883742,True,40
SAMHI.NS,154.3699951171875,217.3000030517578,-28.95996642926013,1018329.0916334662,-2.8753034189133664,1.928027882326866,-11.220387173771872,5.4295841057648175,-0.01096207275251598,155.20795772959323,156.50945724936267,162.3597998046875,164.7527003479004,164.67230033874512,233,-41.555454111176246,0.12911924217713366,False,40
MAHLIFE.NS,351.1499938964844,423.03422522089073,-16.992533236967155,190007.24302788844,-0.7770556788436633,-2.1866312266060284,-5.680901044843878,2.7934965697482994,-0.011019034987594153,357.88808302172697,359.9253049401105,371.03599731445314,360.30806701660157,356.48912170410154,211,-32.84159313359011,14.795156578273371,False,40
BHARATFORG.NS,1875.0,2295.0,-18.300653594771244,1176119.84,-6.198410270687815,-7.717297227085018,-12.32991804331336,12.528494764348054,-0.00850877979740572,1946.0747062090984,1966.3099744411522,2046.0259985351563,2039.4321533203124,1857.8785473632813,38,-19.59913066789216,3.907478601363268,False,40
TCIEXP.NS,504.75,727.5315853722335,-30.6215688571445,95525.41767068273,2.43531202435312,-7.274727172222639,0.05946828936651549,0.21840685333984755,-0.011062110038633222,506.85675950842835,512.2783155438577,535.6929986572266,532.8734997558594,532.7037417602539,248,-38.48377214248578,0.0,False,40
GROWW.NS,180.11000061035156,227.1999969482422,-20.726231060917698,52487777.72,-3.452158850739595,-5.145357078798607,-10.021480612525623,8.102754906995212,-0.011396295217932825,185.85821410096375,188.81925229698476,193.10440032958985,195.02029983520507,184.4303500366211,111,-21.65052953438731,29.81634520272365,True,40
THOMASCOOK.NS,100.69999694824219,168.23674919231718,-40.143876155661694,1668019.7410358565,-3.1451420929769047,-5.080591550292446,-5.319304842076178,4.382260531801907,-0.011735197592582701,103.41228940982197,104.60958877628676,105.31920166015625,103.74533546447753,107.890576171875,238,-48.90532724157674,4.908174108884356,True,40
ABSLAMC.NS,991.7000122070312,1194.9557175378152,-17.009475945233245,372987.98007968126,-3.17320254972262,-2.9647737566505628,-12.419142202027233,9.288925707132002,-0.009204473840577446,1008.8951617705736,1024.0008102915824,1027.3580053710937,1049.0739501953126,966.1244995117188,73,-21.12678435130597,10.794072861313108,False,40
HEXT.NS,490.45001220703125,792.7687780924847,-38.134544931609916,823514.868,-1.7823157680385449,-9.777403562540044,-8.455434025752451,8.906659156423103,-0.011076788344683574,497.93311236983953,508.4539549244608,539.3009973144531,530.9530004882813,543.5842581176757,207,-50.454965468223456,14.680889646193652,True,40
ANGELONE.NS,276.79998779296875,359.3387168134344,-22.969617566514287,8293918.852589642,-4.781569945089359,-0.8773544161257862,-19.74099958057328,12.82244243372157,-0.014469507784174492,284.2223274235755,288.97034046224286,293.63799926757815,314.2532659912109,286.6520793151856,74,-25.474218261872352,12.457087585318716,False,39
VBL.NS,425.29998779296875,555.1842484654879,-23.394802902192424,6080054.2350597605,-1.379712975543479,2.481924769390065,-13.95945319714752,6.451604771941355,-0.012487803940440486,427.4808995780877,425.0282064372736,428.38114379882813,467.96712585449217,464.6142268371582,76,-28.636301677845545,10.025350523661626,False,39
JUBLINGREA.NS,638.0,792.3323631991859,-19.47823544352536,338786.8486055777,0.41709679954242684,-6.670564250218436,-7.30552390509277,5.626278520531702,-0.012335489334045942,644.104479825868,652.5630087125232,692.63099609375,683.578998413086,666.3894030761719,51,-22.759686663695177,9.30266569850431,False,39
BAJAJHFL.NS,82.91000366210938,113.44999694824219,-26.919342536488276,6900811.111553784,-0.06026449242407805,0.1570486648098557,-7.98001657466938,2.9682154976204522,-0.011813354896330697,82.8027148195359,83.23990602656161,84.36680007934571,85.11819969177246,86.69134971618652,249,-35.96297621848058,0.23315801439793837,False,39
UNIONBANK.NS,167.58999633789062,199.59697275189,-16.035802533831923,14605846.33864542,-6.6090837626329275,-10.312535700266622,4.041466620830936,0.38284333931373205,-0.013578381943418441,173.60205587489466,176.57412729339552,179.98219970703124,172.36178283691407,171.20192543029785,149,-23.981703326548644,31.703346076638827,False,39
CANHLIFE.NS,143.85000610351562,166.24617118007782,-13.471687749309236,1895541.7136929461,-5.055764425478015,-5.86348511107232,1.9033825312792185,-0.5488228712028476,-0.01326787853859639,149.4505451328983,150.8006799296812,150.95919494628907,145.9582405090332,145.10995223999024,52,-18.386094721656654,10.396281183091883,False,39
SONATSOFTW.NS,254.0500030517578,390.5481869352945,-34.95040777289577,1715075.593625498,-7.517294589601365,-12.18457871710552,-6.676180982533886,9.509007675763126,-0.013878964268361563,268.5180563986459,275.04393755733713,295.7471743774414,285.5277157592773,284.04478805541993,223,-47.873658726675025,11.384440977542276,False,39
SURYAROSNI.NS,220.6699981689453,308.0746845932235,-28.37126540912824,637885.3665338645,1.4574704225035928,2.0203398314986742,-15.236871259918994,7.071995699892786,-0.01192448089468489,218.73660977596933,218.0210460085175,222.9746551513672,235.39115112304688,236.3281022644043,225,-39.88253189981289,2.091847277251069,False,39
PAGEIND.NS,36660.0,43614.205560919945,-15.944817683785095,27684.65863453815,-2.2399999999999975,1.2707182320441879,-13.285342702683323,6.495879153612316,-0.01357107502951232,36665.1658462482,36480.18665534418,37037.87546875,38197.508984375,36135.065078125,66,-22.04374798823495,16.626127646862223,False,39
SIRCA.NS,401.54998779296875,536.351054042588,-25.132991766045,340269.6015936255,-2.227909457536137,-6.8869593523550705,0.2691449019791792,0.3439516908861018,-0.013818586692764336,409.21418659317595,414.6354137174666,425.6672082519531,416.827607421875,433.79169540405275,219,-28.57143017732211,8.516708381512906,True,39
SUNPHARMA.NS,1801.0,2046.9000244140625,-12.013289436764396,2509491.784860558,-2.6433874138442226,-6.766058625853633,-5.598073492750322,5.105945565409065,-0.012545942882166195,1840.1057258398018,1856.4432221497443,1904.012001953125,1882.6019921875,1804.0136224365235,44,-12.423667291758422,11.980515353409537,False,39
ICICIBANK.NS,1310.5999755859375,1467.6271961496604,-10.6993942995664,13512563.354581673,-1.790934763136942,-8.124782643817907,-7.376199839830122,6.1139352215300535,-0.01571335868414291,1326.2185798534792,1348.5333995673855,1398.765302734375,1363.1001770019532,1344.472319946289,53,-12.034881652032903,13.03606447024701,False,39
PNGJL.NS,581.9500122070312,736.4000244140625,-20.973656584262578,366505.91633466136,-1.5646143114017352,-1.7142313456206315,0.37947601673673503,-2.8626212782153937,-0.01530513406529437,593.3631558888283,598.856013116397,617.2950036621094,588.2290002441406,592.0787496948242,104,-30.87995883691065,36.733362974778096,False,39
DRREDDY.NS,1206.199951171875,1405.9838095385528,-14.209541888839194,1969671.6812749004,0.48316616459946893,4.297444978112841,-11.261842041572411,1.4839313180312397,-0.018771744731767123,1209.359572902072,1195.632547507999,1176.2360009765625,1230.618153076172,1241.7782214355468,68,-21.691843637847384,6.875395341149115,False,38
POONAWALLA.NS,433.3999938964844,570.4000244140625,-24.018237141260645,1684542.486055777,-7.1550974228597575,-5.71086703982675,-9.016481926463493,7.078441975660121,-0.01731250937926325,450.3725158984055,455.33256801415814,468.5589996337891,447.29199981689453,441.56024993896483,249,-36.67601740058301,1.3443912022784499,False,38
TATAINVEST.NS,615.0499877929688,1178.621408861613,-47.816153417150055,1762461.0239043825,-6.577047072027509,-2.077692771886319,-7.4068516683524654,4.183013036499172,-0.01622093547486085,644.4779588044944,652.023237760386,657.7210009765626,663.2194104003906,660.3883288574219,250,-54.51590965272606,0.0,True,38
MARICO.NS,781.3499755859375,889.0999755859375,-12.118997071053816,1778637.7450199204,-5.239222951498979,-5.787665209260773,-6.344933419036258,4.204860730115612,-0.01902991070666685,803.1005489399831,811.382771451587,835.8345153808593,831.4680889892578,796.575704650879,45,-13.81734101443165,8.88152065097838,False,38
PNBGILTS.NS,71.62999725341797,98.27340015543207,-27.111510194899246,937941.1075697211,-4.93696256938978,-6.015894043977898,-18.011627035739874,13.422096421660612,-0.01731524607792275,74.22237232515168,75.44348318019654,77.72429718017578,80.98519538879394,77.35750072479249,249,-41.87661432551898,-1.371783793086856,False,38
JSWDULUX.NS,3020.60009765625,3687.5560372755367,-18.086665880528596,102708.03984063744,-3.5660680468228123,-4.511110200397828,-5.6239453386198175,2.9345175266619394,-0.017722054356830164,3105.50258948567,3120.4670710715454,3098.6680029296876,3076.0637280273436,3007.5588952636717,210,-28.785044619648016,4.156947724256654,False,38
DCW.NS,44.619998931884766,71.84041979886041,-37.89011943859414,1473776.12749004,-7.7336675584454895,-5.865688738011865,-11.585428306156963,9.33725918791306,-0.016872293201287865,46.37612461350904,46.393231178398096,45.99961990356445,46.74060832977295,47.573476009368896,223,-48.571300670518845,2.1218809846637487,False,38
JMFINANCIL.NS,123.4000015258789,177.98981701911703,-30.67019024317267,3416665.8366533862,-2.8575905599469986,-4.629413317895681,-6.628330730549148,3.8588328152683538,-0.016566078126312386,126.03253692298124,126.3335575268178,126.69280014038085,125.89118316650391,128.64570541381835,241,-38.026894261154,4.0765447711287095,False,38
MASTEK.NS,1555.5999755859375,2339.80156593166,-33.51573063989595,121378.04780876494,0.7774034846978362,-11.764039955420447,-1.759581205981653,2.509222509841913,-0.017992530004720366,1571.2494725660777,1605.6058039040831,1706.9572192382811,1666.5536303710937,1720.307622680664,221,-43.45790447471269,6.093915457051802,True,38
ALKEM.NS,5220.0,5875.534417311879,-11.157017740895025,132606.992,-1.9902365752910267,0.19193857965451588,-6.593865539258048,1.0989322753018893,-0.01699222693254858,5248.628629449703,5267.178104729888,5383.762373046875,5418.790766601563,5462.95017578125,180,-14.033351840854547,2.4550063836559,False,38
MRPL.NS,164.75999450683594,212.0,-22.283021459039652,12440121.215139443,0.16413703243696176,-5.969641959248706,9.373337210832332,-8.124690333715067,-0.016153896588423724,167.79767814738491,168.9897159065915,170.85120025634765,163.43930053710938,166.88077285766602,138,-32.49056834094929,35.25520435847738,False,38
TRANSRAILL.NS,474.8999938964844,758.5896367271307,-37.39698370447041,795539.2430278885,2.3491366156216387,11.711719795848863,-7.720122599253132,-5.252151953855256,-0.01839639940586105,457.30259534487357,448.9541253621192,454.6921661376953,474.68606170654294,503.4209552001953,247,-47.184884356573335,3.272637539590506,False,38
VAIBHAVGBL.NS,203.52999877929688,286.0804190389319,-28.855669513124194,574885.3534136546,-0.838003030793244,-6.829937458172797,-13.254784563829059,9.450904221549571,-0.01645861475242772,205.82002291251698,210.0638236943124,226.83615936279296,230.34151565551758,225.02263900756836,230,-39.89353816718254,21.44218435190006,False,38
DEEPAKNTR.NS,1492.800048828125,1889.2710718186147,-20.985396373472554,206651.964,-6.75245011789557,-13.914995107261873,-6.402556280269012,8.041657069800422,-0.02162348089402466,1560.5154528824596,1597.6032318146063,1677.846015625,1670.2699584960938,1628.586513671875,102,-22.028130448854565,24.03866419002454,True,37
JKIL.NS,461.8500061035156,666.3511778387405,-30.689699146103244,113280.90836653387,-3.398870485787364,-3.667998311155418,-5.05244265074184,0.8914155536861035,-0.022326532845579304,468.1008602736525,473.83254980345845,484.0816979980469,486.1861700439453,505.9711036682129,230,-36.75595317438922,1.6843893271683008,False,37
EICHERMOT.NS,6920.0,8165.0,-15.248009797917938,513011.00398406375,-5.702800299788791,-10.263891590481744,-6.41149316227847,5.858229256517911,-0.022032145941516045,7262.308748242601,7421.80917055158,7746.212138671875,7502.05419921875,7354.796428222657,33,-16.22780159216166,6.476846336441877,False,37
PRINCEPIPE.NS,246.89999389648438,350.96745230751316,-29.651598097434462,262503.6,-4.965355851657782,-13.064185825403673,-9.026233046752697,9.057203471937324,-0.021943612754973918,258.69999056444584,264.5529662091594,273.05230102539065,272.16480712890626,260.01786071777343,247,-41.794434608649325,-0.9678930099939365,True,37
ASTERDM.NS,708.9000244140625,891.2999877929688,-20.46448624223185,1212977.466135458,-7.773368646614831,-6.711409180349037,-10.44153428760124,8.105226750142958,-0.02009988286954479,737.0368044928105,750.5065725422575,783.81900390625,780.9120031738281,709.312045288086,38,-23.23011226620395,10.22626299208187,False,37
EIHAHOTELS.NS,296.1000061035156,398.99480218003293,-25.788505392631535,19974.904,2.5987525437923598,-3.8167938174570093,-7.261492329717123,1.8042422924189117,-0.01960234291059738,294.39925068291467,294.9057801899422,299.03633666992187,305.8728005981445,315.6040396118164,241,-33.90755152654413,-0.3470938221203035,False,37
EIHOTEL.NS,297.8500061035156,412.08004369538395,-27.720351747076833,597474.1992031873,0.3199771729744283,4.216241716313784,-10.525829430353662,0.5719751841476217,-0.020537126948868497,298.81530007709097,298.3248496844381,303.3338934326172,309.8486367797852,318.6690153503418,250,-34.49692380835189,0.0,False,37
GMBREW.NS,952.0,1315.8571912096693,-27.65172342715815,402788.98007968126,-1.57663478935125,7.522020979162702,-3.4580647429461098,-6.208396787834247,-0.02174037421120116,955.8323201719589,942.5024754089297,912.55,917.4107464599609,961.9766775512695,186,-35.209535389686295,-0.9214727108137755,False,37
AVANTEL.NS,150.27999877929688,214.72640412746412,-30.013265303838043,2299013.474103586,-3.2573694334248615,-4.1642745239230505,-17.39226017376332,10.616400238242928,-0.021297098049589194,151.1277608631639,152.19412650398178,157.0174005126953,164.29395217895507,156.01455547332765,245,-45.558137802783016,0.7563514291027085,False,37
SESHAPAPER.NS,236.35000610351562,290.5599780055542,-18.657067733190136,48471.69076305221,-3.4281274827718256,1.6471708931188545,2.1038579859439466,-6.375459730517086,-0.01932405066077062,242.50741121193843,241.79957622873434,236.3697998046875,231.31173248291014,240.61936325073242,154,-27.739529664386996,15.395735455857796,True,37
MPHASIS.NS,2250.199951171875,2897.3238943204424,-22.33522956881382,558039.4820717132,0.08896005886653846,-9.26613100113407,0.1442052721630116,-0.7548251470697709,-0.021029986715191653,2238.548552421879,2282.402940765919,2377.9859912109373,2307.6671826171873,2354.434440307617,167,-32.33613401454498,-4.546992706631503,False,37
KRISHNADEF.NS,1000.9000244140625,1398.6358552528313,-28.43741130652411,122010.152,-1.4377130069854749,-0.6452253169023536,-24.203645251480566,13.966137932227918,-0.019474547666320202,1018.1306008883696,1030.2608384112518,1084.0660034179687,1156.2448510742188,1062.6266036987304,72,-30.982751216650918,23.211790387760843,False,37
NESTLEIND.NS,1307.699951171875,1553.0,-15.795238173092397,1525947.434262948,-3.2050369228811992,-8.231582373903512,-10.837605705099895,7.457157029286532,-0.02235239066884178,1346.5748776143523,1370.9531177738916,1438.2579956054688,1427.072254638672,1359.4782312011719,39,-16.613007083065035,12.481130446202805,False,37
BIOCON.NS,370.70001220703125,447.1499938964844,-17.097167110137846,3748184.187250996,-4.211883150637918,-7.556106681538344,-12.632565903369963,9.143759870210989,-0.02064675474298054,379.71423838584985,386.46178326644747,406.2119995117188,414.1804669189453,394.9575619506836,55,-18.68500255695198,2.4085063791248196,False,37
HCLTECH.NS,1243.0999755859375,1729.0085007948294,-28.103304580950216,3234896.717131474,-0.040205854761654614,-6.639130635678747,10.720429874877514,-11.221341383571303,-0.02604254303577183,1245.7459904165444,1256.1103806905912,1298.5400024414062,1221.6974700927735,1322.3854177856444,167,-41.03032324952367,1.4605517079847363,False,36
CUMMINSIND.NS,4860.0,6049.821052103703,-19.667045386242734,553645.1593625498,-2.272270259400766,-4.490517834332319,-12.157204967316037,5.635175046135155,-0.025184220645472898,4902.977061306853,4979.074664699304,5194.18,5380.478168945312,4984.521378173828,89,-21.63404571526272,27.595401647633988,False,36
LAXMIDENTL.NS,193.8699951171875,344.79998779296875,-43.77320128166752,240937.68525896413,-1.613807604831674,-0.36489192475372967,-13.892960083169381,4.919361618108797,-0.024345025231412087,194.72841892894206,196.42770228186453,202.2616000366211,213.11609970092775,210.56744941711426,225,-54.791180277996745,2.6375569284430522,True,36
DBL.NS,399.1000061035156,536.8656777272844,-25.66110618338887,377387.313253012,-3.271934028186374,1.2762814623263674,-6.933720219088501,-0.4003192013082413,-0.02312180856603211,408.304876313582,408.83709782524727,416.03471130371094,422.5147412109375,435.5481645202637,246,-29.106283085564264,2.350251036593476,True,36
JINDALSTEL.NS,1100.5,1303.865138167474,-15.597099133526559,1306117.235059761,-4.949045293798493,-5.080215902516427,4.055743884689478,-5.62654588377759,-0.025448428979873275,1133.189935669306,1134.6552694570785,1124.5948681640625,1121.3253991699219,1137.0206231689453,117,-22.668811109341537,6.424449136954391,False,36
JLHL.NS,259.8500061035156,340.0,-23.573527616613056,224941.25099601594,-2.9686266063608246,-9.66451881899676,-11.016363304037412,7.912785559337299,-0.023695611919117385,266.13570813843864,274.10575329203687,297.8019989013672,288.12330322265626,272.8842854309082,45,-26.882351146024817,26.368606713194055,False,36
ACCELYA.NS,1094.199951171875,1437.279399793039,-23.87005954935176,14629.820717131473,-2.382020935020024,-3.6032089942518053,-1.3345400205703295,-2.581908944150435,-0.023919694761836367,1105.5563027673325,1113.3237855750886,1130.3000048828126,1125.9000036621094,1167.9365698242189,238,-29.56136262999086,-0.013323529889841534,False,36
PICCADIL.NS,581.0499877929688,808.3517449655756,-28.11916453304455,230414.56972111555,-3.407863089684804,-6.465386804124362,-13.073091055486575,8.29269385828717,-0.022387134431244567,598.8439630072095,609.1803533078738,661.8924633789062,638.5606622314453,607.7654162597656,37,-29.362433673682908,34.64533106668233,True,36
COALINDIA.NS,420.3999938964844,478.7148398145708,-12.18154129934107,9631738.450199204,-0.3791483657619943,1.8836581199969338,-0.21784414050327605,-6.823289302620806,-0.024558521757761177,422.41983314773927,420.0308287887714,411.66645568847656,423.7817449951172,423.6363455200195,110,-18.353672033938317,11.061131245212641,False,36
ATGL.NS,583.0499877929688,859.5498025483846,-32.16798071916857,3183245.290836653,-4.792624992001848,-5.187417477979162,-19.496032061723334,12.261310666462188,-0.02461031346728142,601.3143068023955,609.123583703666,631.4880017089844,671.7581359863282,615.2562519836425,89,-33.44772041166658,48.45458220627754,True,36
TECHNOE.NS,998.5999755859375,1379.6524287751324,-27.61945293188782,234079.85258964144,0.7008471739797129,3.6960751238171774,-6.289008391286044,-3.8156149798513894,-0.026036487671649622,998.8826507710265,993.7594349220715,988.0627075195313,1032.4512396240234,1064.2013571166992,244,-37.39205346477467,-2.0988133962786204,False,36
BASF.NS,3417.10009765625,4797.620574444326,-28.775107480190254,26155.187250996016,-3.030727536172839,-10.335867287949352,-5.512773464914589,3.6421712275137352,-0.025672097596760368,3513.072075418722,3591.989225480926,3774.2871484375,3652.9091479492185,3633.97521484375,250,-35.356841842461115,0.0,True,36
EPIGRAL.NS,982.2000122070312,1763.3722656687764,-44.299905849175744,66244.74,-8.29131538683182,-20.758369325774005,-3.856691887282837,9.404828660097264,-0.02375881505983929,1049.7774524583247,1085.9968950814364,1130.0599963378907,1127.522109375,1103.0669494628905,249,-54.43252604950464,0.0,True,36
RAINBOW.NS,1279.800048828125,1610.0,-20.50931373738354,155365.9718875502,-9.401099324154238,-11.518250330051483,-10.916062647949287,9.651144195956562,-0.02658121114427881,1369.826401445063,1402.4999199170566,1458.5799926757813,1431.5369934082032,1329.314111328125,40,-21.354040299883536,19.525442484135812,False,35
SHILCTECH.NS,4033.0,5383.97700521774,-25.09254783050663,31854.433179723503,-1.1301536258631617,0.9410847118005217,-7.896756653986037,-1.258521140378066,-0.027972338725732494,4064.277990556823,4075.017080641745,4158.562734375,4201.789814453125,4093.8708044433592,112,-30.17966174845892,38.69751856061312,False,35
SPIC.NS,62.22999954223633,94.01107793053362,-33.805673850246535,573966.164,-5.511693037465126,-7.2282979827873355,-6.633702069792835,2.4879551740481176,-0.029917574516225832,64.43133345053661,65.32672333819305,65.97990135192872,66.41810676574707,67.5681450843811,248,-43.096150331583594,1.1453248929442106,False,35
IFCI.NS,65.13999938964844,107.5,-39.40465173055959,40758914.54183267,-13.366142738975883,-33.74694915394964,-13.285413993661876,23.581864012662113,-0.02638882697721235,72.63175575642028,76.5385250804818,79.66480026245117,76.97280017852783,66.90690000534057,19,-40.23255813953488,30.880452429207715,True,35
BERGEPAINT.NS,452.3999938964844,590.094751424942,-23.334347102047047,466566.6334661355,0.6675567513894975,-7.304578380935666,-12.653894609671712,6.0406180985134394,-0.027740811445443214,454.6593178506335,462.8865375068346,495.7630139160156,501.48827484130857,486.43566345214845,217,-34.21915381636437,6.809800640165586,False,35
SENCO.NS,317.3999938964844,428.75506028088586,-25.971720616300264,1430298.87250996,-5.535716102236798,-8.950089403545935,-2.5048705086354928,0.7506192921567179,-0.027948029266608276,329.5733521864944,337.3949816014371,358.9059698486328,351.665950012207,335.31507232666013,48,-27.66266275824266,23.107509848070706,False,35
CHOLAFIN.NS,1580.0,1952.5,-19.078104993597954,1645657.1035856574,-6.047449255201942,-13.467332336170635,-14.584134036685237,11.704633649974895,-0.029915981437699347,1673.7070902751666,1728.6521262187625,1817.587998046875,1739.5111669921876,1681.5070330810547,40,-19.938542833706784,33.39486389887678,False,35
NSLNISP.NS,40.95000076293945,53.75,-23.813952068949853,6219235.780876494,-3.7376589524414694,-10.374256962657624,-6.910663331516609,3.8812852994992264,-0.029693021674309643,42.01762228104621,42.56032652927898,43.14480003356934,44.1896000289917,42.42255010604858,87,-26.883722349654793,40.65845390404035,False,35
CDSL.NS,1242.5,1658.570789743815,-25.086103789882973,1743857.422310757,-5.871212121212121,-8.987690855581299,-7.7113287948930465,4.182292809626897,-0.030251408978546265,1298.0543566275778,1323.6925283128119,1349.97,1317.0959375,1312.9114990234375,218,-33.30345469125907,10.066434606144536,False,35
UTIAMC.NS,883.7000122070312,1354.175046192178,-34.74255675498389,161485.48605577688,-2.665493067108282,0.7639694648838402,-7.2640093975107956,-1.3118665013064912,-0.028177048335098955,894.0389041205988,897.2408265978081,898.8420007324219,907.055185546875,944.6962197875977,240,-36.37331107073366,6.649415369856038,True,35
SARDAEN.NS,494.75,621.6151182855507,-20.408949936007314,611533.076,-0.9410375597474263,-0.4627276631031241,-2.234617601035882,-5.391349815766033,-0.030135744952125457,500.62085188621097,504.0055436237434,507.62892578125,512.6509173583985,519.701746520996,111,-21.961356499589556,16.03929164706839,True,35
FINOPB.NS,128.22000122070312,339.0,-62.17699079035306,1311451.3705179284,-0.8199238618522453,-8.733720401952693,-5.232817199823936,1.528228910590257,-0.027872900622868412,130.48123906559587,134.08220813814788,145.64600036621093,143.50860076904297,165.66375034332276,238,-67.54277322144635,16.12847646077473,True,35
POLYCAB.NS,7990.0,10126.0,-21.09421291724274,376214.47410358564,-4.500089643219985,-9.245797364834162,-16.63188647746243,11.082207589437232,-0.028558513447526676,8199.666078150094,8341.66632561029,8771.03,9109.313037109376,8391.138100585937,73,-22.150898676673915,24.853453176609584,False,35
GOKEX.NS,688.75,954.9000244140625,-27.87203032876402,681634.5697211155,-0.5917551750608374,-10.563560338258892,-19.080070464176956,11.574601266798389,-0.03266068217691593,698.2976032243541,720.4371179399294,769.9500012207031,769.2415002441406,724.1955004882813,218,-44.39208436235745,27.395324749698126,False,34
SRF.NS,2486.199951171875,3198.0092293385956,-22.257886926546966,473992.1394422311,-1.8786051282248972,-4.318040155045844,-12.003257015151103,3.9617661507376223,-0.030677391880819405,2496.487657767774,2515.848350885505,2567.784921875,2649.288142089844,2683.6376147460937,240,-26.50008833670603,8.5634045747933,False,34
APTUS.NS,226.39999389648438,326.69252082124143,-30.699364243981208,1496328.3346613545,-6.026898714434981,-10.964293305275275,-20.700527531879377,14.396009179220858,-0.03247303120374022,237.3865701698692,242.5769195054809,253.91140045166014,263.45670196533206,256.6709866333008,250,-41.46136226538088,0.0,False,34
NELCAST.NS,121.02999877929688,172.2559904918423,-29.738293319309207,224237.6706827309,11.148865329870251,3.9865962831692414,-14.768678054236572,-1.3031032670563159,-0.030396389334726243,116.03283305265973,114.72201069087504,117.0697999572754,127.04307106018067,121.79831161499024,103,-40.600034052418124,39.12817108360509,False,34
ALPEXSOLAR.NS,823.2000122070312,1319.0,-37.589081712886184,64195.58232931727,-2.809915914163963,-5.035469182473184,1.8937971692803535,-5.973727903251714,-0.03109437438427613,860.467784904918,868.9266766948567,852.8669995117187,887.7775006103516,868.4127490234375,228,-49.96209249431387,7.281235389097596,False,34
MAITHANALL.NS,927.0,1202.9048357348615,-22.936547226224235,89660.8047808765,-5.127415498694909,-8.515734537738151,-7.237159743407718,3.1025879700179004,-0.03146001192432276,959.1890065072531,979.4280558658138,987.6428002929688,996.4828527832032,985.0450238037109,75,-25.09798171610359,13.517162028928187,False,34
NDRAUTO.NS,715.8499755859375,1075.1942170447003,-33.42133316587801,30064.425702811244,-5.08486290113802,-0.9067066177686933,-18.977705146885516,7.98107058316293,-0.03190710924468023,727.957347412648,730.3953167722908,761.6039990234375,791.4208312988281,767.035817565918,247,-43.997593214507155,1.8945855720874816,False,34
HINDALCO.NS,941.8499755859375,1169.8969824893504,-19.492913505782873,5637952.657370518,-4.0885971908413925,-6.719821313340901,-3.43091181815115,-0.8105419367503641,-0.031063143018978098,964.5061517323666,978.8531907447901,1004.7700036621094,1011.1134875488282,978.8581594848633,89,-21.06142559364994,24.552290585015648,False,34
INDUSTOWER.NS,376.25,464.0362575162202,-18.9179737777606,6249642.57370518,-0.9477441215400617,-0.725593667546176,0.9985693529582562,-7.737219722552224,-0.030352102287966545,374.40506586484844,375.9318568828626,376.5925439453125,386.85560821533204,401.2196798706055,155,-23.378834728115905,14.13055706024986,False,34
NEWGEN.NS,456.3500061035156,1030.4143551726484,-55.711990636324835,2460292.079681275,-7.546596341043821,-12.122084184324999,-3.8727444095014385,3.1308268382636006,-0.030885690585143732,480.1359656556733,492.48634338218534,520.3379992675781,500.26731475830076,532.4659242248536,233,-61.50966780822025,11.674979085707271,False,34
SIYSIL.NS,531.5499877929688,827.1630742532699,-35.73818702281517,92250.96414342629,-1.4918436169733873,-3.4160059284009447,-14.821105949533386,5.409723630533203,-0.03114827880024262,536.1736421757781,542.6220642153912,578.9410009765625,595.7379943847657,571.5349192810058,229,-48.385894053549386,18.71991239388917,True,34
SIGNATURE.NS,737.4500122070312,1153.9000244140625,-36.09064939733404,414556.125,-6.009427076988471,-5.114513558372325,-2.666140243663706,-1.6077368636382539,-0.030667822379277256,758.0479349141846,766.265487033129,786.4290002441406,793.7065002441407,858.2265008544922,193,-38.88551891095384,3.0267436322820584,False,34
IGL.NS,142.7899932861328,217.02796589243272,-34.20663890067286,2902542.844621514,-1.0043558407142883,-2.4765101293635072,-5.218601528756251,-2.6410323048890016,-0.03217730990526606,144.20282563237888,145.90243572296004,148.68332611083986,153.45014694213867,160.24698913574218,247,-36.52152898119863,3.970727165281729,False,34
SAKSOFT.NS,139.3300018310547,222.25710155729428,-37.31133860074313,1788260.5219123506,-2.926215414173061,-7.3480533933808605,-17.6692091677911,8.794032296268206,-0.03545382051923525,142.12356051323968,145.49242850261123,156.71149047851563,156.23473419189452,155.93789932250976,218,-51.75120241744098,10.140382518913205,True,33
HGS.NS,367.04998779296875,537.9468144906148,-31.76834997330904,39515.864,-2.0024029487208495,-5.402568017770093,-9.390228137099832,1.1457925557836868,-0.036395053172425786,373.150515716738,378.3384464534399,394.74560791015625,403.63542602539064,401.95909133911135,234,-37.23853707562482,5.910352518845419,False,33
SAATVIKGL.NS,405.54998779296875,567.0,-28.474428960675702,300851.45019920316,-7.398110174899619,-2.8040772215772947,-6.458309488725145,-1.0612359522538029,-0.03662613689324486,418.87635231751017,419.248348730958,421.37400024414063,438.8814990234375,422.5725,245,-42.15167548500882,18.986636971046767,False,33
EKC.NS,106.01000213623047,153.47897281057305,-30.92864762193175,656338.348,-4.923764900241734,0.47037973548595957,-9.53408528102787,-0.093795019092624,-0.03296044134872392,106.67260835787098,105.96991315470507,107.14860656738281,110.77275199890137,111.64051452636718,234,-41.60466023467884,4.784950492104079,True,33
ULTRACEMCO.NS,10710.0,12847.756783521221,-16.63914424550089,279244.1673306773,-3.1295224312590464,-5.9949091547441435,-6.28069185055179,-0.06759331531452917,-0.03423178955366082,10945.00096081579,11039.905133104121,11419.54443359375,11320.48841796875,11522.9224609375,162,-21.24332769282121,11.08931527576189,False,33
SURYODAY.NS,143.5500030517578,218.0,-34.15137474690009,807492.04,-1.2315902925794653,-5.441008260110037,-20.32574520259881,9.678141044070188,-0.03437827824431522,145.9798956534975,148.01334777108872,155.0573989868164,163.75792999267577,150.2448547744751,49,-35.27981819362815,19.001336801846392,True,33
LEMONTREE.NS,107.66999816894531,174.1999969482422,-38.19173360781636,3777884.3505976098,0.8901770402696574,1.4032754374525114,-10.34970896178169,-1.7161157740217314,-0.03421686206625732,105.6799680273504,105.93908416837837,107.74960006713867,110.76770011901856,118.2475,249,-42.818597959018675,-1.4834952913460597,False,33
WONDERLA.NS,495.1000061035156,599.8701565355302,-17.465471367520692,88160.43373493975,-2.9120513281773897,-7.673658535474937,-0.42129074542627265,-4.09053519740572,-0.035885381425028964,506.31844747972326,509.706135687294,501.28947814941404,490.1705599975586,501.27645721435545,247,-24.462519040392337,-0.7663772622142684,True,33
LICHSGFIN.NS,509.0,586.4255760885916,-13.202967136088017,1788225.828685259,-9.79175897208684,-5.958429561200928,-5.398577029185425,1.242056411286141,-0.03293612353690041,545.3490740604387,546.3521507181828,529.0353094482422,532.6308908081055,525.1480201721191,103,-17.218819914891625,14.263408056222882,False,33
NTPCGREEN.NS,91.08999633789062,119.94999694824219,-24.060026131392487,7102555.5776892435,-4.547840252966829,3.370396616815574,-4.1460617615672435,-5.8111909831300546,-0.03348999623655763,91.7033483608237,91.0492211933323,90.85460021972656,94.44860023498535,95.36170017242432,113,-29.003746703840694,31.569631866919835,False,33
SUPREMEIND.NS,3380.0,4251.447951229625,-20.497674233024078,242676.58167330676,-1.5725101921956863,-4.2655665748217775,4.514533085961658,-9.768287077062476,-0.03563319239220418,3452.1122768054743,3465.7387560129932,3496.6539892578126,3466.811123046875,3558.1343127441405,248,-26.142809790442488,0.4085761991624137,False,33
ZENTEC.NS,1576.0999755859375,2042.629425992547,-22.83965189524847,576718.3386454183,-4.229202020476242,-13.83193938969648,-14.889578164753136,10.715858009009626,-0.033698383258090096,1642.528443621677,1683.4978238124236,1749.1352905273438,1755.4010168457032,1587.7149029541015,31,-24.11741550982359,4.873010637174691,True,33
V2RETAIL.NS,201.38999938964844,259.25,-22.318225886345832,1221722.059760956,-6.098755889684792,-7.687020531240297,-12.549391957546518,5.799838682500003,-0.03592161809480494,210.28148040499374,212.97382115162378,217.51279998779296,223.73199996948242,214.40269973754883,85,-23.737702328305808,29.103719041600563,False,33
TATACAP.NS,319.29998779296875,390.20001220703125,-18.170174832399688,3407078.8040816328,-5.040895823652414,-12.460592791509594,-8.65823446973688,3.690443627829909,-0.04117501030456261,335.2430226606108,344.1410846979597,358.62159912109377,346.6588412475586,340.3330364990234,40,-19.64377806666847,19.290208687952813,False,32
ELECTCAST.NS,74.54000091552734,97.77694428392327,-23.765258301508,2358684.458167331,2.7287809034650223,-12.593806305701827,-2.6915985922008945,-2.766816081018142,-0.04160089180861388,74.42083578145689,75.16786310117243,74.89280700683594,75.4797566986084,75.25980401992798,240,-39.2424243709629,-0.7839895412811715,False,32
BAJAJFINSV.NS,1732.5999755859375,2193.128599829014,-20.99870587976379,1111043.310756972,-1.6853017317872254,-12.934674593671481,-7.382262211501455,2.949319572192066,-0.03790415926486629,1781.6418550127328,1833.0658290385215,1942.1280004882813,1866.6135107421876,1881.4961535644532,237,-27.24373511558571,8.781053009763816,False,32
MUTHOOTMF.NS,174.08999633789062,262.7699890136719,-33.74814338907144,553231.456,-5.076334715609942,-14.325787917096411,-19.148248924330524,12.570322152368462,-0.04089136871332048,182.0490783891657,188.4366849799557,208.04179992675782,206.22339981079102,191.24205001831055,48,-34.707152834225674,46.51001783683731,True,32
NAVA.NS,552.5,732.5560380476754,-24.57914871980855,468959.9003984064,-0.8078994614003632,-1.471243869817207,-9.814539249309973,-0.9833453255273628,-0.037127386251074146,552.6125832042648,554.2071357028843,560.0717749023438,577.9515783691406,582.0487252807617,103,-27.118200289912043,29.26290066122348,False,32
GOCOLORS.NS,294.95001220703125,715.4500122070312,-58.774197054359554,529199.856,-7.350398444432749,-8.783050366602607,-16.562938555295258,8.341912572471411,-0.0412376645536381,306.83692897478426,312.5981039864403,323.78699951171876,336.3944989013672,339.4207482147217,248,-66.8670069177157,-1.8559408909925912,True,32
AXISBANK.NS,1217.0999755859375,1417.2070248903838,-14.119817767621068,6392603.800796812,2.579011848793722,-2.9348471258959674,-9.074450100341558,-2.5647011847147905,-0.04077283744288205,1224.0831000237,1232.3711755269283,1241.1860083007812,1275.0216650390626,1284.5018585205078,167,-18.895855493345447,5.7465776807786195,False,32
TAJGVK.NS,314.8999938964844,435.63864952593093,-27.715322265560303,165785.676,-2.56807487532833,-4.2711712385358425,-7.749671203232122,-1.5881864351802832,-0.040712176702817515,322.2286134542884,327.35955587445557,341.4275830078125,338.1043969726563,344.5611395263672,190,-35.80148341924443,2.2140328202036708,True,32
EMSLIMITED.NS,331.54998779296875,574.5259705200776,-42.29155777016659,564321.9920318725,-7.54322862524951,-13.929669891938234,-20.373109753420593,14.899059336746955,-0.03692566032239993,349.327516561592,359.8356100555736,378.89463134765623,372.42271911621094,357.8575782775879,249,-55.616230274687425,-2.2109156465817126,True,32
LTM.NS,4007.0,6344.474916122625,-36.8426851240694,379423.1235059761,-0.767706785537392,-12.663469921534443,7.498323272971152,-8.59427063475594,-0.03797675934871658,4095.906491763136,4199.795835807876,4421.820004882812,4182.133725585937,4582.659024658203,177,-44.39256129715918,8.116773671372957,False,32
IOC.NS,131.33999633789062,184.95879041358242,-28.98958949493341,13991225.151394423,-3.617823277317256,-4.131389534386409,-6.471916685609525,-1.4351480912194847,-0.03703694476779659,134.25672940544968,135.1617617702496,137.38987701416016,138.34070831298828,146.50864822387695,149,-30.217076594446233,13.015429027404313,False,32
GSFC.NS,146.89999389648438,193.75512406777963,-24.182653437802426,842224.4741035857,-5.439338187988662,-5.203422596672736,-6.2003568137125935,-1.3422431577408078,-0.03981622645343515,151.92254784283784,152.92505357203035,154.39349639892578,156.55680603027344,160.6063562774658,250,-30.581529489900717,0.0,False,32
SBILIFE.NS,1721.5999755859375,2129.040438508761,-19.137281544929508,1039629.5338645418,-1.9031352942485702,0.0988401155732399,-3.697487128229071,-6.505921974571804,-0.03882160434607652,1727.994392768582,1733.2970106291086,1778.5,1793.867996826172,1878.1031719970704,153,-22.364085034862015,4.482202095158927,False,32
JAIBALAJI.NS,61.720001220703125,102.0,-39.4901948816636,1959894.940239044,-5.770990502743323,-12.57790006422308,-11.525230317261848,6.763535295846879,-0.038448340399587506,63.77021560454653,64.80034276534175,65.55060028076171,67.19900012969971,67.90100025177001,250,-47.401959288354014,0.0,True,32
LT.NS,3693.39990234375,4397.052414797838,-16.002822938521632,2183368.6015936253,-4.276384101600572,-7.224317951676717,-8.601833646529322,0.16583991690723998,-0.04386716127691301,3805.4736863714634,3859.2744986788784,3955.7219921875,3974.6693676757814,3948.4284765625,152,-25.943690034227284,5.459685306901552,False,31
INOXGREEN.NS,159.0,279.0,-43.01075268817204,1905832.4900398406,-8.955565417034395,-3.1963470319634757,-23.069476662202526,9.928097809007097,-0.04484429823154053,167.49688765327795,170.44412737143284,175.8563998413086,182.0293995666504,177.74989921569824,230,-52.48028608205926,33.27458131905594,False,31
FUSION.NS,171.36000061035156,243.0,-29.481481230308006,554147.436,-3.076924404697945,-11.405230983057479,-24.24068315983957,13.378325593726315,-0.045096133475426355,177.74436657184359,183.40178782771528,196.3088003540039,195.2652001953125,184.77535026550294,58,-30.72016209731867,29.344389727490714,False,31
EIEL.NS,184.0,257.6600036621094,-28.588062801825366,2394235.438247012,-8.7437407408977,-4.346018186642531,-23.486359252738097,11.48812862649351,-0.04194234036642301,194.26240165336014,197.27115786229933,203.38699981689453,205.81809982299805,193.54564979553223,232,-47.71792098143279,-1.5155058047849224,True,31
KEI.NS,4502.0,5899.0,-23.68197999660959,372447.7529880478,-2.9008950717135717,-12.920696324951642,-14.263949723862124,6.2644548984118975,-0.04647631729955564,4564.161696962408,4694.550916578762,5100.1919921875,5173.377998046875,4841.805235595703,32,-25.000844290345825,3.837876614060254,True,31
REDTAPE.NS,115.29000091552734,156.6134844830799,-26.385648530805174,713609.5219123506,-5.60058666315838,-3.109502491527294,-14.923703046372028,2.648192204579991,-0.04599793196700909,118.27011848068396,119.07022894419151,123.1362225341797,127.84696479797363,124.28985439300537,91,-27.783997114028768,25.161582216575585,True,31
LINCOLN.NS,582.0499877929688,767.8152546425441,-24.194005748955625,70302.65322580645,-2.118899538179486,-4.255541524107132,-5.88420893269852,-3.5036967134635777,-0.042297396238343624,591.6422573051656,598.7758756737878,602.5950708007813,619.2722802734374,588.3024792480469,90,-26.01298188573985,26.833958153132965,True,31
PGEL.NS,481.1000061035156,644.0957170393084,-25.30613177883394,2802420.565737052,-6.482652407848422,-14.959841794634032,-15.615835784974685,9.23120894653695,-0.04632500756589274,507.7214508143052,525.1814881608435,569.7961206054688,549.2136804199218,552.8861112976074,187,-32.25481559209491,19.364002802263023,False,31
HDFCLIFE.NS,534.2000122070312,785.6996289453043,-32.00963924036433,3510597.900398406,1.3854597560678972,0.2251430031953605,-5.317263266735206,-7.838407450989681,-0.04546967384170573,534.0171357590917,536.6083563540307,541.0040002441406,559.9221887207032,617.1958920288085,214,-35.25515432788324,3.734187514729248,False,31
BALMLAWRIE.NS,159.3000030517578,202.17861915568056,-21.20828418108127,160464.0358565737,-3.013696772141361,-7.255201672409683,-10.25749248591633,1.5273815265004487,-0.04218705146870792,163.24449542174804,165.4127306017478,169.10413421630858,172.47606719970702,170.97288719177246,250,-28.410862171341854,0.0,False,31
BLUESTARCO.NS,1459.5999755859375,2022.9788267608074,-27.848974182144648,493273.49003984063,-4.288526191086062,0.9894088614614827,-8.201393303908034,-4.786876896571379,-0.046061395966172716,1521.3629935018705,1522.331548283648,1538.7739990234375,1585.0894848632813,1690.558660888672,236,-29.19846565465427,5.623421868961853,False,31
OIL.NS,444.0,529.9163379046904,-16.213189094038295,4060729.306772908,-7.306889352818368,-10.687949330592028,4.5489338719186145,-7.676287210223853,-0.04574113523914199,464.2535192815705,470.96733197561434,470.5329925537109,459.6760830688477,459.3043795776367,100,-23.898304844901787,9.988311952904683,False,31
BAJEL.NS,163.6300048828125,218.89109805718027,-25.245929900690655,661796.9721115538,-4.927079017759894,-11.694548198627109,-12.79486146510308,6.271740125746383,-0.041613799307337815,169.92025314369906,173.82121435133934,181.25599975585936,185.35550369262694,175.26070724487306,249,-38.49025464129766,-1.5870765515327845,True,31
APOLLOTYRE.NS,404.75,533.7087547028075,-24.16275797735741,1036304.8007968127,1.708754261686285,-6.7718517355304435,-10.603998472910337,-1.4013098915104605,-0.04925218419414746,404.65571179554524,410.5368027587107,426.2080010986328,418.83064208984376,437.5290629577637,222,-31.94363447076932,9.626964499005641,False,30
SUNDARMFIN.NS,4395.89990234375,5612.405266256894,-21.675294391640985,67724.91633466135,-4.270472509935763,-3.53946032773943,-4.461885687519118,-5.4418597030244324,-0.046502489040069706,4497.810178606493,4555.583878715106,4581.78,4500.101584472656,4757.492147216797,147,-29.103155711844707,1.7322053458177944,False,30
XPROINDIA.NS,1136.199951171875,1572.6395438881225,-27.752042380748875,62601.745019920316,-5.865786978303644,-11.62103510043787,-21.34387281635287,11.545182554981782,-0.04695874540831087,1183.238547506491,1204.5347734834656,1215.8039916992188,1248.5574560546875,1114.4782882690429,64,-36.70513829551298,29.616784782035023,True,30
KAYNES.NS,3399.0,7705.0,-55.88578844905905,1581342.406374502,-3.148596666191761,-5.135361428970143,1.1848073769541667,-9.386582295584379,-0.047411226575607056,3516.23794760317,3547.0412940206215,3642.0540087890627,3432.5440087890624,3644.6645056152342,248,-61.129136924075276,4.399835006187258,False,30
SHRIRAMFIN.NS,945.0,1153.699951171875,-18.089621219094898,6505673.58565737,-4.545454545454541,-9.742120343839545,-11.04208259780506,2.116316550239672,-0.04869067682559012,984.437029962122,1005.4664868033967,1057.9759948730468,1021.0073608398437,1004.8878723144531,40,-18.869720064627327,29.472971357563594,False,30
IREDA.NS,111.0,156.81816409540926,-29.217383304865862,7530709.49003984,0.8082820676732938,-0.7200919197751898,-11.835613353654761,-3.40634726011545,-0.04976413087330317,111.64927220813983,112.0867450888406,114.86301055908203,119.72964164733887,123.46243480682374,242,-31.53748737406984,0.5191760006341584,False,30
TCI.NS,877.0999755859375,1230.6142063952873,-28.726649584589392,58877.916,5.2372623120273465,0.9204924893256861,-5.829957036213685,-9.726882851167895,-0.049319155222633915,858.997326595495,859.3442565588092,886.3509985351562,906.2248376464844,953.8315866088867,232,-35.235592449840894,0.9124578067511324,False,30
GMRAIRPORT.NS,93.16000366210938,115.63999938964844,-19.439636670865777,16682720.800796812,-4.304052262646474,-0.8830665182726793,-17.88452519341138,2.452439623280922,-0.049914002386302295,95.65168198064629,96.59361574128664,100.03220016479492,102.78800025939941,99.875599899292,62,-20.762713821304057,21.427817501729084,False,30
BALKRISIND.NS,2083.5,2765.3795041598637,-24.65771888213304,257954.836,-3.8887372880029303,-10.544849399276357,-5.425951451488387,-1.7551647514677415,-0.04827694944689177,2152.225010083134,2189.564093358148,2284.2074658203123,2221.9553234863283,2271.937671508789,161,-29.009007318021307,15.837388334030722,True,30
TTKPRESTIG.NS,506.3999938964844,762.9636442781316,-33.62724453592958,261007.43824701195,-1.727148089912256,-13.620470124267058,-18.29741472903217,8.76895795726369,-0.04878450069648811,522.5528909138976,535.6680265062857,580.4565960693359,576.6255688476563,555.4935008239746,234,-45.15041604845462,11.212058328777786,True,30
TARIL.NS,280.79998779296875,500.74602595961534,-43.92367123536294,4863561.6414342625,0.14265117874148192,-6.935571376150351,-17.63968531548339,4.6953087646931735,-0.047866312461236696,278.0411788407511,282.8146751767023,292.3183862304688,308.4930169677734,298.3437142944336,249,-55.297288707668244,-0.6035612912297039,False,30
HDBFS.NS,618.2000122070312,794.4312900037413,-22.183325356668682,839696.8884462152,-6.475035974730526,-8.441942975339067,-16.94209023969686,6.477532160852051,-0.048275064001091036,645.3461617547157,659.0340184312613,676.6110021972656,687.678579711914,689.5963961791992,197,-30.299990325111704,4.171714514932989,True,30
GOPAL.NS,254.75,363.21223889936397,-29.86194496860439,119660.53012048193,-2.9708581815358404,-5.75286292831022,-7.899495886250419,-2.970181484098089,-0.0500557976332999,256.32638908006663,259.45639887452336,267.4299990844727,274.437999420166,284.8342588806152,225,-31.935466657895795,3.7414120141433305,False,30
KSB.NS,806.4500122070312,1023.2461180887996,-21.18709292410472,271764.19920318725,0.5360578024178997,0.08066820847725253,-13.720979814387047,-2.6915790719475585,-0.05123186151157896,816.0807308264201,811.9933356191043,812.2529968261719,843.2299963378906,816.5969464111328,112,-26.703850936582462,39.22437674565224,False,29
TIMKEN.NS,3098.800048828125,3921.832239688061,-20.985910170532918,54713.044,-4.854304960427314,-1.1389360718416008,-7.332507362915441,-5.399051060290317,-0.0507259034340181,3160.46320116994,3174.889206730313,3188.6934375,3329.067578125,3289.0986376953124,73,-22.672608860384212,5.770847032011628,False,29
ADVAIT.NS,1863.0,2482.5844584508545,-24.95723584918752,55537.745762711864,-3.0898888711868078,-12.818485636870736,-14.44636298986487,5.125011847636096,-0.0515659017239785,1929.1796047951768,1983.0961710217287,2108.8797509765627,2146.0048010253904,,76,-26.270382536905046,20.970814441571584,False,29
TEJASNET.NS,464.79998779296875,644.75,-27.91004454548759,6219679.844621514,-9.094465306114651,-15.313836482043975,-18.456142492461623,10.997012010261198,-0.05110251770654268,499.3131140380123,514.3808908548584,525.9969976806641,538.7484985351563,473.10699905395506,74,-28.48390754501503,53.85644174840329,True,29
INFOBEAN.NS,143.5800018310547,255.98189583973354,-43.91009514167049,1072208.7928286854,-4.432909623670378,-8.675740544296783,-12.028562116910702,1.9060920283263671,-0.050245708949690576,147.1295856029496,150.37686740531512,157.81704223632812,159.16346817016603,171.8041820526123,185,-53.26990210467386,64.17252502176132,True,29
DODLA.NS,1006.2999877929688,1393.937767726405,-27.808829698738723,39107.5120967742,-3.76780770953965,-5.618079733831294,-9.486259683968667,-1.9569867638040916,-0.051290693284324604,1032.247990711951,1048.9752826451152,1067.1240014648438,1078.1146435546875,1104.9383123779296,246,-31.1357143452782,0.8813110791129786,False,29
PRAKASH.NS,118.69000244140625,170.29543346775242,-30.303473190969797,532341.8525896415,0.8582615003494665,-3.0840480994658193,-9.421748907461215,-4.761480307884258,-0.052621002652502843,119.83063155400447,120.63890176651151,123.36910949707031,130.51217880249024,130.57295761108398,230,-36.24060328626155,-1.3007581494569709,False,29
IGIL.NS,311.95001220703125,385.39286639838434,-19.056620034952722,709276.577689243,-4.089158429813599,-4.660757772328806,-11.687793994878016,-0.9912998653761607,-0.0524392554206099,321.0510192202011,323.47226146868815,333.9371856689453,343.64984313964845,334.95849761962893,92,-20.32805623455204,14.644412627717006,False,29
AWL.NS,175.42999267578125,281.42985528309595,-37.66475397597291,3135460.71314741,-5.013812141002482,-8.271899254493464,-8.041102507274056,-1.515458467882136,-0.051742752043340126,180.99666396478867,183.72237564316643,189.05600006103515,189.14249221801757,195.365662689209,217,-39.48744889504835,3.2780812149848515,False,29
CEATLTD.NS,3286.60009765625,4393.1588210528225,-25.188224884876465,169023.35856573706,-2.0036958135102867,-1.8280647075472056,-12.715005995613549,-2.1471645684118634,-0.0523935014890928,3316.007175196603,3350.1906325005693,3458.9311572265624,3431.2671826171877,3520.024053955078,237,-31.02298777874257,22.545642057754776,False,29
BRIGHOTEL.NS,56.939998626708984,87.79000091552734,-35.140678855331856,169118.8152610442,1.4792336612527102,-2.533378275631415,-11.542649996651699,-3.2619809101818276,-0.05126339652069253,56.5148774031099,56.9019815266368,58.58659996032715,60.63930004119873,62.02165016174317,233,-38.07950786712322,0.6800305991071287,False,29
KNRCON.NS,113.29000091552734,199.70190451094848,-43.27044542065631,2217125.402390438,-5.61526112831392,-3.0359268936391848,-12.498382452943812,-0.5555546998302963,-0.05140448107374491,118.88363896864921,120.60919297543747,124.7150358581543,126.92281074523926,131.03679752349854,250,-45.7021477377407,0.0,True,29
ATULAUTO.NS,424.79998779296875,592.5698687930867,-28.312253092082173,335789.80876494024,-5.08323106256543,-8.307625260448415,-15.021714267853303,3.7238001363327333,-0.05186842384169124,442.44965508996455,449.47499086933067,478.2328973388672,476.6450503540039,461.9336053466797,41,-29.080092976049933,29.214852878872776,False,29
BHARTIARTL.NS,1741.0999755859375,2147.4734560986562,-18.923329615956362,7551552.549800796,-3.046000209092481,-6.533179624874297,-8.448241942094192,-3.676335372237638,-0.0561624267740742,1787.0626560066573,1814.7449699953697,1883.5039965820313,1867.9061279296875,1888.9037823486328,217,-19.958609598845133,14.024353764993002,False,28
NH.NS,1741.4000244140625,2092.89990234375,-16.79487287165802,405023.3625498008,-7.25887683347638,-9.42944460196773,-12.697729126747737,2.66233157800575,-0.053561627105632045,1827.2881324856123,1852.9478350214806,1888.84,1913.2294384765626,1851.7427435302734,46,-18.099285414157194,4.77579703942006,False,28
KPIGREEN.NS,345.6000061035156,541.0236304500187,-36.12108849736404,1664409.6015936255,3.7214866273113323,13.601658228430935,-14.125660391980755,-10.862792821589673,-0.05490334937812776,340.1636654900113,328.28379765028825,330.58890258789063,369.3701538085937,393.41759338378904,230,-49.8059634002887,19.045520202599754,False,28
ARE&M.NS,747.4000244140625,1017.2999877929688,-26.531010185545554,794305.9561752988,-6.034699337023475,-14.215205232245342,-11.69427911653045,3.8937452588634125,-0.05397296611565185,779.0727670327755,803.7295837738626,869.7410034179687,860.7100207519532,847.980255432129,36,-27.7843278060108,14.026248368325467,True,28
HDFCBANK.NS,721.2000122070312,1003.8961237048558,-28.159896708689438,31412431.77689243,-1.0563879749106886,2.910962438556597,-13.09272357358221,-5.035196272049058,-0.05465341890674036,722.2068600597815,721.6633414065006,724.565,749.0380303955078,803.2527471923828,237,-32.0746431515717,4.522608542765738,False,28
TRAVELFOOD.NS,1208.0999755859375,1459.2622453212896,-17.211592401614762,75727.98804780876,-0.5023864133786304,-4.378901581357242,-8.413455420901816,-4.879338804212285,-0.054017911055647704,1215.414190358935,1234.2163949457063,1284.7505908203125,1268.7866149902343,1226.8042785644532,39,-19.753971312937114,15.051947054582925,False,28
DLINKINDIA.NS,406.6000061035156,521.5413716552077,-22.038781925756822,137285.1673306773,-2.9362587663365414,-9.210673090951238,-18.75464394193982,6.007188789587392,-0.053592781615708907,417.90896959603987,424.17147937663356,435.13700012207033,452.74871032714844,424.2882369995117,60,-23.141283148574733,11.155212207506793,True,28
ASHOKLEY.NS,150.47999572753906,211.80679384961218,-28.954122295820493,19569316.143426295,-4.335668907758827,-10.375222633828852,-9.41488071837191,0.07653500014968007,-0.053024616329933535,156.62555440246672,160.18520578141087,167.0670001220703,160.7472329711914,169.85185752868654,161,-34.832119276919215,23.696201712048826,False,28
SKMEGGPROD.NS,205.2899932861328,370.1242358872688,-44.53484171496963,508878.4422310757,-8.024195298829916,-21.17272250557344,-35.40062852162974,25.780537356923894,-0.053449376447170426,219.33929418219992,229.01189588864756,247.92952453613282,253.865732421875,214.93962928771973,58,-45.66689057217912,99.67909038840924,True,28
BATAINDIA.NS,613.0,1181.5153873635527,-48.117476373468534,279065.94023904385,-2.2328548644338087,-8.568873318073866,-6.790652626506821,-4.061893186262633,-0.05599013212515254,626.9955047519433,639.1987004596078,669.7910021972656,663.8444915771485,713.0249322509766,248,-51.13085449406436,0.5530666739872458,True,28
ZFCVINDIA.NS,2241.0,3038.7327548607846,-26.252152433764497,137419.1673306773,-4.4553400127904546,-12.876135504978247,-6.443652730588923,-1.316527038268922,-0.054804677367589406,2344.2899709869675,2401.155383521984,2497.9719873046874,2472.4985229492186,2449.5686096191407,71,-26.614145438328794,8.372382671390222,False,28
JKCEMENT.NS,4952.0,6739.416026951673,-26.52182354974968,83030.99601593625,-4.4845211688687385,-0.552264283562609,-9.141188272142752,-5.621733373684002,-0.05549954804715822,4996.648074193229,5022.130673480373,5204.33,5260.1503076171875,5385.561779785156,243,-30.94094065841977,6.441911173620185,False,28
NESCO.NS,1028.199951171875,1413.6962088264588,-27.26867733305962,54438.55421686747,-4.2198461879948805,-0.9822874617075539,-10.117145240762504,-4.324952494799672,-0.053835666812896185,1060.8609577400343,1066.0286901740649,1057.9240026855468,1091.9674786376954,1122.82700592041,245,-29.99719394698439,7.276354213059721,False,28
BANKINDIA.NS,129.47999572753906,172.71800537071604,-25.03387504410579,9663245.529880479,-6.010452315230019,-9.517826551400788,-7.381979326851662,-2.792014273726773,-0.058360100493493675,133.90215449216268,136.58467362189262,140.3532000732422,141.21074432373047,144.47349807739258,149,-26.62606131600198,19.77005739989055,False,27
CANBK.NS,118.36000061035156,157.68821233301085,-24.940489298974832,24558492.09561753,-5.988880718144774,-6.286620941847831,-6.40518625080051,-5.594599175015946,-0.060156078054305756,121.69789210421355,123.19962228096828,126.28380096435546,127.03724800109863,133.41117496490477,150,-26.113689531731744,2.562775113784843,False,27
TATACHEM.NS,607.7999877929688,930.1982589199833,-34.659092084448595,1095844.952191235,-6.807731306813958,-4.1249347599227715,-12.691235153723724,-1.0192688590234034,-0.057208381723924284,639.937558862583,648.859710708968,655.4020007324219,688.3644171142578,698.0024896240234,243,-38.56008793486494,-1.269584283583547,False,27
VSTTILLERS.NS,4339.7998046875,6334.462184822329,-31.48905655975237,16101.736,-3.9165847405278287,4.857309205368687,-3.4835326340379447,-12.880052123506525,-0.05617277272593039,4343.086051646288,4301.712490324145,4325.690786132813,4434.5093286132815,4950.981524658203,188,-37.64269349552063,1.5977108618526303,False,27
SKFINDIA.NS,1450.199951171875,4953.039658667183,-70.7210107103784,59033.482071713144,-5.953310559541181,-5.345605751526794,-9.706744709786019,-3.09725627447337,-0.05815378128984631,1510.4514761877813,1523.6862878482618,1537.3540087890624,1561.8045727539063,1614.4210174560546,243,-72.32952540999959,2.612232717206364,False,27
JSWENERGY.NS,485.0,615.2574202859911,-21.171206716278746,2905208.25498008,-4.90196078431373,-10.15190608229254,-11.399346297226698,-0.23584984128425246,-0.06034721120571591,503.4602943345816,513.2217299772665,536.2740020751953,549.577282409668,524.2948054504394,89,-22.780288308806718,22.906120245378283,False,27
BSE.NS,3046.0,4435.115403617064,-31.320840095483625,4408930.119521912,-4.3281627839300345,-3.8510101010100994,-19.687990909776754,3.4981987965210015,-0.05710136052919649,3165.051552016172,3225.0677142175628,3358.460009765625,3646.33115234375,3320.3561755371093,91,-32.35801716561093,52.83113289432863,False,27
KALPATARU.NS,273.5,410.70001220703125,-33.40638133165421,123228.716,-1.547871843742965,-0.5092738914397876,-11.373948609625694,-5.248568930133935,-0.057682541176035364,274.5151048466628,273.6492834040683,277.7829995727539,293.6644987487793,310.9607495880127,236,-39.128319315954485,4.870944777361852,False,27
CAMS.NS,677.25,837.8765073351432,-19.170666074170516,1407138.1832669324,-4.693213725266199,-8.707956825760398,-13.422021671522732,1.5202979497427993,-0.056294000592384,692.5242098594489,707.331604937709,746.3871228027343,759.1373919677734,735.0230810546875,104,-20.62672936037403,28.839937389346627,False,27
AAVAS.NS,1190.9000244140625,1771.9000244140625,-32.78966036428195,174786.56972111555,-5.213307762433916,-5.386504281237903,-21.3408174099034,5.87659785886423,-0.056502377119163,1251.6718906159501,1272.5916155395382,1324.2320068359375,1372.7440063476563,1354.52650390625,223,-40.15463571288572,4.476535764985701,False,27
PSPPROJECT.NS,747.0999755859375,1143.0,-34.636922520915356,167973.65060240965,-6.915026375310096,-12.92541077086976,-32.0200204198419,17.95073362636117,-0.05702297467113063,791.9725264646992,819.2409071907107,891.3440002441406,915.9955010986328,837.9160009765625,63,-36.04112092799924,34.352078239608794,False,27
SOBHA.NS,1213.0999755859375,1724.929636640264,-29.67249505036299,166540.176,-1.189213665114297,-1.3820014907245493,-16.398601163285665,-0.864947711194497,-0.056608810981198375,1220.4779852817708,1230.27614645395,1279.8819921875,1340.892509765625,1371.2472198486328,225,-34.75750608977764,12.079167163032167,False,27
SUMICHEM.NS,417.6000061035156,572.0499877929688,-26.999385540647946,481410.2908366534,-7.138093224853536,-17.33148349021054,-13.519941124443502,6.44799162599905,-0.056568917074608926,442.19968403924554,459.1802285460609,501.73899963378904,489.3756787109375,456.311423034668,33,-28.64259751461381,27.85361247366054,False,27
FINPIPE.NS,150.49000549316406,203.07147405770002,-25.893084594242733,743419.9277108434,-2.304588384637596,-2.957688328745167,-11.83862068496988,-4.08191806734437,-0.06006349936641505,152.28842990328525,153.36280309399115,156.71165679931642,163.19508010864257,167.51949874877928,248,-28.617742632653353,0.0,False,27
ANURAS.NS,1163.699951171875,1413.2033352966978,-17.655165247146854,344436.676,-1.1467890383924262,-6.0566514154970275,-8.19575419459242,-6.305926453381372,-0.06307106026668922,1183.567913564617,1195.475417569988,1215.5696118164062,1255.0988269042969,1273.5855621337892,105,-21.144872513212555,9.86096468269353,True,26
AIAENG.NS,3824.39990234375,5160.600958593338,-25.89235375822986,75392.29838709677,-3.263014195035596,-9.531113377603084,-19.260158311454447,4.428069740833451,-0.06239343692127129,3903.362296933278,3994.586983637466,4283.254677734375,4401.24533203125,4119.615614013672,66,-27.200340958588765,31.08553632877622,True,26
CONCOR.NS,442.0,547.7380341214969,-19.304490017949437,1727443.294820717,-5.211234919387908,-13.16122173151899,-7.701715713920654,-2.0653399641636594,-0.0629001853808425,460.09547635883996,474.21609097104323,500.2044964599609,486.37681060791016,489.70947341918946,232,-23.442816335856808,3.0178053259850124,False,26
VINATIORGA.NS,1208.0999755859375,1727.2817013275003,-30.057733219922746,54855.8406374502,1.0962322666056457,-7.421522199225916,-9.481575518719454,-5.706179775709108,-0.06501625779084098,1206.9415760408044,1233.7164858818169,1286.6444677734376,1301.8585522460937,1368.548756713867,250,-33.791924345228395,0.0,False,26
SBFC.NS,84.19000244140625,123.0,-31.552843543572152,1957129.0836653386,-5.553059212626621,-15.156707051019602,-8.973938386925385,-0.24881407663039923,-0.06378354478196357,88.17418168471328,90.89504628792608,93.74200027465821,92.84179985046387,94.04214981079102,230,-35.28455408608041,9.347602654496988,False,26
TATASTEEL.NS,178.0,219.86575104195882,-19.04150639358525,28173524.151394423,-5.329222446958825,-3.181945014579879,-6.742806856198524,-8.307245895173343,-0.06515051662540752,184.83787582064014,185.35454072592998,186.0524005126953,191.05014221191405,192.12750854492188,99,-20.064858138610152,15.994436404826518,False,26
SBIN.NS,954.0999755859375,1212.8384373028666,-21.333299948203877,12211658.776892431,-2.493615167507668,-6.543250781727073,-8.056276334168466,-5.735860611858012,-0.06269238818089926,973.4477473115307,988.0807637922986,1023.8559985351562,1015.6079986572265,1032.8124346923828,152,-22.998810419392115,26.76027645629917,False,26
INDIANB.NS,793.1500244140625,980.0229061203939,-19.06821570590662,2190720.103585657,-4.43975609469126,-9.74624084759137,0.7942559163921503,-10.516846111963485,-0.06361685448855149,817.8446629179076,833.2432014811941,856.8290051269531,841.3512927246094,852.13759765625,121,-21.506936705671333,5.427393952934256,False,26
DREDGECORP.NS,895.2000122070312,1286.0,-30.3888015391111,451854.2908366534,-10.165578303358636,-15.618815005546615,-16.717834973069923,6.730254808587932,-0.0646356939993099,957.3913931911859,991.4183876065414,1059.9740014648437,1073.0125036621093,1017.1867504882813,85,-31.493001555209954,35.47188463603379,False,26
CERA.NS,5096.5,6663.070811519553,-23.51124362675484,17395.208,-7.209831588529814,-9.99558498896247,-21.544027093596064,7.197489941536395,-0.06304312308109736,5305.97336501853,5451.935537397211,5768.95,5883.309340820312,5463.1366674804685,73,-24.831955990307396,26.512204685263384,False,26
BANKBARODA.NS,230.82000732421875,315.30188105660324,-26.79396439034192,10023466.027888447,-1.4852734452463157,-4.303478339699495,-7.653526648365883,-7.677006539379061,-0.06376083622725921,232.07535494690288,234.35809225875593,240.34780029296874,250.9249250793457,264.57800933837893,150,-29.014058979229993,9.648543849956571,False,26
GATEWAY.NS,51.880001068115234,62.377023562447356,-16.82834783519811,914163.8565737052,-0.9356461213735123,-2.297546969988029,-13.883499584235548,-3.70154827023238,-0.061987431894985734,52.23559980600871,52.71110779410709,54.196135635375974,55.52887908935547,55.66389003753662,160,-24.54902383889378,2.6459780651104214,True,26
NHPC.NS,71.75,86.59303970157107,-17.141146393203442,16112392.478087649,-5.9016393442623,-5.155322468228585,-9.898121548993943,-4.920913653021774,-0.0655903035397884,74.34771911610052,75.17150634108363,76.52418121337891,77.12145088195801,77.33355300903321,111,-18.87338723515738,11.127259102605947,False,26
TEAMLEASE.NS,1179.4000244140625,1872.199951171875,-37.00459057934303,46928.78,-1.0570449317061636,-5.851355441440065,-15.75112480566544,-1.5443692814889998,-0.06619060735753862,1180.4173397651016,1203.2164167072065,1241.1579907226562,1321.0989978027344,1329.2650018310546,215,-43.10437031551414,-4.376917513608158,False,25
VENTIVE.NS,552.2000122070312,793.9500122070312,-30.449020251033264,63702.768,-3.5879507277116973,-6.9273514969764864,-12.792166525340532,-2.687461392535162,-0.06656899886782691,562.6840811392248,568.590155421431,587.5759997558594,609.9280017089844,649.2820016479492,166,-31.658168997615867,5.702899450851362,False,25
DALBHARAT.NS,1682.0999755859375,2308.784934113526,-27.143496532222855,272806.456,-2.2716695732716174,-5.1322543146462,-5.11084662274881,-10.04427751647955,-0.06804582813672864,1695.5478950837767,1721.1109497059015,1787.1599926757813,1764.4439672851563,1882.0682489013673,239,-30.686051738759268,-0.38158570324984264,True,25
CCL.NS,1056.5999755859375,1238.748718225596,-14.70425276407723,341774.3665338645,1.645019296386474,-2.7161403796262085,-11.682607977420245,-7.552244710590861,-0.06904406423749013,1043.430104432926,1059.5886404771973,1102.0308557128906,1121.533939819336,1073.6919589233398,58,-19.967624601528534,12.775114675551812,False,25
BIRLACORPN.NS,828.9500122070312,1328.8254130627743,-37.6178387274814,89209.928,-1.421097854689446,-4.432788923773046,-13.971288495844513,-3.921482765948592,-0.06788647225356344,836.8159325441917,842.441264571423,871.1210021972656,923.1336340332032,948.3252935791015,248,-42.82742408541239,-1.2177945499655118,False,25
SUBROS.NS,684.9000244140625,1167.762980752476,-41.34939746311098,131632.256,-4.888203355823362,-2.6887924589594436,-18.46898655661985,-0.2616515744602199,-0.06671935424144268,704.0431616067813,709.6329831041093,738.20703125,753.740869140625,764.5855258178711,244,-46.95148164147057,5.118599782247402,False,25
ZYDUSWELL.NS,493.25,611.8499755859375,-19.383832690744217,1007182.4262948207,-5.171589570598368,-7.734750743416452,-15.189122591234517,-0.47616566993917697,-0.06811312151089154,517.7367013489899,525.5666285900544,531.9279998779297,532.2705117797851,487.62503692626956,53,-19.915008653755027,24.154986711146687,True,25
NIVABUPA.NS,72.9800033569336,91.4000015258789,-20.153170526731223,1806931.848,-4.137651399091514,-9.599900505063442,-14.802708105398576,-0.28692318276771767,-0.068893269456485,76.31444339729629,78.1197649642178,82.03320022583007,83.3429002380371,79.67585010528565,44,-21.247262412185798,5.569041578812617,False,25
PANACEABIO.NS,359.04998779296875,647.0,-44.50541146940205,539774.984063745,-4.189462897139762,-6.093897721617592,-32.83763483164412,11.836163041533766,-0.06754551066917222,371.35259017063504,378.4323628667662,396.40200073242187,450.44249938964845,404.00474899291993,82,-45.896447018088296,84.11087208808365,True,25
HDFCAMC.NS,2308.10009765625,2903.739155124938,-20.51282934341462,957142.1474103585,-3.033228991757597,-8.615427712015556,-16.77723448011531,0.5706605744008719,-0.06831314555853116,2341.056084730803,2390.4603787850197,2492.292001953125,2561.509973144531,2558.7715576171877,241,-25.66854515890078,3.8007511634019053,False,25
INTERARCH.NS,1666.9000244140625,2742.1363509030452,-39.211628777499854,95104.59437751005,-0.6970065138831583,-0.4835806319962721,-10.64490904331894,-8.162551586600486,-0.06624910125423447,1690.2317586030754,1698.0001308338553,1721.6681323242187,1761.1820361328125,1877.4715856933594,224,-42.08354486453572,34.61200043911417,False,25
MAXHEALTH.NS,940.9500122070312,1219.732372328196,-22.856026981478873,2593405.924302789,-10.043019865484581,-5.3370209047252315,-16.913906206884654,1.0963359006792572,-0.06707343669287198,993.9892950248733,1009.7174732136688,1032.2570007324218,1045.6995989990235,1031.416488647461,237,-26.098703005452904,13.26225377281105,False,25
YATRA.NS,98.83000183105469,202.0,-51.07425651927986,2511368.135458167,-6.0551286140450244,-13.42093691637054,-13.367811847149413,1.011861743887521,-0.06895299101268428,103.23780040898933,105.96662306455042,109.83839935302734,107.59469970703125,119.98479972839355,221,-55.4950487495649,30.206337875779177,True,25
MMTC.NS,56.290000915527344,78.3499984741211,-28.155708983045024,6346913.61752988,-2.898051181299255,-9.355873915222313,-15.046786748066832,-0.8629761787670054,-0.07020206397101239,58.06228875847495,59.509122763636995,62.028799819946286,64.3226997756958,63.375499935150145,76,-29.661771941764204,12.35407246425504,True,24
TATAPOWER.NS,350.1499938964844,462.0369390979878,-24.216017321025205,5329347.8286852585,-3.659380344984231,-3.8049467317350594,-7.25731552970127,-9.125689642978008,-0.06954397896947019,361.1353362819803,363.6764007116814,369.88999938964844,382.22506042480467,385.03090164184573,112,-25.027640739559864,21.60631324535467,False,24
AMBER.NS,6500.0,8974.0,-27.568531312681078,318757.7490039841,-5.947040949211402,-12.339851652056645,-14.63654868999934,1.0336519779280406,-0.07040178241161055,6837.185126881853,6996.714523075752,7238.68,7429.805,7250.43,105,-28.33741921105416,12.32137186408384,False,24
M&M.NS,2860.0,3799.9943064302024,-24.736729337714547,2525198.6494023902,-4.113720896520867,-10.344827586206895,-10.658501698619938,-3.8769999504392083,-0.07228688096655131,2985.6417224057923,3055.5143930169916,3240.25400390625,3158.8914208984374,3247.9231921386718,187,-25.99988912505361,2.712592571001249,False,24
RELIGARE.NS,224.58999633789062,280.0,-19.789287022181924,1346046.168,-6.545443786170734,-9.461421209261811,-15.297001128511633,0.49668902432986606,-0.0693725334929098,237.6179394582182,241.98954806640754,243.9488003540039,246.87240020751952,238.1739500427246,70,-20.32142639160156,23.8178999420257,False,24
GODFRYPHLP.NS,1849.699951171875,3416.4727916478596,-45.85936830248505,713714.5657370518,-6.296861642762153,-8.674833174894259,-12.423863005078385,-2.768791311374441,-0.07199328225328358,1923.1864462734986,1961.4104547010147,2067.969016113281,2125.9634326171877,2142.8926708984377,249,-47.147623510176984,0.9166795994300259,False,24
SILVERTUC.NS,138.67999267578125,1116.9160935696195,-87.58366958143064,636510.0756972112,-5.986036309319697,-20.21172854051142,-24.40542206304226,12.381571465605212,-0.07009947371704846,146.21684896531045,153.22309574449054,176.4153436279297,177.99665084838867,195.72520805358886,190,-91.00630912740624,42.85809103639539,True,24
TORNTPOWER.NS,1242.9000244140625,1817.8039543841724,-31.62628888464891,489410.5697211155,-0.10447892692715399,-0.48042276264786965,-8.428499248403764,-10.882114020029354,-0.0698792782775516,1249.0833159400968,1260.025549000688,1295.9539990234375,1362.8862109375,1404.4808709716797,113,-34.04129212568514,15.367088246298843,True,24
EMAMILTD.NS,372.6499938964844,549.1320296674938,-32.138361311371966,770866.0199203187,-4.571064303076988,1.2498318859076152,-10.581885087826182,-9.176211312850924,-0.070521901046144,380.56619008896996,380.5914820729084,389.1879992675781,397.73699951171875,432.06924713134765,249,-34.23257533982035,1.3441143767407127,False,24
ICICIGI.NS,1563.0,2057.089271774458,-24.01885414278855,788856.3984063745,-0.887761572606216,1.6916070266753458,-12.456593557348604,-9.131550681455035,-0.07140053091712148,1535.3916728979905,1528.898930883698,1573.87400390625,1671.3638342285155,1760.4909759521483,223,-30.81972692617455,6.738240630201742,False,24
ATUL.NS,5861.0,7144.769440445724,-17.967961753649487,34936.852589641436,-4.47396300220031,-9.629172770025441,-8.82507113660499,-5.177485391111847,-0.07091746351651355,6027.357552179535,6137.234784332551,6449.24,6494.5100927734375,6416.6170263671875,105,-18.849725686343575,9.641468150538635,False,24
ADVENZYMES.NS,274.25,417.20001286678644,-34.264143925717214,268806.21513944224,-6.31938514090521,-6.36735892288055,-14.64728010996117,-2.1203746483886454,-0.07147744191010441,285.6720687206483,290.04670697991133,300.50800048828125,325.73389556884763,312.51753326416014,103,-35.28283996333143,33.83612311139934,False,24
KFINTECH.NS,832.0,1198.7685004367224,-30.595440262494822,1030185.5657370518,-7.344508192046861,-10.441334768568355,-4.402509724738035,-7.032087751583571,-0.06956305790973197,870.6260211974387,889.7313425014863,924.9250012207032,888.9568969726563,927.093500366211,234,-35.395062913969596,10.072153106520275,False,24
DHANUKA.NS,935.0499877929688,1565.7846085586802,-40.28233623693036,54448.6265060241,-3.363992208997102,-6.091194503415531,-14.081918148926121,-4.373713215374853,-0.07528698852410594,952.583786924069,965.5149620481599,991.1249963378906,1035.0161602783203,1051.471005554199,248,-43.29424250629472,0.0,False,23
RAILTEL.NS,257.20001220703125,396.5816646357411,-35.14576311961659,1552976.717131474,-1.6631526625727644,-5.284469243606815,-16.546637924461606,-3.913012051104836,-0.07752405312759054,260.97751617869346,263.7130583552324,274.8549694824219,292.6695230102539,306.10507682800295,247,-38.49225069850816,0.8773171729982154,False,23
AADHARHFC.NS,448.3999938964844,563.0,-20.35524087096192,386295.0876494024,0.38056450481251947,-5.679427923147829,-19.424978634953394,-1.7313158246387572,-0.07617849054489835,447.03381614402497,455.12615072283717,475.86100036621093,486.35899963378904,481.566749420166,63,-24.103021706399865,11.54540124437582,False,23
VGUARD.NS,294.54998779296875,382.1809668907202,-22.92918451975354,546796.848,-4.552825026786933,-13.67233960875608,-3.1412367874102842,-8.670896538463758,-0.07600480076038497,308.29134370293775,315.5514567227034,322.2572625732422,313.1177212524414,318.03056533813475,232,-24.791668390841902,4.151921014282722,True,23
DSSL.NS,948.75,1923.9611771253476,-50.687674404243545,126246.48995983935,-7.176399309068405,-7.05818854374648,-27.924392277979106,7.407904144150268,-0.07543433665389761,1000.6217873837641,1024.1726950665632,1108.2124853515625,1254.5178564453124,1121.686600036621,92,-51.087891014567056,113.7491603662136,False,23
RUPA.NS,130.5800018310547,205.4165398473348,-36.431602865036325,218434.844,-3.985292771283322,-6.790032556047265,-22.912900412716432,3.202156059884498,-0.07349543488198915,134.02054342933852,136.69123554701707,145.78055450439453,150.79100555419922,146.55966510772706,249,-47.97045779408702,0.0,False,23
GRINFRA.NS,790.2000122070312,1306.4560020406548,-39.5157578232442,69858.01992031872,-2.4805597789386957,-9.577756021136508,-12.602998300074919,-4.119397100202516,-0.07592265512224654,811.5821765187944,827.2674161468993,862.0529992675781,884.1799975585938,909.6516232299805,246,-40.67921163900908,3.559323641091927,True,23
GULPOLY.NS,161.75,225.86168963286522,-28.38537590729876,319846.848,-4.515935166537888,-13.760928713240528,-17.846904877323876,2.6745393401211848,-0.07488034986450584,168.04769889575772,172.51966552888445,184.8089437866211,188.0046971130371,170.9628092956543,39,-29.664919770778255,-0.7412780193047697,True,23
MAPMYINDIA.NS,845.75,1992.1530909053106,-57.545933399342374,326055.1,-4.196872259320605,-13.927333501543393,-10.434263097309627,-3.5716189480731075,-0.0776408043466287,875.8597266196269,903.0287702348808,986.2752844238281,956.3396447753906,1069.6904635620117,242,-60.21021203648602,16.78849496975485,True,23
DMART.NS,3813.0,4644.0,-17.894056847545215,499004.6972111554,0.6732673267326739,-0.010486766507344925,-6.1923377911156425,-14.621585311240482,-0.07641106082459088,3788.194843679913,3790.117694295422,3863.1259912109376,3998.5940063476564,4003.957502441406,119,-21.40396210163652,18.400185659792044,False,23
BHARTIHEXA.NS,1379.199951171875,1934.317756973946,-28.698377182376667,177270.88047808764,-8.492569277253336,-9.920973603041938,-4.944132496622721,-8.41546369348346,-0.07682876874713923,1454.6023733545808,1486.4393232278692,1543.975380859375,1526.2736779785157,1561.8693029785156,233,-29.401466193316285,16.796833027259606,False,23
GILLETTE.NS,6899.0,9440.291959091537,-26.91963310143315,26809.235059760955,-3.083514785418273,-6.084944187312824,-10.522371098093187,-7.351651616581211,-0.07622712292064833,7037.871900406648,7143.668820340606,7395.5773828125,7559.097724609375,7767.988981933594,250,-27.33275591764479,0.0,False,23
FDC.NS,335.8999938964844,470.40150899268315,-28.592917438598363,176718.588,-2.8348330820069156,-1.3799213513821296,-21.96538869304797,-0.2968239887553237,-0.07267813781893637,344.64997795918055,347.17539625820734,359.1610009765625,380.8709994506836,376.3459582519531,248,-33.471724425973505,0.9320455159344432,True,23
KANSAINER.NS,175.27000427246094,260.8927950067185,-32.819147317599395,440915.1646586345,-2.307563293653059,-10.034905203151324,-17.247402385716683,-1.555587799486824,-0.08034193205505305,180.31230232469102,184.35734844882336,195.28060028076172,202.24355560302735,203.49062675476074,192,-40.1856042357826,-2.917837314852234,False,22
VSTIND.NS,201.13999938964844,273.7888347519297,-26.534623089398725,348339.94023904385,-2.6851821501773676,-3.107084667867921,-21.489100121549175,-1.1198170066661683,-0.07784591987722542,204.20389433084355,205.9122180732532,212.10760009765625,228.66175491333007,228.49121459960938,119,-26.91447542599058,10.548502825580597,False,22
GANECOS.NS,976.2000122070312,1263.6510864598436,-22.747661702892618,328735.332,-3.7278094470383327,-4.395895124239136,-4.68891902367119,-12.962843645533638,-0.07843773134866475,1006.1040114026122,1014.7728317419765,1060.3358837890626,1026.8112353515626,942.6413967895508,51,-26.205895757789698,29.492669281504003,True,22
NCC.NS,130.05999755859375,213.9474194024461,-39.20936372037084,3014743.916334661,-2.518363556036707,-8.749036222200857,-12.200729558211743,-5.854245930418656,-0.08003560839674828,132.51691670697073,135.8495793127623,140.774912109375,143.47504623413087,146.777869720459,230,-40.803211424745555,1.7302051058081913,False,22
BORORENEW.NS,449.6000061035156,721.0,-37.642162815046376,650842.7051792828,-2.207720260246737,-9.309126353299924,-28.063999023437503,6.616076141536142,-0.07855366547101453,460.387639489064,473.9341286002347,518.1540026855469,543.2840023803711,515.7497512817383,224,-48.07212289923933,8.836465413834471,False,22
HINDCOPPER.NS,462.1499938964844,755.9652099609375,-38.866235137941764,15653181.215139443,-6.768210103762229,-10.950491027620423,-6.206346606035817,-8.028662237218242,-0.07940288092598351,485.0477438276348,496.7186325988512,515.3271514892579,514.4946459960937,526.4788578796387,170,-41.26510268243748,124.4683961881599,True,22
BOMDYEING.NS,102.62999725341797,180.14427082023244,-43.02899737742237,894194.1314741035,-6.385113723773039,-9.862992531823878,-19.044737801045166,0.9262886279651772,-0.07954015767869557,107.45278880781238,109.33422795169707,113.84167739868164,120.2374382019043,118.30746070861817,249,-49.10096939863276,0.13521186628171478,True,22
LTF.NS,264.3500061035156,338.6000061035156,-21.92852884276102,6533676.278884462,-6.258863083859712,-15.489125185490881,-21.23063131829115,4.915026083957019,-0.08126890307388684,282.57837167019545,292.88339332613964,307.8259973144531,300.1930648803711,291.55253395080564,62,-22.696398321983878,20.306733631994554,False,22
SANOFI.NS,3037.39990234375,4756.042904691189,-36.1359860873465,22229.368,-3.0421058611909246,-3.800595544166685,-11.84955320004758,-8.956625640572302,-0.08201845911195625,3081.062513070701,3106.1926322982968,3206.899990234375,3251.711984863281,3488.693291015625,232,-36.8992215209818,0.4076784313851167,False,22
GRAUWEIL.NS,81.80000305175781,114.80462646484375,-28.748513391307306,520940.48360655736,-5.640788155420329,17.56597405052478,2.306192528035056,-28.748513391307306,-0.07858431603549484,82.65502940475723,80.02311220293475,73.65197494506836,73.66953262329102,,121,-46.28892719564852,0.0,False,22
GHCL.NS,401.75,649.6824619687275,-38.16209863775909,171661.6454183267,-4.640396002711455,-7.664905914890118,-6.450113265726842,-9.798318086334323,-0.07851381997500953,412.7987219924522,418.96484626530196,430.8269989013672,432.9651416015625,462.6729803466797,232,-39.047146385943,6.775738206757564,False,22
MFSL.NS,1392.0,1892.5,-26.44649933949802,767797.6693227092,-1.276595744680853,-7.50830564784053,-11.99899121059822,-6.652357458429215,-0.07889961050587344,1443.6376186925734,1474.7551826843242,1515.9580004882812,1564.6410046386718,1618.1670001220702,153,-28.966972320838835,11.842105263157897,False,22
ORIENTTECH.NS,229.25,466.7272644042969,-50.881378165768574,1490344.203187251,-2.529760640069878,-3.008123452357181,-10.585441358023218,-9.949721756960416,-0.08010121864669556,233.8804700736618,236.6194052608069,246.7367999267578,254.39290100097656,280.757982711792,248,-52.69185670274182,11.125485122897793,True,22
MARATHON.NS,388.1000061035156,676.4127737312596,-42.62379109686821,122082.17928286853,-5.525799017524136,-10.318258925061185,-7.492717847014118,-7.7777972768866,-0.07975165951623525,401.342596272973,407.65725484584414,401.1137664794922,411.76267486572266,441.7549206542969,238,-49.2589040201514,9.14918499216113,True,22
PLATIND.NS,202.0,300.25,-32.72273105745212,103063.32669322709,-5.311021297429797,-12.055379923847553,-17.685409525638185,-0.06925862771898217,-0.0827550442329154,209.64253279467044,213.97557581772546,221.01160064697265,223.28810012817382,225.50065017700194,250,-38.8842631140716,0.0,False,21
CHOLAHLDNG.NS,1369.5999755859375,2062.371871375786,-33.591027176282616,220649.01992031874,-4.397598846407414,-8.01880620645148,-18.649107263852837,-1.8558471620082728,-0.08380592169890198,1418.4938458352017,1454.973212018566,1520.0996875,1553.2226879882812,1606.1369903564453,228,-36.773252632936874,7.136652314359315,False,21
UGROCAP.NS,82.3499984741211,192.5,-57.220780013443594,481580.2248995984,0.14592619760289693,-3.0263774731969395,-15.814763104647266,-7.813727990439901,-0.08460603002449238,82.57464016273813,83.70086531819443,88.51459945678711,92.72579971313476,110.18354999542237,247,-58.857144442471586,0.6517569518774025,False,21
VIKRAN.NS,58.27000045776367,118.0416404738854,-50.63606349095524,4362469.290836654,-4.459749378336964,1.022885141238361,-23.528847825164068,-2.344354698628315,-0.0823779413658657,58.44669611481742,58.62706169988737,62.53140426635742,67.04358402252197,72.08721063613892,218,-56.84121788272015,13.396438250310162,False,21
MARSONS.NS,114.26000213623047,175.39999389648438,-34.85746515837215,2071814.4609929079,-8.128970320079375,-6.984691026902623,1.1598098480592123,-16.194803282038706,-0.08339813595786182,120.5449992286394,122.1082267502416,117.89820022583008,121.05660026550294,,105,-42.844923894829535,23.256823142872342,True,21
SANDUMA.NS,177.6699981689453,272.33215508462166,-34.75981633026846,2934536.661354582,-2.9708931370615255,-9.812183670586139,-15.577712996092675,-3.2822681681621058,-0.08245747213916026,183.1306575450538,186.9152699447769,197.20370727539063,205.0548001098633,208.6060641479492,187,-37.54212581763986,26.838912494470502,False,21
ASTRAL.NS,1344.0,1765.9224658214252,-23.892468326754457,743147.6015936255,-3.4482758620689613,-9.616677874915936,-3.0875588205780957,-12.844682539525476,-0.08332303823173702,1382.6965186686075,1408.301593728196,1460.941435546875,1464.3344860839843,1502.2784979248047,142,-25.843842031787247,21.380421135752048,True,21
CANTABIL.NS,224.66000366210938,319.6677867610962,-29.720787340386877,223409.1008064516,-5.8108336248893,-7.134587730437392,-14.609473938908035,-4.985626829316303,-0.0838509382197534,233.72924924404592,236.29742468739406,238.10516357421875,235.49444366455077,248.42157432556152,162,-34.97447195971165,8.966209235026646,True,21
DOMS.NS,2097.5,2750.437480198048,-23.739404545600962,119269.61847389558,-0.5452821242294958,-5.899506505159269,-9.06819176482978,-10.839439882189705,-0.0829066299577962,2097.122313907196,2121.939990160486,2189.127568359375,2218.8148754882814,2298.012275390625,163,-26.5571381082784,-2.4637333982421628,False,21
BLUEDART.NS,4496.7998046875,7036.0,-36.0886895297399,53650.116,-6.179849683131655,-11.913813816111652,-7.318784492745123,-8.215459678848402,-0.08482566950898393,4695.5753716029785,4787.229979191905,4978.74599609375,4919.091987304688,5163.762492675782,231,-36.61171119954519,17.748460861917327,False,21
GICRE.NS,323.8999938964844,402.400829796409,-19.50811978684075,725010.6135458167,-4.52468860825811,-5.354954756362618,-6.5900844570525585,-11.921509430204368,-0.0826908892129585,333.3229921159518,337.63677061277843,342.21460876464846,350.3795440673828,357.8243376159668,120,-21.272531184080613,1.832750752723511,False,21
BEL.NS,383.1000061035156,472.8081629796919,-18.973478865260073,13828627.824701196,-2.2704066062460115,-5.582253578924057,-9.853106351455388,-10.32723069873196,-0.08430315561338814,390.4258452981466,394.6950915668534,400.67448364257814,406.9862072753906,417.4115858459473,145,-19.914666550977422,13.182794670012242,False,21
OLECTRA.NS,1096.199951171875,1577.2018560437346,-30.497168325581892,659499.3944223108,-11.881032863997188,-11.473514817128184,-25.854873026634163,6.890948633109906,-0.08482888704571642,1170.2905487778125,1199.055584869012,1273.7837255859374,1311.085682373047,1208.4008114624023,249,-45.08238388421043,1.139082686924886,False,21
SPANDANA.NS,216.33999633789062,319.3999938964844,-32.2667500087664,309889.91633466136,-4.1088623054751245,-8.322739107226973,-30.33649819940877,6.471772104179396,-0.08587674670143779,225.13973029776324,229.50343068730402,241.86960021972655,255.073798828125,248.13034957885742,63,-32.99937254558743,12.099768675368772,False,20
ORIENTELEC.NS,154.4600067138672,215.64378647408492,-28.372614282383,612360.628,-5.805579498544333,-13.0586493695937,-12.714481413946121,-3.8712677044227095,-0.08555139329726094,161.75666154053476,166.67514197655007,175.86479949951172,177.60126663208007,175.78576652526854,230,-31.181035018015855,4.902055971947394,True,20
ASIANTILES.NS,47.95000076293945,79.05999755859375,-39.34985802725043,4550193.749003984,-4.766629163683477,-4.405899304616279,-2.895909830385024,-16.259164917042323,-0.0873028169322404,49.81529555811046,49.9534041733324,50.90559982299805,53.30270000457764,61.08035003662109,117,-46.2433578137895,4.823832130270644,True,20
INSECTICID.NS,568.7000122070312,775.0,-26.61935326360887,28090.47389558233,-5.789780633398589,-4.955287806249409,-14.365301443466338,-6.57138150120411,-0.08508178658111287,592.5943293076793,599.0821640463262,612.9799987792969,653.6484967041016,650.2867944335937,90,-27.606453188004032,33.40888850670227,True,20
TCS.NS,2075.0,3287.1616459496977,-36.87563243028441,3740946.645418327,-0.5749880210828895,-11.626916524701869,1.3985730326944612,-16.73886576297301,-0.08658856502429527,2092.875413970656,2143.84354939573,2275.594011230469,2224.870720214844,2463.761953125,167,-40.19093885631243,1.41229046153577,False,20
INDOSTAR.NS,206.35000610351562,292.0,-29.332189690576836,158120.43027888445,-5.322317507295615,-20.959895692938492,-20.05036760024126,5.076892235873309,-0.08708564275040313,218.91476783251971,228.22266074770945,244.02780029296875,243.66550048828125,230.7913503265381,46,-31.56164508976348,21.25359015964041,False,20
DABUR.NS,374.25,527.1610207391882,-29.006511241057897,2067724.187250996,-2.968631538669808,-1.253298153034299,-15.707564920905115,-8.483952484940826,-0.08653373254721705,382.0267110413046,384.1693752341144,396.1170007324219,412.8260321044922,443.49949172973635,187,-30.182624793296185,0.4916594675262731,False,20
RIIL.NS,666.8499755859375,959.630048784558,-30.50968168091943,99900.932,-5.202933539835097,-11.051091806333668,-17.703321531294737,-1.356697857707212,-0.08584187317721549,690.1821878494727,704.7290664483919,731.9210021972656,759.9673175048828,750.0853073120118,246,-35.95954711981661,3.5328302599776817,False,20
IXIGO.NS,161.89999389648438,339.1499938964844,-52.26301140789653,2249845.4462151392,1.6257588209038998,3.503385623122335,-24.94205091002726,-5.1163398795679775,-0.0866589821812051,160.8359402339409,162.41026038928513,171.8791989135742,177.78839904785156,186.66044921875,241,-55.397314759017306,17.161311083773633,False,20
VIPIND.NS,280.75,447.29998779296875,-37.23451650753361,602757.24,-6.712082202254621,-7.769380542276516,-7.159389660535331,-10.403703675929133,-0.08534382697213018,294.0425405640576,297.7613851562715,303.1419995117187,305.42600006103515,326.14050003051756,239,-37.88284961185433,1.473912349219475,False,20
TRENT.NS,2580.0,4900.758325863586,-47.35508612240401,1275552.5577689244,-4.444444444444439,-9.546683173812664,-22.842276382399362,1.3789800704839372,-0.08654871965733212,2677.910495298239,2737.96642829241,2876.39599609375,2908.7421484375,2845.7527087402345,249,-55.508012683129735,-0.7974003254670348,False,20
RUSTOMJEE.NS,361.25,634.0,-43.020504731861195,142983.2449799197,-0.7554945054945028,-4.721085107381395,-15.812166193991517,-7.336156382134707,-0.08697878883077068,360.3023812842884,361.09351802206794,372.8390008544922,387.9360006713867,417.79950073242185,245,-47.649843233993,3.1941462297208734,False,20
VESUVIUS.NS,404.1000061035156,606.1323605842241,-33.33139222033591,189234.552,3.1261961998704013,-2.1312637256117095,-14.222033354267882,-10.435692909906958,-0.0855452029537845,402.26515554964624,406.1263305052995,425.34299926757814,446.02099853515625,465.37101501464844,154,-36.81248108402539,15.959988192283658,False,20
CREDITACC.NS,1239.0,1634.0,-24.17380660954712,531979.3386454183,-5.786630446254204,-11.714409402458259,-21.933084300969973,1.3331192834760808,-0.08968222502017632,1297.054200490938,1342.7314344829892,1448.9499951171874,1424.9930017089844,1349.215001220703,44,-26.003673464752907,26.012662090832684,False,19
LAOPALA.NS,156.11000061035156,244.20002961981203,-36.072898576877854,133215.52589641433,-2.5591448297222597,-9.169718365378532,-11.614545051176496,-8.30488220547425,-0.08896174553590583,158.63057510906975,161.8403013694948,172.6426837158203,173.43612930297851,179.69034240722655,249,-37.34235219174511,-1.7726504690028455,True,19
LINDEINDIA.NS,6247.5,8035.3727195912315,-22.250028492544928,41565.008,0.8230452674897082,-1.6528925619834656,-13.003474590180986,-11.80813018799829,-0.08872568437901333,6238.004650427216,6281.614574659554,6526.91779296875,6808.02771484375,6731.33861328125,105,-25.02525756756093,15.668065158633059,False,19
IPL.NS,130.67999267578125,212.8159909496895,-38.59484332327523,473098.256,-1.0674568106600169,-4.228658410780028,-18.75427016490212,-5.987495068435944,-0.08973756440067021,133.01134552873646,134.47940358343328,139.29436584472657,149.5819873046875,153.11888660430907,249,-41.577865527872945,0.0,True,19
THERMAX.NS,3360.60009765625,5256.332008959298,-36.06568055579093,202469.58,-1.3358386041358195,-10.44370159477015,-29.048873690356803,4.994873831261359,-0.08939036753970109,3431.730971948102,3539.5515462144526,3854.8719921875,4277.08775390625,3791.7992358398437,68,-37.80643817620075,22.615918458359374,False,19
HMT.NS,58.2400016784668,72.94999694824219,-20.164490589646068,15708.302419354839,-5.638365964693159,-9.38228610480274,-14.766573806825479,-5.546542616621252,-0.09088883006126008,60.86481228954186,61.8920318422666,62.07840003967285,61.46910011291504,57.56560005187988,70,-23.454417424847584,14.315887922534753,False,19
NFL.NS,63.849998474121094,96.82798291770169,-34.058320177556546,1358969.9123505976,-4.301562790876378,-7.372576442181266,-13.213717732595764,-7.754837280332172,-0.0897072179943549,65.87288660697561,66.89992488386751,69.01852767944337,71.3986555480957,74.32054141998292,241,-35.554427793194066,0.6601631342660674,False,19
IRCTC.NS,454.1000061035156,725.6811828531856,-37.4243101745983,1277757.6135458166,-1.5394635549854319,-3.812334895052305,-10.68221017628439,-11.9366753874119,-0.08895746542359081,458.68353431950925,464.210953606706,482.4439984130859,498.1762496948242,543.4354055786133,233,-38.536964749940154,3.272093893438366,False,19
COLPAL.NS,1735.0,2278.1147610448475,-23.840535618835556,412115.98804780876,-6.458919865988544,-6.795594950308892,-16.570498243610444,-5.131170251500727,-0.09028628550344056,1812.5371493939563,1835.7436686372466,1915.5320141601562,1982.0888549804688,2021.3161834716798,240,-24.670170048902374,3.676771536453227,False,19
ESCORTS.NS,2667.300048828125,3923.3920175282797,-32.0154591508673,118838.01593625497,-5.512057065375798,-11.66125272913715,-10.571314909963636,-7.296668266697848,-0.0897351803203324,2765.8579086890513,2828.7906539621767,2970.712001953125,2919.1057080078126,3135.2304113769533,186,-35.002668959325604,11.272044719039954,False,19
SUNTECK.NS,279.45001220703125,469.97910852813845,-40.53990759670116,373156.2390438247,-1.6194246729875683,-4.924214146754902,-17.099751788616647,-6.614946861796211,-0.08922689577953215,282.25493115868244,285.91490275712374,294.74022216796874,299.6279278564453,333.15281631469725,230,-42.85916481819741,5.036872516696667,False,19
PARKHOTELS.NS,103.55000305175781,157.25207671824407,-34.15031126279291,273359.47410358564,-1.596503137491434,-8.566794142025802,-15.446709677676584,-6.416969531488636,-0.09073809858052734,105.1991681377116,107.18491110605693,113.26771560668945,116.80243614196777,119.51627784729004,246,-39.946959864176065,3.489866712935674,False,19
JYOTHYLAB.NS,182.91000366210938,319.32386836316425,-42.71959543779313,638433.7888446215,-5.159181228224119,-9.490817469120373,-4.245628954538128,-12.747785410557489,-0.0878688446723092,189.3125527456296,192.85391235246553,200.30600006103515,199.66115631103514,221.13768371582032,238,-43.6277671852227,2.1829232708028057,True,19
MASFIN.NS,272.8500061035156,357.9301909358125,-23.77004985521165,152968.50597609562,-2.6752273360859946,-7.335712415704842,-14.30101365547829,-8.603007690504594,-0.09466172389594893,282.48206803293937,286.95285715204056,297.9378503417969,304.7500939941406,310.66702499389646,108,-24.859646093597632,10.020615311953108,False,18
VTL.NS,529.25,682.2146139481268,-22.421773269101752,591088.545816733,-6.094743980467021,-9.907228019006354,-19.356618630066404,-2.4512091912779255,-0.09378389267379064,546.2711682670712,558.237235813908,582.0565710449218,602.1389624023437,554.0788772583007,63,-24.283359337088996,9.27927640431534,True,18
COCHINSHIP.NS,1287.0,1879.1292894779915,-31.510832851872618,1248327.3944223109,-6.058394160583946,-11.931071185104724,-14.468372187657286,-4.417771899881795,-0.09099674069329243,1348.7041734658872,1382.2296433835909,1441.487314453125,1449.5863671875,1486.2243280029297,250,-36.90346078001559,0.0,False,18
ITC.NS,255.89999389648438,406.5707952146441,-37.05893366950149,18001031.665338647,-4.514927650565537,-3.9053677706398227,-11.222898908418255,-11.921077257764424,-0.09367866894815764,263.5783808465723,264.72603386992364,271.1009991455078,279.1759973144531,295.84041381835937,231,-37.3663831997463,3.9698337913626647,False,18
CHAMBLFERT.NS,399.29998779296875,509.57107345718725,-21.63998142910346,824936.5258964143,-4.519374429072465,-2.9529770454713056,-14.992719237111963,-9.841340059955272,-0.09476884647117205,412.5594247635001,415.9743487545984,426.94844116210936,442.5183044433594,441.32365707397463,249,-22.59405776151092,-0.5291489385891635,False,18
SWIGGY.NS,238.0,459.95001220703125,-48.25524650864186,13607086.749003984,-11.011408062391181,-11.094512832544112,-4.175220566515958,-11.622721578818417,-0.09221698174230095,259.3716524580673,266.4137520471853,275.80059997558595,265.8477995300293,289.8738991546631,241,-48.79878383523175,8.348432350711832,True,18
WAAREERTL.NS,808.7999877929688,1358.0,-40.44182711391983,616301.9402390438,-2.823501182826582,-5.209494545213156,-19.442232291536975,-5.591224901545456,-0.09393408675404563,822.7986054110868,831.9864343058667,867.267001953125,925.6210015869141,924.6737493896485,235,-42.59941089837997,27.06523073457978,False,18
CAMPUS.NS,205.8300018310547,285.84084278783837,-27.99139555300384,606010.8525896415,-2.427113150631488,-6.80943252529752,-11.112690389849455,-10.764402516380645,-0.09244165943629748,210.11717059138857,212.73197373901687,218.29697357177736,226.3847508239746,237.87485427856444,241,-30.19192382026429,3.3158159161301937,False,18
HUBTOWN.NS,177.4199981689453,339.0,-47.663717354293425,698608.3505976095,2.330137946912303,-1.7608016761348377,-18.476315678768252,-8.71578636973107,-0.0914835579205864,175.29979806061058,177.48974556149142,183.07239959716796,193.542999420166,204.16380020141602,220,-51.16519084018943,7.579462102689494,False,18
ASHAPURMIN.NS,489.95001220703125,921.4245512973316,-46.826898467465426,716737.1155378486,-4.072440096518603,-10.663391018863722,-23.799506383786607,0.5413496467174372,-0.09463234269873613,512.40443867165,528.0159221028373,590.83,633.6392749023438,638.9130076599121,185,-50.794681432964,39.37452170431088,False,18
SHREECEM.NS,21900.0,30121.125232344428,-27.29355284349233,29513.438247011953,-2.0134228187919434,-7.5168918918918965,-17.548163820080166,-5.966058114566131,-0.09355593052108076,22257.05576249944,22623.195387786785,24166.0,24766.7681640625,25163.81384765625,241,-29.10291419967026,2.8444174116482035,False,18
TATACONSUM.NS,957.0,1271.9371979227803,-24.760436162815978,1494055.0876494024,-2.9706973695227346,-5.434782608695654,-14.393060282684655,-9.124499559865384,-0.09351744167442956,974.1291395136324,990.5870688623149,1037.9979956054688,1083.7098876953125,1107.9255374145507,102,-25.70387896955183,16.731878656956802,False,18
NAVNETEDUL.NS,123.87000274658203,164.1333558091885,-24.53087787312056,208992.788,0.38087618710811455,-7.525191811355569,-17.469514445373658,-6.536830876905353,-0.09322537427934541,123.71422582461406,125.79202998788234,131.20979949951172,137.21427520751953,139.65625301361084,162,-26.763108049160834,13.875601980424301,False,18
STUDDS.NS,399.8500061035156,596.0022160423393,-32.91132224999802,173710.0701754386,-3.0078820852600052,-7.741114043712239,-13.10694987357608,-9.634739727916964,-0.09634991870508058,405.2497909903536,412.5024489435419,428.4214862060547,445.33841888427736,471.8085693359375,220,-34.70661963632035,1.9900120509422914,False,17
PREMIERENE.NS,878.0499877929688,1134.0,-22.570547813671183,1666727.0717131475,-2.221604922831988,-12.195001220703128,-14.160722765068535,-6.848615485707487,-0.0964882376022738,896.682013075127,923.1596239408996,986.1470031738281,1018.6735009765625,933.6494790649414,59,-24.726633546213627,13.814178785507302,False,17
RCF.NS,106.80000305175781,154.10414270944614,-30.696215446250118,2003794.266932271,-1.4760133317333168,-5.10882107971915,-17.181919714828954,-8.069885193826332,-0.0955189554109638,108.79636666258027,110.26931955325016,116.60970794677735,122.20368751525879,125.02514240264892,220,-32.05449165892607,2.824273489653306,False,17
JINDALPOLY.NS,653.7000122070312,1026.449951171875,-36.31447773359855,181299.99601593625,-6.587593082321675,-4.743167620104738,4.092358631692883,-23.22508628397516,-0.09669719756335315,685.9423259046808,687.66193048884,663.8549975585937,668.3044982910156,641.7712486267089,136,-40.96156375591977,164.91388442667994,True,17
DBREALTY.NS,91.69999694824219,164.60000610351562,-44.289189825076434,1676540.278884462,-8.501301305812504,-10.806342645830448,-20.038370505564473,-2.071766824061627,-0.09851616541041332,96.76897352855845,98.53138484430794,104.95379989624024,109.99070014953614,110.36339984893799,250,-49.27096178387289,0.0,False,17
ROSSARI.NS,427.54998779296875,689.6347499019316,-38.00341588735664,107651.86852589641,-4.244123674587064,-10.216300539049872,-19.41202700585274,-3.6229222112889037,-0.09740449461540064,435.9470004903353,446.0968032866665,477.87,500.14527252197263,502.4397003173828,241,-45.67578974953036,4.303661605753595,False,17
ORKLAINDIA.NS,537.2000122070312,760.0,-29.315787867495892,215463.23144104803,-1.6027108351234665,-9.087833810851553,-11.03013861086286,-10.904718246763023,-0.09648766727646725,554.2996278467409,563.8423096375461,569.0659973144532,590.0334973144531,594.7709979248046,228,-30.256580553556745,0.0,False,17
NAVKARCORP.NS,85.06999969482422,131.36000061035156,-35.23903829205642,580187.4342629482,-3.1314051577730484,-10.893475848855038,-21.961289764482604,-1.3566769456482608,-0.096228933931524,87.33942683738358,89.65017975539938,95.70100036621093,99.28420028686523,97.6204500579834,242,-43.62819525906545,-1.3039978027343802,False,17
CHEMPLASTS.NS,191.55999755859375,412.6499938964844,-53.57809271974745,472451.2669322709,-0.5657910056702686,12.795145435584377,-7.5884009055015795,-24.329448083287495,-0.09505849518415625,188.82118409705419,185.1309431970436,183.61399963378906,196.61089950561524,226.62834938049318,234,-60.98388407091853,3.0612260182570905,True,17
POCL.NS,437.0,644.7480375604595,-32.221585093382856,764524.6374501992,-6.79321866031577,-8.402967388471062,-23.333160935399068,-0.38740044907565885,-0.09514823803975772,458.37002377044075,465.270744549907,485.9603466796875,514.7661795043946,506.5794155883789,100,-33.67951801428808,46.620462785676466,False,17
CENTURYPLY.NS,666.4500122070312,857.8455599050699,-22.311189407941757,92686.528,-4.004319451633953,-10.836146127856772,-14.195195469642874,-6.853675593570063,-0.09567690049055638,688.898740038186,705.4622037788521,743.6095141601562,753.8616143798828,756.5943896484375,167,-27.997670208857517,4.581008620831439,False,17
RAMCOCEM.NS,830.8499755859375,1211.1945755050306,-31.40243587703496,258687.38955823294,-4.729962292715973,-5.083680955175995,-12.076675937835502,-11.086716056962675,-0.09547421624442516,855.764887660172,866.4048430500634,894.144189453125,897.318828125,966.1444006347656,162,-32.61610967224211,18.03488018778763,False,17
GREENLAM.NS,213.6199951171875,278.54998779296875,-23.309996597106377,150536.80722891566,-5.894275278772021,-11.749154229633497,-18.074786148729626,-2.820569153350294,-0.09489921879762908,221.11902609810105,227.61187493348297,242.72279998779297,244.51797149658202,239.68320831298828,40,-25.54298941465628,13.271053891766948,True,17
RELAXO.NS,285.3500061035156,449.67627748624506,-36.54323779349377,647447.876,-2.1768960705455087,-16.694680561415908,-27.992609776174724,5.648969486439759,-0.09694820857614246,295.4167827005295,308.78192057066997,354.55125,354.84411254882815,345.10572372436525,246,-47.9934010289133,0.15838419490397104,True,17
BAJAJELEC.NS,299.79998779296875,555.940065373127,-46.07332580145061,331677.9003984064,-6.735113887666833,-7.354764481349719,-7.208064712810414,-14.17174743697217,-0.09975582673668619,314.61206912243125,322.031571011547,336.9859985351562,330.72021850585935,364.0587457275391,241,-46.75685052464505,-0.16544226484959124,True,16
ICICIPRULI.NS,448.04998779296875,704.3556293706895,-36.388669429208434,1485714.0079681275,-3.54144503918864,-10.300302744150402,-7.637604173239443,-12.976900060695728,-0.0989624632899907,460.98286254026976,470.92588038236914,492.6259973144531,495.1563919067383,549.805101776123,181,-37.27600527766103,8.06375745810104,False,16
SCILAL.NS,36.650001525878906,54.244129857072295,-32.43508261179985,542547.972,-1.7162761435651874,-5.850767499880205,-15.138835095095404,-10.109571402734952,-0.09927260203955163,37.242006603184535,37.79408387012881,39.201052780151365,41.528074722290036,42.940960807800295,105,-33.26466687119375,19.39922414101232,False,16
GRAVITA.NS,1412.5999755859375,1913.5999755859375,-26.181020400911926,265367.34661354584,-6.783690588092284,-19.238465765072952,-20.250666931302806,1.2979545059833342,-0.10082080488821327,1502.4485914907712,1569.0614623037523,1687.0719995117188,1690.277999267578,1653.6240014648438,192,-33.79493935109702,10.576921464625011,False,16
JIOFIN.NS,212.5,316.1097009027144,-32.77650151413771,13879492.442231076,-6.470069166238124,-10.299702205626138,-11.250976698729298,-9.489799307226255,-0.09878160090258331,222.19445566938234,227.03494681289789,239.3073275756836,238.2180955505371,247.93180557250977,221,-34.04188501504807,3.4139787780766317,False,16
BRITANNIA.NS,4778.0,6168.271363350723,-22.53907588455222,339214.3625498008,-2.3901940755873374,-7.295304617772603,-10.94372578512155,-12.349789525966525,-0.09921113877036329,4891.261224703009,4974.767244792144,5231.7707421875,5211.772485351563,5476.785676269531,185,-23.203767782570917,3.9408481930573336,False,16
NTPC.NS,315.1000061035156,409.97128898871665,-23.14095777760966,10182699.175298804,-3.5211266947604014,-4.515149665601326,-10.595406778375393,-13.649492540503882,-0.09893561652310477,323.4993543866318,326.3966290848421,332.92208984375,346.101982421875,354.5846722412109,113,-23.64099725978992,9.255552441664449,False,16
LUXIND.NS,1092.0,1819.8519348314312,-39.99511833356105,95913.03187250996,-6.49084138198055,-6.077860031856607,-14.690135993570141,-9.346341902381617,-0.10010233703593066,1123.8532134767524,1134.857525954472,1182.6806665039062,1239.0024084472657,1167.8741305541992,114,-43.510575118536885,77.27881865775474,False,16
FACT.NS,734.9500122070312,1058.5999755859375,-30.573396074354264,653151.0039840637,-5.509125258220382,-8.622401670828895,-16.297474810702727,-7.056590299458588,-0.0998727142298207,765.7218226891753,776.8817749437858,802.5150012207031,840.2379992675782,836.1620001220704,77,-31.23464679808733,9.467908699173755,True,16
SBICARD.NS,563.2000122070312,961.6311031378486,-41.43284151591161,1489279.7888446215,-8.926262941100882,-11.328034234652895,-6.677711316150581,-11.951850119455809,-0.09942286583668165,601.1572143437978,618.3623346689756,641.1660021972656,627.3725012207032,685.2500576782227,237,-41.75000968809495,4.097306822981062,True,16
POWERGRID.NS,254.5500030517578,323.4425459044702,-21.29977757257081,12168078.50996016,-4.448194863447008,-4.591448763752071,-10.3936928445324,-13.427083097641646,-0.09852050331511493,262.7724208324423,264.7980720544951,269.5145602416992,278.40776565551755,282.8162843322754,113,-21.979959254325177,5.785390426174897,False,16
NLCINDIA.NS,253.1999969482422,387.4363949219129,-34.64733817810942,3273596.1633466138,-3.8176649769260496,-8.008126069949173,-17.7017034760394,-6.635618566248668,-0.09948150180993727,260.4293649146489,263.99696866399785,275.4526705932617,299.0824085998535,284.3707415008545,100,-35.163551942797966,42.92871501177766,False,16
TENNIND.NS,495.3999938964844,657.0,-24.59665237496432,1945114.5772727274,-3.100245692619197,-4.694112056463274,-16.507960852737334,-9.358703693880566,-0.09944716713928001,509.3274449034271,515.3693803924257,532.6040020751954,557.5945010375976,553.2865014648437,106,-25.806695250071343,20.542242068140236,True,16
ITI.NS,241.5399932861328,372.8500061035156,-35.21791891319609,2537848.87250996,-3.7880938657723795,-9.77213960702663,-18.700778080100267,-5.957017314246338,-0.10326277657711179,249.54509214020604,255.6062740882879,269.57380126953126,282.3154006958008,284.5164505004883,247,-36.43556494023474,12.917520026767736,False,15
FORCEMOT.NS,16800.0,26374.965142944882,-36.30323335424812,96779.27888446215,-1.9950997549877503,-4.273887791582032,-10.125921508132507,-15.422718758022903,-0.10261151489464096,17152.309112237417,17325.85884777037,17693.5796875,18071.316484375,19543.872841796874,156,-37.32313991542118,37.426484116644154,False,15
SAFARI.NS,1378.800048828125,2504.019782423858,-44.93653530590463,57998.94758064516,-6.913307164419946,-9.9353304043582,-14.65247826100098,-7.86250486785457,-0.10219142222755756,1452.2096154122135,1476.8902800233093,1507.5919897460938,1545.3019213867187,1676.0077044677735,211,-45.63041226466643,14.762136172547912,False,15
CRAMC.NS,216.52000427246094,348.31533559533113,-37.837935300095005,1128668.1487603306,-5.367132262021412,-14.368202868929869,-13.143919853115626,-7.752071178943176,-0.10454358227500074,226.77633922258647,233.03672013279362,248.90059997558595,248.50387130737306,254.37684127807617,235,-39.086548415299625,16.69162330772331,False,15
IMFA.NS,1176.800048828125,1670.7880501060147,-29.566167967657254,208377.83665338645,-5.173243446565268,-8.711498633515102,-13.01146565186092,-10.007758285033475,-0.10166167080931211,1219.620714566696,1249.641479612239,1340.30501953125,1368.7724304199219,1349.2000036621093,111,-31.28990838023068,30.04403365581061,True,15
RELIANCE.NS,1167.699951171875,1604.3820104615531,-27.21808499735373,13644152.294820717,-4.224081534000968,-11.07303534517099,-11.624921817908017,-10.079800926801097,-0.10156412138527139,1208.6422189535838,1233.406094622206,1279.7660034179687,1294.8239685058593,1356.2227337646484,187,-27.648151047630932,6.7726641073238,False,15
BHARATWIRE.NS,160.1199951171875,262.0,-38.885498046875,510930.015936255,-3.1571315690823387,-8.898497882599866,-26.835736508295525,-0.6144904037077237,-0.10391929847399954,166.3846819572935,170.42526195681657,183.00699920654296,197.56509979248048,190.69034996032715,103,-41.05343418266937,54.13644071974824,False,15
DCAL.NS,150.35000610351562,306.0,-50.86601107728248,383642.188,-10.607049217509633,-14.984449581804792,-23.247737724246132,1.8286571748348246,-0.10300453285451833,162.52329709832284,166.49386658136964,176.34500122070312,182.02700119018556,189.61810050964357,246,-58.006535947712415,0.8625285380462477,False,15
INFY.NS,1035.0,1691.3991593070652,-38.80805755963481,11289189.629482072,2.0206998521439035,-9.210526315789469,-0.6908416339666101,-21.054447228336713,-0.10269066659468172,1023.339157637451,1043.6836724264438,1102.0199975585938,1102.859126586914,1238.416585998535,167,-42.03615278987639,2.462568892644179,False,15
ZENSARTECH.NS,434.3500061035156,799.7128098861871,-45.68675145202049,1750269.2868525896,2.792573340773208,-5.688846462684271,-6.915378806215999,-18.79942824972164,-0.10452896900212989,432.51763392622354,439.5735264147538,469.76400268554687,469.5936868286133,530.7262623596191,237,-48.360061074438335,5.380156513554013,False,15
JSWCEMENT.NS,111.5999984741211,143.39999389648438,-22.175729969220658,2930511.482071713,-3.5519839623809113,-9.708737983934935,-17.920392690131425,-6.763742811425033,-0.10378560924634518,114.63748285787709,117.19999654207895,124.40099960327149,128.00115798950196,124.20601482391358,52,-23.55648018666373,7.615614206606236,False,15
BBTC.NS,1334.199951171875,2114.6666501437494,-36.907315813526466,169397.044,-7.1796348608144545,-13.307345602867127,-14.293056271537964,-7.004949008181871,-0.10469329091389008,1400.4262171002804,1427.0848433620715,1466.7759887695313,1495.4489904785157,1574.2999285888673,236,-38.193568243431955,14.38595315237292,True,15
SYNGENE.NS,361.29998779296875,677.034031793237,-46.63488527511597,1270135.87250996,-5.008549495162162,-9.357756582888799,-16.025569368281523,-7.310701812843224,-0.10104357801715723,372.92680811556136,379.4625509013706,394.10699951171875,416.5470947265625,451.76647171020505,185,-47.816509776148905,1.8374892335727422,True,15
NMDC.NS,74.63999938964844,97.48999786376953,-23.438300312665106,22280556.936254982,-7.646622529709757,-12.956268933354586,-12.260491762773984,-8.686076167941891,-0.10508494035650845,78.36745321488091,80.22821364322722,83.47140014648437,85.5482999420166,83.66363845825195,86,-24.39224464085694,17.49449893012067,False,14
JTEKTINDIA.NS,115.83999633789062,170.3998031780798,-32.01870296949247,311352.2270916335,-2.062903674829375,-4.564179470164998,-19.948614022154853,-8.65263451108904,-0.1056476427259801,117.19656935773409,119.08103946155524,126.68515274047851,129.74677947998046,133.19609565734862,230,-32.981145037535555,0.4553101748180577,True,14
JBMA.NS,544.6500244140625,737.4798969586368,-26.147136123954517,1420078.5059760956,-8.16119456625003,-12.244018098871134,-21.235702060915685,-2.6673597952551087,-0.10702577612775979,575.1649020882492,591.1019830033334,624.4990734863281,648.140414428711,617.102622680664,73,-27.59802478561948,15.801193909718968,True,14
KIOCL.NS,323.8500061035156,634.5499877929688,-48.96383069363852,489999.81673306774,-4.9317446334884885,-14.899483250095313,-16.328635494818432,-5.279317962911012,-0.10483388946977847,337.261249154165,346.8406865836773,368.05099914550783,378.7019989013672,370.3322492980957,249,-54.195886929665626,18.68381052831076,True,14
RPSGVENT.NS,829.8499755859375,1179.0,-29.61408179932676,351604.808,-1.728940305529214,-1.4839437718633497,0.0,-25.670651450618955,-0.10737943365173173,839.5741701699261,843.1777303512488,870.8469970703125,884.1059991455078,828.1285009765625,125,-31.955046649703135,51.21830821103717,False,14
HEIDELBERG.NS,130.57000732421875,197.58796347350884,-33.91803578069439,106790.87250996016,-6.3947220715984905,-13.47854424547278,-15.438977279397658,-6.871609934625389,-0.10715518213923858,136.0910734069937,140.6315650804725,147.6702423095703,148.07361572265626,151.62163146972657,233,-34.990980882565836,-0.3434000240870927,False,14
INDIASHLTR.NS,645.5999755859375,911.9719209725083,-29.208349430596193,134205.0,-1.1408027480728,2.6554222489391988,-18.262961886273466,-14.29874033243712,-0.10781380523876329,651.1360683511388,657.9017710662914,676.4869982910157,726.3770526123047,745.8846063232422,217,-31.999000171765466,4.616349216082405,False,14
GODREJPROP.NS,1595.800048828125,2340.6858887816,-31.823400291493677,872865.1035856573,-4.511722387909256,-19.02369267938613,-21.64221751043818,-0.09260284613322733,-0.10785617166252895,1668.6058927135605,1735.9094644504328,1923.7028125,1886.3327392578126,1825.9034851074218,235,-39.03061453359808,14.131831595584487,False,14
INA.NS,87.0199966430664,161.80999755859375,-46.22087759963336,1312921.675862069,-5.751115653289518,-2.6295244839359744,-22.79986186951569,-6.530614318693829,-0.10553220750448386,89.16430856496153,90.58552476800374,97.06740020751953,108.5443000793457,,112,-47.963662184870785,61.58454356028964,False,14
IVALUE.NS,219.27999877929688,340.0,-35.5058827119715,347368.212,-6.462481068895032,-8.012419545383088,-21.92273668725693,-4.4781315946272215,-0.10616805659994087,224.76734929178681,230.71673980925556,254.78259887695313,259.559100189209,252.3645499420166,217,-40.9176456227022,8.377228172127227,True,14
SAGCEM.NS,150.00999450683594,258.1000061035156,-41.87912012420808,79157.98795180723,-1.153136573104696,-4.470486102676119,-16.84589823605347,-11.800333436117239,-0.1078331372310863,150.27914703559884,152.38124531279675,162.18059936523437,169.8288995361328,179.98679954528808,248,-45.168538967139035,0.0,False,14
IRCON.NS,110.25,183.78538352585957,-40.01155157995073,3795718.84063745,3.4240164897985537,-6.1599641229932995,-17.350028328430433,-11.74274914171619,-0.1079169933083441,109.18345413119106,111.17069130716806,119.02767684936524,126.61485809326172,137.57983715057372,193,-44.71812908896238,3.7684391725042454,False,14
DBCORP.NS,172.52000427246094,271.8784658695223,-36.545175168358,184924.556,-4.32033353203356,-11.195758234243891,-10.692172000257827,-11.506459576186678,-0.10481420430604155,179.3447330051037,184.5549731423387,198.38439971923827,198.96161239624024,211.10971015930176,234,-37.541946540154605,0.6345675451096655,False,14
LUPIN.NS,2031.199951171875,2523.699951171875,-19.51499819823306,958904.454183267,-3.3084210794230517,-5.753526485214322,-17.886992742294606,-10.98082820042775,-0.11239976507844651,2068.3743195908974,2095.5617021564503,2201.55,2269.748518066406,2248.6197485351563,52,-20.58485596747629,11.784392410319056,False,13
ACI.NS,475.04998779296875,700.9383640503645,-32.22656767595118,205160.248,-3.327229610621407,-3.855498497313481,-10.351016058499763,-16.948948355501003,-0.10988706820275167,479.6826155102247,481.37668163136726,500.7959997558594,517.2859375,542.633742980957,249,-36.37101022366731,0.0,False,13
FAZE3Q.NS,433.04998779296875,650.0499877929688,-33.38204816167326,64356.73895582329,2.6184805196608485,-11.721537341932875,-29.49939148669617,-0.8358196272117535,-0.11266604713314042,437.1728254853266,451.55177466814007,494.66400024414065,524.3364993286133,485.20550018310547,69,-35.97415275399024,40.04053432737964,False,13
NATIONALUM.NS,334.8999938964844,443.3731066930094,-24.465424528247624,11945544.322709164,-6.556919754520818,-9.486488136085303,-4.358010511203414,-18.051329246056756,-0.1108092445445287,349.43665467090347,356.63717057108596,369.4855438232422,371.66768249511716,370.71942489624024,87,-25.683358998103344,7.040294247627155,False,13
FRACTAL.NS,727.3499755859375,1118.0,-34.9418626488428,617057.2641509434,-2.922926181389718,-11.449969081169032,-16.57874122956541,-8.411515050624253,-0.10920514823492102,748.6989970452533,763.6239445465832,796.0580017089844,861.5915014648438,,102,-36.64579715626397,22.702180171516993,False,13
PRAJIND.NS,303.25,422.8048706122484,-28.27660675694803,1863232.1474103585,-4.065171102624888,-9.342301943198805,-16.195327568627015,-9.932434569810711,-0.11106549597414639,312.05752823923996,318.0724927220689,325.753974609375,338.20135986328125,332.47029891967776,115,-29.743007131677214,29.190298527783675,True,13
SPMLINFRA.NS,159.30999755859375,250.64999389648438,-36.44125216919535,609372.0836653387,-3.6586859152315965,-8.568645238682604,-18.988048561825146,-7.657086938743996,-0.10838846983304821,164.35335746971813,168.83903898377181,181.47780090332031,190.22100051879883,186.82600021362305,247,-39.75264385236675,1.2644807703162897,False,13
ACC.NS,1182.800048828125,1975.569036609613,-40.12864005714547,208001.28685258963,-4.311943031351262,-6.6161320364029,-15.33891135227714,-11.22060221205009,-0.10844335000918885,1219.331079814314,1238.6508285921389,1293.3180029296875,1324.702664794922,1434.630313720703,216,-40.97396982961688,3.4935863470742845,False,13
SHRIRAMPPS.NS,67.36000061035156,99.44000244140625,-32.26066074360509,673096.3665338645,-4.925896879227598,-10.993657057709093,-26.237406005850705,-1.4340002634675497,-0.1113614300660681,70.22386821905,71.86267226492777,77.21600021362305,82.46690017700195,80.85935007095337,229,-39.088899630192266,5.226443747427578,False,13
STARCEMENT.NS,178.38999938964844,271.7552325198695,-34.356369982092104,288666.26,-4.726557276157917,-3.101578774884217,-14.078603417286805,-14.902449442114873,-0.11277532284624628,184.2513635321691,187.23014290201166,193.79220001220702,202.15599960327148,209.70743125915527,241,-35.530221323178246,1.7702637087979811,False,13
ASHOKA.NS,105.30999755859375,214.5,-50.90443004261363,1581978.8247011951,-6.8465327591547664,-10.290486322397852,-19.57999235370934,-6.357817520973208,-0.11159875254897132,109.86047399949601,111.54642258843771,115.07020065307617,121.00750030517578,130.69740036010742,229,-52.91375291375291,8.994594680229028,True,13
ROUTE.NS,436.3999938964844,792.3207273123346,-44.921295271825635,520720.72111553786,-6.0090447189339535,-12.667603915190817,-19.678841295675365,-5.558606748631489,-0.11261520343086764,457.72505997062876,471.71662792873684,502.47330871582034,515.7383483886719,532.6432243347168,250,-48.74334310170953,0.0,True,13
GREENPANEL.NS,158.58999633789062,313.1860419174955,-49.36236769464044,225741.64143426294,-4.81363918317077,0.3734154037282389,-15.751507755898608,-14.926602649471722,-0.111027742241297,160.87957596645313,161.51337605554536,169.6881396484375,180.93293380737305,196.73667030334474,240,-52.58090252120533,3.728482930197141,False,13
DOLATALGO.NS,62.86000061035156,95.63547251598347,-34.27125003241257,372560.3534136546,-5.757116212269664,-11.377413872977737,-13.570744247244825,-11.614175783517444,-0.1156808798340294,66.11076029516543,67.5537193845914,69.64979995727539,71.73660011291504,75.52631721496581,185,-35.013651429921225,20.4743066931792,True,12
ERIS.NS,1189.800048828125,1730.7126256991257,-31.253748822251627,107947.65060240965,-6.653062010206745,-7.688724781504186,-17.910857679948222,-10.013938971714175,-0.11581884049991649,1243.37657008491,1273.7673295622035,1328.2359985351563,1368.7232934570313,1382.6121673583984,203,-32.808023287846176,6.5977497580480104,False,12
HINDUNILVR.NS,1836.0,2619.7497080594576,-29.916969000829052,1681878.737051793,-5.042668735453837,-7.037974683544301,-16.62125340599455,-12.125702707534614,-0.11748518915066454,1900.193922931391,1929.1423969164305,2006.1460009765624,2079.317512207031,2168.85754699707,237,-30.264329497060515,2.2279900133477026,False,12
MEDIASSIST.NS,298.5,571.9867367161792,-47.81347523655671,188648.32,-6.806115711455951,-11.332982034347472,-17.50630958259555,-8.580264417940885,-0.11631206619970108,312.7891238651182,319.90565580478693,336.6056890869141,349.1283773803711,366.12434844970704,229,-49.09217138133324,8.233850966736544,False,12
INDRAMEDCO.NS,338.6000061035156,633.800908786859,-46.57628264503113,392536.8047808765,-8.609984857350705,-2.8335799732476463,-10.175553329041499,-17.601473827924487,-0.11520970010266843,355.3653495806515,357.49958032257257,361.6531640625,368.5255136108398,386.8053503417969,228,-47.06539619165719,34.688576286869655,False,12
HUDCO.NS,161.5399932861328,239.21868833933843,-32.471833865678676,3631300.6015936253,-7.3313523985323865,-9.425294220414083,-23.63823600014311,-4.829419165302118,-0.11641432550099835,169.17787282459193,172.7632091776922,183.27209197998047,193.32978103637694,194.20988082885742,220,-34.47656694805909,4.337218302052337,False,12
JKTYRE.NS,340.3500061035156,605.8045982960336,-43.8185172148199,1301877.8804780876,-1.9729279558409307,-8.050787055072217,-16.03993674118005,-12.558951183077161,-0.11643011702183416,344.897871166583,351.37238389355946,372.8777191162109,380.78491577148435,422.63867752075197,161,-45.015272739685884,28.784329403722797,False,12
BGRENERGY.NS,239.7100067138672,490.79998779296875,-51.15932912064728,113694.41767068273,-4.69923751552237,-2.0672457696088054,-19.829429192686554,-11.16587238101464,-0.1129855061568582,250.84154899194218,250.94914297361606,255.79919982910155,283.62910064697263,300.9323999023438,234,-55.582720981656244,68.86598806755228,False,12
DCXINDIA.NS,158.99000549316406,252.00999450683594,-36.91123012629114,1798473.8685258965,-2.0273559963524868,-7.148274566245538,-23.63225725120457,-6.393877079835308,-0.1127961852017985,161.555363035929,164.34772451066883,171.94760040283202,183.64449981689452,182.95879989624024,249,-39.1690780551168,-0.648696802656934,False,12
INTELLECT.NS,610.9500122070312,1232.7256944645226,-50.439094848881304,505152.42629482073,-4.344762716397909,-10.055206152811003,-19.823866985444425,-7.569486292407824,-0.1142047211479845,633.1720242942066,649.8004792559824,685.7570007324218,708.9497894287109,740.0446148681641,230,-52.17740616621753,21.488702746886034,False,12
GLOBUSSPR.NS,786.9000244140625,1243.6605977695654,-36.72710819774117,127439.664,-5.9294651029213945,-12.772174877426712,-14.20717478989606,-9.860945751231265,-0.11353912223238805,814.1029482009678,832.1587099001282,867.4789099121094,874.2159533691406,912.8391424560547,223,-37.68396286013094,9.4156111438922,False,12
COROMANDEL.NS,1763.5999755859375,2486.7668094210435,-29.08060502880324,304697.219123506,-9.2097824666184,-7.886764960068926,-14.113205882629199,-12.212590545090407,-0.11617329221500547,1863.9902692087892,1903.7319415863174,1980.176005859375,1959.427940673828,2052.644563598633,197,-31.597928943083396,8.987983928989696,False,12
REPCOHOME.NS,337.75,449.95124725771996,-24.936312087485803,140704.1792828685,-4.170807688437916,-5.291645105526288,-20.128695991803436,-9.69872491805085,-0.1139350855471042,346.5292625432155,350.3389990280383,360.98363342285154,376.9210336303711,383.3500337219238,228,-26.472805783297005,18.414250342305614,False,12
JAICORPLTD.NS,89.54000091552734,172.48175223782184,-48.08726154864921,995311.5099601593,-5.208551997280364,-8.155613965164022,-20.933957461853403,-7.892475125046761,-0.11589155281335566,92.78625398245369,94.3954723999524,98.36697219848632,105.55776641845704,109.24770969390869,233,-49.25028778738113,14.648857323347197,False,12
VMM.NS,99.5,152.17999267578125,-34.61689789144341,14114106.38247012,-5.651431003425989,-8.354057032622986,-16.435709872328907,-11.571273579369334,-0.11795176900313603,102.31833098407333,103.28243983492501,106.00039993286133,111.9889998626709,116.56104999542237,249,-35.60257279760255,0.42669469045228947,False,11
NBCC.NS,77.4000015258789,124.82730965446994,-37.99433654372019,10989862.988047808,-5.9995081755164765,-8.941174675436582,-21.72835214172476,-7.396531208136636,-0.11865303878411046,80.40483533240499,82.24362922098447,87.33972198486327,93.99356475830078,95.23410854339599,192,-39.059809984376905,3.3314404201394865,False,11
HITECH.NS,71.41999816894531,123.80000305175781,-42.31018060711491,881767.3227091633,-4.569746574417999,-6.689316286045877,-20.538495381151844,-9.78906173960221,-0.11872011224837413,73.60428538369855,74.89722491761187,78.86399978637695,83.63580024719238,84.2201501083374,246,-43.570275534529046,3.780649454794549,False,11
PRSMJOHNSN.NS,103.61000061035156,165.89999389648438,-37.546712222906734,924056.0,-10.09197975443068,-7.192761396630242,-10.28660271293057,-16.10526266368294,-0.11975836134121463,111.40042350547948,112.19380442990764,110.6029997253418,114.13729972839356,121.0532500076294,235,-41.470764287846805,1.226345386073291,True,11
TMPV.NS,279.3999938964844,733.6144341409002,-61.914599700634845,11416589.633466136,-5.288137662208692,-10.663471176184046,-19.492867389708913,-8.740621879753729,-0.12005616970271844,289.64199626698615,297.25944969611294,316.82799926757815,338.40465667724607,342.89821990966794,250,-62.896039180882354,0.0,False,11
HEMIPROP.NS,111.5,190.69000244140625,-41.52813541745019,640328.2430278885,-6.168477419933094,-11.934286815820593,-20.81528163253983,-6.3418755633927955,-0.11785039820276494,116.75007289378811,119.67661470395893,127.65279983520507,133.81609992980958,134.0148000717163,250,-42.41439186496664,0.0,False,11
PASHUPATI.NS,78.98999786376953,118.27621080086024,-33.21565061230807,93919.41832669322,0.0633334441563882,-4.840739731758637,-9.720993704330239,-20.09374307319094,-0.11915609942511536,80.49442315234441,81.04226689726765,83.22231124877929,86.40001426696777,87.81167594909668,119,-42.754541358633034,10.395737924057435,False,11
FORTIS.NS,785.0,1103.1298326042547,-28.838838657206644,1982708.7091633466,-10.52601335336696,-14.207650273224049,-19.817073721940915,-6.454049715196842,-0.12420873392642517,834.644227341296,861.2309963552055,904.5919982910157,933.1309136962891,910.5065084838867,240,-32.43315940188791,10.658916709439925,False,11
NITCO.NS,84.18000030517578,119.4000015258789,-29.497488082585576,890736.72,-6.497832448561969,-10.73170988237141,-26.799999734629754,-2.569445811917237,-0.118639034664863,87.75724172214883,89.63312713822826,94.79999938964843,98.92019958496094,92.2988497543335,64,-30.82077268129828,8.249630788240946,False,11
JWL.NS,223.92999267578125,358.25,-37.49337259573448,3622653.7888446217,-1.8152385300501894,-6.450266431198837,-13.255859782985313,-15.92641729140717,-0.11818901990703248,227.89698249551347,232.07445332364762,244.35380065917968,257.08540008544924,274.13775062561035,195,-39.0230294631564,3.800985031203652,False,11
CRIZAC.NS,166.88999938964844,322.394908081455,-48.234294275056385,359921.30677290837,-10.322410577021623,0.9618852441235504,-16.232493616130895,-16.663335679882085,-0.12374946365669556,174.08878633287884,175.21327379709004,178.4199996948242,192.06470001220703,211.0016234588623,235,-50.3869344897253,9.574110356851762,False,11
SWANCORP.NS,272.79998779296875,493.35629273111505,-44.70527855582701,1369400.6613545816,-7.431294030173774,-4.41485857497449,-18.185024044008024,-12.939475418828138,-0.12257398498745939,287.2159703191396,290.5762859609319,298.4141815185547,307.70978912353513,345.54594848632814,192,-45.68833596431552,0.08395598606949495,True,11
EFCIL.NS,171.1999969482422,335.8500061035156,-49.024864124767966,443760.1035856574,-5.518763889856126,-14.02169488429007,-13.149350046166507,-11.304531572498732,-0.11822833008693073,176.82291213143745,180.84005493991629,187.89960021972655,188.08160079956053,212.33519638061523,246,-50.260532971296215,4.9815517609747895,True,11
CESC.NS,131.6199951171875,197.1955548334318,-33.25407602196459,2182363.103585657,-5.911790913248726,-10.120190574394828,-19.33848537523741,-10.979314968288012,-0.12808488806090268,137.48074918072908,141.17974192322214,150.27751708984374,157.93745834350585,157.18593612670898,108,-34.20237078386583,29.46770992958223,False,10
VMARCIND.NS,325.0,1708.0,-80.97189695550351,120343.75,-1.2758238308903547,-4.678108706840611,26.103401805513315,-49.01960784313726,-0.12840026720058068,327.63156201135973,333.54986659109363,333.9920007324219,655.8831689453125,689.935834350586,75,-85.48009367681499,74.24607841132197,True,10
BSOFT.NS,269.75,467.1017114386881,-42.25026511481591,1716475.657370518,-2.8628058543635704,-8.372960056905331,-2.4991145225906175,-25.575380039122074,-0.12940758969243438,274.8979881112287,279.7869922556709,294.8159973144531,299.1642034912109,343.33174896240234,161,-42.99578038947423,6.969524371513258,False,10
FIEMIND.NS,1794.800048828125,2674.800048828125,-32.89965544847148,68874.11952191235,-6.384305521650669,-12.534110680890597,-18.602658680505158,-10.102226527195002,-0.12766940903372734,1903.7051580514108,1957.4276527447894,2155.9300048828127,2191.5522875976562,2178.8906579589843,36,-33.26230211607706,16.6624164465756,False,10
HAVELLS.NS,1040.0,1507.8492164414567,-31.027586269241613,917857.9402390438,-4.587155963302747,-12.82481139983236,-11.976301311891667,-15.307998207484108,-0.1273976755285789,1070.693673579736,1103.6136696649403,1196.03,1189.4519689941405,1258.708755493164,245,-32.67894664019614,0.5241765465043846,False,10
UPL.NS,516.7999877929688,804.4134581804076,-35.75443293030226,2495682.298804781,-5.96797475436569,-10.657796371866535,-14.268873476576104,-14.113649621465129,-0.1265447864136876,544.9177929278167,554.73892353844,572.0850012207031,590.6156744384766,636.4402465820312,188,-36.45058930722374,9.722516339473831,False,10
ZEEL.NS,71.91999816894531,115.58836251075492,-37.7792049244979,19545334.812749002,-7.995394839964243,-18.694590209590444,-27.699252387699968,0.09285457253822571,-0.12811091413209214,76.19643306917274,79.86027751915083,90.88651138305664,95.2224308013916,89.58961685180664,72,-38.02144278756203,23.55852265541525,True,10
RECLTD.NS,287.75,381.3442016302781,-24.54323449265916,6822941.820717132,-6.650446066504456,-9.069366756179754,-19.847225911750265,-11.232050105497349,-0.12925905773610413,302.14725271737086,308.5855400699315,329.11806335449216,337.0221792602539,340.9787942504883,117,-24.94968823873487,7.937833964908925,False,10
IRFC.NS,77.05999755859375,135.7285614195044,-43.22492130420523,12844694.326693228,-3.5061395321287714,-6.571296772242697,-14.605497137835622,-17.077372962946335,-0.12877471634190638,79.44761071712541,80.56419881546894,84.2697999572754,89.17690002441407,98.63371932983398,192,-43.630138464551735,1.9362700730608084,False,10
ALLTIME.NS,188.0399932861328,314.70001220703125,-40.24785955126459,135234.812749004,-6.4617249027719925,-5.796306441982313,-26.85545234643365,-7.3968307165604426,-0.12820801769227932,198.46222717417209,202.88361201371242,210.62459838867187,223.4825994873047,230.20684967041015,229,-42.167145554392945,13.365152590688535,False,10
SHAKTIPUMP.NS,454.1000061035156,829.44826212853,-45.2527629706277,1586481.0557768925,-3.822935089760071,-3.863660371373112,-24.113602530371235,-10.314035756855699,-0.1251472064510428,464.8296886759873,471.5506026380826,492.0692742919922,517.2069961547852,553.7133807373046,250,-46.060530315855196,0.0,True,10
SHALBY.NS,133.5500030517578,273.0,-51.08058496272607,123351.593625498,-7.108576835912883,-11.749156521617255,-21.45041777687472,-8.130970944795868,-0.127482026988955,140.53929632742665,143.22108307249874,151.76460021972656,160.77780014038086,162.85045013427734,249,-53.912088023873906,-0.46948356807511304,False,10
MUTHOOTFIN.NS,2697.10009765625,4114.708242760882,-34.452215356913065,825102.4501992032,-4.537569424707644,-8.190075825124598,-14.039392729782495,-16.08856025777766,-0.12739014029541498,2775.1351023666475,2816.4439885280694,2907.4539990234375,3016.3379956054687,3289.261610107422,170,-35.08652758797266,8.248898431645957,False,10
ICRA.NS,4318.2998046875,6484.436750270345,-33.40516731067715,14648.578313253012,-2.8001077082863923,-11.714677547486962,-16.32194883608886,-13.684233950184655,-0.12993224511226553,4408.169042293994,4542.465130905912,4822.5699609375,4981.843188476562,5278.102958984375,231,-35.257288227270145,4.412470471187491,False,9
BBL.NS,2069.60009765625,3367.0326028562217,-38.53341081697196,34420.77689243028,-6.059642961389855,-9.553354522347213,-22.249298604105462,-9.996760679168048,-0.13190129053507285,2146.453477004596,2193.4560507396614,2306.6039794921876,2514.093330078125,2542.976181640625,241,-39.85048773156517,-4.879670330370523,False,9
RALLIS.NS,199.69000244140625,311.01502998141837,-35.79409893684663,828379.139442231,-0.33439716854877233,-4.682576400283411,-13.952688353034471,-20.104054295780628,-0.1319738322113415,200.87147871506713,202.8673198911751,209.0352001953125,221.3156315612793,239.66832817077636,249,-36.7361781459271,-1.0266274014152699,False,9
SWSOLAR.NS,164.82000732421875,260.79998779296875,-36.80214147285235,2363459.74501992,-7.059878917453688,-11.9363089873744,-32.7567186513001,-0.3687271828379912,-0.13067756157745475,173.2654834919081,177.9729627681174,191.32019927978516,204.22149978637697,200.07569969177246,72,-37.492326724389514,16.529937728745935,False,9
IEX.NS,105.9800033569336,155.89996069995715,-32.02050668832355,8103282.262948208,-4.694238969932907,-10.836275607671709,-14.318052174719732,-15.211174121965431,-0.13016564319729723,110.10274204885447,112.8858941898048,120.50619979858398,121.94159973144531,124.03792095184326,183,-33.17509521013984,-0.06500072795829759,False,9
MARUTI.NS,11386.0,17197.28603290768,-33.791878682412765,422215.4302788845,-5.0375312760633895,-11.386100085609774,-20.445837116829722,-10.139473727817172,-0.1297051377090408,11971.793332029025,12263.413083450198,13108.75259765625,13230.43826171875,13802.50189453125,187,-34.26288323420661,10.827564479510855,False,9
UBL.NS,1188.800048828125,1830.970927725064,-35.07269663177124,154547.87250996017,-6.40843217389917,-7.3132643492341725,-12.557732018560442,-18.39278539145679,-0.13227929849387599,1216.3577286104023,1241.1919636114662,1319.0232275390624,1325.992978515625,1428.4361712646485,233,-37.72156446826168,2.272983791515637,False,9
HPL.NS,267.20001220703125,478.17373277491686,-44.120725608153364,187743.74501992032,-2.6061577318815865,-9.815156095947108,-23.55625906642109,-9.43443339126161,-0.13064298068808552,274.9827163112283,282.95021547518303,306.1351715087891,331.319075012207,337.28320541381834,221,-46.74932434907454,-0.6934818017312439,False,9
METROBRAND.NS,833.5,1275.1444670836006,-34.63485734237559,66596.6345381526,-5.771294838898033,-7.1515225521952335,-19.576864157856633,-12.923432216253417,-0.13049866128187207,880.7628370231814,902.8829767211784,942.3316345214844,988.2510986328125,1013.643567199707,246,-36.0856733461741,1.0689147252948006,False,9
WIPRO.NS,159.35000610351562,263.22052886625846,-39.46140645265519,16689199.438247012,-2.621604315652537,-10.017499915990069,-7.54365822900912,-21.273003994788407,-0.13037959481381367,162.19401846097634,165.86377156432124,175.59479919433593,179.03954452514648,197.72072547912597,196,-40.43397984136817,12.219132255512521,False,9
CELLO.NS,323.1000061035156,670.829945323981,-51.83578068395966,422204.5100401606,-4.914650467741621,-7.0483312916582275,-11.547969290497539,-19.230834075937665,-0.13057855722630135,329.3655394923202,333.27463946268256,347.2474395751953,361.03198974609376,410.13786697387695,230,-53.19231018401362,10.491028681096948,True,9
VOLTAS.NS,1053.199951171875,1577.544205432766,-33.23800705268022,965492.5976095618,-5.406868324245673,-8.584326578408586,-18.007010418694048,-13.415133109038768,-0.13025708517330006,1102.5280004896388,1129.588883343289,1210.4360034179688,1253.6100476074218,1328.608833618164,149,-34.03671529442366,12.786243352638337,False,9
ORIENTCEM.NS,115.91000366210938,225.98672509713518,-48.7093750253303,429226.528,-5.240349941716094,-9.232571313929938,-17.70678122873276,-13.802577680654782,-0.1320361469783934,120.52763319154097,123.02476014205679,129.4147999572754,132.75419471740722,142.39200637817382,248,-49.421806523091746,-0.9033466277597157,False,9
GODIGIT.NS,256.29998779296875,374.0,-31.470591499206215,580481.98,2.3971173264309753,-0.8126958796898731,-17.878890490005126,-21.05344444432955,-0.13707872368028237,254.03828255901715,254.03160745086754,257.02999908447265,280.6344990539551,304.0619997406006,232,-38.061498958159255,7.974010488276728,False,8
TVSHLTD.NS,11886.0,16198.418191454739,-26.622464863450045,6937.193548387097,-4.919606431485479,-10.348468848996827,-15.612353567625137,-14.996781806479298,-0.13244073205827175,12404.585712740758,12720.443767471212,13648.52,13669.3,13976.108310546875,217,-28.011489380169195,16.471128601018382,False,8
APEX.NS,326.29998779296875,511.1200184186195,-36.15981060524198,912183.7729083665,-6.477502579212102,-10.562893773822168,-17.33791898894983,-13.66598122342535,-0.13428097198740732,344.2330058667535,353.5704357950191,371.4836358642578,392.49657135009767,380.65681198120114,117,-37.33370319089412,13.696819201703825,True,8
SULA.NS,130.94000244140625,263.3164487708941,-50.27275999938223,373808.1155378486,-3.564587112537676,-11.741708073119185,-14.796975089886665,-15.321746976609795,-0.13272591643487522,134.21690952417984,137.09841254858173,146.9132000732422,150.74419662475586,164.3472900390625,248,-50.629745841244365,0.0947439202665823,True,8
INOXWIND.NS,68.75,159.3000030517578,-56.842436482777345,11573359.44621514,-5.937880086663416,-2.6065964489970783,-20.931567092608304,-15.154879630128304,-0.1345652927829957,72.42743727413847,73.54346564510911,74.77699966430664,81.13409980773926,91.16989978790284,233,-57.87821896505565,10.504354966699857,False,8
DELHIVERY.NS,400.0,524.0,-23.664122137404576,3097072.167330677,-6.169361610618029,-12.049250058008898,-23.025116673279346,-9.502262443438914,-0.13735226152022953,418.35534792664106,428.52322009489956,450.59300109863284,460.4695004272461,445.18825073242186,59,-24.236641221374043,9.364159283861007,False,8
SJVN.NS,57.90999984741211,90.26870728553163,-35.847092986238,4564044.2669322705,-6.956943628349455,-9.402375615919656,-18.859303293891017,-13.788753936101916,-0.13749462048626948,61.16689151149287,62.73334430136955,65.43305351257324,68.70931385040284,71.07612447738647,250,-37.1543015867149,0.0,False,8
AMBUJACEM.NS,362.25,585.8501015513514,-38.16677695527415,2417737.709163347,-5.688624253139696,-10.044701013377566,-17.93158019731336,-13.415844812401613,-0.13323614612144136,377.3034100310282,385.4723095548931,407.1029998779297,418.4064501953125,453.14698654174805,229,-39.182397195208466,-1.5187029437525035,False,8
SYMPHONY.NS,571.7000122070312,962.0339215323946,-40.57381975716743,116959.1952191235,-0.8670018890523323,0.6957309039244741,-18.26215340816918,-19.807915347894344,-0.13349366169728832,583.3383302188988,588.7214445777886,614.00529296875,653.0702447509766,739.3942108154297,167,-41.57170937480193,6.518495827291115,True,8
BLS.NS,216.50999450683594,355.65989000309526,-39.124427411549924,3430985.199203187,-3.300580433720357,-7.752413785570966,-13.206087538957012,-19.516035477564575,-0.13648781253199163,223.0312196418035,228.22463228824526,241.764677734375,247.9816242980957,264.1078338623047,247,-40.392491265136755,5.165088353203773,True,8
ONGC.NS,222.3699951171875,306.19702215663295,-27.37682634828641,14706911.816733068,-6.958161038833676,-5.972102311868744,-8.439418213803284,-22.094448220951534,-0.13259841318778717,230.60560075351276,232.6367565122583,235.67679260253905,245.64493713378906,254.7436701965332,111,-27.95488194177498,8.632172088706014,False,8
SERVOTECH.NS,69.19999694824219,141.46083943686781,-51.08187027327426,1078626.091633466,-1.5507240760959662,-12.899013185787666,-32.69238275611964,-2.052990752454431,-0.13363786172584793,71.43573804269445,73.64697113249936,80.06637313842774,89.48429763793945,83.493071975708,248,-59.35689157186411,5.694492004605167,False,8
INDIAMART.NS,1620.300048828125,2455.004088492464,-34.00010792555962,112486.89243027888,-0.9536020143727897,-6.922104585251965,-14.23807722689958,-18.817082109284634,-0.132780371302714,1638.0992368767636,1661.4077423879662,1721.1300048828125,1832.1046838378907,1958.5286383056641,223,-35.23025142649091,4.457288694914019,True,8
EIDPARRY.NS,674.5499877929688,1118.0,-39.66458069830333,310426.344,-2.1753317765997315,-15.749707459682794,-12.070655500769911,-17.23313033215107,-0.13881923452687933,697.3101299129568,715.3212620472408,760.4289990234375,753.7255017089843,821.2087506103516,233,-39.8658329344393,2.735387209154516,False,7
ABREL.NS,1100.5,1910.6691914062499,-42.40237897016419,233414.09561752988,-9.184687600545816,-17.32401621331483,-22.22797333874399,-6.827370997609938,-0.1378261240338472,1185.6133634293187,1235.111407623571,1337.5580004882813,1327.530205078125,1357.2397009277345,230,-43.873066607371335,15.797925642773647,False,7
MAZDOCK.NS,2064.0,2908.9741195159227,-29.04715149739914,1178759.1992031874,-6.267029972752047,-16.063440422936146,-19.66563838408103,-11.183968758805019,-0.1421267010060875,2164.5671332594434,2243.8372273017044,2396.2814306640626,2417.8957177734374,2428.4336474609377,245,-30.174698442835112,-0.3887162958155721,False,7
HAPPSTMNDS.NS,304.70001220703125,526.5420249047451,-42.13187214028101,1520252.4780876494,-2.21437540479128,-14.13273017722727,-11.431078041060793,-18.569568126514724,-0.1390513423884871,314.0634989109119,328.23033391636255,370.2400012207031,364.6654653930664,380.32662170410157,248,-43.02449076989211,-4.777367529017851,True,7
GALLANTT.NS,530.1500244140625,944.5255741327327,-43.87128957298499,942491.12,-2.7693673701856936,-4.195140631984984,-20.409812617138346,-17.13771220517083,-0.14093993530625398,540.21800482635,546.8768987708881,567.53216796875,618.8425012207031,619.6127056884766,120,-45.875531670657075,60.71770411654218,True,7
KSCL.NS,715.0999755859375,1095.9000244140625,-34.747699639091145,262791.704,-8.770811015029823,-3.201356942681899,-21.42621747401495,-15.761579100021583,-0.1424984937225248,735.7925553612034,737.3151348624763,759.1929956054687,822.1579962158203,852.8159973144532,219,-37.49429831738125,2.444648317178899,False,7
CSBBANK.NS,304.75,574.4000244140625,-46.94464013805165,745190.8167330677,-8.68913857677902,-8.110958658687773,-12.89124062218,-18.483350267588992,-0.13751817883105055,320.1272833327884,322.74371722635203,326.0060009765625,341.56300048828126,375.3557499694824,187,-48.642063464233765,29.18887884288093,True,7
TIINDIA.NS,2340.0,3333.3831842009567,-29.80104984357147,379313.8605577689,-7.892147215115131,-13.970588235294112,-22.11066649362693,-9.540396991475241,-0.1403269111324851,2472.3476436227065,2551.9796828563235,2709.4419921875,2876.24873046875,2744.0729357910154,71,-30.78203370785869,6.927252724692501,False,7
VIKRAMSOLR.NS,154.35000610351562,354.3999938964844,-56.44751445774594,2613849.418326693,-3.7838125761833763,-8.74962360449506,-16.980417586247,-16.9670199524941,-0.1400923923538909,160.42235986824633,163.08380326583654,168.75580017089842,183.074100189209,197.03590019226075,240,-57.223473839055416,1.0566037735848965,True,7
CIEINDIA.NS,376.3500061035156,518.5450350593709,-27.4219246819275,370609.0281124498,-3.2394924046972084,-2.2467516614245175,-19.814637006628434,-18.36615636565593,-0.14064153221005524,383.40108383974217,385.97419097824826,396.3659991455078,427.72649841308595,433.90414108276366,152,-29.244333839880255,24.69696810983053,False,7
CANFINHOME.NS,711.0,962.6932158005569,-26.14469611601592,237226.95219123506,-4.3261822455581855,-10.599772298112198,-22.616455219173538,-12.269448894517499,-0.1424528880773732,741.7874871443136,760.3467479031145,795.1890026855468,826.4837072753907,850.3161874389648,193,-27.287323883559978,8.06258402211386,False,7
SAMMAANCAP.NS,132.47999572753906,192.9499969482422,-31.339726445771277,14958313.01992032,-5.741734008534283,-13.01950111543142,-25.000002159588586,-8.747759738908423,-0.14177178167379656,139.11985289272985,142.75207941779655,151.48040008544922,160.03529998779297,152.84405014038086,230,-33.14330031598624,15.08816220121556,False,7
NATCOPHARM.NS,821.2999877929688,1224.7419352225772,-32.940976039682134,1048227.6892430279,-1.6575337870503248,-2.6030254618477633,-11.729599926424816,-23.994811427060903,-0.13803163019826392,824.5872265607948,830.0830870025561,865.7777368164062,917.2953503417968,940.5948147583008,102,-34.722122948890856,16.311566704402814,False,7
PATANJALI.NS,355.1499938964844,605.9581737112406,-41.39034519142813,3066103.848605578,-12.276154491232372,2.9420272163722894,-13.962972795719597,-23.345005915333374,-0.14166104210698005,375.09911042358624,370.0690884330441,356.1151885986328,385.6757415771484,441.5389642333984,231,-46.19144237166702,2.3706353801025815,False,7
AWHCL.NS,355.3999938964844,604.2286076106078,-41.181203700053835,410391.5139442231,-6.731398692609448,-4.705729383594859,-22.58159107659995,-15.393796093165902,-0.1454628150622626,367.0496553174635,370.7111225287221,387.863095703125,424.05226745605466,458.32570053100585,169,-44.13538459759568,26.273369270076017,True,6
MEDPLUS.NS,654.2999877929688,1022.2000122070312,-35.99100176292601,202094.3453815261,0.007640472750281013,-0.8561291475952082,-20.415986332995452,-21.471438045251723,-0.14883832900243338,655.9705583816818,660.1394884726226,673.7750012207031,761.1985034179687,800.9525015258789,95,-37.13559304323423,16.244217986107557,False,6
GRSE.NS,2111.10009765625,3329.438873827357,-36.592916174207026,1162006.2589641435,-9.936002659716292,-15.147194501321115,-23.449306998868348,-8.161089339025096,-0.14322267001506395,2265.6227800667357,2343.4444674261094,2496.5919189453125,2580.2928759765623,2537.378753051758,111,-37.61711571498581,26.79815891321118,False,6
PRECAM.NS,109.9000015258789,204.43482898872423,-46.24203612000941,440533.6573705179,-8.409031183871086,-10.555872817430956,-26.134376364006318,-8.906556517528019,-0.14355013198086403,116.58972005118146,118.84739416908936,127.96420013427735,137.90550888061523,141.37436614990236,249,-49.49975397648223,-1.4211023934451839,False,6
GMDCLTD.NS,487.6499938964844,758.8901386847265,-35.74168788888772,3637591.71314741,-10.110600203413023,-11.053540827562603,-17.06212634834321,-16.36992768148451,-0.14888377162950592,524.2600505725197,536.8775761010113,554.9194598388672,581.1322653198242,583.9121974182129,119,-36.77609401743762,29.031707876241807,False,6
MBEL.NS,251.75,533.8789199375677,-52.84511326473803,312810.40239043825,-4.622091927566219,-5.034558657622934,-23.884625012467765,-15.046370863098646,-0.14653056773260997,254.44789811950056,258.1176522798664,270.7140328979492,287.6435047912598,305.27613380432126,226,-58.37842943780414,31.38732999270175,True,6
TIRUMALCHM.NS,146.25999450683594,293.75,-50.209363572140965,430147.024,-10.242407335980186,-8.484552744309603,-18.960550770603536,-15.554274200972884,-0.14631026194030156,154.55870041639656,156.28642525617596,160.7109994506836,170.03349960327148,185.06934944152832,235,-51.278299534574465,1.1758533433780416,True,6
BDL.NS,1087.9000244140625,1627.0610201098634,-33.13710973540472,1450975.278884462,-5.809521695752162,-13.195833552890523,-22.796266982270584,-11.945647458198504,-0.148372579581139,1130.0199864374958,1166.3706759770362,1250.7319775390624,1272.1547229003907,1315.651180419922,222,-34.16350475291057,3.3890702944249673,False,6
MHRIL.NS,194.85000610351562,353.70001220703125,-44.91094165146252,191117.6812749004,-2.433528840302268,-5.682748653121383,-16.197148205692756,-21.734414826129424,-0.14932813006814097,197.0044778093256,200.03075213599757,211.4752001953125,219.80599975585938,248.53815017700197,250,-46.78823855858331,0.0,False,6
DCMSHRIRAM.NS,906.8499755859375,1395.1299395484884,-34.99888792584975,133322.392,-7.046945645802138,-11.785021830161725,-10.544572318026901,-21.0016140142975,-0.14625716231739627,947.3548986095134,970.8240061147396,1010.1493493652343,1025.5763952636719,1084.4383258056641,232,-36.471868127222216,11.230042391153416,False,6
SUZLON.NS,38.90999984741211,61.5,-36.731707565183555,70903220.35458167,-4.491904162149163,-14.408269619384505,-29.85397694044093,-6.353789261429609,-0.1482855312679594,40.757758531604956,42.300496589607334,45.67719993591309,50.43029998779297,49.188449935913084,228,-37.90244125738377,9.456484782327589,False,6
JSLL.NS,480.79998779296875,831.6028981949348,-42.18394514538294,719925.860557769,-5.937592969953542,-5.562795508619645,-13.6643691111211,-21.74288432323831,-0.14502782861350938,501.8540214772298,505.279726012275,521.1327648925782,556.7379260253906,610.7365463256835,250,-43.001641645446696,0.0,False,6
ICEMAKE.NS,623.6500244140625,917.0517088569006,-31.994017524765482,32933.896,-7.9075585983004455,-14.696975831782966,-20.013423621565973,-11.947784381435088,-0.14513291865230465,657.9084610513845,682.0212871303972,745.1197338867188,763.398842163086,768.5422421264649,91,-34.35484671301803,21.76333934903363,False,6
PIIND.NS,2236.0,3812.9263498994665,-41.35737764620197,271379.2669322709,-6.580321704616665,-6.5608023401588,-16.15820046897879,-20.565455733678295,-0.15043835072658382,2323.4175087395543,2353.997725923683,2490.9723974609374,2612.7426416015624,2843.300615234375,226,-42.537573534359794,5.626214036233335,False,5
FLAIR.NS,226.57000732421875,344.31560429688966,-34.19699702925563,133586.184,-6.745965976594192,-8.323214419450743,-13.035677032422067,-23.36865751889683,-0.1559740559883492,233.9313214048132,237.21446551666986,245.42546844482422,261.8686338806152,286.0016626739502,104,-37.02870139534441,12.874097722138544,False,5
RAYMONDLSL.NS,627.7000122070312,1244.832144824717,-49.57552993657496,176491.41035856574,-8.877109028985874,-3.4753153944595327,-18.933227159643863,-20.14603682981171,-0.15321156861608334,658.6910663911548,668.1652321905653,696.64,726.7259417724609,806.4114358520508,237,-50.59574878775345,3.969409855949091,False,5
CROMPTON.NS,202.6999969482422,306.8101698068928,-33.93309058959091,3321872.557768924,-7.779802486849363,-10.987179052494334,-24.664789242949624,-12.54358288727806,-0.15392285986979917,215.7450937617045,222.20436091281886,238.33499938964843,253.42534973144532,251.8868207550049,99,-34.45458270497078,22.172786176296142,False,5
ARVINDFASN.NS,379.70001220703125,567.0187417779242,-33.035721003426254,274661.772,-8.340371223408273,-17.240622861923647,-18.95633930990226,-13.618963989370458,-0.1541664908344442,408.42058663088704,420.52664578556266,440.3432727050781,451.2805926513672,453.2691632080078,229,-35.64147598898143,3.1438280813697927,False,5
PFIZER.NS,3858.89990234375,5489.439888599995,-29.703212337608665,32272.556,-4.6290359124214415,-16.611206221164732,-14.3345744281286,-18.975465018035408,-0.15675703171127833,3973.10104050154,4109.42126477921,4523.688002929687,4519.048439941406,4638.869859619141,243,-30.920090672067236,5.878417744394171,False,5
WEBELSOLAR.NS,68.69999694824219,137.44541921249123,-50.016524856291,5153668.8605577685,-7.249902482390946,-6.6785641924891115,-33.13879832220421,-9.067006971062986,-0.15629145371823372,71.67206165619108,73.61336888555283,81.5972590637207,92.71671897888183,86.6493536567688,223,-63.45177420888943,11.884874301660053,False,5
GODREJCP.NS,840.0,1255.1784329498362,-33.07724400379567,1427143.9960159364,-4.0000000000000036,-7.182320441988955,-23.256324376216742,-17.520346091209603,-0.15821499837746655,861.8937266452949,874.5170775987775,934.5485815429688,982.9253729248047,1054.1628741455079,185,-33.23658389902473,9.601185975977721,False,5
JKLAKSHMI.NS,476.6000061035156,874.9722477555258,-45.52970024751214,163784.88047808764,-6.448131380192401,-7.330348548370802,-16.790105920161015,-20.04728695655913,-0.1516682940636536,498.16009215988703,507.3127487495916,534.2480017089844,561.3446917724609,625.0870596313476,230,-46.10114694343033,1.1414936467474934,False,5
NUCLEUS.NS,646.9500122070312,1047.2047100200728,-38.221246904568396,42700.28514056225,-4.1768512459886225,-12.65694592344575,-14.257017115626436,-21.138864589054375,-0.15681725279597694,668.3944695793389,684.1950532594699,708.4260009765625,730.1251348876954,779.9225067138672,226,-39.07113082209699,2.7714169683600076,True,5
MOIL.NS,232.66000366210938,398.6210131186603,-41.63378346719222,1137287.5577689244,-5.183796954759168,-7.203253617845961,-16.818021627436796,-21.991616542461234,-0.15801083524260642,241.03861764823634,244.75110912259055,258.4331997680664,272.64309982299807,294.88970809936524,249,-42.29857761202186,0.5616489914993306,True,5
BAYERCROP.NS,3554.199951171875,4992.8592352646965,-28.814336962106456,28654.928286852588,-4.873808186614048,-10.68727349737718,-13.636296762186396,-22.51182256009431,-0.1572045357083048,3697.9245419953468,3793.999711452766,4000.37830078125,4106.4084765625,4314.356062011719,120,-29.639514465226892,2.031911984631374,False,5
RVNL.NS,197.0,398.20450175980454,-50.52793247454805,7090955.450199204,-4.3689320388349495,-4.3689320388349495,-15.491774735359343,-24.361162345139363,-0.15702676970314036,203.21951813793453,206.23548724989115,216.08751525878907,228.2733103942871,267.19158836364744,192,-51.26875708481868,10.873176469302415,False,5
PFC.NS,318.0,476.82888450136187,-33.309409237541324,7291238.135458168,-6.2914412021560455,-8.225108225108224,-22.95185933056957,-20.36089039501907,-0.17304079722415747,332.82572203599926,341.03557039718635,365.9162872314453,390.570810546875,392.6871340942383,112,-34.28460055829091,15.693772743565205,False,4
AGIIL.NS,260.0,434.0773702031007,-40.102843905834476,1817443.438247012,-4.2180923529664405,-7.322090892160638,-26.91200904815273,-16.9109855019828,-0.1672422432896771,266.7654274763842,271.30001896922573,286.2979541015625,323.9431051635742,312.91861503601075,108,-41.1141758128958,33.743836534494044,False,4
AFCONS.NS,242.38999938964844,476.09320955207187,-49.08770078495785,1266010.390438247,-4.476847531173034,-14.980710557529697,-22.319050486523352,-15.530871836277004,-0.1635189074509105,252.23405070934749,259.3064786285118,271.86980041503904,290.9906481933594,308.9922302246094,245,-52.666830447858274,3.0010027319475885,True,4
HINDWAREAP.NS,170.52999877929688,392.70001220703125,-56.57499529452687,207712.996,0.12917692669653924,-6.343367165865166,-31.77435452635393,-16.131413345980828,-0.17240627436801892,172.5614526837534,176.76940967223794,192.91159881591796,214.67589920043946,220.99915000915527,239,-57.98319458339816,4.701097330969506,False,4
AWFIS.NS,235.25999450683594,639.4000244140625,-63.20613301157988,465884.7609561753,-10.342987812856064,-8.244929755413033,-21.970151075676302,-16.393623703824534,-0.15831779536600915,253.41124453876444,259.2912482105982,266.8161996459961,287.4445997619629,325.54719955444335,225,-64.17735465968177,6.693780992073184,True,4
ANUP.NS,1566.699951171875,2507.7248616944585,-37.52504610440944,39997.428,-6.191247585509707,-12.951444123363853,-31.67817039140346,-8.193535696019627,-0.1599027897905263,1628.9243039936684,1671.4953367201483,1820.2853271484375,1945.6074938964844,1922.2731964111329,248,-43.64896981419949,7.190468068630151,False,4
LATENTVIEW.NS,234.47999572753906,517.5,-54.68985589806008,1359760.1195219124,-4.449877115136214,-13.476016336701457,-17.985309292298524,-19.98634857709247,-0.1653032319738046,243.1496836484079,250.85168162385233,273.814599609375,288.3932986450195,323.7676499938965,206,-55.55555555555556,16.420878251868597,False,4
GPIL.NS,215.6699981689453,318.68479368531104,-32.32497990415221,2280681.302788845,-6.140656578166393,-9.908518017118473,-15.76816549360741,-23.974006850335584,-0.16915821649456794,227.02152575233893,232.46958166782724,239.90786804199217,254.10380569458007,260.945083694458,96,-33.972375733519634,21.99840010746623,False,4
HGINFRA.NS,419.8999938964844,972.8850012742132,-56.83970938533021,319883.37051792827,-10.287361425545516,-11.00042289938733,-25.978981669482593,-13.051652347983655,-0.16243176162470255,444.2618624191894,458.4635528150506,497.09059143066406,533.6321389770508,573.5872065734864,250,-57.960087835219795,0.0,True,4
GODAVARIB.NS,227.17999267578125,353.0,-35.643061564934484,330100.276,-4.806202184810571,-4.264648228331158,-15.294562887486174,-26.58588343380285,-0.1655627210391428,234.54544885551636,237.2328192124517,246.45759857177734,264.3667985534668,277.44174888610837,113,-36.59773440266466,15.145223355527882,True,4
CMSINFO.NS,220.69000244140625,385.6351549871131,-42.77233297135964,692725.4581673307,-5.0060281147383145,-10.493364734306244,-17.278942223935513,-22.882312712687437,-0.1693588351059071,227.81505494053786,231.5291789982953,246.06224365234374,266.52459716796875,287.0204006958008,240,-44.21670526267859,0.9061110321370247,False,4
CAPACITE.NS,180.3300018310547,314.25,-42.615751207301614,484508.0956175299,-6.3561328491597795,-12.042728478629094,-27.89684229099273,-14.458515288900031,-0.1719661778349963,187.83286302734464,193.31998613492286,206.04660034179688,219.49410095214844,228.74985069274902,221,-43.942719598374104,6.802372555925795,False,4
FIRSTCRY.NS,174.75,389.6499938964844,-55.152058838110854,3426284.625498008,-2.7166980739081636,2.3006629828332015,-19.190751445086708,-28.101214644796045,-0.1680924850226861,178.3492431128143,179.10764452575216,191.58859985351563,205.5402995300293,227.96479942321778,248,-58.07262987906299,1.5587174678398874,False,4
GUJENERGY.NS,230.07000732421875,428.25011030596914,-46.276719658089036,1054881.592,-2.3969089883018935,-9.109361600701959,-19.41962381813879,-23.81046416195375,-0.17411636029193717,236.49745669542162,240.4383098338668,251.3076123046875,293.0144293212891,333.43199340820314,185,-47.343854777086115,8.501674377227687,False,3
SHARDACROP.NS,709.2000122070312,1282.80960014975,-44.715099409589534,379468.36,-4.278581611884958,-8.878321555918923,-22.1407086512185,-21.63441172628322,-0.17499499758251116,734.0495309181906,747.8857175273597,780.9655798339844,837.015277709961,918.1916235351563,158,-45.61936740226277,37.71639263665199,False,3
CAMLINFINE.NS,91.01000213623047,211.9499969482422,-57.06062588033207,1146292.896,-6.416450245521366,-11.468872145452469,-31.45804867229688,-12.37242287560737,-0.17321803205574643,95.46949705057845,98.46284367625383,108.63739974975586,118.70219970703126,127.55189998626709,246,-57.952345350424814,4.702371569304131,True,3
TATAELXSI.NS,3092.800048828125,5845.177388781378,-47.08800361193277,318253.00398406375,-2.858219693585806,-14.303129708281382,-15.464932862998182,-27.752345062963503,-0.1888686579509971,3201.0916568897383,3299.1855194303753,3533.8519873046876,3742.3154248046876,4215.585225830078,184,-47.88524370503395,6.096875295485105,False,3
KALAMANDIR.NS,74.37000274658203,219.27654356882928,-66.08392236753868,1385204.8525896415,-5.224924697770195,-13.169875748208426,-27.391990108210074,-17.698806163784507,-0.18453587117395528,77.46422519559401,79.55658525040705,84.1421484375,93.06341575622558,102.83626773834229,234,-66.66310163212896,8.874034808543897,False,3
TCC.NS,47.470001220703125,105.27999877929688,-54.91071260342946,1222735.6351351351,-8.05733054687301,4.3571981698711015,-28.44437165940835,-26.94675474245276,-0.19246306815516695,49.94711851126519,50.14142290662421,51.130119705200194,59.97815990447998,,147,-62.60448386362747,0.0,True,3
WAAREEENER.NS,2340.0,3713.7978498601774,-36.991723981742844,1278392.075697211,-5.721192586623691,-9.269768857829618,-18.57874347118862,-24.059984169655657,-0.1762368973944714,2441.4354973192335,2496.4596517694044,2605.7382080078123,2786.874357910156,2881.6491247558592,240,-38.039166624460044,2.803227204620362,False,3
KITEX.NS,116.68000030517578,231.73507903347866,-49.64940103508495,1271442.3824701195,-1.660346561625159,-6.094538635543079,-26.068997649345548,-24.84069017597036,-0.1914191774846294,118.35469755300223,120.6464668329565,129.12944274902344,142.4738154602051,157.00696937561034,236,-50.65054410953898,18.15618908880583,False,3
EPACK.NS,171.58999633789062,360.0,-52.33611212836371,1544856.434262948,-4.735731185062042,-8.49997469480388,-27.04817335997539,-22.301213918083164,-0.19208505632692863,178.24814190212226,182.77807895327672,201.0822006225586,217.39440048217773,235.54700027465822,250,-53.16388871934679,0.0,False,3
ABLBL.NS,74.44000244140625,149.99351685072722,-50.37118669903009,1852839.940239044,-5.280562526866461,-10.074893042854749,-22.522736563328706,-23.606284469463766,-0.18742369618041713,78.19851570773187,80.49806578871154,86.31689056396485,92.12065147399902,99.74013103485107,249,-51.05788223155896,7.526570931382515,False,3
KPITTECH.NS,492.0,1271.2449225520793,-61.29778052428413,1942849.486055777,-4.807966868483604,-16.326530612244895,-11.083441561521523,-29.90684509552658,-0.1903387331596443,517.8392675436096,535.463002898664,576.1147442626954,627.857629699707,752.2278590393066,208,-61.88775338214565,8.483558211681386,False,3
ZAGGLE.NS,171.72999572753906,405.3999938964844,-57.63936894103927,1669036.920318725,-3.6415696603699366,-6.835569890062709,-18.024730906247054,-25.448234783043013,-0.17317984129140856,176.33591747804965,179.4375595883769,189.02179931640626,198.77279968261718,233.86989982604982,221,-61.92402492986565,15.56291972655266,True,3
INDIACEM.NS,295.1499938964844,485.79998779296875,-39.24454481002022,508635.80079681275,-10.587704198972759,-17.624894236104026,-22.57345633656821,-18.948235934781966,-0.1893508054200133,318.4809207685146,332.4428960853829,363.05799865722656,375.7089993286133,396.2885006713867,184,-40.25318911212189,21.402170097394844,False,3
JAINREC.NS,282.5,593.9500122070312,-52.43707480529021,2605933.808,-3.0375856935356493,0.12404965836860793,-19.744318181818176,-36.259027026371946,-0.20705854902774076,286.29023471462216,286.9346020020337,298.2100018310547,330.8685003662109,376.8452507019043,104,-54.37326468047308,35.44258406599867,True,2
KPEL.NS,218.0,462.15116270576704,-52.82928669406123,332022.04780876497,-1.602348455363578,-9.498696500044812,-34.177393879902205,-24.315989271583305,-0.22039588018149306,222.11225843260416,227.3384216587301,254.37646697998048,298.0207014465332,307.20866340637207,229,-55.36140734514863,11.66180625844786,False,2
AURIONPRO.NS,607.7999877929688,1235.2944216929336,-50.79715595574395,197495.17131474105,-10.95157883479051,-12.03832396981166,-29.336992013136054,-23.232232826728417,-0.21596813412073565,650.0973504485887,667.175205165805,700.9430029296875,764.0226513671874,841.8939614868164,229,-51.96691856077765,4.575859485936107,False,2
NIITMTS.NS,191.0800018310547,437.79574031188224,-56.35407468904773,245314.544,-12.175393942828316,-14.494115188937363,-18.898132553743853,-33.44409314432575,-0.2316343945592376,208.8825490190109,215.5571774152068,227.8919812011719,226.8870394897461,285.1531007385254,192,-57.742850611518634,32.52463412320239,False,2
KEC.NS,372.3500061035156,882.7184042406384,-57.817804147424454,1080769.047808765,-5.829536709351402,-8.692982528349248,-25.467548737125444,-29.100883992694136,-0.2160216839482028,388.2342174632709,397.8223134962454,425.6876965332031,462.05759704589843,533.2296235656738,243,-58.367243932549115,0.3042541167840751,False,2
ABFRL.NS,44.529998779296875,88.98999786376953,-49.96066990869503,5506310.7649402395,-7.3449906224012596,-11.769372494030417,-28.67211507028441,-22.771420573814893,-0.2079857631165749,47.581034415725966,49.20591841726191,53.7360001373291,57.282600021362306,62.068049926757816,250,-50.51129118696458,0.0,False,2
BIKAJI.NS,504.04998779296875,766.9994067456643,-34.28287123041923,183021.916,-12.369614552173125,-14.59675070014107,-22.912899054216098,-20.59180122995685,-0.19266901803493097,544.6791507735127,559.18103421489,595.3760046386719,623.3038891601562,643.847515258789,191,-35.11729089752682,3.02165943943431,False,2
BHARATRAS.NS,998.5999755859375,2986.2093471005855,-66.55961255511062,24504.096,-10.359068618856593,-16.975685502388828,-25.110077835605683,-25.115692406949474,-0.2201034427582492,1065.85810688359,1114.3470171311158,1225.6837390136718,1305.2306158447266,1493.2199960327148,235,-67.26954105334062,17.3748212978732,False,2
OSWALPUMPS.NS,264.25,790.0,-66.5506329113924,647714.5737051793,-5.709188224799289,-5.048504638606288,-37.93305930710511,-23.171975397127774,-0.2222932770118383,271.5201946267688,277.27151338662236,297.0270013427734,346.6690008544922,370.56800003051757,245,-67.18987187252769,2.748093223635073,True,2
ASTRAZEN.NS,6031.0,9805.695125484928,-38.49492643998816,10264.336,-8.496434531937492,-12.186953989516603,-26.445578190781593,-22.249343196258554,-0.2012044498683497,6396.92257544738,6615.364846929109,7252.9454296875,7800.182392578125,8148.629077148437,229,-38.953843420621645,5.320974651217569,False,2
AHLUCONT.NS,555.9000244140625,1076.649454434594,-48.36759335878777,102219.78884462151,-4.6074604180072924,-7.576973135839293,-34.78569288177656,-23.331976667594024,-0.21744639200539168,569.4480525698704,589.4809801952717,681.42208984375,751.7280682373047,795.2636849975586,220,-49.79331614700531,5.117710187357494,False,2
POKARNA.NS,699.0999755859375,1145.4889587311654,-38.96929601483753,178271.6374501992,-4.108087608326838,-16.709358918143003,-31.478708697407065,-22.295597307209835,-0.2211453207656734,726.4322304728371,756.8556985814704,850.7060009765624,889.3807897949218,883.2394415283203,165,-40.2394948833701,33.77038750936392,True,2
ASALCBR.NS,611.0999755859375,1273.3313070480908,-52.00777894932747,60021.895582329314,-6.129036008304533,-11.653352072827072,-30.002777583773376,-20.961999599610216,-0.20329207130371968,639.3645091391447,658.8066638343103,708.6424145507813,770.8361364746094,808.7982150268555,228,-53.18971704428081,24.36424217416089,False,2
EUREKAFORB.NS,352.5,668.2999877929688,-47.2542261800549,210484.27091633467,-6.025061513136509,-16.65681763180714,-24.437299035369776,-23.668252637973097,-0.2073236044347525,369.82100617135467,383.37691304256526,417.40300048828124,437.9634997558594,478.2902505493164,212,-47.92757648413931,16.6950374300453,False,2
GRMOVER.NS,77.87000274658203,185.4499969482422,-58.01024317713254,2163941.043824701,-2.5040690261971865,-9.485058873066665,-21.84080608924178,-53.39637054685624,-0.30058208722748087,80.14924933323394,82.04616070095004,86.54619979858398,100.90730026245117,131.5016333770752,194,-58.47937381121113,19.588496279065872,False,1
CEINSYS.NS,654.25,1243.5070930396275,-47.386709439609874,80526.4935897436,-5.930984902947523,-5.772531604065079,-29.082977868268145,-35.261514809113784,-0.24577104095233723,680.5491706250318,692.5607778443235,744.6072900390625,831.9321801757812,,118,-48.938770372836395,16.422640551164513,False,1
AVANTIFEED.NS,711.5499877929688,1575.9303166617983,-54.84889272894986,890580.952,-5.0950333053726204,-11.189468678003067,-24.0468273553345,-42.02236503679614,-0.26770391287456685,745.5137865128684,768.9336459349773,832.895302734375,942.8338897705078,1036.2269927978516,117,-55.581792380086355,7.660600750629398,False,1
RELINFRA.NS,46.47999954223633,255.7899932861328,-81.82884367558403,841689.5219123506,0.7805737612510688,-18.527607074809193,-33.53353447819709,-42.48236487257089,-0.30680470331324217,46.763412598121015,49.96923368091131,58.53100006103516,65.5393002319336,87.25474979400634,250,-83.36135013472463,0.0,False,1
MIDWESTLTD.NS,904.1500244140625,1859.9000244140625,-51.387170678762516,107123.57203389831,-4.079137722019754,-12.802584325814358,-33.66957372107592,-29.916282340567,-0.2503581568991442,934.5324369284899,977.8262916371672,1087.6969995117188,1184.6885034179688,1281.1342510986328,183,-53.76095549700679,55.0373405263412,False,1
EUROPRATIK.NS,190.4199981689453,389.6640172803993,-51.13226017173649,299888.688,-10.030709350231504,-26.775617339946713,-38.860173156016195,-14.039366875988247,-0.2363199310021265,209.8951943590027,225.32525973898157,263.84539978027345,271.36919982910155,263.9987083435059,220,-52.59762294629549,50.108116491414044,False,1
NACLIND.NS,130.41000366210938,245.0,-46.77142707669005,730575.4103585657,-6.402065636775989,-22.096769165504636,-41.68231530737296,-14.372947439934924,-0.23313433964964383,138.39817843852003,146.4387154385091,165.68099975585938,176.99539947509766,164.73844989776612,58,-48.36326443419164,50.84104236347855,False,1
RAMKY.NS,274.6000061035156,702.8017194352399,-60.92781242422404,207512.14457831325,-11.462192001472005,-19.184704421874834,-31.332683908105185,-40.1436510917817,-0.304404256936664,301.06877872723356,316.3547539420727,353.8462744140625,386.3430892944336,438.80123626708985,246,-62.364918484754426,10.624459160885324,False,1
RAJESHEXPO.NS,64.02999877929688,237.8800048828125,-73.08306815831781,463229.54183266935,-5.93506821454346,-19.448986664923684,-34.28776973009609,-33.426909361476476,-0.281403988180585,67.40791929294652,70.9592714727229,78.28060005187989,87.96670009613037,116.03679990768433,196,-74.67210410152751,27.94387196124408,False,1
DIGITIDE.NS,72.33999633789062,185.9199981689453,-61.09079332490346,727507.484,-9.302915746750406,-24.551524394926048,-39.991709243813425,-17.523660822045308,-0.248475735556224,78.10438939348983,82.96387196233913,93.46620040893555,92.68400032043456,98.51070014953613,248,-62.40318297423775,1.3769765707834392,False,1
PNCINFRA.NS,138.16000366210938,294.62840180334956,-53.107031495787496,628245.4262948207,1.0532492894596235,-23.29244445589079,-42.72895315496158,-19.20089822250889,-0.2505220919772423,138.65470484547834,150.6532977184453,190.8077505493164,206.69584762573243,210.75177696228027,250,-60.66238606702883,0.0,False,1
PGHH.NS,6639.0,14166.08056390996,-53.1345316719872,12642.712,-6.400676723530241,-14.47342995169082,-25.35930996676249,-31.09498722056613,-0.23580541540946384,7025.361587838071,7287.156312063624,7918.420546875,8515.65466796875,9767.287260742187,247,-53.55807860671844,-0.4045457751413961,False,1
SOLARWORLD.NS,125.55000305175781,350.0,-64.12857055664062,491768.888,-6.228991243490456,-12.098297666996027,-40.04584267409819,-25.53822276420189,-0.25271600565658464,132.44233480776063,137.29253971024949,153.8510006713867,176.00870025634765,195.19330055236816,232,-64.75714329310827,1.181037986330824,False,1
INDIAGLYCO.NS,298.79998779296875,1219.0,-75.48810600549886,238357.14342629482,-2.352945165696485,26.50296005653374,-72.15284363532444,-66.63875624985944,-0.4323605809580401,302.5879552006266,380.5670898749959,758.1600021362304,889.7310026550293,915.883437423706,27,-82.19852337981952,18.66984629919708,False,0
HEGAM.NS,239.27999877929688,753.9000244140625,-68.26104376833423,2175001.71314741,1.713070681954032,-66.12684166060549,-55.69687607180735,-55.81889024863431,-0.5209068018492163,249.01878924529564,308.42728508790407,521.9676000976563,537.485101928711,550.3804658508301,22,-71.60100820133069,38.1565049021505,False,0
POLICYBZR.NS,980.0,1964.199951171875,-50.10691251594241,2244302.128,-18.82040758461955,-47.08137658186651,-38.00214903065805,-32.86291479195863,-0.35844126700816126,1300.4046432775292,1480.0066216359348,1666.4319995117187,1648.5009997558593,1625.451502685547,204,-50.92658342451421,12.14048478572689,False,0
VEDL.NS,252.0500030517578,795.0,-68.29559710040782,17122685.876494024,-5.7756997937354,-6.889548693854475,-10.620566293702904,-64.66175912348295,-0.3100635325564849,260.8083536509005,263.74101174430575,268.9340017700195,284.0740005493164,458.3127215576172,117,-68.8993710691824,16.67258081966352,False,0
ORIANA.NS,303.45001220703125,3064.0,-90.09627897496635,84356.1,-0.08231807374099454,-75.165725006631,-80.4597687145008,-83.34979356888718,-0.7251922485060541,326.609227916353,454.70394567522277,949.3894024658204,1294.149700012207,1621.5620991516114,221,-92.16057451213308,3.1819622708752604,False,0
TRIVENI.NS,230.9199981689453,487.9415273208757,-52.67465767120703,614874.36,-3.8634466682764046,-16.92031371563877,-49.42951718028087,-40.89155962805392,-0.3495588641526122,240.70746486199263,249.09672657909283,255.822451171875,331.0416427612305,354.0541578674316,56,-55.10100044291393,26.270053464978773,False,0
