Ticker,Current_Price,High_52W,Pct_From_High,Avg_Volume,Return_1W,Return_1M,Return_3M,Return_6M,RS_Composite,RS_Percentile
TBZ.NS,555.2999877929688,555.2999877929688,0.0,1243252.075697211,82.89522142338492,104.80246194212901,233.00224175382945,328.43733639488886,2.305256216148687,99
MODISONLTD.NS,489.75,546.0,-10.3021978021978,115437.49003984063,-1.942138746612021,67.23578275319714,54.152532368363595,282.2844673518972,1.424124893272462,99
STLTECH.NS,825.5999755859375,825.5999755859375,0.0,3998541.207171315,13.33653123082048,29.222091726025234,41.77041473303944,373.82917215204526,1.69240864749017,99
SIGMAADV.NS,743.0,801.0,-7.240948813982517,281905.0557768924,-4.798515167054262,5.547267151901725,54.06946604458269,387.30897491401856,1.7177403169265717,99
KABRAEXTRU.NS,672.0,677.75,-0.8483954260420479,104620.76892430279,15.982045509850007,31.5712187958884,194.85322680099705,184.926852918993,1.40339157518059,99
BODALCHEM.NS,177.7100067138672,185.0,-3.9405369114231426,537205.448,49.47431039295649,157.6253958619219,157.6253958619219,296.585586403912,2.023943635318214,99
SETL.NS,392.04998779296875,410.70001220703125,-4.541033323529864,550230.564,6.1028383742811165,39.51956860959742,154.44573152513516,222.4360552684676,1.4382233912427518,99
CYIENTDLM.NS,911.0,924.3499755859375,-1.4442555242645039,637190.3625498008,8.066429418742583,32.88600630463661,108.68171468877384,216.26455080941244,1.2649417893319872,98
MOREPENLAB.NS,121.33000183105469,122.55000305175781,-0.9955130071990892,8499042.817460317,17.057404770767427,53.271849694380876,156.56586906771835,198.47477804844038,1.3871978235564457,98
SHILPAMED.NS,956.6500244140625,980.0999755859375,-2.3926080763195468,865534.5753968254,7.592524227232067,18.53764570890617,77.64698041862962,182.66667388042475,1.0082754524226323,98
JINDWORLD.NS,56.79999923706055,61.9900016784668,-8.372321827519935,6370917.178571428,34.980980906570736,52.442302189355814,105.7970958406048,149.78012229006984,1.0563773619673762,98
BLISSGVS.NS,703.0,722.0999755859375,-2.6450597191114866,2402475.657370518,13.984596676124838,47.20972002302095,65.87219391948713,244.85985855537012,1.2854600527021085,98
CUPID.NS,278.04998779296875,299.0,-7.006693045829849,29147779.888888888,1.0907108282651956,5.839137009188966,79.17901850524038,199.46148881248084,1.0481519956122873,98
PVP.NS,64.5,71.9000015258789,-10.292074226473325,1359791.8366533865,-0.8607402084351623,86.0398136904838,108.94071346452785,145.71428571428572,1.0808981704232592,98
WELCORP.NS,2610.0,2676.0,-2.4663677130044803,940815.0515873015,2.2086427078192417,41.19556397078712,88.47461416075409,222.77413002738152,1.2411201332411819,98
MENONBE.NS,310.0,323.95001220703125,-4.306223701611101,106000.684,8.010170186450583,30.608802202768626,91.6926118629769,166.27146539569657,1.009391471763705,98
HFCL.NS,253.0,256.70001220703125,-1.4413759373128276,29099453.373015873,6.913455312942851,18.79607388357638,54.5698993896857,262.41227452794146,1.2578643993609187,98
IOLCP.NS,213.47000122070312,219.0399932861328,-2.542910991671543,3458830.9603174604,12.069511764400055,29.6428983803221,66.98217094475349,194.1168308559701,1.0487691447831853,98
PRIZOR.NS,1200.4000244140625,1200.4000244140625,0.0,25143.548387096773,10.39175992854049,36.945986096754524,52.451103275915024,211.83270199988235,1.088967849949324,98
INDSWFTLAB.NS,393.45001220703125,401.45001220703125,-1.992776125729534,823721.32,7.832931584485192,72.25603340432858,141.5878734695419,181.4377708284922,1.3028597021157369,98
SBCL.NS,1105.9000244140625,1215.699951171875,-9.031827849624474,345025.964,3.3551424686039777,20.32934218229041,55.089287930572574,167.91898138221973,0.8809576161537815,97
E2E.NS,621.5,698.0,-10.95988538681948,1449467.326693227,0.4444444444444473,8.002430587559228,60.01545050632544,169.42085128011638,0.8741790622590049,97
FCL.NS,58.36000061035156,59.5,-1.9159653607536797,12311597.98015873,19.64025787832291,37.42729557085187,57.76489749685629,158.61149206427555,0.9022355097676978,97
AVALON.NS,2326.0,2400.0,-3.083333333333338,369381.80876494024,-1.9930075361301425,18.353429105492268,51.778140293637854,157.07338985201469,0.8183418309638266,97
UFBL.NS,710.2000122070312,850.0,-16.447057387408094,201011.0,-2.391418906370091,-12.060421783475128,26.73090315254627,198.981237804258,0.8496053982013506,97
BIRLACABLE.NS,339.8999938964844,376.54998779296875,-9.733101868173454,74993.324,9.694704048616964,33.7083454307398,76.76056231853836,145.93218067283206,0.8911218045570399,97
TFCILTD.NS,142.99000549316406,147.64999389648438,-3.1561047043370483,8926606.848605577,2.194116183815198,22.350970896349807,93.71689900584354,125.71911137274947,0.8309232004850433,97
SUDEEPPHRM.NS,1328.5,1362.9000244140625,-2.5240313887918364,555684.5897435897,9.820621114602801,38.739493179047926,81.95912993915955,138.58896050505197,0.8875328393103852,97
AVADHSUGAR.NS,827.6500244140625,884.7999877929688,-6.459082749476552,110444.768,-3.2327795830156325,37.70069731690035,85.05577206080785,119.54297747785927,0.8055078411446458,97
RPEL.NS,1704.4000244140625,1943.699951171875,-12.311567256743317,98343.86,-3.7714503500079655,35.646639428098894,48.256019218090685,149.04499674434257,0.8084698731378321,97
SUVEN.NS,374.79998779296875,403.3500061035156,-7.078224340777572,794951.7569721115,-4.399949123097347,17.713566261819924,39.4345256003664,175.83159723625923,0.8526571491466786,97
KSHINTL.NS,1114.050048828125,1145.050048828125,-2.707305242397595,430307.0617977528,17.633711333900948,23.797090632762075,34.86472553611817,197.35755157544097,0.9592522755095435,97
BLUSPRING.NS,130.1199951171875,139.8000030517578,-6.924182920787569,537967.136,2.9430328689885155,15.940471554079005,51.16170114931933,166.36642616502888,0.8537747840852201,97
YASHO.NS,4047.800048828125,4994.0,-18.946735105564173,32341.409638554218,-3.8184614749168344,-2.526070786491752,63.56706423768787,158.7860221303886,0.8169746781867178,97
AEROFLEX.NS,550.9500122070312,570.5,-3.426816440485325,1973533.0119521911,4.862959003753886,29.300634666779345,33.17395417292204,155.67867432240342,0.7857007881456924,96
MMP.NS,478.5,485.0,-1.3402061855670055,40162.41767068273,22.233884713467567,47.41125444586836,84.51151746026666,106.5226269192463,0.7966814536629894,96
INDOTECH.NS,3616.199951171875,4030.0,-10.267991286057686,37752.392,-2.3519589692391207,-4.651166533307494,40.71364989250743,173.74715754518357,0.8054752878224025,96
DIACABS.NS,331.70001220703125,379.0,-12.480207860941627,3266776.7569721118,-4.4917869663839145,-8.886135605183586,68.37564071422906,146.08652624746182,0.7672089689557833,96
BHAGERIA.NS,327.1499938964844,335.79998779296875,-2.5759363344043273,209954.276,30.505027706621224,57.71585857780401,59.14120864797716,117.1864800438585,0.7921062909815948,96
RUBICON.NS,1796.9000244140625,1899.0,-5.376512669085698,510027.1081081081,-1.2475242622799754,15.690193207791303,51.38957652029734,134.85795559475474,0.7237334140932137,96
MARINE.NS,420.79998779296875,450.0,-6.4888916015624964,653901.422310757,4.976919392712009,24.903530844902132,75.99329864123389,127.8906047670227,0.7943262960743089,96
DEEPINDS.NS,808.2000122070312,814.9000244140625,-0.8221882447296269,370729.05976095615,17.15590937298661,26.98078844310805,63.05503029956749,133.39478030628777,0.7938616983830563,96
NOVARTIND.NS,1759.5999755859375,1780.0,-1.1460687873068864,32061.903846153848,11.219265706281423,9.468704047541344,32.3306039106934,161.7478580269152,0.7741399176411051,96
RAYMOND.NS,856.0999755859375,869.0,-1.4844677116297444,617008.6852589642,35.49101980925848,39.214563556707404,54.83811499071503,130.661454846934,0.8010803112825543,96
CONFIPET.NS,84.20999908447266,88.2699966430664,-4.599521596235001,2430176.2896825396,4.8170312708326835,1.7766512674117552,16.0556807026782,187.0143103153496,0.8045946171750893,96
SKYGOLD.NS,814.0999755859375,868.7999877929688,-6.296042009161029,1102400.3412698412,4.60648578039673,4.425346470036784,65.88894051674731,139.68791114833698,0.7698756448640601,96
RATNAVEER.NS,295.70001220703125,314.8999938964844,-6.0971680093981355,2564314.968,-3.3723211480082615,43.47404340129577,81.41105043376152,117.18694488657388,0.7965566965021634,96
OAL.NS,511.54998779296875,545.9500122070312,-6.300947640791987,31138.604,10.271609080278864,35.15191223063903,50.94238191422027,110.53142560016478,0.6755282816848769,95
BLSE.NS,319.0,331.29998779296875,-3.712643599810539,580477.6653386455,-2.7142403361233525,2.720982946122197,41.2129298888682,148.09456794000062,0.7187447869827281,95
VINDHYATEL.NS,2719.199951171875,2952.60009765625,-7.9049020783290675,52317.63492063492,5.5303295960086984,11.515750495159738,37.79946567002934,142.30574856627945,0.711183221861534,95
MACPOWER.NS,1886.5999755859375,2050.0,-7.970732898246946,32242.652,-5.162623572179925,12.224139134162693,93.66626580137908,105.09866017925233,0.7206790928172921,95
OMNI.NS,523.0,764.8499755859375,-31.620577015859965,1099000.7441860465,-3.237742830712298,-9.570325567985261,6.236037572266162,174.38224559325513,0.6938587011231363,95
BALAMINES.NS,2505.0,2629.800048828125,-4.745609799640005,308464.06746031746,3.9548512577999295,22.428035281250036,22.56136247457732,145.02729502640545,0.6966041893496538,95
ATHERENERG.NS,1570.0,1744.0,-9.977064220183484,3924715.203187251,-8.598704975866644,5.973675329058392,50.671785028790794,130.3065823509467,0.6765903301724093,95
MANINDS.NS,823.2999877929688,844.4000244140625,-2.498819991832102,819611.513944223,9.34324648986049,48.328980434111116,55.706853483303775,109.70452750728992,0.7119398778371537,95
INDOBORAX.NS,508.5,542.7999877929688,-6.31908411281159,223143.36653386455,-1.4630341966014537,18.393480791618156,54.51099958828045,127.75953882000186,0.7098950814314838,95
UTLSOLAR.NS,430.95001220703125,494.25,-12.807281293468641,633020.2388059702,-6.528570953884005,10.514168154002368,34.503751690539566,141.75363260796306,0.6850255508575916,95
BHAGYANGR.NS,392.04998779296875,432.29998779296875,-9.310664153725579,229951.80079681275,1.9105732655870122,-0.29247822440477966,24.381336487849037,151.9277728403351,0.6821807176416651,95
COMSYN.NS,299.25,314.8500061035156,-4.954742195045947,305224.308,0.7236599974135505,33.10056378724187,77.01863034476197,95.52433455280682,0.6800780168174105,95
INDORAMA.NS,71.23999786376953,78.0,-8.666669405423677,344721.7103174603,4.749295142013188,26.28966150766223,60.921610858660166,108.91495909548041,0.6757532871152397,95
KENNAMET.NS,4665.7001953125,4860.0,-3.9979383680555536,25266.403846153848,6.1327106223078465,40.9619726568983,70.03280595162171,90.97452458248729,0.6620531721209187,94
PARAS.NS,1538.800048828125,1583.9105379095645,-2.848045265294852,1745948.03187251,7.390608040317881,20.574621523562552,47.99216756866731,114.30081402468129,0.64971960989217,94
ASIANENE.NS,552.7999877929688,554.0,-0.2166087016301943,297111.86454183265,17.24283940465934,35.30779691837811,50.21738798721977,107.35182863361494,0.6679179117375346,94
SYRMA.NS,1630.800048828125,1645.0,-0.8632189162234072,1493982.486055777,13.486433460551496,14.583296166740546,33.175729674535994,123.90183759537439,0.637787565199138,94
KODYTECH.NS,1569.949951171875,1596.0,-1.6322085731907854,15134.538152610441,10.629975208311349,14.473732696580432,77.4255517306504,96.48935559097309,0.6578115181573158,94
AEROENTER.NS,154.58999633789062,159.60000610351562,-3.139103743126137,553401.7609561753,7.81086337674588,21.971461484826982,50.75644507272794,112.38071519940229,0.6535459823621929,94
PAISALO.NS,77.31999969482422,80.0,-3.350000381469731,10471071.138888888,15.282540698730607,10.551897334577198,32.14835397861984,134.44512058225837,0.670611879632778,94
RISHABH.NS,809.0999755859375,822.7999877929688,-1.6650476920617607,153075.34136546185,14.692743863542201,26.580093888339462,52.05460722353481,110.9871308025944,0.6679652765212032,94
SAKAR.NS,1141.0999755859375,1211.0,-5.772091198518781,112968.31474103585,32.17119451604744,23.40885150671317,36.00714846077919,118.01679831088654,0.6590775361553576,94
GANDHAR.NS,263.70001220703125,300.3749196686875,-12.20971028543546,1390572.6015936255,2.320351916034258,8.648182980732777,70.52398857650653,108.86277711323342,0.6666397920599532,94
UNIVCABLES.NS,1536.0,1774.9000244140625,-13.459914424922559,177289.08333333334,-6.603428018855806,-9.29491095693853,35.90919219387787,138.0693599677224,0.6348117665197902,94
SIGACHI.NS,35.709999084472656,46.62345355852283,-23.407649243210514,6402137.372,9.472716903027045,41.875244244062124,69.08142834036381,86.67015499775714,0.6471481104032714,94
RPTECH.NS,806.0,965.4798808795799,-16.518198259531747,489492.2111553785,-1.2375904776477875,-9.701738549567818,52.67001044197581,129.56903166766972,0.6556450904198229,94
PCCL.NS,425.1499938964844,444.95001220703125,-4.449942188412415,13430.645161290322,8.484307353365917,43.63175469475824,54.57190065992532,93.33788344560814,0.632815052505091,93
ARROWGREEN.NS,804.7000122070312,824.0,-2.342231528272909,57664.008,14.66230068451042,2.9818258337578563,36.159054518956225,117.51587664679018,0.5991666224960556,93
KMEW.NS,2995.0,3175.0,-5.669291338582683,176463.43824701195,2.4141738481001873,18.454363062730938,60.74495912885087,92.45598856012407,0.591381731600611,93
SSWL.NS,364.75,375.0,-2.733333333333332,632192.996,19.335844031958736,18.23338735818476,60.61914037696445,94.46072706577328,0.6155029481423148,93
ENTERO.NS,1879.9000244140625,1920.0,-2.088540395100913,150394.092,3.867616943243135,51.27545652844867,65.57160331084269,79.7227556801207,0.6220243626531513,93
IRISDOREME.NS,61.0099983215332,64.12999725341797,-4.865116272429715,536743.373493976,4.326263336355907,11.903884463092208,70.84850150013429,96.11056613490614,0.6251218013025678,93
OMAXE.NS,128.4199981689453,138.88999938964844,-7.53834060530888,1478109.428,2.3103900600997207,48.54829693728118,72.19092922504053,69.28552219313009,0.5931218603823041,93
EMIL.NS,178.2899932861328,196.74000549316406,-9.377865046197897,2377988.892430279,-1.2845397909188483,7.513713632936092,69.86470545092477,98.2762421226415,0.6164419723182937,93
EBGNG.NS,644.8499755859375,689.5,-6.4757105749184145,446822.108,5.281628667091831,22.67667566547651,64.25113743271615,89.85720217102944,0.602817200980311,93
SHANTIGEAR.NS,704.0,704.0,0.0,108520.04382470119,32.66747717148388,76.2864628121518,60.649632925446404,59.47238217616913,0.6050788302768032,93
DOLPHIN.NS,711.0,731.0,-2.735978112175108,117169.58565737052,21.903129018431212,72.97166308592749,81.07729811589996,48.54277845321877,0.6052494633508612,93
KAPSTON.NS,566.75,600.0,-5.541666666666667,33191.73705179283,-3.4168350732895147,7.7676314298427585,68.801191362621,94.4253859348199,0.5962235456135386,93
KOPRAN.NS,243.9499969482422,249.99000549316406,-2.4161000088809725,395668.37848605576,11.9909998152806,36.92691347730231,36.49757992778247,105.00574111995343,0.6153605310330463,93
PRABHA.NS,255.10000610351562,260.0,-1.8846130371093728,164741.264,24.67621589489879,64.99579916982161,62.359988563677085,72.86028167208292,0.6331889066139049,93
HAPPYFORGE.NS,2230.89990234375,2470.0,-9.68016589701417,78125.01195219124,-7.508295922730102,17.033887288280503,65.4956016579324,83.80240554390251,0.5582559058032381,92
MARKSANS.NS,337.0,349.95001220703125,-3.7005320060883418,1909360.6812749004,4.788555225190971,23.3997022400386,36.85812602621292,100.62340907055294,0.5646559740661188,92
RUBYMILLS.NS,450.5,454.8999938964844,-0.9672442197230735,44909.39759036145,17.210873642777692,19.0224570673712,27.530077848549194,109.94500706300312,0.5776260495751803,92
UNIPARTS.NS,895.7000122070312,915.9500122070312,-2.210819338405434,207370.22,0.2518327795913322,11.197155745815056,41.10319947655332,103.30199258866126,0.5591637130555264,92
PAUSHAKLTD.NS,758.5499877929688,826.75,-8.249169907109922,33683.01546391752,-5.370507622770438,9.112481943839757,68.57353466080262,83.04988260097299,0.5507745906512088,92
EXICOM.NS,184.22000122070312,189.1699981689453,-2.6166923910531548,2097626.494023904,10.982586375231996,15.934555252855143,23.19935981047385,118.58092535468359,0.5867734777310982,92
WHEELS.NS,1892.800048828125,1915.9000244140625,-1.2056983815218691,132097.95634920636,22.765597929951053,34.07948673915311,17.35519488638375,105.1881885326563,0.5637429101980337,92
SHREEJISPG.NS,702.5499877929688,710.2999877929688,-1.0910882913120479,1059170.641434263,8.990073596319181,4.421819343010247,55.87973569218565,89.69892701894562,0.5442686274346791,92
DEEDEV.NS,682.0,760.0,-10.26315789473684,1416199.636,15.53447638545309,8.305540222186568,4.233533963597758,127.48499925589223,0.5547861557441884,92
CPPLUS.NS,3793.699951171875,4094.0,-7.3351257652204405,265933.12749003986,6.38530429534141,2.2919082459917473,10.428343288635155,131.34355578688098,0.5676283738007544,92
BLUESTONE.NS,858.7999877929688,926.0,-7.257020756698839,1587678.128,5.064835104278709,5.438918083851285,64.53682684316637,87.85956453221189,0.5609914099303279,92
CEMPRO.NS,1283.9000244140625,1649.199951171875,-22.150129612739843,667239.5515873015,3.19910373837764,1.3818698407003671,9.519745025814586,130.34819610887376,0.5559148629327172,92
MANALIPETC.NS,90.51000213623047,93.0,-2.6774170578167,1367419.738095238,7.698716266324701,40.652687307568236,52.83687988947299,79.83309923184596,0.566847127477264,92
SENORES.NS,1493.5,1599.0,-6.5978736710444075,308673.9601593625,4.236456525913779,11.239388288250684,34.2351278781456,101.55195681511474,0.5356284439973108,91
TNPETRO.NS,142.86000061035156,146.99000549316406,-2.809718163460151,465291.31746031746,7.9410608403113425,43.50577220582919,58.96294229921437,67.38137453355438,0.5413669302838303,91
TDPOWERSYS.NS,770.5999755859375,798.8499755859375,-3.5363335874523005,2459119.2023809524,1.655562033515423,24.65220970067992,37.00754829551589,89.20771327849553,0.5188134794354051,91
CNL.NS,1162.4000244140625,1328.0,-12.469877679663966,82976.31325301205,-9.159108581430564,4.078439344928841,67.50486403439606,77.27619380416382,0.5106171374282706,91
SHADOWFAX.NS,248.0,268.6499938964844,-7.686578956127277,4939988.688311689,-4.054476377626914,2.8021863508983724,16.859861734750737,115.6146820014273,0.5145882095341312,91
RML.NS,1393.4000244140625,1400.0,-0.4714268275669675,48226.54980079681,23.342487796750166,32.23878608558246,55.721412174547936,70.97898279879745,0.5389002276867486,91
VENUSPIPES.NS,1905.9000244140625,1910.0,-0.21465840764071098,80561.1,16.030537925119948,18.858965176819954,38.71491010438846,86.78335671943604,0.5170266254696694,91
WELSPUNLIV.NS,205.19000244140625,216.0,-5.0046284993489625,4216243.845238095,3.4171657951497014,24.895009329046978,51.46683907651099,75.52645705258713,0.5097135298931252,91
MTARTECH.NS,7805.0,8714.0,-10.431489557034656,717309.5219123506,10.811386384609921,10.15454096394044,9.829029761485963,116.01350895260008,0.524661593407349,91
KAMDHENU.NS,40.36000061035156,40.95000076293945,-1.4407817865582317,1414321.7450199204,10.333511727951405,14.724275896079764,48.2733344175744,85.13762395797953,0.5251525626047522,91
AIMTRON.NS,1582.5999755859375,1780.0,-11.089889012025989,45642.74193548387,-3.7611345691525466,-3.023988300039482,30.556017103942644,106.84878134703024,0.5092540655307175,91
VENUSREM.NS,1625.0,2031.2182849222206,-19.998750894356753,65856.53012048193,-2.32026786201065,5.471542253506612,0.12032941333262048,132.0303096564053,0.5371050435106217,91
WELENT.NS,792.6500244140625,825.0,-3.9212091619318157,294642.1150793651,12.344984498341693,36.81713261701609,44.72258356125274,72.65701377763239,0.5107750555266616,91
WSTCSTPAPR.NS,694.0,699.1500244140625,-0.736612205424525,130906.71314741035,6.181154517003273,18.379530916844345,43.91678454059418,78.5238433549086,0.488785943392109,90
MPSLTD.NS,2690.10009765625,2979.0,-9.697881918219197,36765.47791164659,0.23474359913198128,-8.225295357938133,48.89578625999174,93.1710573615649,0.5031557411094906,90
NEULANDLAB.NS,23700.0,23881.0,-0.7579247100205189,57141.167330677294,2.998696219035213,3.697221614526369,40.11447809192865,88.54760973205494,0.4849270126520937,90
SALSTEEL.NS,81.0,86.25,-6.086956521739129,220785.47389558234,2.7918741916763246,31.174089068825907,36.80121812608099,80.40088473786405,0.4971472456590273,90
SMLMAH.NS,6331.5,6449.0,-1.821987905101563,102473.03174603175,16.979214780600472,21.13066768700975,72.73345250383947,54.01565252445684,0.4935035177639657,90
FILATEX.NS,75.69999694824219,87.2699966430664,-13.257706130258518,1911546.972111554,2.6579863591719155,-10.710075444436084,54.04964975272004,89.53430032824163,0.5015239860414265,90
MSTCLTD.NS,760.8499755859375,805.0,-5.484475082492235,516572.69444444444,4.290314346746449,30.674104866627317,35.68434696137985,78.5823254044215,0.48702086658182664,90
BETA.NS,2143.89990234375,2807.89990234375,-23.647566618943937,20816.772,-5.132970707228934,-9.681090852054608,42.61290711824264,95.25500021345627,0.48436356979721484,90
KRISHANA.NS,183.8000030517578,206.38999938964844,-10.945295995297933,1019123.139442231,-3.784743639082633,2.8712178515621467,38.19317624615755,92.72330744760015,0.4874304505929149,90
SPORTKING.NS,217.8800048828125,240.46267240987245,-9.391340161340068,369280.432,-3.4762644224698325,2.0943194125069065,28.700204889441537,105.43463631273835,0.5085515343218221,90
NILKAMAL.NS,2104.39990234375,2149.5,-2.098166906548038,35639.372,3.461155474127331,21.550271067581118,70.09062063994173,62.77085918834584,0.5079169962824981,90
SANSERA.NS,4021.199951171875,4094.300048828125,-1.7854113471037047,219899.77689243027,0.07964039750809615,4.073707240401547,39.561999202664346,91.77794055371531,0.49402481470116544,90
QPOWER.NS,1482.0,1511.4000244140625,-1.9452179396027391,710304.6533864542,3.217714834985741,31.86459698488926,29.13058697432831,86.24072529381648,0.49930157090301514,90
KALYANKJIL.NS,613.7000122070312,648.9500122070312,-5.431851350170613,9837565.55378486,2.113146789855458,1.2205219467346096,81.19279305839102,57.763499282013164,0.47918656698655043,89
DYCL.NS,463.95001220703125,560.0,-17.15178353445871,559769.984063745,-5.930656787518829,15.439168761602119,50.866673547075905,72.61525489756602,0.46800872096717727,89
JINDALSAW.NS,304.45001220703125,319.5,-4.710481312353288,4212712.392857143,-1.711053363347459,9.102320560897903,36.225336580585264,85.2607633111481,0.4662126507447965,89
SHREEPUSHK.NS,524.75,545.2000122070312,-3.750919249661655,210945.7857142857,12.983095318789584,27.552262466011722,48.486137256048266,64.86020110730011,0.4729868364481583,89
SGMART.NS,817.0499877929688,860.5999755859375,-5.060421685849792,350065.1093117409,-2.155559578843158,14.28870609741959,41.45602879642174,82.11300544037992,0.4792419607667809,89
ATLANTAELE.NS,1899.5,2152.60009765625,-11.757878201892924,257207.56170212766,3.7751297347178303,18.172201763678288,2.3713284828887016,106.87213839545345,0.4747220722925543,89
AYMSYNTEX.NS,322.6499938964844,325.0,-0.7230788010817335,44401.44,15.047238314363366,30.12704088229341,47.55110284823056,63.012178970268764,0.4700033445047169,89
AEGISLOG.NS,1241.0999755859375,1497.800048828125,-17.138474086913604,1357940.6175298805,1.7879050180277245,-6.94308907371356,34.75678718413058,93.03986170062286,0.4643315352254838,89
LAURUSLABS.NS,1928.5999755859375,1949.0,-1.04669186321511,2096221.6653386455,0.7101814927382488,4.570835792764694,39.17875756255431,89.08130281640835,0.483713337031564,89
IFCI.NS,95.36000061035156,107.5,-11.293022688045063,35839755.11111111,9.282601737134222,25.440679849134295,35.30078897331714,77.87726081827068,0.477575371628437,89
GHCLTEXTIL.NS,132.00999450683594,144.58999633789062,-8.700464865948698,431978.576,-2.0479406975792314,8.569782451501041,41.17839329705883,85.49128059398157,0.48059192647252563,89
RSL.NS,189.33999633789062,190.17999267578125,-0.44168491441822777,834116.0420168068,6.574351252404198,23.978519397905295,47.89875802138257,67.51304820200623,0.4682798569203874,89
KRN.NS,1626.699951171875,1668.0,-2.4760221119979,629151.079681275,4.738907780754453,34.616014424581024,29.545274701473566,77.0461441863249,0.47079133747963675,89
SEDEMAC.NS,2921.199951171875,3368.89990234375,-13.289203127121985,210172.968,-5.444421456874893,3.9425011627606033,14.795457508717913,101.30935154845746,0.4520643595886299,88
CARTRADE.NS,3194.199951171875,3290.5,-2.9266083825596367,616523.796812749,6.775863318464825,14.364480886927144,30.301055658766394,81.07709473763465,0.4507163710191569,88
DPEL.NS,578.75,599.0,-3.3806343906510827,53560.24096385542,1.091703056768556,9.861430032425789,17.393509127789052,97.28992260384481,0.46215478092036655,88
NITINSPIN.NS,660.9000244140625,664.0999755859375,-0.481847807485869,283702.8605577689,4.780027651852947,18.281883564038036,23.822018625585486,84.22300332099304,0.4497018639406576,88
ACMESOLAR.NS,415.20001220703125,430.5,-3.554004133093791,1641211.8167330676,3.296429804105938,12.642432265839076,23.2413237545517,89.19165201173563,0.4550718736463817,88
ACCENTMIC.NS,617.7999877929688,621.0,-0.5152998723077729,43550.403225806454,1.9724375156529472,20.0894106586873,30.08598857169882,82.06300667687958,0.46066125125564233,88
GMMPFAUDLR.NS,1261.699951171875,1308.5999755859375,-3.5839848149976206,148719.016,21.032184782926898,27.792967362666097,66.73977503829983,46.68142869215792,0.4635631593917902,88
SOTL.NS,684.4000244140625,850.0999755859375,-19.491819307213266,315527.6746031746,-11.278195131777856,-0.23064946379760531,26.822351486433504,96.66417296792564,0.45538425227163004,88
MBAPL.NS,165.2100067138672,174.94000244140625,-5.561904419658381,1095982.896825397,2.7553227815677372,0.4682584900443043,47.771378611370885,78.47400253538115,0.46090198573729363,88
UFLEX.NS,666.0999755859375,723.5,-7.93365921410677,188859.98,2.6190110367288577,36.300380386271215,62.21148661779783,49.486168698680984,0.4597989064573887,88
STALLION.NS,212.77000427246094,423.79998779296875,-49.7947120337338,1805689.2549800796,0.8388645841047149,-17.048731277793006,17.760689006813934,108.9462834592362,0.45580860288590536,88
IGPL.NS,581.25,590.0,-1.4830508474576232,42219.56626506024,8.685492383558714,17.924529762130682,34.03025349594804,75.89839887425912,0.45021890789270064,88
PARACABLES.NS,66.3499984741211,75.69999694824219,-12.351385536400883,1750165.2142857143,4.570524312547364,-1.5140332950523527,9.038619782939028,104.21666680951725,0.44552498430932874,88
TARSONS.NS,324.1499938964844,375.0,-13.560001627604167,457177.47410358564,-2.261420213485943,3.794430536888549,56.813885815010565,69.01298568423367,0.4518210410422575,88
INOXINDIA.NS,2202.0,2320.0,-5.086206896551726,213984.752,3.176836771591929,12.65156059782293,16.409390379586664,90.02311401460159,0.4378005851644042,87
GCSL.NS,599.9500122070312,608.7999877929688,-1.4536753882043563,265239.4176706827,7.798046063421515,14.505200540002994,45.359180766282556,65.09191712133261,0.4332536579276056,87
APOLLO.NS,420.54998779296875,466.5,-9.8499490261589,9851663.916666666,10.816861078516137,8.319378697480673,10.163716514202692,93.20530680877638,0.43076799525119114,87
KDDL.NS,3999.60009765625,4147.172141618966,-3.5583775865427825,30112.992,3.3587442675871104,4.479682652049277,42.52398111786027,72.18611413053189,0.428634509447394,87
PAYTM.NS,1654.0,1732.300048828125,-4.5200050003516345,3388947.800796813,-3.6747991662166024,14.733631243836044,55.115813960410435,59.237515909569005,0.4280899688409628,87
MANORAMA.NS,2126.0,2130.0,-0.187793427230043,206902.65737051793,12.439176279778842,29.93521962137462,37.98923004981851,61.91926884996193,0.4339543810718314,87
INNOVACAP.NS,1170.300048828125,1199.9000244140625,-2.466870154485734,67394.152,8.552089354429082,23.90683417979089,28.590273620726812,72.12825515585016,0.4306495991995919,87
ADOR.NS,1630.0999755859375,1766.4000244140625,-7.716261715595108,35858.7609561753,-4.4041741576597015,9.889439716695492,48.45499306850232,67.94225578328172,0.4325087076143651,87
ANTELOPUS.NS,1005.4000244140625,1075.0999755859375,-6.483113454996403,439750.13095238095,26.840344849199703,26.928425123399503,16.95457405463847,73.85440872151557,0.42697855214597646,87
WINDLAS.NS,1143.550048828125,1181.9000244140625,-3.2447732290173947,67380.37450199203,13.40805043046931,36.19365397221714,42.01774561983842,57.51058951116117,0.4418909532790636,87
TCPLPACK.NS,3883.199951171875,4410.89990234375,-11.963544012673676,7913.264,-0.637141983628009,23.31925661662284,57.24253338079927,54.52910971297897,0.4358454102439314,87
GKSL.NS,175.24000549316406,177.63999938964844,-1.3510436302243245,855912.8620689656,10.813207391876944,30.406309812225384,41.015538928914516,61.36280658873397,0.4401236701580072,87
SKIPPER.NS,605.7999877929688,616.6979610926131,-1.767149234665255,607651.187250996,13.347721688898616,14.536906531057724,16.34029684546747,83.38384717401482,0.4249778139834757,87
LOTUSDEV.NS,198.0,207.5,-4.578313253012045,1564153.0358565736,8.279557770487811,6.548995344685804,46.082344553471,65.49649031269678,0.4216105433710596,86
AZAD.NS,2828.39990234375,2986.60009765625,-5.296999602881158,359897.812749004,-1.1671027295583447,13.635994469415436,30.974758154376005,76.16941154430083,0.42370680684960393,86
AEQUS.NS,234.9600067138672,274.3900146484375,-14.370059342388986,5514864.85026738,-3.8389088011003047,-5.376340451848449,33.94140301357174,79.89434623373344,0.40681000427085173,86
REDINGTON.NS,376.8500061035156,381.6000061035156,-1.2447588899439088,6624281.373015873,7.794622289546349,6.695921030325924,66.69250801563278,48.525410965189806,0.4153656322578558,86
ICIL.NS,445.0,474.6499938964844,-6.246706895133913,811625.0358565737,-5.208224852755694,4.726675182163276,37.10725815384135,76.65639142428257,0.4221924656702252,86
STOVEKRAFT.NS,836.0,873.3447454599583,-4.276060015714666,223032.604,-1.142378398914956,5.259726402039511,28.747643030231252,79.7642293302997,0.4146769208170566,86
THEMISMED.NS,132.52000427246094,148.0,-10.45945657266153,248455.01992031874,6.21994389496483,19.927605676435235,28.48555851917254,72.3501174722364,0.42093230069429854,86
SAILIFE.NS,1643.0,1643.0,0.0,546897.0,12.557378568175492,20.34867116642247,38.28802573535266,61.59331202360463,0.41449204620149693,86
CGCL.NS,271.3500061035156,287.45001220703125,-5.600975967925814,2825446.2182539683,8.230333156876956,16.850939962020405,36.25867027608114,63.99921316649488,0.4067050765751407,86
DIVGIITTS.NS,1169.300048828125,1329.800048828125,-12.069483689780224,96318.63855421687,-1.4662427791091948,11.654337438827888,50.189463382159104,62.16629479561961,0.42107600142750234,86
GLAND.NS,2946.60009765625,3042.0,-3.1360914642915794,368412.57370517927,2.4904381793478203,11.305860435450654,28.71716088533298,75.85957081855241,0.4146919249804577,86
BEPL.NS,132.7899932861328,137.34641029083173,-3.3174634816087845,1446911.742063492,4.427484635014234,5.271915275615657,43.52649142603817,67.90798919449352,0.41718274624233415,86
RAIN.NS,220.05999755859375,250.82236847510148,-12.264604270954981,4336841.430278884,12.649086605087856,-0.8016904192722607,11.477431231238434,90.66332400895236,0.40813129549606814,86
COFORGE.NS,1922.300048828125,2021.199951171875,-4.893128079011122,2820803.0912698414,-3.3485833761582873,6.204422587189229,38.5564839493381,69.52251382125442,0.4028197689312522,85
DIFFNKG.NS,453.0,519.9000244140625,-12.867863295344161,191936.34136546185,-6.694129763130796,3.1061447950543775,31.226006609611325,78.31298178917044,0.4064481068124937,85
KIRIINDUS.NS,578.0499877929688,779.0,-25.795893736461007,955118.246031746,12.03604498821469,34.52407990960491,47.386529781093564,44.45832727977142,0.40107710326979085,85
JTLIND.NS,89.94999694824219,94.0,-4.308513884848741,4014261.5396825396,2.2507624190791553,15.989675575136308,26.121701252292585,71.04011539694939,0.3967556789140271,85
JYOTICNC.NS,1042.25,1055.9000244140625,-1.2927383368171785,988519.4581673307,4.754006453856552,32.889202629328885,62.88974599796897,34.87544483985765,0.3987034290658518,85
ESAFSFB.NS,40.95000076293945,44.9900016784668,-8.97977498289576,1179487.46,-4.700955085824921,1.6886026755549288,50.00000698662524,64.32584525509142,0.40597965224552635,85
TVSSRICHAK.NS,5402.0,5760.0,-6.215277777777772,15341.936,-2.130590904695895,36.24555809862298,37.15533098205572,53.98210122531706,0.39775492313998545,85
MANYAVAR.NS,580.8499755859375,779.0,-25.436460130174897,492367.908,6.529110607232913,12.371822045155856,46.29139741689312,58.31288777557626,0.4033984980505291,85
NRBBEARING.NS,482.95001220703125,503.8999938964844,-4.1575673632091465,458358.82470119523,5.390073585822419,0.9827521603829048,10.844617552488911,90.652566721235,0.402499697448995,85
JGCHEM.NS,608.5499877929688,675.0,-9.844446252893524,228684.028,-3.9081005016679327,10.085021930369354,41.49034623508099,64.27317255772473,0.39782567229521265,85
QUESS.NS,326.0,388.75,-16.141479099678456,685246.2341269841,-14.09749670619236,0.6949806949806847,35.93759862198993,76.1422095703495,0.39967409883113686,85
MOL.NS,67.19999694824219,87.75,-23.418806896590095,1102107.8207171315,5.098527356194582,27.708092573758613,44.08232810388277,53.389625295038215,0.40632019799551294,85
UNIMECH.NS,1526.0,1555.0,-1.864951768488743,113248.588,2.4161073825503365,5.481444079948261,32.822697151412974,71.55705452501407,0.39807530509674205,85
LLOYDSENGG.NS,82.61000061035156,99.47641802454628,-16.95519174205976,8084358.856573706,-4.430821058399292,-14.495041508116246,19.585971767489042,89.60219351672116,0.3837457852947199,84
SUNDRMFAST.NS,1257.5,1263.5,-0.4748713889988099,129795.088,4.452194908129892,15.308783980274443,51.43303986380576,51.42098652857632,0.3950528285744013,84
CHENNPETRO.NS,1444.5,1489.699951171875,-3.034164775015158,2283084.535714286,4.145638067772173,16.482544023717537,32.224540308763764,63.441539822334136,0.3875505063308351,84
SUDARSCHEM.NS,1236.199951171875,1595.8711433648984,-22.53760860884143,229441.9920318725,-0.3626984909405051,10.44401833682942,44.93401798667664,56.02465038334616,0.37942599367613294,84
SOLARA.NS,706.4000244140625,712.0,-0.7865134249912198,241281.2341269841,9.783201649357798,37.37845345084243,21.64629060868981,57.04758639059815,0.3776693259395047,84
WABAG.NS,2016.9000244140625,2248.015501662673,-10.280866705664327,429207.8095238095,0.14896469356133757,2.188786254797126,32.665401928325835,68.72407412834795,0.3774190395015249,84
GOCLCORP.NS,437.95001220703125,459.8999938964844,-4.772772772507084,180924.86852589643,13.063122578083352,2.276973312015218,14.66160445352882,80.18926422879709,0.38235893947788857,84
RAMRAT.NS,535.9000244140625,602.4500122070312,-11.046557630427756,200018.29083665338,-6.015430911726272,17.059859917779853,46.97472004670953,54.53726222798585,0.3871774979759054,84
HIRECT.NS,1268.9000244140625,1397.5377365248423,-9.204596680920696,139517.28685258963,3.8464685375988905,-3.1521850325877954,20.595049778905427,79.08187630588066,0.3756547530326622,84
URBANCO.NS,171.14999389648438,201.17999267578125,-14.926931043134484,9677015.639344262,2.4175652392897984,19.069143840142576,39.52066230633733,59.342694405717,0.396488617461455,84
IKIO.NS,215.58999633789062,248.8800048828125,-13.375927311073777,656145.3306772908,0.05104910550055575,5.65547322398503,39.7756669215404,63.325754801432296,0.383992015523821,84
AETHER.NS,1628.5,1717.0,-5.154338963308092,328164.3426294821,-3.713122864960483,2.318423283493587,44.80704564763316,65.0534596567927,0.3955586992720969,84
AYE.NS,187.0,197.2899932861328,-5.215669134931278,1857744.0070921986,4.166664187566815,9.696720045127428,30.824119774766867,67.56272630538018,0.386283368823643,84
ORCHPHARMA.NS,957.0,1133.0,-15.533980582524276,117615.78884462151,-1.4316638237238832,-4.476715743762605,12.46254025167901,91.80278115774618,0.3942136500747727,84
PANAMAPET.NS,483.70001220703125,595.8726432274872,-18.824933867224313,347010.80079681275,-0.6878093973716526,-7.965262289341945,29.499980105059986,74.2662757942121,0.3689467095159728,83
MAHASTEEL.NS,1269.0,1421.0,-10.696692470091484,19508.17269076305,-7.574654042243267,21.284520766419046,41.14114497367227,52.74434504640706,0.3693952025972399,83
OFSS.NS,11675.0,12540.0,-6.897926634768736,232585.3373015873,-4.201197997866579,-1.80824222035324,26.005072581080356,75.98877576939336,0.37415263838224144,83
EIMCOELECO.NS,2271.800048828125,2373.76648551747,-4.295554651708578,72569.44578313253,3.4800104711133706,22.86641691877367,47.3042547585256,44.988273147435805,0.3710787011739807,83
NIACL.NS,206.4499969482422,242.60000610351562,-14.901075121922503,3381935.4007936507,11.132040803234734,14.975495519748904,41.666363891560934,51.184189310276906,0.370818880758523,83
CAPLIPOINT.NS,2797.199951171875,2877.300048828125,-2.7838632154082554,117675.164,11.11464446183641,8.667100930486749,21.122372454119763,68.35300358237552,0.36522797801467133,83
DIVISLAB.NS,9518.5,9544.5,-0.27240819320026866,384823.3984063745,3.857064920894704,14.680722891566255,43.60681180806316,50.99132875378922,0.3680042611433736,83
JNKINDIA.NS,441.95001220703125,558.0,-20.797488851786518,539935.916,1.8904927278458272,9.6650154359879,-11.255017629110187,97.0352234480577,0.3755963645047219,83
SANGHVIMOV.NS,444.75,525.873954285097,-15.426501659581449,444669.24206349207,-2.9036105550515057,-12.681252137871846,20.266118336818995,84.02970322910105,0.36865105309606594,83
UNICHEMLAB.NS,558.4000244140625,687.2000122070312,-18.742721988509725,256677.31746031746,0.3684818761726216,10.10549761103594,20.709039569080723,72.13317969181196,0.3712393145727345,83
APARINDS.NS,17439.0,18465.0,-5.556458164094236,118601.84462151394,-1.4857078296237725,4.8583969695147555,23.81256656017039,71.9483336619996,0.3674621204379153,83
YUKEN.NS,1009.4500122070312,1028.5,-1.8522107722866998,9176.616,2.0574296960262695,26.37749184352809,50.55961344769149,38.818300669833135,0.3617644564054895,83
VARROC.NS,818.0999755859375,896.0,-8.694199153355186,279031.456,-5.092810256851799,0.850587188741958,42.54330110026465,59.286212382725665,0.3613831169523287,83
WOCKPHARMA.NS,2208.0,2422.300048828125,-8.846965467048573,1246441.3333333333,19.312656929053638,14.33306005730579,14.772842497066897,66.34021089269224,0.3576581481056349,82
SHAILY.NS,3354.800048828125,3615.199951171875,-7.2029183962381005,305242.5634920635,2.709487759146678,-0.3741715828540437,14.136018545151806,77.87911181485285,0.3558856474883054,82
KWIL.NS,41.36000061035156,50.68000030517578,-18.389896682523098,18947975.489361703,-8.858528786126874,18.646012295449708,25.29537326080824,61.94204826831571,0.35208780866046013,82
63MOONS.NS,872.9500122070312,1006.4004873759529,-13.26017592826042,351133.39442231075,12.08192072552885,1.772079534483395,35.87827778353605,56.24664276605598,0.34824748420932766,82
CENTUM.NS,4308.89990234375,4420.0,-2.5135768700509042,63612.012,25.987537771089887,11.59483986412042,27.29834800872446,55.422830491778626,0.3527635834926186,82
TALBROAUTO.NS,426.8500061035156,451.6000061035156,-5.480513654892826,210352.00793650793,3.907015284196058,1.1373103777700955,19.61608485434474,72.8137676532452,0.35628496121575126,82
ROSSTECH.NS,1183.199951171875,1219.0,-2.936837475646026,206105.11952191236,6.599396659521739,8.287184801590076,16.319301707898305,69.53717005028864,0.35028035158755133,82
XPROINDIA.NS,1379.300048828125,1572.6395438881225,-12.293948464629967,62606.79761904762,21.438632640598488,29.135856226517532,17.68873488546592,56.14662868773124,0.3573630645009563,82
QUADFUTURE.NS,436.04998779296875,485.0,-10.092786022068301,1144417.231075697,3.4396869694896637,20.622403262232012,28.856381695549093,55.899166522098234,0.3548503046689939,82
ASTRAMICRO.NS,1744.0999755859375,1960.0,-11.01530736806441,556630.7698412698,3.421486618628511,0.5418818630687383,24.90868112836573,69.10024571472735,0.3556322765887726,82
ORIENTHOT.NS,139.77999877929688,148.78278132938067,-6.050957287962722,804558.2222222222,0.8150053606609919,10.830951264854004,35.940583752448816,54.66778821339262,0.34896981200128596,82
GSPCROP.NS,586.5,667.9500122070312,-12.194028103675791,373630.3534482759,-8.28772478498827,-1.8410041841004143,36.72921862907601,64.63157894736841,0.35674423852351256,82
PARADEEP.NS,162.17999267578125,200.21458546899734,-18.99691408801265,6722977.055776892,2.3370029527506997,9.588589684990612,32.28345045497753,58.71706606409115,0.3532327979440291,82
PGIL.NS,2340.89990234375,2539.60009765625,-7.8240741719878155,146093.048,-4.988235410695396,-4.99980481432889,42.5899964651137,55.86916538703755,0.33625880590413815,81
RGL.NS,146.9199981689453,159.0,-7.597485428336281,1699969.8015873015,7.272189666203976,25.819990059637597,43.099250792997815,38.56455706913815,0.34246815044102524,81
AEGISVOPAK.NS,286.6000061035156,311.489990234375,-7.9906208581955855,1138190.7290836654,6.64186273619185,0.4556671455206107,44.962439277462195,49.084204483904,0.33877733279523564,81
SOLARINDS.NS,22330.0,22460.0,-0.5788067675868258,148114.66932270917,11.316051844466601,18.65037194473964,30.349412439388402,51.78800267837127,0.3468170437655962,81
GRWRHITECH.NS,6937.0,7990.0,-13.178973717146436,81776.71314741035,-2.8091068301225874,-0.516277068693527,11.742912371134029,76.54095211491001,0.3375508846055325,81
ARVIND.NS,569.0499877929688,595.2380724658142,-4.399598393355375,656769.9801587302,2.9622030052727233,4.168230869133449,16.29040286097405,71.2246048220788,0.345068292614777,81
ASKAUTOLTD.NS,602.2999877929688,687.7000122070312,-12.418208942586572,384498.77689243027,-8.728600468266068,-5.142140922334004,41.25514475452974,59.03746398298306,0.3409024078825874,81
GIPCL.NS,199.47000122070312,211.7100067138672,-5.781495963819427,417337.3187250996,0.055176870994566585,26.30279900677288,24.505332289857364,52.476677918496925,0.33608348342810007,81
BOSCHLTD.NS,48670.0,50000.0,-2.6599999999999957,32562.892430278884,0.24716786817713388,11.872198597862305,30.414681281349544,55.032517021260176,0.3353656769929911,81
PPLPHARMA.NS,228.0500030517578,231.92999267578125,-1.6729141320878438,4790891.7330677295,6.366608929039375,8.828441770736028,38.99554633474733,50.627484970495296,0.3435200713567346,81
APOLLOPIPE.NS,599.75,668.7999877929688,-10.324460085717524,671026.7182539683,-1.656141016687518,18.23558403154264,25.474524454006065,57.179745778504355,0.3399575835224333,81
OPTIEMUS.NS,557.6500244140625,713.0,-21.788215369696708,219452.392,-2.873813341180076,-0.7916654269974566,32.17587875834034,61.52064429082187,0.3381530692431335,81
STYL.NS,386.20001220703125,434.70430029318214,-11.157995918935615,271074.86808510637,0.10368699500249434,-4.686845687161412,48.08129152608893,49.4364516718695,0.3327196768864245,81
TIIL.NS,3195.89990234375,3565.300048828125,-10.360983407435587,19515.345381526105,-2.6085661330565335,18.65230749373492,28.65423198360981,51.524428533908306,0.32675645894087596,80
VISHNU.NS,731.0499877929688,742.0,-1.4757428850446397,113869.14342629482,12.098437541238383,24.684780512006622,26.07100149390298,46.852918272385246,0.32709267613650156,80
ALIVUS.NS,1399.0,1488.4866814641196,-6.011923558234178,120471.196,-0.1213644057353469,5.579332164161066,36.125071637066576,52.64952416432982,0.33001061149110583,80
ASIANHOTNR.NS,405.3999938964844,423.79998779296875,-4.341669284207949,32216.71485943775,10.64410498080366,29.64502016970778,34.9758567198974,38.527251785927504,0.3289707226236214,80
HONASA.NS,480.0,506.64561650495574,-5.259221759139631,1529265.292,-0.18714782863525903,1.128239959936117,16.49505182811577,68.40603132023435,0.32517861285652166,80
SGFIN.NS,677.0999755859375,727.4500122070312,-6.921442817539491,329784.42629482073,-1.6772015419519337,-2.4983852424386277,14.772431829075504,73.6153783553686,0.33210483688187176,80
ARTEMISMED.NS,345.70001220703125,350.0,-1.228567940848213,233967.48387096773,5.412410226956976,9.416046479056895,34.08768594506215,47.86346915126871,0.3179614376253321,80
RATEGAIN.NS,855.9000244140625,1050.0,-18.485711960565474,532293.168,-8.723470910535557,-9.824579634559448,9.22665276681034,82.16452342143712,0.32796542180652505,80
RADICO.NS,4439.89990234375,4747.0,-6.469351119786182,404004.6454183267,-0.7688331995033271,-2.4197823660714324,28.98202752762915,61.076956462048784,0.3256455104994364,80
APCOTEXIND.NS,612.7999877929688,712.0,-13.932585984133606,114812.792,-5.183351482706689,-0.32530905005051514,15.794820847626823,71.0852534124429,0.32589150660984434,80
GUFICBIO.NS,444.54998779296875,453.95001220703125,-2.0707179560060185,110814.11155378487,6.773143095004985,5.5191909358037305,22.141979370627716,60.17934527429052,0.3249548441756577,80
RBA.NS,95.52999877929688,111.1500015258789,-14.053083699639224,5983443.692,-2.6197754687041996,0.642647094520421,40.073318260990185,51.035571192564234,0.32302775827356417,80
AVTNPL.NS,89.7300033569336,97.0,-7.494841900068461,164853.2248995984,-2.5309518395079,25.654668471253594,27.951613971846957,48.292745847605126,0.3258042104089607,80
DPABHUSHAN.NS,1416.699951171875,1670.0,-15.167667594498502,38662.384,-3.9590553440870924,-1.8498041284865763,57.94636622903313,40.90908263081794,0.3298167656093109,80
CRAFTSMAN.NS,11405.0,11539.0,-1.1612791403067813,70443.4016064257,1.843996963879091,8.795192215968717,27.067466292966124,53.109646388077955,0.3130753658270268,79
AKUMS.NS,743.1500244140625,796.5499877929688,-6.703906119798397,260414.66666666666,-4.319555461011881,6.552442670753811,26.104379237499444,57.40782577044643,0.3167297706747798,79
VIJAYA.NS,1514.5999755859375,1573.0,-3.7126525374483466,206418.92430278886,1.040692167173951,8.760591852564726,18.402128939921592,60.258175294833194,0.31480096387140094,79
NAZARA.NS,367.04998779296875,379.3999938964844,-3.2551413553488895,2508895.812749004,-1.5159710837154394,4.1719828110729384,31.112688618682572,53.06504717339209,0.31242624908804656,79
BHEL.NS,424.8999938964844,446.5,-4.837627346812012,12774875.365079366,-0.3868231024977131,3.8875290700450815,15.006245453853118,64.80596852036133,0.31163084548059716,79
BRIGADE.NS,684.4000244140625,799.2478861619728,-14.369492085792723,706270.3665338645,4.353137133628526,17.60460693496544,41.266562731295565,38.11310097026548,0.315814443078508,79
HUHTAMAKI.NS,249.39999389648438,330.0,-24.424244273792617,510277.31474103587,-5.135032450900534,-9.292604901325952,45.92474902145016,50.42588528458894,0.31575754594915384,79
SONACOMS.NS,786.0999755859375,844.0,-6.860192466121151,2219964.226190476,-2.8906762710392164,-3.2492337740384625,34.74360401469019,54.05662511230276,0.3110681686741654,79
VSSL.NS,356.04998779296875,374.3999938964844,-4.90117692378732,129610.352,-0.02807977122827321,5.182036237579379,35.889945767697704,47.36261493278715,0.3074562897381722,79
NELCO.NS,923.0,1120.0,-17.58928571428572,253042.70119521912,-2.995270625328428,-3.7438756387559002,29.562039355508517,59.72918005670953,0.31711981639052345,79
TATVA.NS,1674.300048828125,1838.0999755859375,-8.911372010959163,123966.41666666667,4.317760051596564,-5.705109717879109,45.1999032414639,44.798060894745895,0.30769949391921364,79
GUJTHEM.NS,452.45001220703125,479.0,-5.542794946340035,227946.07142857142,7.739016324632897,23.098905518637757,18.040706135219708,50.0912237138327,0.3084238406228984,79
HESTERBIO.NS,2346.0,2683.60009765625,-12.580119442948911,13514.868,3.8558635363115545,-2.9736509056497717,21.50288444322608,62.24926559754644,0.31141427744487604,79
LXCHEM.NS,181.86000061035156,240.59049253763015,-24.41097788520995,1121120.231075697,9.179319573644328,3.541335255248068,21.486857093347123,56.11409748360758,0.30517895129861217,78
MUNJALAU.NS,113.30999755859375,129.46286953315382,-12.47683759274587,960851.8366533865,-1.8621180867201659,11.94324663098476,19.678828321777985,55.79289668961147,0.3042324468990292,78
ELLEN.NS,318.8999938964844,559.7999877929688,-43.033226000279335,380380.37848605576,1.1097019872323477,7.845783135514339,23.580704895182958,54.06540675077001,0.30380500994688997,78
GUJALKALI.NS,713.6500244140625,815.0,-12.435579826495403,1247663.266932271,0.04907284832245118,4.541126329938705,15.514735920197875,61.495821287844585,0.30165881842017184,78
SBC.NS,46.79999923706055,47.58000183105469,-1.6393496510650474,11242677.223107569,11.032022640204818,13.702622474628235,27.070314717169673,46.754468901783454,0.3066660873481041,78
AGI.NS,760.0,939.0,-19.06283280085197,242035.268,-2.0744718583172728,7.072416606137422,23.537058667066436,55.43511218447434,0.30442198609305426,78
TMB.NS,924.4500122070312,949.9500122070312,-2.684351773495486,334581.92,-0.8738970182564865,5.53684563321144,21.321649348282754,58.234963556579466,0.3071045965193326,78
NETWEB.NS,5118.0,5813.0,-11.95596077756752,1955173.1513944224,-1.3606771831990105,3.6200153388637357,19.219432321239903,60.06220666919753,0.30378647713503837,78
VMART.NS,826.0,886.8128854091074,-6.857465245450623,629335.6,-2.5311241840882848,3.333961997625323,19.72291682922329,59.99723824379735,0.30329450327402163,78
MEESHO.NS,212.8699951171875,254.39999389648438,-16.324685446413756,24707686.540106952,3.6418500169273837,11.246401007183703,28.188605471993334,48.507046571562704,0.3047286547335257,78
MOTILALOFS.NS,1049.9000244140625,1088.3156211947492,-3.529821315852666,1133928.5238095238,3.3366165761872457,19.036283947172628,26.25060789285292,46.654559101791705,0.30677924455625805,78
NPST.NS,1730.5999755859375,2206.497701403627,-21.56801366776657,36836.353413654615,3.5915240558384465,14.95947572204459,4.840372373994395,63.91361011081598,0.3036860330651747,78
SPAL.NS,1044.9000244140625,1218.4508944923061,-14.243567045888817,117563.804,-0.2277675193097073,1.0860362899373532,31.236505239834365,52.8492244793152,0.3070507186973289,78
GNA.NS,553.5999755859375,601.6500244140625,-7.986378605223221,238716.96015936256,2.547003912536283,5.00758019112848,56.07221438626564,29.546462934779804,0.29896465919270937,77
GABRIEL.NS,1355.0,1596.6964052725275,-15.137279978486218,455037.358565737,-5.76535384981608,-9.467698948388692,33.82649090960494,55.239643549742446,0.2977372951811912,77
NUVAMA.NS,1827.0,2066.0,-11.56824782187803,544065.0717131475,4.1856766329810835,11.219337329172529,20.02365383033109,52.637571861902366,0.29724560022992885,77
PNBHOUSING.NS,1174.699951171875,1211.5,-3.0375607782191505,1206680.6454183266,2.263428319421057,2.773399052657477,22.237216726448494,56.69985816942484,0.30132130928178086,77
SHRIPISTON.NS,4461.2001953125,4785.7998046875,-6.782557203021067,97481.324,-3.2109692295534065,1.5571023872294587,30.41800033558961,52.509850335986826,0.3011966378956217,77
PNGSREVA.NS,542.0499877929688,644.0,-15.830747237116649,356408.1846153846,1.025067584592354,6.0348151113587045,42.25167436233437,40.31840665847282,0.30112334752820413,77
PTCIL.NS,23885.0,24125.0,-0.9948186528497382,21681.708,8.008501401826894,25.20968756552737,28.61450648861128,38.33545696745049,0.29761322386851746,77
KIRLOSENG.NS,2234.5,2714.2611782271474,-17.67557160952762,613046.54,6.435176904858642,3.3677221849711225,23.18320323014804,53.91973044027964,0.2983991527263635,77
MAXESTATES.NS,540.5,579.0,-6.649395509499135,120510.076,5.463414634146346,36.11180853497722,22.18831073634393,38.44774806613216,0.2980429561776612,77
KTKBANK.NS,332.75,345.8999938964844,-3.801675087747969,3663173.6944444445,0.5590831482741976,9.009009009009006,25.542356281831612,50.35470772706576,0.2966230009200501,77
AARTIPHARM.NS,876.25,944.0989338759356,-7.1866338835259835,317467.7888446215,3.6491571676165124,27.761176815877175,40.81960626757735,28.66162773742973,0.2962768405518218,77
HIKAL.NS,244.14999389648438,281.96029052687066,-13.409794889817295,1115584.513944223,23.177686848761468,8.827422043277512,38.83450304144353,35.12928462683833,0.2978531785670005,77
LENSKART.NS,688.25,694.7999877929688,-0.9427155883774185,6305417.37799043,3.9024720158794546,20.809195234822496,37.608719064074705,35.816477553034034,0.3016129298898847,77
MMFL.NS,619.5999755859375,687.9500122070312,-9.935320213429188,160892.25896414343,-4.6915860860493375,-1.510093843375493,41.93270562835174,42.69395202127577,0.288862151197358,76
ROLEXRINGS.NS,175.74000549316406,189.39999389648438,-7.212243317592771,2717765.90438247,-2.6856364932042243,12.164930883564562,25.951413338104288,48.54197372975835,0.29366636020727116,76
FMGOETZE.NS,474.70001220703125,542.9031499790809,-12.56267121947583,364229.236,-10.28875484242684,14.10904796631316,27.226665190054767,47.983285039284375,0.29154247681750123,76
SKMEGGPROD.NS,254.14999389648438,372.0,-31.680109167611725,503249.49206349207,-3.0701822790880073,1.753609140049317,11.210779877494348,64.89326272955007,0.293642426551694,76
EMMVEE.NS,329.20001220703125,371.54998779296875,-11.398190546983766,3803830.5024630544,2.3154661094114237,3.229858421976095,-0.36319059068418147,70.1555849123568,0.2883079508307383,76
TBOTEK.NS,1681.800048828125,1764.800048828125,-4.703082372142631,207643.6015936255,-3.627295148895915,4.4012678216856616,36.932105169313175,41.32773519564075,0.2812824967849779,76
ALEMBICLTD.NS,109.05999755859375,117.72000122070312,-7.3564420423964165,469290.49206349207,10.328780214544597,28.54785745657342,31.19968397631805,32.112836894521465,0.28947489463473147,76
VIDYAWIRES.NS,89.19000244140625,117.3499984741211,-23.996588324562186,4425882.502673796,-1.1745125302977888,-6.568192649486704,-0.12318097042819387,77.42192486419958,0.29500725871624256,76
IMAGICAA.NS,55.15999984741211,62.0,-11.03225831062563,921156.1633466135,0.2909088134765536,12.342162039954108,35.76174845513216,38.837151983282546,0.28760908619191144,76
AMAGI.NS,566.9500122070312,727.4000244140625,-22.058015785231444,805426.8417721519,-0.09691414854074987,-12.365715818921586,36.828768880334486,49.23664683224882,0.2826045481836148,76
DALMIASUG.NS,446.8999938964844,520.0,-14.05769348144531,448149.6,-4.477933511535726,6.6714359410595225,38.72252858898606,42.05889480185798,0.2932681033449734,76
STYLEBAAZA.NS,394.6499938964844,447.1000061035156,-11.73115891098594,839125.0956175299,-1.546716256112557,23.078123002830765,19.265639521269673,48.420459930556724,0.2960882880355849,76
PRICOLLTD.NS,760.0,823.0,-7.654921020656136,626759.528,-5.3843759726112665,2.9949823627511307,39.950283967180724,39.66736486290954,0.27912590010607136,76
PRECWIRE.NS,481.45001220703125,524.9000244140625,-8.27776913432874,992404.9083665338,-4.776501899713182,16.348483907618917,22.478668920782162,44.34921702110994,0.2727533407623109,75
JSFB.NS,541.1500244140625,606.9500122070312,-10.841088470153014,569334.641434263,0.6790743095930196,-1.5016380839805499,15.927600378187856,58.30042847803747,0.2786603131883454,75
SURAKSHA.NS,338.70001220703125,348.95001220703125,-2.937383476553279,63261.024,0.04431381464242712,35.72430697858309,25.07386538952625,31.15198923795983,0.27132248089222666,75
BALRAMCHIN.NS,712.9000244140625,780.9500122070312,-8.713744379189347,1177754.7817460317,6.585938616434195,8.798172363840129,29.960813103348748,40.764143988733224,0.2771212986090936,75
NEOGEN.NS,2197.800048828125,2483.89990234375,-11.518171615759066,157174.50199203187,-0.1544567699058863,8.21709586250201,10.202131953938132,57.06165482666137,0.27513275012355803,75
ANTHEM.NS,944.4000244140625,973.5,-2.9892116677901925,472126.577689243,5.749962188342583,12.29488994221908,23.603197712153978,43.431377674648665,0.2748748459078373,75
POLYPLEX.NS,1158.0,1264.0,-8.38607594936709,95914.4860557769,-2.080160332639025,3.7727372224087397,30.17086688174424,45.71536205014222,0.27883936295798,75
FINCABLES.NS,1270.4000244140625,1364.285193926858,-6.881638086429964,541393.4007936508,2.495092709890745,20.924938143877103,26.315162801446323,37.722963586997736,0.27418231174997487,75
RPGLIFE.NS,2679.10009765625,3082.0,-13.072676909271575,22637.844621513945,1.9056712687808952,0.6688478751564642,28.335966848005146,45.91623534417706,0.2719162089398175,75
VADILALIND.NS,7469.0,8379.661952680708,-10.867526134385185,18315.345381526105,-2.089051175064882,4.460903557937024,27.033472398882385,47.572866487686525,0.27822463908820244,75
ENGINERSIN.NS,279.6499938964844,289.6499938964844,-3.4524426758917204,4896566.529880478,6.789628102043643,16.23025220380414,20.512816297662173,43.278002044512064,0.27390058958068675,75
HATSUN.NS,1188.9000244140625,1222.0,-2.7086723065415264,78552.1235059761,0.8824797975445442,24.766501621732683,32.02665457124514,32.21792249204461,0.27536713672292373,75
DCBBANK.NS,229.52999877929688,234.8000030517578,-2.244465163528664,2340581.301587302,2.2906543979809735,22.46172317593842,32.72999956499261,32.55516413380262,0.2756247559800461,75
GREENPLY.NS,300.79998779296875,333.81821311913393,-9.891079644112033,440694.02788844623,3.652644776036529,5.046265542676287,7.152739019104737,59.136101083877634,0.2717477972542139,75
ETERNAL.NS,322.3500061035156,368.45001220703125,-12.511875309047927,37034462.75298805,-1.7525144446921659,2.3333352709573374,34.424521268225526,40.42080917048181,0.2678709565838263,74
STAR.NS,1192.0999755859375,1225.262710817159,-2.706581612126624,385495.49206349207,16.393285727259954,19.329326885479237,21.075824491634876,37.20724319276978,0.26710838574420215,74
ANANDRATHI.NS,2225.60009765625,2242.0,-0.731485385537467,516834.72908366536,0.9708804536084692,5.9053103809778795,28.092091951438846,41.54022295703841,0.2632186688980344,74
YATHARTH.NS,982.2000122070312,1024.8499755859375,-4.1615811479647995,498921.18326693226,-1.9662652686880944,12.898501554038022,18.400274348079336,47.831147073681215,0.2703561491783508,74
LODHA.NS,1208.5999755859375,1340.2415520455131,-9.82222766177191,2074876.4023904381,0.8343067081334921,-0.828749978715071,40.70138300413697,36.4511392552999,0.26708551278431386,74
TIL.NS,251.94000244140625,371.95001220703125,-32.26509096034823,305115.528,7.299829287425608,8.548037835484612,37.80014216387371,31.02085976284401,0.261879770501392,74
GRANULES.NS,878.4000244140625,908.1083439738012,-3.2714510065767866,1062613.3346613545,4.921167177054797,2.7188211818073293,15.341650518879725,51.42436187037318,0.2620812085788014,74
RSWM.NS,219.14999389648438,238.0,-7.920170631729251,75158.088,10.453097047311699,5.54832574423616,6.461009180772437,55.073579492326765,0.26122709404740835,74
UTTAMSUGAR.NS,285.0,359.29998779296875,-20.679095551703984,153591.5498007968,-8.674338029573892,12.750720094461187,22.776028089896492,44.73617119476061,0.26409987120808043,74
SOMANYCERA.NS,559.1500244140625,576.7999877929688,-3.059979846123262,103234.48192771085,0.33196423140440245,12.777337269226962,12.035613209104689,50.992979515414326,0.2659653964588297,74
PWL.NS,126.87999725341797,161.99000549316406,-21.674181769953538,17094040.1773399,9.097157286360225,-3.5792987427239797,18.46871994501138,52.2620838418528,0.26639305500335764,74
AEROPLANE.NS,200.49000549316406,206.89999389648438,-3.0981095178414297,1210462.5495495496,15.006025002776834,3.148639465822267,67.49374319521091,11.383336385091148,0.26931787906041865,74
KRBL.NS,437.6499938964844,474.8487044763946,-7.833802688990888,688928.444,3.6471270329151873,15.581671979672462,28.02398305763363,37.4097312076874,0.2685213449959106,74
SAMBHV.NS,128.05999755859375,141.32000732421875,-9.382967080665129,1284940.352,0.11726518035337641,9.555991297177213,22.252980962857993,43.05183462996966,0.25819552918316047,73
ALKYLAMINE.NS,1993.5,2115.0,-5.7446808510638325,127200.92828685259,-0.514025779875027,5.258988030096878,11.567317459713443,53.51505558013751,0.25876612498000917,73
PITTIENG.NS,1159.0999755859375,1199.9000244140625,-3.4002873571111536,60721.31325301205,4.767930687761157,23.315065751670705,24.90301461055362,31.888263956900566,0.25366016185036566,73
ARMANFIN.NS,2006.300048828125,2158.60009765625,-7.055500877327314,41537.2,1.2924773205100548,-1.264761376568646,25.120052935960402,45.047724092843346,0.2543140097466274,73
UDS.NS,219.97000122070312,263.3715158058594,-16.47919838725047,282396.968,-2.1180948682110623,4.732658429356729,21.900579511589434,44.86827908175166,0.25252207685227734,73
RRKABEL.NS,2448.89990234375,2983.800048828125,-17.92680936158758,435430.37848605576,-16.37412976336433,-11.255665796566404,13.267493676712228,64.59325511346263,0.2592900401274901,73
ZYDUSWELL.NS,561.0,611.8499755859375,-8.310856846441983,1028602.8611111111,6.089261147948055,8.699869509407886,12.345499215567335,48.453903966981485,0.2543411136813918,73
JAGSNPHARM.NS,240.57000732421875,260.14646303072993,-7.525166968808151,216589.06374501993,1.5595181055685803,5.7895112954118755,19.58927604171683,45.359199397541936,0.2533431664117106,73
SPARC.NS,204.64999389648438,289.0,-29.186853323015782,3210614.98015873,3.893795479391926,-1.3164292227067942,0.26455993558280877,64.54932007477873,0.26025189713984176,73
ECLERX.NS,1924.4000244140625,2496.1160957516863,-22.904225981742886,295870.06772908365,-2.6556729906238252,8.838783309285692,41.59926383079247,28.42011429089053,0.2535001422838871,73
COHANCE.NS,452.8500061035156,1038.9000244140625,-56.41062706116288,1895357.406374502,-0.6799004321789592,1.5928224573226402,5.191639048435692,60.27252722280414,0.25917077051898996,73
BLUEJET.NS,569.3499755859375,758.1661798115717,-24.904329585442742,691285.625498008,-1.6241942832073475,-4.133700592510648,21.202762232237895,51.58412309211311,0.26005318359693746,73
EMSLIMITED.NS,379.3500061035156,592.3242723682122,-35.955687821670644,559045.6454183267,1.2274866186832822,-6.194359092740465,25.675003621971882,47.177499943168044,0.2545737790717902,73
MONARCH.NS,382.20001220703125,405.91149198853304,-5.841539411791685,150094.356,0.42039045660984264,-1.9127435199706277,14.142939767662588,53.33248733093037,0.2523536720433779,72
SAREGAMA.NS,496.20001220703125,574.5,-13.62924069503373,1327540.292,3.3965448047208913,-4.429892037604333,13.274746269721472,53.57474553809121,0.24865998169104153,72
DVL.NS,296.6000061035156,373.3187679942109,-20.550470125810804,33928.24899598394,8.652646408740328,11.236336221849385,24.29868807759501,34.16428593466223,0.24067852682387306,72
SMARTWORKS.NS,539.75,619.0,-12.802907915993533,108266.384,0.409266534646191,10.877159723666718,20.291951262742124,42.11427523642286,0.25149654071589744,72
BIL.NS,925.2999877929688,980.0,-5.581633898676664,7889.628,8.577795651119846,11.434938881045875,35.71428635371869,26.953422348556842,0.24640422186859506,72
TINNARUBR.NS,1001.0,1322.0,-24.281391830559762,65699.52,0.39113674752331296,-9.66519068185211,15.335864943176624,55.5676402222099,0.2493389111021886,72
PRUDENT.NS,3327.0,4105.5,-18.96236755571794,37651.216,-9.454602426974745,-1.3286686096257494,22.35789917521458,48.695268468693385,0.24974283175419107,72
VENKEYS.NS,1725.5999755859375,1800.0,-4.133334689670143,91142.2,1.3866025608658905,9.673315673714612,25.334101858486747,36.562203935289595,0.24298435522491374,72
EXPLEOSOL.NS,888.4000244140625,1032.5221988494377,-13.958264005943288,71066.06,3.9794006353542466,6.33154092328696,30.30175070463701,35.72405718677849,0.25044396334295316,72
EPACKPEB.NS,235.0500030517578,344.0,-31.671510740768085,2709491.4913793104,6.021653715508313,-4.567600430616281,12.939654317888415,52.20489166585316,0.24452498247135362,72
RANEHOLDIN.NS,1688.0,1846.1341245121132,-8.565689914534468,23670.70238095238,8.156599782843577,-3.482190151747866,26.34740928848025,41.29061974940604,0.2453969263424128,72
RAMCOSYS.NS,613.3499755859375,967.5,-36.60465368620801,701388.4103585657,6.62320305709474,-3.8485731131105094,12.997418824533469,52.25269114885707,0.2469290778999024,72
CENTENKA.NS,593.0499877929688,659.4200186323656,-10.064909915390185,109397.024,8.458303041790005,-1.016128619842327,20.208772769029594,44.76910507679561,0.24612878441637662,72
CMPDI.NS,239.77999877929688,281.3180883112053,-14.76552388837412,4263122.814159292,3.836826901353696,-3.7337354642383302,4.9532085213267685,56.952934760678616,0.23904072057957182,71
RBLBANK.NS,415.95001220703125,417.04998779296875,-0.2637514969748733,6801089.677290836,9.359801638553611,6.984845033533005,16.830617055880627,39.98888704015251,0.23377689103387153,71
MATRIMONY.NS,520.9500122070312,566.3557799316015,-8.017180954709058,40566.052,0.43377673935776073,8.350670847219522,33.416423770294614,29.546903170377824,0.23557200242619195,71
NYKAA.NS,340.1000061035156,349.54998779296875,-2.7034707536737645,6228418.597609562,-2.7034707536737645,2.43976087455291,29.611285828643563,36.20344824193633,0.23582370144910808,71
IDEAFORGE.NS,792.5,992.25,-20.131015369110607,800490.5258964143,-0.34580320653881946,-13.069711097813308,-13.548599384002348,76.81837983394135,0.24014249578159294,71
IPCALAB.NS,1981.0999755859375,2001.5,-1.0192367931082913,282548.7729083665,-0.32702757495677304,17.516901068017443,23.201416061199076,33.31398278822817,0.237566953897588,71
BEML.NS,2134.300048828125,2269.4720026583113,-5.956096998414373,387897.4404761905,8.329108807389996,13.261516725556554,23.55563382327055,32.683295309850216,0.2362522249677156,71
SASKEN.NS,1883.5,2760.488858956468,-31.769331584550976,78893.496,-0.8423269281389811,-1.9316867675487237,-16.123584273128564,73.2689980568255,0.2399995389446799,71
DATAPATTNS.NS,4895.10009765625,5000.0,-2.097998046875005,865191.9601593625,8.26274682420105,11.7424128429098,12.677904524440752,40.437731250032826,0.23153221108347424,71
CLEANMAX.NS,1360.0,1536.0,-11.458333333333337,352527.6461538462,9.07049269159208,2.7345482577916913,1.8345189067764833,54.072729261617056,0.23633406297397316,71
MANGLMCEM.NS,1085.0,1120.0,-3.125,90432.37751004015,1.236295777933294,15.845611563759743,30.367137927587674,27.61177095803944,0.23447601652037356,71
INDIANHUME.NS,389.70001220703125,426.6626968523802,-8.663209818442963,99604.248,2.310322512879437,-0.6120871867190902,37.93915838867596,29.94399552582905,0.23467960540878532,71
NIITLTD.NS,95.83999633789062,115.13916690922679,-16.761603448591224,1072830.742063492,-5.343213493441357,0.5703684910457696,13.920618297541543,48.74039538232395,0.23252095991057065,71
PENIND.NS,180.6999969482422,279.8999938964844,-35.441228692891436,799305.8565737052,9.078831916972142,11.895467707994655,22.234996083374536,33.426867548340724,0.23328222577644797,71
VIMTALABS.NS,625.0,890.1643638284478,-29.78824749712742,396467.96812749,-2.8673575036151977,-4.0307101727447225,20.7869363266475,44.94152656831969,0.23119813740411663,70
THYROCARE.NS,571.75,662.0,-13.632930513595165,790622.4621513945,-5.417700578990903,-5.221715706589302,8.707191740086406,54.38941037087286,0.22781808471158113,70
VINCOFE.NS,180.63999938964844,189.39999389648438,-4.6251292445255725,2476761.595238095,2.1430552192994723,22.792467296704988,13.71733865212017,34.324810476370835,0.2261792476745533,70
SHAREINDIA.NS,171.3000030517578,209.3573902779376,-18.17819145321584,1498001.9322709164,-0.8163995178607997,1.697934320172223,31.308848850658944,33.233575147145004,0.22944031626304046,70
GEOJITFSL.NS,81.76000213623047,86.5,-5.479766316496571,991742.924,-1.8722966446321987,6.154253050841674,15.364336295189474,42.289898130737136,0.2256888108655681,70
TTKHLTCARE.NS,1145.9000244140625,1210.0,-5.297518643465904,9520.296,-1.1899566559322228,5.6323721271898775,31.3378005174203,31.7488693636514,0.23108366660531404,70
IIFL.NS,646.9500122070312,705.0,-8.234040821697697,2290421.492063492,1.2203688484748731,3.3631549723415866,31.73488172807415,31.654460773826187,0.22976916707268524,70
INDNIPPON.NS,1100.699951171875,1278.199951171875,-13.886716224426788,51369.616,4.768701384939189,-5.600347240834047,25.65067935751997,39.065060160691736,0.22678028561859792,70
GLAXO.NS,2989.300048828125,3120.699951171875,-4.2105907136124054,91401.93227091634,-1.993378803365986,14.986348616140432,37.445408205074095,21.681258637890764,0.22704057759570023,70
KOLTEPATIL.NS,448.0,554.5999755859375,-19.22105666761239,163562.0361445783,0.2685792837548773,0.6515375998017658,25.878057792353726,36.87748753702343,0.2267157780085133,70
STYLAMIND.NS,3396.60009765625,4150.0,-18.15421451430723,71382.390438247,-1.9598759516163966,-3.9558858290329457,8.970166751884822,53.51170332380355,0.2310856659411864,70
SUPRIYA.NS,912.3499755859375,1083.7124081428149,-15.812537650145153,310862.28,14.42239050030214,-1.0846388043397215,-4.091358660764211,57.258147067236756,0.22901162517827708,70
SHANTIGOLD.NS,264.5,280.75,-5.788067675868214,1105167.6215139441,7.228281494875133,18.075088829096188,18.508892471309867,32.667907146473965,0.22957676515289296,70
SHYAMMETL.NS,1093.9000244140625,1111.0,-1.539151717906162,375276.55555555556,1.474955882566098,9.051944077168006,13.334189968340349,38.79715919941751,0.21477005073959318,69
GALAPREC.NS,1028.4000244140625,1260.0,-18.38095044332837,36665.36,0.29256874669125743,-0.771902722071327,14.956410963513589,43.822116211519926,0.21890646103916908,69
VERANDA.NS,236.9199981689453,272.5,-13.05688140589163,409661.92430278886,-4.965906430511458,-8.152747835967222,6.884414984535381,55.50012944332361,0.22138236062445468,69
AURUM.NS,226.8000030517578,264.6400146484375,-14.298673481766722,207994.14342629482,-1.9243230046452675,0.3495458449285449,23.610207288508622,38.326417275375626,0.2229110596522402,69
FLUOROCHEM.NS,4531.2001953125,4958.89990234375,-8.624890912379657,133187.17529880477,-3.4579696322041165,0.28994704351605893,24.4493324721917,37.73901153806962,0.22142596802368159,69
NAUKRI.NS,1286.300048828125,1423.5480532701476,-9.641262486836267,1712225.8214285714,-5.140114393206119,0.33541722528276363,33.87323715515702,32.11860039695624,0.22562483311065545,69
COSMOFIRST.NS,912.5,996.0,-8.383534136546189,101094.48,-1.7972462319889027,2.2408963585434094,22.747338711849174,36.49759464804969,0.21691694121284422,69
GNFC.NS,589.0,619.0,-4.846526655896611,362845.3015873016,2.256944444444442,8.252164386831652,19.86162135038112,35.76120588078682,0.22139096079239837,69
UEL.NS,218.0500030517578,284.20001220703125,-23.27586429063385,11291.792,9.6886213673254,-15.415650015869042,52.25891545932298,22.218484712730913,0.2245080065644799,69
PFOCUS.NS,321.1000061035156,367.0,-12.506810326017536,3398092.164,11.764712755540918,11.648122145012184,41.27948250093218,15.836937937685569,0.22224715629910413,69
INDIGOPNTS.NS,1151.800048828125,1340.211918083566,-14.058363958205966,131493.8406374502,0.3286036831598782,3.2296709215398067,18.446411937301477,37.980257023260286,0.21404820943118508,69
IONEXCHANG.NS,426.0,484.3644916198611,-12.049704846173304,432312.45019920316,15.886831590541117,10.835841778916478,29.683979580802202,23.60857242893455,0.22104474360651882,69
LALPATHLAB.NS,1899.800048828125,1988.9000244140625,-4.479861958480624,373102.9442231076,-1.7988176985928361,-1.6462998115417848,21.72248625699156,40.01029352376142,0.220117215544344,69
ANDHRAPAP.NS,74.36000061035156,86.18916380875459,-13.724652468668552,328230.42629482073,22.807599582657634,21.901640344838636,23.86756782157402,18.073163582734296,0.21050623806799415,68
MCX.NS,3306.300048828125,3471.4939344339746,-4.758582003191214,3082922.6428571427,0.09991065177490377,20.117463635534726,19.274557377464994,28.554857162113613,0.21237793870369379,68
DHAMPURSUG.NS,169.6999969482422,199.9199981689453,-15.116047167610148,479655.3849206349,-1.805352530811588,6.4417015268551925,18.53041776810711,35.75380809969175,0.20968453622598712,68
KERNEX.NS,1732.800048828125,2580.0,-32.83720740976259,263824.54183266935,-0.1785803066039926,-29.32539300436253,-9.979737812326771,74.69503036374343,0.21001154170266437,68
JUSTDIAL.NS,692.0,878.5999755859375,-21.238331524138065,569822.326693227,-2.5626600808513866,1.273234649854449,29.30953348225538,31.097855831450683,0.21230383299142638,68
VOLTAMP.NS,11270.0,12724.746990128295,-11.432423695786408,55858.07171314741,3.3139295045148343,13.095835423983937,16.79769426246589,32.32414949438569,0.2091952811174231,68
HNDFDS.NS,629.5999755859375,677.75,-7.104393126383258,62277.741035856576,-4.3451893179390915,9.26760885935549,20.187077394003182,33.97169044195583,0.21063802235060472,68
LLOYDSME.NS,1794.300048828125,2125.0,-15.56235064338235,523736.8968253968,0.24022619151535807,-12.592556208656024,7.237634544002591,53.3457792605784,0.2101511344485247,68
SEAMECLTD.NS,1788.300048828125,1804.0,-0.8702855416782174,77068.98393574297,6.776928390909531,17.196288119232793,12.973727422129922,33.016914224531966,0.21215834379389278,68
SAPPHIRE.NS,227.16000366210938,338.0,-32.79289832481971,1372406.314741036,-3.0928714162090643,1.3112132840068735,29.879938015638462,29.983984208252966,0.20910530603173194,68
KSL.NS,919.75,971.394119592367,-5.31649497878769,50833.72222222222,2.1944444444444544,10.16289053835946,19.2402835271271,32.15607785124857,0.20886538750753894,68
ACE.NS,1115.0,1193.8073393073244,-6.601344849584379,335101.80079681275,0.5896346670208219,2.078760886005493,27.25540607828019,31.595445373709286,0.2128951561687095,68
MIDHANI.NS,469.25,475.0,-1.210526315789473,1140068.940239044,13.304359994096181,7.836379772908253,8.271805862571902,39.53060231867644,0.2119149464023342,68
POLYMED.NS,1748.5,2103.492450651864,-16.87633585477587,197589.47619047618,-0.4497850321254715,-1.1464318279002295,18.47187725127146,36.49741022308399,0.19866262395822445,67
JKPAPER.NS,418.8999938964844,440.18408478548275,-4.8352704299545195,389023.34661354584,4.450818263764722,7.790343946349654,22.268251967188156,29.427523918819574,0.20454635773330682,67
MAHSEAMLES.NS,687.9000244140625,695.7999877929688,-1.135378487712313,182593.91235059762,5.312310403943021,18.438396618397945,16.677462511055086,28.826192746744606,0.2075262621608826,67
NAVINFLUOR.NS,8632.0,8775.5,-1.6352344595749524,215317.2390438247,-0.04631773969430153,5.313243457573358,20.754296316995656,32.146563436134045,0.2014293118709756,67
ELECTCAST.NS,80.23999786376953,102.66578095782631,-21.843483665963625,2148808.9601593628,-3.835096457342324,12.869812181939766,14.84831260984867,32.96840368258111,0.19832308046640768,67
ACUTAAS.NS,3229.699951171875,3740.0,-13.644386332302805,399020.26294820715,2.1862890394411583,-2.067981236283334,0.7078251067001773,49.897883820069744,0.199765337167254,67
RAYMONDREL.NS,586.25,734.9000244140625,-20.227244451730897,562048.8565737052,10.155953880726853,-15.03623188405797,1.9165050577224285,55.153469982984205,0.206446885217715,67
ANANTRAJ.NS,631.9500122070312,742.4300925158334,-14.880873151898266,3505666.027777778,7.511062492504306,4.584197303604665,23.329453778444666,30.41894814540498,0.20834361101666754,67
THELEELA.NS,542.0,582.8499755859375,-7.008660426702617,442553.256,-4.978966198894563,4.633204633204624,32.21124133697584,24.927968739196004,0.20063304203522622,67
BHARATSE.NS,225.3800048828125,261.4935961713362,-13.810506955918456,564886.0396825396,2.795897323973784,-4.923011186967696,31.467209440679067,28.970602603964714,0.20323391368793445,67
LLOYDSENT.NS,71.43000030517578,84.69999694824219,-15.667056813680091,3727471.648,-1.2715939023473344,-14.4550894548793,7.680787794340316,52.04957325712725,0.20105888359942403,67
MANINFRA.NS,129.63999938964844,161.22347815656877,-19.589875573983527,1262105.6055776891,4.078357362414864,14.079549530037628,17.662006744030222,30.84772936235487,0.2086143941040003,67
CYIENT.NS,1082.5999755859375,1267.736092444419,-14.60367957983324,530726.996031746,-7.041044282930187,26.619880185489777,27.868652261029325,19.255341500713197,0.20682603887399015,67
GALAXYSURF.NS,2263.0,2648.0,-14.539274924471302,21313.4859437751,0.32806800954827686,9.498236486472923,34.95415699804991,19.19088412799619,0.20095054848862862,67
TEXINFRA.NS,117.5,121.04000091552734,-2.9246537415328344,145528.32,5.77490881603635,3.5590488492549976,18.901908951520376,30.30616571186686,0.1908233962165749,66
INDIQUBE.NS,202.0,243.8000030517578,-17.145202021545437,119756.92369477912,5.318037948878285,10.62431174590792,31.965760981602532,18.156289229728408,0.19508910130441534,66
ADANIENT.NS,2956.89990234375,3245.0,-8.878277277542368,1796247.2103174604,3.247320198722403,-1.7641228457225933,1.6990508114789415,48.17039299991026,0.19749779894135508,66
JUBLCPL.NS,2200.199951171875,2911.800048828125,-24.43849459864659,8404.896,-4.975380324377854,18.749994235129506,20.67130435201776,24.600741325839248,0.19294148650529142,66
FEDFINA.NS,163.61000061035156,178.47999572753906,-8.331463174106911,1316837.549800797,4.051128780623481,9.372287329155938,9.672884195625088,35.416322648244815,0.19347964661878983,66
CORONA.NS,2079.39990234375,2270.10009765625,-8.400519233023562,150483.11475409835,1.4192973136911036,1.000575725037045,20.548180579496524,32.211179384721,0.1939097080411388,66
STEELCAS.NS,321.54998779296875,364.0,-11.662091265667929,133962.98,-8.076043735233041,-3.030765417841863,13.211656495770697,42.20712947434426,0.1943259128137724,66
POLICYBZR.NS,1815.699951171875,1964.199951171875,-7.560330093247503,1776486.436,-3.1626692708333293,13.162976078022748,20.276893252275485,26.972024557473784,0.19188206087193377,66
LANDMARK.NS,497.45001220703125,662.7999877929688,-24.947190499584913,363799.248,-3.8651076486974745,-7.027376216011872,18.32778768534402,39.1274029339552,0.19357311471113164,66
LUMAXTECH.NS,1936.9000244140625,2148.699951171875,-9.857119726851549,259054.67330677292,-5.9757269701911415,11.431370315493684,21.184571889744408,29.210358499617396,0.19728216332849904,66
HERITGFOOD.NS,382.1499938964844,535.9513958603458,-28.696893627260522,372368.66932270915,5.770829451415049,5.624656382011928,21.309631133128846,29.22864920809818,0.19786363244721816,66
AUROPHARMA.NS,1692.5,1717.0,-1.4269073966220125,1320450.316,-1.4269073966220125,2.080820265379968,16.435059743156867,35.693091777728505,0.1948122794745225,66
CUB.NS,235.41000366210938,248.85000610351562,-5.400844730466082,3601023.638888889,0.17873022644681047,8.774607547283942,23.37250141542477,26.022514724163017,0.1919355084639411,66
PIRAMALFIN.NS,2289.199951171875,2324.0,-1.497420345444278,397837.6238095238,-0.4868697464499139,8.508318915222656,16.066818834300367,30.835720193021345,0.18807310535898192,65
THANGAMAYL.NS,5418.0,7430.0,-27.079407806191114,173188.27380952382,2.0050833097994936,1.2899607403253022,0.3278629827312418,46.03686132849478,0.18971603905262296,65
SIMPLEXINF.NS,263.70001220703125,330.0,-20.09090539180871,144224.702811245,-1.908259726024042,10.394782767782274,1.325653105487512,41.212383233374396,0.1877077980595006,65
DIXON.NS,14127.0,18471.0,-23.517947052135778,529563.2857142857,-2.309660466081187,0.08501594048884176,24.23709436285286,29.510451045104503,0.1886134586838731,65
HINDOILEXP.NS,187.94000244140625,193.99000549316406,-3.1187189445030516,1015124.496031746,11.207102036335058,14.709476710322722,12.06917463415984,27.980929268008325,0.18875729643149336,65
ADANIPOWER.NS,208.05999755859375,254.1999969482422,-18.151062133585715,36362540.26984127,1.8105289377527978,-1.22952594964868,-3.456914824433288,49.74808831339757,0.18797308581874586,65
NORTHARC.NS,312.5,334.0,-6.437125748502992,829771.2749003984,0.2727438216469036,13.122171945701355,8.733474821351649,34.52432023015219,0.19081479309771335,65
MWL.NS,38.15999984741211,43.939998626708984,-13.154298952989718,763820.2470119522,0.6329158493033615,-9.787232776168075,1.8315273739132554,50.421095431556665,0.1882374141449336,65
SKFINDUS.NS,2933.300048828125,3131.0,-6.314275029443472,37948.7807486631,-1.675996352416531,7.94097869039283,22.575779432916,26.529164754392376,0.18804995834468663,65
CEIGALL.NS,376.0,405.70001220703125,-7.320683094255154,427013.004,10.15086956992075,12.794358216762781,4.1984186338459795,35.34917801372082,0.18973155395986752,65
EPIGRAL.NS,1192.9000244140625,1801.0095307005354,-33.764924389374976,65300.22709163347,-0.8642918633794516,8.327286352001927,7.10181110776229,38.04126149871572,0.1892607601587742,65
LTFOODS.NS,462.79998779296875,490.70001220703125,-5.685759877725705,1278409.6865079366,5.903887366812066,9.736745216746456,23.99094544932463,22.728068399984423,0.18826248774821658,65
FOSECOIND.NS,6126.5,6811.950071533763,-10.062464702995511,5545.004,-4.749689054726369,11.380783565130436,30.356616336924258,19.870021020841143,0.18856181116967186,65
EIEL.NS,196.86000061035156,276.1000061035156,-28.699747823785028,2404606.454183267,-0.030467986568982752,-7.646839356221713,8.636385032089255,43.54674164101746,0.18477197496132522,64
EDELWEISS.NS,131.8699951171875,138.24000549316406,-4.607935563407917,5419221.599206349,2.2723690245877837,11.395504457472882,25.042666662229564,20.48423827690695,0.18212833103385004,64
SIS.NS,429.20001220703125,480.95001220703125,-10.759953984100024,173519.472,0.12831408337303785,-1.3219909963499643,3.309664122274225,44.0752000673661,0.18371412472696017,64
HAL.NS,5065.2001953125,5149.89990234375,-1.644686472307988,1162999.4741035856,5.489838643266398,3.369938950778484,20.2944576229833,27.207805031901188,0.18194430954137805,64
MASTERTR.NS,94.5999984741211,164.5,-42.49240214339143,951830.932,14.987239983185097,18.76961288366683,25.848078726178315,13.483682559346999,0.1840054321664417,64
KPRMILL.NS,1136.0,1331.0754095910231,-14.655473926226358,492023.3545816733,-3.532606695685314,5.5075742098421365,8.889671027505486,36.912514309362955,0.18180161204396722,64
CARBORUNIV.NS,1102.0,1303.7913206843634,-15.477271361067402,239806.11952191236,0.13630168105407403,-1.6949152542372836,10.706313812659317,38.37249252485107,0.1823553827099617,64
ANDHRSUGAR.NS,98.2699966430664,107.2300033569336,-8.355876558207553,456216.2301587302,1.844749527106404,-1.7103487261971528,17.8297300301288,33.28359171141291,0.1850476090107501,64
SPLPETRO.NS,810.0,965.127357372077,-16.073252528502525,181844.58964143426,11.103492704538521,15.475085309561653,21.159401871861917,18.93346816780548,0.1812657416104695,64
GARFIBRES.NS,816.25,862.339096096681,-5.344660390013645,99655.996,0.41828437180078115,0.6656677460288751,18.459802188471297,31.518212898096753,0.18320187802165944,64
INDOCO.NS,244.55999755859375,332.20001220703125,-26.381701212527087,279957.0876494024,0.5013566364195476,10.296307342696242,19.320837991584284,25.77658634430997,0.1821628306738048,64
IDFCFIRSTB.NS,86.87000274658203,88.50001826783308,-1.8418250675587888,29408298.873015873,2.3203783101259923,2.079911050761285,19.431395697051347,29.515683930192125,0.18283712322357112,64
WEWORK.NS,669.9500122070312,794.5,-15.676524580612805,347070.4469026549,-2.1470841572833965,-11.311888991969765,4.069904808859226,48.76207463690791,0.18248715083298642,64
DEVYANI.NS,137.61000061035156,191.0,-27.952879261596042,3939582.22310757,-0.8359181569468133,2.1376122423670596,25.70567194286881,25.12274632666309,0.18104730746304612,63
KPIL.NS,1418.9000244140625,1468.0,-3.3446849854180893,200453.812,1.284888263709516,7.720929017018863,12.327506206283134,31.09680799986736,0.17809649691606608,63
TITAGARH.NS,889.4000244140625,971.0,-8.403705003701079,1052498.4087301588,6.6490810474699735,5.950325984951221,8.107452439206519,34.06692669322871,0.1791397971079068,63
JASH.NS,507.3999938964844,572.8499755859375,-11.42532678342315,126687.6265060241,8.989368961626187,1.867092487253652,13.448852743763972,30.53267261298234,0.17520080261935478,63
IRMENERGY.NS,282.54998779296875,393.0,-28.10432880586037,1588037.3386454184,-0.790028123749642,-3.976214853706461,11.878829688654857,37.30015890525247,0.17609466685581188,63
FIVESTAR.NS,523.9000244140625,663.5913003653413,-21.0507997730488,1541750.304,-2.0839105940173575,-3.5618915022434416,22.236815853515957,29.396242033218822,0.17508772209491894,63
BALUFORGE.NS,547.0,696.8433940665321,-21.50316632724305,1017178.6904761905,-12.043740388116452,18.60363953209381,27.923290971043492,16.65600493071391,0.17555743131205725,63
SMCGLOBAL.NS,85.05999755859375,93.45573319525865,-8.983649637763303,869739.6907630522,7.290614112378435,6.939900150276235,26.117317440424493,19.560073205314833,0.1777626595554637,63
SUNFLAG.NS,339.1000061035156,428.0,-20.771026611328125,342246.0515873016,-0.16192780887738234,-10.962320948119475,1.1634826236448959,48.75416569413866,0.176420540942373,63
GOKULAGRO.NS,232.61000061035156,259.79998779296875,-10.465738437326078,1123391.2270916335,-4.707089391997599,1.665208700950882,-0.15452659504023858,44.70295527860129,0.17697156933918862,63
KAJARIACER.NS,1242.5999755859375,1285.36522978804,-3.327089702679653,271152.1904761905,1.106588737667824,4.88731550607302,15.37604230138696,30.806880321943343,0.18023686794174812,63
IKS.NS,1785.699951171875,1933.0,-7.620281884538283,244828.796,2.963726050661264,2.7622720463121198,6.386651842232638,36.814282713432725,0.1749053565237143,63
GANECOS.NS,997.2000122070312,1355.2448855960902,-26.41920122292708,323781.9920318725,-2.3979641487011594,-6.30461651251224,9.31214165053782,41.3766281594683,0.17843574041576102,63
TATATECH.NS,799.2000122070312,891.0,-10.30302893299313,1265065.0239043825,-3.8324981714423667,-8.43262793484315,7.026325640853792,43.344579464431064,0.173759540739157,62
MOTHERSON.NS,162.27000427246094,173.27000427246094,-6.348473324155335,19768094.92857143,-2.010870596812131,-3.4049651965371797,15.498139512101572,32.12588386022037,0.1661771529872997,62
INDGN.NS,589.0999755859375,615.5,-4.289199742333471,359067.53386454185,-3.686756793597301,6.249429635861925,14.115045126678183,30.860671576838428,0.17459992416551479,62
HSCL.NS,674.7000122070312,819.5,-17.669309065645976,5444223.646825396,-0.9032773150375206,-12.609284000408882,-0.7867032838718702,49.67108481050286,0.17020238407454055,62
NAHARSPING.NS,280.70001220703125,347.8088684400749,-19.29475131960473,28302.888,-2.6908612027493284,-10.93713568185638,6.468084732037327,42.72894896201993,0.1657549174777296,62
TEXRAIL.NS,119.69999694824219,153.0,-21.764707876965893,2803969.285714286,5.863621890255888,11.504423520879993,18.57355182448719,22.267614997534668,0.1736635843956161,62
METROPOLIS.NS,587.0,609.0499877929688,-3.620390482704372,295492.33864541835,0.7984931070674106,4.225850013692822,11.926777831454526,31.948217083681207,0.1728233949635415,62
BECTORFOOD.NS,229.88999938964844,285.40664223096843,-19.451769730149636,1904330.6015936255,1.3132941163654266,2.446526578648922,28.811563745862976,20.078351033768026,0.17295444264632434,62
ADFFOODS.NS,265.25,346.1881784193172,-23.379821572440175,274497.9043824701,-1.8319807488529904,2.1370764467058656,-5.127156417560441,44.74229746710072,0.16602989276028032,62
GODREJAGRO.NS,665.6500244140625,745.0232574731187,-10.653792651824713,277221.0717131474,8.183006276612371,22.621360293067717,21.035295861997238,12.76849185463984,0.16760558186729888,62
MUFIN.NS,136.7899932861328,141.5,-3.328626652909672,1431211.657370518,0.19043031506666974,-0.2915731089401241,13.96317143821113,33.284611660239705,0.17463524505277864,62
HARSHA.NS,456.29998779296875,467.3163645861155,-2.357370215978538,110605.576,0.08773720154406917,7.0121937909180865,14.200478767029011,29.089199961528898,0.17307036093058287,62
TI.NS,535.2999877929688,594.5499877929688,-9.965520345890877,802496.1434262948,-4.589608869130202,9.077939438200456,23.36943888519054,21.99179641853817,0.17164177233699499,62
PVRINOX.NS,1224.0,1284.5,-4.7100038925651955,380567.31746031746,-0.34195988754661677,6.9930069930070005,29.50325010664927,17.08436688491959,0.17049127195809355,62
INGERRAND.NS,4720.0,4955.0,-4.742684157416754,18839.321428571428,-1.5435961618689986,10.489480275752783,18.502863254870295,22.00662642128508,0.1629704598393878,61
BUILDPRO.NS,1254.4000244140625,1380.0,-9.101447506227355,85426.04242424242,0.03189987352969492,-6.121832790524517,16.134275769326866,31.516659706484674,0.16225770042639995,61
NOCIL.NS,173.5500030517578,202.60776684401816,-14.341880493965009,1513991.1785714286,2.316948501180627,3.884835141870391,11.844504518661259,29.919784868463584,0.16529927181475954,61
PARKHOSPS.NS,285.04998779296875,305.0,-6.540987608862703,1261193.1593406594,-0.5234688759029882,-2.4636483172048806,1.767219415062704,41.29571727538575,0.16503376183641835,61
POWERICA.NS,521.0,676.9500122070312,-23.037153319281888,397788.4324324324,0.3853564547206201,-2.2880742550122513,11.610971213450338,33.589743589743584,0.1650010959440215,61
GOKEX.NS,776.8499755859375,954.9000244140625,-18.64593614785783,698076.1832669323,-0.5186385838781171,-3.5568000514044074,16.460533663490185,30.893003468565716,0.1653213761780465,61
GOLDIAM.NS,337.5,398.20001220703125,-15.24359878107493,1038691.2111553785,-3.198047925334213,-9.493160224162212,4.263202740981864,43.70109984122219,0.16540963921417573,61
GOODLUCK.NS,474.6000061035156,557.3666381835938,-14.84958488900715,565020.1507936508,4.791347427571635,-3.7712906819045044,10.449148852909818,33.74037292388525,0.16355770431803313,61
GPTHEALTH.NS,162.00999450683594,175.0,-7.42286028180803,134475.2048192771,5.881968709957652,1.6118866194662518,10.270950623479514,30.011671370501027,0.1599652793013328,61
GENUSPOWER.NS,334.3999938964844,363.0,-7.878789560197141,1371057.4404761905,1.9823117172890203,9.639342261142424,7.975453895991924,29.537091537013758,0.16333572407560468,61
OLAELEC.NS,37.630001068115234,64.3499984741211,-41.52291847644959,86162298.93227091,-8.48734911095379,-8.375940229535727,-20.477596553680577,61.710358091379305,0.16016941313445027,61
JSWINFRA.NS,332.3500061035156,355.79998779296875,-6.590776417647914,2229150.079681275,-2.249998204848347,-1.0126564099730118,19.652683000146997,26.70178027923744,0.16148985909259642,61
EPL.NS,246.89999389648438,274.0299987792969,-9.900377697210782,1475815.0398406375,2.725187279649055,7.826010351693835,13.773558889568505,25.66164457722366,0.1623444629606369,61
KIRLPNU.NS,759.9500122070312,1093.5391904117103,-30.505461635909448,262892.45019920316,6.346213010140245,5.555941290615252,-6.079563472487115,38.24033704338492,0.15218075334744907,60
RKFORGE.NS,700.7000122070312,772.7999877929688,-9.329707133128595,741301.2658730159,-7.019634433742594,-4.822059143082003,24.690808254468433,25.12539766982296,0.15791026272279052,60
OBEROIRLTY.NS,1845.0,1983.9545449282684,-7.003917770368695,534340.1075697211,-1.8982268356858345,2.900167317345237,16.69901305426904,25.844172518180674,0.15737583703453448,60
SCHNEIDER.NS,1213.0,1548.0,-21.64082687338501,342296.561752988,-0.5085261991616519,-10.466492745610633,12.014033858419415,34.762807788143114,0.1536518210374478,60
SATIN.NS,216.47999572753906,274.1400146484375,-21.03305458520631,447403.784,-3.365774663476684,-6.601088589325011,-7.419923007164508,48.07113559939229,0.15345682153394896,60
SJS.NS,2262.0,2590.0,-12.664092664092664,139503.192,-9.105524743395321,-7.526269993310864,9.042018325819967,38.777111363996354,0.15807643570342828,60
ADANIGREEN.NS,1288.9000244140625,1631.5,-20.999079104256058,3413932.043650794,1.8893299932065233,-5.850984337906318,-11.385354113849267,50.414282610786046,0.15768842941899025,60
AXISCADES.NS,1854.4000244140625,2211.0,-16.128447561553028,142860.27091633467,10.962187565510906,16.008759738133406,-3.6224703526982593,29.99649662909656,0.15209828250006918,60
CHALET.NS,896.25,1068.9158300195356,-16.153360739019085,158265.1673306773,-0.8518183641849086,4.251481595206363,20.479899258766253,21.97196718687482,0.15697871135002583,60
PARAGMILK.NS,253.0,376.95001220703125,-32.88234731212968,1011449.9682539683,-2.3543056579776955,15.062758951110244,9.670985878228656,25.71428571428571,0.1596413127360716,60
PREMEXPLN.NS,674.2999877929688,829.7999877929688,-18.739455566104024,692276.438247012,1.7350633994869913,5.162191976885078,-1.6338456903036147,37.69654298229705,0.15794408221153453,60
AVL.NS,600.5,703.5025243881884,-14.641386607356676,234625.29482071713,-0.5959238092081987,-3.607524587762767,15.426914862227537,30.156418413551165,0.15909544525615354,60
KRISHIVAL.NS,416.0,508.0,-18.11023622047244,20312.336,1.2288569516879955,6.8859164831456265,2.2238573587668675,33.33333333333333,0.15500559532761315,60
CLSEL.NS,304.79998779296875,324.79998779296875,-6.157635699404096,209120.718875502,1.380340588968454,9.600856204050112,13.773794228133651,20.976380823526462,0.1458089589755755,59
DLF.NS,673.75,784.9450504063134,-14.165966184353307,3560112.043824701,-2.5034350768488367,4.945482866043616,21.13083921912027,18.655341506882593,0.14540141434012957,59
SWANDEF.NS,2487.10009765625,2750.0,-9.55999644886364,13338.128,1.5972262114481106,-7.710854288382918,24.485713362241857,22.971574667799754,0.15151895639260685,59
MINDACORP.NS,693.0499877929688,769.0,-9.876464526271944,568787.996,-2.7366501065277826,-3.855123905292279,7.055939071553974,33.18542291643012,0.14346261096327007,59
MAYURUNIQ.NS,740.0499877929688,899.9875607705063,-17.77108706264898,125437.421686747,-1.306926466899061,-3.5291370358052743,-8.06579422154794,44.314286948716976,0.14469456459171445,59
ELGIEQUIP.NS,638.25,645.5,-1.1231603408210722,580305.9561752988,1.7374710828484519,8.462908787475376,6.365900296819094,26.98817952433934,0.14571370764561384,59
AJANTPHARM.NS,3568.89990234375,3796.0,-5.982615849743156,113505.584,-0.9161831504125639,2.2841898511751113,17.128826522231797,22.653392527398175,0.14565224622822576,59
GREAVESCOT.NS,193.49000549316406,269.68934059737177,-28.254485303506392,1612972.896825397,-2.178967387308872,-0.8150483509158479,10.656345481053254,30.748029174080216,0.15115208905034005,59
TEJASNET.NS,588.75,644.75,-8.685537029856539,6133658.726190476,8.64550165625011,12.895493767976983,2.6591107236268563,26.776487454311514,0.14951977118033072,59
ZENTEC.NS,1854.5,2042.629425992547,-9.210159395463124,596728.282868526,4.238099345104529,7.80732658116392,5.316827481198394,28.789613320818397,0.15096168823430114,59
IGARASHI.NS,417.04998779296875,556.369872473851,-25.04087506776892,228589.33333333334,-0.95000596507957,-8.651845593282992,14.36005571267469,30.343385856421623,0.146200013412065,59
TITAN.NS,5010.5,5186.7001953125,-3.397154041634054,981117.8650793651,-0.7821782178217829,-1.5618860510805521,24.886742136209318,19.11900147867003,0.1472302820033252,59
CONCORDBIO.NS,1458.9000244140625,1693.8579163761817,-13.871168867857886,265781.7011952191,0.8851427317768001,6.87912266769688,10.290478839882322,24.873249249379768,0.14500782158433662,59
FUSION.NS,201.5399932861328,243.0,-17.06173115797004,553849.732,0.6090185290076988,-1.6830148371044795,20.509439527835195,21.13234004776281,0.14330066762935556,58
ETHOSLTD.NS,2799.60009765625,3245.89990234375,-13.749647805381882,43932.176,-3.4187689372803587,0.6290212208662993,17.39349380808488,23.238110570546677,0.1429721972108936,58
AARTIDRUGS.NS,427.1000061035156,531.6963704720772,-19.672198302894873,175632.47011952192,3.740586213230479,2.618931661891044,14.84270317638019,22.395756172124216,0.14308958375465,58
ADVAIT.NS,2159.39990234375,2485.0,-13.102619623993961,57901.11949685535,-0.5205716627037504,-1.545622839086147,-3.847187844236588,39.25323855926326,0.14185957336346725,58
VIYASH.NS,263.0,298.0,-11.74496644295302,2164356.015873016,0.26687466245089997,-3.8918304893195144,5.5377219986981085,33.19828010376749,0.14188950009497614,58
UJJIVANSFB.NS,65.22000122070312,73.94000244140625,-11.793347217716544,14850379.039840637,-5.6287069241694905,-6.97475302678352,23.19607652539437,22.203489836944378,0.1388239759462241,58
GRAPHITE.NS,739.9500122070312,793.687103271785,-6.770563720039724,1455995.262948207,5.323468089659089,4.225649620983685,17.427684432459966,19.16734613636084,0.1427272051744497,58
MOLDTKPAC.NS,699.9500122070312,854.6788342389444,-18.10373860137682,94547.072,-1.3112425510001802,2.130303806987288,6.3430567039959085,30.318943301165667,0.1432543083796248,58
MEDANTA.NS,1407.5,1544.0,-8.840673575129532,230081.316,-4.879364300491796,-3.270188173738897,14.891811134548472,26.83534793467841,0.14059708449438948,58
HOMEFIRST.NS,1235.800048828125,1311.570558920454,-5.777082260423361,315106.528,6.104584926333345,3.518177105221998,17.796213667616655,18.595407478077174,0.140911210051936,58
EMCURE.NS,1929.699951171875,2044.024834505764,-5.593125944652833,209958.53386454182,4.212407353704251,-2.271897880727103,11.682817757396924,27.10886134738384,0.1431525102539762,58
JUBLPHARMA.NS,1012.5,1178.6978642896322,-14.10012432573592,169038.9721115538,11.557958047138573,5.172949741508792,7.600756360254968,23.941026999282002,0.14047023460804908,58
CARYSIL.NS,1162.0,1280.9000244140625,-9.282537446156457,128215.13492063493,3.9355992844364973,-7.166250273309949,-0.15466993921657846,37.59621077560686,0.13952393202259433,58
PCBL.NS,326.29998779296875,413.2299507534673,-21.036704334231782,2091624.6215139441,2.917521008087909,1.3668822553315474,15.220556207990587,23.017589049474307,0.14338331034062,58
NUVOCO.NS,344.29998779296875,467.0,-26.27409254968549,738686.3214285715,6.643946502691289,1.8940497224291253,14.271490787296838,20.090677758445132,0.13360922934322056,57
ARVSMART.NS,640.2000122070312,705.4097122162362,-9.2442305343842,156816.412,-3.808876275394524,-1.280868913522104,11.850740943230376,26.509403894833163,0.13521922430658503,57
RAJRATAN.NS,492.1499938964844,563.9500122070312,-12.731628115328142,206881.6374501992,-0.9160495668863344,-6.648334123479261,12.94694940854515,28.465599336337945,0.13849052775714235,57
RACLGEAR.NS,1564.9000244140625,1690.2278315095687,-7.41484696672956,78750.512,1.8947763159756326,5.543945231617453,26.323858793388034,11.491881706594476,0.13792176998575253,57
MAITHANALL.NS,1076.75,1210.0999755859375,-11.019748638650185,86398.57142857143,10.69133898740684,10.238034297414899,13.36597324053692,16.555768437811945,0.13748840105509522,57
MAHABANK.NS,85.83999633789062,94.5,-9.164025039269175,19400613.126984127,3.7968555084876288,8.823528558339389,3.3220924963969667,26.725119094616232,0.13831066649282225,57
MOSCHIP.NS,215.41000366210938,288.45001220703125,-25.321548085946468,3265081.6428571427,0.06968742873803002,5.376189018493793,7.131842550126266,25.32580727407796,0.13352082221241626,57
BBOX.NS,763.2000122070312,1101.5073628455477,-30.713126579976713,581852.8174603175,6.007361520477739,0.8823465580973133,-22.687488082480733,49.703066572134524,0.13852185667776826,57
RELIGARE.NS,253.52000427246094,280.0,-9.457141331263951,1403255.672,4.415156954680088,9.11125354544373,11.110139942564047,20.70656846447165,0.1387943577311463,57
NEPHROPLUS.NS,729.2999877929688,769.75,-5.254954492631536,314468.6906077348,6.786730325423407,5.063741574968117,0.8504408727482593,29.342913783954707,0.13683719122942323,57
SANGAMIND.NS,572.0,672.5,-14.944237918215608,65339.58232931727,-4.698435793650734,-6.505392054116377,8.704429303509254,32.469413356986095,0.13828172143658868,57
RELTD.NS,159.5,196.4499969482422,-18.808855954310467,419844.9043824701,0.20732665379843418,-4.656580548012101,25.659812192954146,17.59934694230214,0.13827098990584522,57
NITCO.NS,92.7300033569336,126.0,-26.404759240528897,870905.384,-1.3405623316027682,-6.597497484789628,-4.6478114581659735,40.69184980222147,0.13428840753320595,57
CDSL.NS,1401.5999755859375,1658.570789743815,-15.493508974529192,1770036.1513944224,-0.06417286374776898,5.542166836290474,17.777088693369446,16.843048657454162,0.13172362151875816,56
DEEPAKFERT.NS,1352.699951171875,1669.6119086916185,-18.981174958681844,395192.6812749004,-3.8592785236762572,-11.436701476641332,-8.8951496383617,46.10592923064469,0.13100558653053476,56
ITDC.NS,639.7000122070312,822.0,-22.177614086735854,889135.568,-0.07810059207532527,-8.84217852411382,6.483564245864537,32.70408223343222,0.13250456403101954,56
ANGELONE.NS,298.3500061035156,359.3387168134344,-16.972485250339332,8581463.85258964,3.9909419486298336,2.1746596244916594,-9.270063732453803,37.676118668378166,0.13123454467376441,56
ABCAPITAL.NS,397.70001220703125,430.70001220703125,-7.661945452682595,4991726.25498008,-2.8578363126237405,-2.536447958721355,16.04902189696262,22.633372549159848,0.13074982365746082,56
GAEL.NS,168.3300018310547,184.66065065257942,-8.84359974028751,1013718.9920634921,-2.150785894609597,-2.4412945834398236,8.555576887254258,27.78889051834563,0.12978891767365608,56
PNGJL.NS,630.0999755859375,736.4000244140625,-14.435095777285678,354883.609561753,7.912305059112845,-1.9833554459388059,17.184296314155457,18.36198074253883,0.1289464060798569,56
SAIL.NS,188.85000610351562,209.6999969482422,-9.942771172225019,21607964.718253966,-2.150255904914189,9.510008376628498,4.129910381537871,26.034443886168447,0.1333972675376302,56
BAJAJCON.NS,515.1500244140625,692.0,-25.556354853459172,1212481.2270916335,8.669979470402044,-4.149220818024391,-8.46658927015378,38.835747570889524,0.13031476030745004,56
GROWW.NS,194.75999450683594,227.1999969482422,-14.278170280431969,54448311.67149758,1.405809113070755,2.2362175888902547,1.6492632059797785,30.518692476605125,0.1329008038152111,56
EXIDEIND.NS,419.70001220703125,496.3999938964844,-15.451245494061705,2756599.3293650793,-3.7936934768982855,-13.535225075314727,9.350776156880446,33.01096585865568,0.12923204827773635,56
CRISIL.NS,4791.2998046875,5038.987542214121,-4.915426669576317,56607.031746031746,-0.7909761944818294,3.363246011739429,23.20027250103127,14.374888904300631,0.13303588894929338,56
AARTIIND.NS,501.5,551.75,-9.10738559130041,1110771.5537848605,-4.366899951930748,-0.11949932209160963,15.646260131093648,22.54123396456933,0.1324978176554443,56
IZMO.NS,912.0,1374.699951171875,-33.65825035328199,121449.38,9.483793517406959,-7.340614681229363,-3.3181371989838615,34.64236109421572,0.12341759693485953,55
PRESTIGE.NS,1559.0999755859375,1802.9302554788078,-13.524110494674446,740332.380952381,-0.6942690709593968,-1.7581715846243018,17.789375616514967,19.411202590291985,0.12680232497050486,55
TIPSMUSIC.NS,649.5999755859375,741.0,-12.334686155743924,400577.0876494024,0.8930651887914198,0.6585573968824088,1.0735900494558637,30.089109371368462,0.12578738761639768,55
ZYDUSLIFE.NS,1162.0,1205.0,-3.568464730290455,1060242.4365079366,-0.4966645474921205,3.8427167113494143,5.1672122729315095,25.99331153435054,0.1266636518314034,55
BFINVEST.NS,454.8500061035156,584.7000122070312,-22.207970479319606,69244.26,3.0587968309291558,-3.130653193826627,9.488041695667903,24.950537962532927,0.1250637673804113,55
SPIC.NS,72.16000366210938,121.67333185218101,-40.69365688960058,644341.136,6.524957097325013,6.430679076847801,7.03056307015355,21.747938425496116,0.12746975816346573,55
ABB.NS,7413.0,7832.294844565128,-5.35340986117343,328194.93227091635,-2.9521502912875586,-2.4605263157894686,10.281849592322168,25.88290068012544,0.12650394857460176,55
BANSALWIRE.NS,314.45001220703125,370.0,-15.013510214315884,128572.804,-0.6947676399363223,-5.343166570667668,7.1379939376597035,28.399354856637782,0.12363030045825857,55
FEDERALBNK.NS,343.3999938964844,370.4344787597656,-7.2980476746641205,9224061.67857143,-1.67501964309682,-3.8445167769813327,11.242351954904084,24.84534863182524,0.1237443971949537,55
M&MFIN.NS,375.5,415.0,-9.518072289156631,3343763.75,3.0461049092851633,-8.925536959134572,39.26308765061086,6.445330038567931,0.1287656140971203,55
VIDHIING.NS,350.0,387.8500061035156,-9.758928840499648,25302.859437751005,-1.2833134817721747,10.532135400709342,22.31347456418733,10.080197063209928,0.12704216926504822,55
TNPL.NS,161.5800018310547,175.75,-8.062587862842285,186971.032,14.693353372226925,3.1800737761447984,11.951777025674781,17.521270910916044,0.12699391564520504,55
SIEMENS.NS,3970.5,4149.39990234375,-4.311464466047243,405469.98804780876,-1.4764267990074464,1.435759918013968,13.288215883327226,21.836121733277913,0.1286042276201138,55
MARATHON.NS,450.0,685.4000244140625,-34.34491042151657,124104.24701195219,8.9456514463212,16.550114707678198,13.794407917329888,8.866576353044998,0.11889541002584725,54
ABDL.NS,596.7000122070312,711.7000122070312,-16.15849347021605,472083.764,-3.5090574628602433,-0.4255298778420902,5.276662188756043,26.81556480912708,0.11873212858423202,54
LTF.NS,310.20001220703125,338.6000061035156,-8.387475896205988,6471982.345238095,0.37211598753821296,-0.847049335075778,20.747380138912597,14.356415147747281,0.11834581832511358,54
KARURVYSYA.NS,336.3500061035156,358.6499938964844,-6.217757750584296,3287033.2182539683,-3.236478654332864,1.554949790661575,22.880527399310658,12.389238671791002,0.11807195781208628,54
SUMICHEM.NS,492.0,615.9651099206416,-20.125346050300273,478760.5059760956,-4.918351842042035,-7.68364973620147,8.000893115474428,28.819656383561586,0.11899565356622467,54
INDOSTAR.NS,252.61000061035156,292.0,-13.489725818372754,160940.07171314742,1.3277166137485086,10.069717041547532,4.852234156671642,21.1616835122747,0.12067058721595729,54
STARHEALTH.NS,560.5,624.9000244140625,-10.305652408070742,648602.6494023905,-1.276970497578156,-1.6407784481035637,6.8840529949009355,25.307403374986336,0.11732324509086288,54
RAMCOIND.NS,323.45001220703125,396.66439743304363,-18.4575136311221,398681.0996015936,-1.4022178805385366,-4.436966849428947,12.877715533046574,23.437855396814,0.12210841660699931,54
GVT&D.NS,4720.0,5636.049839022599,-16.253402031332286,828900.0833333334,9.158186864014795,9.276736402950725,-0.07005855373383163,22.760560736637526,0.11854372695526486,54
CHOLAFIN.NS,1816.5999755859375,1952.5,-6.960308548735594,1641140.561752988,-2.1966215296565283,-2.6578060702869166,23.408492534458027,14.801858696914149,0.12192067872080031,54
GLENMARK.NS,2489.0,2535.0776323504288,-1.8176024182623318,655503.496031746,0.7529184905894493,10.66834604135687,16.179831184478964,11.936221805120105,0.11837399134722051,54
USHAMART.NS,504.6000061035156,529.2999877929688,-4.666537362384049,736014.0039840637,1.1323767428108589,-1.2928900063869597,5.7715547006411905,25.497647763437925,0.11785185188571222,54
SANATHAN.NS,477.04998779296875,551.9500122070312,-13.570073875814714,37011.896,5.483689948694037,-0.15696944729203244,15.146029893526581,18.00865498898423,0.12264246069062663,54
SHOPERSTOP.NS,388.6499938964844,572.0,-32.05419687124399,120704.59126984127,0.5953119597861489,-8.746184675704328,6.640137434185611,28.606875644408625,0.11745085748856884,54
ABREL.NS,1371.300048828125,1961.880003431885,-30.102756211932835,226723.17460317462,1.0537987345707434,-1.5719138035663272,16.335574741455837,16.800489090851435,0.11411865171521135,53
GRASIM.NS,3303.800048828125,3411.10009765625,-3.145614193551527,738331.593625498,-1.993472298186738,-0.5777896831740903,7.908708760241168,23.60481358892863,0.11499632897190311,53
WALCHANNAG.NS,223.52000427246094,315.79998779296875,-29.221021876987674,1505899.507936508,6.433031817057278,-5.643967728327725,-8.016459147135413,35.58992781116683,0.11345543016366293,53
SAGILITY.NS,45.5,57.700033807096844,-21.143893689705763,29704185.52988048,-3.2943661258120427,4.1905241762891565,13.612894290509026,17.05394153815323,0.11414113125090626,53
ARFIN.NS,91.48999786376953,106.19999694824219,-13.85122364141097,1306020.116,7.005845454701198,4.979915389447109,10.043298695478132,16.651788228709073,0.11370272523486612,53
SENCO.NS,361.6000061035156,428.75506028088586,-15.662801538336513,1408759.5537848605,3.729202459089942,-6.725836008291697,9.827357742401555,24.00407189423874,0.11577589124666618,53
NACLIND.NS,162.36000061035156,272.3999938964844,-40.396474211357535,701584.6706349206,-3.7067789439390375,-8.776264463507122,1.8825301132717964,31.72156238558772,0.111274532011213,53
CGPOWER.NS,909.1500244140625,980.9000244140625,-7.314710797653367,3373368.511904762,2.6708102105095888,3.4300369071743386,0.8653740544070532,24.84894385796661,0.11152278161994589,53
TATACAP.NS,366.6000061035156,390.20001220703125,-6.048181795287588,3552941.7356828195,-0.35335357829185954,-0.9991849342219639,14.289513097282924,17.99878020521981,0.11251193666599224,53
VRLLOG.NS,294.3999938964844,310.20001220703125,-5.093493774591396,241341.416,-2.886359945957262,4.638346369243496,25.57583638912646,7.4256548111540255,0.11282046120452521,53
MANAPPURAM.NS,326.8999938964844,380.45671483079525,-14.076955103323584,4530217.638888889,-2.9970344520817926,-11.226814827239739,12.254538210377962,25.423585330492916,0.11300729184654429,53
JINDRILL.NS,662.0499877929688,692.3821487466166,-4.380840986232326,1278577.9123505976,6.885689650925042,4.255782135080444,9.706153703936327,16.694916010960913,0.11129537907673856,53
BOROLTD.NS,254.64999389648438,397.95001220703125,-36.00955243494146,220798.37848605576,3.575202661804089,4.275003847344139,15.839508609106856,12.986950208334115,0.11159153701714938,53
AJAXENGG.NS,591.4000244140625,698.8499755859375,-15.375252904857817,84360.404,2.9416926743363714,4.598514127576214,4.95120220302796,20.37452454879265,0.10849042573374328,52
PREMIERENE.NS,987.7999877929688,1134.0,-12.892417302207338,1647609.689243028,-4.68011760590008,-5.6722656749968685,-7.327144650740225,36.981616628894855,0.10992038360746492,52
IFGLEXPOR.NS,199.92999267578125,334.28171894337873,-40.191167704972294,134560.28685258963,-4.962686069175692,-11.96389814950065,5.635080495621603,30.666304198129613,0.11067997591120629,52
GARUDA.NS,186.8699951171875,249.3000030517578,-25.042120806396085,1468225.0119521911,8.89225246347063,3.529083167416891,13.771686524923886,13.04899677386928,0.10946146546855319,52
PIXTRANS.NS,1744.300048828125,2089.0,-16.500715709520108,39450.06827309237,-4.085556348579278,1.5781562093427626,10.108140846633251,20.418490167003036,0.11106913927801813,52
MUTHOOTMF.NS,199.94000244140625,262.7699890136719,-23.910640179307762,550865.636,-1.9132623462274956,-6.5788251331543535,7.315766765831189,25.906800125337305,0.11050358818630658,52
PHOENIXLTD.NS,1905.300048828125,2169.800048828125,-12.190063326012568,528109.98,0.671038434218274,-1.5348811975129162,9.954985869065514,20.7108476531743,0.11030962425908619,52
LUMAXIND.NS,6116.0,6868.719019600016,-10.958652078387809,25955.04,-1.8849763375310857,5.603038936372262,19.442349199071664,10.724868031224322,0.11054762125732571,52
BAJFINANCE.NS,1053.5,1176.4000244140625,-10.447128686118157,8137859.285714285,-0.03795658077576647,-4.41843162124046,21.759363112787945,12.78741588258141,0.10755293304543279,52
EMUDHRA.NS,512.5999755859375,712.0568391144668,-28.011368274557867,162444.624,-6.434243236444315,-4.87148579183958,9.501247698905257,24.27438376556308,0.10942406333884462,52
PDSL.NS,348.70001220703125,416.5630259242535,-16.291175522995704,269991.176,-5.270305236297334,-3.6341007806208303,15.904526221997163,18.71277564180751,0.11002617443568254,52
PERSISTENT.NS,5582.0,6552.654707500795,-14.813152086126113,633507.7301587302,-3.7586206896551677,1.9729630982827873,14.923824841518929,16.021205450023125,0.10904360183155967,52
RAINBOW.NS,1456.4000244140625,1610.0,-9.540371154406058,154196.58,2.947626682792004,-6.443112346878877,8.89331916084406,23.431468844151347,0.11046723484817184,52
SFL.NS,661.7999877929688,832.4500122070312,-20.499732345684873,235128.6175298805,3.1242676732323726,-2.302928263781434,-4.860373395797312,30.721967687368632,0.10682516170775211,51
GODREJIND.NS,1141.4000244140625,1443.0,-20.900899209004674,220384.64940239044,0.6081995957745612,-12.969879953178609,10.493710011041868,24.620591111378264,0.10463193416805601,51
DYNAMATECH.NS,11556.0,12865.829460466755,-10.180684148593066,26479.76892430279,-1.0446994348347283,3.7337361354507825,17.023236145788132,12.426955006393126,0.10720030129900374,51
WINDMACHIN.NS,308.3999938964844,343.8999938964844,-10.322768429791152,100108.22,0.308987364363289,1.5977619168357604,-5.946935151867072,29.688809898526493,0.10441894533653957,51
WAKEFIT.NS,155.4600067138672,224.0,-30.59821128845215,2219242.650273224,5.913617663685811,21.681280615587497,31.61192270490838,-9.563692708748494,0.10585717617459195,51
FINEORG.NS,5132.0,5394.804360638102,-4.871434496412707,16877.394422310757,-2.8545432396225423,-0.5830979075728604,9.057784354931385,20.21131352452994,0.10399786810814565,51
NIBE.NS,1337.0,1848.0,-27.65151515151515,105669.01195219124,-2.5225996064309197,-5.778717406624379,-11.026815502499653,37.65057312911031,0.1034418115892626,51
ADANIENSOL.NS,1392.800048828125,1789.0,-22.146447801669932,2393076.8095238097,0.7814796547123803,-14.656859753178619,-5.03851536128469,37.41121570400405,0.1059970768805173,51
AGARWALEYE.NS,518.1500244140625,568.0,-8.776404152453788,399782.3172690763,0.9645385988483524,-5.144160290331811,15.400896306027278,16.897918649534695,0.10447058153440533,51
BCLIND.NS,35.9900016784668,44.900001525878906,-19.844096981325656,1114633.08,-1.6935234131338905,-2.624451921086135,-3.0963859183642417,30.49311739675542,0.10574088457662278,51
SAIPARENT.NS,531.9500122070312,706.0,-24.65297277520804,257849.53636363638,2.2587465829054354,-6.626294399004062,-3.3959886276096363,31.119052551463522,0.10329440210792248,51
RATNAMANI.NS,2642.5,3330.2583637320286,-20.651802010979637,58849.576,-0.2717270371949354,20.77707122788408,5.463397399564429,12.195006158779908,0.10645263225238615,51
REFEX.NS,277.95001220703125,413.67773156512,-32.81001344804629,1387480.9880478089,0.12608288754327734,-6.319514401272297,-5.813729950092328,33.20520601918546,0.10286668831146356,51
MONTECARLO.NS,566.8499755859375,860.9500122070312,-34.15994337083208,50179.024,5.157218889251847,12.10322998678446,8.925816485918636,11.234295289783148,0.10107830947970926,50
CLEAN.NS,834.8499755859375,1203.3362408876044,-30.622053319848842,362884.62948207173,1.9363930736640445,5.487457316438804,11.458848820933776,13.733366570950523,0.10222132045314507,50
CREDITACC.NS,1398.5,1634.0,-14.412484700122397,538624.8565737052,2.566923359002571,-8.210815016443362,10.309192785777688,21.166180832019954,0.10173759501152874,50
BLKASHYAP.NS,56.70000076293945,73.0,-22.32876607816513,610332.3505976095,1.831897363816748,1.2861758245637178,5.72440729755912,19.77186434343492,0.10066492827936123,50
FINKURVE.NS,70.25,134.89999389648438,-47.92438607973074,84058.12608695652,-2.7412477708870675,19.269945976375304,9.151645950576782,9.219527881392331,0.10013169355916321,50
ROTO.NS,64.56999969482422,85.27999877929688,-24.284708467303993,2236708.896414343,2.7366766308058788,-4.2982087941463405,7.045756003816206,21.669493246900394,0.1019555000415634,50
HCG.NS,679.8499755859375,804.6500244140625,-15.50985460032802,216881.4501992032,-7.2889694663572975,0.5918473247753075,6.894650249361245,20.96974654554049,0.09845766211343904,50
AFFLE.NS,1623.0999755859375,2185.89990234375,-25.746829768113866,324441.4940239044,1.5770668243850539,-1.3672824704551,11.0115589007844,16.68583577181435,0.09862052167308545,50
HMT.NS,68.44000244140625,72.94999694824219,-6.182309383831452,15889.899598393575,11.811801119218867,13.480352981248146,22.49866430970673,-1.1125511533768506,0.10181829539732795,50
ARIS.NS,127.36000061035156,178.3000030517578,-28.56982701599794,1138078.7131474104,-10.480075359775254,-3.821173258240085,12.310404670750263,20.548981326001027,0.10100471743999946,50
J&KBANK.NS,147.35000610351562,201.75,-26.964061410896846,4278567.992031872,-0.22344703997249082,-7.4667162644369895,-4.51039567441851,31.633020269625554,0.09784401448640022,50
OLECTRA.NS,1212.0,1714.199951171875,-29.29646280928646,689385.5418326693,-5.06774916944951,-12.490974729241877,-5.045442117068721,36.004035997967755,0.0988301190127316,50
PLATIND.NS,234.4499969482422,342.3999938964844,-31.527452941742172,161777.187250996,-0.3612435582198703,4.315905205002091,11.49949692512946,13.628650641031093,0.09728366019129707,50
APLAPOLLO.NS,2169.0,2292.568366695916,-5.389953402960224,655673.9444444445,-2.5355584300721823,7.78987909614568,23.42585639810921,3.6539789803804457,0.0979376848780686,50
SANSTAR.NS,110.02999877929688,137.49000549316406,-19.97236571150801,515049.05179282866,-0.2990230420710338,-2.9803410401808894,-4.752422111586895,29.03717967748247,0.09563174725273639,49
KROSS.NS,206.91000366210938,237.60000610351562,-12.916667362388656,910879.5378486055,-2.726718475243084,2.051789722372077,14.924467550536269,12.696076679567936,0.09693457033938163,49
IFBIND.NS,1299.0,2019.800048828125,-35.68670320838583,86797.02788844622,-2.433530405583506,-7.50498594287885,3.787154469372056,25.580043439753442,0.09623813487578874,49
SHK.NS,148.5399932861328,261.6455806093715,-43.228548733678686,462245.8964143426,-1.9279105363112503,-11.866619672902035,21.267038841273767,14.51698835680697,0.09620792006893386,49
JSWDULUX.NS,3180.0,3687.5560372755367,-13.76402235369235,102458.48207171315,0.48980881655869,5.58820770849493,1.6984883049642852,18.973559299988317,0.09265592634839467,49
THOMASCOOK.NS,109.16999816894531,180.59069729920185,-39.54838216939106,1686037.9123505976,1.158265401416303,5.315743430834696,-4.705179791501434,24.633806053129103,0.09620943710109783,49
ASAHIINDIA.NS,953.0,1074.0,-11.266294227188078,228127.86852589643,0.09978595863791018,6.042059314055037,9.138798291043603,14.036135704149011,0.09574484227647484,49
ONEPOINT.NS,57.119998931884766,65.8499984741211,-13.257402801105911,1413007.2231075696,4.347820936136726,-2.873665026258232,1.8544883503448295,22.181815897079705,0.09289121952297358,49
MARSONS.NS,131.32000732421875,175.39999389648438,-25.131122067358945,2037272.1129032257,5.911774809854298,26.94056181550244,18.210470477284613,-5.211481385741301,0.09357838432974783,49
ALPEXSOLAR.NS,889.2999877929688,1374.8499755859375,-35.316579729801845,65396.37096774193,4.740592494986817,9.089790784634921,-8.5975665105663,24.247291343760914,0.0941166399076014,49
SOUTHBANK.NS,46.75,49.41417107532308,-5.391512226850937,22342123.472222224,1.8296670777167012,2.629647556949788,4.169541793593012,18.617183089294343,0.09406631992957269,49
NSLNISP.NS,45.95000076293945,53.75,-14.511626487554508,6461929.697211156,-0.5195883760662268,4.812957579853028,-2.977195585390091,23.157327986145624,0.09280405197205208,49
JAYNECOIND.NS,90.18000030517578,117.0,-22.923076662242924,7320955.849206349,-6.91576913520795,-1.431847840399303,3.287141022602791,23.28092744232142,0.09320566802108751,49
TMCV.NS,456.04998779296875,503.3184101990195,-9.391355739870544,11315893.15942029,-3.1946546626110406,0.6510663539428752,26.390249987842097,2.8770981199746304,0.08878662048869952,48
GVPIL.NS,664.8499755859375,1073.741134374155,-38.08098113206266,498257.4404761905,6.794633141497353,-11.27052096394332,-24.18364441426518,45.15617688531326,0.0923273655120682,48
BAJAJHCARE.NS,336.29998779296875,515.9000244140625,-34.81295369680897,277653.50396825396,2.218841274458594,1.8319417995363407,19.002116252532208,7.050770118360417,0.09109215410456957,48
JMFINANCIL.NS,129.35000610351562,190.76608727773456,-32.19444401813612,3579135.043824701,1.062589469837838,1.4828236565343156,11.349463765636415,13.48543161430964,0.09201835453705427,48
GODREJPROP.NS,1909.0999755859375,2340.6858887816,-18.43843786405346,863492.2182539683,-3.483317715574441,-9.452662492360474,18.561682129984348,14.49970107301828,0.09129520798173077,48
AUBANK.NS,1067.5999755859375,1144.0999755859375,-6.6864785973639655,2352743.693227092,-1.7123896540292116,0.05623013926312481,11.409167960379829,14.703667600149384,0.09144224490623407,48
PURVA.NS,217.49000549316406,289.54998779296875,-24.88688839155756,787586.824,2.1415549590170446,2.410891601307097,5.870619309428915,16.106126942823696,0.08899970386121278,48
TVSMOTOR.NS,4098.10009765625,4484.5,-8.616343011344629,909831.5515873015,-2.4958339839103005,-8.241907696896112,24.66083285865257,8.647695638685594,0.08959363175299756,48
WESTLIFE.NS,528.6500244140625,766.669811438393,-31.045931830518803,211041.54,-7.449227395595104,-11.12884826239875,23.19879552132498,12.784487325127692,0.0910274119440931,48
RPSGVENT.NS,813.9500122070312,1179.0,-30.962679202117794,350796.65338645416,-4.060585951871431,-11.536785805402062,-6.280942751061458,33.983541104038075,0.08995717860029238,48
LICHSGFIN.NS,553.4500122070312,586.4255760885916,-5.623145583367039,1621344.3227091634,2.795317071047232,11.96080265291437,4.355333089814817,12.86732080166857,0.09125220485299469,48
TECHM.NS,1560.5999755859375,1807.040094106148,-13.637778117043498,2238686.634920635,-4.725276215754737,-4.8414649032964885,9.286431923682636,19.79317078472913,0.09262377288761672,48
GAIL.NS,174.9199981689453,181.85195677766524,-3.8118691333055232,10400892.472222222,1.585455420658377,1.6973485632121754,5.622213880717841,16.726289590746735,0.08875195255222319,48
EQUITASBNK.NS,72.72000122070312,83.9000015258789,-13.325387487302153,3554437.964143426,-1.689874245466616,-3.323584099214183,-1.088133105129474,25.077402793455473,0.08870816941453849,47
MAHLOG.NS,405.0,447.10758500270833,-9.417774695648085,261921.29482071713,3.461486108168099,0.5711417241741401,20.437286494674755,4.357401831718133,0.08334523636741317,47
SCI.NS,291.25,367.499792159746,-20.748254498767583,6580011.365079365,1.648986314524481,-0.9185276730417691,1.8083427821769193,19.160373152782164,0.08187845192610035,47
CHOICEIN.NS,754.3499755859375,860.5,-12.335854086468622,637182.593625498,-2.626827972174528,-10.70139383415951,14.97485195183199,15.946818919961014,0.08468221589484648,47
INDUSINDBK.NS,1003.0,1077.8499755859375,-6.94437790799668,3289539.8571428573,1.0477558603528392,-2.365428567422423,13.012491227394541,11.786415841484477,0.08250003577362952,47
BHAGCHEM.NS,259.6000061035156,316.8999938964844,-18.08141019140752,151149.10040160644,-7.533390524126227,-9.103641262030049,-2.96698441907135,30.58552672229149,0.0877004805837656,47
BASF.NS,3806.0,4797.620574444326,-20.669007877080357,25482.99603174603,1.2018706281914593,-5.595795520180724,17.823110125559573,10.682518874290302,0.08620968546166995,47
JAIBALAJI.NS,69.20999908447266,108.0,-35.91666751437717,2057849.956175299,-4.088143608542727,5.486966073207311,4.784248125225088,15.484730071819165,0.08317745320082381,47
POONAWALLA.NS,456.20001220703125,570.4000244140625,-20.021039151311747,1994556.5436507936,-1.0304805020520447,-4.300398463404454,22.469801934773482,7.530939824874783,0.08790188767495863,47
PSPPROJECT.NS,871.9000244140625,1143.0,-23.71828307838474,174180.2610441767,-0.5475062993195445,-9.455318203308071,-1.8241134576303608,27.3776514848886,0.08458012286072764,47
INDHOTEL.NS,717.4500122070312,789.0359805542071,-9.072586055821553,2558683.265873016,-0.0765999711655696,-1.5438451779253959,9.904709118171562,14.497171735905034,0.08453852397111845,47
HYUNDAI.NS,2210.0,2862.6621204739863,-22.799132171627768,909083.529880478,0.22675736961450532,0.43172006362190984,17.985458666554564,7.048508838973477,0.08324060885241592,47
KIRLOSBROS.NS,1848.0,2180.905610301624,-15.264558389373972,113729.406374502,-2.7470767557741804,-2.823786746104917,7.550332554728323,18.11704520132651,0.08672452822150699,47
JUBLINGREA.NS,670.5,792.3323631991859,-15.376421418313091,336230.4126984127,-3.2816444284168744,-9.617844299257804,8.975051588566775,17.872527170676598,0.07589793042147423,46
UNOMINDA.NS,1235.4000244140625,1378.852549646065,-10.4037611033047,856357.5873015873,-3.060263594857604,-4.083849036175269,15.75002041558118,11.019723328201248,0.08010099289234038,46
DCW.NS,48.59000015258789,76.0975903455407,-36.1477808535691,1394784.2817460317,8.995060917067565,3.5592541534835265,8.07384595648022,9.117452244751934,0.076804916072483,46
APLLTD.NS,797.5,983.3745824758901,-18.90170701869318,126224.78884462151,-4.479581185820425,-3.927234856611861,9.788517723428258,14.697213170502454,0.07582035495325044,46
ALGOQUANT.NS,63.70000076293945,71.01000213623047,-10.294326367244722,1191513.3372781065,1.0790230089438468,-4.5549853133578955,18.22568578350574,7.365580308472874,0.07610843096663678,46
RICOAUTO.NS,132.14999389648438,157.3196224733626,-15.99903952295586,4278650.623015873,3.736552735412557,-6.881059514809806,4.154073208898823,18.59975150502693,0.07683565935259713,46
KKCL.NS,505.70001220703125,590.1599224193676,-14.311359854137828,40258.37751004016,0.37713863836839057,-1.5189849645508735,16.29297576384301,8.076891043194356,0.0785256601735731,46
MAMATA.NS,416.0,514.3336672504768,-19.1186526396665,243050.36653386455,3.6501790640824927,-2.849138687350772,16.841212211393852,7.674531394402795,0.07917366390117368,46
PRINCEPIPE.NS,280.3500061035156,353.3999938964844,-20.670625086192295,267374.484,-4.675280419803984,3.45018675406481,2.9752088534492627,16.958702408348756,0.07898552928206846,46
TTKPRESTIG.NS,553.75,762.9636442781316,-27.421181316716137,256807.0438247012,-5.147308739517353,-10.098224039993164,2.758925560872716,23.88841816492302,0.07848669252280654,46
FSL.NS,258.6499938964844,371.5899202053472,-30.39370019683263,2592875.4325396824,-2.7631601892915914,-7.525926847284459,4.716596719224442,20.994521554493485,0.08031286249178675,46
GRINDWELL.NS,1935.4000244140625,2455.0,-21.164968455639,63595.244,-4.330201462478378,-9.297967001314067,2.0352348169401457,24.5391834115297,0.08133630263183271,46
LGBBROSLTD.NS,1715.0,2019.894362671753,-15.09456971148052,67394.54183266932,1.3353802446181229,14.136075209210762,19.255414218622246,-1.875558002234834,0.07987154130996706,46
DIGITIDE.NS,94.94000244140625,202.60000610351562,-53.13919072988676,736241.84,-2.425488732098169,-8.394439405131015,13.158522901959735,12.222227132129483,0.06915010969203694,45
PRIVISCL.NS,3395.60009765625,3774.7057070510364,-10.043315659989826,119015.528,-2.259577956690395,-6.8192418797668575,8.734518769016098,16.29941116870457,0.07550313926564246,45
OIL.NS,488.5,529.9163379046904,-7.815637100084927,4036256.4285714286,-0.10224948875255935,8.057164455040699,14.009308537631405,4.026985513905257,0.07414794708984407,45
CARRARO.NS,543.5999755859375,659.2363858620107,-17.540962961998563,178299.26506024096,-1.5989936215262124,9.641528685959312,6.729084685845255,9.173989394863934,0.07456727538738392,45
ADANIPORTS.NS,1706.0,1891.0999755859375,-9.78795293615221,2419897.577689243,7.086813517308488,0.7381163271331648,-5.930708368645787,20.53681657030715,0.07291818734686605,45
KOTAKBANK.NS,422.29998779296875,452.4189269358333,-6.6573119181497775,16316830.257936507,-0.635296989889711,7.318929553486342,7.54520120689397,7.956889723374405,0.0684657246312625,45
SHREDIGCEM.NS,72.11000061035156,97.1500015258789,-25.774575936426693,225159.45418326693,-3.891774245571533,-0.5927768124465826,3.531944049647473,15.98842324941776,0.06947219727614876,45
GKENERGY.NS,128.67999267578125,238.62838915412897,-46.075153450133946,1147945.436440678,-3.3788859043977992,-5.594082986627502,-5.697444478587843,25.07641177880451,0.06864626180180171,45
INDIGO.NS,5003.5,5970.0,-16.1892797319933,1385698.904,-4.403897592663353,-6.178511156947309,10.577031713084995,13.610042665986066,0.06941034589664129,45
NEWGEN.NS,516.5999755859375,1030.4143551726484,-49.864831269807,2487822.019920319,-2.316346897138011,-6.24319862324183,10.885871309633766,13.401357832692963,0.07146030111605148,45
APTUS.NS,256.4599914550781,347.60280033473435,-26.220389706839985,1492591.5258964144,3.05806114724263,-1.6075206366857997,1.5482036650456887,16.977099026251175,0.07239602697401279,45
TORNTPHARM.NS,4944.0,5250.0,-5.828571428571427,382498.9166666667,-0.4329876145403255,0.4061738424045558,8.131748147613393,11.880058549312288,0.07229483871035812,45
JUNIPER.NS,215.1199951171875,312.5,-31.161601562499996,182812.18326693226,0.3545411945661492,10.40286804143249,8.438345509802602,6.421290079514952,0.07216047412489876,45
YATRA.NS,113.11000061035156,202.0,-44.004950192895265,2581250.737051793,6.2864147307967855,5.680652060542446,17.273202891908433,1.0903576971651896,0.07382875831626774,45
ABSLAMC.NS,1029.5999755859375,1194.9557175378152,-13.837813362037398,380124.67729083664,-2.1106742927918587,0.4193822835302896,-4.94455003051878,21.011372753369017,0.06793993119618848,44
WONDERLA.NS,523.1500244140625,656.2869520057964,-20.28638954116492,88094.724,-2.6244719564332275,6.083348046005521,10.965926288804063,5.664828843808722,0.0650993183772249,44
MUKANDLTD.NS,137.6699981689453,151.02053644043738,-8.840213778976702,170126.2390438247,0.2110884232244592,-3.875159198752709,3.873810179225634,15.893814603751455,0.06765745897840175,44
5PAISA.NS,338.5,416.95001220703125,-18.815208036995546,173584.41035856574,-1.8413820475936205,-11.940685386390737,11.53212520593081,14.049869919846113,0.06507310247680179,44
NESCO.NS,1134.5,1628.413458753058,-30.330961470391404,60781.03212851405,8.99221571626212,8.346865290026884,5.284083223806668,5.235562729916987,0.06248044688740384,44
ARKADE.NS,124.51000213623047,185.3000030517578,-32.80626007250931,507439.928,0.9404164381507929,-11.076990189237534,11.43828729555283,13.036768417091471,0.0652483716147001,44
BAJAJHLDNG.NS,11056.0,13642.165482850582,-18.957147867042234,61548.31349206349,-2.245800176834656,-3.6178188475285533,13.488604470398924,8.789786197714067,0.06614352033016127,44
SHARDAMOTR.NS,889.4500122070312,1189.9000244140625,-25.250021517982624,63520.328,0.7418719687221298,-5.508337008216502,13.580646141831343,9.403445535920207,0.068080918521464,44
GPPL.NS,161.19000244140625,194.17086460013374,-16.985484525006733,1909414.1155378486,-0.8690958509104729,9.545425415352371,9.206919070511589,5.389088457414726,0.06739886602098795,44
IIFLCAPS.NS,341.70001220703125,407.5051309315702,-16.148292065453575,671019.0398406375,1.4097046528912083,2.25946983344425,-0.5240139135280208,15.128041192974129,0.06486876735109216,44
GANESHHOU.NS,751.9000244140625,901.2645538342193,-16.572773086961025,81204.292,-3.2241440761176965,-0.978493212247411,-1.7533559141120092,18.94934051354018,0.06535616381121218,44
CONCOR.NS,501.0,561.4378970396333,-10.764841019516503,1766214.1626984128,-2.529182879377434,-0.1793173754590649,14.146859585488848,6.288397120869038,0.06470634960964712,44
APOLLOHOSP.NS,8842.5,9039.4765625,-2.179070448803988,368007.7091633466,-0.6293195482384717,-1.0308088432116724,4.291614591233905,13.803753905565852,0.0653989221613033,44
SAKSOFT.NS,150.6199951171875,223.5125912995052,-32.612299718113945,1787952.619047619,-2.334331523161959,-9.018428063636197,9.370110645053309,13.306353859038222,0.06096455972087846,43
SAATVIKGL.NS,415.0,567.0,-26.807760141093475,342165.1181434599,-0.705828955824972,-2.0417783597556083,-11.381590685954102,24.38183952994606,0.058593200386585755,43
MMTC.NS,63.63999938964844,78.3499984741211,-18.774727978241568,6465587.916666667,2.118099649050298,-0.48475585550058486,0.9037572500115276,13.764749645994856,0.05891885827206314,43
SBFC.NS,98.83999633789062,123.0,-19.642279400088924,1983252.7609561754,0.020235421097103412,4.870022639671756,7.868601222951255,7.004431524224453,0.061383810466192186,43
KIOCL.NS,375.79998779296875,634.5499877929688,-40.77692931646876,581060.5992063492,-2.122678514115506,-4.400920387162555,-2.743272844449196,19.643419449383615,0.05941933997574626,43
GULFOILLUB.NS,1058.0,1242.267802432691,-14.833178648906909,65321.079365079364,-4.014749623850477,-7.650670782098212,19.4661256063152,5.554899256146184,0.06130188265548344,43
JSL.NS,737.9500122070312,879.2203373423794,-16.067681687433,643426.9123505976,5.098623733986685,0.8704229399006058,11.957182712963444,4.5196873686812244,0.06078976722740312,43
CASTROLIND.NS,189.5500030517578,198.22517212749622,-4.3764215122782835,1841579.3214285714,1.8976447146654918,1.2661665074865658,7.560888558551415,8.370992111089093,0.06059661184964924,43
MANAKCOAT.NS,120.0,182.7466119542093,-34.33530793442654,700049.66,-1.9848078895030818,4.836430030229222,15.010732094541869,2.073120136303075,0.06101272899979327,43
BAJAJFINSV.NS,1937.5999755859375,2193.128599829014,-11.651328803199167,1124932.392857143,-1.7444231447293346,-4.140902944652558,17.88057765929265,3.8255300424719474,0.05891762411373129,43
INDIGRID.NS,175.49000549316406,177.25,-0.9929447147170256,886720.172690763,0.7463132404485151,0.6388484469508127,4.320976511955821,11.770512342566718,0.06206898904048448,43
BAJEL.NS,183.8000030517578,225.91705733944445,-18.6427066568971,699169.8725099602,-5.3162952426408445,-4.1610156316261975,-8.367446515358612,25.22328448084883,0.062152471871426244,43
LUXIND.NS,1135.199951171875,1823.3499755859375,-37.74097313341747,94486.00398406375,-6.197323006613509,-10.571929310000794,-11.726286845110812,30.69306735889501,0.06025222727363251,43
DLINKINDIA.NS,442.8500061035156,521.5413716552077,-15.088230738426478,141191.96812749005,0.28306159029058975,-0.471964500708566,-7.002604140798563,19.803587723609418,0.057545671060915446,42
LTM.NS,4481.39990234375,6344.474916122625,-29.365314520267315,365104.19444444444,-3.1048669763513503,-6.540148022028158,17.163847859070035,5.050931560993921,0.05551010680077812,42
ASTERDM.NS,787.5999755859375,891.2999877929688,-11.63469242985322,1177317.685258964,4.179890950520826,-9.440040872570432,-3.1123198509387717,20.165553077463905,0.056625061962419274,42
ARSSBL.NS,512.9500122070312,787.8320712122298,-34.89094555166308,760880.2723404255,0.8255552249692766,1.7757960728236544,0.4111947336105537,12.6143649100648,0.056068191211707454,42
TEMBO.NS,58.70000076293945,83.55384731237945,-29.745903209603153,1509696.0515873015,4.765307945409325,-5.475036706479985,7.765741596180797,10.069376987641032,0.057389967271555875,42
ENDURANCE.NS,2711.0,3072.0,-11.751302083333337,116847.609561753,-5.579547015055142,-6.662076088827684,8.77775279787192,12.30045991156139,0.05663139884715081,42
NGLFINE.NS,2774.199951171875,3599.8325981661596,-22.935306697730372,9617.649402390438,4.706546562441027,-18.443112156481302,-1.2778228151145599,23.011176650927865,0.056031560407846216,42
BELRISE.NS,228.10000610351562,268.20001220703125,-14.951530305137084,6312721.0159362545,-1.8249075928402858,-8.102010421172935,0.4270687270946816,18.106974750983017,0.055680176750029974,42
SMSPHARMA.NS,399.6499938964844,447.79998779296875,-10.752567040878425,546056.8525896415,8.526814364286327,7.46168337064399,5.39292748711413,4.156888501959988,0.05625651757475665,42
INOXGREEN.NS,173.3800048828125,279.0,-37.85662907426075,1953737.828685259,3.901246452996676,-3.3717817755812396,-2.764843667367123,17.41044696462517,0.058504939758233517,42
POWERINDIA.NS,31075.0,38775.74235339215,-19.85969032703374,145869.3824701195,-7.953199052132698,-4.6551563783917,-6.561189371570208,23.539028538661654,0.057209034231019903,42
JAYKAY.NS,160.0,219.6999969482422,-27.17341728607604,238763.80208333334,6.973318289122266,7.490758104994821,-7.934860359553941,14.457405883481101,0.055979876954374494,42
STYRENIX.NS,2139.0,2630.8826641986443,-18.696488098547327,39317.88047808765,6.832486872655097,-4.261030939596122,-0.519275578037981,14.7038140040906,0.05556785427571131,42
VGUARD.NS,328.0,390.34213160745503,-15.971151090128544,564637.168,-5.298110518303634,2.6122340882070105,10.814112614662141,5.747207409533339,0.055357525140230165,41
HDBFS.NS,680.0,796.6710965617623,-14.644826085104157,871168.4023904382,-0.34439447058227657,2.15578382928312,9.972897465912567,4.672588121889021,0.052576218073277746,41
UNIONBANK.NS,183.77999877929688,199.59697275189,-7.92445584445537,14725902.555555556,-0.6057302077654647,1.4574359051252816,14.99091564390087,1.559866763558948,0.053521355588423504,41
LGEINDIA.NS,1642.300048828125,1755.0,-6.421649639423077,1216812.7433628319,-3.268936176454218,3.5171792516939915,6.615166372307946,7.046024057925404,0.05179501767555922,41
TVSSCS.NS,127.25,146.5,-13.13993174061433,1145909.164,0.12589792015098578,-4.888252944408123,2.505236527825283,13.86005508919721,0.05330532197159943,41
HEIDELBERG.NS,160.69000244140625,216.99000549316406,-25.94589687382236,106041.35317460318,1.638201288996055,3.5240311671725033,9.738448732425242,3.959367812120562,0.05373908106909904,41
ANUP.NS,1756.5,2559.3896551627895,-31.3703563481709,44981.896,-2.0630052969054957,-6.756345095759242,-2.659410817154373,19.517287721137233,0.054515222944661844,41
ATGL.NS,607.0999755859375,859.5498025483846,-29.370005811645395,3361723.517928287,-2.2698062369635896,-7.672422347138053,-16.6238388457947,29.795259204240622,0.05169486934833868,41
TSFINV.NS,412.3500061035156,684.5682054144123,-39.764949227536185,150994.49402390438,2.779160906588074,-6.697591421187587,7.144825400898469,10.397666203540478,0.052409119081070224,41
SIGNPOST.NS,267.79998779296875,336.79998779296875,-20.486936609515073,203452.96787148595,5.122664491842488,0.09344048267849736,1.0375401345605884,11.42083669331415,0.05410551263413786,41
POWERMECH.NS,2402.60009765625,3144.6219185600457,-23.596535294887687,93576.72,-4.704103435370078,-8.182055929635402,-5.632360657649249,23.0588028893975,0.054269914290001386,41
PNB.NS,116.48999786376953,131.33111679644097,-11.300535086193397,18305818.82936508,1.1022362694075527,2.6343593513387997,12.910729796672227,1.9972140875889721,0.053092000712457725,41
SUPRAJIT.NS,473.75,557.028538620579,-14.950497657949313,160523.0438247012,-6.4567107155412256,-10.129552792079643,6.383209097242415,15.33446336120512,0.05377166443684721,41
JLHL.NS,284.75,340.0,-16.249999999999996,225715.11155378487,-3.670502665590636,-11.071208886809902,8.410110420278372,13.88666085802084,0.05496405425370803,41
JBMA.NS,615.75,790.0,-22.05696202531645,1806744.4801587302,-0.9809400700208748,-3.6912452470666213,-4.51267375167318,17.903303015797036,0.04971176024401448,40
CARERATING.NS,1712.9000244140625,1822.6696635954045,-6.0224648148699655,52443.288,-0.9311726770351414,-2.0752302636124265,6.034815379376912,8.75879397452306,0.04805798883196298,40
SURYODAY.NS,154.7899932861328,218.0,-28.99541592379229,884541.676,0.06463950038686495,-4.4624187110684055,-8.20474118916571,20.73650058378749,0.049471580845902884,40
DAMCAPITAL.NS,146.3300018310547,284.0820688881976,-48.49023649970536,678881.749003984,0.7366152861642883,-3.0930763452972188,1.8866579440423914,12.619768592323787,0.05068951079699218,40
CANHLIFE.NS,153.25999450683594,166.24617118007782,-7.811413989904925,1978946.5246636772,-1.8445016613746978,0.9719154827604104,9.02387616057132,5.484052858143418,0.049107169218433756,40
BORORENEW.NS,503.45001220703125,721.0,-30.17336862593186,680163.5595238095,1.2672268707416778,-8.21330679908272,-2.5643506264696914,18.15301689639601,0.04975962897875121,40
NCC.NS,150.72999572753906,218.9304972416292,-31.151667937253446,2935904.4007936507,2.915464166278503,4.511257274241931,5.534530359293677,5.5418031181617255,0.050708782265290304,40
KIRLFER.NS,460.0,509.728293793752,-9.75584333834787,170216.1923076923,1.7248977404710208,3.3475609283678986,11.073063171345643,2.377820457239266,0.05115049094020081,40
COCHINSHIP.NS,1523.5,1970.7277578579542,-22.693533192228443,1339921.1785714286,3.225149047940068,1.4314247669773739,9.778062141333809,3.316155243704788,0.0486868059807154,40
HINDZINC.NS,602.0499877929688,719.8477125036038,-16.36425630928783,7799465.496031746,0.8458941026748379,1.1593653861813102,10.467887668434628,3.915580910353933,0.050230611521757076,40
V2RETAIL.NS,219.1300048828125,259.25,-15.475407952627773,1253987.7928286854,-1.5942104857787909,-0.14126756978892763,-2.5829098850957743,14.829954818536507,0.04969434399350206,40
PINELABS.NS,169.7100067138672,284.0,-40.242955382441124,11687037.190243902,3.462786061598888,9.887337497455873,12.899147448700553,-2.9063371859907594,0.05030955465864925,40
GRAVITA.NS,1684.0999755859375,1913.5999755859375,-11.993102159699177,266082.5317460318,-5.488526151195505,-5.57331227440776,7.206056999973498,11.551965957122,0.05119088412839747,40
PAGEIND.NS,36120.0,45150.8475731383,-20.001501762529582,27447.884,1.247372109320244,-6.0542727499662385,-3.7641261930196013,17.07241477934911,0.046136107147725404,39
ICICIBANK.NS,1400.699951171875,1467.6271961496604,-4.560234721281398,13668814.19047619,-2.593883784987827,-2.172097820621266,7.251976858055897,7.66891875090725,0.04549352615156633,39
TRENT.NS,2800.0,5547.3026073787005,-49.5250178658795,1293948.2857142857,-1.9264448336252182,-7.438016528925617,3.4393624077358798,13.213093778185936,0.04636798444447494,39
TANLA.NS,516.8499755859375,750.0847124549373,-31.09445279929123,889116.4801587302,-4.842133415440209,-18.232875249388634,3.2357898505842586,19.31465372758694,0.04565810054788305,39
LICI.NS,414.04998779296875,457.74492274879265,-9.545695164335743,4558025.321428572,0.46099573568392227,5.356230990577293,7.771053621770485,3.1789161871074834,0.0472022833305799,39
BSE.NS,3380.89990234375,4435.115403617064,-23.769742280292117,4314531.003984064,3.013403483965571,-2.2041651430388165,-13.734393824433411,22.42432622120294,0.047099196609399464,39
CAPITALSFB.NS,280.1499938964844,318.27334486330085,-11.978179003080058,40375.361445783135,-1.0769838202962956,-5.418642015223341,3.534385765147663,11.692130691140413,0.04545741220926166,39
PGEL.NS,553.6500244140625,644.4000244140625,-14.082867250434505,2901806.9087301586,-2.8513773124869246,-10.960110118496347,20.620920351647598,1.7552011131484857,0.04411196795805711,39
PIDILITIND.NS,1573.5,1707.5,-7.847730600292824,779831.6587301587,-4.259202920596284,-6.61721068249258,5.7399302663934115,11.005826334314616,0.04374947185085726,39
DELHIVERY.NS,454.79998779296875,524.0,-13.206109199815119,3042522.103585657,-0.30688828947842417,-3.9087260674285695,5.497560044979988,9.418980986737235,0.04604426365755334,39
KAYNES.NS,3674.0,7705.0,-52.31667748215445,1541340.956175299,-0.29850746268657025,-4.727330511626637,19.55743573055646,-0.7509873159390557,0.04591518944197331,39
SONATSOFTW.NS,276.04998779296875,411.0263372414121,-32.8388565935536,1761797.742063492,-4.480973082017736,-13.429799285434552,10.218911530483531,12.155287407962412,0.04793731257041341,39
TIMETECHNO.NS,184.33999633789062,249.14999389648438,-26.012441961174883,2600084.777777778,-3.248833507093296,-10.899513325092158,12.988049791071955,7.8137799416260645,0.045171408982442506,39
KSB.NS,815.7999877929688,1023.2461180887996,-20.273336651723138,246103.07569721114,1.0591499278995054,4.022950308316076,-0.5000654346880684,8.788391036226617,0.04275841838537391,38
KFINTECH.NS,924.0,1198.7685004367224,-22.920897599213006,1047091.4920634921,-1.4399999999999968,-0.4846526655896577,16.250146571876734,-0.8668217735487538,0.042873847290255875,38
SANDHAR.NS,620.2000122070312,763.2000122070312,-18.736896974945118,317973.0358565737,-5.102895908323712,-6.967675767784975,-13.67527292513817,25.115996960678324,0.04039992162340512,38
MPHASIS.NS,2344.60009765625,2957.899861042516,-20.734297717912188,561275.1792828685,-3.411049189198434,-5.268682922979795,4.772295070145249,10.045165182645977,0.040549130905861624,38
SHRINGARMS.NS,218.14999389648438,266.5,-18.142591408448638,1407691.1769547325,-0.6195620447292272,-6.509815153768239,6.831536315731701,8.564741338697113,0.041114381949717844,38
JSWSTEEL.NS,1310.300048828125,1351.0,-3.0125796574296815,1674947.6984126985,-0.24362018818995246,0.6374845490111358,2.770510605040366,8.5255848023428,0.043445219934324625,38
JAGRAN.NS,61.97999954223633,68.81048404363386,-9.926517152627811,255876.596,1.4734736152611783,-2.3321770620675197,-1.0220367303816147,12.34267364705628,0.043113703888206414,38
PETRONET.NS,287.1000061035156,322.6775170144611,-11.025717329215423,2945098.394422311,-4.49101787288424,2.3164646680734924,8.2415489907941,4.2585141413535865,0.0419006150010594,38
KCP.NS,164.0,206.48053010525658,-20.57362506944431,182626.44,-1.7434567121574984,6.182634973086598,2.20324706457824,5.772891527789303,0.04032312053890764,38
SHILCTECH.NS,4165.89990234375,5383.97700521774,-22.624114138925975,33235.385,3.7739140017303496,-11.06296160433865,9.276314411752228,8.55223782608563,0.043685885332652254,38
EICHERMOT.NS,7702.0,8165.0,-5.670545009185545,525742.9402390438,-3.162129879927078,-3.9650872817955096,7.8004645610248335,7.1105704701860395,0.04075137112030056,38
WEBELSOLAR.NS,75.5199966430664,137.89999389648438,-45.23567803798741,5115581.694444444,1.3691230108273889,-20.076200285296885,-24.45734148152965,38.036918126178286,0.039992370500357845,38
TRITURBINE.NS,575.7000122070312,784.8771245029434,-26.65093755005058,1228792.231075697,-0.07831848216599546,-9.231330041619401,-11.402922699657802,23.33416669565129,0.04058692011822697,38
MAHLIFE.NS,359.1000061035156,423.03422522089073,-15.113249781147452,197892.17857142858,0.6023235251319647,-7.173322880231381,13.656958310159872,2.708273142987827,0.03805964526710013,37
PRAJIND.NS,337.0,422.8048706122484,-20.2942010786199,1903788.235059761,-2.006395469306499,3.676361376959192,-0.8401920084824654,8.988595041257064,0.038780131424192746,37
HEXT.NS,515.5999755859375,792.7687780924847,-34.962123908746136,920632.692,-7.05723738874493,-8.678710966848369,0.029093680348202255,15.194265098077707,0.036449682110913775,37
LTTS.NS,3418.800048828125,4673.3032272251885,-26.844035522641118,134450.0517928287,-5.25440246776625,-4.999024780745276,2.7283668518066406,11.033173323218026,0.03706534181903523,37
JUBLFOOD.NS,478.25,665.8563753476858,-28.175201483912293,2603701.138888889,-1.2696106469808566,-3.383838383838389,15.959889039929308,-0.5680287487543456,0.03757026471011291,37
MGL.NS,1100.0,1341.9213239967235,-18.02798119909108,284036.148,2.871032429627207,-1.911181898851133,3.453972614409051,6.530086722385153,0.0355309333646927,37
LINCOLN.NS,641.4000244140625,770.0,-16.701295530641236,69247.79116465863,5.710758041048614,6.873281399975473,1.2790204922191961,3.996761153475892,0.03928142693156072,37
NESTLEIND.NS,1406.5,1553.0,-9.433354797166771,1529439.111111111,-2.2041407487217057,-7.987699694888095,-0.6494834044715847,13.86248765473701,0.03532196026703539,37
DIAMONDYD.NS,1128.699951171875,1245.0,-9.341369383785135,62987.875502008035,-1.6040471454690564,-8.041394107785283,0.21307841957807216,14.056182196606981,0.03917712868412252,37
TATACOMM.NS,1741.800048828125,2110.0,-17.450234652695496,510377.812749004,1.0676583586749278,-0.7634402185804245,-11.167555448114996,18.48717214779281,0.039986800168340324,37
BOROSCI.NS,130.3699951171875,180.8000030517578,-27.892703032827747,137782.02,6.069474601584357,-8.093063441922265,-14.032311002809871,22.5397084924434,0.03794524867908382,37
UNITDSPR.NS,1430.699951171875,1563.4000244140625,-8.487915515539369,932850.2222222222,-2.673472709396263,-5.998689147708602,14.622164651782787,2.460216141922378,0.039036507518224406,37
NAVKARCORP.NS,95.69000244140625,132.5,-27.781130232900942,577830.96812749,-0.35405221515417695,-3.944991163243694,1.4525050371233306,10.547602980963887,0.03830389249358398,37
KIMS.NS,769.9000244140625,858.0,-10.26806242260344,463975.28685258963,1.9060257331651176,-5.0795157701875375,0.8844918802410451,11.088671520769267,0.03875515591659025,37
PICCADIL.NS,618.4000244140625,809.7000122070312,-23.626032469918677,250783.61111111112,-2.4605639725453488,-19.562950802154234,7.398408739878404,12.980734812688354,0.03253169989353481,36
DDEVPLSTIK.NS,272.29998779296875,359.34947541878313,-24.224186642924018,152041.172,-1.518991756611665,-5.517010319430716,8.55091934125829,4.771063558171207,0.0321839998609866,36
DREDGECORP.NS,1057.4000244140625,1286.0,-17.77604786826885,451851.66932270915,-4.0733033135394,-1.2974912517989212,-2.3908449410742882,11.91787024512192,0.03383066034012757,36
FACT.NS,797.5,1058.5999755859375,-24.66464968898361,656185.2589641435,-2.8919330289193357,-4.991663473361285,-11.52160408263484,20.4500875104606,0.03436027781829599,36
IDBI.NS,89.61000061035156,118.37999725341797,-24.303089466608117,15833413.357142856,-2.661304598322234,7.963856157050064,23.92477338661143,-13.01688649745979,0.03297318188577302,36
360ONE.NS,1109.5,1229.0652744329707,-9.728146821830286,983830.408,-5.574468085106387,-5.0166917910038356,5.465779467680609,7.809930491305472,0.03202920870114966,36
POCL.NS,471.6000061035156,647.5999755859375,-27.17726623185557,811412.4501992032,-4.842614952467761,-2.0967419239289353,-2.9709493431694822,12.467804508758839,0.03192227120520128,36
TRAVELFOOD.NS,1285.300048828125,1470.9000244140625,-12.618123088268474,83938.45019920319,-1.100332950634697,-10.030794428583011,4.013927297578324,10.288314904948237,0.0320331197047272,36
BANCOINDIA.NS,626.0999755859375,859.7877065596524,-27.17970136009401,602832.4621513945,0.9594373841227632,-0.22311146040836505,-6.405566311258582,13.083519021923351,0.03363059161722369,36
CAMS.NS,731.4000244140625,837.8765073351432,-12.707896926210271,1417693.87250996,-6.470585113291238,-6.8282107187469965,-0.4815780692463245,13.623638973045704,0.03292281513365861,36
AIAENG.NS,4259.60009765625,5160.600958593338,-17.45922360915656,80035.81526104418,0.42542017653182107,-10.477137225902544,-3.680733609465181,16.359013785691022,0.03386500003909529,36
NH.NS,1899.4000244140625,2092.89990234375,-9.245539058652309,410340.0438247012,-0.4089726802383731,0.7585830466991572,-0.16730440939766167,8.270387948331258,0.033687831978292,36
AIIL.NS,515.9500122070312,683.0,-24.4582705406982,676310.6626984127,-4.329682201828877,-11.983964267675496,12.175236115613686,6.0861531267700775,0.032572710116741496,36
TARC.NS,134.39999389648438,186.3000030517578,-27.85829753360476,1034455.26,13.475169812643095,2.7680036328005864,8.56218948580716,-3.835146551962265,0.029357159327816684,35
FISCHER.NS,35.52000045776367,124.69999694824219,-71.51563646588816,1626395.7290836654,0.8804356187209539,-6.550902324978303,11.627909485936572,1.8932869645909456,0.030235507284937853,35
AVANTEL.NS,158.1199951171875,214.72640412746412,-26.36210914083691,2478747.293650794,0.9255102860718623,-2.5694733757202215,0.7390343741733751,8.439360072330903,0.03176110694647516,35
DOLLAR.NS,264.54998779296875,391.38998363057124,-32.407573300936946,172134.824,-1.6360008233334722,-5.34884157675537,7.647699841231326,5.0288427940508695,0.030724786723053243,35
TCIEXP.NS,551.0499877929688,770.6064470343156,-28.491386243433524,70994.00803212852,0.6392110452065891,-0.6400988008010922,6.823691746238558,3.0192489515395327,0.03190708448847821,35
ORKLAINDIA.NS,594.5999755859375,760.0,-21.763161107113483,227523.84360189573,0.0,4.89547520423117,-3.0727909766072536,7.0194387533711655,0.028650332492125244,35
HCLTECH.NS,1289.9000244140625,1729.0085007948294,-25.39654814761799,3233551.138888889,-4.550836087683585,-4.9587333612635565,17.372450889418744,-2.4593454490136835,0.0278116680619908,35
MOBIKWIK.NS,194.3000030517578,334.0,-41.82634639168927,2542068.6812749,2.419480351826442,-2.9955066942508157,1.0085269470007763,7.377732151791183,0.028964976411491875,35
JKIL.NS,492.6499938964844,672.0,-26.68898900349935,116694.74900398406,0.5100479508580724,-1.2527560786654957,5.053839657219172,3.9017189155630128,0.02877293042743665,35
AAVAS.NS,1302.0999755859375,1771.9000244140625,-26.513914010666596,180972.17529880477,3.2429452900041067,-5.0601548971245025,0.1923668857313432,8.54451501217599,0.027877796201653093,35
ZFCVINDIA.NS,2518.699951171875,3038.7327548607846,-17.11347609812216,135164.86852589643,-0.6273236752053268,-4.493402176325045,2.8842939568636927,8.100511331195271,0.03144079916751674,35
RITES.NS,214.2100067138672,272.0997840702363,-21.27520150527801,1795687.6334661355,-1.936456546540144,-8.001198212092453,6.271819706975701,7.587617612084974,0.03122707659854195,35
CENTURYPLY.NS,745.0499877929688,859.0,-13.26542633376382,92447.832,-1.611094381912348,-4.718974849800595,0.27590683620037915,9.68715315317905,0.028527289039803803,35
EVEREADY.NS,335.20001220703125,466.2990065226065,-28.114791685540396,143951.03187250995,3.1067382079038364,-4.392468233995828,0.8131811004369327,7.713127676994591,0.02761385574920135,34
BLACKBUCK.NS,574.0,748.0,-23.2620320855615,760454.8486055777,-3.334454058606706,-0.6318747095639621,8.210007878361857,1.8272108515026808,0.027340663563361664,34
BFUTILITIE.NS,531.9500122070312,898.7000122070312,-40.80894570139526,113702.56972111553,5.776500032435172,-4.7708493633484395,-10.776584817930047,15.428014573476045,0.025617105145852342,34
TEAMLEASE.NS,1256.699951171875,1944.300048828125,-35.36491695665403,47620.0,-2.0880443185138264,0.2472858684037904,-9.250440001403348,13.903733848891275,0.026270142809648813,34
ROUTE.NS,505.6000061035156,872.0425606177564,-42.02117775704115,511446.44621513947,1.1200012207031262,-3.9189747182377332,-1.3590157705296813,9.557645040128815,0.027435584633153872,34
SUNPHARMA.NS,1890.5,2046.9000244140625,-7.640823809107777,2564676.6865079366,-1.9958527734577514,-2.7720645822510215,5.643443718294816,4.559502159079076,0.027628357853240956,34
GOCOLORS.NS,330.0,760.9000244140625,-56.63030760787275,528259.164,0.6557858339052647,2.4685646664709626,-8.864955968638954,11.618470087147227,0.02547192760951923,34
SHREMINVIT.NS,100.5,104.9000015258789,-4.194472318280584,65562.24899598393,-0.4950495049504955,-1.373897453302153,1.430176440300035,6.277544128695456,0.02615786142412713,34
MASTEK.NS,1663.699951171875,2531.933977035666,-34.29133752058973,123032.01587301587,-7.674808481028029,-6.917136354245457,6.561988189464274,6.758631321169806,0.025211408663553106,34
ASHIANA.NS,347.0,435.8999938964844,-20.39458479955748,132781.68924302788,-5.42381963137859,-7.675936047629017,-2.4458847085918833,13.82646975646502,0.027192533173447817,34
MAZDOCK.NS,2476.0,3039.742679715149,-18.545736896649966,1249784.0199203186,-0.1612903225806428,-1.3690391615163944,4.767270640917642,3.9157918724184837,0.02706561076681343,34
VTL.NS,588.0499877929688,682.2146139481268,-13.802786429655411,591925.9402390438,2.7969583675248044,-2.2600994704687793,-3.327601319975182,9.709894148167052,0.02713353205932991,34
ARE&M.NS,837.7000122070312,1045.6584377625288,-19.88779682211347,794866.2261904762,-4.79600079965139,-6.683747263463613,5.829487389754173,6.73424048011475,0.026261928763142914,34
GENESYS.NS,275.739990234375,635.0499877929688,-56.57979756953111,837505.8531746032,22.046651251865047,24.910527852491505,-16.795414812076082,0.7453335536575345,0.02446279673524995,33
BALMLAWRIE.NS,176.7899932861328,224.13526798489292,-21.123527378989394,180969.61354581674,1.1615923798953043,0.913288899154896,2.5880528101256184,3.5909955541051364,0.0251163108250025,33
SBICARD.NS,667.0999755859375,961.6311031378486,-30.628286313830934,1465535.2749003984,3.466456081572322,1.2291313483971944,14.878588180243213,-7.112938637306588,0.022108728769869995,33
BHARATFORG.NS,1978.0999755859375,2295.0,-13.808279930895972,1233682.0239043825,-3.610758081522414,-5.494248564561433,2.120620291297759,7.702829002979872,0.022573921675167488,33
BHARTIHEXA.NS,1556.0,1934.317756973946,-19.558201107856643,187386.67330677292,0.6793917825946405,1.1177508855015672,7.954971898724117,-0.573893318009755,0.024484235977731104,33
DOMS.NS,2189.800048828125,2750.437480198048,-20.38357299179743,120015.452,-1.9126517882138816,-2.971230032094041,3.5321637021890284,4.643496144390746,0.021315363831728107,33
TAJGVK.NS,334.70001220703125,509.59533802868503,-34.3204328552568,216311.29083665338,0.3147065277251615,-6.587233442357265,3.9056677188179956,6.116077730635294,0.02332155372200579,33
ONESOURCE.NS,1617.4000244140625,1925.0,-15.979219510957787,299760.6653386454,6.470940057135421,2.6269051024151224,-4.836429298225697,6.766123067404739,0.024279954636907533,33
HINDALCO.NS,1017.7999877929688,1169.8969824893504,-13.000887853624853,5637343.011952192,0.23142208456228275,-3.944883801064092,-1.557830078342226,8.225485686775368,0.020570106994508897,33
PNBGILTS.NS,81.9000015258789,106.0,-22.735847617095374,941264.1992031873,6.418922167584773,1.486994576228251,-8.029198518638081,8.6495151366768,0.019903376310834234,33
NIVABUPA.NS,80.5,91.4000015258789,-11.925603220906611,1827097.484,-0.935272109587626,-6.601696577598348,-4.382946115216447,12.320360062295554,0.02199393663874856,33
JAYBARMARU.NS,116.72000122070312,205.8889662970584,-43.30924899962901,639827.352,-6.5118120566923015,-15.769561535742561,-11.879658815660598,23.59120729517148,0.020674917605526706,33
BALKRISIND.NS,2277.10009765625,2765.3795041598637,-17.65686791881953,253477.492,-0.0921311671029712,-7.671408483399023,9.688076437061088,1.570072390576982,0.019909570739590175,33
LT.NS,3968.800048828125,4397.052414797838,-9.739532886359791,2196149.6507936507,-0.28391368435128905,-2.7254889993106657,2.7654077894387674,3.3943459983025726,0.01613871567855397,32
BALAJITELE.NS,94.0,141.32000732421875,-33.48429441816854,427296.2669322709,1.8859720610024056,3.947804581197034,10.705448057761636,-6.4490477114284905,0.016101734550967414,32
CIPLA.NS,1391.0999755859375,1657.4505258313652,-16.069894461062617,1516385.250996016,-1.2844150023483714,-4.966530319519324,1.0239633686229155,5.973627602358156,0.015748924873914348,32
GMBREW.NS,928.0,1315.8571912096693,-29.475629559246595,401932.68525896413,5.785123966942152,2.163265805273684,5.478519308455998,-2.817809214887834,0.015275976643306176,32
SHRIRAMFIN.NS,1027.5999755859375,1153.699951171875,-10.930049486250827,6581245.984126984,-2.9742234657849864,-9.685363729390573,16.605102722235877,-2.7742281972211624,0.016373444453256843,32
SRM.NS,458.54998779296875,649.9500122070312,-29.448422312375477,185556.256,1.4940239447490011,-11.935859987910192,-3.837688597318434,12.362161464083975,0.015557884033309221,32
JAMNAAUTO.NS,127.5,152.60000610351562,-16.448234010219586,2664474.84063745,5.024710376812269,-11.886660201101773,6.91823899371069,4.2688921105770605,0.019081675398049038,32
IXIGO.NS,168.27999877929688,339.1499938964844,-50.381836412280926,2402904.019920319,3.2265945092509796,-4.52198650820036,7.989473658442248,0.3458567928499745,0.019534469639576904,32
SILVERTUC.NS,164.2100067138672,1116.9160935696195,-85.29791023163983,600330.7051792828,-4.6787005042654535,-16.127990682608505,-11.161783426660921,22.329481385155404,0.018897893391156394,32
GESHIP.NS,1380.0999755859375,1766.7331887612222,-21.88407483567906,742543.880952381,4.11134588139308,3.798134847117862,0.3920481124043418,0.9650179648194479,0.016743831772119622,32
NHPC.NS,75.0,87.39772087555167,-14.185405238661964,16467375.591269841,-1.7038047179053994,-2.5838797448415884,4.263470599852237,2.964459748714088,0.017776686586824488,32
DODLA.NS,1075.0999755859375,1480.959306464207,-27.40516428147235,39407.694779116464,-0.5089765060394047,3.216205912558223,0.7535334931103366,2.8651681062604517,0.019644708223449856,32
SESHAPAPER.NS,243.61000061035156,290.5599780055542,-16.158446086578792,46073.203187251,4.769480532477388,4.526732670674405,8.247055013069815,-4.877898665914204,0.019052516249378825,32
SUNDROP.NS,662.9500122070312,883.4500122070312,-24.958967338644065,18000.24,0.43175832851136686,-2.7647368617526813,0.721665133987548,5.674669324382098,0.01976595730449704,32
ASHOKLEY.NS,169.1199951171875,211.80679384961218,-20.153649444660072,20063779.59126984,-0.8268361415601833,-2.8046005073635083,22.037806958153073,-11.136076492846358,0.015133077746786584,31
DEEPAKNTR.NS,1649.5999755859375,1895.7415042243763,-12.983918329052202,212035.1,-5.704815790290829,-8.177012213418456,-0.4544751727393881,8.757256004414838,0.011606758282313447,31
HINDCOPPER.NS,532.2999877929688,758.8333740234375,-29.852849648580694,16452506.051587302,1.0728117567624151,1.1496413858372856,6.6199274497684035,-3.033067500467257,0.011099606875873167,31
DCAL.NS,173.5800018310547,321.95001220703125,-46.08479725124739,405056.6175298805,-4.537205035979374,-7.8173133203067735,-1.6209479544194272,9.687204948533768,0.01371414425428387,31
SIRCA.NS,434.79998779296875,536.351054042588,-18.93369379703983,366334.37848605576,-0.03449233471709556,-3.356302802482347,5.174478956358075,1.0166234878553393,0.01284283288081379,31
SIYSIL.NS,557.9000244140625,827.1631369466097,-32.552600630451835,93265.62549800797,-1.0025664983213334,-10.78595247544002,-7.236935243795173,14.748892480087616,0.014710292739763578,31
SPMLINFRA.NS,179.08999633789062,302.0,-40.69867670930773,624668.3466135458,-1.3278257091511758,-5.712333349507404,-3.7202292206352405,9.134667688506482,0.012625490683954223,31
CANTABIL.NS,237.7899932861328,319.6677867610962,-25.613401432955385,223185.44176706826,-1.905866220940411,4.754547358097461,8.43591001961319,-5.557064239999088,0.010682701594097732,31
MAPMYINDIA.NS,967.2000122070312,1992.1530909053106,-51.44951376364864,313900.536,-4.558911692719136,-4.6435942179614,12.749322772138584,-2.8893036707005604,0.012844653504971569,31
AWL.NS,186.8300018310547,281.42985528309595,-33.61400778068886,3286368.003984064,-2.9706575590993767,-5.402530718453324,0.35586561495419833,6.9510036321492885,0.015095892377453724,31
ESCORTS.NS,3014.39990234375,3923.3920175282797,-23.168526395615974,127048.83266932271,0.6477429830968218,-2.129873300527596,11.235084211126601,-4.8352063542150265,0.010752423598561319,31
JINDALSTEL.NS,1144.0,1303.865138167474,-12.260864524083948,1329029.2390438246,-4.099255881739261,3.9028562717407844,2.225361284562477,0.17031303009049648,0.011063792635791724,31
MRPL.NS,173.0,212.0,-18.39622641509434,11663008.436507937,0.9217138303183825,6.16101673569609,11.11111328891592,-8.75527719891135,0.011555978372812917,31
APEX.NS,374.20001220703125,514.5,-27.26919101904155,947667.4621513945,-1.5263125770970443,-0.6768381666804935,-7.4220680588782395,8.306805269763018,0.008081027991959323,30
TARIL.NS,297.75,552.0,-46.059782608695656,4628773.325396826,-3.609580484556707,-0.4513560936031502,-0.9151414309484185,3.0276816608996615,0.004853009678990385,30
NMDC.NS,84.5199966430664,97.48999786376953,-13.30393015171375,22958993.57142857,-1.3653935873556344,-1.1230775341205201,-4.46479543702365,6.087609621675094,0.007344503520032752,30
INFOBEAN.NS,158.16000366210938,255.98189583973354,-38.21437912893223,1076900.9920318725,-2.0499148656532906,-5.767393283478017,-5.9426632833817,10.377399177289526,0.010096905426403678,30
BOMDYEING.NS,114.94999694824219,194.79500862474495,-40.98924928323856,975918.4087301587,1.2864561740720148,-4.1684036075111175,-5.7246047175472325,7.851606604415062,0.0071822612240683295,30
ARVINDFASN.NS,435.6499938964844,576.9839137121372,-24.495296395068245,278013.6972111554,-3.723758254920584,-5.04577038195797,-2.275125288178037,7.360565266383623,0.008801586182163855,30
DHANUKA.NS,1017.0999755859375,1617.2853743124303,-37.110667558077346,54835.95983935743,4.2003894094340355,-0.34293553632417373,-4.088591697967258,3.41573867108127,0.004911697927208992,30
MARICO.NS,816.25,889.0999755859375,-8.193676480299938,1813386.9003984064,-0.45731707317072656,-5.3074245939675135,0.010088175439437741,5.396239149619908,0.010543054863692192,30
RIIL.NS,730.9500122070312,960.5260043292958,-23.90106994370965,103131.81746031746,-2.5010003594373886,-3.0955821243293324,-4.898512174711433,6.967523754860516,0.0044823938872117115,30
EIDPARRY.NS,774.4000244140625,1119.0,-30.795350811969392,298915.33067729085,-2.664649550329845,-2.1295387786334885,9.039708688193638,-2.609570441161768,0.009757117192337012,30
GRSE.NS,2555.0,3339.0,-23.480083857442345,1310866.043824701,-0.4092769440654842,-1.6929588303193577,-1.8817204301075252,3.39524499324515,0.004140624077953825,30
GULPOLY.NS,183.8000030517578,225.86168963286522,-18.622762740099063,316195.51792828686,-2.3794326304359847,-7.937474458426941,-9.458419220119051,13.916122558084098,0.009034851024689376,30
HBLENGINE.NS,704.25,1119.1117883166673,-37.07062981980464,1863676.7063492064,6.83403928378874,1.3965895007578055,-5.596514745308312,2.8702928885214085,0.0043188456034650505,30
HGS.NS,397.0,546.3499755859375,-27.335953557198557,39615.652,-0.8862783425682252,-7.329597185772052,-11.846342928937991,13.040998348818334,0.001079491894347028,29
BHARTIARTL.NS,1839.800048828125,2147.4734560986562,-14.327227486643102,7487658.94047619,-1.9923238502324914,-5.311371650636898,4.507709290811812,0.6784668747484623,0.0036219282199229995,29
BERGEPAINT.NS,480.1000061035156,590.094751424942,-18.64018364098555,470639.390438247,-3.545955579404192,-9.508996861788589,-6.381888453657714,11.405980348765166,0.003914306731106153,29
ASIANPAINT.NS,2494.39990234375,2960.0187763517797,-15.73026758235313,1175419.646825397,-3.1489069173461504,-9.294549005681818,-6.498142877877633,10.333333801286958,0.00010090164280515679,29
SWIGGY.NS,275.8999938964844,474.0,-41.7932502328092,13479407.266932271,-2.128414377406207,-1.7275177572629086,13.867102939139976,-8.414939785399378,0.00235809978389038,29
JSWENERGY.NS,526.5999755859375,615.2574202859911,-14.40981315736799,2939361.365079365,1.6602269470921804,-8.892737787900085,-4.644640002546396,8.121743346556642,0.0024278047498793942,29
SPANDANA.NS,238.02999877929688,319.3999938964844,-25.475891256140425,315920.74501992034,-1.2118689379243097,-7.650824915888698,1.852803546254922,2.84294746935172,0.00041668174646993916,29
SARDAEN.NS,521.9000244140625,637.3049486596227,-18.10827367467951,665424.2749003984,4.610148486462062,5.2858396756912285,-0.07584167903427197,-2.918129474283915,0.0032817849036060444,29
MANKIND.NS,2321.89990234375,2674.0,-13.167542919081898,472981.084,-4.021992840277311,-5.460101696101383,-2.285163283558933,6.168262567158211,0.0028753641854759706,29
EMBDL.NS,58.0099983215332,105.69999694824219,-45.11825922763385,3213597.9760956177,-6.541004339056833,-7.979064912664368,-0.3264646716761521,6.051183752151523,0.0007262068291920666,29
LAXMIDENTL.NS,196.1199951171875,377.04998779296875,-47.985677903038834,355645.42629482073,0.3171330522698135,-9.237322540136416,-10.090317367135981,12.764487800118985,0.0026294870710649757,29
JKCEMENT.NS,5049.0,6974.042464956463,-27.602964487662906,86888.16733067729,-1.6364699006429007,-6.143693651826377,5.250101454997491,0.24314436334247347,0.0027990246140667126,29
MADRASFERT.NS,65.08999633789062,93.48999786376953,-30.377582816145132,149897.9437751004,-0.30633263108004183,-1.9876633811599764,-4.180780147985319,5.204456863739226,0.003993827617600955,29
CCL.NS,1094.699951171875,1238.748718225596,-11.628570422261165,341906.0956175299,1.6623236935427554,-2.853993303825564,-8.014927628205514,6.4329784096499365,-0.0023585321601251683,28
BIRLACORPN.NS,865.7000122070312,1328.8254130627743,-34.85223839814273,90418.48207171315,-1.5746661108700488,-3.5431741273502793,-5.531185847743247,5.759037418457558,-0.002218422234970115,28
FAZE3Q.NS,498.1000061035156,650.0499877929688,-23.375122612546985,77255.568,2.174360226362171,-12.491216545802686,-8.167407138007189,11.50660230397802,-0.0012838850633526805,28
SUNDARMFIN.NS,4721.2998046875,5612.405266256894,-15.877425440513537,69563.26693227091,3.993387768447132,2.543321411050248,12.918626649538712,-12.326673704671986,-0.0014707842795241904,28
SERVOTECH.NS,78.81999969482422,142.94544190484655,-44.86008182947746,1097368.8087649401,-1.2156927053178612,-6.854174974594985,-21.037868227011103,18.830088224001695,-0.002717294439534344,28
GPTINFRA.NS,112.5999984741211,150.0,-24.933334350585934,350627.828,1.7531129114502164,-2.7549895640241573,0.22251891712983252,0.1048547782686704,-0.0026698903521339187,28
DATAMATICS.NS,747.75,1010.0,-25.965346534653467,166928.2619047619,-3.021851781576701,-13.30434782608696,-0.7631055076310567,7.589928057553963,-0.0015601517264279374,28
ITI.NS,270.0,372.8500061035156,-27.58482081798894,2568905.103585657,-0.3506226847132754,-4.390932777792367,-8.085106382978724,7.65550108238231,-0.0027658030597049374,28
DCMSHRIRAM.NS,1010.5999755859375,1400.4767744012483,-27.838862160495058,153520.76494023905,-1.9215885441563607,-0.5314984659510302,-1.5963835623342137,1.4544338701575565,-0.001956000682430836,28
HARIOMPIPE.NS,363.0,571.557343009277,-36.48931215041566,309442.32270916336,5.125981127356316,-8.999747918221457,-8.124526855893155,8.601346297681367,-0.0028417100860405973,28
SAMHI.NS,156.3000030517578,220.82000732421875,-29.21836886715139,929745.4581673307,-0.03837142386771131,-10.506722866307495,-2.2758530286892675,6.514922448356519,-0.0018196864491244232,28
ORIENTELEC.NS,175.52000427246094,215.64378647408492,-18.606509771356606,614683.4103585657,-2.396706619979283,-7.2206305804921715,1.6633529762584365,2.490839612221829,-0.001884550403300999,28
IMFA.NS,1285.0999755859375,1670.7880501060147,-23.084201164570484,215490.33067729083,-2.4666059959167264,-12.708869840472781,-4.366173321190847,9.686635481846317,-0.002236323713049554,28
PTC.NS,154.14999389648438,203.5447632528218,-24.267275938209455,1436813.3412698412,-0.676548371394603,-13.394017001474445,-5.102554395866077,9.953288452458775,-0.0029590917521066184,28
ENRIN.NS,3178.800048828125,3968.0,-19.889111672678304,620979.438247012,-1.5729516748835604,-12.88094698833795,-7.182901088902249,10.25250078601394,-0.007873545774210443,27
GSFC.NS,160.8000030517578,213.4499969482422,-24.66619566607493,839588.5,1.2913405050442917,-0.5258217611012528,-0.8814600958153784,-1.3375829751680945,-0.007755015205276727,27
NAVA.NS,556.0999755859375,732.5560380476754,-24.0877220713392,485736.90836653387,-2.1123042625768806,-4.425539414016322,-1.587547103250675,2.942754280797155,-0.003955007277172929,27
RUPA.NS,142.0,212.83999633789062,-33.28321629240669,220130.004,-3.8266130240719898,-13.861089024872243,-3.1509993664199265,8.929118851756224,-0.005285313766051358,27
CHOLAHLDNG.NS,1507.0,2062.371871375786,-26.92879393304097,225733.05577689243,1.4473241332884523,-7.432432432432434,5.372013443882229,-1.5284873458259796,-0.0034154497832336516,27
INDIANB.NS,862.9000244140625,980.0229061203939,-11.951035121207987,2259116.589641434,-3.9888707188803885,-2.9904413250070316,3.533506722142299,-1.9599407366724275,-0.007208996149157266,27
BATAINDIA.NS,663.5499877929688,1223.9851643268328,-45.78774260242706,277971.8214285714,-2.0373497143823083,-3.719765755593196,5.688560059386849,-3.016846442639176,-0.004478586817964861,27
ICICIAMC.NS,3010.10009765625,3597.034549503453,-16.31717582274058,713109.9722222222,-1.7943949054732733,-2.040482627425988,-5.681167850735768,3.948639834631429,-0.007124304374006837,27
ATULAUTO.NS,459.1000061035156,596.5499877929688,-23.040815439117036,387140.1513944223,-5.6708455745374415,-20.419485755819178,2.1129892951586626,8.714188817023594,-0.00531409393260544,27
SAMMAANCAP.NS,154.33999633789062,192.9499969482422,-20.010366012448543,16851088.242063493,4.893296845255191,-4.904501887981317,-8.114547111840187,6.419359882062392,-0.003581908737978432,27
GMDCLTD.NS,568.5,771.9000244140625,-26.350565873923937,4580187.936507937,1.1116051578479391,-5.744843407363486,-3.439490445859872,3.835616438356171,-0.005354087241033966,27
CANFINHOME.NS,810.0,962.6932158005569,-15.8610462081194,227931.27091633467,1.848360673036753,-0.16023515500168672,-3.3680195782748723,0.5238800116165399,-0.006480648325325078,27
BAJAJHFL.NS,83.13999938964844,117.0,-28.940171461838936,6932490.84063745,-1.047366446771436,-3.0889398503308296,0.4834439644747279,0.2895028460218052,-0.004616902869921691,27
HEROMOTOCO.NS,5320.5,6175.521739453033,-13.845336078903713,665498.3214285715,-4.221422142214227,-9.206484641638223,11.632287025836895,-5.475602920957712,-0.009639942031810837,26
BPCL.NS,307.54998779296875,391.6499938964844,-21.473256074081238,8436840.615079366,-3.1796021714412537,-3.437994413510592,7.403520599817726,-5.630563500208019,-0.010367283199841336,26
NLCINDIA.NS,270.75,387.79998779296875,-30.18308186627823,3495452.4603174604,-1.2941990342515641,-5.116525597065946,-12.759789052592208,10.442588921427976,-0.008036261700448171,26
ATUL.NS,6340.5,7144.769440445724,-11.256758488144447,34257.8047808765,-0.8056946182728453,-6.399468556244459,-4.06135891176177,3.833858712609417,-0.010453273615609403,26
CEATLTD.NS,3330.89990234375,4393.1588210528225,-24.179843296776184,171618.5119047619,-2.038116870281137,-12.196862700376986,6.856104097907423,-1.1806219550733354,-0.010586017797606187,26
IVALUE.NS,235.8800048828125,340.0,-30.623527975643384,407615.83544303797,-4.77189834923556,-13.896698531792085,1.370923721662476,4.765716756475413,-0.00938965722193065,26
HDFCAMC.NS,2444.300048828125,2903.739155124938,-15.822327067013875,952771.2430278885,-6.780826139591333,-3.9567760774803507,-0.14298553518191648,1.489655242323784,-0.009164713930802648,26
SUPREMEIND.NS,3560.0,4586.205351504792,-22.37591369885086,244500.53784860557,0.028097780275349038,3.4282393957001833,2.771217721539676,-6.039058418802446,-0.008958003938915039,26
UTIAMC.NS,901.0499877929688,1362.8249046583157,-33.88365704845423,161652.9484126984,2.4502544392232872,-0.7490210911312745,2.529497504304423,-4.372730700545979,-0.008950218032309911,26
EUROPRATIK.NS,258.0,389.6640172803993,-33.78911355462798,372528.4267782427,-2.1615517418164365,-17.860555559819748,-0.2705883935061659,7.279794808997564,-0.00957524880598417,26
PRAKASH.NS,127.12999725341797,177.0,-28.175142794679108,549957.8531746032,0.7209602471193621,-2.380402807204851,-6.61133277497653,3.3577213442422593,-0.010442958315250894,26
BUTTERFLY.NS,614.0499877929688,823.8499755859375,-25.465800086205636,77671.752,-2.376790493963632,-9.930328156513568,-2.663071798863881,4.9478744513772766,-0.010435164398073302,26
GHCL.NS,431.3500061035156,649.6824619687275,-33.60602581199449,170905.4342629482,-1.4732713269291486,-1.0778538747912125,2.3168030748151436,-2.8870778489011317,-0.00822688124767067,26
NATIONALUM.NS,374.25,443.3731066930094,-15.590279529712225,12161251.892857144,0.6048387096774244,-1.9594481266451802,1.2415551710661443,-3.004456278217549,-0.011607217143284698,25
ITCHOTELS.NS,158.0500030517578,249.5935228905489,-36.677041446678295,3461333.083665339,-1.274279051032734,-7.383528447337461,5.030573856424803,-3.0907312585935043,-0.013312539410807268,25
ERIS.NS,1331.0,1735.685837222008,-23.315615564952353,112400.168,2.3924898070492695,-4.4782563026222295,-2.5336830846889646,0.7333958600790336,-0.01123148861194595,25
JIOFIN.NS,234.0,320.84859669700336,-27.068404721439286,13716991.645418327,-3.0453722467954636,-8.665098858735409,1.902077435862437,0.989451948328024,-0.010711529863366877,25
SWSOLAR.NS,185.8699951171875,281.70001220703125,-34.018463946467605,2408997.816733068,-1.8275004914195647,-9.300735978041285,-6.846090184774123,6.864832371759677,-0.013507913514785794,25
ANURAS.NS,1230.0999755859375,1415.0,-13.067139534562722,326166.561752988,-2.357522788621469,1.134582438856957,-2.2178079820399432,-1.9371849772942817,-0.014490521766204512,25
BDL.NS,1258.0,1648.1319119869795,-23.67115818518667,1501608.888446215,-1.3333333333333308,-2.782071097372485,6.267946284115089,-5.803070011231748,-0.011305916720660029,25
SKFINDIA.NS,1534.199951171875,4953.039658667183,-69.0250824362526,56101.369047619046,0.1697555254231986,-0.20165859349403625,0.58027361026316,-3.03736383614549,-0.010642196175357357,25
GLOBUSSPR.NS,858.4000244140625,1252.800048828125,-31.481482203244337,126026.576,-6.421014298781369,-5.285221673184914,2.3244724558948437,-1.0603908979667453,-0.01425960386933365,25
APOLLOTYRE.NS,413.1499938964844,533.7088183031568,-22.58887623216912,1041761.1031746032,-6.674953127565675,-7.355088555378164,9.259201719597154,-5.090739053669468,-0.013970481294208414,25
COALINDIA.NS,418.6000061035156,478.7148398145708,-12.557545476204691,9426307.793650793,5.552316313628625,3.1382198928471716,-3.729042934379767,-3.153859199408504,-0.011973809501450348,25
DSSL.NS,1066.0,1923.9611771253476,-44.59347659016982,134298.232,2.372030155925975,-13.133109882835214,-22.421995776001957,19.646024634470272,-0.012576078399869236,25
INTELLECT.NS,689.7000122070312,1232.7256944645226,-44.05081233366953,521266.00396825396,-0.7197351248224737,-5.241459731889742,-4.571247076556018,2.9484876061902643,-0.013122445393508953,25
GICRE.NS,348.45001220703125,402.400829796409,-13.407233185049272,725095.6852589642,2.0195802726220347,1.3198365750979102,-4.771877220048493,-1.2242114142599125,-0.014553223894367273,24
AMBER.NS,7323.5,8974.0,-18.392021395141523,336007.02788844623,-3.891076115485559,-1.4996637525218515,-3.9540983606557334,0.17782641406196564,-0.018041393046248598,24
IGL.NS,153.22000122070312,219.28693712723197,-30.128076378848,2910078.183266932,1.8140711196020787,0.8424369874487025,-5.5188981003244875,-0.9950848674040169,-0.017038088676090045,24
LEMONTREE.NS,106.0999984741211,180.67999267578125,-41.277394966187096,3748551.9760956177,-0.14117790670955532,-4.423028166492482,-0.6833317836014374,-1.531323921929384,-0.017162525278216365,24
SUZLON.NS,45.5099983215332,61.5,-26.0000027292143,70309817.75,-2.1290358676705257,-4.189477217824833,-14.599366598485542,9.79492758471503,-0.015126379759916696,24
VINATIORGA.NS,1329.0,1849.9000244140625,-28.158279774013863,53947.97222222222,1.0339041609791266,0.5599292184294669,1.8078730768011475,-5.751363519614139,-0.015428072250215053,24
BAJAJELEC.NS,336.95001220703125,647.9607286405871,-47.99838982310737,396798.623015873,3.406477181402723,-7.201870960318657,11.489256773158507,-9.841821941571327,-0.015896782186044386,24
ALICON.NS,684.0,1018.832993642693,-32.86436498739064,28678.437751004018,2.79530731943034,-7.909794681925275,6.120551230186777,-5.732469503219173,-0.017592506366736576,24
AJMERA.NS,116.63999938964844,221.39999389648438,-47.317071994056384,488369.9641434263,-0.22241414271745308,-5.669229316397006,1.6204919237959192,-2.678347205123899,-0.017412785824619307,24
ULTRACEMCO.NS,11081.0,12847.756783521221,-13.751480614789479,275215.01587301586,-2.7982456140350886,-7.9498255524173445,4.406102823082447,-2.97596011691168,-0.017383428717269157,24
SDBL.NS,73.76000213623047,142.60000610351562,-48.27489552652129,985060.6984126985,3.7412147949307695,-1.5877182928152545,-0.5527788092713037,-3.6446777325938706,-0.015671269148889135,24
ASTRAL.NS,1502.300048828125,1765.9224658214252,-14.928312091588648,744439.2589641435,-1.3073119814798306,4.201031067495564,0.2106510787582616,-6.304072654218073,-0.01748958722708621,24
ALLTIME.NS,210.61000061035156,314.70001220703125,-33.07594774677103,153854.00398406375,5.46847515420783,-4.089437532355178,-5.733594872249126,0.8282246682776773,-0.01659828585413919,24
AFCONS.NS,285.29998779296875,476.09320955207187,-40.07476223796791,1088394.545816733,-0.1225297080322929,4.029166013844576,-12.958156983329793,3.2829736343499283,-0.017806774092932808,24
CUMMINSIND.NS,4990.5,6049.821052103703,-17.509956790132584,552634.844621514,-2.2428991185112657,-8.02617029119056,-10.296949565257385,7.260093351193664,-0.020145714991889885,23
PARKHOTELS.NS,113.58999633789062,163.5856890825765,-30.562387837880202,302717.79282868525,0.9868358355526352,-5.278520620169513,-1.7047432176556132,-1.5599298563817254,-0.020924154483280135,23
COROMANDEL.NS,1952.199951171875,2486.7668094210435,-21.496461036232972,320386.29365079367,1.5237363558066708,-6.962783884880775,4.743822900631778,-5.7401618595339094,-0.021131010150195185,23
EIHAHOTELS.NS,299.45001220703125,430.0974955083229,-30.376248331063216,24071.248,-0.5479886625831321,-1.0246160009957705,2.0538216446236435,-6.037643631327061,-0.02058633025601199,23
NFL.NS,70.38999938964844,99.79227722522971,-29.463480194184534,1393956.9003984064,0.028416430703326334,-2.113759136493909,-6.656947392489387,0.7442344677621282,-0.02119300614870414,23
POLYCAB.NS,8366.5,10126.0,-17.37606162354335,366880.04365079367,-5.946827047383508,-9.795148247978435,-10.305187388886495,8.846271292784635,-0.02106760053886132,23
WAAREERTL.NS,848.5,1358.0,-37.51840942562592,640323.9800796813,-2.7507163323782224,-6.619713068609656,-11.021390339419735,6.87743719698648,-0.02154456469991082,23
INTERARCH.NS,1697.0,2742.1363509030452,-38.11394537543179,93948.29718875502,0.3029762554120463,-3.561365286452456,1.542097920486163,-4.881263602247299,-0.021718514965023573,23
GALLANTT.NS,565.2000122070312,948.0,-40.37974554778151,967498.812,-0.361390532035033,-6.655654466221095,-11.797749223797194,6.833007324103546,-0.021733917839454615,23
BLUEDART.NS,4939.89990234375,7036.0,-29.79107586208428,57618.366533864544,0.32290622144091063,-2.9393869271293838,3.8535887172398198,-6.794341465212261,-0.021172467341947443,23
MEDIASSIST.NS,331.8500061035156,575.5499877929688,-42.34210526594859,178708.364,0.8049798901033522,-9.0697369492725,-4.283243605612563,2.644608299837614,-0.01960579162592888,23
KRSNAA.NS,551.1500244140625,894.4000244140625,-38.37768231556895,79617.61752988047,-0.45154879251487756,-1.7295090655466527,3.0572245688650135,-6.282937035503345,-0.019870641359026518,23
GMRAIRPORT.NS,96.5999984741211,115.63999938964844,-16.464891919769176,17161990.234126985,2.6349295103788473,-9.125121636086654,-3.49650354980261,1.1200666895183842,-0.02162455765312875,23
CRAMC.NS,238.9499969482422,348.31533559533113,-31.39837023258384,1183333.8755555556,-6.422560706195979,-8.605857413757645,0.2265105761257491,-0.10965096229722526,-0.023393347654522924,22
BHARATWIRE.NS,176.5,262.0,-32.63358778625955,518205.3266932271,-2.867209576449592,-12.263259130830784,-14.585752748099502,12.313081040436803,-0.021898661920662445,22
FORTIS.NS,905.7999877929688,1103.1298326042547,-17.88817952148318,1965588.346613546,-0.12129634926456578,-5.1667314411018905,-8.315381761647977,3.222822575602491,-0.022509614214002317,22
WHIRLPOOL.NS,800.7000122070312,1428.4580610250364,-43.9465508961136,489133.66932270915,-0.30505038069551516,-0.9422615258236622,3.1288716556756135,-7.611623805942191,-0.023249453689084768,22
EIHOTEL.NS,295.1000061035156,432.8358310681578,-31.821724330154446,588247.8452380953,0.22074846987181207,-2.655447123550847,2.361575336266619,-6.0116889605125845,-0.022052175610480364,22
IEX.NS,117.08000183105469,155.8999783750524,-24.900565701559973,8231129.44047619,-1.7785194391473191,-7.30007996668437,0.008543722778298068,-1.814623052892128,-0.023611540415749675,22
KNRCON.NS,121.41000366210938,220.0,-44.813634699041195,2491854.337301587,3.16961535287279,-14.913447624359822,3.0207935800440566,-1.604664670826772,-0.024013557839021774,22
SHALBY.NS,150.61000061035156,274.70001220703125,-45.17291812246358,218560.88446215139,-3.0012259508489514,-5.921666527826197,-9.199972843825499,4.823224031064721,-0.02315158141371896,22
HUBTOWN.NS,187.67999267578125,342.0,-45.12280915912829,721493.4940239044,2.9511736335495087,7.1783404840480625,-0.7824122212282347,-9.451445550668392,-0.02284516426471264,22
M&M.NS,3135.199951171875,3799.9943064302024,-17.49461450858988,2535748.003968254,-3.798712759377876,-10.85584443639821,5.572476234274637,-3.812605274653369,-0.024043394027963863,22
SANDUMA.NS,197.60000610351562,272.33215508462166,-27.441544300152344,2973308.698412698,-1.3971995400434367,-3.3262125213019633,-4.306968730561067,-0.41997673118521206,-0.022650437699071414,22
TATAINVEST.NS,626.3499755859375,1178.621408861613,-46.85740723215728,2319375.0992063493,-1.1520632126346686,-8.947528222658796,-1.463076924554152,0.004814052824397841,-0.023417094220317125,22
AADHARHFC.NS,470.0,563.0,-16.51865008880995,402131.9362549801,0.4058948668469453,-7.187992562244194,0.03192378302350196,-2.4289001267458254,-0.023589919415554238,22
ASHOKA.NS,114.7699966430664,214.5,-46.494174059176494,1583243.390438247,-4.588913650717585,-3.0085397894872634,-2.5804269404346436,-2.2318790017926027,-0.027274790058166458,21
TRUALT.NS,419.6499938964844,542.0,-22.57380186411727,373050.3836206897,-2.3161108160305033,-12.032280759934732,-17.75600315600502,13.052257569008606,-0.02743965152788059,21
GREENLAM.NS,237.0399932861328,278.54998779296875,-14.902170642954072,174953.8875502008,-4.380799063224816,-13.394233571742841,-0.948581186645292,1.4384071953335242,-0.02826138098531228,21
BANKINDIA.NS,141.14999389648438,172.71800537071604,-18.277197797922206,9883345.234126983,-0.8430011630337519,0.10637864998892521,-0.16268989841864423,-6.66529849044557,-0.02777950752009412,21
BEL.NS,415.29998779296875,472.8081629796919,-12.163109626597802,14291370.432539683,0.9970757451907009,2.847478245176127,3.371563364860597,-10.248456237569226,-0.02418710262015216,21
VAIBHAVGBL.NS,216.0399932861328,286.0804190389319,-24.482775153956794,592680.956,-1.3966283578910943,-10.511523103882537,-2.153319886645333,1.0323233000778531,-0.024750341025280755,21
REPCOHOME.NS,360.54998779296875,453.7097447808215,-20.53289753184747,145569.28968253967,-0.6201764266000942,-5.330187208932147,-2.236984889660909,-1.7441134217626497,-0.024967959200497714,21
METROBRAND.NS,945.5,1332.1929881655078,-29.02679954035805,66742.08032128515,3.1544155358311343,-2.4567670641776784,-4.064729593660809,-2.985479453101425,-0.025895225185912352,21
BIOCON.NS,396.8500061035156,447.1499938964844,-11.249019004708572,3715034.293650794,-1.047246432437554,-6.864585679657109,-4.4777971155102625,0.38519904382263714,-0.02666901296299201,21
VIPIND.NS,317.29998779296875,454.29998779296875,-30.15628520387127,607391.6653386455,4.4609013310185075,-0.6885797205105626,6.49436979129645,-12.721771847875306,-0.0283202361276145,21
TCS.NS,2272.300048828125,3287.1616459496977,-30.87349228389916,3704095.285714286,-4.081889032160191,-6.323943827827561,6.984398804650915,-7.853327514520958,-0.027189890331946402,21
KANSAINER.NS,194.1999969482422,260.8927950067185,-25.563296240802213,482294.6987951807,0.7209166574601689,-8.547213860886693,-8.342864229364311,3.8706580832862603,-0.025919471419261108,21
TEGA.NS,1656.800048828125,2125.0,-22.032938878676468,170447.94,4.444304219247908,1.9130281472809152,-4.721374111982191,-4.989104115375276,-0.025850178283637937,21
SCHAEFFLER.NS,3949.699951171875,4445.0,-11.142858241352648,78874.5219123506,-1.6215028610267135,-2.118854109699564,-1.5012831401773563,-4.563155318345391,-0.02861568177433947,20
GRINFRA.NS,860.0999755859375,1341.5660703794995,-35.88836252077886,69310.14741035856,-1.8374841813274867,-1.2174154671509618,0.06398555066948752,-6.414233500899702,-0.029737292467219758,20
SAFARI.NS,1533.0,2504.019782423858,-38.77843894204077,56664.048192771086,1.4559894109861027,3.1212178915699385,-1.2998628467901008,-8.65406478536025,-0.03081742248768532,20
MASFIN.NS,290.6499938964844,357.9301909358125,-18.79701649738551,144954.66932270917,-4.5641091622481085,-3.558857383337488,-1.8865578465357968,-3.270730608201844,-0.030424419901337853,20
TATASTEEL.NS,185.60000610351562,219.86575104195882,-15.584848834370735,27646418.277777776,0.8312048233919844,-2.4390239989848905,-4.310167210235438,-2.8576434899390657,-0.028407918765040372,20
GILLETTE.NS,7519.0,10255.650929658823,-26.684322120837468,26771.73015873016,1.3410607183772516,-0.9390356338458417,-1.1586437545629047,-6.803769218692901,-0.03122801868777475,20
HINDPETRO.NS,352.0,483.5386775606495,-27.203341462617704,6018985.936507937,-3.057010717964881,-5.854098182157141,1.2126384525570133,-4.444398972032615,-0.028904887612738586,20
INDIASHLTR.NS,671.75,911.9719209725083,-26.340933909055064,140079.3253012048,3.346153846153843,-2.9122739851218493,-7.6951514666605,-1.296531229659026,-0.030749973442707457,20
BBTC.NS,1478.0999755859375,2114.6666501437494,-30.10245962476118,158323.50996015937,-1.6501462788779842,-1.7286084982397143,-2.769370933967197,-3.9071627547608734,-0.029044127096302497,20
EKC.NS,103.69000244140625,154.5500030517578,-32.9084436144067,584654.561752988,-1.9850632913765875,-9.480576447863232,-1.0591608568974564,-1.4072413742573175,-0.02975266425482469,20
THERMAX.NS,3626.5,5256.332008959298,-31.007021744084785,197588.49003984063,-7.3264835620274855,-10.505403393254687,-20.34407764441263,14.762879891465385,-0.030318003715913193,20
RELIANCE.NS,1293.5,1604.3820104615531,-19.37705661335094,13454391.23015873,-1.1841100076394162,-2.546526601725596,2.4148851939825855,-7.75975330296772,-0.030071520841013735,20
STARCEMENT.NS,194.33999633789062,292.01245790228234,-33.44804610941509,291723.256,5.185106146287666,-3.7730293734701825,-6.495381176803294,-1.9326850009805718,-0.029577836134984874,20
NTPCGREEN.NS,87.80999755859375,119.94999694824219,-26.794497880243117,7383693.549800796,-1.8992342051890265,-4.032789553449456,-10.689587234390252,1.702572716068107,-0.035223284150986266,19
CHAMBLFERT.NS,418.0,545.6900936155047,-23.399745589934717,848832.6533864542,2.0632431837118714,-6.006436869951893,-11.309745621877399,2.76021388371559,-0.03283801188696175,19
NUCLEUS.NS,719.2000122070312,1066.8741885000632,-32.58811395388926,42279.828,-3.3852782617607824,3.0003597861842035,-8.913973234866967,-2.071085680890661,-0.03241082111755592,19
SUBROS.NS,700.2000122070312,1213.699951171875,-42.308639665762485,167618.9,-2.4111481244555755,-15.506214324502421,-1.35943702342749,1.1046169300272135,-0.033083420123634036,19
AXISBANK.NS,1244.0,1417.2070248903838,-12.221716506364388,6563821.15936255,-4.307692307692312,0.4846526655896577,-5.290273702273385,-3.364173622397393,-0.03266590257292272,19
NDRAUTO.NS,719.0499877929688,1180.8825022330911,-39.10909964088557,32278.04,-2.2498624717579685,-13.252507345351471,-7.916725354121801,4.8590751863062165,-0.03306875247960145,19
UPL.NS,575.0,804.4134581804076,-28.519346095892463,2506674.73015873,1.3930567367596902,1.4109347442680775,-2.220485912538561,-7.890548065318237,-0.03400872377359279,19
SIGNATURE.NS,800.2999877929688,1158.0,-30.889465648275582,409727.7590361446,3.9485598668531408,-0.2492833142752171,2.734273144155175,-11.225736240380613,-0.03325013229075422,19
ASTEC.NS,634.25,941.75,-32.6519777010884,464569.3134920635,12.775599656275705,2.1912470878860946,-17.7900194426442,0.8747514910536713,-0.03271295853167002,19
SRF.NS,2525.300048828125,3198.0092293385956,-21.03524825191323,475796.6175298805,-1.3708738812048482,-3.4302084578154868,-7.461389868125956,-0.8737491258819174,-0.034110456904741356,19
SHREECEM.NS,23360.0,30494.095451463647,-23.395005970315562,28998.694444444445,-0.5534269902085942,-10.498084291187737,-1.178399531155283,-2.250755084541023,-0.03408781450421401,19
GATEWAY.NS,53.70000076293945,62.799670980180835,-14.489996643633972,946043.513944223,-0.1673176260569842,-2.8637365746283283,-4.883902294791842,-2.7087583060826703,-0.03138153088401985,19
HLEGLAS.NS,338.8999938964844,661.9500122070312,-48.80278153231756,302332.8207171315,7.724090057701116,-27.438175194491166,-7.782314585990646,9.569999117920602,-0.032219207617570744,19
RCF.NS,114.0999984741211,156.00738096015974,-26.862435756639425,2010466.705179283,0.5109248134303135,-10.100850834995523,-9.199430885799032,3.77444442116035,-0.03219129182931643,19
KRISHNADEF.NS,1115.300048828125,1398.6358552528313,-20.25801107275973,119134.04,10.99721958375699,-5.5950545302147825,-8.28983563707759,-3.875677833306923,-0.040565107721133045,18
SURYAROSNI.NS,218.64999389648438,308.07465261661673,-29.026944593009674,624207.5873015873,-0.0776955589268713,-10.71358183665836,-11.538487894163596,4.517687293746464,-0.03804957373974852,18
SBIN.NS,1009.2000122070312,1212.8384373028666,-16.79023510738087,12321056.063492063,-2.4456247262415465,-5.7703069834704745,0.8494054058471923,-7.625342450983097,-0.04193939227957331,18
JSWCEMENT.NS,121.11000061035156,152.88278968659597,-20.78244983714481,3052232.03187251,-3.8962039069257437,-9.814575422383509,-4.148146117509399,-1.042554345420621,-0.040140010485903446,18
FRACTAL.NS,799.5499877929688,1118.0,-28.48390091297238,656546.2482269504,-6.1726263115771784,-2.219643407497851,-14.045369028116529,2.994976216101719,-0.04076811534651559,18
TATAPOWER.NS,363.5,462.0369390979878,-21.326636630040152,5342950.21031746,3.69419844757759,-4.842931937172779,-6.277397993226829,-4.07750615019522,-0.041133884007229345,18
ELECON.NS,423.8500061035156,632.5128493651639,-32.989502659286295,731753.4206349206,2.8138280420898942,-3.1753269894881475,-19.511958649085393,5.74880458168372,-0.0390774835574077,18
RHIM.NS,372.0,508.29998779296875,-26.814871348862578,840935.492,0.10764098221596186,-9.883718265377262,0.8540040244978009,-5.953732402918144,-0.04091271308671774,18
SOBHA.NS,1255.800048828125,1724.929636640264,-27.19702751040254,169815.33864541832,0.8755742790826027,-7.3688799839076395,-1.1254242109987822,-4.89875000843546,-0.03683345835547087,18
RECLTD.NS,316.95001220703125,381.3442016302781,-16.886106868271856,6644657.162698412,0.9234276474400893,-7.382046034765599,-4.401132000270625,-2.767468341999002,-0.03811393379089899,18
JAICORPLTD.NS,98.0,177.68073554622026,-44.84489289245025,1135955.262948207,-0.6286784925115252,-5.53306148252215,-11.862579505164572,1.680849546324903,-0.040559141787749935,18
RELAXO.NS,335.04998779296875,506.3999938964844,-33.836889448806375,645355.992,-6.3713896665273495,-20.876141661519743,-2.771334341670939,4.11746441970795,-0.039967818335747855,18
MAXHEALTH.NS,995.2000122070312,1219.732372328196,-18.408329992306662,2807488.067729084,-4.5005243717174075,-6.99065306476343,-1.300002742110995,-4.2756919474283395,-0.03948460651729061,18
SHAKTIPUMP.NS,475.5,912.1978482724178,-47.8731504464153,1535049.7658730159,-0.51260846206862,-6.837773180609119,-6.041177611374349,-2.7618770649049496,-0.043359195917029705,17
GPIL.NS,243.74000549316406,318.68479368531104,-23.516901238203435,2630995.861111111,0.13557447355894148,3.2030009074178523,-11.930226498519481,-3.5674165917884526,-0.043518769574317606,17
ALKEM.NS,5170.5,5875.533923201399,-11.999486896286149,134069.32,-2.9833943146636677,-7.998220640569398,-2.2595746385494664,-5.132715582359348,-0.04628942184088826,17
PACEDIGITK.NS,162.58999633789062,231.9499969482422,-29.90299699198905,2100568.956896552,-5.272665511500585,-10.640286306714664,-13.211273878408935,5.502560310138271,-0.04417681851960364,17
GODFRYPHLP.NS,2012.0,3868.278555207404,-47.98719969916636,788900.390438247,-4.408972190959071,-10.69856146173822,-8.644472371975198,1.7560968261598031,-0.04471512492572189,17
LINDEINDIA.NS,6392.5,8035.3727195912315,-20.445507345113,41391.256,0.10962336543731688,-10.123022847100172,-5.142715875776305,-2.5663280088242146,-0.0458298819913888,17
IREDA.NS,112.25,162.48846681097575,-30.91817394610449,7833132.884462152,-3.648068669527893,-6.30217267064338,-6.908278076430863,-1.315980809485151,-0.042241171478047845,17
JINDALPOLY.NS,683.2999877929688,1026.449951171875,-33.430754513372975,181401.32270916336,8.22840171314143,10.209675450478839,-2.441467165195954,-15.937748869289624,-0.042427644358647244,17
REDTAPE.NS,117.86000061035156,161.05605346448013,-26.820508714163406,635802.03187251,-5.066452547901257,-15.79624235016528,-8.560595908421298,4.332457555906966,-0.04501089474986785,17
DCXINDIA.NS,177.2899932861328,286.0,-38.01049185799552,1832619.278884462,2.4383115406059863,-0.6444794550207744,-2.518283363951035,-9.56899233542593,-0.044681466802992384,17
MUTHOOTFIN.NS,2892.199951171875,4114.708242760882,-29.710691972870716,811185.5714285715,-0.44062130217297213,-0.47488123978406405,0.07612287791955996,-11.164261046546553,-0.04581905933416863,17
TIRUMALCHM.NS,157.1699981689453,328.79998779296875,-52.19890389171531,420059.16,-1.8055725563724812,-6.312587437202799,-5.993183878307895,-2.9994449465937656,-0.04440807885207683,17
HUDCO.NS,178.75,239.21868833933843,-25.277577081921756,3854280.976190476,0.0951944043018571,-9.737741111954135,-10.823604443564449,1.6201100695995896,-0.045370660871901405,17
SHRIRAMPPS.NS,74.70999908447266,99.44000244140625,-24.869270665500466,718971.1952191235,-3.0118132306757306,-11.554400373133111,-11.428570911718538,2.8355093122192754,-0.049064289463220466,16
BRIGHOTEL.NS,57.5099983215332,88.2699966430664,-34.84762602395476,184431.437751004,-2.1439546136059584,-4.595223148403626,-8.204314571680438,-3.3120397374990618,-0.04919550357545077,16
TENNIND.NS,520.0,657.0,-20.852359208523595,2063122.8415841584,-1.7755995429857396,-7.60483097393263,-10.089042629736777,-0.4022171392712215,-0.04886125793714623,16
CESC.NS,144.89999389648438,197.1955548334318,-26.519644918528062,2198194.22310757,-0.8620756253796213,-8.340050537570997,-10.661518441638984,0.038156262430799615,-0.049374106975715364,16
SUNTECK.NS,296.45001220703125,472.5,-37.259256675760575,398892.4621513944,-2.080920823441368,-0.9025511430855726,6.1973916133998275,-15.769284862917598,-0.04837098772108343,16
NAVNETEDUL.NS,130.4600067138672,164.1333558091885,-20.515847573644873,233435.5856573705,-3.0829759138751855,-2.547238759764847,-8.062006817958444,-4.3838701831002025,-0.049898954619681024,16
DBREALTY.NS,102.5999984741211,183.89999389648438,-44.208808113461004,1673364.869047619,-0.2915481509321083,-12.089795836720885,-6.129921674809113,-0.8887154161310806,-0.046415766513325546,16
TIINDIA.NS,2648.10009765625,3415.1444625624204,-22.460085460942658,387726.99601593625,-4.744600803732013,-4.469693446744227,-13.47864625327887,1.569546828609325,-0.04784173914261978,16
INOXWIND.NS,74.91999816894531,159.3000030517578,-52.96924247728783,11246463.88095238,7.798558516468068,1.9319702978847886,-7.620222467880577,-9.658750882375855,-0.04983317182090751,16
PRSMJOHNSN.NS,112.45999908447266,176.0,-36.10227324745872,998532.996,1.133095477346946,3.1743110866721658,-4.362613668833792,-10.383296677909016,-0.047139310067446163,16
DBCORP.NS,194.24000549316406,279.00130663488244,-30.380252395248462,185697.008,-2.489955587884307,-7.684994956281733,-1.334081650717256,-6.364923465390948,-0.04732188431416333,16
RAYMONDLSL.NS,722.0,1348.3018107388446,-46.451158468417596,165570.3984063745,8.940022632968692,-1.3391620601859389,-4.402353484060728,-10.063520631052093,-0.04719944446379374,16
EUREKAFORB.NS,411.54998779296875,668.2999877929688,-38.41837568303803,204530.11155378487,-4.156964684964281,-8.656087239296696,-4.656551925803076,-3.369337006143136,-0.04891614296553944,16
BLS.NS,238.77999877929688,369.79392627783915,-35.428901933913025,3429618.615079365,0.24769987482398115,-8.411642589294443,-4.811643225249895,-5.39619470940772,-0.05259529381714547,15
RSYSTEMS.NS,247.22999572753906,463.47341542689173,-46.6571355554832,801276.733067729,0.7867886880433606,-0.25015548142355293,2.7342622056683252,-15.377925793971169,-0.05302243883368345,15
LAOPALA.NS,170.88999938964844,255.00361991863403,-32.98526528989054,129049.01587301587,-1.3906541371436654,-9.355390306229605,0.4224496863167726,-8.899183427943225,-0.05443081940242546,15
WAAREEENER.NS,2595.10009765625,3862.832998996418,-32.818734376286294,1447336.1513944224,-0.38003463891554956,-4.4865624712458585,-13.989787231425687,-0.1500539570507886,-0.05192273710388748,15
MBEL.NS,267.0,535.9000244140625,-50.177274148862,325066.73705179285,-0.093545369504211,-10.552763819095478,-0.9460166605265385,-7.356006699889384,-0.053461149788832325,15
ADVENZYMES.NS,301.1000061035156,417.20001286678644,-27.82838043687741,266587.422310757,2.380142759172932,-7.168182383995337,-18.556662311001126,3.917215860426504,-0.051957345500115104,15
ACI.NS,495.1499938964844,722.5861228075659,-31.475297093638034,197037.596,1.9981422279409466,-2.269811534301447,-7.78471316887317,-6.346135464017689,-0.05128016220335221,15
CANBK.NS,124.44000244140625,157.68821233301085,-21.084778246702427,25619386.32936508,-0.9235637315344825,-3.5348818283672534,-2.2620148133216222,-9.647157153211294,-0.05336800044107903,15
BANDHANBNK.NS,170.8800048828125,218.86288600994448,-21.9237176306593,10454699.833333334,4.89871779332236,-0.14992501074618803,-11.108204176952174,-5.431143279250161,-0.05045031787602718,15
ICRA.NS,4867.7998046875,6839.023714846967,-28.823176996449064,12866.08032128514,-0.9885301973316163,-4.410496071859537,-3.456711718084904,-7.928375661127429,-0.051893160139815125,15
DALBHARAT.NS,1700.0999755859375,2484.339731207416,-31.567331382665998,296298.9,-8.409653038046194,-6.966184038929435,4.101739892658873,-10.249376759484418,-0.051034308475866125,15
SJVN.NS,65.20999908447266,93.44221530383422,-30.21355618289061,4565143.418326694,0.7726781132345595,-3.535404151794408,-8.707232708836143,-4.948043513557399,-0.05221200237109229,15
INSECTICID.NS,611.9500122070312,817.2306516183783,-25.11905775986567,28668.076,0.180082944267701,-5.519530542879291,-13.499186988783663,0.07359153017680864,-0.051062172987134634,15
CROMPTON.NS,231.6999969482422,331.01900619833475,-30.004020128857544,3342443.701195219,-1.780414182666401,-7.301460381205393,-7.918106391468505,-2.823649589220778,-0.05143225247636581,15
MSUMI.NS,36.56999969482422,52.823297143452564,-30.769183916121634,9440955.143426295,-0.5979918870028467,-11.151603910602258,-0.7469392264072283,-7.525435408921355,-0.05524375902311447,14
AWFIS.NS,253.0,639.4000244140625,-60.431656187087924,354994.0438247012,-2.278869847653753,-6.8654497756371,-13.162864355626613,-0.3937007874015741,-0.05707316561541409,14
JTEKTINDIA.NS,121.04000091552734,187.49848674311994,-35.44481183927807,430688.4780876494,-2.911684692975458,-13.419171478333226,-1.7627095512923963,-5.829958278962078,-0.05835798941936741,14
ORIENTCEM.NS,127.23999786376953,236.37657618219657,-46.1706401205785,434741.358565737,-0.7178571879300266,-7.306772125382399,-1.661644281645247,-8.789140583700028,-0.05547289661843068,14
RAMCOCEM.NS,879.5499877929688,1211.1945755050306,-27.381611049056776,261074.176,0.0,-5.55253959974017,3.5821681260943095,-13.989631398979252,-0.05631710041711442,14
EFCIL.NS,189.77000427246094,335.8500061035156,-43.49560791314381,487228.92430278886,-7.338866482095918,2.026884017452124,2.180703761112368,-15.567712711129644,-0.05901383800837315,14
ZEEL.NS,86.8499984741211,121.80000305175781,-28.694584320153936,18952350.972222224,-7.022807976453671,-8.01736903370751,-22.07267756637573,8.022384111729263,-0.057186042296078834,14
GOPAL.NS,264.0,396.70269212522027,-33.45142212529586,126371.476,-3.912647861692453,-5.001797121903506,-5.155381997074215,-6.605272618722447,-0.0558034785716119,14
SULA.NS,147.0,293.0895293039152,-49.84467703465095,461897.8844621514,-0.13586749482916716,-7.284769996495921,-4.601204819515726,-7.245939226389009,-0.05749277885192422,14
FIEMIND.NS,2041.0999755859375,2674.800048828125,-23.691493258339904,77642.78087649403,0.24064554226328472,-20.896797389399413,-7.221575241524669,1.783381773808923,-0.05608414786587386,14
FDC.NS,345.6499938964844,521.1543090908798,-33.676074846344726,193490.536,2.505925677210552,-6.530555622950606,-9.218649009459124,-4.556123230176357,-0.05643562551777346,14
INDIACEM.NS,355.6499938964844,485.79998779296875,-26.79085985320152,524955.6055776892,-4.046944623500847,-10.674369120058213,-5.3870711169993974,-3.3559799194335938,-0.05498081589234984,14
DOLATALGO.NS,69.20999908447266,95.63547251598347,-27.631455919344518,380325.504,-3.901690765857979,-2.5348584672685415,-4.366455081084853,-9.244692963899636,-0.05904954479924817,14
DELTACORP.NS,55.83000183105469,85.89468779515775,-35.0017989887821,2634935.1071428573,-2.7521303266971553,-11.791067148179978,-11.038334086660228,-0.23933561871856135,-0.06040660935791204,13
CAMPUS.NS,218.35000610351562,287.0823175835567,-23.941673614236514,610230.3067729083,-3.466110903783892,-2.683063308232303,-6.50794165172035,-8.263475341802195,-0.06140996384261833,13
BBL.NS,2260.800048828125,3367.0326028562217,-32.85482157463192,35835.00398406375,-4.345248621615195,-2.9449582034670185,-16.5060666798306,-0.5807076110499021,-0.06207619551224063,13
IOC.NS,134.60000610351562,184.95879041358242,-27.22702943583303,14034940.03968254,-1.4136033787718105,-4.3664384118565,1.1618337776077459,-14.022879028947333,-0.06275249498545091,13
HPL.NS,304.6000061035156,506.85071142832044,-39.90340760395823,190524.3625498008,0.4948861662139814,-10.961706907614877,-13.145139577668752,-0.31090876367397824,-0.06210758143671794,13
NTPC.NS,330.3500061035156,409.97128898871665,-19.421185098499027,10269680.28968254,1.959878427010997,-1.9184637937459836,-5.096322124990548,-11.497853978652529,-0.06315743145006274,13
KEI.NS,4684.5,5899.0,-20.588235294117652,357810.8611111111,-12.406507105459985,-17.232054813665798,-9.591817041397277,3.2510469473220116,-0.06264188006769536,13
ASHAPURMIN.NS,555.8499755859375,924.9000244140625,-39.90161521099792,761482.9841269841,0.06300190565931008,-13.781609266134387,-18.046446651538883,5.484384231791584,-0.05970201965405978,13
PANACEABIO.NS,383.0,647.0,-40.80370942812983,543460.6587301587,-2.020975702183403,-5.268362215206379,-26.670494169757674,8.268551236749122,-0.05949497769487269,13
FORCEMOT.NS,17648.0,26450.0,-33.27788279773157,99737.91633466135,0.696108638594084,-4.6054054054054046,1.6414214133502192,-14.537530266343824,-0.06174055899754137,13
HGINFRA.NS,482.6499938964844,1046.1165979979082,-53.86269610670593,268732.64940239047,-1.5100487870250978,-11.787565850570447,-13.069793487735215,0.8365130576015289,-0.06094850872096552,13
CAPACITE.NS,201.97999572753906,334.0,-39.52694738696435,503039.76892430277,-5.616824426383616,-4.990827787347074,-6.395404175468866,-6.865864215841622,-0.06224814939085084,13
MARUTI.NS,12628.0,17197.28603290768,-26.569808888240686,431897.7619047619,-2.4864864864864833,-10.420656877349789,-2.6200637247260516,-8.020312382078554,-0.06326924094367843,13
PFIZER.NS,4378.7001953125,5489.439888599995,-20.234117065279932,30217.06,-6.525909687563159,-10.28356948533381,-1.940580937545966,-8.243325431464932,-0.0658880931967284,12
INDUSTOWER.NS,374.79998779296875,464.0362575162202,-19.23045199116412,6419359.388888889,-0.053336588541663676,1.8478227698284666,-5.834051443057431,-12.69382550019731,-0.06463514737884626,12
ROSSARI.NS,454.8999938964844,689.6347499019316,-34.03754756250715,108806.73306772909,-6.235185072774496,-11.489447788311391,-10.787854449217082,-0.570197600063238,-0.06385843439730148,12
SBILIFE.NS,1714.699951171875,2129.040438508761,-19.461372355477735,1017834.5198412698,-1.4143676746760647,-7.563344950303231,-0.2559493035047433,-12.680144940239192,-0.06802948524675352,12
DMART.NS,3702.0,4818.0,-23.163138231631386,491842.123015873,-3.190376569037656,-8.682782437099156,-7.148231753197898,-6.202494319437601,-0.06681061398058007,12
NELCAST.NS,114.73999786376953,172.2559904918423,-33.389835943497495,216732.364,-2.894385318503967,-8.653771748876359,-16.24160923565516,0.18131516544583892,-0.06820149586143882,12
NBCC.NS,85.58999633789062,124.82730179011317,-31.433272120386647,11365807.837301588,0.45774577889405865,-9.13895825671106,-14.264129971503792,-0.9861096646302192,-0.06455699930756033,12
BAYERCROP.NS,3986.300048828125,5305.222747660049,-24.86083547413076,28321.892430278884,0.3878250991742549,-4.570050214461741,-5.9580174004235325,-9.444639049379422,-0.0644048837285375,12
HINDUNILVR.NS,1983.4000244140625,2619.7497080594576,-24.29047636450591,1691654.844621514,0.8132560639143582,-5.372136239787095,-7.648109339822062,-8.70435923974302,-0.0676927813940981,12
SYNGENE.NS,389.3999938964844,677.034031793237,-42.48442831372983,1266646.7936507936,-3.146373406432823,-3.278691506933884,-12.824653187223289,-4.59272231823703,-0.06654860525491858,12
ZOTA.NS,1114.0999755859375,1740.0,-35.97126577092313,65093.524,5.722141199829012,-12.59904147939227,-8.244109669855181,-5.34409723144117,-0.06558465969428574,12
RAILTEL.NS,267.75,408.55427403779885,-34.46403158293037,1753469.171314741,-2.9539666824139887,-6.800829246093942,-11.172190525520442,-4.353650368385797,-0.06748679822470639,12
TECHNOE.NS,968.2999877929688,1544.4460682715983,-37.30438325524692,243132.32669322708,-1.4001323935557863,-9.186402082722744,-2.3595869845746686,-10.092851644106894,-0.06722310408915284,12
VIKRAMSOLR.NS,166.8000030517578,407.95001220703125,-59.112636827889546,3104044.87250996,-1.126256034887363,1.496900796327938,-21.79294635857382,-2.3304811781164725,-0.07283321823041883,11
JPOLYINVST.NS,1008.0499877929688,1487.699951171875,-32.241041817678465,47667.90763052209,1.7821044975587785,-5.453945417554451,-8.790261280404088,-8.508808938143442,-0.06953180593133616,11
TCI.NS,870.0,1230.6142063952873,-29.303595271469984,32938.86,0.23041474654377225,-5.05810845428355,-7.842558163471669,-9.390980365782752,-0.07097739811556934,11
JKTYRE.NS,364.54998779296875,605.8045982960336,-39.82383283019799,1315675.0836653386,-3.774585741101877,-7.68549166183865,1.2422234961527279,-13.380864131017233,-0.06894235510038993,11
VIKRAN.NS,59.540000915527344,118.0416404738854,-49.56017158309528,5257988.58565737,1.3274380807943187,-16.579464145701948,-12.12366108406867,-0.878405570400953,-0.07171609574441941,11
SANOFI.NS,3114.199951171875,4971.608601515599,-37.360315326864054,21736.705179282868,-1.2931869676109375,-6.396154157743461,-0.99507387786123,-13.924513851048715,-0.07276877232087642,11
ASALCBR.NS,701.7999877929688,1277.0,-45.04307065051145,59577.716,0.1426940664124965,-4.243421419716498,-13.804964717377322,-5.302926607425251,-0.07097074935485347,11
MFSL.NS,1501.300048828125,1892.5,-20.67106743312418,700460.96812749,-4.5642316363948225,0.2604530753623102,-6.068948072117031,-12.081279556532188,-0.07057528792815006,11
PRECAM.NS,122.8499984741211,260.1356341366888,-52.77463663068578,742853.8492063492,-0.24360783438136524,-13.498102536008084,-9.520693617583188,-3.2524437745005352,-0.06881166885714923,11
POWERGRID.NS,264.6000061035156,324.95001220703125,-18.572089194157527,12273325.87250996,0.3984133406113921,-2.577319529710198,-7.8690825706595575,-10.365855297477111,-0.06982689462069613,11
KSCL.NS,731.25,1218.7102069676118,-39.99804089443935,143362.84,-4.474199869366425,-4.342993220862146,-16.533498415984038,-2.525994654583086,-0.07286466017737517,11
AMBUJACEM.NS,399.1499938964844,597.8407381419596,-33.23472817576633,2623714.4444444445,-0.7583337190394945,-7.357551760000447,-1.212719723925615,-13.19503931339423,-0.07189175366439415,11
TATACONSUM.NS,1013.4000244140625,1271.9371979227803,-20.32625305171818,1483350.099206349,-1.6593862771409507,-8.595646338496021,-8.587403325672827,-7.050921186162096,-0.07281657367579986,11
IGIL.NS,319.3999938964844,386.08705544308634,-17.272545299419495,718803.1115537848,-6.320580008503207,-9.553312874565734,-10.658168033443205,-3.490990887149703,-0.0713656734065631,11
ACC.NS,1264.699951171875,1975.569036609613,-35.983003998569494,212560.77290836655,-0.9244064886897774,-7.198421935822974,-3.3568056658216383,-12.30488419891489,-0.0746112041534602,10
FINOPB.NS,141.11000061035156,339.0,-58.37463108839187,1309496.0717131475,1.241207968814173,-8.937793949047501,6.113705176731954,-19.088299570636558,-0.07464646268163119,10
TTML.NS,36.90999984741211,60.619998931884766,-39.11250330293511,4652332.722222222,-5.164435807031986,-5.407484842639832,-12.431794753909042,-6.129195997245507,-0.07779157374302081,10
SCILAL.NS,38.75,54.244129857072295,-28.563698777909675,558211.28,-1.0328337891782113,-4.496920477718469,-10.826223906583,-8.179565296307034,-0.07522360764959228,10
TIMKEN.NS,3096.10009765625,3921.832239688061,-21.054754297636368,55854.9203187251,-3.536266093800322,-5.718804174069547,-11.758483598367208,-6.848216878907487,-0.077642192752671,10
VMM.NS,103.19999694824219,154.92999267578125,-33.389271395496245,14078667.928286852,-6.724514174303531,-5.077266565933214,-13.160551894650151,-5.0161109075903765,-0.07642514662048192,10
LUPIN.NS,2110.39990234375,2523.699951171875,-16.37675067656953,970735.2341269841,-1.9786389993613596,-8.243482506793477,-6.492681846149583,-9.05698652855933,-0.07417159566563439,10
HDFCLIFE.NS,536.9500122070312,794.0698543036143,-32.38000293085962,3313572.273809524,-0.6200214069264631,-0.5648125542534688,-1.1712436650782365,-17.868646993170334,-0.07673796548334945,10
VSTIND.NS,206.25999450683594,273.7888347519297,-24.66457052796884,347785.09126984124,-0.8365411024827241,-6.074686350596659,-15.705437305807724,-3.6408105248037947,-0.0746654678203144,10
BIKAJI.NS,584.4000244140625,799.7353085989655,-26.925819314160705,167243.872,-6.600605240088031,-6.2710466056034475,-12.625026258639805,-4.688958312761004,-0.07577361047825835,10
WIPRO.NS,172.22999572753906,263.220498300555,-34.56816743395098,15894153.88095238,-5.211888486382687,-7.153641117229615,-1.7889189142861972,-13.304634233565515,-0.07810446439796258,10
DRREDDY.NS,1153.699951171875,1405.9838095385528,-17.94358204234784,1929008.5833333333,-1.4773739392079377,-0.4401188679106105,-9.01125624812268,-11.682921174630579,-0.07612306511791951,10
ZENSARTECH.NS,452.3999938964844,845.3898333433813,-46.48622729382551,1501539.4841269841,-4.345071948439072,-9.31141859049962,4.649114602103044,-17.458807475267555,-0.07885579522419942,10
ONGC.NS,232.75999450683594,306.19702215663295,-23.983586493610908,14546773.694444444,-1.1416933122475825,-2.5390006051795977,-7.462208770457712,-13.168477355048536,-0.08128023025417408,9
HEMIPROP.NS,124.36000061035156,190.69000244140625,-34.78420524507364,769197.6015936255,-3.387197458828417,-9.910166141072619,-10.060029820133455,-7.8268586583959525,-0.08469505383495782,9
ORIENTTECH.NS,232.91000366210938,466.7272644042969,-50.0971934949243,1493053.3864541834,-2.5481156225483748,-9.986472014643722,-6.518157990050888,-10.055998191690685,-0.08229952638875122,9
BRITANNIA.NS,5037.0,6215.976836613289,-18.966879504262156,342712.7103174603,-2.8918449971081506,-10.429447852760731,0.15427355215387184,-14.194233837102422,-0.0800648553945777,9
ITC.NS,265.1000061035156,406.5707952146441,-34.79610212446289,18049433.531746034,-0.5626406472839962,-6.209088332546053,-6.126058132745637,-11.884088401993232,-0.07889534531858594,9
HITECH.NS,75.01000213623047,127.5,-41.16862577550552,1206743.892857143,-5.84912280634553,-10.627901985596965,-12.063306620614823,-5.24254842583508,-0.08426504034272425,9
ICEMAKE.NS,732.4000244140625,920.0,-20.39130169412364,31986.529880478087,-2.2554335585516783,-10.70470452160962,-3.8214019154218626,-11.062534983113236,-0.07937918828048945,9
CAPILLARY.NS,475.95001220703125,798.9500122070312,-40.42806121345941,1452326.225,-3.6343352725805467,-15.09231601610226,-5.6310089328432404,-7.922230658327123,-0.08240091673662327,9
RUSTOMJEE.NS,354.0,634.0,-44.16403785488959,137333.2530120482,-6.58398506486928,-6.842105263157894,-7.098802954867301,-9.636247606892145,-0.08010959488335555,9
PROTEAN.NS,503.1000061035156,922.9244479133125,-45.488495050597,329035.2589641434,-3.4078852480416866,-9.479787112308758,-15.013412302861006,-3.603511152712857,-0.08182174099209365,9
HDFCBANK.NS,704.75,1003.8961237048558,-29.798513674986992,30567121.07936508,-1.0043579391568969,-3.590971272229826,-3.786439770699801,-15.662348582435637,-0.08219501412545852,9
TORNTPOWER.NS,1267.199951171875,1817.8039543841724,-30.289515097838404,503320.4780876494,4.2877110223637604,-6.18893208723057,-9.113790241122576,-11.00924069017224,-0.07946848663615408,9
VESUVIUS.NS,421.6000061035156,606.1323605842241,-30.444234045324016,150207.144,3.3966906446390333,-6.123357743544844,-6.133805670120573,-13.787437281324767,-0.08240119097811145,9
MIDWESTLTD.NS,1064.300048828125,1859.9000244140625,-42.7764914856959,112874.01834862385,-2.963165440658444,-11.086044375261073,-13.429312860525188,-5.538289256056872,-0.08757634979698364,8
HAVELLS.NS,1141.0999755859375,1608.1409386787757,-29.04229050200985,907867.422310757,-8.279077407062063,-11.405281398607336,-1.2462158731339268,-13.866010880946844,-0.09029233134746589,8
GMRP&UI.NS,92.05000305175781,136.9499969482422,-32.785684481215085,1860555.2231075696,1.9267030674373853,-5.580054293993786,-12.207911882347389,-11.490381681002104,-0.09181866789160077,8
CSBBANK.NS,316.5,574.4000244140625,-44.89902741162707,706798.0557768925,-7.873668681155566,-0.14198207594240397,-12.581132254868521,-10.982981052922147,-0.08983295380933452,8
MOIL.NS,252.14999389648438,398.6210131186603,-36.74443002295388,1150151.3346613545,1.755444225647551,-9.347474589438997,-11.634838442928707,-10.187001283531838,-0.09259202541614392,8
IRCTC.NS,473.0,729.6618113637422,-35.17544804544996,1278721.1513944224,-1.7142857142857126,-9.029716531353193,-7.680292273057255,-12.374951704998693,-0.09231440241615864,8
INFY.NS,1086.0,1691.3991593070652,-35.79280242489218,11207732.32142857,-6.055363321799312,-8.199492814877429,-2.5659408049872545,-14.363972023965543,-0.08760805946237812,8
POKARNA.NS,796.2000122070312,1145.4889587311654,-30.492563360107315,178768.13545816732,-6.860848693211452,-19.298598022549974,-1.9573888124494565,-8.53633637465705,-0.08547555667428798,8
JYOTHYLAB.NS,194.49000549316406,328.41230490948914,-40.77870938886843,631046.5317460317,-5.0388126499914865,-5.330021815671094,-1.0214683779742884,-17.504829386904262,-0.08878257896287359,8
INDRAMEDCO.NS,350.6499938964844,640.8499755859375,-45.28360657642524,393580.764940239,-3.4155059395169385,-7.8812558731206295,-7.9175406677996385,-10.65104268323882,-0.08553481042211239,8
HAPPSTMNDS.NS,342.5,574.7140242073417,-40.405143154043685,1486050.011904762,-5.569344231370188,-14.758583771665922,0.23460333031699587,-13.6448034062437,-0.08896191540872585,8
KALPATARU.NS,272.8500061035156,429.29998779296875,-36.443043591443484,124156.664,-1.7110950632431732,-4.963427271702003,-12.435814904036613,-10.804180599020462,-0.09216211671483886,8
NATCOPHARM.NS,833.2999877929688,1224.7250830949197,-31.96024158440579,1048909.972111554,-0.9744518368426935,-8.93887624298072,-2.327186066930642,-16.753582980954796,-0.09284809444741524,8
PFC.NS,353.6000061035156,476.82888450136187,-25.843417293545745,6998773.51984127,2.2556444724968427,-7.197568426061429,-12.762232470816127,-11.771350745804964,-0.09751159277529425,7
PASHUPATI.NS,81.3499984741211,118.3499984741211,-31.263202768938413,75909.44621513944,-2.387806516934987,-3.1201651881553882,-7.451652944316967,-18.804275384964964,-0.10620019726605652,7
UGROCAP.NS,85.48999786376953,192.5,-55.5896114993405,500452.94820717134,0.6712196268424675,-11.363400136087199,-7.678186530789843,-14.901454665667945,-0.10469595890037324,7
FINPIPE.NS,157.44000244140625,222.5,-29.240448340941015,767671.3253012048,-0.17752902430241413,-4.251043328912429,-7.929823133680558,-16.018562214625153,-0.09654333394166956,7
DBL.NS,393.1499938964844,585.0,-32.7948728382078,397615.1606425703,-2.9139444264330794,-12.429004742918892,-9.024644348217192,-12.350907458290827,-0.10424951679008576,7
ISGEC.NS,778.2999877929688,1113.9000244140625,-30.128380399096155,72695.176,-1.5620105280141017,-4.467905225072288,-11.817356750290687,-13.005089526185998,-0.09797024933377474,7
RALLIS.NS,205.6300048828125,362.8508533778527,-43.32933133033564,826383.3015873015,-0.7433476370825476,-3.5235031098534764,-7.718887406051755,-17.8280885774845,-0.10225937038488278,7
IPL.NS,135.0,238.9654263634813,-43.50647202216751,388248.0,-1.3590534868161308,-6.582897731916182,-15.00676258109549,-11.631161258328248,-0.10606978172724796,7
EMAMILTD.NS,366.79998779296875,602.0840578111723,-39.078276025703076,603448.5595238095,-2.6151616256823162,-10.427353408310436,-5.08475191961838,-17.517432488352604,-0.10879385415456874,7
JWL.NS,243.1699981689453,358.25,-32.12281977140397,3704572.3492063493,0.3342125584064437,-5.528358999597249,-8.029499325877765,-14.960661728215873,-0.09465365033128485,7
GODAVARIB.NS,243.0500030517578,353.0,-31.147307917349064,286585.092,3.712394589995993,-1.5792646060658888,-12.24047938655869,-16.606624507839285,-0.102594070813169,7
AMRUTANJAN.NS,496.3500061035156,785.8889257790795,-36.84221906913038,38168.06374501992,-2.552272473588235,-4.804376129191312,-12.768012987079857,-10.920675658726731,-0.09414776632811735,7
VENTIVE.NS,574.1500244140625,793.9500122070312,-27.684361031995742,72723.11952191235,-2.8839626929841877,-4.292381888990704,-7.215572763366751,-15.84462815477281,-0.0964939573801571,7
VBL.NS,406.0,555.1842484654879,-26.87112411381061,6022894.015873016,0.036957963343264844,-8.866442199775538,-21.821459355386775,-6.67875894706812,-0.1098753402906406,6
PNCINFRA.NS,178.2100067138672,324.36408636405883,-45.05865038528083,486890.7330677291,-5.28301222698202,-20.576698976835583,-11.32507059192439,-7.476244146645039,-0.11031659854300652,6
INA.NS,91.94999694824219,161.80999755859375,-43.1740941007395,1409910.7007874015,0.4040130047934021,-16.832490069917718,-20.334432154771875,-5.020143304321511,-0.1143448368166437,6
IRFC.NS,82.37999725341797,135.7285614195044,-39.3053338281534,12746340.693227092,-1.1519067994441357,-7.17746788347271,-13.101271517426971,-14.671646157442375,-0.11349724174843996,6
ABLBL.NS,84.48999786376953,150.53067573506257,-43.87190687134505,1771781.972111554,-2.560259767204476,-9.982956196090885,-12.767130292871975,-12.972697330369309,-0.11271835235947943,6
ICICIPRULI.NS,467.5,704.3556293706895,-33.62727853574614,1455836.4581673306,-9.583210320625513,-6.695936255931301,0.3649661338735122,-22.014394642073533,-0.10993776299916172,6
SHARDACROP.NS,792.75,1282.80960014975,-38.20205275144046,381891.5856573705,0.5645074560371555,-2.4427733426430898,-8.471015281707928,-21.024796313068162,-0.11383327032664546,6
BLUESTARCO.NS,1471.4000244140625,2022.9788267608074,-27.265673523134815,473976.4143426295,0.5191949263850582,-2.8137368286616615,-6.5172773488547,-21.144675406730652,-0.10923881240442498,6
RESPONIND.NS,145.27000427246094,240.7572086823752,-39.66120264165717,584673.988,-3.2629646109283095,-14.183404605175687,-11.59997351828933,-11.835894858145323,-0.11377327380872898,6
CIEINDIA.NS,384.8999938964844,518.5450350593709,-25.773082784908897,371121.859437751,-1.572687402752282,-6.236298685387487,-11.56806573314546,-15.845765403079026,-0.11213254358527973,6
TATACHEM.NS,611.8499755859375,1011.1043139234446,-39.486958253422756,857248.996031746,-3.4327652837874756,-8.528935079363952,-17.451434766701524,-10.229440566848847,-0.11376270201001533,6
COLPAL.NS,1829.0,2391.634417204719,-23.52510120933581,409193.3134920635,-1.6560946348792904,-9.433027977222086,-9.839296952977893,-15.818542703449069,-0.1133142122620534,6
CELLO.NS,340.95001220703125,670.829945323981,-49.17489677024367,410453.5863453815,-3.22167924473713,-8.62923280614758,-9.065447808462846,-15.774834955314997,-0.1107758281036808,6
NIITMTS.NS,223.77999877929688,437.79574031188224,-48.88483871042744,239490.632,-1.4705866544983293,-6.544669234318167,4.668419841974414,-27.357068883566214,-0.10998294113147629,6
BANKBARODA.NS,236.0,315.30188105660324,-25.151096717487363,10315951.099206349,-0.7151859360824298,-4.765747013819055,-11.808671667702352,-17.24415722142765,-0.11464932385253819,5
SUNTV.NS,455.0,653.9340000086492,-30.42111283493716,396971.3984063745,-2.3919326488204162,-5.53627631936755,-9.157648960394837,-20.320993935403607,-0.12222140791035448,5
ABFRL.NS,52.47999954223633,94.94999694824219,-44.72880333967415,5988045.920634921,2.700589255035135,-14.02359312729552,-9.890113273056667,-14.970838457092196,-0.1149002906470947,5
CRIZAC.NS,174.33999633789062,375.5949132544453,-53.582971923854394,403745.97211155377,5.366849548954611,-7.256090913747249,-16.138343907960195,-16.635589218494353,-0.12410272087639787,5
SOLARWORLD.NS,148.97999572753906,388.5,-61.65251075224219,546843.641025641,1.574962560463744,-11.547822712123724,-20.314510923426855,-8.707645383466012,-0.11729479716792832,5
TRANSRAILL.NS,421.04998779296875,818.0909716568119,-48.53262016322573,701814.0956175299,-3.84791192929288,-11.05830307952279,-11.431984706460852,-15.689379279934068,-0.12301798932745729,5
ZAGGLE.NS,181.25999450683594,405.3999938964844,-55.28860452989568,1673407.96812749,-1.7561005383003092,-12.035331139274552,-7.980506427894785,-16.2113470287894,-0.11461367021569137,5
CHEMPLASTS.NS,181.52999877929688,451.29998779296875,-59.776201265360385,355274.73705179285,2.8382021218982922,-1.132836895670386,-9.334732957475211,-23.129365457925864,-0.11994913237357156,5
VHLTD.NS,120.12000274658203,155.36000061035156,-22.68279977170746,28112.224899598394,3.739530008479375,-3.9039978027343714,-12.282751128196557,-19.431212222751924,-0.11864156787258676,5
SYMPHONY.NS,610.75,962.0339215323946,-36.514712596916034,109647.8406374502,4.1435735846468535,-6.475443996224451,-9.677028016516154,-19.66973689333521,-0.11651734603069135,5
LATENTVIEW.NS,261.29998779296875,517.5,-49.507248735658216,1336036.952191235,-3.150481980941555,-12.079415524739057,-10.925521610262813,-13.9469807195033,-0.1158738007392213,5
SAGCEM.NS,153.72999572753906,295.95001220703125,-48.05541835220553,86095.124,-3.6900135132344802,-11.143864164757888,-10.596104416441154,-15.000555563008056,-0.11776827734410594,5
IRCON.NS,117.3499984741211,188.0146956609217,-37.58466695297161,3587021.1785714286,-1.4528076338023999,-9.737709843568354,-9.910944708382697,-16.280231142843803,-0.11578198601746242,5
AURIONPRO.NS,675.0999755859375,1305.5547733381093,-48.29018365427845,202103.14285714287,-2.8213669608015857,-7.5205512895975986,-10.285717530107974,-21.21141450412184,-0.13356528014680807,4
STUDDS.NS,425.8500061035156,596.0022160423393,-28.548922362855155,180433.84761904762,-4.303369414940306,-2.2891266519045717,-18.40379693216937,-15.400795560034886,-0.12569619575539712,4
VOLTAS.NS,1147.0,1577.544205432766,-27.292053303486053,985536.0,-4.81327800829876,-9.535454064679449,-9.919111284442705,-20.587805261870596,-0.13599274103846815,4
JKLAKSHMI.NS,500.20001220703125,926.0398997451395,-45.985047475309216,162981.29482071713,-5.78263529765588,-11.469024388136063,-14.151691295935676,-17.126044548175244,-0.139679936154436,4
RAJESHEXPO.NS,78.33000183105469,237.8800048828125,-67.07163266217242,491580.29761904763,3.4605769096084593,-4.405663293619022,-2.6109641503830217,-28.262661342929917,-0.12623428750049834,4
TMPV.NS,304.1499938964844,733.6144341409002,-58.540892907503995,11531976.777777778,-1.8870987430695596,-12.373958931657947,-18.416328084927546,-11.160780264375115,-0.12652712191866855,4
DABUR.NS,375.1499938964844,541.7253133302969,-30.749037442939166,2093452.3134920634,-2.3046890894571903,-9.427816793744647,-9.884538812813503,-20.977975825251672,-0.13472584241639368,4
OSWALPUMPS.NS,276.5,840.0,-67.08333333333334,637375.7091633466,-5.405401454946213,-15.210059851323898,-28.61753049098753,-4.605832610797966,-0.14010144307374847,4
KALAMANDIR.NS,84.98999786376953,219.27654356882928,-61.240725304897104,1391041.501992032,-0.990212616942876,-4.258194122160219,-17.561695102695907,-15.868798691578789,-0.1256668809356662,4
TATAELXSI.NS,3487.89990234375,5845.177388781378,-40.32858764837385,312653.1388888889,-4.125896032332321,-8.405989959460348,-13.000428590376123,-18.504138728787968,-0.13395571663753325,4
INDIAMART.NS,1687.800048828125,2556.182504015267,-33.97184879495426,110191.99601593625,-3.850972692591925,-3.8290570468304863,-13.604951135864185,-20.469869110372272,-0.13420341663533455,4
FLAIR.NS,240.30999755859375,344.31560429688966,-30.206474943440554,133287.064,-3.354110815447131,-4.6007649890310915,-14.735245945838837,-19.482473674647338,-0.13469127332961517,4
GREENPANEL.NS,162.27999877929688,332.93469763642287,-51.257709114922974,356509.2908366534,3.640309670191666,-15.589077357973014,-14.335925496486702,-17.09886377888794,-0.13894107665076624,4
AGIIL.NS,275.0,434.3999938964844,-36.6942900865852,1775358.1513944224,-3.508771929824561,-9.225948533030802,-25.735887370930755,-10.27732463295269,-0.14027762964048918,3
RVNL.NS,209.3000030517578,398.20450175980454,-47.439066578406795,7180280.725099602,-0.33333188011532844,-10.038402292030435,-7.984230105753143,-23.985386371697114,-0.1403043722682241,3
HINDWAREAP.NS,181.5399932861328,392.70001220703125,-53.77132985918396,212858.6,-2.9094034472720964,-17.870069308619584,-16.751507686141544,-12.830117125459761,-0.14022453362477494,3
BGRENERGY.NS,259.5,490.79998779296875,-47.12713804926513,143354.6746987952,6.330668615056556,-2.6996669956813157,-22.305389221556883,-19.171465545315534,-0.14267069522223888,3
GODIGIT.NS,255.64999389648438,381.3999938964844,-32.97063503208386,531052.144,-0.679875695997012,-6.097339248306932,-12.940575784038844,-22.495076802801496,-0.1416765887559334,3
BHARATRAS.NS,1174.9000244140625,2987.5,-60.67280253007322,23563.02,-5.857369838616789,-13.495798361622569,-15.132909296839214,-16.27592221669172,-0.14335138331914643,3
GRAUWEIL.NS,71.7300033569336,115.5999984741211,-37.94982326665731,357607.3461538461,0.1396148364515737,2.515366736494662,-0.20867265194176587,-37.94982326665731,-0.14725496271301364,3
SWANCORP.NS,278.0,505.7501702925763,-45.032149007645984,1163785.146825397,-3.9391824937501707,-9.548836606615808,-10.981816533013234,-21.285601410749432,-0.1411247109490192,3
KITEX.NS,127.73999786376953,232.6999969482422,-45.105285973776,1323397.4741035856,0.4087381214250341,-11.812224728191312,-10.539951068003084,-22.138242249974795,-0.14338853353886602,3
AWHCL.NS,371.20001220703125,615.2145880235402,-39.66332732785786,378798.27091633464,-3.1567899742467653,-10.60158639698614,-16.072283305780587,-18.537226871429745,-0.1467257201712798,3
MHRIL.NS,206.92999267578125,368.8999938964844,-43.90620870168757,188231.09523809524,-0.66247654888687,-10.151537115475994,-10.299540298310017,-24.215344469204236,-0.14872554955158584,3
JSLL.NS,505.20001220703125,849.5,-40.529721929719685,701768.5099601593,-1.1446973340516697,-15.532514156666776,-13.173492583155621,-17.18711215211436,-0.14047865200530954,3
UBL.NS,1256.5,1834.8434605529826,-31.520043697824896,155484.4501992032,-3.9740160489109666,-10.269231151456971,-4.660500731029693,-26.491942659812075,-0.14446175118416227,3
FIRSTCRY.NS,174.80999755859375,438.70001220703125,-60.15272562242432,2955502.952191235,-4.166441505913044,-18.389355719349687,-19.039459503044863,-17.245790090527723,-0.1670466918158579,2
KPIGREEN.NS,296.3999938964844,541.6977805031639,-45.28314411383246,1449723.1035856574,-2.6920591079189093,-20.043165865624857,-23.696747436704214,-12.617929472368006,-0.1643403510387533,2
CAMLINFINE.NS,106.13999938964844,235.0,-54.83404281291555,1135325.4940239044,3.9161934833586765,-14.657878068941821,-14.897371431367867,-23.629297271149174,-0.16460886603322528,2
EPACK.NS,189.66000366210938,408.0,-53.514704984777104,1568486.314741036,1.232985045817081,-17.352271573469892,-14.686696169783763,-19.111185791488428,-0.1539763897764277,2
BSOFT.NS,281.6499938964844,467.1017114386881,-39.70264141636445,1655326.3055555555,-4.783635726985902,-11.221436124039597,-8.05549641735407,-25.773410540745168,-0.15448663939010798,2
KPITTECH.NS,561.5499877929688,1313.886868193049,-57.26040031397434,1911116.4285714286,-4.822035967293436,-9.811814583818357,-23.1521706355441,-18.313496733537814,-0.16715616397571373,2
KPEL.NS,236.91000366210938,462.64901231546276,-48.79271383798623,317896.32270916336,-3.1439093415851382,-21.682643417484503,-30.504544469411744,-3.9878404611512153,-0.15397419142939425,2
ICICIGI.NS,1482.699951171875,2057.089271774458,-27.92243042068424,769359.609561753,-5.373672342220681,-9.536305602692185,-14.403648945446934,-21.239894056918917,-0.15261680661162155,2
CMSINFO.NS,238.00999450683594,425.9536431693522,-44.123028802876775,669375.5816733068,-2.294750187446326,-12.864726404850458,-18.16744386722603,-19.35964783034646,-0.1599651259202112,2
TRIVENI.NS,272.1000061035156,487.9415273208757,-44.23512022075143,584694.2151394422,-7.962389182301544,17.187070689599548,-26.77731159032881,-27.0509307330282,-0.16212390550620168,2
ASIANTILES.NS,49.9900016784668,79.05999755859375,-36.769538044296425,4385375.956349206,-0.5371998648689313,-7.150814381890447,-15.457465287578042,-25.321183365321932,-0.1624959579526717,2
PIIND.NS,2399.699951171875,3812.9263498994665,-37.0640885514312,263358.99603174604,0.10845827915850759,-12.788927678266749,-14.025654004630061,-21.899297534980022,-0.15514354923118528,2
GODREJCP.NS,867.0999755859375,1255.178308316206,-30.918183508992204,1460638.626984127,-4.187848001553862,-15.596258436027588,-13.580076737055812,-21.17447899327518,-0.1608185110578772,2
MEDPLUS.NS,660.0,1022.2000122070312,-35.433379757549154,203184.8795180723,-1.8222387504648552,-5.747947161727951,-23.206703051274857,-21.568627450980394,-0.1692127520316669,2
PATANJALI.NS,340.8999938964844,606.7970321970149,-43.81976578524185,2723762.837301587,-1.4170023335622561,-3.3407904819855117,-18.124505805439284,-31.128838933345794,-0.18698745644723433,1
AHLUCONT.NS,593.2000122070312,1077.949951171875,-44.969614631723495,101582.13944223107,-4.198966325489484,-27.86087546964895,-24.74468605048763,-21.694934754702,-0.2209345144350583,1
RAMKY.NS,338.20001220703125,705.0,-52.028367062832444,215946.2409638554,-3.7563978140937593,-16.87353886361197,-21.467545106171627,-27.742758032796633,-0.2128771429910191,1
ORIANA.NS,1205.699951171875,3064.0,-60.64947940039572,59255.72289156626,-7.1895948094322755,-17.87624349541057,-29.55920112321945,-33.692635226430745,-0.26639022607563473,1
WAAREEINDO.NS,264.25,725.0,-63.551724137931046,78420.08366533865,-1.6561265369807843,-19.33760834042786,-30.120321495407353,-16.217499963957515,-0.19556230755988863,1
KEC.NS,406.20001220703125,927.0025895267679,-56.18135086177104,1099581.1785714286,-2.589925130208337,-14.636963959885463,-15.827268339670674,-23.746284952440398,-0.17433079787875289,1
JAINREC.NS,283.54998779296875,593.9500122070312,-52.26029430669787,2656165.706896552,2.438583922571791,-8.057719388884498,-16.097062420206854,-32.800099635062,-0.19316844065606575,1
GRMOVER.NS,85.94999694824219,185.4499969482422,-53.653276698499894,2190980.5697211158,-0.6013695676188258,-4.848892720056042,-5.601324472901448,-44.12300555474653,-0.20359515064542139,1
VEDL.NS,271.29998779296875,795.0,-65.87421537195361,17342790.404761903,-0.9854059149749128,-4.353959587259027,-11.02000878193623,-61.7962713156541,-0.28993843669791813,1
AVANTIFEED.NS,809.2999877929688,1575.9303166617983,-48.64620730774048,973816.9880478088,-2.932535197245123,-10.450900382520745,-20.851296322814903,-32.03149268387101,-0.21451419566621538,1
GUJENERGY.NS,259.7799987792969,452.0,-42.52654894263343,963779.0039840637,2.1549334100573025,-2.13600043962785,-31.05626136006353,-30.753031319259915,-0.21829797682642868,1
PGHH.NS,7729.0,14166.08056390996,-45.440095691036156,12020.282868525896,-1.9349108672207072,-8.187259802750702,-13.706504054580648,-27.946370842268152,-0.17121442600553666,1
CEINSYS.NS,709.9000244140625,1249.9000244140625,-43.20345543261712,82623.94927536232,-0.07038288046405938,-15.703852777539817,-22.903992851303634,-17.43908302953581,-0.16994639910759782,1
WEL.NS,69.0199966430664,183.39952737494264,-62.36631706146021,1576306.5537848605,-23.157429439355013,-46.78488953965868,-25.335358264604956,-50.61180919995248,-0.39518052011229715,0
TCC.NS,39.540000915527344,105.27999877929688,-62.44300781346246,398579.5681818182,-13.075972086156739,-27.833545802475413,-46.34278788772315,-53.317588736527185,-0.42104178230038575,0
VMARCIND.NS,320.1000061035156,1708.0,-81.25878184405646,100191.53225806452,-14.867019653320312,-2.690380232588563,-77.08415279391453,-54.54738997465167,-0.46968979839884767,0
RELINFRA.NS,57.04999923706055,288.70001220703125,-80.23900352447886,921474.920318725,-3.9400575461122966,-25.483279707005735,-33.539140644303465,-36.12137409405742,-0.3000095352692639,0
HEG.NS,261.0,753.9000244140625,-65.38002499696807,2112613.73015873,-64.2416781381092,-61.81977628418027,-48.7353145488953,-49.64504916415867,-0.5326673710097903,0
INDIAGLYCO.NS,287.0,1219.0,-76.45611156685807,195813.30278884462,-74.98474786145547,-74.90381198609663,-70.1477020270604,-65.99380727036439,-0.6992107069962875,0
