Ticker,Current_Price,High_52W,Pct_From_High,Avg_Volume,Return_1W,Return_1M,Return_3M,Return_6M,RS_Composite,EMA_10,EMA_20,SMA_50,SMA_100,SMA_200,Days_Since_Peak,Max_Base_DD,Prior_Leg_Gain,Vol_Dry_Up,RS_Percentile
KABRAEXTRU.NS,723.1500244140625,733.0,-1.343789302310705,110913.0,24.8640238158822,49.31861297572419,201.63927915430136,213.59497193137224,1.5827989749557236,644.3187524137408,597.4919973894066,469.0200006103516,354.35289978027345,290.71794982910154,0,0.0,118.67251216227417,False,99
BODALCHEM.NS,172.39999389648438,189.67999267578125,-9.110079843177488,598199.544,14.353940155302425,150.65425553391788,159.9909519588595,286.89404978299626,1.943211506231702,150.27818163164372,126.65953739781042,85.37420066833496,77.2234001159668,64.7287001800537,2,-16.801980360502576,190.54504024068217,False,99
TBZ.NS,526.2999877929688,583.0499877929688,-9.73329923473919,1281348.90438247,20.393456511769912,123.68582551847283,182.22824146720473,290.8191991330538,1.977726628482545,454.55573377956125,391.96683723435297,293.527526550293,226.88681838989257,189.8535940551758,2,-18.32604027493405,104.33920097732607,False,99
MOREPENLAB.NS,115.77999877929688,122.55000305175781,-5.52427915452739,8580406.325396825,1.7935651080024817,43.13264884770582,121.46136473351699,203.80476758073925,1.2676620273269221,112.37948217037236,104.20236193111305,80.21000022888184,63.59710010528565,51.64795009613037,3,-9.416565180054326,87.27621657650562,False,98
PVP.NS,64.81999969482422,71.9000015258789,-9.84701207343701,1321194.0996015936,-4.592291189969899,76.76575656259037,113.36406018909373,169.52183680296318,1.167118749714345,63.295364651083624,57.4608654070353,40.537800064086916,35.12470006942749,33.0132999420166,8,-17.329628142893995,138.75228461869264,False,98
WELCORP.NS,2676.60009765625,2784.800048828125,-3.8853759435046986,963737.0515873015,3.3196941541770775,42.07760831091534,95.47879614767827,235.60205609696666,1.3163195236069094,2580.573352972801,2413.212226694849,1969.786005859375,1662.56447265625,1246.0544940185546,1,-6.4026158324421045,64.89904408217042,False,98
NOVARTIND.NS,2391.300048828125,2588.800048828125,-7.6290171614220466,68674.18691588785,45.217715414781836,54.44681091614307,80.68001880076501,255.7158867724991,1.4190149407393595,1953.2454269102877,1786.6170745316715,1623.873994140625,1463.289996948242,,1,-13.778582526423499,52.123795605254486,False,98
CUPID.NS,280.0,299.0,-6.35451505016722,28984948.46031746,-1.1124824172293546,-5.039675130501308,69.8101771098545,267.21311475409834,1.267091157667725,279.24006755035407,275.8919929733215,251.76939910888672,197.87169914245607,141.74760963439942,20,-21.367892772457676,66.10898028733823,True,98
BLISSGVS.NS,720.9500122070312,725.9000244140625,-0.6819137678121479,2403574.697211155,12.76296859889776,47.267905256678674,64.34112981452841,245.2970520434955,1.2815103767298224,666.7752122214393,622.3158645068827,536.6960632324219,456.98173889160154,325.9397691345215,3,-6.874228231958135,37.81721454679443,False,98
INDORAMA.NS,86.5,90.0,-3.888888888888886,396233.1468253968,18.558115522796005,51.568250328630796,88.24809263064424,164.76891597203442,1.0455145579601282,76.27542152919716,70.22819925393328,58.82620002746582,50.35120002746582,45.4884001159668,1,-11.111111111111116,62.16269318525287,False,97
INDSWFTLAB.NS,385.3500061035156,404.0,-4.616335122892168,831328.332,3.394149042704475,28.450002034505207,138.1055454913502,168.59273912650426,1.1489817460917826,370.9009604938622,348.58762326791896,282.8110015869141,219.44850036621094,169.37940013885498,2,-7.8465376750077365,69.03766934710028,False,97
RAYMOND.NS,1002.7999877929688,1024.5,-2.1181075848737185,733978.7091633466,32.31296417601253,62.01631279030404,69.4205011708974,165.32608953685144,1.0259114514167187,794.9792847070839,729.2174817078392,644.2329968261719,587.8264984130859,496.88800003051756,0,0.0,63.41561931012423,False,97
HFCL.NS,233.69000244140625,256.70001220703125,-8.963774316873497,29032722.833333332,0.9721742033638403,2.784131691617575,23.658592297952865,224.70473597016172,0.9763351583611044,237.12315829106308,233.37849542343804,220.4521990966797,194.54849952697754,132.7508498573303,9,-15.212316499249956,10.73127349061609,True,97
PRIZOR.NS,1217.1500244140625,1248.8499755859375,-2.5383314082223496,25113.253012048193,3.4200016284338997,41.504387591361144,41.323660309325106,215.32384052177784,1.0716951198262428,1171.742723072883,1096.452599419183,934.1169995117187,839.0245007324219,584.3019997406005,2,-3.955641220306294,55.619934652453274,False,97
BIRLACABLE.NS,392.3500061035156,393.3500061035156,-0.25422651188082845,88067.356,9.39635097742617,33.37525519061788,93.7160716901007,190.2039403011488,1.1181108376335593,349.05892680314327,320.52484764620726,251.4094451904297,218.43471420288085,176.58807914733887,0,0.0,110.0050342959369,False,97
RPEL.NS,1845.199951171875,1943.699951171875,-5.067654600732663,100722.94422310757,2.102700366683763,32.86289503869633,53.461204489314525,175.98477616542937,0.9321512085737376,1741.7529292037948,1673.3299359108994,1453.8019946289062,1220.8563659667968,1005.4054318237305,5,-15.851210748870015,39.584461213281074,False,96
IOLCP.NS,194.30999755859375,219.0399932861328,-11.290173705965268,3042713.396825397,-2.820704914093286,17.040111166185223,54.14088634126526,182.3452461787897,0.9230631611572316,199.6502090699615,190.19291726563083,169.54839935302735,145.3188996887207,111.56014427185059,3,-12.344774522892887,21.406374271809447,False,96
WHEELS.NS,2230.10009765625,2498.0,-10.724575754353483,183296.6865079365,29.28865824636999,64.7532607771287,40.38836956892602,149.5810370117785,0.8782844365545194,1972.1352426493077,1785.7121809293094,1538.8100048828126,1513.7760888671876,1199.7125088500977,1,-12.890312249799841,55.9676331759946,False,96
JINDWORLD.NS,52.880001068115234,61.9900016784668,-14.695919283248005,6755222.246031746,-8.050769237606426,47.79207063224611,74.69441780121457,151.09212919796713,0.9159851422223981,50.73818533819301,46.09759164812089,38.243800201416015,33.474600086212156,29.83435004234314,4,-16.099375845637876,96.57373045992794,False,96
PAISALO.NS,84.2300033569336,84.5999984741211,-0.437346482105061,10372019.944444444,13.807749325541208,20.57698343996126,41.94839893970019,172.3007676575543,0.8700099836547815,76.95834859236355,73.81324304444745,71.26711654663086,62.65787963867187,49.27979955673218,0,0.0,17.5352588902568,False,96
FCL.NS,57.720001220703125,62.400001525878906,-7.500000305664834,12809263.242063493,12.05591749470878,38.693412431574274,33.440361114697524,162.63489892707463,0.8403034214102485,54.70370239234155,51.310325133005755,43.83873596191406,39.49869276046753,31.374277381896974,2,-9.40705545359256,50.20650475261008,False,96
ATHERENERG.NS,1656.0,1744.0,-5.045871559633031,3883960.801587302,4.545454545454541,8.483458892892237,65.9235529536937,134.89361702127658,0.7588574992774265,1613.1296534830922,1567.7472292769512,1411.0539990234374,1194.1199993896485,955.1129989624023,8,-10.498851811120268,51.28879646867253,False,95
E2E.NS,610.3499755859375,698.0,-12.557310087974571,1442790.438247012,2.977891516010467,-3.3338688650922044,63.23883004793929,160.5327034852006,0.8281574578704465,609.6815194938391,604.7330243563883,541.1940026855468,454.4941015625,342.00315063476563,18,-17.893986305739617,53.4667893194348,True,95
MARINE.NS,419.1499938964844,449.66979114957604,-6.787157566237245,658914.5099601593,-2.542333433950672,20.88121158738239,70.06194609125606,129.9028754709155,0.7690174298982443,412.61232877973987,393.8105887234111,326.81216796875,286.20241119384764,240.41544494628906,5,-13.269690854044446,73.4784276104134,True,95
SKYGOLD.NS,827.4000244140625,868.7999877929688,-4.765189221983701,1107422.4285714286,5.880096166005,6.906132355319783,56.113212153596706,147.3542673883595,0.7774490668908727,808.5042524405001,791.8491152304393,721.6439990234375,608.8389993286132,476.4569990539551,12,-15.630753879030824,60.35166126632308,False,95
SBCL.NS,1087.0,1215.699951171875,-10.586489787041165,347065.984,-5.96072523218335,6.090196701694484,50.07579880309518,157.15384332153891,0.7850624378666468,1090.5211560068349,1048.817710461862,896.64814453125,790.8761267089844,618.1547079467773,4,-12.297442296998472,50.37057036367079,True,95
CONFIPET.NS,89.22000122070312,91.30000305175781,-2.2782056533728,2529402.464285714,8.17167505995615,20.894305597969787,28.07923705182511,144.17076897989318,0.7108810733309439,84.70458026059683,81.93516495588335,77.83780044555664,71.84640018463135,54.50895017623901,2,-9.11281425709003,20.318520899833192,False,94
BHAGERIA.NS,317.04998779296875,342.0,-7.295325206734282,212084.864,9.271064781094363,54.394924942512965,47.182314368180414,111.0078310230294,0.7036391818627792,291.31796405008754,266.06391122738455,226.1772262573242,204.3219941711426,183.44932540893555,2,-15.804089997944082,55.44029818236209,False,94
RATNAVEER.NS,288.29998779296875,314.8999938964844,-8.447128173733699,2605179.12,0.7689554849772184,37.27917496021096,73.80032511853433,104.6132010515028,0.7151810849670134,292.48524454610646,276.4316991953414,224.84902923583985,199.24791427612305,174.53210693359375,8,-11.98793290939516,70.03944376173533,True,94
DEEPINDS.NS,774.4000244140625,825.0,-6.133330374053026,376161.7091633466,3.967248411987856,11.672387691874375,54.297640533732604,127.82867863435348,0.7015196599343484,751.2192227164529,713.1157262926461,602.4309625244141,541.2073016357422,474.6457386779785,2,-7.878787878787874,70.90231934591911,False,94
INDOTECH.NS,3522.89990234375,4030.0,-12.5831289741005,37831.32,-2.4316628358894476,-0.4549335308349778,31.62338510531477,156.1363850378401,0.7160741655697453,3638.090099839389,3644.688367167848,3534.2179931640626,3099.6419921875,2289.4424951171877,13,-14.08684742361973,24.942412786603228,True,94
SIGACHI.NS,37.93000030517578,46.62345355852283,-18.646094593646577,6475699.564,16.52842148761009,43.02413141200327,77.16020819944328,95.01284738995285,0.714108698469758,34.73667510205064,32.67564190169077,27.879400024414064,24.739699993133545,25.165599985122682,247,-64.28836058308977,16.339519624968666,False,94
ACCENTMIC.NS,706.9000244140625,714.0,-0.9943943397671573,44797.18875502008,16.381296674458355,26.130789368763963,57.39763517250771,108.75019251786146,0.6758365510009552,641.5697660584457,613.6682154158556,553.3798486328125,502.3763638305664,425.2840185546875,0,0.0,38.93475655933012,False,93
ANTELOPUS.NS,1139.3499755859375,1218.300048828125,-6.4803472115205984,554401.7142857143,19.03567325126614,41.56933310976021,50.89729077624223,109.94102634206206,0.6946303171677616,1027.3437118346617,950.5331705330732,859.4140002441407,814.8024969482422,661.3349980163574,2,-10.490030674385597,41.35138905703744,False,93
AEROFLEX.NS,563.9500122070312,584.1500244140625,-3.4580178657517058,1986729.1195219124,4.021024958272279,26.290455183819628,18.093242434931977,138.04902869770683,0.6630777774215347,547.8073149448467,524.364740401197,464.6916326904297,436.19238922119143,323.69893661499026,3,-6.684934896184336,36.190926546560334,False,93
PCCL.NS,437.20001220703125,451.04998779296875,-3.0706076844623786,13681.927710843374,-0.7604075993101089,41.48867708965413,63.01267423863652,107.00758452859915,0.6992853074103044,416.8608918506518,388.05270451876567,315.28700164794924,295.31450103759767,257.8312506866455,2,-9.08990158732006,70.19920805061007,False,93
COMSYN.NS,299.1499938964844,314.8500061035156,-4.986505289083409,312469.8207171315,-0.7135725136377058,5.833860475742103,88.29861087099671,95.08934462036622,0.6562073595323015,297.38301324982626,287.16761518599384,242.7767999267578,200.86269973754884,177.94464973449706,7,-9.385427263047752,57.95104270780633,True,93
MANINDS.NS,866.0999755859375,944.0,-8.252121230303233,872919.6215139442,9.163089101940102,44.67550994149639,51.138643056535884,110.72992106713806,0.6948497224230927,800.5606721657371,746.705975616048,624.5159985351562,586.2009982299804,494.76799911499023,1,-18.151480464612025,58.762798947062,False,93
RPTECH.NS,819.6500244140625,965.4798808795799,-15.104391023939534,491746.09920634923,-0.4856431592830446,-5.760273134341764,23.98654175759283,139.68922307106396,0.6187103281290679,816.9334553162616,820.9240367697857,812.9878723144532,699.5465573120117,532.026683807373,27,-27.11396413916567,70.62268257965823,False,92
FILATEX.NS,87.41000366210938,90.9000015258789,-3.8393815238561224,2062447.8087649401,12.467836193014637,6.221901433489885,64.39722902447346,104.51567671825374,0.6361660330064298,78.66038319733956,78.27157448395278,75.23359977722168,61.5614998626709,53.80369995117187,0,0.0,22.132183924587423,False,92
AIMTRON.NS,1748.550048828125,1780.0,-1.7668511894311845,45360.642570281125,7.911875531446766,5.464585803221134,41.881695406445886,125.72129267674272,0.6473713040641976,1657.5693710954295,1635.808859697721,1521.0899951171875,1346.7489978027343,1090.4802490234374,17,-13.424154560217694,41.6920770971037,False,92
MACPOWER.NS,1843.0,2050.0,-10.097560975609754,32363.592,-5.200348585749392,6.7601197863080165,82.34886491942387,98.51356651602474,0.6494207518092373,1881.9520120295515,1847.1121206090472,1628.540009765625,1372.6450073242188,1158.8090032958985,12,-13.165854849466463,41.28739813690745,True,92
OMNI.NS,549.75,764.8499755859375,-28.12315910988339,1091773.022556391,4.515209125475295,-6.26598465473146,12.022414671421288,151.55578699053785,0.6342736317924278,544.6245435066188,553.2866880693213,568.3669970703126,513.5029992675782,,26,-32.92802296201943,38.421630859375,True,92
AEGISLOG.NS,1353.5999755859375,1497.800048828125,-9.627458174741632,1374506.262948207,6.5658973090904516,8.54851448163092,38.055449314596416,126.08614185246556,0.6421738416260037,1302.915561453895,1301.2446963543357,1312.633916015625,1078.2054418945313,882.8060598754882,26,-21.217788654551782,52.0099152114756,False,92
CPPLUS.NS,3825.5,4094.0,-6.558378114313634,265935.78571428574,3.263507508414709,3.2746625567485976,13.335801235773936,136.33671075756945,0.5951670793595115,3741.289093593184,3673.9667123946774,3592.07546875,3284.021237792969,2450.3496514892577,21,-20.59110893991206,5.4694964069585295,False,91
SAKAR.NS,1158.550048828125,1211.0,-4.331127264399259,114836.11155378487,15.055368666098623,23.803169901775668,37.244567354279525,108.07292999778242,0.6066871305236182,1057.1815822436743,997.0699227214667,907.9630017089844,826.0625,645.1672496032714,3,-10.487200660611062,34.08801106959323,False,91
KENNAMET.NS,4682.39990234375,5136.0,-8.831777602341317,26428.654205607476,3.3140572030908144,31.075213121579417,57.016858891619115,91.65807013352033,0.6031473406551884,4615.830840418275,4316.564289657335,3482.9460107421874,3186.4845678710935,,1,-9.55996884735203,76.49184976713315,False,91
VENUSPIPES.NS,2020.0999755859375,2044.4000244140625,-1.188615170120122,85455.216,26.707640576865856,29.219426431644724,41.39902560913955,97.510851295994,0.5993869754515498,1807.5703081852569,1726.760419229941,1683.9573583984375,1567.7840539550782,1347.6717153930665,0,0.0,11.457995452414682,False,91
DPEL.NS,641.9000244140625,655.0,-1.999996272662219,53528.0,11.190029098746601,14.67619909139124,31.5368902487833,119.49051038495035,0.6131151395676804,604.6102366425225,589.4305267734749,571.6080017089844,532.6119992065429,425.5469994354248,0,0.0,9.01834879788832,False,91
EMIL.NS,188.3800048828125,196.74000549316406,-4.249263178272122,2403308.270916335,6.936876116409585,-2.70130453543288,71.34800864063263,99.0279998371751,0.611690292316142,183.31421570302916,179.1057634481546,158.30360107421876,137.487900390625,118.9467002105713,20,-14.841929140865984,61.32234455766101,True,91
SMLMAH.NS,6583.0,6654.0,-1.0670273519687412,102392.21428571429,4.5169484797967785,27.2815158546017,68.10965321139446,80.18119444423284,0.5841337176001149,6100.168392820661,5760.83626227005,4998.48201171875,4409.136232910157,4215.2934533691405,1,-8.859332732191161,53.30516593704486,False,90
STLNETWORK.NS,36.599998474121094,36.599998474121094,0.0,2753432.015873016,26.77519019806498,36.11007551086303,29.146077194988784,97.30458209938327,0.5756519012022904,31.490330713841566,29.348149615331934,26.26219997406006,26.97650001525879,24.159450035095215,0,0.0,49.63205169273688,False,90
PARAS.NS,1435.5999755859375,1583.9105379095645,-9.363569391953563,1755857.0119521911,1.7074017418305054,12.172048389002853,29.63835433724016,114.80075911725632,0.574169598000582,1444.1285432733923,1423.6271073107694,1330.4643408203126,1147.7058068847657,910.3507006835938,14,-14.086053709567425,21.548123141014884,False,90
UNIHEALTH.NS,724.9500122070312,820.0,-11.591461925971803,37614.91935483871,1.02425262975967,0.6944926613269065,53.16924379979901,107.81138011272216,0.5931664898026993,721.5192580685259,723.3995877123718,727.0000012207031,606.3445004272461,468.65700073242186,26,-20.36585365853658,72.58518656792052,True,90
AVADHSUGAR.NS,769.5999755859375,884.7999877929688,-13.019893060168819,111752.696,-7.399831765924625,22.75300432274343,70.65350680384226,78.82432794939305,0.5653640090886611,803.426425752834,775.1765104737227,648.4239794921875,555.2597134399414,466.0535412597656,13,-13.731917006810512,81.68835027132795,True,90
KODYTECH.NS,1475.699951171875,1596.0,-7.537597044368738,15129.718875502009,-4.339939207378995,7.012324232913336,56.08439707214594,96.21061016817659,0.5627803411475918,1497.8541613943955,1462.8211427381452,1350.7329907226563,1117.237994995117,974.6627474975586,3,-9.147869674185461,29.02814474393878,True,89
SANSERA.NS,4129.89990234375,4170.0,-0.961633037320142,221397.67729083664,8.979834175589252,6.48737463187381,40.468003304920416,98.59106118518785,0.5377228380948496,3987.9354647854275,3897.56810385946,3598.172001953125,3191.765007324219,2584.922000732422,2,-5.1558752997601935,27.7064094865207,False,89
SHREEJISPG.NS,691.75,721.5,-4.123354123354128,1069103.611111111,1.7055024876211133,5.634882154656196,47.71514371805119,91.11755122813119,0.5205909028636119,683.988536593736,666.6337982120901,629.8319952392578,542.3154977416992,450.75610092163083,1,-4.857933166038631,19.717946169381896,False,89
TDPOWERSYS.NS,804.9000244140625,812.7999877929688,-0.9719443279468276,2472469.9166666665,8.755580457467627,8.652812861412706,37.78299621249046,106.4538298940231,0.5652255143938568,759.9864664163456,740.2708341088284,656.5177673339844,635.9296752929688,516.8297579956055,0,0.0,42.890150236669754,False,89
KOPRAN.NS,235.25999450683594,249.99000549316406,-5.892239954661271,396307.0,1.3003741570100757,36.35889188626511,30.493898872384694,96.13123544050184,0.5500247963087018,226.32296381331935,215.63938531397596,198.9079168701172,186.73355072021485,160.15920978546143,3,-9.516383864223087,17.88575364402025,False,89
PAYTM.NS,1807.5,1840.0,-1.7663043478260865,3437141.625498008,10.415394013439228,12.26708074534162,61.182446999181074,79.1200122614678,0.5349769455475369,1704.2289349397713,1651.0619400661626,1482.93,1299.0995007324218,1243.6140002441407,0,0.0,32.79700480649061,False,89
EXICOM.NS,182.27999877929688,189.1699981689453,-3.6422262813023187,2126488.26984127,2.4908588831888068,20.483843524636214,8.564625018198768,112.74509585673478,0.5201328044139967,174.91404158657184,169.39144943469188,163.25979858398438,152.80109924316406,127.62089946746826,3,-9.61039956216785,11.400709319408953,False,88
EBGNG.NS,679.6500244140625,704.9000244140625,-3.582068254429227,456871.8326693227,13.039505100051985,18.705796682301322,50.498231892909516,75.77913749974645,0.5050623441423691,647.861904351916,625.4499470519346,589.94,527.0579998779297,429.8987499237061,1,-5.944108804491998,18.6160487597812,False,88
REDINGTON.NS,393.70001220703125,403.25,-2.368254877363607,6750067.78968254,6.032864301237839,13.786130695673782,64.90959269736531,71.53972944596738,0.5144928215685509,376.02598155938085,363.45788547913753,325.4839990234375,279.6360740661621,263.94951782226565,1,-5.69126155165065,41.97754122940187,False,88
WSTCSTPAPR.NS,713.7999877929688,722.4000244140625,-1.1904812196080972,134309.28685258963,9.773162290345061,17.769347722364447,39.421306573112716,84.27751756264999,0.500685847705012,672.0864849873548,647.4040871660127,591.6594323730469,545.731533203125,482.49974075317385,0,0.0,37.85401351959366,False,88
BLUESTONE.NS,890.3499755859375,926.0,-3.849894645147134,1548616.768924303,5.648172718592415,1.8357529471645595,70.63050908678747,71.88223466909992,0.5087401445496836,852.7516010959889,834.8914343278896,770.2320056152344,639.7655038452149,561.6462518310547,21,-16.83585576825729,73.48942685089001,True,88
QUESS.NS,348.0,388.75,-10.482315112540197,689216.4206349206,-1.9027484143763207,4.441772884381789,40.64428217698446,95.93435741015244,0.5126510735259504,353.4772660733137,349.443342283257,324.6584991455078,274.46089233398436,233.937264251709,9,-16.655948553054667,31.295430946326054,True,88
INOXINDIA.NS,2246.60009765625,2339.5,-3.9709297860119674,218037.3187250996,-0.05338335909818026,15.690821845173296,22.124381793421,97.91481364981813,0.48936066031078396,2192.781458446118,2124.0024299812803,2001.9179907226562,1817.2613623046875,1499.2004583740234,1,-6.300487383789266,15.11231551968173,False,87
LOTUSDEV.NS,209.27000427246094,215.0,-2.665114291878634,1618393.9841269841,8.446284383375557,20.42316945349063,46.65671968338181,75.43316185770831,0.49099542977133553,195.77947865148454,188.5203851328492,173.81684356689453,157.8014651489258,150.75962955474853,0,0.0,49.74808721970248,False,87
LAURUSLABS.NS,1969.0,1981.800048828125,-0.6458799330282594,2104151.326693227,5.378645972705387,6.432432432432433,41.74645703016835,88.28431477261731,0.49662014101854457,1912.7574563075284,1876.9171770866083,1751.3620043945311,1544.3926147460938,1290.5384896850585,0,0.0,26.412431359939003,False,87
WABAG.NS,2277.89990234375,2319.0,-1.7723198644351013,451621.9404761905,13.59396832782851,20.805045175921144,30.163438835120758,86.0098819540304,0.48973390300115477,2106.094948138044,2062.5390955755756,2031.7533984375,1833.4091589355469,1546.0521520996094,0,0.0,14.404094735293915,False,87
INDNIPPON.NS,1358.9000244140625,1564.0,-13.113809180686541,69251.592,22.48963354149691,16.82428485704697,48.74125007966772,71.2000030757874,0.4871619657977436,1213.4841401167648,1167.4861598400853,1145.407998046875,1001.7209979248047,890.1285455322266,1,-16.87979539641944,16.709292412617227,False,87
KMEW.NS,2869.199951171875,3175.0,-9.63149760088583,176674.0,-5.413066409246148,5.882349231364281,44.28966312154261,88.10724836574002,0.4916496148810703,2932.310434385146,2868.5312667661788,2632.2900048828124,2333.7919970703124,2006.2287451171876,6,-11.429918184055122,38.869777251553074,False,87
AZAD.NS,2849.10009765625,2986.60009765625,-4.6038972578854365,361831.72222222225,2.585246374745176,6.90405587999543,33.67897679272331,90.86890807623496,0.48090592081784583,2810.5761956002802,2767.6370395491545,2571.536015625,2339.0230114746096,1977.1880072021484,19,-10.339517803888686,39.2575892401791,True,86
CHENNPETRO.NS,1572.9000244140625,1677.5,-6.23546799320045,2332977.134920635,8.311532660828602,17.223130658533737,38.7097531219444,80.18896968095991,0.479642932067569,1498.6667476891807,1438.1379436134544,1289.4734228515624,1171.3812127685546,1022.5086846923828,0,0.0,36.72258324378681,False,86
STALLION.NS,225.08999633789062,423.79998779296875,-46.88768220355642,1777506.3095238095,8.90749192689837,-6.737107667049758,16.97848377498734,105.80597118520689,0.4695926126585885,219.46284805765958,221.76396549208997,228.05960052490235,200.6638998413086,183.84180389404298,226,-76.5644165748907,109.64477016535841,True,86
MARKSANS.NS,329.3999938964844,349.95001220703125,-5.8722724942753874,1920423.6454183266,-0.842871224460362,5.665102704980196,32.250601765423625,90.73167167434435,0.4701658261791483,328.4683051093425,320.8474704582591,291.00569396972656,260.01380828857424,218.20488624572755,3,-7.472502786652879,25.075024417239057,False,86
NRBBEARING.NS,514.6500244140625,519.0,-0.8381455849590602,466636.13545816735,15.134233649678407,10.15625234744315,20.852416822312158,95.79694999356208,0.4811917887857496,486.3744474696102,475.7968818844954,448.4090008544922,411.3555026245117,337.5581139373779,0,0.0,26.32548653027942,False,86
VARROC.NS,872.0,896.0,-2.67857142857143,283178.972,3.9146725412866568,4.287505177203044,49.875866172551156,76.75256542617714,0.46912754311805477,849.6449091913927,829.2389914720804,749.9602294921875,662.5862377929687,612.9281576538086,7,-9.815849576677593,34.95914341591813,False,85
APOLLO.NS,422.25,466.5,-9.4855305466238,9716390.761904761,8.575470976323185,8.352575512796312,-3.0313496008711582,110.42009460951165,0.4578669516373489,405.5996514862034,398.91720829342705,394.96800048828123,384.9586996459961,311.6111999511719,50,-19.828510182207935,38.5408586538728,False,85
MTARTECH.NS,7312.5,8714.0,-16.08331420702318,716974.047808765,7.221407624633436,2.826407930816277,-0.42892156862744946,108.09618668184405,0.44397220550775984,7233.509560057088,7090.130214853953,6676.1,6938.825004882812,5069.246999511719,59,-40.394767041542345,62.95337176470455,False,85
SOLARA.NS,749.1500244140625,759.5499877929688,-1.3692269825618109,253205.20238095237,17.21035684866663,44.52591100582786,27.15776854276253,69.77904236012749,0.46685165392911987,680.4962329522621,643.3756499263156,575.095,561.7759991455079,535.4977503967285,0,0.0,31.2456272661628,False,85
CARTRADE.NS,3087.89990234375,3290.5,-6.157121946702626,606700.0876494024,3.198314040958228,13.751557918597367,32.81289902553763,83.94591005903906,0.4649237671909221,3036.8274800974004,2990.306021435385,2869.385986328125,2468.3329919433595,2377.6059924316405,206,-51.37517094666464,34.80736184406845,True,85
SENORES.NS,1467.300048828125,1599.0,-8.236394694926519,308743.5634920635,2.723328461858543,-1.6159296762386588,16.71174879225927,101.80169138992107,0.4568334810458433,1471.9271298827707,1465.9632547641231,1432.296005859375,1271.8490008544923,1036.1285006713867,14,-11.794870268038615,14.860562232040353,False,85
SALSTEEL.NS,74.80999755859375,86.25,-13.263770946557973,206646.9156626506,-8.812778249939301,18.6518611638947,25.604425509871497,76.98130292982646,0.41322943232677045,77.69874801688762,75.30755701493271,65.63119979858398,61.904599800109864,52.165299949646,6,-14.20289855072464,38.39406647251693,False,84
NRAIL.NS,627.9000244140625,650.0,-3.3999962439903886,17872.936,26.57998989330137,20.614237795262657,41.42471788642541,53.98313604434588,0.40801516332048643,573.0340158915158,544.7533163920717,490.4597723388672,476.4515658569336,462.2047412109375,2,-13.592303936298078,40.195441153102806,False,84
FINCABLES.NS,1424.0,1498.0,-4.939919893190925,579747.4444444445,16.70218464050881,14.795483720818092,35.873051370214036,67.5397217903819,0.42407119335431476,1319.1575211181441,1271.8378068178242,1139.6770983886718,1103.3351098632813,952.4839114379882,0,0.0,40.975139211857496,False,84
KAMDHENU.NS,39.09000015258789,40.95000076293945,-4.542125947980202,1417106.03187251,0.8253796519110956,15.377800827095701,27.578332021097363,75.7643909841756,0.417373541306097,38.29105661374658,37.08517626140681,34.868799934387205,30.535500011444093,26.588400030136107,3,-8.058606045368165,25.585026390445286,False,84
GCSL.NS,600.7000122070312,616.9000244140625,-2.626035267613769,276007.812,0.9325359262873034,16.426009883684813,39.54773285086968,64.80013489611443,0.41162829383072363,587.1517308596868,564.8922841067308,527.3070642089843,465.31209564208984,402.8992704772949,1,-3.047503336700541,19.96097322789634,False,84
VSSL.NS,397.45001220703125,423.8500061035156,-6.228617085365052,165004.076,9.204560757355784,21.224245887951977,41.0059771114504,66.57958857905906,0.4409893381838471,370.0185534170701,357.795690250278,323.3631890869141,298.6096875,278.30925636291505,1,-14.356495275985537,33.69459686753207,False,84
KRISHANA.NS,179.66000366210938,206.38999938964844,-12.951206844608244,1022558.6892430279,-3.600360374994349,-3.641723463271329,32.874198666044016,77.16995691053535,0.3964186163387365,185.55445768180348,185.98663072233362,172.01519958496092,153.42723716735838,128.10173950195312,10,-15.55792465977499,34.49194272832072,True,83
MANYAVAR.NS,582.3499755859375,779.0,-25.243905573050384,492924.652,2.490313811142708,11.582668776408322,41.467262047956744,59.810643616905914,0.3893000119754532,568.7454806185411,549.7046848955545,481.0049981689453,451.33299896240237,465.955500793457,242,-57.74069162939265,3.4088561966972186,True,83
KALYANKJIL.NS,601.1500244140625,646.3128397837881,-6.987763910869238,9897274.159362549,3.1270960755706456,1.156840603064424,57.59866435653513,54.78981696934988,0.39739603822870445,601.6088039881816,597.7339848356748,568.3918377685546,470.56049285888673,451.6103039550781,30,-14.246086906142674,75.2554354393591,True,83
AEQUS.NS,225.97000122070312,274.3900146484375,-17.646419637308075,5454990.952879582,-6.693365242924621,-10.432435992647182,13.564180356160605,93.4674617436171,0.38700415081473116,236.17323262079515,240.32578413873907,241.54140045166017,222.12850006103517,,46,-21.644378978051016,25.87552528837973,True,83
IKIO.NS,223.8699951171875,248.8800048828125,-10.049023334518658,681360.326693227,7.469635514837458,4.174035121203357,37.87645614918787,67.66775610668671,0.4001180986315547,215.89746185402083,210.08576767845906,205.61799957275392,181.83979934692383,167.80274971008302,250,-58.40164065086508,0.0,False,83
WOCKPHARMA.NS,2179.39990234375,2422.300048828125,-10.02766550749511,1255970.1706349207,4.342411705471982,13.931720138448878,13.55773018923825,79.92238210938862,0.392568570987639,2113.6503896693252,2039.1593062598074,1935.9259936523438,1856.7839916992189,1605.2674926757813,74,-26.00421135766394,69.3196934599882,False,83
KWIL.NS,43.040000915527344,50.68000030517578,-15.074978973250296,18966369.317241378,2.1842402824614915,16.513271563599453,15.326905861407102,73.40854731961414,0.37482569027233825,42.39760940503965,41.77273390882128,37.131399917602536,34.016999893188476,,14,-20.422254166924468,39.34097118034599,False,82
LLOYDSENGG.NS,82.76000213623047,99.47641802454628,-16.804400701471735,8122956.924302788,-2.577981036710364,-10.196286276269761,16.310605117528997,88.90874674264684,0.3815962487339245,83.63973004742732,85.64243396089925,88.44377685546876,80.23823471069336,64.88774745941163,23,-21.086824838596662,33.608982819299804,True,82
SHREEPUSHK.NS,486.8999938964844,545.2000122070312,-10.693326670067705,211397.23015873015,2.4513401149888203,31.59459294499578,28.03050473973392,59.06565964975072,0.38599467882318506,482.7040282960289,462.4906681305926,423.80500061035156,401.2309997558594,372.9725003051758,3,-12.17902107985429,25.814009736567954,False,82
QUADFUTURE.NS,478.5,511.79998779296875,-6.506445601252953,1185318.884920635,14.501078484946461,32.10932740844095,16.28189550425274,61.219683180639194,0.37244415253714336,434.78546315513165,418.38722408400884,395.68000061035156,371.2825,336.4334999084473,0,0.0,18.14814814814816,False,82
SUNDRMFAST.NS,1270.0,1347.199951171875,-5.73040038375312,139320.872,5.912770065683426,4.958677685950419,49.15731772767862,53.727445499354445,0.3782118606180379,1231.4741130125415,1204.1082050988618,1088.537998046875,973.250283203125,929.6908486938477,1,-8.996433756284505,30.843747456868485,False,82
PWL.NS,136.10000610351562,161.99000549316406,-15.982467134826406,17146639.76811594,7.6570226821504495,15.124348416671541,24.40585393531347,61.86965168838461,0.3586018880749724,126.30801143969984,124.75533038358196,128.27039947509766,120.33819953918457,116.14624961853028,206,-52.021730609804266,0.0,False,81
HONASA.NS,471.1499938964844,506.64561650495574,-7.006006062646786,1533197.278884462,0.021230465153854183,-1.1193327478963733,18.402446483180434,76.27192974443804,0.35807762339665455,473.4963225598761,472.9522828453767,467.02453552246095,428.21554077148437,358.9358174133301,19,-8.41724770050164,15.823010031044294,True,81
APARINDS.NS,17500.0,18401.11382486979,-4.8970613053428425,118715.29880478088,-0.8091032445497359,-2.440235389064205,9.850850498141739,85.71020109658143,0.3667037818580728,17346.616311449696,17045.392122061538,15609.22259765625,14659.836171875,11971.363806152343,21,-12.271859252714156,11.780405834270802,False,81
RBA.NS,98.05000305175781,111.1500015258789,-11.78587340916144,6028064.424,0.16345251109102232,4.508637146336447,41.95743953232596,58.0432005235801,0.36722584749506215,98.4205337957185,97.10730443506102,85.46340011596679,77.60529983520507,70.51754997253418,13,-14.853802887610822,33.41270300390076,True,81
COFORGE.NS,1846.5,2021.199951171875,-8.643377963203758,2864702.115079365,-6.402070443132302,0.9568069983597605,26.641806914404654,70.2348564803467,0.356376390218188,1897.1241573012328,1880.3067950110378,1733.1542822265626,1553.206044921875,1518.1299829101563,9,-11.898872244705927,34.590186495497235,False,81
JTLIND.NS,88.68000030517578,93.86886160930845,-5.527776959445008,4029736.3333333335,-3.1265462732465554,15.871462487977684,15.344707906150102,69.86207862065177,0.3540988169037662,88.11119478504304,85.41360897843722,79.40973754882812,76.98229026794434,69.43291765213013,7,-8.829791611600646,19.05682896341181,False,81
ESAFSFB.NS,39.61000061035156,44.9900016784668,-11.958214864193305,1178988.920318725,-4.346774314641866,-0.15124164699538145,27.69181181761713,63.54253399384404,0.332596313819595,41.220232515854306,41.31607461566285,39.36579986572266,34.37739995956421,30.142949924468994,10,-13.691930690370302,30.922392640572415,True,80
SONACOMS.NS,788.0,844.0,-6.635071090047395,2198806.095238095,-0.12674271229404788,-1.4876889674780847,32.01207338716712,62.594460405089734,0.34331194113461005,798.2938563407073,796.6113955017837,763.2069995117188,681.4315380859375,592.579342956543,16,-8.364926017291175,32.725074592501,True,80
MEESHO.NS,217.0800018310547,254.39999389648438,-14.669808553775054,24635982.120418847,3.8660295842366965,12.116520661860442,29.91022974384412,57.85339956866626,0.349243358414155,212.24625518007085,207.52738717484687,196.04680084228517,190.19939987182616,,184,-50.64465386359866,38.497273441201955,False,80
CRAFTSMAN.NS,11669.0,11999.0,-2.750229185765485,71029.859437751,4.001782531194298,11.017029778327458,25.12840812048043,59.48726200067951,0.3393701144520086,11400.67264248793,11070.482683735603,10192.831640625,9470.283466796875,8419.303510742187,2,-6.400533377781481,29.071927820000987,False,80
63MOONS.NS,908.9000244140625,966.0,-5.910970557550465,360253.0,6.772396406938319,4.784413054176895,37.6495594755395,53.000596429743815,0.3412922866608859,852.5693277547969,828.9472494316973,784.2150012207031,728.5800036621093,692.523752746582,245,-51.65631469979296,-1.0870627983716408,False,80
OPTIEMUS.NS,566.25,713.0,-20.582047685834503,216271.52,0.24785774534383798,1.4330497089117822,32.564674725765094,58.72459705676243,0.33570636956751243,563.6450561500662,566.9350515877122,575.7689990234375,504.38999938964844,468.45300033569333,239,-59.60729312762973,7.243524271194279,True,80
EMMVEE.NS,346.0,371.54998779296875,-6.876594975749384,3793680.9855072466,6.3960599668510865,6.905609925846012,2.869033364463358,72.77539672966944,0.31991596683061096,332.4370151565905,329.05303166043717,327.92900146484374,315.885500793457,263.32985038757323,41,-17.642306539246565,39.846892288427036,False,79
HUHTAMAKI.NS,254.39999389648438,330.0,-22.9090927586411,516482.4342629482,-1.4717343651788561,-8.620689844168517,44.99857413593029,53.71685874100187,0.3311500433182825,260.5741077487117,264.18355795982706,264.21980041503906,220.8004000854492,203.65697196960448,33,-25.0,95.24700778206817,True,79
ASTRAMICRO.NS,1680.5999755859375,1957.2277658555508,-14.133653481494157,559036.3015873015,-2.661628652961756,-1.0535382722446696,13.707213737491664,71.97838396113,0.32426647185954394,1697.6860787839662,1702.583194904679,1738.3573608398438,1552.011492919922,1253.404048461914,30,-16.785712918743013,31.144773518923706,False,79
AKUMS.NS,776.3499755859375,796.5499877929688,-2.535937796320875,262523.928,1.3842606054113693,3.258628821648424,30.68962498643757,56.3324815769086,0.3253003195156553,758.7782834174926,751.7473065093357,714.9909948730469,638.0500271606445,549.0441149902343,8,-7.959320111794987,19.881513743312528,False,79
IGPL.NS,547.0499877929688,590.0,-7.279663085937504,43100.86345381526,-0.32795624907282495,17.141325009201026,26.751236154010915,53.29608141659789,0.32739272789775353,546.8216560831505,527.9569150178963,479.6864270019531,458.19209045410156,414.4400946044922,3,-9.203387761520132,36.07935434512197,False,79
APCOTEXIND.NS,601.1500244140625,712.0,-15.56881679577774,116014.392,-7.572262938392216,-0.07479241857295538,16.01852669868318,69.61320391452628,0.3187865479786166,617.8295931945415,617.0044631739048,590.9069970703125,538.9275277709961,451.36974334716797,30,-17.68258769860428,19.669597186865605,True,79
SHAILY.NS,3279.5,3611.994309186523,-9.205283306811351,306553.65476190473,0.12538750343804583,-3.6540344023878957,12.384381646839572,69.30114542170982,0.30717504532602025,3327.1654023471674,3295.9996957431076,3125.821953125,2961.951298828125,2554.6472424316407,23,-12.950876698465574,18.39285061408087,False,78
FLUOROCHEM.NS,4773.2001953125,4958.89990234375,-3.7447762747435553,126360.47410358566,1.6742660934099707,4.5424766633892055,29.527016059842982,49.85088130295809,0.29874379281154967,4716.737017227256,4671.600605457816,4471.200029296875,4091.4390112304686,3726.6740063476564,20,-10.038512865569682,22.858637011400653,False,78
BHEL.NS,431.0,446.5,-3.4714445688689755,12796154.472222222,-0.023197889607917688,2.6190476190476097,12.54303037257596,67.26897518171822,0.31191988919308805,428.2458813415382,425.17734296967024,414.84645751953127,404.42932586669923,338.0279563140869,40,-11.422172452407619,3.6253327258339185,True,78
INNOVACAP.NS,1147.199951171875,1200.0,-4.400004069010421,67570.31075697212,-2.3991894381868217,9.517895099940343,18.97945827089975,60.683511668490574,0.3163090222483554,1138.8363193910816,1102.76187234208,1025.0599975585938,953.7229986572265,825.7663787841797,2,-5.575002034505205,19.895096730671558,False,78
ARTEMISMED.NS,344.8999938964844,362.0,-4.7237585921313885,238951.39516129033,3.63581927504244,8.510299598408455,30.715136640589225,50.33292787175772,0.3141335398806579,338.0774728255236,329.1718310797757,304.66471801757814,283.74542892456054,265.28244499206545,1,-6.160217622367059,26.561363659281547,False,78
NAZARA.NS,370.29998779296875,380.0,-2.5526347913240155,2498578.685258964,1.2301804675146188,5.139118386883501,27.272717737325426,52.701025894007735,0.30413067402928884,368.44982296628154,361.87656757147397,336.84199768066406,309.95889862060545,283.33329917907713,1,-4.736842105263161,20.81586150353738,True,78
KSL.NS,968.75,992.5999755859375,-2.4027781757559152,54358.10317460317,3.003721424774053,12.60606924861769,20.704053236328,47.68282099496648,0.28105930361085935,930.9786401902848,911.8382412762321,890.5315246582031,857.0155804443359,782.5612127685547,1,-8.724559511984376,6.656412278317836,False,77
GUJTHEM.NS,422.6499938964844,479.0,-11.764093132257958,240063.16666666666,2.7470493801634133,21.71346116529427,11.634967533762985,50.436011935473715,0.2828229220539357,423.46722469550474,410.71897266066776,381.0739996337891,383.24,361.44525009155274,221,-53.01670082426768,24.066004989170796,False,77
LENSKART.NS,681.75,703.5,-3.0916844349680117,6296054.9718309855,-0.45992470459573775,14.215106737385241,35.523311110898106,36.404565156252076,0.2801584827278774,678.7084751822144,659.1185528398811,600.2940075683593,553.5145050048828,513.3022528076172,1,-3.3404406538734888,29.916603780576768,True,77
RADICO.NS,4368.10009765625,4747.0,-7.9818812374921055,402582.55378486053,-2.801510955579667,-6.568704757587884,22.32910868278637,56.34411903928225,0.2764248817347326,4469.5779763098535,4491.502497059061,4386.1722802734375,3971.7866455078124,3448.371453857422,17,-8.09985253844533,25.2473373698068,True,77
AYMSYNTEX.NS,281.6499938964844,330.0,-14.65151700106534,45780.84,-11.221436124039597,11.23617586538035,27.657157985416635,50.053275692992514,0.29443549233494104,293.47456911986905,282.6842283811203,257.9208013916016,241.60910034179688,208.78940017700197,3,-15.000000000000002,36.526485087993144,False,77
PINELABS.NS,202.1699981689453,284.0,-28.813380926427712,13204331.971291866,21.518305044452912,21.3651074238707,34.699182558316146,26.83187321841187,0.2756735604407902,173.66030940731915,167.89803469742407,157.59340057373046,159.61630050659178,183.83519996643065,208,-52.55986065931724,0.0,False,76
NOCIL.NS,189.64999389648438,202.60776684401816,-6.395496653151311,1579850.3174603174,9.980277900382163,16.45685403040964,18.329237777190265,41.70951202242925,0.26471974738248927,180.82157178481452,175.1496952018732,168.70526794433593,169.64109222412108,159.80568103790284,58,-21.621956786082475,2.5850756334504954,False,76
ETERNAL.NS,323.5,368.45001220703125,-12.199758642367453,37080624.24701195,-0.40024256213869736,3.009078991991876,28.373015873015884,46.26757818792755,0.2758072757926029,323.60333306660857,321.7283085402655,308.59800048828123,280.30580078125,274.00230056762695,226,-42.29881963362342,6.01950613611657,True,76
NIACL.NS,198.38999938964844,242.60000610351562,-18.223415334541706,3551377.7976190476,-13.709714136138585,9.820097477185307,23.654805524788536,48.59520888346904,0.27127573292647383,201.88773223698198,196.36234157759202,183.78265563964842,174.55200653076173,161.38699996948242,4,-19.979389942810364,27.158721611956473,False,76
MVGJL.NS,197.3699951171875,233.99000549316406,-15.650245530271768,103983.32931726908,14.77001437238259,26.608503361308934,29.8401435757645,28.145688639276067,0.2700902063793982,187.02408081015386,175.67916249852152,163.62679901123047,160.798399810791,165.5203500366211,3,-16.406683400317277,27.600824754460906,False,76
ACUTAAS.NS,3383.699951171875,3740.0,-9.52673927347928,400788.61354581674,5.70758985229225,7.303230036157338,9.267930523633439,54.66928859962466,0.2667949958940059,3275.4598844657594,3260.211899568501,3330.047998046875,3163.8270043945313,2573.176999511719,48,-19.11764705882353,25.0684975895642,False,76
NETWEB.NS,5027.0,5813.0,-13.521417512472045,1912642.7928286854,-4.6110056925996235,3.919462965308851,9.05911437858855,55.91512009851674,0.2540657437678506,5099.099404080444,5090.179973927056,4768.106875,4558.946801757813,3922.0460546875,13,-16.024428006193013,22.517284149253094,False,75
TMB.NS,910.9000244140625,949.9500122070312,-4.110741332824808,334798.448,-3.347656362068996,6.153134871268517,17.65693749052484,47.60232291749702,0.25233871752203063,914.3653551186568,898.8406506534842,852.8489990234375,785.549721069336,684.3067878723144,4,-4.837097912160138,16.32360786007354,True,75
BALRAMCHIN.NS,691.4000244140625,780.9500122070312,-11.466801510111113,1194817.0555555555,0.115848371909677,11.57911678739081,23.67409704158807,42.263379509066354,0.263349891107721,693.9022333031852,681.4165413165069,639.28599609375,587.4824993896484,522.7462495422363,16,-18.45829082026419,43.59789555539078,False,75
PARAGMILK.NS,268.5,376.95001220703125,-28.770396258129725,1034858.8611111111,7.572112754134341,23.097380345962893,16.490951278129607,37.58647624781557,0.25358563227171127,254.98534005340676,246.33319255893525,230.24739990234374,228.2043002319336,237.65375053405762,209,-52.82133158806849,25.114980304283073,False,75
BLUEJET.NS,568.5499877929688,718.2325039813717,-20.84039852814642,683819.3968253968,-0.010809209403472853,-4.18123301849509,11.625862849635826,58.96717921456916,0.2623730301607904,575.5329018812188,579.25688976351,585.9130810546875,532.3900695800781,487.89687728881836,249,-54.8444125486479,4.539792340351001,True,75
KROSS.NS,239.07000732421875,240.8000030517578,-0.7184367548231374,925942.9880952381,12.998061657131688,17.739474873723292,28.989970890240933,31.97351111191975,0.2633409685229801,219.88411860509703,214.35028415382163,203.0944009399414,196.8363003540039,193.24550025939942,1,-8.637874912022758,23.63965824941352,False,75
PRICOLLTD.NS,761.4000244140625,823.0,-7.484808698169809,624185.296,-0.9109838336272547,-2.7896553572853477,30.982288044574457,40.570477263010865,0.24873847863756887,763.3770481862272,762.6612478734932,713.5389990234376,644.7729992675781,620.0314994812012,15,-10.55893370766251,36.97801392417139,False,74
ADANIENT.NS,3060.0,3245.0,-5.701078582434516,1828186.400793651,4.152484683458124,3.207531477911729,3.9543381737359606,56.1046474155088,0.24684915182252468,3013.850060608288,3010.7238990882665,3049.1380029296874,2930.9480859375,2531.013624267578,49,-12.773497688751922,28.3110930749781,False,74
HESTERBIO.NS,2264.89990234375,2683.60009765625,-15.602182891488791,13507.3,2.8705069979329423,-8.128833915353828,10.071203748175183,58.46267278366704,0.250677141546419,2295.637542606097,2322.5378615786167,2369.262294921875,2136.2890673828124,1823.3263421630859,30,-20.032794682254206,29.471371409380744,False,74
RANEHOLDIN.NS,1696.199951171875,1846.1341245121132,-8.121521147866872,23699.31349206349,2.731510886851818,-4.5684748580419265,13.678018239997414,53.53602789074989,0.24877272745375978,1663.7824619687387,1654.6833790624717,1683.5047412109375,1532.7463903808593,1374.215167541504,28,-16.685361309140056,31.745913311071263,False,74
TATVA.NS,1608.699951171875,1835.884327566065,-12.374656343157575,124161.18650793651,-4.042814979621657,-5.788408798811451,35.815948230596085,40.03143103660791,0.25195393626097534,1646.4266967701428,1644.6320795178128,1611.2982568359375,1418.6303540039062,1339.2429541015624,29,-14.933897294240762,55.32363288445523,True,74
AEROPLANE.NS,205.1300048828125,209.44000244140625,-2.057867412315151,1242694.7217391303,5.579294853706385,7.195863413744186,57.45318299420359,13.961113823784732,0.24817502595894447,195.07515880776137,189.77948282219572,185.27400024414064,157.673999710083,,1,-6.149734880000235,15.476919133186318,False,74
UTTAMSUGAR.NS,279.8500061035156,356.11921220364263,-21.416762557733993,155560.40239043825,-5.568703444048828,11.367321277772602,18.544617704959656,43.31009616023256,0.2460401768673056,287.11628504292753,285.58925198926545,260.4762710571289,250.24307723999024,238.28478797912598,13,-23.378792910652347,46.051938731738296,False,73
MOL.NS,62.52000045776367,87.75,-28.75213623046875,1106701.9601593625,-7.405207988582118,9.128991898512684,26.022978610321413,38.410456037491294,0.24256353578937268,63.73054205981911,62.427302836979905,56.57019989013672,53.58889995574951,54.50690010070801,245,-58.4045584045584,7.01148025601086,True,73
ITDC.NS,690.8499755859375,822.0,-15.954990804630476,908655.528,7.383228693952915,-4.188338217641352,15.517095508259416,48.53794162973577,0.23970960530239155,658.5766246269951,666.0169355200311,694.6830017089844,638.2520007324218,584.1272497558593,38,-23.71046525718522,39.49171619355803,False,73
IONEXCHANG.NS,445.70001220703125,484.3644916198611,-7.982517315322635,441902.4302788845,8.919843331171041,18.464883986777416,22.438047204804402,32.387502288841866,0.2427137620745065,417.4225232561789,403.97316419105454,404.2714508056641,394.7209442138672,378.6568101501465,44,-25.520964843326343,16.522640857241623,False,73
VINCOFE.NS,174.35000610351562,189.39999389648438,-7.946139534299168,2496169.5555555555,2.1681877171795705,18.888519168015662,12.578298960743117,41.8864013676286,0.24522572840595466,174.83441190216374,170.16680200154883,160.57579956054687,152.7118999481201,150.12574974060058,9,-11.203802483911806,21.09380081994232,False,73
GRAPHITE.NS,825.7999877929688,874.3499755859375,-5.552695047590461,1661127.1195219124,14.487730731806714,13.707399351871775,26.312951871820502,29.29618433156471,0.2380261223772706,770.2339567127445,743.0789609462718,687.0318701171875,687.9760211181641,653.8983782958984,2,-11.362724121923717,37.50763117270457,False,72
OLAELEC.NS,38.540000915527344,61.02000045776367,-36.8403791766543,85374014.77777778,0.8900527376893397,-2.848493333943636,-10.51775902343749,67.05678988012227,0.2318669485199787,38.370483515583935,38.501517065379424,38.98260009765625,39.514800186157224,35.968000173568726,249,-63.536545668496316,4.363571575149572,False,72
SUPRIYA.NS,901.75,1083.7124081428149,-16.7906546769773,312759.136,7.134369362251869,8.636230111329123,-5.4835304213447955,54.11767430342158,0.22442693553456206,870.2976314715527,851.6881526663701,847.7487182617188,840.8254870605468,760.4217849731446,73,-31.755758011856404,71.92093493739809,False,72
BECTORFOOD.NS,242.5,283.3906875081819,-14.429086526352886,1919601.653386454,6.008277227418968,0.34808849358149985,32.19198500915634,31.733699731832377,0.23021520816938051,237.1664408864773,235.38299693040713,217.2804119873047,200.67307510375977,209.2927758026123,249,-41.942545526509356,-1.010962710877139,True,72
DATAPATTNS.NS,4829.2001953125,5000.0,-3.4159960937499956,875083.1115537848,5.273263159687436,7.530621138109561,9.360008226712257,45.2499073481661,0.22941415950870772,4731.016049915025,4667.098461971505,4502.114399414062,4366.497912597656,3634.3263549804688,14,-11.582001953124998,7.407538914952716,False,72
LLOYDSME.NS,1799.5999755859375,2125.0,-15.31294232536765,524536.1904761905,-1.2835998032947105,-5.204385143148082,1.9603385601097756,57.843218500678596,0.22556151959345286,1815.675597054976,1840.8335477324877,1891.697998046875,1825.4933093261718,1553.840503540039,24,-16.889412913602943,16.115166043311024,True,72
COHANCE.NS,440.20001220703125,1008.7000122070312,-56.35967018143724,1890198.278884462,-4.480849218399707,-0.9339470776371761,3.0913377534031117,52.13409466787731,0.2114616485580445,449.66717565998624,450.0152094092432,444.22100036621094,443.041999206543,422.3682504272461,249,-73.56002686829628,-1.605780771574039,False,71
VIMTALABS.NS,629.5999755859375,847.8704502619878,-25.74337560751242,373306.3187250996,-3.472598606985433,0.3906483419440221,15.7369777238626,43.7988009013488,0.21971483485388563,634.1322238204826,631.0383451208638,608.1480041503906,556.5312182617188,530.8505516052246,244,-55.8108124030771,5.782421791516246,True,71
MOTHERSON.NS,164.4499969482422,173.27000427246094,-5.090325565150677,19417425.123015873,2.3335408034934835,-1.762244358304088,11.609673118982,45.18285269740985,0.2143694822334707,163.98795850494284,163.74867065471844,156.77877197265624,147.19028228759765,133.0773069000244,17,-7.704741602316356,17.987288386459444,False,71
EPACKPEB.NS,240.44000244140625,344.0,-30.10465045307957,2678392.084745763,4.037039421234279,0.7922864663465923,-3.484261739688188,54.088703400869754,0.21152364073834193,235.41260332915147,234.99417069118834,243.76779998779296,229.4756996154785,223.48754943847655,213,-61.57848890437636,76.30773716031638,False,71
SKIPPER.NS,551.5499877929688,616.7999877929688,-10.578793983682989,620939.641434263,-6.675475938192577,1.0794747121644965,-0.4617056695751076,57.00619191926564,0.22212312415447366,571.4827072109283,562.5483340857412,546.488285522461,529.4657421875,461.6097897338867,2,-12.232492493556324,8.969694051460998,False,71
IDEAFORGE.NS,733.9500122070312,992.25,-26.031744801508573,803012.8247011952,-5.485799530692259,-9.422433263746377,-15.13556883553373,72.22809403238293,0.21917500356474554,766.5507328413273,787.6831015820793,834.3419982910157,821.5665002441406,630.0859997558593,68,-27.03451751070799,114.98912472733194,False,71
NAVINFLUOR.NS,8543.5,8949.5,-4.536566288619481,216615.22310756973,-0.16359918200409274,3.00819869785387,16.7862757159456,38.590060551757865,0.21057186756857194,8609.396673506326,8485.031896368262,8064.06,7611.467265625,6853.579338378906,2,-5.173473378401027,15.19427671304805,True,70
SPARC.NS,196.00999450683594,289.0,-32.17647248898411,3215680.996031746,-1.7346000364430125,-4.048367104894989,-17.784492472625256,67.77368093367122,0.20790991207057613,199.51974084759564,201.10147317229473,215.60320037841797,207.62400024414063,170.24925025939942,47,-33.605534642625436,60.05455460580615,True,70
STYLAMIND.NS,3329.89990234375,4150.0,-19.76144813629518,68928.6015936255,2.7461508433394455,-6.059752638784344,2.23197692072048,50.3272879571919,0.19863172815669983,3373.312184292921,3420.6475837791663,3423.475986328125,3135.606989746094,2667.449503173828,36,-22.40963855421687,27.253370865626625,True,70
PVRINOX.NS,1237.0999755859375,1284.5,-3.6901537107094207,386686.90476190473,0.8067164934784099,5.186633897310444,30.372003768240585,27.025356255661535,0.2103974206154672,1214.2372073226193,1203.8432052491512,1134.7139990234375,1065.142003173828,1038.1282528686525,13,-12.362790878016739,28.00914768863585,False,70
JSWINFRA.NS,343.1499938964844,355.79998779296875,-3.555366590918796,2254989.964285714,3.0480462151604826,0.5273144165179433,17.1494106918431,35.82674518787803,0.1988578878752378,338.0986085782557,336.7981391764175,333.8060009765625,310.4067114257812,287.08324821472166,44,-12.844289841866107,30.249297772679128,False,70
DALMIASUG.NS,417.3500061035156,520.0,-19.740383441631614,450294.68,-4.834108375226142,-2.3400023065818676,23.500797858650337,34.863589875481395,0.20044264008948673,443.46784266410816,444.91871760530694,411.9009991455078,379.5336016845703,342.9233024597168,14,-20.38461538461539,48.04048508272694,True,70
ACE.NS,1129.0,1193.8073393073244,-5.428626309579155,315722.6175298805,-1.440419030990836,3.1907367226875483,21.758286952605488,30.631596803350945,0.1927423024856045,1125.3378669165402,1120.8866740373387,1076.0882250976563,996.4995733642578,943.0440896606445,16,-10.217389041533432,17.72561806665567,False,69
INDOCO.NS,263.0199890136719,331.91262822828605,-20.756257326621075,326252.81673306774,-3.416600175715412,21.039001638497723,9.883419760133272,31.617289026889985,0.1947808184892398,250.34551334518895,243.86101593424078,237.02612701416015,228.4050134277344,221.74648979187012,250,-51.177003143081336,0.0,False,69
RBLBANK.NS,412.54998779296875,420.3999938964844,-1.867270746309413,6777852.418326694,1.0904145118597164,6.110338303460705,10.993720412280927,37.96467165614905,0.19815093898022013,404.73112696640675,396.8399727989538,380.9960192871094,363.9888430786133,335.60572235107423,2,-3.4253078271999415,10.352429451572664,False,69
HINDOILEXP.NS,185.22000122070312,201.44000244140625,-8.052025925397366,1043775.4484126985,0.11891957875844739,17.23526475142585,15.82041229454616,27.773173732189527,0.19314338089400676,182.34052702424657,174.88851165381428,163.25460021972657,163.8206004333496,155.13995056152345,2,-8.409453056045146,22.669758569137734,False,69
DHAMPURSUG.NS,163.58999633789062,199.9199981689453,-18.172269989895405,485403.9682539682,-2.3867773061676645,1.1500653307906061,13.132772775113533,39.61173060373579,0.19775859409569735,169.68635185294625,169.1480955753112,157.49959899902345,150.6335578918457,136.78126651763915,14,-18.96758629264316,31.359432443579173,False,69
HIKAL.NS,224.9499969482422,281.96029052687066,-20.219263312610124,1135101.733067729,1.192080009044072,4.1483582122028295,18.77963886688867,30.69135203367228,0.1885931211688049,227.72623633634223,222.92831308308538,222.00140258789062,211.68227111816407,206.71239120483398,241,-48.2173128859453,-0.01923683904122564,False,68
MINDACORP.NS,705.4500122070312,769.0,-8.263977606367845,567143.224,-0.14861822971956595,-4.082104327756064,6.594747608669649,42.89195511661092,0.18303923640722095,706.5756906281841,708.8914341271885,704.1443469238282,650.2138403320313,603.4321853637696,19,-10.858257477243171,10.400467381639045,True,68
IDFCFIRSTB.NS,86.20999908447266,88.50001826783308,-2.587591763461561,29378725.793650795,-0.5766347656317006,-0.39284108064309153,11.56549463356531,38.1864445975268,0.18607994536388528,86.11848428621643,85.63955587721246,83.79472305297851,78.23551094055176,77.19026014328003,34,-6.77968025913267,19.129818248910002,False,68
MCX.NS,3276.0,3471.4939344339746,-5.631406481654988,3085249.4444444445,0.01832135538077928,10.57330278355404,13.815318612586736,31.42415897719779,0.18830751866904022,3286.1272659233914,3210.212893585762,2949.5908203125,2968.82166015625,2671.751539916992,81,-26.27873215647766,37.618551861773696,False,68
PARKHOSPS.NS,279.29998779296875,305.0,-8.426233510502046,1242963.8602150537,-2.427951862718336,-0.6403480154618002,3.215070766156969,45.04569554119413,0.18611934656960552,282.4006407263843,282.6854119490498,283.0419989013672,275.20909927368166,,52,-12.62295081967213,20.19289921406027,True,68
GNFC.NS,562.4000244140625,596.9341143631162,-5.785243147964325,369719.57936507935,-2.2642325964723597,5.957366656961383,8.793830331033604,36.85071701596958,0.18343485977442955,566.8486061647496,560.198275464081,527.5408172607422,511.4059722900391,478.1154304504395,18,-7.83521585497422,8.93255353729332,False,68
PFOCUS.NS,310.8500061035156,367.0,-15.299725857352687,3290673.964,6.583237650896678,15.988808247580465,28.812363943732922,13.262886601377177,0.1780494923827651,304.0674474427497,297.5959129908046,284.11559814453125,268.9070991516113,262.3489493560791,104,-44.81199093020904,31.79908475237747,False,67
GODREJAGRO.NS,675.8499755859375,732.2220367262382,-7.698765990756029,281088.03187251,2.564680638263117,22.381163528463112,20.69415187735966,17.46356687168369,0.17926373081400307,654.8237045747886,631.0362758872533,583.2581420898438,573.8256481933594,571.9781564331055,250,-32.19907436248138,0.0,False,67
CUB.NS,227.32000732421875,248.85000610351562,-8.651797569312059,3585000.626984127,-3.682042025709842,7.98024069485328,11.681514910715629,32.152431155436204,0.1759327087178884,229.76416868076515,226.84197082364074,221.15004180908204,207.7257861328125,204.74040649414061,4,-10.110509561990288,6.922306964975933,False,67
DYNAMATECH.NS,12097.0,12865.829460466755,-5.975747330004355,26827.02390438247,3.8012699502316893,11.985412539195428,15.920919452113868,24.993521941044406,0.17550894114914178,11665.773114003827,11522.56623578382,11009.6391015625,10939.026162109374,10190.403112792968,90,-24.12427462451159,16.547303735180453,False,67
EMSLIMITED.NS,383.1000061035156,589.0,-34.95755414201772,562709.8406374502,-1.097198898420626,0.2879597129622047,24.161406987501977,25.771503094889137,0.17504895386956626,383.9266114718768,385.2788735543816,399.7299981689453,372.67549896240234,364.13749938964844,243,-56.52801565484402,4.146095182740117,True,67
ALKYLAMINE.NS,1867.5,2115.0,-11.702127659574469,127670.93625498009,-6.774159069467345,-1.1800216029179023,3.4847893480453473,44.01058662162571,0.17736251225533575,1958.3811893128461,1962.735262839481,1911.5360034179687,1810.839384765625,1654.7368334960938,13,-12.099291934471035,24.235377581012308,True,67
GALAXYSURF.NS,2187.300048828125,2648.0,-17.398034409814013,22040.887550200805,-2.8557490690756637,8.153679906221223,25.96132141849632,18.13835437348674,0.16388899249280273,2240.957479305813,2228.6025971159174,2104.1953662109377,1964.38380859375,1915.9381488037109,18,-19.052114803625376,24.252688082819684,False,66
SATIN.NS,216.67999267578125,274.1400146484375,-20.960100278080198,448652.236,-1.2262399148840974,-3.0124035969789187,-6.647713538406741,47.37128101390675,0.16229093633156483,218.96480445190858,222.7150218220254,238.39100036621093,229.16819976806642,189.88904991149903,33,-23.396808645644786,18.05788282729366,True,66
EIEL.NS,207.11000061035156,276.1000061035156,-24.987324870720318,2463799.5753968256,3.986545420696941,1.9844390107153442,6.7962710423060235,36.22073780323005,0.1732271877819659,202.16368427017989,202.09160194883347,212.26439971923827,207.856199798584,194.17654975891114,244,-51.2097052749207,10.154563253154691,False,66
HSCL.NS,664.9000244140625,819.5,-18.86515870481239,5441498.912698412,-0.9164687416406969,-14.553748820515155,-3.52582521221273,51.715160399633554,0.16625919957922503,670.4794284535909,684.2027339409367,715.6660046386719,674.0698797607422,570.06732421875,38,-20.683343502135454,32.07453696723326,True,66
TEXRAIL.NS,117.80999755859375,152.0256459449325,-22.50649761996901,2823508.634920635,2.2200718207324277,10.715344561321704,9.955540244385164,28.805056712174483,0.16873760852522923,114.68588211126902,112.32110282691295,110.87150848388671,109.5949398803711,111.3690442276001,245,-48.986925605593946,5.077671559331942,False,66
AUROPHARMA.NS,1679.800048828125,1717.0,-2.166566754331678,1316994.544,2.595736806483262,0.7678493598155312,19.278562137800147,28.043297322018024,0.17414031122758686,1667.94273287876,1652.1626012636584,1608.2080029296876,1539.3969995117188,1384.8549975585938,8,-5.497962982764271,7.675907831936746,False,66
KOLTEPATIL.NS,436.8500061035156,554.5999755859375,-21.231513643327958,168146.3574297189,-2.825043273119132,-11.335499232755774,21.061382489819923,30.30574380418065,0.15891108094755169,445.2033906626364,445.1971937539762,421.2990020751953,397.4750006103516,379.05750076293947,22,-23.223944007009912,39.03915827169722,False,65
AXISCADES.NS,1831.800048828125,2211.0,-17.150608375028263,143586.35059760956,5.859918110461071,18.686019168850976,-3.882883728830977,32.240839835319626,0.1605466646029486,1766.1613993821368,1702.5904419909227,1609.342001953125,1764.7520031738281,1585.6725042724609,88,-35.95205899656547,40.447309307226355,False,65
ADANIPOWER.NS,209.97000122070312,254.1999969482422,-17.39968381531679,36074784.940476194,1.3368746685613386,1.8777268328870278,-5.673856485403316,43.255775894341774,0.16109386245549256,209.3600415084701,208.7348330948712,210.9602001953125,218.79890090942382,184.7418504333496,75,-22.108574989355766,54.904203533656215,False,65
ABDL.NS,632.5,711.7000122070312,-11.128285913811709,474664.91633466136,3.697022270952055,0.7646945514771852,1.3063320758937236,37.61359095689099,0.15959977142915152,611.6013449841315,611.6478714590363,621.4110021972656,599.934818725586,556.7814796447753,49,-18.504989454562516,20.44939101745249,False,65
PREMEXPLN.NS,668.0,829.7999877929688,-19.498673195128692,690411.4143426295,0.24762129129090038,2.5877255554278777,-2.239131869793687,40.779768177028444,0.16182474950087938,667.3424983002466,666.5935223030386,670.1019982910157,659.6309967041016,574.8205001831054,52,-23.306816850322566,44.16421246850939,False,65
LODHA.NS,1116.9000244140625,1340.2415520455131,-16.66427423404242,2101809.274900398,-9.489463175521673,-7.617863985602769,21.7162281564105,28.971152967202208,0.1563081051913131,1189.2235809154843,1204.8912233950969,1204.0050170898437,1054.8590704345704,1015.8678460693359,31,-19.753271463749,49.72133948764363,False,64
ANGELONE.NS,305.0,359.3387168134344,-15.121865323976936,8573948.864541832,6.643356643356646,4.810996563573888,-13.15831135986092,44.635489402962406,0.1553323733027713,295.82521047111914,295.28725080385067,306.00079467773435,317.32171020507815,284.22759971618655,59,-23.40096206696607,12.457087585318716,False,64
JUBLPHARMA.NS,1025.199951171875,1178.6978642896322,-13.022668299332674,170428.1235059761,10.892368974783672,15.126328037268388,5.153821074040565,24.510047086894083,0.15464667661901849,969.9765768600515,944.535747286199,943.0047705078125,956.9352801513672,955.033190612793,223,-33.655473337427246,1.6983780299421491,False,64
CONCORDBIO.NS,1505.699951171875,1693.8579163761817,-11.108249599048392,267745.14342629485,4.00635504291138,4.2223300381867945,9.746085655497104,28.966837605550765,0.15755662250797936,1472.6462775182313,1468.0334574253045,1400.9939404296874,1299.0958111572265,1258.1712203979491,244,-42.0774646822929,3.43543663257313,False,64
GENESYS.NS,307.80999755859375,612.0,-49.70424876493566,917931.2301587302,33.32033569335226,45.67439333315857,-3.944457533760759,10.782793160679738,0.1559669224011061,263.1610072916822,245.38569202557227,249.43777709960938,265.33698745727537,298.6902444458008,226,-72.4673202614379,0.27773592933524327,False,64
IFGLEXPOR.NS,206.0800018310547,334.28171894337873,-38.35139938778378,137363.56972111555,-0.6556115476019198,-3.217015488821595,7.60251776808929,35.39458905210968,0.1572962669874615,209.13637300765373,210.6725979885261,213.3138330078125,197.7307861328125,188.197783203125,234,-64.59171628181466,25.077397330156725,False,64
GALAPREC.NS,1031.0,1260.0,-18.174603174603178,36842.47011952191,0.68359375,0.6344558321132343,-1.2310174724796563,37.4575050702594,0.1480894732778251,1038.2138435089562,1043.9812330333384,1090.9639916992187,1008.7774975585937,880.4114990234375,49,-23.722224159846228,44.84417892116037,True,63
IFCI.NS,82.29000091552734,107.5,-23.45116193904433,37630449.59126984,-18.83014091051084,7.34411294608468,-7.331083234801305,43.8384936766441,0.14921880998383102,89.46578434740066,87.4770420931481,79.56280044555665,75.12670017242432,65.15090005874634,5,-24.16744498319404,30.880452429207715,False,63
ANANTRAJ.NS,598.3499755859375,742.4300925158334,-19.406556709152134,3518509.638888889,-4.3328860967586476,-4.576989516903884,10.843925752380311,33.18514101671368,0.15178547619342925,612.701244197719,612.9120606435837,605.1354870605469,562.7672003173828,541.1028471374511,234,-45.80784023633535,39.10741549422947,False,63
ADANIGREEN.NS,1281.300048828125,1631.5,-21.46490659956328,3415786.369047619,-1.5369245561783207,-2.8582222268290325,-13.571666183600339,48.7548714396276,0.147051118197873,1294.4885480919434,1307.8470986512823,1383.5160009765625,1405.0184997558595,1185.6802493286132,43,-25.534782444740266,16.45376274770005,True,63
TEXINFRA.NS,115.5199966430664,121.30000305175781,-4.7650505055841785,151326.396,-0.8818777291718871,4.123547574822073,14.34444861301416,24.820171729331463,0.14967925017684058,114.49837202664688,113.26428351577587,112.73712615966797,106.76834915161133,102.18689559936523,3,-7.5845048196009905,5.426966033875447,False,63
WESTLIFE.NS,569.5999755859375,766.669811438393,-25.704655760831585,241502.816,5.374153815372007,-4.220621507630929,20.404292446287986,23.629523134850096,0.1526638806783745,557.6992998221388,557.6362567449166,534.7836206054687,501.99256286621096,502.46261947631837,249,-48.07090968467447,0.0,False,63
TATATECH.NS,762.1500244140625,891.0,-14.461276721205108,1258642.0595238095,-4.731246948242185,-12.235144750449578,0.5071289095513132,43.21360126342011,0.14517425533319303,791.5161791403818,798.4355252928344,781.4799975585937,731.8127166748047,667.2679850769043,23,-14.915827655899271,14.096656004558895,True,62
FEDERALBNK.NS,344.5,370.4344787597656,-7.001097426620662,9208720.162698412,0.4373177842565523,-1.9217081850533835,7.821873370588306,31.4111284459611,0.14570403530975912,346.16281126749857,347.94958146428036,347.95916748046875,324.6338934326172,299.025101852417,29,-8.863773363154959,22.028892697908443,False,62
EXIDEIND.NS,412.6499938964844,496.3999938964844,-16.87147482468838,2751957.984126984,-2.757160843348061,-15.005150587747806,6.71148243540276,39.793471004856286,0.14654086930678975,424.2970320850887,434.0058907815523,443.2900012207031,408.3129287719727,372.2850225830078,23,-17.465749950740918,24.994538832844416,True,62
MANAKCOAT.NS,128.52999877929688,182.7466119542093,-29.667643408074483,715427.068,6.531286492961819,9.431166167590476,20.192205545868134,14.437187328841116,0.14371898478111164,124.13030825033967,123.0530964892106,122.06604095458984,114.17827407836914,118.42330173492432,219,-48.47391471782986,25.015605714453848,False,62
PCBL.NS,331.04998779296875,413.2299507534673,-19.887223278626053,2129895.394422311,5.346058168009149,4.613675153340102,10.746334512786282,23.40887266419398,0.14044790266982413,326.09592776700345,323.49876022628393,319.8535479736328,306.00944946289064,294.73684494018556,244,-45.942659760577996,5.4974511024625805,False,62
EDELWEISS.NS,132.42999267578125,139.35435997550803,-4.968891752610938,5554364.813492063,-1.602868833408344,7.221993393422932,11.073261638323606,24.71946522679389,0.1449387637755839,131.49596871697972,128.39309992896938,121.66553924560547,118.61360122680664,113.92594947814942,1,-6.884313249416129,16.009162576838285,False,62
NIITLTD.NS,92.48999786376953,113.50703982524603,-18.516069130015246,1070650.2222222222,-6.5379964435734355,-2.995323745036882,-11.556176170501796,46.14381016956835,0.13737806823312076,96.17375460870329,96.81923415463574,96.68106033325195,89.18466594696045,82.51926393508911,251,-57.298475406133086,0.0,True,61
DIXON.NS,13425.0,18471.0,-27.318499269124572,533735.4007936508,-5.723314606741569,-4.346277164232282,9.726195341234156,29.86070806732444,0.13420554935779408,14015.675505286783,14167.175850598895,14093.62,12829.45,12132.295,241,-48.0266363488712,0.9373128631652738,False,61
SHARDAMOTR.NS,943.75,1189.9000244140625,-20.68661394769473,64795.664,7.50085132186753,7.177333834895316,17.37454316621443,16.218214911248552,0.13885200813529566,908.2741916433586,900.2063491408167,884.6720007324219,866.6709979248047,875.894997253418,209,-41.171528226104705,12.135965784414493,False,61
TITAN.NS,5009.5,5186.7001953125,-3.416434122655587,981902.6071428572,-0.20916334661355007,-1.0703673839670302,15.85840042786315,23.390402014858026,0.13878691122847395,5028.225146682933,5025.174608730108,4896.75751953125,4565.847712402344,4338.376805419922,11,-4.698559510587197,15.064678257291408,True,61
IKS.NS,1740.5999755859375,1933.0,-9.953441511332773,244124.52589641433,-1.0966559782025542,-2.295819501210361,6.037159645807955,31.138394602088315,0.13697676236515388,1766.9793894567113,1773.0316273450649,1810.642001953125,1739.1389990234375,1647.3995013427734,45,-12.75737069766878,20.8612747803951,False,61
SAGILITY.NS,45.20000076293945,57.700033807096844,-21.66382273873112,29455962.833333332,-3.460057544733075,5.954057488543163,13.372194712714247,19.755552873862236,0.12758685306594494,45.379141774654535,44.92212307922907,43.3453247833252,42.16023715972901,44.21737468719483,218,-38.044880206547994,22.10292083897576,True,61
EPL.NS,239.3000030517578,274.0299987792969,-12.67379333731652,1500985.091633466,-3.1566179114096093,-3.2114553733197493,4.845775189452928,30.103850693659773,0.12537319968494876,246.1259208049976,246.49730521605596,241.4974008178711,232.5479002380371,221.04179985046386,15,-14.553152961523663,15.8755710396413,False,60
GENUSPOWER.NS,323.1000061035156,363.0,-10.991733855780817,1383184.3412698412,-4.351682125714717,5.398799207170124,-1.763450258620014,31.128252478469555,0.1256685754266437,330.68447760835494,329.2587318908618,320.1889990234375,318.8627990722656,296.40313247680666,213,-43.151380470633185,8.451471298553104,False,60
VIYASH.NS,257.6000061035156,298.0,-13.557044931706164,2192144.6944444445,-3.103253643254633,-3.266985388004151,4.143925509227753,30.562596106974848,0.1250449365363197,261.8102783730809,263.13300531459726,266.0869995117188,255.37419937133788,230.32574951171875,49,-17.684562734309463,28.69067690883742,True,60
IIFL.NS,600.5999755859375,705.0,-14.808514101285464,2332607.765873016,-7.763195413163427,-5.558618750302924,13.728461153507876,25.793268453306915,0.12547802435998204,625.8730200478274,629.3876452906728,604.7870007324219,545.2945010375977,536.8914956665039,14,-15.602836879432624,42.32578005064682,False,60
ELGIEQUIP.NS,617.7000122070312,645.9000244140625,-4.366002653833823,583345.6892430279,-2.0068158751251786,7.323434160027165,1.935120035478466,26.481397434640463,0.12437100228992641,623.6610214902183,618.4731578879716,597.4672448730469,585.7683862304688,535.2667164611817,2,-6.719309920050465,7.818651986915315,False,60
SCHNEIDER.NS,1227.0,1548.0,-20.736434108527135,344436.59760956175,3.0226700251889227,-14.309659956735333,0.8880158906205082,35.21405956189074,0.11792363603114274,1210.5531051740907,1229.5385100568658,1311.4200073242187,1291.901005859375,1047.449753112793,46,-26.68604493449208,16.80324034598497,True,59
ADANIPORTS.NS,1764.5999755859375,1891.0999755859375,-6.689228577712047,2433459.5697211158,3.404627927684589,5.981980515671914,-2.227397614948523,27.347240780990557,0.11807535923814508,1724.8310939855091,1712.697191641667,1739.03599609375,1754.988927001953,1608.996088256836,49,-15.758024633661572,6.91312211995605,False,59
GROWW.NS,200.24000549316406,227.1999969482422,-11.86619358151656,53894084.876777254,3.2164976768886966,1.136420999835619,0.2804551471975003,28.49900734151123,0.12032673448419734,195.34713361046605,195.17808425779776,197.2383999633789,197.6027001953125,181.79850006103516,97,-20.77464682316642,29.81634520272365,True,59
RICOAUTO.NS,134.1699981689453,157.3196224733626,-14.715026606637704,4269431.571428572,2.8437768389933504,2.200949741526914,1.0967424828184802,27.463564272631057,0.12039016086102687,131.11795363513883,131.48248032090476,133.88881454467773,129.51318412780762,124.32331172943115,27,-21.51010699390583,15.620360200528594,True,59
SIEMENS.NS,3957.0,4149.39990234375,-4.636812716823813,404700.9003984064,-0.5028916268544181,-0.7524454477050413,9.33610777247036,23.969465088338126,0.12187840114849907,3974.6414051352676,3967.6643514773555,3828.045283203125,3750.9509790039065,3464.647307128906,13,-7.013062294517125,14.186523940054329,False,59
JINDRILL.NS,633.25,704.4000244140625,-10.10079811868929,1293340.0717131475,-2.56193626536233,6.484071934239788,5.352115593617324,23.159688700082693,0.1191013091843,647.0064793615306,636.856336198532,612.4464465332031,598.6915344238281,555.7640325927734,1,-10.526692482122257,8.315758891013857,False,59
ASAHIINDIA.NS,985.7999877929688,1071.7996569938532,-8.023856757156778,225927.0278884462,2.657703881694795,10.804682249651009,10.637152460488352,15.37301915153828,0.11767060236861501,962.757353875206,950.5273067045911,916.5239147949219,888.4513049316406,909.2070764160156,196,-27.830539250545883,21.80771293556667,False,58
MANAPPURAM.NS,329.0,380.45671483079525,-13.52498532025651,4560110.146825396,-3.1498415727197804,-5.2969607314343525,3.9361782947739288,29.038764814519237,0.11421983110681026,333.5090721088619,339.74546238897585,346.8080181884766,329.1925668334961,306.7464488220215,31,-17.91444976024108,18.478615684784394,False,58
WAKEFIT.NS,155.1300048828125,224.0,-30.7455335344587,2189035.1818181816,2.362257841612858,26.771268612352394,25.05441440262366,-4.228911609708086,0.11415239183535628,151.19655509602802,146.26370586338095,134.82680053710936,131.41790061950684,,146,-50.26785646166121,11.78428647006642,True,58
AGARWALEYE.NS,508.3999938964844,568.0,-10.492958821041487,399442.596,-1.108730200377206,-0.019666883680558023,15.953923991778463,16.793018183653707,0.11388578074221188,511.21841477798705,509.27636378536096,500.62300048828126,480.78550109863284,473.2070008850098,225,-29.401408450704224,27.127593492544875,True,58
CHOLAFIN.NS,1845.9000244140625,1952.5,-5.459665843069783,1654687.1792828685,-0.1838546652403461,-3.7390463123032958,11.673016407314307,21.002883674459195,0.11136863662993277,1845.3619348778623,1849.402280816143,1835.642197265625,1720.6657678222657,1680.7095825195313,25,-9.167733674775924,33.39486389887678,False,58
CRISIL.NS,4697.89990234375,5038.987542214121,-6.768971683555658,56541.36111111111,-2.167848764186797,5.183145375731368,16.523918906668776,14.151715147109467,0.11437705929572015,4714.614960464375,4658.271153303717,4448.775986328125,4256.248298339844,4294.135028076172,247,-27.169793975387435,0.9326919719501836,True,58
TITAGARH.NS,842.1500244140625,971.0,-13.26982240843847,1035450.8888888889,-3.4065437866090176,-1.010869889619448,-5.847167206574233,31.70941386588113,0.10386787027795391,856.5286815393123,850.6633956574998,843.4009985351563,838.9435015869141,795.8929992675781,61,-18.4346035015448,25.72121743499134,False,57
ADANIENSOL.NS,1373.0,1789.0,-23.25321408608161,2400956.726190476,-2.596479584268141,-13.265950726468734,-7.9203257675280465,38.365415387514815,0.1005723032102695,1421.1302044577653,1470.4474150236208,1589.7940014648439,1520.9520031738282,1266.3135006713867,38,-24.650642817216315,19.018650821524076,True,57
TEJASNET.NS,552.6500244140625,644.75,-14.284602650009692,6170183.26984127,-10.013839868959518,2.3047041698806447,-4.944960232668438,30.20379515138285,0.10057586837832785,562.2135185362669,551.9016080875514,535.2009985351563,530.2944995117188,471.57199935913087,60,-24.303995689341797,53.85644174840329,False,57
GVT&D.NS,4548.10009765625,5636.049839022599,-19.303408813627897,841580.9007936508,5.615036201277612,5.915791199690612,-6.4267374652936855,26.497718914721368,0.10415728186366327,4479.774196124296,4412.303894948532,4366.480288085938,4576.3707202148435,3982.093643798828,58,-29.87257122828283,19.53637056399824,False,57
ALGOQUANT.NS,64.61000061035156,71.01000213623047,-9.012816974150628,1197498.953488372,0.17054358194039665,-1.9277424043919744,12.6002080997762,17.49408735816025,0.10409203250512604,64.27200838529501,64.65261933385113,64.81399963378907,60.98999992370605,,171,-32.68554034774179,0.0,False,57
CGPOWER.NS,909.0,980.9000244140625,-7.330005364921033,3359113.976190476,2.020202020202011,2.532289494799911,-3.369832230857317,28.046199287043372,0.10916008146540336,903.3329724311171,896.0429137226836,889.7849975585938,890.8979992675781,782.2645590209961,51,-16.928335681030738,11.675014745486024,False,57
MUKANDLTD.NS,139.47999572753906,151.02053644043738,-7.641702900088632,170419.08764940238,4.895836991104985,2.891707169920066,5.045479681007881,18.01082551577671,0.09785899243707559,137.93766786223108,137.29681422868393,136.62157974243163,135.6803412628174,131.34663181304933,83,-16.363051765408244,17.477718512352467,False,56
JAMNAAUTO.NS,135.4600067138672,152.60000610351562,-11.231978180932433,2650287.760956175,10.99639929339955,9.45378504822405,8.4026950274676,10.651861411504072,0.09771950011826674,127.17429066497107,126.13194265249962,129.7838005065918,126.9423999786377,126.69904979705811,143,-28.427262875327695,15.589167547398075,False,56
BAJFINANCE.NS,1034.5,1176.4000244140625,-12.062225558414074,8152260.119047619,-2.451673738802451,-5.161353713598526,8.462386902947273,21.73081171551963,0.09953602640492082,1052.2946500645455,1062.1843362418133,1067.3500061035156,999.245698852539,973.5219396972657,29,-13.711326545446545,33.17504298936391,False,56
LICHSGFIN.NS,562.9000244140625,586.4255760885916,-4.011685818930766,1689339.155378486,1.6065026018163397,13.031911764417515,3.6746650167249983,15.185982275888076,0.09943825028437868,548.147620856889,535.7296132931586,523.9272747802735,532.8467599487304,523.4874635314941,88,-17.218819914891625,14.263408056222882,False,56
ZYDUSLIFE.NS,1119.0999755859375,1205.0,-7.128632731457474,1064969.3333333333,-0.08035932268415369,-4.1291931145361005,3.838482253938702,23.645614588770346,0.09775915956514114,1135.5326016620018,1138.134906569771,1136.7845092773437,1087.0826428222656,996.9773498535156,23,-9.327802855938794,10.509905336821323,False,56
TORNTPHARM.NS,4965.5,5250.0,-5.419047619047623,383345.3015873016,2.233889232036246,1.03774544714621,11.167075981749486,13.334123862907909,0.09114710352320875,4944.755795670153,4944.698215323621,4947.8980078125,4690.065981445313,4359.918780517578,29,-8.304761904761904,14.502088513931755,True,55
UNOMINDA.NS,1201.5999755859375,1378.852549646065,-12.855078239194329,853618.3968253968,-3.8489219384887474,-3.0967761624243972,10.28912121027421,18.77836535093893,0.09593835077124081,1236.7940902335756,1241.5375604680871,1212.71400390625,1159.0743835449218,1167.7150686645507,234,-28.02263856275512,6.559047544528274,True,55
LTF.NS,309.1000061035156,338.6000061035156,-8.712344792746807,6475065.924603174,-1.5605076103453408,-1.9819248070502282,5.046731046224506,21.039702609551703,0.09377464635243453,312.184799641524,313.38816907857733,314.53699768066406,299.3242791748047,292.2757228851318,48,-12.241586373261704,20.306733631994554,True,55
APLLTD.NS,810.9500122070312,983.3745824758901,-17.533966541491964,127118.08764940238,0.908354080906193,-3.647598326680246,11.556897640333963,17.021327191828295,0.09636915911586078,816.1259224692512,817.6304209849999,817.1787524414062,783.432466430664,775.5636563110352,214,-36.29258259721105,1.4306022624350545,False,55
ALPEXSOLAR.NS,898.9000244140625,1370.0,-34.38685953182026,64920.48192771084,2.409572704535745,14.008499016679487,-9.21118608430459,23.696162008316122,0.09757766051824544,891.1590781058428,871.1279777570089,839.4860009765625,911.8725006103516,879.0984982299805,248,-51.82481751824817,0.0,False,55
CLEAN.NS,842.0499877929688,1203.3363646220066,-30.02372299639806,365658.2908366534,-0.8127715784024048,5.108391683512825,6.874375375278374,15.27693953514877,0.09113489605505345,835.7311287974026,825.7463177317613,788.9816772460938,787.7504034423828,793.2835162353516,246,-46.07140560864201,3.327001712066413,False,55
TECHM.NS,1541.0,1807.040094106148,-14.722423424575126,2243528.257936508,-3.5005337566184513,-5.979255643685177,9.278831175565273,18.62591384179424,0.08688110384988397,1563.3249169698381,1579.1540668542084,1577.2560083007813,1493.1694189453126,1489.5252941894532,153,-29.660192536623796,9.275524971533788,False,54
BAJAJHLDNG.NS,11134.0,13642.165482850582,-18.38539113166139,61302.944444444445,-0.2508511019530535,-3.182608695652178,7.725056396083563,18.581422373907053,0.0908847901906215,11136.64891970955,11186.643349951186,11057.86,10681.49490234375,10586.852172851562,247,-37.82075516582525,4.305673052686854,False,54
GLENMARK.NS,2419.199951171875,2535.0776323504288,-4.570971701214388,649166.5833333334,-0.7385524520195808,4.379616557996746,12.282984527474138,11.558811751260833,0.09110488125143966,2434.0847766072557,2407.3982430071105,2314.9281884765624,2289.6815234375,2174.754482421875,10,-5.9555389060885755,13.749431595487426,False,54
INDUSINDBK.NS,978.2000122070312,1077.8499755859375,-9.245253572950618,3290056.4682539683,-3.0044608619701263,-4.537907795512741,5.808253092186266,20.30751219471183,0.08657453160241052,996.2605319701076,1001.0970944209869,1011.8690002441406,963.6679931640625,917.9783273315429,37,-10.62763746231914,14.880614248966051,False,54
MOBIKWIK.NS,209.6999969482422,324.75,-35.42725267182688,2258764.5,9.150532103819486,2.9657238424456223,5.935842475952269,13.082395485031007,0.08521908915669156,196.38755833543343,196.48258366441956,202.7738003540039,202.0400003051758,205.7530004119873,248,-53.3610448918038,2.367023598000273,False,54
MOSCHIP.NS,210.2899932861328,288.45001220703125,-27.09655594148497,3031405.3928571427,-0.9094373402454003,-0.09502218718776545,-2.9087230058074898,25.22479750959978,0.09107353930635574,211.42584919394736,211.77295145862317,217.95059997558593,214.16169998168945,202.3609999847412,233,-49.10729872100196,11.61455212558382,True,54
TATACAP.NS,362.8999938964844,390.20001220703125,-6.996416570090236,3504762.0735930735,-3.2395665356457215,-0.23367865388745912,7.197291218039603,16.117565609339792,0.08235521224805734,366.5716204943391,366.5764810588819,361.73902709960936,344.0599969482422,339.14517807006837,26,-8.995388263825156,19.290208687952813,True,53
TVSSCS.NS,130.49000549316406,146.5,-10.928323895451154,1159374.176,0.7411462386430756,1.1315250156395784,-3.053492142630898,21.465144859426477,0.07970429927973546,128.25424607378383,128.5389357588539,132.0137989807129,127.58209968566895,117.47675003051758,44,-17.8156986171475,25.008828135903684,False,53
CDSL.NS,1360.0,1658.570789743815,-18.001691069811542,1765385.0717131475,-2.4390243902439046,1.5683345780433067,8.430563094160926,13.347008214492018,0.07937736690629356,1377.2559856019761,1375.2673629555911,1364.1442016601563,1305.697518310547,1328.8657696533203,203,-33.30345469125907,5.235797997522096,False,53
INDHOTEL.NS,718.5,789.0359805542071,-8.939513823522171,2555039.523809524,-0.2083333333333326,-0.4502944232767536,3.931433652764116,18.340564645518253,0.08404763736047852,720.8411260726259,722.9729441522862,729.6580017089843,700.324937133789,686.4234103393554,249,-28.711121840483177,2.183596155788403,False,53
CMPDI.NS,215.22999572753906,281.3180883112053,-23.4923011813435,4213483.547008547,-11.762054221374175,-10.663291813322662,-16.040113423390935,40.88322483085398,0.08232392120522364,228.7483183203484,232.54101962793283,243.8646762084961,237.24369567871094,,50,-24.228120224426075,26.52168575042637,False,53
M&MFIN.NS,356.1499938964844,415.0,-14.180724362292917,3370554.257936508,-4.683527441686019,-10.153885121025219,22.26387669688816,10.285569348377743,0.08294260980043901,367.983727859869,372.60313400980294,369.2076434326172,335.02403350830076,338.78115112304687,24,-15.289159567959343,41.539788666399936,True,53
GARUDA.NS,181.89999389648438,249.3000030517578,-27.03570330132742,1462941.9484126985,1.7736240388981805,-0.9313254769254597,6.467654315606941,14.719977735409362,0.07819384697350552,180.11423059869284,179.85075328384397,178.7355987548828,176.8513996887207,178.39074989318848,213,-47.85399181362611,13.981375006054652,False,52
KOTAKBANK.NS,419.0,452.4189269358333,-7.3867216745715725,16195785.107142856,-1.2956419316843326,6.778798806641362,2.9112095915599934,14.412807162000242,0.07864681310427933,417.75206433010135,412.9905462947952,396.6285736083984,392.2334963989258,399.9959619140625,225,-23.76434350547929,12.244590335499472,False,52
RAMCOIND.NS,322.25,396.66439743304363,-18.760039447604992,382373.33067729085,-0.5401234567901203,-9.948303897252853,10.047856463957583,17.016692088002582,0.07777360649258726,325.4878446865833,331.41156394689443,342.2087066650391,316.8436767578125,305.96655471801756,243,-42.055017392601556,7.977836238007052,True,52
GSPCROP.NS,471.25,666.5340937074551,-29.298440327520016,401436.9,-23.738219538466176,-20.18741634029756,3.3372164736517496,32.56169812397871,0.07614538969780879,544.4337894910037,566.9745973258235,548.5078381347656,488.24035186767577,,13,-30.243626455648354,61.752273506282386,False,52
SAIL.NS,179.0,209.6999969482422,-14.639960608020186,21619185.825396825,-9.044716857588897,6.118098039080877,-1.0995112618189418,19.420909152636856,0.07757658204566346,186.7910842825785,185.1805150358689,174.95199951171875,180.968299407959,165.9027997970581,86,-24.649500807653467,32.81740118867689,False,52
AUBANK.NS,1058.9000244140625,1144.0999755859375,-7.4468973857149905,2343580.111553785,-1.222012647941928,-2.9778265780641022,2.5472524292366128,17.482635963883464,0.07039463533917358,1069.942606499219,1073.5656136812938,1060.3166845703124,1033.9630847167969,1000.5329541015625,12,-9.693210976362998,8.933600808363384,False,51
OIL.NS,489.79998779296875,529.9163379046904,-7.570317660018421,4082392.8293650793,0.3071882116523872,2.292963671128101,16.95498981711616,4.3038203374619055,0.0729733663551047,490.3524149691694,482.9338019398112,460.3666107177734,460.7652716064453,454.3492445373535,86,-23.898304844901787,9.988311952904683,False,51
JBMA.NS,620.2999877929688,788.908731607289,-21.372401782244697,1808111.5912698412,-0.7100364294596373,-1.8552675925219475,-9.280268051365448,25.664179348084136,0.07039534162373669,619.9907875197624,627.8403414479902,649.3266809082031,655.598076171875,617.1443032836914,243,-39.62025152178654,17.951589109200007,True,51
ABSLAMC.NS,1109.9000244140625,1194.9557175378152,-7.117894987691131,380940.64940239047,6.190210128659679,6.8650154538950625,-0.731789493727053,13.754228812959756,0.07274178780710767,1061.4473712839124,1047.1307023207066,1047.0804382324218,1048.6763500976563,942.6772805786132,58,-18.549284002051902,10.794072861313108,False,51
BAJEL.NS,179.88999938964844,225.91705733944445,-20.37343195411736,693788.3452380953,-2.137965280155074,-7.344833868209644,-9.53467560765916,28.969317188308153,0.07044560891368078,183.79262546783963,185.30056559102403,184.52592926025392,186.68112747192382,175.250122756958,245,-40.40319105894648,16.14088174259649,False,51
DLF.NS,644.5,784.9450504063134,-17.892341678390654,3642094.749003984,-5.450014389128233,-2.606724593879861,6.2074420427256305,16.930962649819527,0.07568271315056704,665.6878523779205,667.6485530462888,661.9272668457031,625.893804321289,624.1423655700684,246,-38.4247616790949,3.9796424136320008,False,51
SANDHAR.NS,618.5999755859375,758.3330403781767,-18.426345332725457,318752.2988047809,-0.8409372968356088,-0.6272699266740567,-11.954438993447013,26.770542841120083,0.06912337723395558,628.626761833047,633.3513434645431,633.1270129394532,626.6568347167969,571.3899369812011,64,-24.6593308778153,40.47548293754395,True,50
GAIL.NS,173.6199951171875,181.85195677766524,-4.526738016100785,10390640.146825397,0.12687498757033566,-1.0095781382333358,-1.1163900090216061,17.82659576307808,0.06606493173635115,174.19196620033122,173.95592375141962,173.4298257446289,170.22192794799804,164.52138771057128,29,-6.777063558275332,3.3807862451483484,False,50
WEBELSOLAR.NS,75.83999633789062,137.89999389648438,-45.00362603727128,5128839.456349206,1.7576782236009336,-12.927672024674042,-28.54047083710053,43.77250490595379,0.06537094128676645,76.55555780543129,79.32968750327592,89.68820007324219,98.8042000579834,88.79789999008179,209,-63.4517739255942,4.9251581976615055,False,50
USHAMART.NS,494.5,529.2999877929688,-6.5747191754292,742457.5219123506,-4.101623855849801,-0.9315824808862394,0.6596766322200853,18.2987234453877,0.06920913486058876,499.28329805595007,498.9517762646964,499.4565985107422,487.81063354492187,455.3227293395996,4,-7.982240879349067,1.5512120714751942,False,50
SENCO.NS,346.3999938964844,428.75506028088586,-19.207952048530707,1408078.956175299,-0.759201830442735,0.5079750974612107,-0.7978933294855661,16.55957666211485,0.0641013750244824,353.27094235249416,356.396791782968,365.8349340820312,350.52630096435547,333.26970123291017,33,-23.47674732218029,23.107509848070706,True,50
REFEX.NS,273.54998779296875,413.67773156512,-33.87364923946667,1386065.454183267,-3.185277079747928,-6.765510060139601,-14.255781743666507,31.757421738545986,0.06754604452315731,277.56092690913175,283.86944868676005,303.09250793457034,301.66909896850586,273.42071350097655,241,-54.69879857339869,13.281482482258822,True,50
PREMIERENE.NS,974.2000122070312,1134.0,-14.091709681919639,1646650.8253968253,-2.774449879537799,-5.947097288785253,-7.68502159278327,24.693734108403053,0.06105122719815412,990.5491738158146,1003.745675060675,1032.27,1033.9157788085938,935.2464038085938,45,-16.216933369846785,13.814178785507302,False,49
OBEROIRLTY.NS,1741.0999755859375,1983.9545449282684,-12.240934146558867,533054.7888446215,-7.17103869432405,-5.682558202278576,2.239718676625202,18.692714154600452,0.06295385754939621,1823.0988566351095,1839.027890368022,1853.6318334960938,1767.3987976074218,1672.7911260986327,49,-13.566565664934371,19.64376547288613,True,49
TNPL.NS,153.27000427246094,175.75,-12.790893728329477,190417.676,-0.7061391121927274,-0.7961137395074869,5.878702741469866,10.792256997104644,0.058506769621620464,151.79771476102164,149.39112481183403,147.58180114746094,147.9633009338379,143.2007006072998,236,-30.862018699157623,-1.9696455471601482,False,49
ZENTEC.NS,1722.5999755859375,2042.629425992547,-15.667523748273727,598070.7888446215,-4.84450482664236,-5.525259094327728,-3.6664930440594157,21.493215201887473,0.05907835866007383,1786.6666750296235,1802.1188088776369,1792.8843872070313,1748.7615075683593,1566.3116247558594,16,-16.426349593175495,4.873010637174691,False,49
BFUTILITIE.NS,548.9000244140625,898.7000122070312,-38.92288672990317,116094.05179282869,0.9007397819967844,-2.0171345138765617,-10.56618746817719,24.283942488339715,0.06230367830307097,531.2076750906087,532.9913515341051,558.9480004882812,573.613501586914,557.7865000915527,242,-58.97407286091204,6.892260299221764,False,49
HEXT.NS,497.04998779296875,792.7687780924847,-37.30202279295833,909353.6693227092,-5.968594258445914,-13.488817621892647,-0.5402725776951001,23.117271123510697,0.05790203725872628,521.2913990051942,534.1104668200871,552.4429986572266,525.2329913330078,560.1150730895996,193,-50.454965468223456,14.680879274174096,True,49
PNB.NS,116.75,131.33111679644097,-11.10256057522242,18399172.448412698,-0.21367521367521292,-0.714343365975556,8.131887265009418,7.560333685620146,0.052994634591882514,116.23802686112627,115.82250625155615,112.74380035400391,108.68517723083497,112.40960174560547,163,-27.118014735403897,4.641658773933077,False,48
PIDILITIND.NS,1566.9000244140625,1707.5,-8.234259185120795,781863.4365079365,-3.8416677254334175,-7.617472615506726,0.4444156825454293,17.774825159682695,0.05335593472992021,1600.2802790368744,1618.9349514210169,1621.6033227539062,1551.3790698242187,1487.2776885986327,20,-9.786235759059291,7.930287696985205,True,48
INDIGRID.NS,173.85000610351562,177.25,-1.9181911968882193,894168.3775100402,-0.7818714231498491,-0.12818133710236213,4.02876281615121,10.243551268845952,0.052022259426482864,174.67195262550504,174.79059157100266,174.69370727539064,170.9362417602539,163.97933876037598,17,-2.00282259619623,4.726231080913301,False,48
MONTECARLO.NS,555.4500122070312,860.9500122070312,-35.48405780457053,50681.188,-3.3159247681407766,10.055478258871542,2.4815520677179403,6.827579414665874,0.051550005611419626,554.5770642071935,547.8861938091167,536.2019989013672,546.9380001831055,574.0009991455078,202,-46.10604641138879,29.464217599970933,False,48
PRESTIGE.NS,1498.0,1802.9302554788078,-16.913036683042783,741789.126984127,-5.6080655324511675,-7.4680352455872345,-1.39465997449294,19.322659364472216,0.05256252151078441,1558.0873837496927,1577.449661478291,1620.2064916992188,1529.3667797851563,1494.4986376953125,216,-39.61887418585771,14.22797198750898,False,48
FUSION.NS,189.72000122070312,243.0,-21.925925423578963,563062.56,-5.011763240855938,-6.899596448531431,6.854406060132612,13.198087298114668,0.0545446112349377,196.0417387706727,198.6749476586139,209.86940032958984,197.85370071411134,183.5691502380371,43,-24.10699663829411,29.344389727490714,False,48
INDIGO.NS,4973.0,5970.0,-16.7001675041876,1388053.276,-0.14056224899597902,-6.7504219013688305,1.8973874991633277,14.30344029124264,0.04926451761072691,5026.075888968209,5092.016332574926,5205.08,4918.242998046875,4860.891004638672,200,-34.753769662112646,2.101653183257124,False,47
CONCOR.NS,499.25,561.4378970396333,-11.076540676633961,1769513.003968254,-1.7224409448818867,-6.446176865040543,8.077305741379615,10.449095352251847,0.051413503958183254,506.3162976401464,508.2950210917567,502.86708557128907,493.7582662963867,492.76547225952146,248,-25.162590356721427,2.5727349026169355,True,47
ICICIBANK.NS,1379.300048828125,1467.6271961496604,-6.018364033677138,13753449.444444444,-3.084591332904585,-1.9547909472215075,4.244037801292833,10.848592327555107,0.049132309486751326,1405.4149982531198,1413.6731720036985,1419.662236328125,1352.2184753417969,1346.7305603027344,39,-6.815574202096119,13.03606447024701,False,47
AWFIS.NS,293.20001220703125,639.4000244140625,-54.14451032032479,449614.6746031746,12.42332282614318,7.794122134937953,-3.5684841379850285,8.552390070906757,0.05151567496569104,263.1349957587826,264.3294856446881,275.4010000610352,300.73109970092776,342.73539947509767,211,-64.17735465968177,9.772467785876904,False,47
POWERINDIA.NS,31435.0,38775.74235339215,-18.931274832833655,146222.69322709163,-1.765625000000004,-12.171769360090767,-9.374535462510414,26.376632157668634,0.05127375852296176,32007.13209925765,32575.386318485365,32794.4058984375,33690.7236328125,27874.098422851563,73,-21.619185640637994,43.65251762571349,False,47
BAJAJFINSV.NS,1913.5,2193.128599829014,-12.750214458505315,1124916.2341269841,-2.8680203045685304,-5.506172839506174,7.152282108805341,10.191762614286382,0.048343530799980675,1953.4822195538002,1969.9515236647796,1960.9399975585939,1861.7325415039063,1899.657587890625,223,-27.24373511558571,6.811271971305954,True,46
NH.NS,1869.199951171875,2092.89990234375,-10.688516489554178,409603.47410358564,-0.6906811357585085,2.069562678601078,0.05035681991880647,9.841270342263208,0.04296459605025291,1888.988924820394,1889.4722431401626,1932.3160546875,1904.2777661132814,1855.4657348632813,31,-14.902762525549672,4.77579703942006,True,46
SPIC.NS,69.0,110.57554633791092,-37.59922307854491,628666.304,-2.994513335673743,2.6785760915200463,-0.014493748617372404,9.350240362206419,0.03972011905033991,69.65508640093283,69.20824212538169,67.91239990234375,68.7470002746582,70.74645002365112,249,-50.16981575136019,0.0,False,46
MARSONS.NS,127.23999786376953,175.39999389648438,-27.457239286528925,2077754.8031496063,-7.502180777829981,24.039769538441714,11.029668026132477,-8.156486191698376,0.04104041761065738,127.82684117665886,124.01936934853052,115.42279998779297,125.67460014343261,,91,-42.844923894829535,23.256823142872342,False,46
SBFC.NS,98.19000244140625,123.0,-20.170729722433943,1984338.3545816734,-1.7117107691231426,4.446335719808325,5.78539405757128,6.116939086543871,0.04900489918938283,98.39088787020921,97.26028599201491,94.21759963989258,93.35969963073731,95.18944965362549,215,-35.28455408608041,11.49793127687122,True,46
JAGRAN.NS,62.09000015258789,68.81048404363386,-9.766656904759463,257785.348,1.404541265361825,-2.2974022061376,-2.6802493807544403,13.258203250495448,0.0418018017128051,61.83008036315461,61.92353498931392,62.63039985656738,62.24743518829346,60.19911321640015,71,-11.641372558131891,19.35881524540688,False,46
INOXGREEN.NS,178.2100067138672,279.0,-36.12544562226982,1963608.4422310756,4.210287374018629,-4.827766774970799,-8.717917013851084,17.630367467899145,0.038922472654120355,174.4737241805162,175.35133076238972,182.74859924316405,184.08389892578126,180.5181990814209,215,-52.48028608205926,58.2006370274041,False,45
TANLA.NS,502.79998779296875,750.0847124549373,-32.96757293621347,871798.0396825396,-3.521066058036737,-13.94095202516581,-5.0873076370044785,21.464395079924348,0.039192687300315596,518.7374641261008,535.1211331565245,565.6829998779297,545.9190423583984,512.7504853820801,245,-51.760906690846255,7.03685514820982,True,45
TRITURBINE.NS,569.6500244140625,784.8771245029434,-27.42175728782802,1234547.7410358565,-0.35857753178188956,-2.5775471324499755,-13.801364988939724,21.545026303739824,0.03926233845145829,571.6971684952955,578.542332549921,599.9744482421875,622.2701635742187,560.1973667907715,74,-29.60681579936554,63.30801511552706,False,45
AVANTEL.NS,156.4600067138672,214.72640412746412,-27.135180533740655,2447927.73015873,0.9679916978641678,-2.31018785192344,-7.6496231821195355,16.397486055874122,0.03898869067115518,157.744061462074,158.7069570222586,164.38820068359374,165.0567428588867,156.096632270813,231,-45.558137802783016,21.6400154715344,True,45
SAKSOFT.NS,146.49000549316406,223.5125912995052,-34.460065698550046,1787780.400793651,-5.233533602058326,-12.979678816714147,2.2990617298894955,15.128516861122442,0.036218361398671635,151.680477080855,155.7583090664505,165.44251953125,156.1770343017578,159.6302784729004,245,-52.02222012649587,4.258324292793403,True,45
SHREMINVIT.NS,100.5,104.9000015258789,-4.194472318280584,66767.06827309237,-0.4950495049504955,0.49999999999998934,1.430176440300035,8.188629954453596,0.03754999963376398,100.64693531887826,100.71839628274499,100.1735824584961,99.08692634582519,95.41177207946777,23,-4.7664441632696235,5.8709021229615965,False,45
LT.NS,3930.699951171875,4397.052414797838,-10.606024664534363,2206956.226190476,-0.8425656684129312,-3.4392119704056534,-6.107872089064448,15.414150219105661,0.03561199500000506,3969.541468038846,3990.5286566015666,3965.4880029296874,3992.39669921875,3959.542165527344,138,-25.943690034227284,5.459685306901552,False,44
NESCO.NS,1102.199951171875,1628.413458753058,-32.31449020226877,58637.32128514056,5.493864822090244,5.584818985949935,0.39803523129398055,3.9252244799866887,0.033558506407818815,1073.6635980995982,1061.7434613671624,1062.523748779297,1116.531880493164,1135.2751364135743,248,-39.22753401943645,0.0,False,44
ONESOURCE.NS,1592.199951171875,1925.0,-17.288314224837663,313660.6865079365,3.537514671377817,1.330102570755809,-0.48128465058355774,6.773068891306511,0.031846141426364806,1553.0532696464045,1553.2652455166794,1592.3039965820312,1664.072999267578,1584.1214971923828,216,-45.09090909090909,1.420472526498795,False,44
UNITDSPR.NS,1395.0,1563.4000244140625,-10.7713970694849,932263.4523809524,-5.211656840159629,-7.920792079207917,8.21731075081309,6.94939336159528,0.03139626470024492,1442.6007381762574,1467.8907774605211,1472.6858520507812,1384.1869177246094,1366.9922674560546,15,-11.455799717865634,13.219914621978734,False,44
DAMCAPITAL.NS,142.42999267578125,284.0820688881976,-49.86308244191381,675669.7976190476,-1.7046247927847924,-3.1530608962886175,-6.02203328773856,14.156176638621588,0.030547860105908646,144.19658045892254,145.45696898872123,150.4391049194336,151.08287841796874,162.31292110443115,213,-58.31468340893089,17.5299073682339,True,44
GKENERGY.NS,127.8499984741211,238.62838915412897,-46.42297216717858,1134801.0041666667,-0.8607383544953939,-0.015143114062676766,-13.397720187931627,18.784640237717355,0.034054375804453786,129.14588146162043,129.7117984419054,132.96816284179687,133.33289642333983,129.56464847564698,222,-63.606012832461765,39.04255322063956,True,44
UNIONBANK.NS,178.10000610351562,199.59697275189,-10.770186717759634,14725090.345238095,-4.871271796669019,-4.504018175058643,7.50372354432236,5.451085380874177,0.030436204009677482,183.2345977311883,183.4495405992485,177.6229998779297,170.40269989013672,169.26407737731932,135,-23.981703326548644,31.703346076638827,False,43
ABREL.NS,1281.5999755859375,1961.880003431885,-34.67490502252658,228040.00396825396,-6.697728715433005,-8.049940401173238,-2.421971441312376,13.212884110765643,0.02278801260134597,1348.1633521800227,1366.1666773804554,1396.7373022460938,1361.9179223632811,1392.4601354980468,246,-45.04147379455392,6.477598564040421,False,43
LICI.NS,404.1000061035156,457.74492274879265,-11.719390861428947,4644116.297619048,-2.7085590067852827,-1.9531694558245216,0.6259356110384084,7.046090966730589,0.023447272781603256,410.0900607978936,412.2133203200797,418.6189990234375,410.65697265625,408.53984664916993,213,-22.994827548864862,5.364275661261786,True,43
HBLENGINE.NS,722.2000122070312,1117.5594259540492,-35.37703719061772,1892260.761904762,3.9458490049726125,4.350799616903522,-9.560032750167158,9.825849474349946,0.02327074788567797,704.7384601573258,698.915983659052,711.817275390625,754.887417602539,761.8982751464844,212,-45.224420422767196,28.921757250940704,False,43
HINDZINC.NS,576.4500122070312,719.8477125036038,-19.920560669400565,7860011.698412699,-4.08485653793157,-0.3285144737805834,2.1531144208566166,6.347001149772535,0.027105462376167257,592.5512165006874,589.5777501448872,565.251005859375,580.0557708740234,577.9991348266601,158,-33.96998491730814,49.87633981215025,False,43
EICHERMOT.NS,7530.0,8165.0,-7.777097366809549,520375.40239043825,-2.080624187256175,-6.448005963473724,-0.20522025505086416,9.079681916001636,0.02072643078465033,7749.334014180016,7820.248474047764,7749.515615234375,7460.246044921875,7330.777468261719,18,-8.052663808940597,6.476846336441877,False,42
BSE.NS,3384.0,4435.115403617064,-23.699843362809126,4318842.741035856,2.356247543713952,-4.054437198752481,-17.767448262278197,19.024594993825026,0.017043408334674517,3332.6033964650387,3358.2379097237285,3505.8135302734377,3724.82169921875,3285.719093017578,76,-29.393043584703538,52.83113289432863,False,42
DREDGECORP.NS,1039.699951171875,1286.0,-19.152414372326987,452235.4780876494,-3.256722954331137,0.27969735794550754,-5.456033705926977,9.719288514015467,0.01981172469984082,1063.672908111482,1078.5582921165362,1074.9460009765626,1066.44150390625,1013.6775006103516,70,-25.23328149300156,35.47188463603379,True,42
ASTERDM.NS,763.0499877929688,891.2999877929688,-14.389094778018773,1184068.6932270916,-3.043203584120868,-7.838640432054744,-3.0062316063417915,12.037471015624002,0.020410704795240278,772.8401146783342,779.6611964776729,800.3570031738282,777.356000366211,700.9375656127929,23,-16.526420936873564,10.22626299208187,True,42
FSL.NS,247.60000610351562,371.5899202053472,-33.36740513125667,2586838.8492063493,-6.354004606954011,-9.037474283728253,1.893006626961169,9.941831500451602,0.021017392708279403,258.6419173691599,264.26994826771846,270.69539947509764,258.1202005004883,267.20584114074705,246,-45.63899906424501,2.518128715566248,True,42
HEIDELBERG.NS,149.8000030517578,207.42435265801188,-27.780898851959513,108057.23809523809,-2.1613065445823976,-0.8677673849844969,3.0229626156494493,3.745933295585613,0.02015577971473941,151.91644406579528,151.8683765835393,151.23496520996093,149.90147857666017,153.70670394897462,244,-37.27820989390898,1.3080390357537386,False,42
MRPL.NS,175.86000061035156,212.0,-17.047169523419072,12037277.063492063,0.589143035239581,0.8487187097704574,6.246976843276331,-1.2798915387384757,0.015907944829655588,176.33302676309845,174.6274544316347,169.68640045166015,162.7681007385254,165.77606071472167,124,-32.49056834094929,35.25520435847738,False,41
JAYBARMARU.NS,116.58000183105469,205.8889662970584,-43.377246518955246,644157.476,-4.293568534900672,-10.390600626312152,-26.339181640625377,28.886177397021797,0.011452394878686082,120.36239025181264,125.45004000953853,147.75809844970703,135.6141121673584,113.50814167022705,42,-44.538066077493475,131.44316513559903,True,41
GESHIP.NS,1412.199951171875,1766.7331887612222,-20.067163499539774,751428.1428571428,3.102869352053217,8.731128586426218,0.6198228863756094,-1.5554232607027818,0.016202902141221352,1373.342794323127,1356.9272673557723,1355.512041015625,1422.1976135253906,1324.9144219970703,83,-28.625329052420557,19.07703602715005,False,41
KFINTECH.NS,900.0,1198.7685004367224,-24.922952207025652,1047841.9563492064,-3.111209350251898,-3.1216361679224924,5.852762752369967,2.2000073605962234,0.01700383601339791,921.2221100337779,930.4228407607982,922.8773156738281,889.4221771240234,938.3200308227539,220,-35.395062913969596,6.134261717262879,True,41
NHPC.NS,76.37999725341797,87.39772087555167,-12.606419837677663,16545503.686507937,0.17048820120388886,-1.445164834299395,2.4602150018207203,2.1459228781512962,0.013244495050672444,76.29245323038855,76.48641281031541,77.66521850585937,77.99972724914551,77.33723197937012,245,-18.27641945541488,6.733118572949048,False,41
NIBE.NS,1282.4000244140625,1848.0,-30.606059284953325,105587.30952380953,-4.055061511437996,-14.163318312311745,-20.79060998060145,26.769479573313816,0.012324390215389424,1328.9794811174086,1363.6062306206247,1443.4239965820314,1416.0559979248046,1234.9017504882813,59,-31.466450216450216,64.72647386902128,True,41
KIOCL.NS,355.8999938964844,634.5499877929688,-43.91300910203437,550526.246031746,-6.856846843371511,-7.5224143816810525,-13.29029520969579,18.23920063006126,0.011184241284424058,373.58312667661835,377.67909476651005,378.15399780273435,388.039499206543,370.81574935913085,235,-54.195886929665626,37.69196849364613,True,40
J&KBANK.NS,145.27000427246094,201.75,-27.99504125280746,4290546.908366534,-3.062856211928755,-7.753360291044842,-9.155149180399514,13.928320789498416,0.009678258822776693,147.37001486616728,149.76996407066508,160.53780059814454,152.7915003967285,131.19215023040772,44,-29.21932934237531,47.39862157209895,True,40
TMCV.NS,434.54998779296875,503.3184101990195,-13.663005567163488,11217466.786729857,-5.161506718462627,-8.47725379840375,6.847793152206849,3.2433486313199644,0.01140075966663028,451.39556199656874,455.26093157023195,443.65099853515625,419.5332922363281,422.9175378417969,135,-29.852655536585495,18.129746373319122,False,40
MPHASIS.NS,2295.0,2957.899861042516,-22.411166441884756,558496.9561752988,-7.122622420072844,-9.560217856246044,2.0274553048129196,7.840382852448524,0.011200839191667925,2371.940396649406,2399.170328706498,2391.8059228515626,2290.5615698242186,2393.421605834961,245,-33.721848300618596,2.567090946171291,True,40
GMDCLTD.NS,575.3499755859375,771.9000244140625,-25.46314841450137,4493926.630952381,2.202675745630156,-3.017281822850826,-7.104222448442609,8.813234153368787,0.010108381368075826,570.4145361498385,570.7201888987794,575.1169982910156,612.6864978027344,592.2202474975586,105,-28.993398335232367,29.0317030145234,False,40
TEGA.NS,1729.0999755859375,2122.531345022849,-18.535950970028026,176360.572,11.483184675046232,6.327069987984446,-2.8393625507845965,-1.4173701934677485,0.009949756224790341,1652.4633136045015,1644.2162474086808,1626.532490234375,1659.675830078125,1727.688673095703,245,-30.682352163923078,3.494130727385336,False,40
M&M.NS,3107.0,3799.9943064302024,-18.23671959869899,2536817.277777778,-1.987381703470037,-9.36934705521123,0.055073928395410476,7.114332047500649,0.007896474161296333,3183.179465722493,3241.648727765345,3277.8619921875,3177.503098144531,3291.3284375,173,-24.581367931307206,2.712592571001249,False,39
PLATIND.NS,221.0500030517578,342.3999938964844,-35.44100263080423,161170.6349206349,-4.530530594518789,1.492194653104617,-5.124684389844603,5.649289091230902,0.00567696190708025,226.11959166691136,225.279537424228,226.11140045166016,227.63720001220702,228.65924987792968,247,-46.40770932505437,13.872525547916137,False,39
TATAINVEST.NS,650.9000244140625,1178.621408861613,-44.774461118711315,2352508.865079365,2.71421995829344,-3.4845787587889587,-3.2766160031192815,5.236760226058279,0.006862255335590796,637.3246118557453,642.3272987762664,657.692001953125,668.6758557128907,664.2730859375,236,-54.51590965272606,45.79112442031443,False,39
APOLLOTYRE.NS,417.6499938964844,533.7088183031568,-21.74571984320274,1039606.9126984127,-2.7703397124108076,-5.732986027832476,0.8616782953217772,4.930924745534626,0.008072422100028079,425.2278574121298,429.97777003408385,434.2975555419922,419.11625396728516,444.9950192260742,208,-31.943642580825728,6.673526028519738,True,39
RITES.NS,209.14999389648438,272.0997840702363,-23.13481812889013,1788020.673306773,-2.1657801989195646,-6.441515973470802,0.9730035224903677,5.388211341482352,0.009423043787539345,213.29241443983383,215.53127614317702,218.87867370605468,214.57190322875977,215.61734184265137,246,-36.06975172561403,4.415661676959726,True,39
ASIANPAINT.NS,2472.5,2960.0187763517797,-16.470124454840317,1175087.396825397,-2.1683238147181982,-10.270368354200688,-9.248159331878004,13.526555155948007,0.0036526821050384445,2523.6542215312697,2571.1467167987694,2661.01599609375,2635.507644042969,2575.5709997558592,194,-29.16233802048599,25.884696438067877,True,38
MAHLIFE.NS,353.04998779296875,423.03422522089073,-16.543398442851554,197920.03174603175,-2.580023802700826,-8.000003180985338,3.967749058369452,2.842714610391739,0.004694075452003808,362.91483792580203,367.37791809962613,375.4109979248047,356.6845346069336,359.908447265625,197,-32.84159313359011,16.782055304985178,True,38
ASHIANA.NS,346.75,435.8999938964844,-20.451937404168753,132883.88844621513,-5.401715578327071,-8.941698761681904,-4.765175999086068,10.394776587722877,0.0039984652519424214,355.6681761445229,361.6109048051573,373.4029968261719,369.6984991455078,336.74059158325196,37,-22.000457728673027,4.812407315447542,True,38
BAJAJHFL.NS,84.11000061035156,117.0,-28.11111058944311,6942471.305555556,1.2397674008137516,-0.3081689318079395,-2.083819422270994,2.3858783299659736,0.003915484590248788,83.81367002226541,84.12578758713418,85.44779968261719,85.65279983520507,87.71179969787597,248,-37.9059816018129,3.5369767031570687,False,38
HINDCOPPER.NS,514.5,758.8333740234375,-32.19855404196955,16582652.527777778,-1.3706554355276235,-5.500966394623297,0.5373717635564157,3.6671393622164317,0.003908084514760757,526.001326124829,528.8674358648692,516.7139990234375,525.8434997558594,518.8581378173828,156,-41.265101474929956,124.46840816921964,False,38
KAYNES.NS,3505.0,7705.0,-54.51005840363401,1543100.8685258965,0.5738880918221057,-8.437826541274818,13.7211605380805,-5.277951686376781,0.0037499098780068457,3612.745920733626,3659.7875299017373,3584.6900146484377,3526.9120043945313,3736.0245056152344,233,-61.129136924075276,6.635769959974724,True,38
ULTRACEMCO.NS,11000.0,12847.756783521221,-14.381940868394938,277160.59920634923,-3.576437587657788,-6.031095164872713,-1.46143952729485,5.732178439571767,0.002905767258999305,11173.247213049832,11338.148301974528,11572.14435546875,11409.6851171875,11551.223471679688,148,-21.24332769282121,11.08931527576189,False,37
SPANDANA.NS,235.3699951171875,319.3999938964844,-26.308703940216883,314397.0996015936,-0.48622067245892575,-3.930614237882657,-1.2916761880786387,3.52759568874621,0.001887905042524686,237.25499413711398,241.76235752309117,263.2669982910156,258.48479873657226,250.798949508667,48,-28.500313249473376,12.099768675368772,True,37
STYRENIX.NS,2113.10009765625,2625.9669159348305,-19.530589481779614,39568.47410358566,5.286502125373693,-4.621977086154372,-1.9405005609787862,2.944028187387504,0.0019971590196786087,2090.658745580791,2111.541094019094,2226.47947265625,2234.688974609375,2091.5538543701173,27,-25.19326833503741,15.34111713786337,False,37
GSFC.NS,155.9499969482422,206.26262456983795,-24.39250820478168,849495.6785714285,-1.173664022489107,1.4932720236322528,-3.7673639064258135,3.138547207530684,0.003064977135620695,155.5938661495131,155.383007832352,154.99437103271484,158.6283511352539,161.9663455963135,247,-34.790976337423054,3.0928858499865486,False,37
SAMHI.NS,157.07000732421875,217.97000122070312,-27.939621762363874,984541.6972111554,2.93597948348312,-4.522513787031968,-6.64486934667533,7.229664053498275,0.0028750000833862935,156.21279191816433,158.42393840370642,166.62260040283203,164.88340042114257,166.68160026550294,250,-41.735101487012635,0.0,False,37
CARERATING.NS,1650.5,1822.6696635954045,-9.446015755580305,52237.0,-3.3891374143430353,-2.198386828789589,0.7922325945697528,2.03422538440281,0.0027276882493982844,1694.094521335293,1693.9812302487924,1688.639990234375,1667.364755859375,1618.3005059814452,84,-14.55386522548887,15.048886018626195,False,37
LINCOLN.NS,623.5,767.8152546425441,-18.795570128354633,69515.10843373495,0.4214379615421926,5.469189356055493,-4.238599569911827,0.5506383101028245,0.0008465712043289966,623.5388871771551,617.5766418829274,604.6550146484375,627.3133013916016,581.503525390625,76,-26.01298188573985,26.833958153132965,False,36
ENRIN.NS,3181.300048828125,3968.0,-19.826107640420233,620686.0317460317,2.10546903374238,-10.667749847035047,-11.848481949802103,13.743793482285692,0.0001996974194087538,3197.330554727456,3255.054109597546,3346.6180029296875,3413.8430053710936,3078.2824694824217,75,-22.505040322580648,48.13498000379954,False,36
ICICIAMC.NS,3041.5,3597.034549503453,-15.44423724203986,704234.4891304348,2.3763876258689587,-3.3523991102637485,-6.282735825452457,6.0287074498412085,0.0009382117283489285,3038.1949892749712,3069.323983777411,3117.8239990234374,3201.8414404296873,,75,-18.452269266275245,23.85370077223041,True,36
HEROMOTOCO.NS,5221.5,6175.521739453033,-15.448439495535327,664050.0753968254,-1.4811320754717028,-10.743589743589743,5.313149489547508,1.7730476204615986,6.332738783773107e-05,5334.364054631624,5410.179897777614,5334.03287109375,5122.715786132812,5294.274338378907,193,-25.451131509188663,15.20181467814754,False,36
SHRIRAMFIN.NS,1028.5999755859375,1153.699951171875,-10.843371836747217,6578457.079365079,-1.1911646891510586,-9.158356334039908,2.850449491352758,3.070788140761249,0.0013266236798723954,1047.9783157486168,1064.881900929408,1071.482001953125,1016.1819805908203,994.3643133544922,26,-12.19554105284988,29.472971357563594,True,36
BALMLAWRIE.NS,168.72000122070312,218.6632249859823,-22.84024840870287,180426.4342629482,-2.2538683028476503,-0.8529318827340204,-2.4193264419672955,2.966311257116905,0.0006475336342500432,170.99228913180906,171.18097032981834,171.90296783447266,175.53232177734375,171.50558799743652,248,-33.80783150128852,2.273707363659394,False,36
BHARTIARTL.NS,1831.0999755859375,2147.4734560986562,-14.732358139945468,7513649.015873016,-0.48369697902513886,-5.569594211735563,0.061783287680716725,2.8138424585444355,-0.0001821657052763732,1850.2907888944264,1873.0849045614195,1909.1756665039063,1867.86501953125,1906.7474035644532,203,-19.958609598845133,11.55412772838913,False,35
JMFINANCIL.NS,124.47000122070312,179.97940381807638,-30.84208604973616,3507189.90438247,-7.477884226474774,-4.010177390044523,0.7201807545408112,2.432919111146825,-0.003606020298354086,128.2028646600559,128.29228505952793,126.78280014038086,127.75389213562012,129.9487512588501,249,-38.711977500973774,-0.25494732215993743,False,35
CIPLA.NS,1366.0,1657.4505258313652,-17.58426699856852,1523810.1752988049,-2.05778677684475,-6.630211893369786,-1.1076557074695903,4.116522071654427,-0.0021750893993753846,1388.8555289279816,1405.6025971391068,1432.3,1404.0105676269532,1380.741205444336,222,-30.322771507030687,5.401067762533196,False,35
5PAISA.NS,326.54998779296875,416.95001220703125,-21.68126196604486,173919.01992031874,-4.545459816753583,-16.62198573165865,0.2917634126674784,8.200795560329244,-0.004110958800751477,341.32895952485796,351.8519371622396,366.5969989013672,347.9358999633789,335.9923501586914,17,-22.688572570791333,15.555557294448885,True,35
POLYCAB.NS,8241.0,10126.0,-18.61544538810982,369254.0753968254,-0.7108433734939745,-11.358502742820264,-13.672501977941575,15.105332463644515,-0.004024024938381162,8522.90846770508,8733.098852766721,9035.48,9150.92810546875,8322.4676953125,59,-19.830140233063396,24.853453176609584,False,35
GODREJPROP.NS,1748.0,2340.6858887816,-25.321034813864397,873154.7420634921,-11.806256306760844,-13.806706114398427,-2.1204077040413605,11.350912526535971,-0.00037724154153788783,1904.6456272757937,1954.8945254002363,2036.055146484375,1905.4997973632812,1852.327611694336,221,-39.03061453359808,16.422487602717297,False,35
CENTURYPLY.NS,717.0499877929688,857.8455599050699,-16.412694626254375,91702.472,-4.162452888416002,-6.000528560383467,-4.436683750388615,4.819700860736709,-0.010194757817401943,740.2239342483124,748.3601309917948,768.0273889160156,767.1655804443359,764.9156259155274,152,-27.997670208857517,4.581008620831439,True,34
SRM.NS,439.3500061035156,649.9500122070312,-32.40249282993049,185007.1792828685,-4.974586286660609,-12.32288949269018,-12.645393092730595,14.369390364198686,-0.010078983093438005,454.83033579983163,463.8634751631396,485.87300048828126,495.2130010986328,482.082999420166,206,-44.4034157524697,14.668844031583216,False,34
NMDC.NS,82.4000015258789,97.48999786376953,-15.478507199248348,22820808.103174604,-2.7154610451388117,-3.0588217342601087,-6.459297364693217,4.84795185841147,-0.0088191891740928,84.64267500670512,84.96870726992137,84.79279968261719,87.00889999389648,83.25433902740478,72,-16.863263075443513,17.49449893012067,False,34
SBICARD.NS,655.2000122070312,961.6311031378486,-31.86576327771824,1477122.0239043825,-0.8774565496170617,-0.21321404674999878,9.03644293340089,-7.750790255961815,-0.0051977168667616475,656.3477753167047,651.8562831736798,641.7429992675782,631.262001953125,703.8673522949218,222,-41.19886405899928,8.767202713937937,False,34
HDBFS.NS,669.2000122070312,796.6710965617623,-16.00046555032122,868157.2976190476,-1.977442472332358,-2.292307146647099,-5.417366888302033,4.444956309375092,-0.005034332193032284,679.2510036783361,682.667142749504,697.5860009765624,689.5539929199218,695.9977505493164,247,-30.49594890756523,0.6902685193495461,False,34
CUMMINSIND.NS,5070.0,6049.821052103703,-16.195868335030994,553199.5338645418,-0.019719976336030065,-5.498602050326184,-11.156554725639168,7.540644303862898,-0.014324011038454305,5120.355649360841,5180.340781508564,5361.79875,5423.293232421875,4946.33081665039,74,-17.931456860636864,27.595401647633988,False,33
ATULAUTO.NS,445.6000061035156,592.5698687930867,-24.802115400992474,379140.97211155377,-2.7546137612672994,-10.99346255743563,-3.5491387479056224,5.600979245279603,-0.012985038138737016,460.1182622452301,471.7655161022904,489.3828381347656,483.1517623901367,461.95169158935545,26,-25.772465110421894,29.214852878872776,True,33
CAMS.NS,711.0,837.8765073351432,-15.142626177534503,1428200.565737052,-4.870219858849878,-8.541294356674245,-7.768703164447766,8.016567142464638,-0.013192649495683113,732.5108152691485,745.1597134888631,765.6322778320313,769.7372601318359,738.9757223510742,89,-18.723106085655406,28.839937389346627,False,33
PRINCEPIPE.NS,266.6499938964844,352.163261858009,-24.28227961950309,269592.66,-7.569454714402768,-0.7468758721834723,-4.3138029209214395,2.112739756572668,-0.013553656195243357,281.2175250407607,281.7550701159062,274.4532666015625,271.5462222290039,260.0796152496338,248,-41.992078084064,2.7854274557122194,False,33
CCL.NS,1081.0,1238.748718225596,-12.734521207138583,342587.03187251,-2.375151058284408,-4.534413549037253,-4.357536010572183,2.2074038098421456,-0.01568697094870688,1100.5101970455269,1108.057013314327,1145.8067993164063,1133.1585070800782,1068.2245767211914,43,-14.502436208127033,12.775114675551812,False,33
GULPOLY.NS,174.83999633789062,225.86168963286522,-22.58979527599815,317943.6175298805,-6.005052684701207,-7.317030162473048,-15.43057448581272,14.073187223834571,-0.010638087571747175,182.25826308081471,185.65714861634422,189.05139038085937,190.1598551940918,168.6607978820801,25,-23.40445151136127,-0.7412780193047697,True,33
SILVERTUC.NS,152.49000549316406,1116.9160935696195,-86.34722819636235,613198.844621514,-10.152012493290785,-25.897173424053864,-26.77918259051122,31.180474431248186,-0.017562009387939427,164.75902247818428,173.82099003582906,188.55907989501952,178.99334487915038,242.7765520477295,175,-91.00630912740624,42.85809103639539,False,32
ASHOKLEY.NS,163.75,211.80679384961218,-22.688976579161867,19996226.206349205,-3.106508875739644,-7.081652403166261,3.312302839116721,-2.406436443350324,-0.0169586509381233,168.53023434509782,169.89125911318953,166.63640045166017,161.02782501220702,169.88232719421387,147,-34.832119276919215,23.696201712048826,False,32
ARE&M.NS,813.9000244140625,1045.6584377625288,-22.163873496241905,797988.5793650794,-5.820410446941615,-14.21795585102198,-2.340463598968756,5.826231329836773,-0.01797278762654475,849.6620554542902,872.9259677888573,895.6639697265625,872.0174163818359,858.2517797851563,248,-36.307238428179915,-1.4214970398297,True,32
PTC.NS,152.77999877929688,203.5447632528218,-24.94034415931905,1445696.488095238,-2.245821650532609,-7.293691777836853,-11.765312381032956,8.701042630401545,-0.017324971827698994,154.5770161854293,156.1003890900976,156.66411224365234,164.76688201904298,155.03551597595214,91,-28.630558405319672,43.793075759369394,True,32
TATASTEEL.NS,183.0,219.86575104195882,-16.767391404641018,27854388.95238095,-3.066896282663356,-1.0008147375876297,-6.632653061224492,1.7786393213155227,-0.01785192765625,185.595952219547,185.85521460656733,186.65500061035155,194.52448272705078,190.62293281555176,85,-18.13186039800756,15.994436404826518,False,32
TCIEXP.NS,514.5999755859375,770.6064470343156,-33.221428711584345,71260.2891566265,-4.932572105884326,-6.291550085059095,-2.758888186756503,2.22486726762976,-0.016892867765752984,539.3270010674088,544.3288145905584,550.4770001220703,537.0639999389648,537.8205503845215,239,-41.92236653153265,7.114515424916501,True,32
FORTIS.NS,887.7999877929688,1103.1298326042547,-19.51990041851538,1962429.9800796814,-3.237058551175065,-1.3555569118923638,-9.325940545177092,3.40218772492602,-0.020317243110786986,907.254016509616,913.728750355798,934.3082019042969,945.9931341552734,912.411169128418,225,-30.56235538406893,12.314304556656763,False,31
GICRE.NS,349.3999938964844,402.400829796409,-13.171154723199729,727718.9043824701,1.8955964175263906,1.9814935542403767,-6.287623846739521,-1.7326902420089607,-0.01993504898224726,346.36229129696216,345.1058425687717,345.2868572998047,356.6555157470703,360.08497497558596,105,-17.047494696581033,1.832750752723511,False,31
JSWENERGY.NS,526.4500122070312,615.2574202859911,-14.4341872443699,2938970.1904761903,-2.4821643021030626,-5.755453774444385,-6.333951847544695,2.980895954021201,-0.02107134357754111,532.6080965087468,537.7401557665211,548.0990051269531,555.8208068847656,521.5988536071777,75,-16.880320816160253,22.906120245378283,False,31
IDBI.NS,83.43000030517578,118.37999725341797,-29.523566277353563,16121623.416666666,-7.9443861485614775,0.6636137427419309,8.139985294997487,-9.492297647029513,-0.02016639336620321,85.78802783449255,86.37161848054816,85.3367999267578,81.11450004577637,88.2149499130249,173,-48.46257836032204,10.505878554198556,False,31
COALINDIA.NS,426.3999938964844,478.7148398145708,-10.928185543266311,9525976.777777778,2.6604039076900454,5.188019130713273,-2.9681225444324277,-6.302934916289904,-0.021079665129340314,418.937398504364,413.28847461109257,410.6988409423828,428.5884066772461,419.6957844543457,96,-18.353672033938317,11.061131245212641,False,31
VTL.NS,566.2000122070312,682.2146139481268,-17.00558729894299,580776.5537848605,-3.8138131786162432,-3.5307402906487817,-10.473252682944533,5.4773485615631,-0.020385657562495007,583.1333128292641,588.534467288146,605.0314270019531,609.1845611572265,544.9296389770508,48,-18.251529532693834,9.27927640431534,True,31
CRAMC.NS,238.89999389648438,348.31533559533113,-31.41272591740384,1175253.4692982456,-5.009942784698063,-6.716131119527969,-3.8760073524658156,1.1680898260436612,-0.025397867776976803,246.29052090218576,250.78036553090632,256.4816180419922,251.43880493164062,258.4280278015137,221,-39.086548415299625,16.69162330772331,False,30
SONATSOFTW.NS,265.8500061035156,411.0263372414121,-35.32044494088675,1764473.392857143,-6.801049569319673,-18.23773301741093,-13.087871373561889,14.746122396506678,-0.02355564013880048,277.70539456631644,287.93015383738145,300.7577362060547,284.17145736694334,289.18378257751465,246,-50.47069681106468,5.603160136205365,True,30
MANKIND.NS,2280.0,2674.0,-14.73448017950636,474629.512,-3.7487355199969485,-6.292387962325419,-4.213756533656543,1.6133323105497421,-0.022521451803418444,2318.2880106620896,2356.6105447334894,2449.8479931640627,2426.77599609375,2282.87849609375,242,-28.582649544806472,-0.15775673937090673,False,30
AXISBANK.NS,1246.0,1417.2070248903838,-12.080593864091671,6589107.760956176,-1.6574585635359074,1.300813008130075,-8.8678731153926,1.0093881080007083,-0.021621899461450718,1251.806177411702,1252.3494320437333,1261.717822265625,1282.493359375,1287.592202758789,152,-18.895855493345447,5.7465776807786195,False,30
TARIL.NS,288.5,552.0,-47.735507246376805,4630870.650793651,-4.136903705611605,-1.1986301369863006,-10.77779664317029,4.208052605976231,-0.022035343485190147,296.7492659853448,299.0498232941007,306.8559997558594,314.9635000610352,297.3528493499756,243,-59.4112313312033,6.303892759133833,True,30
BOMDYEING.NS,111.2699966430664,194.79500862474495,-42.878414889255176,954296.0595238095,-1.9388424728731923,-3.729023290974065,-16.09489106945958,6.877407912429656,-0.030171930613481442,112.98771466570851,114.0135059188452,118.33250732421875,122.20040252685547,120.1603630065918,251,-52.92913910949548,0.0,False,29
LEMONTREE.NS,104.77999877929688,179.58999633789062,-41.65599369902656,3721334.2430278882,-0.10487235293321628,-4.012463114576503,-5.287895344262383,-0.6259518653521923,-0.026497292076282142,106.03435287507345,107.1414376552382,110.62540023803712,112.62870002746583,122.39585010528565,250,-44.53477218021668,0.0,False,29
INDIANB.NS,853.5,980.0229061203939,-12.910198866805956,2255815.940239044,-3.9662447257383993,-4.8494983277591945,0.4590424348085431,-4.168657478641091,-0.028962743991395527,868.0582801300419,870.6395401854757,854.291005859375,842.8093829345703,849.9387646484375,106,-21.506936705671333,5.427393952934256,False,29
ANUP.NS,1664.300048828125,2559.3896551627895,-34.97277581508911,44993.428,-7.948006148886888,-10.427174849816778,-14.583580147501474,9.677293757966488,-0.03384392125915891,1751.583335351184,1801.9419665905011,1975.7423803710938,2010.6473718261718,1965.5567736816406,243,-44.78649271166228,10.845533778584127,True,29
HDFCAMC.NS,2403.89990234375,2903.739155124938,-17.21364165575959,951081.2749003984,-4.257612888540008,-3.4578352472389606,-8.34953708314632,1.131258992185069,-0.03169685866371661,2480.906814527557,2517.900327175025,2583.589990234375,2608.9892846679686,2572.95423828125,226,-25.66854515890078,0.07760181398435151,False,29
NCC.NS,140.94000244140625,218.9304972416292,-35.62340367506972,2940892.123015873,-5.851699856657078,-1.1086175860857694,-6.411452672432427,-0.8070303968311987,-0.03053141463345069,145.49005315481418,145.3087455112852,142.5177603149414,147.52116424560546,148.83741569519043,248,-41.52310114206467,3.798689332752647,False,29
BEL.NS,404.3500061035156,472.8081629796919,-14.479055616287372,14280328.162698412,-0.24670037867092764,-1.4981714729560003,-0.6504858511154343,-7.851856828335224,-0.03660192819127013,406.88333116652245,407.23075589909826,405.8715234375,412.6730337524414,417.7933151245117,131,-19.273416941841724,13.182794670012242,False,28
SHAKTIPUMP.NS,493.79998779296875,912.1978482724178,-45.8670080478527,1593770.4365079366,4.397460421346455,-2.4207094744584046,-9.782363733541011,-1.2270831078552313,-0.034699382159614316,484.0096712559488,489.57185273425034,518.0331182861328,529.436369934082,566.0283447265625,249,-50.06889451122139,9.610631521082391,False,28
COCHINSHIP.NS,1381.0,1970.7277578579542,-29.92436451491137,1368947.9404761905,-7.878058669154275,-8.360982083609825,-3.534505200394933,-0.3247924936845892,-0.03650270841229708,1490.4837061189987,1491.7974307614945,1459.63599609375,1501.9039965820311,1506.626773071289,244,-39.76844364894989,16.613604773421,False,28
BPCL.NS,304.5,391.6499938964844,-22.252009512227566,8442717.527777778,-3.547675569833819,-3.3333333333333326,-2.4351188577019456,-4.635135721509931,-0.03606024169564605,309.6692339437264,312.4433545484622,314.6049993896484,307.84650054931643,324.9440606689453,151,-31.92901563685975,10.639946959344737,False,28
HINDPETRO.NS,352.0,483.5386775606495,-27.203341462617704,6059497.051587301,-1.2622720897615736,-5.794190887229689,-7.880875408080867,0.375487721548029,-0.03499132920227144,355.91861324371024,360.7178891186623,369.7962713623047,369.42502838134766,385.6463909912109,173,-37.81099591194317,2.679597700668701,False,28
JSWCEMENT.NS,118.87000274658203,152.88278968659597,-22.247623169186593,3024385.154761905,-4.191179947636536,-9.314921356355931,-7.746841058296095,3.0230689781490128,-0.033969269922640634,122.14827349649957,124.33504209295062,130.58270919799804,129.06485298156738,124.1061559677124,249,-30.498526823371954,3.1573753175771824,False,28
ATUL.NS,6244.5,7144.769440445724,-12.600398766535449,34473.11553784861,-3.4703972793322047,-9.454070905531786,-4.471133088822987,-0.4317128387894775,-0.037518789712022646,6370.777872334947,6447.786198513808,6484.673525390625,6610.62783203125,6395.4490649414065,90,-16.545962098750323,9.641468150538635,True,27
UPL.NS,572.9500122070312,804.4134581804076,-28.774188648826104,2504108.007936508,-1.580350737989078,0.8448451265876455,-5.989100511264677,-5.0712177244913175,-0.03814283291657308,575.3739835080033,576.2610353880968,584.9892358398438,602.5765911865234,649.7564468383789,174,-30.663625854838727,9.722516339473831,False,27
SBIN.NS,995.7000122070312,1212.8384373028666,-17.903326479222738,12352568.952380951,-2.007672853957365,-8.060940701105146,-1.9304615208893483,-3.185524073133328,-0.036663035111369015,1015.0698829218854,1026.9498300768505,1038.4939965820313,1022.4306799316406,1030.4893865966797,138,-22.998810419392115,26.76027645629917,False,27
BANKINDIA.NS,140.0,172.71800537071604,-18.943019461399658,9885191.686507937,-3.4482758620689613,-3.3616313117482255,-3.8923582345139818,-3.7461822545241996,-0.036833342207204155,141.9039014757927,142.37751353673062,142.2686001586914,141.3691780090332,144.60447425842284,135,-24.57950652458566,19.77005739989055,False,27
BANDHANBNK.NS,176.52000427246094,218.86288600994448,-19.346762034180433,10655783.142857144,7.014251311474218,1.22233307357833,-17.850849962530734,1.453038127977968,-0.03828147991704945,170.48124020719803,170.80530362004828,179.15314544677733,189.7950798034668,173.0426789855957,42,-27.242115647726283,12.682804297095451,False,27
BERGEPAINT.NS,458.04998779296875,590.094751424942,-22.37687478377257,471781.796812749,-6.786733113094212,-18.17613473004045,-11.145889893088889,9.181041550006896,-0.039852506052414194,480.8834088704016,494.62109166526085,508.0517108154297,505.1066946411133,493.4232751464844,202,-34.21915381636437,8.815251002542634,False,27
ESCORTS.NS,2899.699951171875,3923.3920175282797,-26.0920158317834,125063.93625498009,-2.635820337352146,-7.239284991302785,4.691406754768246,-9.20456176867609,-0.039858417130357336,2981.84767989146,3007.182060375645,3013.382001953125,2970.4085327148437,3200.0813439941408,171,-31.951986379110377,11.272044719039954,True,26
HCLTECH.NS,1206.0999755859375,1729.0085007948294,-30.243259357516727,3230365.0793650793,-6.749655727559912,-11.963505431683396,5.126266481886876,-6.312081324128494,-0.04054619244178005,1262.9005500556007,1284.0350144990343,1279.9105493164063,1211.2626483154297,1346.872145690918,153,-41.03032324952367,1.460559339402323,False,26
GRSE.NS,2427.5,3339.0,-27.29859239293202,1309487.2908366534,-3.2791476303681066,-5.779378512174905,-9.055145946101195,0.15265084154378883,-0.041392739126846344,2505.214494402987,2541.99161363729,2594.31,2674.775,2558.468214111328,96,-29.329141923573676,26.798163217872716,False,26
TCS.NS,2200.800048828125,3287.1613923698505,-33.048615929336,3714231.448412698,-4.479164547390413,-7.334734786184216,0.6305991925865451,-6.954105533481181,-0.04507325867592393,2259.3513928894786,2285.538717963327,2286.745529785156,2258.1649865722657,2530.7375177001954,153,-40.19093424249195,1.4122826383387688,False,26
POCL.NS,454.1499938964844,647.5999755859375,-29.87183276441956,797029.4581673307,-4.610378476294075,-7.240606978165786,-11.685204861353437,2.841935602244283,-0.042779464607708824,473.8486581044999,485.72198539150645,517.4575994873047,529.4351989746094,512.826199798584,85,-31.277022147770307,46.620469259202714,False,26
HGS.NS,381.45001220703125,546.3499755859375,-30.182112335972544,39684.248,-2.9389281915951027,-6.220033876574982,-11.00093169039682,0.43444562061489833,-0.04664400853347593,390.79654087197184,397.4718063289621,412.817998046875,414.19749938964844,413.52849945068357,248,-37.39361159005554,0.975291077192808,True,25
IREDA.NS,111.70999908447266,161.41302745944665,-30.792451611417405,7816091.738095238,-1.0434063869417254,-4.212715038961445,-10.856703430482451,-1.566804482949613,-0.048306164688110415,112.7394712885384,114.1140727761516,117.79089874267578,122.76968505859375,125.14134700775146,244,-33.48637524282546,8.477108756522501,False,25
CRIZAC.NS,186.67999267578125,351.87518741541396,-46.947099610239896,392363.75396825396,16.463909473462767,3.5328019540999067,-13.058871267470117,-7.405390550752145,-0.04526866262375635,173.97545234055806,174.43118803972797,182.93719970703125,197.1172004699707,217.65266380310058,251,-54.54354195216109,0.0,False,25
TENNIND.NS,506.3500061035156,657.0,-22.929983850302037,2034647.4417475727,-2.1640386346474694,-5.07124429554745,-10.13399678169411,-1.3155271494046938,-0.04797062616844347,521.2013688138426,530.1597316641418,548.9870025634766,572.4135018920898,551.1255017089844,92,-24.231356500309175,20.542242068140236,True,25
EMBDL.NS,55.279998779296875,105.69999694824219,-47.70104032607904,3208635.605577689,-5.649430559260404,-10.781149780310129,-10.05532118001138,2.2189291930702293,-0.04850197688763388,58.449530523695614,59.90385988505868,62.04800010681152,61.25249984741211,60.77284988403321,245,-62.667927886700966,11.038892678520718,False,25
BIRLACORPN.NS,825.1500244140625,1328.8254130627743,-37.903804645623374,90343.60557768925,-7.009630121509036,-8.52502238451953,-16.35376183099291,6.834968372110817,-0.045781086895083554,855.832937695352,871.658796303756,911.2883520507812,941.7039807128906,965.1573587036132,234,-42.82742408541239,-6.38298161529881,False,25
NAVA.NS,551.8499755859375,732.5560380476754,-24.667882465802215,483101.6175298805,-0.960164483827386,-6.33910995371294,-7.727048716982332,-3.2136065793479496,-0.04967395685959206,558.8382325907843,561.836192262885,570.7270837402343,597.2853753662109,580.7664199829102,88,-26.021103257096033,29.26290066122348,False,24
NATIONALUM.NS,361.0,443.3731066930094,-18.578733227057086,12165286.857142856,-3.5017390777296042,-9.633580982091027,-1.2907369527973667,-6.100341378312358,-0.051042477413553194,373.4609893699269,376.4834580307676,368.5842059326172,379.6274694824219,364.4669171905518,73,-25.444315581408794,7.040294247627155,False,24
MAZDOCK.NS,2339.0,3039.7424286023584,-23.052690978312672,1246613.637450199,-5.456750202101857,-8.180930798900343,-3.9820242105901404,-4.095999458643651,-0.050148682266247566,2442.7175358108398,2472.0311788047657,2451.480986328125,2480.80775390625,2453.7073168945312,243,-32.43860062109647,6.606010738727175,False,24
COROMANDEL.NS,1929.0,2486.7668094210435,-22.42939737284414,316751.9246031746,-0.5054698051017881,-7.65032770454871,-6.254398115877113,-3.5718058141759323,-0.04885654281853427,1948.7623863169954,1965.2308169724402,2017.956796875,1966.1444653320314,2081.2865142822266,183,-31.443506176461035,8.987983928989696,True,24
PRAKASH.NS,123.13999938964844,177.0,-30.429378875904835,551151.3611111111,-1.9820090091594689,0.49783776742731156,-18.612031126315443,1.9624102115250786,-0.04897278600715087,125.48955249460803,126.47076946044224,126.88359954833984,136.1922003173828,133.4253003692627,240,-37.71751533120366,5.299468632195237,False,24
NLCINDIA.NS,264.3999938964844,387.79998779296875,-31.820525472105686,3497629.5476190476,-3.1679158700578136,-3.6267585149157955,-15.648434008721534,1.8882442761018803,-0.04981375782164648,270.619670627077,273.889387598799,286.3419964599609,308.0239990234375,282.88892097473143,86,-32.104178421600594,42.92870670384754,False,24
KEI.NS,4578.0,5899.0,-22.393626038311577,369617.93253968254,-5.608247422680412,-20.918984280532037,-15.009746588693961,10.1010101010101,-0.05207141534578598,4903.546749372056,5116.319572085585,5234.0219921875,5235.265009765625,4810.044359130859,18,-24.614341413798947,3.837876614060254,False,23
NFL.NS,68.48999786376953,98.29790788086136,-30.324053339181432,1392418.4422310756,-1.1357724433198602,-3.321445667912515,-8.124717403136184,-4.738710410644165,-0.0511076576311301,69.12536838377108,69.56847106118748,70.61628463745117,72.80549179077148,75.65245494842529,248,-36.518132488381546,0.37513140211784535,False,23
INOXWIND.NS,76.5,159.3000030517578,-51.9774020499268,11356350.67063492,2.822578536360165,3.2388685226722336,-15.739619750442579,-3.8823928635106197,-0.05344811512366558,74.99884181476816,74.73562964633318,76.6231997680664,85.03619972229004,94.95259983062743,219,-57.313246266601595,5.212827125458008,False,23
JIOFIN.NS,229.89999389648438,320.84859669700336,-28.346267908538557,13794832.346613545,-3.179618087509817,-10.212847156090533,-3.791582226552437,-4.8561503278692575,-0.05440466039082522,234.91356299663857,238.6401472563315,242.71783447265625,241.0881213378906,253.4998892211914,244,-30.5659166365325,2.027668761299206,False,23
CANBK.NS,124.0,157.68821233301085,-21.363811431806358,25673547.404761903,-1.195219123505975,-5.918059841542456,-6.647595956736863,-4.892713145016991,-0.05254497925686944,125.27996510341977,126.38540129143762,127.24360107421874,128.05898208618163,134.84422157287597,136,-25.231749242517367,2.562775113784843,False,23
SPMLINFRA.NS,171.6300048828125,288.75,-40.56103727002165,619954.4661354582,-0.9693570477451896,-10.301030538472421,-8.204522777845513,-1.948119592158637,-0.05397746482686112,176.84857968000688,181.26035499837062,190.6520004272461,196.91039993286134,188.2693000793457,249,-47.70216640455899,2.2907558825051355,False,23
EIHAHOTELS.NS,287.45001220703125,411.40621788938364,-30.129881438904494,20911.088,-5.397397915765456,-1.8439452907423215,-5.79817794267119,-7.1671374756242745,-0.05514837222776077,295.40682586389994,297.98829245218343,306.2661779785156,310.0558764648438,320.18255783081054,248,-35.90144665399566,1.6552590022820945,False,22
SJVN.NS,66.18000030517578,93.44222215601812,-29.175485366051433,4585036.9203187255,1.8467172764683237,-0.8605270298039813,-9.034037366920122,-8.04076958566774,-0.05913952722657097,65.92886010874561,66.06022623797975,67.53223892211913,71.044658203125,71.87717205047608,245,-32.91457817674448,0.7047616423004,False,22
SAMMAANCAP.NS,147.3000030517578,192.9499969482422,-23.65897622104122,16842817.38095238,-7.001702367968699,-8.978556889881107,-18.16666497124566,5.124185116168034,-0.05896207059679574,150.98294156062477,152.34401166516744,158.0401998901367,160.57009994506836,153.37115005493163,216,-33.14330031598624,38.70591019857266,True,22
VMM.NS,101.70999908447266,153.39999389648438,-33.69621699391499,14071947.912698412,-4.173733117251011,-4.943926089277895,-13.03120843219363,-1.050687636380343,-0.057357961137909065,104.75679980199673,106.14891383732026,109.37400009155273,114.87969985961914,118.74824993133545,245,-35.61277667995395,1.2898094502838964,False,22
SERVOTECH.NS,77.27999877929688,141.5,-45.38515987328843,1076189.8486055776,-3.7009361005646446,-7.160018305414639,-25.506072517197943,8.600329963791475,-0.06013787040782184,79.01505750692081,80.84258127860534,87.99860061645508,92.82250030517578,84.48885023117066,233,-59.35689164555957,-1.8985736221213578,True,22
HUBTOWN.NS,181.2100067138672,339.3999938964844,-46.608718334527865,718031.5179282868,-5.71799709098565,1.694822510288696,-5.457291988837132,-11.084394504230499,-0.06303780605384166,184.65670546377663,185.8389624997254,191.94239959716796,198.98149963378907,212.18575035095216,250,-50.45668918079903,0.0,False,21
SUZLON.NS,44.119998931884766,61.5,-28.260164338398752,70561747.20634921,-2.712237229595993,-7.33039620610294,-23.825966286821508,6.544310781112017,-0.06267368537781834,45.38398079217515,46.25032207305589,48.90919982910156,52.28709999084472,49.96504989624023,214,-37.90244125738377,4.689150066804104,False,21
WAAREEENER.NS,2625.0,3859.8011189678027,-31.991314601670883,1421148.5674603174,-0.3012474954768418,-2.2306630719703957,-14.277165237062462,-3.6506303033822296,-0.06219659056413394,2595.8178264912053,2621.0589708176076,2699.7484521484375,2889.4548291015626,2918.390285644531,250,-37.79177209373997,-2.823681807675127,False,21
VBL.NS,416.5,555.1842484654879,-24.979860082271234,6081239.853174604,2.1835117181583374,-5.448354143019296,-22.934680317655744,4.132094570957334,-0.06098885923701815,411.9595273063639,418.6067574400466,441.1740155029297,479.57636505126953,468.1580238342285,62,-28.636301677845545,10.025350523661626,False,21
IEX.NS,113.87999725341797,155.89996069995715,-26.95315846000128,8241321.531746032,-4.23009524327701,-9.258966331937879,-7.841711147800645,-3.7993152865626323,-0.06147042249680523,117.84796159884054,119.96641433682717,123.24739990234374,123.99998718261719,126.00039474487305,169,-27.63596178880061,-0.06500072795829759,False,21
POWERGRID.NS,269.1000061035156,324.95001220703125,-17.187260811035955,12353513.577689243,1.3177710540548393,-0.1298964882757936,-5.81029240260813,-11.363636135184018,-0.06182744367105722,267.5440882019388,268.5742043860386,275.91100036621094,286.7014993286133,283.8766855621338,98,-19.464532273875513,5.785392266311673,False,21
TATAPOWER.NS,364.6499938964844,462.0369390979878,-21.077740102691177,5354867.436507937,-0.910327745520545,-4.741377867101837,-8.785684067044308,-7.099746836072896,-0.06514912302514873,365.3232016190913,367.117296885818,373.86799987792966,392.1085394287109,386.2196469116211,98,-24.89777967159267,21.60631324535467,False,20
RELIANCE.NS,1257.5,1604.3820104615531,-21.620911241815854,13501647.253968254,-4.878971255673226,-4.517843583902814,-5.365747005428312,-8.50190684682225,-0.0640195268270528,1288.3078705238318,1295.9582505359554,1301.1980029296874,1320.2359875488282,1378.4701293945313,173,-22.100843771703783,6.7726641073238,False,20
DRREDDY.NS,1165.5,1405.9838095385528,-17.104308592108197,1933726.5277777778,1.2597741094700243,-3.3582089552238847,-8.145416490170188,-9.240025175362021,-0.0668529939729364,1156.6415873945605,1164.9966014458057,1190.8588549804688,1244.5668151855468,1246.2499237060547,54,-21.691843637847384,6.875395341149115,True,20
SWSOLAR.NS,180.22000122070312,272.79998779296875,-33.93694674302028,2381802.0079681273,-4.031094486432729,-11.02004187089003,-14.58363120117453,0.5075030252075008,-0.06779205973090636,186.11934459411899,191.32196241020338,207.09039947509766,209.52809951782226,203.3022998046875,243,-45.74779815887712,-0.7853426146032683,False,20
HITECH.NS,76.38999938964844,127.5,-40.08627498851103,1213817.0555555555,0.8182694655546996,-3.499247276799744,-15.516477619345348,-2.7002963812221115,-0.06353084347096928,77.09588785940112,78.375374577265,82.45920013427734,85.88410018920898,85.7535001373291,244,-44.98823577282476,29.848177803120123,False,20
ASHAPURMIN.NS,542.9000244140625,924.9000244140625,-41.30176126246753,745319.9285714285,-1.4700500155966467,-11.529372962635332,-23.1564013568206,6.7545054459971166,-0.06697997822734064,553.3003941688468,574.1665953922331,635.9469995117188,654.4599975585937,654.5314994812012,171,-50.79468114493477,39.37451925977315,False,20
TIINDIA.NS,2606.10009765625,3415.1444625624204,-23.68990166521786,382505.235059761,-4.7269068254595314,-8.203589374559705,-19.174223065686537,2.2677397579317304,-0.06958579573991162,2702.66691614048,2752.9414902859153,2826.932177734375,2939.7572265625,2757.1524365234377,247,-36.69698534822765,6.013134940136022,False,19
HUDCO.NS,172.75999450683594,239.21870378078592,-27.781569009274076,3835295.222222222,-4.2986979736122315,-10.1981217430259,-17.659087355410662,2.1956819116244697,-0.06888947587939814,177.92631390450674,181.88521887565784,191.99406341552734,200.0124560546875,197.41910285949706,206,-34.476564822153534,9.370941474777883,True,19
ROSSARI.NS,446.1499938964844,689.6347499019316,-35.30633513465956,108467.17928286853,-2.3741807666336157,-11.723387557486898,-12.692013224498766,-1.4715136351569513,-0.06978305009573152,463.48659379856446,477.12194442612366,501.86602661132815,509.43815521240236,513.853863067627,226,-45.67578974953036,5.746854377762078,False,19
NTPC.NS,333.3999938964844,409.97128898871665,-18.677233540210104,10295514.682539683,0.27067485608551767,-2.105587441243506,-5.216832574898589,-12.341913405146276,-0.06895865137168236,332.29048846992237,332.98816897245666,338.11799560546876,355.7661032104492,354.04075149536135,99,-21.935326681889357,9.255552441664449,False,19
VSTIND.NS,203.92999267578125,273.7888347519297,-25.515592021656055,348161.94444444444,-2.0273847439081782,-6.139831239636306,-17.510569826278342,-0.818873329325942,-0.07011425001931959,207.52580729532158,210.42814775083332,222.23263946533203,234.59490951538086,231.07156799316405,105,-25.85526718650486,10.548502825580597,True,19
AMBUJACEM.NS,391.8500061035156,597.8407381419596,-34.455787117928175,2625605.761904762,-3.246912073206021,-6.5689051487608285,-8.02722278355562,-7.419863181903985,-0.07014584344901048,400.01724230429136,406.1156908437458,421.59199951171877,426.97119079589845,464.103321685791,244,-35.15831739716015,5.335466930520538,True,19
ONGC.NS,232.5,306.19702215663295,-24.0684973477416,14654635.92063492,-0.9162556796966426,-2.6722102892235644,-5.926927339079169,-11.590546477174735,-0.07040364418408021,234.56379573506507,235.26414410024518,239.4596630859375,253.73001571655274,254.78062713623046,97,-25.967481071816923,8.632172088706014,False,18
TORNTPOWER.NS,1297.5999755859375,1817.8039543841724,-28.617166199006718,502405.438247012,0.6437544747909252,-1.6224430943186152,-6.30393063877287,-13.539555554977156,-0.07567114585007355,1279.118355137271,1283.0342013374081,1342.6180004882813,1425.0765991210938,1405.4912573242189,98,-34.04129212568514,15.367088246298843,False,18
SUNTECK.NS,288.0,472.5,-39.047619047619044,387143.374501992,-3.2745591939546626,-1.6057437687111764,-3.4367141659681466,-13.849832331325784,-0.0721955185545846,295.4920735922977,298.5622800779004,305.9,309.0555010986328,344.32350158691406,215,-42.6984126984127,4.749759047076241,True,18
EIDPARRY.NS,721.0499877929688,1118.0,-35.50536781816022,301097.7250996016,-7.717410850080276,-7.593233490568807,-1.86458145042957,-11.019928485639664,-0.07257733612506526,762.4739794213691,774.4577266709072,778.0290014648438,772.7890008544922,844.3770010375977,219,-37.549193899192204,-1.2637165833778718,True,18
IXIGO.NS,158.6300048828125,339.1499938964844,-53.227183329618555,2392926.0714285714,-4.8695622891679164,-7.423402840743842,-15.595401286499232,-2.0197585774849647,-0.07458160614009317,164.21573144259,167.79826649958562,183.5915985107422,178.65739898681642,193.22559913635254,227,-55.397314759017306,4.272840435545988,False,18
CESC.NS,145.3699951171875,197.1955548334318,-26.281302212933046,2219853.653386454,-1.750480859120529,-7.1878646873042795,-10.80129116196712,-5.435487569196507,-0.07027203399641646,148.10644718590152,150.6528187991521,155.8860122680664,163.83001098632812,159.06002784729003,93,-27.20423988613111,29.46770992958223,False,18
CAMPUS.NS,214.36000061035156,287.0823175835567,-25.331520793522554,610042.9442231075,-4.290753475007458,-2.1321271948921416,-9.200999259106679,-10.071158020608683,-0.07644263772454651,218.80708629086553,220.69576603710303,222.848818359375,231.4819369506836,242.1458418273926,245,-26.50888515063895,4.925918385439254,True,17
RAMCOCEM.NS,866.6500244140625,1211.1945755050306,-28.446672240692926,263707.092,-1.4218278624664848,-5.392714812204202,-4.634822650327219,-12.723191606395634,-0.07700449186343909,877.5335448376522,888.7492427000333,911.7155847167969,908.3329443359376,976.9195825195312,148,-30.975715035779604,18.03488018778763,False,17
ORIENTCEM.NS,125.58000183105469,236.37657618219657,-46.87290768851015,435037.0956175299,-3.161621742975518,-5.408250205532772,-7.607413535304975,-9.9340724857933,-0.07653665270312919,127.49607907123891,129.28191986078488,133.71880004882811,135.53721618652344,145.26648639678956,240,-48.451262454952214,4.75635214310175,False,17
DELTACORP.NS,54.150001525878906,85.68642021255008,-36.80445350435142,2618991.130952381,-3.51033044101966,-10.402113422503923,-16.969357429737663,-0.7255412711043352,-0.07812479465965784,56.032132975349946,57.58023553076471,60.95294876098633,64.87887866973877,64.38425973892213,77,-38.029855439866076,46.24684715810965,False,17
HDFCBANK.NS,708.25,1003.8961237048558,-29.449872025980184,30830485.611111112,-0.540650992547731,-2.310344827586208,-8.273153563290315,-11.877106347250422,-0.07748922672659277,705.3033399048223,713.6299906931366,746.1709997558594,754.3856842041016,821.3664569091796,223,-32.0746431515717,4.236415873505339,False,17
DBREALTY.NS,97.79000091552734,183.89999389648438,-46.82435880309358,1681010.738095238,-4.660230860406333,-13.375851320542843,-15.318671568382936,-1.142334486792096,-0.0819372861538092,101.39894069966016,103.92512630523069,110.12239974975586,113.53960029602051,112.19419979095458,244,-54.59488701940829,4.957667441263691,False,16
GALLANTT.NS,546.4000244140625,948.0,-42.362866622989195,954112.328,-4.58395160759123,-7.499574551801813,-19.057842486527377,-0.9516903412768452,-0.08056338953588436,561.5867275201585,571.206068290968,600.9819995117188,666.9769995117188,625.5294992065429,105,-45.87553000148339,60.717693477274096,False,16
HINDUNILVR.NS,1927.0,2619.7497080594576,-26.443354719279732,1696397.7609561754,-1.783893985728846,-6.592341250605916,-9.716599282902227,-8.905387421405864,-0.07973992402127081,1966.6890223199214,1996.37153978414,2074.0200073242186,2131.025736083984,2200.836365966797,222,-26.4738938515359,-0.7780332080408403,False,16
NDRAUTO.NS,692.8499755859375,1180.8825022330911,-41.327780344299,31846.464,-4.328919648254792,-14.44712027253553,-17.320282669535004,0.5785213301719994,-0.08286992288124287,718.2503747462974,739.2985921182884,793.5944311523438,799.9900756835938,774.8055654907226,244,-49.00977548360572,8.554666143604205,True,16
BDL.NS,1190.0,1648.1319119869795,-27.797041526527934,1504700.669322709,-5.3828380218028045,-11.194029850746269,-1.6284989639613556,-11.812659072929643,-0.07990703090689799,1243.7035240096304,1272.6843504213589,1297.94,1308.5390014648438,1339.0292681884766,243,-34.10721604857927,9.905326385495172,False,16
IOC.NS,135.11000061035156,184.95879041358242,-26.951295308411694,14077866.884920634,-1.8095969351126673,-3.664883700284094,-6.061477931223469,-12.920536589021381,-0.0790059444854368,136.03717089727104,136.94467794089996,138.6137322998047,139.3233319091797,147.9464298248291,135,-30.217076594446233,13.015429027404313,False,16
CAPACITE.NS,191.97999572753906,334.0,-42.52095936301225,503611.14342629485,-8.090774013891288,-8.165514027757492,-14.306121156270624,-4.993324704784319,-0.08731346435735542,203.93539068695043,208.7475104089404,218.0701998901367,228.11300079345702,234.37875053405762,245,-46.10778443113772,4.033035697162024,False,15
ATGL.NS,594.7999877929688,859.5498025483846,-30.80098604763659,3365595.828685259,-3.134923928455524,-9.926552618527074,-17.394625668129628,-2.072463259850854,-0.08346175920930196,613.6243168641759,627.1280823486918,661.9590002441406,675.78099609375,614.4081813049316,74,-31.068566563175047,48.45458220627754,True,15
SUPREMEIND.NS,3364.39990234375,4586.205351504792,-26.6408796710368,242021.5498007968,-4.096239882337038,-2.760195459276382,-4.558007615506076,-16.21063076806617,-0.0881331767196727,3505.4220711003027,3521.5974184318493,3467.615986328125,3489.5679565429687,3548.134403076172,247,-31.53381152089655,5.526851411619682,False,15
FACT.NS,779.5999755859375,1058.5999755859375,-26.355564560217648,656213.6215139442,-2.5743609481180596,-4.874627881407923,-13.956184968894336,-7.750562287566809,-0.08519442076788415,798.4249223936473,807.3697731362184,824.8909985351562,859.0944989013672,841.8494998168945,62,-27.167956000258762,9.467908699173755,True,15
GMRP&UI.NS,94.06999969482422,136.9499969482422,-31.310696026976693,1866603.247011952,2.5956998473621873,-2.749926155066862,-11.521820951055128,-12.647416136881073,-0.08805927986346121,94.40798486562633,94.88883124853332,96.88660018920899,101.76369972229004,104.85764980316162,247,-36.6192004483488,15.4203594409962,False,15
DCXINDIA.NS,166.6300048828125,286.0,-41.73776053048513,1833985.701195219,-1.7337986167476838,-5.864069796139438,-10.177343638122805,-9.734561552845422,-0.08293221533477667,170.75805930899733,173.14144987029005,181.1104000854492,189.9159997558594,183.56714973449706,248,-46.39860033155321,3.200002271075575,False,15
ACC.NS,1246.5,1975.569036609613,-36.90425508292082,212149.13545816732,-2.004716981132071,-6.475093462369319,-8.102331350335756,-12.535763809093748,-0.08940495319325296,1269.8575718968523,1288.641953730622,1335.5880078125,1349.0206420898437,1477.565227661133,201,-37.70908772199424,2.837328263483685,False,14
HDFCLIFE.NS,530.0,794.0698543036143,-33.25524232817012,3355764.8095238097,-3.0014684628993593,-1.4961412462788148,-7.400943978206664,-14.99975968778794,-0.08819562164122875,532.5980426806259,537.4091645042909,547.7520007324218,568.60875,633.0244869995117,244,-35.9376244482732,1.750082672350084,False,14
JAICORPLTD.NS,95.7300033569336,173.39999389648438,-44.79238366404898,1058535.4581673306,-3.4493173134774624,-8.084491642425117,-15.34311831727998,-6.8139781672922,-0.09290356821933644,98.14141573159122,99.5266359211637,103.27400024414062,109.61740036010742,112.83105022430419,218,-49.250286564292566,5.682306179096086,False,14
NBCC.NS,82.9000015258789,124.82730965446994,-33.588249434076985,11356531.17857143,-4.272513872327455,-9.337347814278662,-23.51740151426953,0.32825444275965676,-0.09218639627265475,85.20383302470928,86.91485409238182,91.70302947998047,95.75522193908691,97.34520011901856,178,-38.59508127120981,3.3314404201394865,False,14
TATACONSUM.NS,991.0,1271.9371979227803,-22.08734821039774,1486497.376984127,-1.8811881188118829,-9.124254928931686,-12.370680112642752,-7.771726880766627,-0.08832864583767001,1013.0404490944428,1030.7090762069943,1070.3279968261718,1110.092505493164,1119.2922888183593,88,-22.323208912081704,16.731878656956802,False,14
PACEDIGITK.NS,158.3300018310547,231.9499969482422,-31.739597364002215,2080958.5127118644,-5.525386186038316,-12.491014071517025,-15.045336706963774,-3.3689374835747965,-0.08911917438426288,164.06759971659528,170.23668974715108,187.67159912109375,188.27159896850586,183.3006494140625,231,-39.72407872469545,3.013896004344896,False,14
BLS.NS,231.5800018310547,369.79392627783915,-37.37593146485037,3430500.4603174604,-3.019385928135887,-14.441943938173353,-12.346710396975691,-6.223930069701067,-0.09383912527421392,238.0763758227392,242.58570842660387,245.60879943847655,255.95249938964844,271.3227626800537,251,-40.80487040449196,0.0,True,13
NTPCGREEN.NS,86.94000244140625,119.94999694824219,-27.519796037243406,7338420.146825396,-2.7081447542704917,-5.8683392519790045,-11.4122651496812,-11.421292827506424,-0.0943667900172978,88.51101951683779,89.53952155826664,91.55780044555664,97.19040023803711,95.43540008544922,99,-27.93663639799452,31.569631866919835,True,13
SUNTV.NS,476.0,653.9340000086492,-27.209779581165026,410323.5378486056,2.167848515954196,0.5698427835367337,-7.11250405850633,-18.940667893763706,-0.09379264966754616,464.0432379132392,468.5993851263984,482.4010290527344,504.8946691894531,537.3891607666015,103,-31.53743157549388,12.529080929202841,False,13
ITC.NS,259.8500061035156,406.5707952146441,-36.087390151491086,18121097.325396825,-1.6092388874592412,-6.696586677373206,-10.903476241544363,-11.45159539198648,-0.09351922253478466,262.87247651468056,266.49119010781334,275.89599853515625,284.24262756347656,304.2117446899414,217,-37.15731601796143,1.2769617879238693,False,13
SYNGENE.NS,382.6499938964844,677.034031793237,-43.48142398647637,1264813.2261904762,-3.273511629735071,-4.647394583551778,-15.309454064471451,-8.819563426440046,-0.09377491669601316,391.2650241699389,396.36972696217356,405.5820001220703,428.1472915649414,470.1818684387207,171,-44.574425748423884,1.8374892335727422,True,13
BANKBARODA.NS,238.1300048828125,315.30188105660324,-24.47555210111061,10360753.265873017,-0.36401469338389614,-3.9798367408014124,-13.517341708977693,-12.530832063283249,-0.0989990415550528,238.34016234095947,240.42644504192532,244.38240020751954,254.37192001342774,267.80807914733884,136,-25.9600636146607,9.648543849956571,False,12
ASALCBR.NS,676.7000122070312,1273.3313070480908,-46.85593541434273,59944.24,-2.4998592951389953,-6.160161924788321,-17.883754407607476,-7.186852557723733,-0.09721885659843299,696.5097638240721,709.8174518382674,757.4274890136719,803.8273974609375,830.8069616699219,214,-48.265467131895534,16.671489352581204,False,12
TATACHEM.NS,612.4500122070312,1011.1043139234446,-39.42761357327146,861487.2142857143,-2.0236704324054444,-8.868384297076693,-16.039481532943377,-7.29481024936417,-0.09705812462284566,620.0503300630678,631.9663506142939,664.6560021972656,703.1799102783203,704.5408535766602,247,-43.47635704429138,3.81099844107593,False,12
GODFRYPHLP.NS,1927.0,3868.278555207404,-50.18455955282981,777918.2868525897,-5.770171149144254,-12.369258753979084,-12.683659869267627,-6.521928878665861,-0.09464738377956876,2018.0074759072215,2061.250796124308,2107.120246582031,2171.575203857422,2205.1396295166014,247,-53.32065577120058,5.024494362451937,True,12
POKARNA.NS,804.1500244140625,1145.4889587311654,-29.798535526278403,180119.86454183268,-3.2776039451291483,-18.68648420161826,-7.591251156056755,-8.950588574811247,-0.09922668011578092,818.4392224464336,851.4488738021486,927.1952722167969,909.3704498291015,892.9154699707032,150,-34.23332718803264,33.77038750936392,False,12
CAPILLARY.NS,461.95001220703125,798.9500122070312,-42.180361080296656,1429204.4264705882,-5.73410392529361,-13.011953144583499,-7.350580314448562,-10.396659267784102,-0.09539638822894271,474.6488260467113,487.57689384812556,505.19799560546875,512.7389984130859,551.7547496032715,200,-45.159273145746326,13.652100213185282,True,12
SCILAL.NS,38.13999938964844,54.244129857072295,-29.68824554814795,556055.9043824701,-4.098569397418839,-4.867244132922854,-16.458272719691823,-9.455711219582874,-0.10103072070067153,38.881645389868204,39.2999600203489,40.4011173248291,42.83219585418701,43.57359209060669,91,-31.789854316971823,19.39922414101232,False,11
PROTEAN.NS,492.3500061035156,922.9244479133125,-46.65327078324828,324197.8134920635,-0.7958859130782092,-9.804338674447354,-21.003301998395518,-4.239783784399798,-0.10037360439475866,504.69441828658466,519.7993555224784,556.4205426025391,566.9826010131836,597.6438087463379,242,-52.755906671032335,1.177525323856221,False,11
WIPRO.NS,167.39999389648438,263.22052886625846,-36.40313898862356,15891777.011904761,-5.102040992859336,-8.574555807581596,-7.312735536378733,-14.307203576832139,-0.1014181735244873,172.25760036912212,175.46552255040223,178.1608627319336,183.41772674560548,203.53072174072267,182,-37.25413273292728,12.219132255512521,False,11
FINPIPE.NS,153.4499969482422,218.6046847580135,-29.80479941767712,768395.0200803212,-1.7090497664141946,-3.2015443862328574,-9.720045482464778,-15.762735772641701,-0.10032321807684105,155.10661571503923,156.46836949364976,160.19458282470703,165.90361129760743,168.83574165344237,246,-33.68989213932285,4.097692667777086,False,11
PFC.NS,353.45001220703125,476.82888450136187,-25.874873839354883,7051507.964285715,-0.6046101967328132,-5.719241582797596,-15.64473870033094,-10.384596040684158,-0.10051569362605746,353.2454347878843,359.38337803047006,383.3029071044922,405.80005767822263,392.5596334838867,98,-29.471557046161234,15.693772743565205,False,11
JSLL.NS,511.8500061035156,849.5,-39.74690922854437,705421.079681275,2.073984174556287,0.06842739071664106,-15.952379950161632,-14.442121838108546,-0.10341478824692951,511.29461020666406,517.2238262204393,545.1709997558594,590.875,631.1197497558594,242,-42.08357857563273,9.693981952462938,False,11
VIKRAN.NS,57.08000183105469,118.0416404738854,-51.64418115344422,4877936.075396826,-6.072072731468225,-12.134304473550884,-19.372919282718048,-4.910657574007282,-0.10810206982275328,58.783517326248244,60.535871768632745,66.91940643310546,69.22043712615967,74.80244840621948,204,-56.84121788272015,0.3825511668458903,True,10
RALLIS.NS,201.99000549316406,340.04307018201246,-40.598699633829824,827860.3888888889,-3.270760267932693,-5.142292111720648,-11.933203280586413,-14.794641291667709,-0.10853351949980405,205.9674673151093,208.7172211790605,217.16980041503905,229.72174789428712,243.61284896850586,251,-41.03099817175219,0.0,True,10
ZEEL.NS,79.36000061035156,118.95785852711808,-33.28729888638643,19142740.746031746,-11.302184463846254,-16.014396414590003,-26.921421872594852,4.09438538986282,-0.10771770135135955,86.33094368779521,90.78894951435291,97.5274757385254,96.89381317138673,90.77373336791992,244,-44.17077342436381,2.768257734433144,False,10
MUTHOOTFIN.NS,2792.10009765625,4114.708242760882,-32.14342468707307,815923.1785714285,-4.176674759162713,-2.907113222349822,-11.834911624775991,-15.52536010023109,-0.10759707647911468,2888.339992921028,2928.902735430238,2981.1759912109374,3113.124990234375,3356.3908837890626,156,-35.08652758797266,8.248898431645957,False,10
ASTRAL.NS,1411.4000244140625,1765.9224658214252,-20.075764835035116,746025.6653386455,-5.60459667565757,-3.441266283372113,-8.491721770311965,-16.649769092924693,-0.10456137092503648,1478.493813249857,1488.229682822726,1453.36109375,1487.4090612792968,1505.0695416259766,127,-25.843842031787247,21.380421135752048,False,10
ICICIPRULI.NS,471.5,704.3556293706895,-33.05938359273648,1469235.768924303,-4.75709289438816,-6.891784027868386,-3.0134719902112694,-20.20637734931122,-0.10840658631800364,483.89761547873354,492.6080941163175,501.7259991455078,504.9964611816406,561.4983813476563,166,-35.359359845003425,8.06375745810104,False,10
IRCTC.NS,462.8999938964844,729.6617501297184,-36.55964646438016,1280936.701195219,-2.4652364215265843,-9.86271932634205,-10.628442323222242,-13.750701813302479,-0.10907880929708733,473.68823499274913,481.06384961064407,494.82799926757815,512.0004965209961,559.7885363769532,244,-36.662433817543004,2.3481942936447897,False,9
EUREKAFORB.NS,394.1499938964844,668.2999877929688,-41.021995945541256,204822.04761904763,-6.9852521778208,-11.067242093764706,-13.724419693413402,-10.02168590796364,-0.11037973907744499,409.59160323492745,418.994501808659,439.86100036621093,456.6055004882812,496.7750010681152,198,-41.85245949399909,14.238084330355093,False,9
TTML.NS,35.599998474121094,60.619998931884766,-41.273508575737885,4662179.801587301,-5.670384497006308,-8.105325421529441,-20.55345373111178,-6.903773766914623,-0.11115649160105903,36.833866585918535,37.473411559920166,38.965999908447266,41.13759994506836,42.67220005035401,248,-48.498845490850925,2.815670867014375,True,9
HAPPSTMNDS.NS,332.3500061035156,574.7140242073417,-42.171237849659214,1496276.0357142857,-6.115817484882591,-15.818131616103692,-4.7512491157708725,-14.669720671108932,-0.11068471074883833,354.65431690780474,372.16672885176206,385.4640869140625,372.126647644043,392.48453384399414,246,-43.09517708150512,0.9663603276160782,True,9
RAILTEL.NS,259.8999938964844,408.55427403779885,-36.38544242167473,1691205.669322709,-4.060539035745892,-8.662799140381294,-18.104564252468336,-8.758579726721527,-0.1107341489807996,268.66320039675423,274.2991990660397,286.7082177734375,302.929013671875,311.29398109436033,246,-40.29472421153355,10.31919795378986,True,9
VHLTD.NS,118.9800033569336,155.36000061035156,-23.416578984612848,28302.184738955824,2.225280505943106,-2.058505467377203,-14.081450730957501,-18.76834685236822,-0.1192094700311567,118.54269074960787,119.46582433236584,124.67460159301758,130.82810173034667,134.5665009689331,176,-27.27843449696332,12.651994868800731,False,8
NATCOPHARM.NS,815.3499755859375,1224.7250830949197,-33.42587762426471,1050829.90438247,-2.7376849029251193,-10.768991330520327,-3.6418780158586683,-19.628872901332393,-0.11371679321687136,834.6348783964561,854.264551395588,905.76228515625,964.1159704589844,946.9251007080078,87,-34.56490477120801,16.31156883122791,False,8
DABUR.NS,376.0,538.5337830249387,-30.180796107532583,2106925.051587302,-1.2864253019169158,-8.292682926829265,-12.532340429036203,-16.013685371293505,-0.11952355392785807,379.2194309766064,386.8023174386948,409.3665405273438,422.69100799560545,451.5902569580078,251,-31.657028882081306,0.0,False,8
BUTTERFLY.NS,586.25,823.8499755859375,-28.84019938423279,77691.488,-4.457297371927127,-13.430302800884519,-6.929674983687462,-15.901589365680891,-0.11571328538748213,615.7836882777358,632.9715293186829,689.53900390625,669.1515002441406,650.0227490234375,212,-31.322448921533162,10.51581491545135,True,8
TMPV.NS,301.1000061035156,733.6144341409002,-58.95664096956884,11476067.555555556,-3.3386818287269304,-13.872997469467796,-22.866435724629174,-3.343615387245358,-0.11305844549053148,307.2731585946341,313.790473907397,327.86499877929685,345.1871963500977,346.6599168395996,236,-60.213601761595555,1.4521466187331633,False,8
HAVELLS.NS,1111.0,1608.1409386787757,-30.91401547722672,914034.828685259,-7.416666666666671,-12.173913043478258,-5.131925270160442,-17.537820447364417,-0.11731155035356217,1163.8930900792352,1198.3056232242047,1227.8160034179687,1211.5830859375,1282.838676147461,246,-31.834335859113427,1.2131652783229363,False,8
UGROCAP.NS,83.66000366210938,192.5,-56.54025783786526,500312.40239043825,-3.115222767279957,-9.45887199073442,-15.177931672090583,-13.206759838309711,-0.1203938011182594,84.98460063497136,86.88784711525533,92.08659957885742,95.80309982299805,116.0143000793457,234,-58.37921935242492,5.1015334690777125,True,7
GODREJCP.NS,865.0,1255.1784329498362,-31.085495313432453,1465293.7023809524,-1.4806378132118492,-7.674247255893585,-15.922762771029152,-14.962311904541892,-0.12444666825625406,880.7343235981486,907.1099674413689,990.5183642578126,1008.8368841552734,1072.2154693603516,171,-31.870242352368482,9.601185975977721,False,7
ABLBL.NS,83.61000061035156,149.99351685072722,-44.25759035068175,1749379.7976190476,-2.858137670727312,-7.058691127996153,-16.538600058779007,-13.71999420229929,-0.12147129691225382,84.66766706433283,86.00351940818295,90.58028778076172,95.69120971679688,103.18310760498046,235,-44.93095421162489,1.5925812313403842,True,7
ACI.NS,470.45001220703125,722.5861228075659,-34.89357221819797,199996.644,-4.9979804906896135,-7.034873321744229,-12.701801652626731,-16.46678315444913,-0.12304026470985477,486.4659087771078,495.1691730840296,521.0310028076171,536.239147644043,544.7702764892579,249,-36.118340564029104,0.0,False,7
BIKAJI.NS,548.25,799.7353085989655,-31.446067954600597,164944.804,-6.625227420007718,-10.063972776076458,-16.7125128894692,-11.385285613237562,-0.12243185409351848,580.6370918853103,594.5293558711255,621.6173205566406,640.8015393066406,655.7995739746094,245,-31.56485878411838,1.7421594263071771,False,7
INFY.NS,1037.699951171875,1691.3991593070652,-38.648429292290686,11241876.186507937,-8.168145913993364,-11.685110538563826,-9.26023318248178,-15.07208919548727,-0.11960742332051544,1081.4912759062602,1102.9229012306405,1113.5680004882813,1117.508372192383,1275.0568362426757,153,-41.91790749047472,2.462568892644179,False,7
CELLO.NS,332.79998779296875,670.829945323981,-50.38981337777919,408105.16,-2.6900620488395477,-9.993241976208589,-14.2228874519277,-17.453162961043112,-0.13515786020121226,342.2331262328009,348.09151309119625,356.27874938964845,373.1614358520508,427.0498143005371,216,-50.50906681876599,5.252228975209694,True,6
VOLTAS.NS,1165.0,1577.544205432766,-26.151039318710765,985160.1944444445,-0.42735042735042583,-9.65490500193874,-12.247663345592773,-17.36247933343297,-0.1259300678017381,1171.7101542387365,1198.2162621818868,1268.1760034179688,1290.567869873047,1345.115938720703,135,-28.28093054269203,12.786243352638337,False,6
IRCON.NS,113.26000213623047,188.0146956609217,-39.76002687551022,3578269.3095238097,-5.023059005257469,-10.039713452307042,-18.471059869658834,-13.02411221431955,-0.13261211437612624,117.26163470539043,119.95195228051993,125.59220001220703,133.58220001220704,141.6108664703369,247,-40.137656444293036,10.42098076325697,False,6
IRFC.NS,81.08999633789062,135.7285614195044,-40.25576084368792,12756076.57370518,-1.8874835561858094,-8.123731729886941,-16.470957140061625,-17.98320992958764,-0.13948065815449512,82.48584934578845,83.92960569469832,86.92320022583007,92.80520011901855,101.15165225982666,177,-40.98515622916592,1.9362700730608084,False,6
OSWALPUMPS.NS,282.45001220703125,840.0,-66.374998546782,642310.7380952381,1.1640400637196402,-8.101510786402278,-33.36871519842366,-3.534827874807045,-0.12928443860358407,283.6714597726058,292.342561846499,331.73700073242185,365.8365005493164,388.49074981689455,249,-67.61309669131325,1.3501032454027229,False,6
AFCONS.NS,253.8000030517578,476.09320955207187,-46.69111048852318,1105788.1785714286,-13.319667475118479,-6.553756499170937,-21.870128930675804,-8.351156504116553,-0.12544219328195397,275.2297847675782,278.65985951681466,282.9768405151367,301.7691648864746,319.046834487915,231,-47.699317065607914,1.9471983276637461,False,6
PNCINFRA.NS,175.39999389648438,324.36408636405883,-45.924964794154356,488757.94023904385,-4.137294241523016,-21.436890525806295,-14.96169952110068,-13.108098005479896,-0.14432856587835724,183.79215808731644,194.1705759154773,221.36219940185546,219.00969955444336,219.7009996032715,246,-51.23689556943769,1.8606955074117915,False,5
CIEINDIA.NS,379.6499938964844,518.5450350593709,-26.785531009275545,372349.9799196787,-1.1199422252468283,-7.78479897018558,-18.319706569013917,-18.244750043406533,-0.14462766004628588,385.80555683700527,393.40343566414055,420.3389990234375,440.9024987792969,435.54581283569337,137,-27.4797823973162,24.69696810983053,True,5
TRANSRAILL.NS,410.3500061035156,814.1878618458627,-49.600083060290004,684850.1984126985,-3.9559328743251743,-12.820138271737491,-16.456935276805485,-15.94907168515487,-0.14276330198883608,424.9490984099469,438.0595540578666,468.8275451660156,492.53753540039065,513.8932041931153,248,-50.01153676286925,-1.1148838253669635,False,5
BSOFT.NS,281.6499938964844,467.1017114386881,-39.70264141636445,1671535.4722222222,-2.661141193920191,-10.173814427812179,-11.855208123018102,-20.641541508790684,-0.1411405604537616,285.2832432587126,291.19231602703815,296.4210723876953,309.51386108398435,352.6651625061035,147,-42.99578038947423,6.969524371513258,False,5
AGIIL.NS,272.95001220703125,434.3999938964844,-37.166202568576914,1811570.7182539683,-3.789213795364643,-8.37528774778118,-26.279537553806552,-10.771488181396727,-0.14246435467793359,279.6266439050945,285.6702113425961,306.012001953125,339.7560003662109,313.25900032043455,94,-38.0639982566201,33.74384236453203,False,5
TCC.NS,55.31999969482422,105.27999877929688,-47.4544069754465,1204353.3555555556,25.44218051909295,8.59835332979122,-20.311147862329758,-30.53741823356332,-0.14044422934256715,49.61750899209927,49.5866523087833,54.156919937133786,63.50355983734131,,134,-62.60448386362747,0.0,False,5
SHARDACROP.NS,765.5499877929688,1282.80960014975,-40.322399543657795,381279.7330677291,-0.36441568060615603,-3.42500618089705,-15.398576568384092,-25.085319064542656,-0.1537514340057232,777.801981485134,784.0701115980281,822.0410437011719,887.2811578369141,926.8373162841797,144,-40.98890436182961,37.71639263665199,True,4
TATAELXSI.NS,3383.0,5845.177388781378,-42.12322783406067,310823.50793650793,-4.918493535694212,-10.455267337215457,-17.86841466375334,-19.067732511720102,-0.15570520224826556,3494.369589159487,3561.8341057046296,3626.997998046875,3860.9588452148437,4337.644360351563,170,-42.6210758157507,6.096875295485105,True,4
KPITTECH.NS,553.75,1313.886868193049,-57.8540578031991,1913821.9642857143,-3.770963897247115,-10.757453666398064,-26.187852819263224,-15.409254387788762,-0.16548644723898798,567.4198338426115,578.3910653845222,582.6171215820312,656.2178009033203,800.392173461914,246,-59.01828612983502,3.1792582083002507,True,4
GODAVARIB.NS,233.64999389648438,353.0,-33.81020002932454,285722.609561753,-3.3305763977653835,-8.228598470069704,-22.452703829171238,-19.06824246029808,-0.16341885466661082,239.34580451056456,242.89905646731452,254.96399963378906,275.05499877929685,278.16219917297366,99,-34.61189594214766,15.145223355527882,True,4
ICICIGI.NS,1459.800048828125,2057.089271774458,-29.035649115563555,772022.93625498,-4.0678125997231085,-10.715593343845564,-15.8179995743976,-21.018552910985232,-0.15702720965454797,1509.692806747056,1550.453606181742,1639.026005859375,1713.382412109375,1794.4187145996093,208,-29.81831313881044,7.378607939674975,True,4
PIIND.NS,2259.0,3812.9263498994665,-40.754166414476856,267805.5515873016,-8.356997971602432,-9.43351017206907,-21.22625610977984,-21.723982506791405,-0.17779871667224573,2387.5152978521014,2442.7463138723524,2574.887333984375,2715.5168212890626,2914.296950683594,212,-42.537573534359794,2.1223661403856564,False,3
PATANJALI.NS,341.0,606.7969705604283,-43.80327909596225,2733282.5,-0.43795620437956373,-2.998205006068533,-19.341821511493396,-28.46226516321958,-0.17830889140387515,342.7136564402206,345.70065065859825,355.488359375,396.6372344970703,453.1180693054199,245,-46.265823838265796,1.6697283671958552,True,3
KEC.NS,406.3999938964844,927.0025895267679,-56.15977792425042,1113233.0714285714,-0.5262498985984299,-8.602271567534236,-22.096899042505868,-25.119092161177893,-0.18449785880589606,409.604404620119,419.66951808806834,451.76881591796877,486.1178039550781,553.8427543640137,243,-58.020614150048466,2.9047070424161214,False,3
AWHCL.NS,366.5,615.2145880235402,-40.42729039026355,379403.8486055777,-1.3193306346284128,-6.4215483948486085,-19.00057558657695,-24.406657441481507,-0.1687907839499825,374.1488612865925,382.31447804017375,413.7543756103516,444.51930725097657,463.8624658203125,246,-41.48383230694373,2.1458193117955604,False,3
RVNL.NS,204.89999389648438,398.20450175980454,-48.544028761362604,7178853.912350598,-2.102249924088806,-10.635370550743739,-14.251706255750662,-26.488326171940223,-0.17208141448058917,209.47672244535312,214.14348796707486,222.88379791259766,242.2334312438965,275.3010913848877,177,-49.26225283911969,10.873176469302415,False,3
HINDWAREAP.NS,178.39999389648438,392.70001220703125,-54.57092224320279,212679.688,-3.993118682203012,-12.924643867259855,-30.04196002533458,-13.853881379472954,-0.17538381201061828,183.7648514945629,190.42856913126857,211.8143994140625,222.25689971923828,230.8198501586914,224,-56.58263440284477,5.697958500564626,False,3
GRMOVER.NS,84.44999694824219,185.4499969482422,-54.46212006581397,2193779.832669323,-1.5848976215421917,-7.583716911215566,-4.284264156037065,-46.31619206733073,-0.21486989218140742,86.89409515872983,87.73484672148311,90.57160018920898,113.25800010681152,137.03508350372314,179,-55.81019234467075,19.588496279065872,False,2
CHEMPLASTS.NS,171.35000610351562,451.29998779296875,-62.03190544243458,359497.37848605576,2.5863661352994116,-6.032355158658764,-14.8444463452842,-37.8333261734813,-0.20534498791179592,174.7795885715623,177.47494052000792,188.4751998901367,204.03,233.1942497253418,248,-63.18413507852681,1.8068765946303467,False,2
PGHH.NS,7518.0,14166.08056390996,-46.92956907817438,12101.737051792828,-1.9497880665145129,-10.746346144459684,-16.547782656571442,-28.00838489730969,-0.185119367914387,7710.785800496708,7892.332353273376,8366.020859375,8897.666181640625,10130.292221679687,233,-47.00368979175236,7.320555602748691,False,2
CAMLINFINE.NS,101.68000030517578,235.0,-56.731914763754986,1140363.5697211155,-1.405989515038153,-4.489948168705215,-26.568932325557558,-25.185786501804543,-0.1908358288363394,103.4791423889376,106.26786665469709,116.82719970703126,122.97349960327148,131.67935005187988,246,-59.059574857671215,2.189585875114841,True,2
JAINREC.NS,284.70001220703125,593.9500122070312,-52.06667120872215,2636047.6525423727,2.428494226858402,-5.556476802693366,-23.46773865402386,-33.55117187639117,-0.2132923628461646,287.8772046368431,291.96641012065766,313.4790008544922,360.58200103759765,384.1377503967285,90,-54.11230201339454,35.44258406599867,False,2
CEINSYS.NS,707.0,1249.9000244140625,-43.43547594285128,82779.3309859155,4.300365193472944,-11.069182389937104,-25.66501754303553,-26.93639413401482,-0.20257862875156715,702.6028906452832,725.859632506295,809.6050024414062,887.0030017089844,,104,-46.235699906076476,16.422641772840652,False,2
GUJENERGY.NS,241.58999633789062,436.21192643803585,-44.616370691504095,983432.7370517928,-5.029025130279729,-11.978200307882014,-36.4956919880773,-33.11942431018501,-0.2709501989510157,248.56006442341672,251.87798647014765,260.7079333496094,311.6000259399414,343.8034991455078,250,-45.54203421416461,0.0,False,1
WAAREEINDO.NS,251.9499969482422,725.0,-65.24827628300108,79918.85657370518,-8.331820500905751,-15.76396128155052,-35.389155260629266,-23.244479223688597,-0.239005125740649,265.4780736817389,277.6462706415648,321.22700164794924,363.3995021057129,399.3542510223389,229,-65.37931034482757,47.1170616698759,False,1
VEDL.NS,263.70001220703125,795.0,-66.83018714376965,17360888.075396825,-3.087098018398704,-2.7296177535528376,-12.085347066090312,-61.118985976160744,-0.2892783186284183,270.7488007488118,272.14187887927096,270.44500030517577,303.28249923706056,476.63483863830567,103,-68.59119535242237,16.67258081966352,False,1
VMARCIND.NS,349.1000061035156,1708.0,-79.5608895723937,104701.6129032258,8.736962895832633,-7.645501030815971,-75.05805022582986,-48.91717974361662,-0.4273969088177553,343.6230638570188,351.8072366008743,317.7331671142578,757.8381689453125,717.1943341064454,60,-85.48009367681499,74.24607841132197,False,1
FIRSTCRY.NS,168.8300018310547,406.0,-58.416255706636775,2839293.912698413,-6.288855240203118,-21.159053744157262,-23.028173315470426,-24.51151064676663,-0.21573752526199544,176.6701932220235,184.28913719061018,201.45839965820312,214.2436994934082,236.17084953308105,250,-58.879311096492074,0.41015280145650923,True,1
ORIANA.NS,1222.199951171875,3064.0,-60.11096765104846,58830.12048192771,0.024545932712971563,-12.160419022088199,-24.71356826466684,-32.44714930651513,-0.22822559413152446,1239.3795088851725,1270.53213355967,1374.0510034179688,1593.0369995117187,1799.7564984130859,205,-61.65306947872471,15.48593272937422,False,1
PENIND.NS,,279.8999938964844,,798304.828685259,,,,,,171.886136189651,167.87093668831506,165.55659912109374,163.5218994140625,168.79954948425294,212,-53.87638123662812,12.211294023130037,False,0
RCF.NS,,156.00738096015974,,2007166.796812749,,,,,,115.15385735123346,117.83749339580909,124.19560043334961,126.68649978637696,128.81863262176515,205,-32.05449681443619,-0.2851303690228124,False,0
PETRONET.NS,,322.6775170144611,,2954293.035856574,,,,,,288.8718563715507,288.01110377373004,282.16100036621094,278.2712631225586,278.1981204223633,134,-27.89522139859414,12.252696003715924,False,0
RECLTD.NS,,381.3442016302781,,6662247.400793651,,,,,,317.86755647140745,324.3168979010871,342.27193542480467,343.94851837158205,343.23184951782224,103,-18.603720059332584,7.937833964908925,False,0
PERSISTENT.NS,,6552.654707500795,,632981.3174603175,,,,,,5575.480757030309,5571.496612500414,5382.25427734375,5139.1416796875,5404.727514648437,181,-35.44892272409997,10.39281895417039,False,0
RAJRATAN.NS,,563.9500122070312,,208475.72509960158,,,,,,502.0609045079349,501.42357477949014,498.17473754882815,464.45276641845703,448.37958786010745,27,-14.34524739124633,22.06893354065713,False,0
RAJESHEXPO.NS,,237.8800048828125,,475821.0119047619,,,,,,79.54036447703072,80.17012108282631,84.65619995117187,95.39689994812012,124.96554969787597,182,-69.46780067152012,27.94387196124408,True,0
RAINBOW.NS,,1610.0,,152945.576,,,,,,1449.0930513316164,1455.8970395586957,1475.1762670898438,1409.9305236816406,1324.7621795654297,26,-12.459625812791153,19.525442484135812,False,0
RAIN.NS,,250.82236847510148,,4414317.111553784,,,,,,212.3370715547609,210.51516291560517,211.12055114746093,189.82823333740234,160.11394916534425,24,-23.013243484827317,13.211767621915937,False,0
RAYMONDREL.NS,,734.9000244140625,,565515.2380952381,,,,,,560.4429381001391,570.1194120481454,625.9469995117188,598.5408694458008,524.8978944396972,44,-31.8206597975749,25.64631817563989,False,0
PFIZER.NS,,5489.439888599995,,32665.952,,,,,,4465.845009822383,4602.589121943476,4693.553642578125,4621.704526367187,4709.1725561523435,228,-25.675477229052113,7.005321543913179,False,0
RAYMONDLSL.NS,,1348.3018107388446,,168597.25,,,,,,679.268485031331,690.743986906264,717.9569982910157,746.2645660400391,839.5835186767578,250,-53.40434945676365,2.512612206578102,False,0
YATRA.NS,,202.0,,2568540.521912351,,,,,,113.32109659474183,112.75816982372848,111.4527995300293,107.62519981384277,125.3833996963501,206,-55.4950487495649,16.3828668194828,False,0
PARKHOTELS.NS,,163.5856890825765,,294176.8650793651,,,,,,112.67258094066219,114.31554074162946,120.08779983520508,120.48959983825684,122.37609996795655,251,-41.86533124782357,0.0,False,0
RATEGAIN.NS,,1050.0,,522632.928,,,,,,881.8142696349179,900.971237007478,927.03900390625,827.1115020751953,710.8472511291504,25,-20.64285714285714,22.284052048790848,False,0
YASHO.NS,,4994.0,,32947.48995983936,,,,,,4115.647261639937,4120.83167747304,3729.9315380859375,2948.784089355469,2192.8479187011717,17,-21.12735477885963,71.29774200505254,False,0
RAMKY.NS,,705.0,,215632.54618473895,,,,,,348.3633612556689,360.1288077776665,380.25299865722656,416.9785006713867,460.83850021362304,231,-52.76595744680851,13.246909766816772,True,0
RAMCOSYS.NS,,967.5,,701352.342629482,,,,,,593.6743379066058,596.1041383165747,669.8500048828125,583.6860025024414,538.85650100708,47,-44.48061763162144,130.50026608963026,True,0
PGEL.NS,,644.4000244140625,,2888194.507936508,,,,,,560.6247523847566,573.5748432717443,591.6880041503906,551.312001953125,556.9685014343262,173,-32.25481513755169,19.363995865367745,True,0
YATHARTH.NS,,1024.8499755859375,,494831.8844621514,,,,,,966.4504599359298,939.1686728551488,877.4897045898438,850.2517456054687,762.1416137695312,9,-6.932720835783535,11.833252768105297,False,0
PASHUPATI.NS,,118.3499984741211,,75401.50996015937,,,,,,82.31301354596765,83.431980345207,85.47359985351562,87.58069984436035,87.98097492218018,104,-42.7545408757952,10.3957350934621,False,0
PAUSHAKLTD.NS,,826.75,,33892.33502538071,,,,,,762.9878388143849,750.1244901501934,668.091357421875,570.5441220092773,,6,-11.70244934986393,47.60875476212269,True,0
RATNAMANI.NS,,3330.2583637320286,,60041.332,,,,,,2713.656323548273,2620.087012147912,2499.82189453125,2562.0526733398438,2418.6510760498045,88,-35.5874364768606,31.420683079854726,False,0
PDSL.NS,,416.5630259242535,,270592.3,,,,,,354.8086667258039,358.8087196265092,361.4797204589844,334.1773931884766,329.21035072326663,42,-18.295675582737925,30.105513280209717,True,0
ZOTA.NS,,1740.0,,63003.416,,,,,,1100.5513717882673,1120.6334083976444,1234.3640014648438,1245.52099609375,1301.6224975585938,201,-41.26436781609195,14.92975253744242,False,0
VRLLOG.NS,,310.20001220703125,,241276.74,,,,,,293.52580465624624,290.97017867325957,269.85720123291014,256.76550033569333,259.80082611083986,21,-8.413928135533455,24.00065497216053,True,0
ONEPOINT.NS,,65.8499984741211,,1413367.8247011951,,,,,,56.65491156766915,56.47697559353558,56.28379989624023,57.42100009918213,54.06305011749268,75,-21.36674262848115,42.10765711909341,False,0
VOLTAMP.NS,,12724.746990128295,,50841.235059760955,,,,,,11013.491552366131,10782.48679993175,10049.7255859375,9963.050078125,9041.946611328125,93,-30.42058661625352,42.038686151415014,True,0
RAMRAT.NS,,602.4500122070312,,201786.5737051793,,,,,,536.480640853132,521.5137548766459,466.8777667236328,441.3143569946289,376.7488021850586,10,-15.49506253000722,50.515156063193544,False,0
PRECWIRE.NS,,524.9000244140625,,994961.844621514,,,,,,471.2462033546659,458.09505926583176,414.9327917480469,413.249453125,343.3753215789795,8,-12.183274763307095,31.614317126495184,False,0
PGIL.NS,,1269.800048828125,,287678.90079365077,,,,,,1166.1622098010698,1160.8164219287432,1101.7650012207032,971.2369622802735,874.3348876953125,25,-12.761855614801554,51.08835984851574,False,0
POWERMECH.NS,,3121.8022272575336,,93968.444,,,,,,2428.010131539265,2461.242198062496,2538.5574609375,2561.3347021484374,2362.586611328125,249,-45.01126058784111,0.0,False,0
POLYMED.NS,,2103.492450651864,,196559.03174603175,,,,,,1735.7857195378158,1736.2728298284121,1715.3222119140626,1619.4081677246095,1579.9891577148437,246,-43.92257539148584,3.674247833915678,False,0
PSPPROJECT.NS,,1143.0,,171710.3253012048,,,,,,879.3340202843725,898.2658050303631,970.3520043945313,911.7825012207031,844.1725006103516,48,-25.748030428081258,34.352078239608794,True,0
POLYPLEX.NS,,1264.0,,96268.66533864541,,,,,,1163.1984574327828,1163.377141371192,1127.0640002441405,1027.316000366211,930.1692514038086,21,-12.00949753387065,28.418996766257475,True,0
PRUDENT.NS,,4105.5,,37709.04,,,,,,3338.282361951335,3330.1897225122602,3189.5918408203124,3004.5158544921874,2734.6818237304688,8,-22.055778833272445,21.793550138190042,False,0
POONAWALLA.NS,,570.4000244140625,,1997621.6587301588,,,,,,460.60289554469074,467.4112044841263,473.9660009765625,444.0175006103516,442.18150024414064,235,-36.67601740058301,21.224913231298537,False,0
PRSMJOHNSN.NS,,176.0,,1004041.348,,,,,,112.0904350010115,111.06295585448127,110.17059951782227,116.80589981079102,122.59574996948243,244,-44.82954632152211,10.985860073279241,True,0
POWERICA.NS,,676.9500122070312,,395458.07826086954,,,,,,534.4060999602119,532.6619732593226,543.7549963378906,540.0599963378907,,57,-27.52049855249442,34.358499266208995,False,0
PARACABLES.NS,,75.69999694824219,,1786660.392857143,,,,,,65.33832308925543,64.79301276217564,65.0058000946045,62.33939994812012,49.0732500076294,51,-23.011887544534204,54.95903641966571,False,0
WINDMACHIN.NS,,343.8999938964844,,99793.264,,,,,,304.76592718919557,304.8716201838147,302.04599914550784,300.88179962158205,278.89384971618654,66,-22.76824343781101,14.052171790081513,True,0
ORIENTTECH.NS,,466.7272644042969,,1517444.626984127,,,,,,236.9445664953293,241.80743889425221,254.54340087890625,261.5683016967773,286.52290519714353,234,-52.69185670274182,48.33595687104262,False,0
PANAMAPET.NS,,595.8726432274872,,351025.35059760953,,,,,,487.2778081742772,483.6835667231605,466.7744189453125,404.9434841918945,342.79468948364257,22,-23.874244364172647,28.454949333894586,True,0
PPLPHARMA.NS,,231.92999267578125,,4824633.243027888,,,,,,215.549336152598,212.40490410421913,197.84639953613282,183.47789947509764,172.1611994934082,3,-8.675029428088488,30.518913058914766,False,0
PHOENIXLTD.NS,,2166.9299087704976,,525447.004,,,,,,1903.752358824273,1913.7692483389797,1970.7797094726564,1886.9527380371094,1806.160242919922,43,-14.038162630164774,23.852935708089728,False,0
ORKLAINDIA.NS,,760.0,,224206.92558139534,,,,,,585.0490398672104,580.4591550915337,575.6189965820313,601.4009973144531,599.2222479248047,214,-29.835526315789473,0.0,True,0
WINDLAS.NS,,1181.9000244140625,,68298.04780876494,,,,,,1097.6542349699512,1044.8323269165733,929.2535302734375,874.588861694336,827.8484121704101,4,-4.962350723627306,36.517984049999995,False,0
PRIVISCL.NS,,3774.7057070510364,,120051.616,,,,,,3451.6442020338663,3467.956559113649,3561.2011181640623,3450.182619628906,3187.830911865234,36,-12.488540691856842,11.7276974108802,False,0
WEWORK.NS,,794.5,,343461.68260869564,,,,,,674.2289650709017,681.7480427067367,705.8830004882813,648.0489981079102,598.0759992980957,26,-18.61548450774858,17.10752600036416,True,0
PANACEABIO.NS,,647.0,,543607.9087301587,,,,,,390.25609097995346,398.3475195965956,442.44300048828126,450.74949951171874,402.23149932861327,68,-42.80525690989664,84.11087208808365,True,0
WHIRLPOOL.NS,,1428.4580610250364,,490683.64940239047,,,,,,798.734639527239,794.4879732440104,787.7505407714843,820.8281774902343,848.7959024047851,216,-47.73834212323615,5.195485566582447,True,0
PRABHA.NS,,262.79998779296875,,177362.203187251,,,,,,231.90276073634277,214.92320766769785,174.9722006225586,167.62980041503906,168.3978875732422,2,-7.739719187173321,65.79036436118015,False,0
PRAJIND.NS,,422.8048706122484,,1901610.2430278885,,,,,,336.1122739129607,336.9543136662899,335.20770874023435,350.9315133666992,332.2080712890625,100,-29.66211212865213,29.190298527783675,True,0
PAGEIND.NS,,45150.8475731383,,27581.364,,,,,,35846.506935199475,36276.61897942317,38300.85953125,38246.47828125,36209.428671875,245,-34.60748339830179,2.4624376127759584,True,0
ZAGGLE.NS,,405.3999938964844,,1682620.7450199204,,,,,,183.52860134631445,187.35716234713752,198.41279937744142,210.7192999267578,248.6732497406006,206,-61.92402492986565,10.230705678540852,True,0
PRECAM.NS,,237.10073055710055,,499409.56746031746,,,,,,122.8921964577218,126.66547003617532,136.092589263916,144.3444736480713,144.86157970428468,250,-56.457286591025316,2.8795854734243953,False,0
POLICYBZR.NS,,1964.199951171875,,1773729.904,,,,,,1818.5854415656695,1791.1119379676938,1680.7399926757812,1669.1909997558594,1651.8590032958984,189,-30.556968032393318,12.14048478572689,True,0
PTCIL.NS,,24125.0,,22048.296,,,,,,22554.724620272635,21642.075919501156,19335.98,18253.96,17898.9,4,-7.564766839378234,35.38234291557778,False,0
ORIENTHOT.NS,,148.08615521805814,,804768.7222222222,,,,,,139.50038866747005,137.76999869471953,134.4446144104004,121.46274047851563,111.47645217895507,39,-19.560337986237265,44.12679229171719,True,0
ZENSARTECH.NS,,845.3898333433813,,1504078.107142857,,,,,,452.8585625382187,464.85154542156397,487.9130712890625,480.42551666259766,552.0022885131835,246,-51.15020428245687,3.9222813878485585,True,0
PICCADIL.NS,,809.7000122070312,,250132.11111111112,,,,,,622.5460581173788,646.2896029376144,694.1919982910156,642.4405004882813,607.3252490234376,23,-26.44189618294717,34.64532871972319,True,0
XPROINDIA.NS,,1572.6395438881225,,63290.05158730159,,,,,,1273.0397226373275,1241.394207159065,1274.9739306640624,1227.0230548095703,1097.613463745117,50,-36.70513829551298,29.616784782035023,False,0
RACLGEAR.NS,,1690.2278315095687,,83591.390438247,,,,,,1559.9002282031834,1518.0650974459575,1407.7219995117186,1352.7020031738282,1266.802687072754,142,-32.316816782133095,61.16544105490067,False,0
WAAREERTL.NS,,1358.0,,635877.2341269841,,,,,,851.8029134767082,867.8016003708863,921.0880029296875,955.3909997558594,937.9679989624024,221,-42.59941089837997,18.4562017307641,True,0
WONDERLA.NS,,647.2742573041866,,88437.096,,,,,,521.774396816535,513.8425186511221,490.13961120605467,490.66105224609373,504.29922134399413,248,-29.994619720764227,1.8759464608234522,True,0
PIRAMALFIN.NS,,2326.39990234375,,398227.07009345794,,,,,,2257.160298108172,2216.8718126745266,2147.16,2064.900274658203,1888.1218914794922,2,-2.9401609875774115,6.4746543778801735,False,0
PITTIENG.NS,,1197.3392312853555,,62131.87951807229,,,,,,1124.8704124168787,1091.3805066842633,1004.6243518066407,978.9831860351562,899.6196734619141,3,-5.3587838586405585,20.31227018884245,False,0
ORCHPHARMA.NS,,1133.0,,117936.81673306772,,,,,,982.4021688334269,985.5177660313472,1000.9749987792969,896.4424951171875,786.5449978637695,22,-18.473079240332634,2.900350494296533,True,0
QPOWER.NS,,1570.0,,698956.2023809524,,,,,,1455.65929169437,1397.5150978781699,1248.8944311523437,1225.2381622314454,1016.0563934326171,4,-8.216560509554139,21.79974104878253,False,0
PIXTRANS.NS,,2089.0,,39497.04016064257,,,,,,1773.3582162487032,1792.512865929082,1803.899794921875,1692.9978784179686,1556.0137707519532,22,-18.14265198659646,23.439033158413558,True,0
PARADEEP.NS,,200.0165475038783,,6638062.183266932,,,,,,156.522072394167,154.06833094325282,146.71709411621094,137.14489952087402,134.9131995010376,237,-50.64112582584988,8.280398397353771,True,0
WALCHANNAG.NS,,315.79998779296875,,1512046.742063492,,,,,,214.2770870184075,218.24483924340868,230.46460021972655,241.67230010986327,205.8861003112793,60,-35.33882050618982,42.3650642443812,False,0
YUKEN.NS,,1134.699951171875,,9934.62,,,,,,1010.3624580033832,957.8554242016247,831.3928601074218,768.6149853515625,773.0605770874023,1,-6.468661805082954,44.54128774714496,False,0
VMART.NS,,886.8128854091074,,628231.716,,,,,,829.0650398747217,824.1218969981239,795.430048828125,739.7721240234375,686.5838627624512,227,-48.43468856895955,17.123702490912574,True,0
PNBHOUSING.NS,,1211.5,,1195063.780876494,,,,,,1160.4516192931694,1153.5719647296967,1118.1436181640624,1072.5753826904297,969.6052938842773,11,-7.106890267101729,13.543238860562766,False,0
ZFCVINDIA.NS,,3038.7327548607846,,134875.1593625498,,,,,,2538.8700048625533,2549.866990929837,2486.16765625,2479.498312988281,2446.6146936035157,56,-25.62689178951708,8.372382671390222,True,0
WELENT.NS,,825.0,,295314.55555555556,,,,,,755.2737334458903,709.8568373640439,635.0189978027344,583.5783471679688,532.5026249694824,5,-8.193936434659088,32.5081393462439,True,0
PURVA.NS,,287.95001220703125,,789283.808,,,,,,216.2383882719264,216.24688374650526,217.70899993896484,217.06749969482422,219.78775001525878,249,-44.19517429092073,0.0,False,0
WELSPUNLIV.NS,,216.0,,3998310.9682539683,,,,,,203.67829478968704,194.7973034153977,175.59090454101562,159.60340438842775,143.77596199035645,4,-5.314812836823634,21.71241397215793,False,0
WENDT.NS,,9853.863770660659,,9595.12,,,,,,8297.928334537717,8212.584706206751,8032.974912109375,7613.863583984375,7398.223735351563,249,-40.7948646975842,0.0,False,0
ORIENTELEC.NS,,215.64378647408492,,614878.9960159363,,,,,,177.77279861427655,179.4435095614268,178.56472381591797,180.7111657714844,177.0768564605713,216,-31.181035018015855,2.5079703776757167,True,0
PNGJL.NS,,736.4000244140625,,360933.04761904763,,,,,,608.4257218132171,609.1793358561908,615.6329992675782,598.7384997558594,593.2079995727539,90,-30.87995883691065,36.733362974778096,False,0
PNGSREVA.NS,,644.0,,354166.9104477612,,,,,,526.7357119890504,526.8449438596613,486.262001953125,441.3615005493164,,22,-24.22360248447205,61.46442457796522,True,0
PNBGILTS.NS,,106.0,,939460.3466135458,,,,,,79.7339826986173,79.98646937634479,83.06299987792968,82.1516999053955,79.75644973754883,244,-44.71698257158388,3.813897319444015,False,0
TTKPRESTIG.NS,,762.9636442781316,,257657.84462151394,,,,,,566.2892903400607,581.4269980626988,616.6760046386719,574.7485342407226,564.0512191772461,219,-45.15041604845462,6.387879061161739,True,0
REDTAPE.NS,,161.05605346448013,,630883.6454183267,,,,,,118.99893582731471,121.64141838127064,127.50342544555664,129.4371701812744,124.9176953125,244,-34.23241516119647,15.98041028195929,False,0
SWANDEF.NS,,2750.0,,13632.172,,,,,,2510.5131433520837,2470.740409054022,2405.096005859375,2190.2270068359376,1933.4177502441407,22,-17.09090909090909,29.14847796165061,False,0
STUDDS.NS,,596.0022160423393,,178270.8738317757,,,,,,426.6763189063187,432.45264931880865,441.0597967529297,454.7741696166992,481.41093078613284,206,-31.283334199523182,1.9900120509422914,False,0
STYL.NS,,434.70430029318214,,268740.6359832636,,,,,,387.0432663167252,387.3046359715363,379.57761657714843,324.95902923583986,292.02297706604,238,-52.197970082470555,0.0,True,0
URBANCO.NS,,201.17999267578125,,9615063.907258065,,,,,,169.73040555810243,164.07027467984264,146.65520141601561,138.46610076904298,131.44465015411376,244,-49.94532229130317,11.928306466505155,True,0
STYLEBAAZA.NS,,447.1000061035156,,843439.8412698413,,,,,,394.95763219327273,386.4727836477638,340.352998046875,345.46799743652343,320.07924880981443,15,-15.678820207236942,49.214006074949815,False,0
SUBROS.NS,,1208.590392245295,,166886.412,,,,,,714.6243786365309,728.1956891870636,772.2650646972656,764.4525939941407,776.6726806640625,237,-48.74351449396115,29.242419428138476,False,0
SUDARSCHEM.NS,,1595.8711433648984,,233894.64143426294,,,,,,1241.2933394143759,1209.731499664491,1104.1660229492188,1003.6786895751953,949.9461117553711,241,-54.684966831265825,10.550525577911053,False,0
SUDEEPPHRM.NS,,1378.0,,551964.8442211056,,,,,,1250.5555714461657,1191.7731173071343,1011.1977258300781,872.8135339355468,,4,-11.937590711175616,56.40847027373459,False,0
SULA.NS,,289.08028915869943,,386079.37051792827,,,,,,144.81853687161205,147.22546997884936,151.68339935302734,156.35536682128907,171.1945580291748,243,-52.654226661475576,-1.2305813798466736,False,0
SUMICHEM.NS,,615.9651099206416,,481885.203187251,,,,,,499.7274763177625,511.54366154640536,520.297958984375,489.29107971191405,456.6881130981445,244,-41.27459745552486,5.606739726103882,True,0
SUNDARMFIN.NS,,5612.405266256894,,69319.69721115538,,,,,,4636.456812019667,4599.849255368201,4558.590576171875,4503.768405761719,4765.14519165039,132,-29.103155711844707,1.732214684211164,True,0
SUNDROP.NS,,874.0,,17750.892,,,,,,661.13308532074,659.733814110394,657.017998046875,660.1279992675782,661.1894995117187,244,-36.38443935926774,3.453334199810465,False,0
UNIVCABLES.NS,,1774.9000244140625,,178439.28968253967,,,,,,1572.8530093436439,1571.8744448398381,1430.06533203125,1269.234609375,1018.9306338500977,23,-16.784045316152753,40.59797905360525,False,0
SUNFLAG.NS,,426.7608500985104,,341979.6468253968,,,,,,341.5355499399998,345.9761761572922,351.6120623779297,353.83780181884765,300.2887861633301,91,-24.46261602410188,74.28243260254274,False,0
SUNPHARMA.NS,,2046.9000244140625,,2562933.146825397,,,,,,1894.7963901294545,1907.4696746282661,1930.22841796875,1875.9301403808595,1799.5143005371094,30,-10.083542036848902,11.980515353409537,False,0
SUPRAJIT.NS,,557.028538620579,,161519.46613545818,,,,,,491.4438847847532,496.56204624256895,499.69419067382813,472.51260345458985,454.5688851928711,24,-16.52133279355448,13.003093301736524,False,0
UNIPARTS.NS,,915.9500122070312,,209107.272,,,,,,878.0577043072678,849.942138779247,762.8680725097656,675.7948495483398,570.2929411315918,7,-7.200175918784158,39.97751552846851,False,0
SURAKSHA.NS,,349.0,,64040.03187250996,,,,,,333.229020540849,323.04390303208964,287.1560006713867,285.48349960327147,278.52969947814944,2,-6.690546161465793,28.40474435106657,True,0
SURYAROSNI.NS,,308.0746845932235,,628917.2857142857,,,,,,217.6924553132409,220.4797847030207,232.33901397705077,240.49050308227538,239.4689372253418,211,-39.88253189981289,1.4534421793292562,False,0
SURYODAY.NS,,218.0,,885867.772,,,,,,153.3642008315822,155.57689429420833,166.69892364501953,165.68699569702147,149.5148028945923,34,-31.614678059149227,19.001336801846392,True,0
SUVEN.NS,,403.3500061035156,,799894.609561753,,,,,,367.4942139625363,360.74203164372125,339.9860009765625,294.0353010559082,226.04230079650878,7,-11.974716147184383,19.492719214109556,True,0
UNIMECH.NS,,1652.800048828125,,119065.50199203187,,,,,,1531.6112799905939,1492.6887885476172,1361.566005859375,1206.006509399414,1048.8582537841796,2,-6.703778167642538,31.487776578040826,False,0
STOVEKRAFT.NS,,873.3447454599583,,222562.532,,,,,,829.4304506069358,814.4010679571124,788.7334033203125,702.0474475097657,618.3426489257813,5,-5.535585541823684,5.311007175167082,True,0
STLTECH.NS,,897.2999877929688,,4002716.864541833,,,,,,768.7463406341305,718.2803811205603,619.1910028076172,553.0466998291016,348.34254970550535,1,-6.3858228655397475,58.272385764347675,False,0
UTIAMC.NS,,1362.8249046583157,,162998.76984126985,,,,,,895.9788665754421,895.439243577302,911.6668798828125,910.6652008056641,958.7995684814454,243,-36.77715007604236,3.1479158144920527,False,0
SOUTHBANK.NS,,49.41417107532308,,22372391.575396825,,,,,,46.33992975539625,46.13992210213892,45.8994709777832,44.1090022277832,41.72569803237915,48,-13.807617024037977,24.75790656740533,True,0
SMCGLOBAL.NS,,95.0,,1033497.9357429718,,,,,,82.1556747612997,80.99397474184275,78.75000030517577,72.32455436706543,72.99419321060181,1,-13.157894736842103,6.9297082101776875,False,0
VADILALIND.NS,,8379.661952680708,,18251.602409638555,,,,,,7489.7853415064965,7435.168716882254,7073.233359375,6104.609577636718,5433.383743896485,20,-16.277967029557416,25.25152190341362,False,0
SMSPHARMA.NS,,447.79998779296875,,586628.8645418327,,,,,,390.98477130355155,381.3319020612919,380.7209997558594,385.29799987792967,367.47100006103517,106,-22.007590549227828,37.41964916698832,False,0
SOBHA.NS,,1724.929636640264,,169706.64940239044,,,,,,1252.7309834689395,1274.7424531147294,1353.8520239257812,1371.8804418945313,1392.254585571289,211,-34.75750608977764,5.810970586737629,True,0
SOLARINDS.NS,,22625.0,,148502.73705179282,,,,,,21532.02570081459,20821.294593392002,19371.6414453125,18347.34298828125,15816.496572265625,2,-1.966850828729283,22.330915592249667,False,0
SOLARWORLD.NS,,388.5,,542855.4201680672,,,,,,146.82837915477035,151.86804461322208,175.29640075683594,186.9586003112793,206.9699504852295,237,-64.17245754403957,0.0,True,0
SOMANYCERA.NS,,576.7999877929688,,104127.1485943775,,,,,,556.5087500256567,546.048061309399,522.5943762207031,507.7177215576172,452.91304565429687,6,-4.3689342476332165,12.578198488341851,True,0
V2RETAIL.NS,,259.25,,1254940.8486055776,,,,,,219.3810478288428,219.7938436876553,221.16299987792968,223.3929997253418,215.86949989318848,70,-18.491804220407428,29.103719041600563,False,0
SOTL.NS,,850.0999755859375,,320395.11904761905,,,,,,705.3678846613021,698.2344298021279,653.0447143554687,561.392836303711,458.18116180419923,4,-20.550518314209075,18.991102686482385,False,0
SPAL.NS,,1218.4508944923061,,118203.38,,,,,,1025.3373063408822,1011.2851289942223,1023.6589196777344,936.0411224365234,824.1561801147461,45,-28.979458638176368,50.04455594599801,True,0
UTLSOLAR.NS,,494.25,,626110.5658536585,,,,,,439.187833821158,435.3129866591771,405.93399841308593,353.97119873046876,281.43094940185546,16,-17.005561516028077,54.281098546041996,False,0
SPECTRUM.NS,,2878.60009765625,,18111.36546184739,,,,,,2461.2817736040356,2356.873096679871,2228.5600170898438,1856.4330065917968,1561.2509997558593,1,-0.020846857357459392,43.19255970442262,True,0
SPLPETRO.NS,,965.127357372077,,185290.7529880478,,,,,,769.1746401826391,745.0666523318198,722.6906286621094,716.4374969482421,678.4392961120606,238,-52.62112747973704,6.417215042073754,False,0
SPORTKING.NS,,240.46267240987245,,370998.096,,,,,,220.62201917368114,218.08940002350184,206.58153533935547,185.53914108276368,144.5518868637085,28,-18.736285481356507,31.42742238589502,True,0
SRF.NS,,3198.0092293385956,,475556.97211155377,,,,,,2556.127366992833,2579.0956984427803,2660.8135986328125,2667.307626953125,2714.1958972167968,225,-26.50008833670603,6.15976667023177,True,0
SSWL.NS,,379.04998779296875,,635982.704,,,,,,350.40488349785414,332.7821518729022,298.3920007324219,258.3745002746582,229.08895057678222,2,-4.194695794362802,48.31896206115749,True,0
STAR.NS,,1225.262710817159,,387829.9126984127,,,,,,1120.79297443748,1075.352743359388,1041.3184375,1067.4359124755858,983.9487252807617,88,-23.99181175016245,28.84390364965146,False,0
STARCEMENT.NS,,278.27536461840623,,291085.48,,,,,,191.13858420653574,192.78037651110625,199.69019958496094,208.93549942016602,212.44608253479004,246,-35.27274850068648,0.27593883100247574,False,0
STARHEALTH.NS,,624.9000244140625,,648381.0039840637,,,,,,570.563888861451,573.6373811017017,583.1959985351563,557.9565014648438,510.2535008239746,30,-11.825895587594971,15.990503451603333,False,0
STEELCAS.NS,,364.0,,134313.924,,,,,,331.4562582497177,334.01750971115905,325.1381085205078,306.77665954589844,264.98116737365723,13,-13.832419259207585,15.72060181457573,False,0
SWANCORP.NS,,505.7501702925763,,1393944.876984127,,,,,,287.65838711549026,292.8975344941716,305.55633361816405,314.5717398071289,357.44149185180663,244,-45.89225867424267,3.501568361629226,False,0
SWARAJENG.NS,,4423.165232912786,,17005.29718875502,,,,,,3571.2060799832716,3579.065645360413,3637.8940087890624,3693.0717504882814,3611.0507849121095,244,-27.36413538855166,3.682779661784563,False,0
OMAXE.NS,,138.88999938964844,,1490580.584,,,,,,122.84832235089934,115.43600105422541,98.40280014038086,88.7895004272461,81.60825023651122,4,-13.046297664490114,50.72944277511626,True,0
SWIGGY.NS,,474.0,,13620154.908730159,,,,,,277.8573714865438,277.9741741132631,275.26799865722654,266.6077993774414,299.54689865112306,245,-50.26371308016877,8.201557469632604,False,0
THELEELA.NS,,582.8499755859375,,444390.8047808765,,,,,,549.6609860081658,543.2312767599519,514.1510028076171,474.0330017089844,448.89825088500976,9,-9.4106507477841,13.580249014194745,True,0
THEMISMED.NS,,148.0,,250314.796812749,,,,,,126.2056792875779,121.51225455998107,114.62760009765626,109.1355997467041,99.4971997833252,240,-56.114866926863385,39.9823242733427,False,0
THERMAX.NS,,5256.332008959298,,196958.75697211156,,,,,,3730.842433976777,3853.3738303963937,4205.901997070312,4387.952690429687,3744.4982836914064,54,-32.14850215091089,22.615918458359374,True,0
THOMASCOOK.NS,,179.38616047668899,,1685905.1952191235,,,,,,108.45805218421299,107.58067447809005,104.81598892211915,102.21881294250488,110.96903583526611,250,-52.081021060488034,0.0,True,0
THYROCARE.NS,,662.0,,790519.1075697211,,,,,,575.8860832922298,581.9156137411732,574.9569989013672,530.5804336547851,471.47132064819334,21,-16.367065798479985,22.0840917163998,True,0
TI.NS,,594.5499877929688,,796873.5099601593,,,,,,544.4126530109905,542.1090995206193,501.2760009765625,471.9910009765625,457.67649993896487,12,-12.538893166864916,26.266070507239505,True,0
TIIL.NS,,3565.300048828125,,19992.614457831325,,,,,,3207.346883213611,3151.3115979194654,2833.9399951171877,2678.6135327148436,2448.4472991943358,12,-13.053603907400358,34.69920986728321,False,0
TIL.NS,,371.95001220703125,,305959.808,,,,,,244.03952987004536,240.7439718200123,231.63680114746094,214.45450073242188,224.72888374328613,246,-56.64740026672009,15.746072862129012,True,0
TIMETECHNO.NS,,249.14999389648438,,2596868.4444444445,,,,,,186.82020798812752,189.20447394003725,194.57579986572264,186.5091995239258,184.66234970092773,243,-38.18984396042845,-4.051622584105741,True,0
TIMEX.NS,,687.7999877929688,,478701.0198019802,,,,,,629.3829683308388,616.2005766767218,576.4959985351562,498.41600036621094,,9,-12.910728317677433,27.0712542912668,False,0
TIMKEN.NS,,3921.832239688061,,54751.832669322706,,,,,,3170.012453357976,3174.4893783922225,3186.3540087890624,3376.04498046875,3281.7927099609374,59,-22.672608860384212,5.770847032011628,False,0
TINNARUBR.NS,,1317.7581839116879,,66815.63346613546,,,,,,1025.6680589834868,1031.4846451903118,1042.9939318847655,932.1809857177734,821.568969116211,38,-26.059002292054757,41.699561296687705,True,0
TIPSMUSIC.NS,,741.0,,401862.358565737,,,,,,650.0175755813937,652.8715407017768,669.2730004882812,660.4749987792969,598.244666595459,38,-17.42915309231613,10.531230423603088,True,0
TIRUMALCHM.NS,,328.79998779296875,,422651.284,,,,,,158.2488302685892,159.44142685266058,164.95079986572264,178.23419982910156,191.14284973144532,245,-56.35644606825356,4.985430301317861,True,0
TNPETRO.NS,,146.99000549316406,,508976.9801587302,,,,,,130.68048165751173,123.60620898228686,107.33159957885742,98.68279983520507,96.7447499847412,3,-11.388533143460954,45.890975314110726,False,0
TRAVELFOOD.NS,,1459.2622453212896,,82743.90873015873,,,,,,1286.8567832772244,1295.0757963546491,1307.070244140625,1269.9700048828124,1232.425859375,25,-14.943233764235542,15.051947054582925,True,0
TRENT.NS,,5240.256541606542,,1291547.388888889,,,,,,2841.2856097283216,2877.8571971331994,2943.266005859375,2918.2267724609374,2952.549543457031,247,-58.39049566635881,0.5124741573709457,False,0
TVSMOTOR.NS,,4484.5,,907630.5396825396,,,,,,4192.27354454865,4225.840599478374,4098.622006835937,3776.6309912109373,3719.7695922851562,12,-9.356675162364814,27.761877504293064,True,0
TRIVENI.NS,,487.9415273208757,,589025.7250996016,,,,,,275.229200193219,278.73799256212135,318.07217376708985,355.3332322692871,362.14814277648924,42,-55.10100044291393,26.270053464978773,True,0
TRUALT.NS,,542.0,,368746.7330508475,,,,,,426.51978584374774,434.75130412646115,442.3160003662109,463.06050048828126,432.8332502746582,67,-24.66789893118658,24.786013112334015,True,0
TSFINV.NS,,684.5682054144123,,144255.77689243027,,,,,,417.78887949281375,418.58736706868046,437.9509893798828,419.51398010253905,417.96873779296874,228,-52.0133152382439,21.346352291269245,False,0
THANGAMAYL.NS,,7430.0,,173978.0158730159,,,,,,5287.80966101159,5374.356821511041,5791.909384765625,5212.5806884765625,4379.543735351563,33,-37.94078061911171,56.589436180081144,True,0
TFCILTD.NS,,147.64999389648438,,8952150.247011952,,,,,,140.85561033557127,134.15177321904972,109.18000381469727,92.06518516540527,79.512721824646,6,-5.634942370036756,94.98858919166035,True,0
TVSSRICHAK.NS,,5717.877906976744,,15410.32,,,,,,5187.999996998351,4987.234709749209,4419.5201416015625,4151.3519360351565,4078.320076904297,7,-10.590271050392063,31.275081951465665,True,0
TBOTEK.NS,,1764.800048828125,,192233.68253968254,,,,,,1699.4030982997424,1683.0418566087988,1594.6839916992187,1443.3149975585939,1429.2990014648437,203,-43.09836896968315,6.941838649155718,True,0
SYMPHONY.NS,,962.0339215323946,,116593.36254980079,,,,,,598.6972684323338,607.0845732614902,650.0149682617188,688.7151953125,761.3858041381836,152,-41.37420860361956,6.518488308863524,False,0
SYRMA.NS,,1660.0,,1493258.0517928286,,,,,,1528.5692152047177,1493.475024931328,1430.0613330078124,1290.5419763183593,1037.35342376709,3,-4.084340290850907,14.610377279018705,False,0
TAJGVK.NS,,455.668555024895,,183402.72509960158,,,,,,337.2375053973171,340.5340370565511,350.15235717773436,337.5954837036133,349.2781321716309,250,-38.62346928178866,0.0,False,0
TALBROAUTO.NS,,451.0088983272933,,205461.11111111112,,,,,,416.915777266615,415.12026119467356,411.0193048095703,380.3313235473633,322.59554389953615,24,-12.643932470716946,15.693526283870485,False,0
TARC.NS,,186.3000030517578,,1037576.072,,,,,,125.85671108290929,125.12496164734354,125.84539947509765,128.1735998535156,137.62229984283448,169,-41.43854176759677,24.544656446674608,True,0
TARSONS.NS,,375.0,,458641.625498008,,,,,,330.1819833140853,330.4916066845968,317.9709991455078,271.6034994506836,239.86999992370605,19,-16.973331705729166,37.19442330816967,True,0
TATACOMM.NS,,2110.0,,509534.81673306774,,,,,,1735.980014073566,1730.2581859024854,1769.2759985351563,1787.3487084960936,1704.339263305664,58,-22.265405157731045,32.11708100693258,False,0
UNICHEMLAB.NS,,687.2000122070312,,257502.67063492062,,,,,,546.795871202104,542.7657588561484,542.6909973144532,469.740498046875,426.7014991760254,46,-29.816650287301314,78.76080608999865,True,0
ULTRAMAR.NS,,455.75,,56328.17647058824,,,,,,428.2607359610155,421.1325472975856,399.2044189453125,394.724091796875,,25,-16.62095447065277,11.384198246728626,True,0
TCI.NS,,1230.6142063952873,,32993.08,,,,,,874.5561074822855,887.0000254705092,913.3007165527343,920.6382946777344,970.9198846435547,217,-30.685019271912527,6.488535790487826,False,0
UBL.NS,,1834.8434605529826,,157676.7529880478,,,,,,1288.357048866865,1315.2346237955016,1356.0271118164062,1357.8866259765625,1462.884340209961,247,-32.1468001621902,1.6722439196612315,False,0
TCPLPACK.NS,,4410.89990234375,,7966.94,,,,,,3906.822793181141,3856.924740653489,3508.35220703125,3092.8741357421877,2914.149753417969,21,-16.094219276355414,61.041395975805735,True,0
UJJIVANSFB.NS,,73.94000244140625,,14761348.17131474,,,,,,65.99332729309373,67.207133174639,67.67080024719239,62.014300231933596,59.58880018234253,15,-16.959697729878588,28.126115224787185,True,0
TEAMLEASE.NS,,1944.300048828125,,47672.176,,,,,,1259.1978213465661,1261.5318388413623,1300.307998046875,1335.2550012207032,1364.3885021972656,246,-45.21421980039059,3.2457853092558775,True,0
TECHNOE.NS,,1477.4472896255968,,243549.609561753,,,,,,974.5146470412898,981.2795422055369,1002.8035974121094,1073.8935174560547,1074.8513632202148,248,-41.5361846717142,0.5498671916970066,False,0
UFLEX.NS,,723.5,,191406.016,,,,,,663.0427479491455,628.1103421048845,528.583998413086,474.02102813720705,463.0509091186523,6,-11.672427395581375,63.914515426256415,True,0
UFBL.NS,,850.0,,199702.6746987952,,,,,,724.6662473462671,736.986442768043,733.8929931640625,607.9139965820312,413.5943982696533,13,-22.52353084788603,27.668171459742275,True,0
TEMBO.NS,,83.55384731237945,,1513243.238095238,,,,,,57.62959218487344,57.87579977650936,57.47599998474121,57.93954998016358,58.527974929809574,211,-48.13524394339639,32.561926463665316,False,0
UEL.NS,,284.20001220703125,,11692.696,,,,,,208.82578935662528,204.09164588035392,175.79560028076173,160.5045001220703,154.59105049133302,22,-44.722026968432026,94.22557573663646,False,0
UDS.NS,,263.3715158058594,,284913.936,,,,,,220.80050242010017,218.7944867516009,207.32691284179688,190.61267486572265,176.4844087600708,246,-52.73359322925053,4.121067503430553,False,0
SMARTWORKS.NS,,619.0,,107965.76892430279,,,,,,537.6475662226964,527.7747266281585,497.21899963378905,475.5839993286133,457.6712496948242,214,-41.59935379644588,16.439544033409305,True,0
VAIBHAVGBL.NS,,286.0804190389319,,586403.664,,,,,,217.94786637544973,222.99165271949795,238.98289611816406,232.12583038330078,226.8126522064209,216,-39.893532870852866,17.540327978008396,True,0
RELAXO.NS,,503.95001220703125,,647428.472,,,,,,344.56721681131216,359.7809242106198,388.4230029296875,358.2974008178711,357.13740020751953,245,-53.07074228170834,0.9915001569104964,True,0
SAPPHIRE.NS,,336.70001220703125,,1362698.326693227,,,,,,229.60268938325223,228.28050423024,209.00840026855468,195.3663003540039,201.15320007324217,250,-58.44668886555281,0.0,True,0
RSYSTEMS.NS,,455.73088594983705,,799984.8525896415,,,,,,246.92962800694164,246.8928278875199,246.775400390625,255.8338003540039,296.23469024658203,250,-53.14778724565896,0.0,True,0
RUBICON.NS,,1899.0,,505289.77876106196,,,,,,1794.9617730232628,1759.691225007703,1610.2262329101563,1371.8311932373047,1050.1207202148437,10,-8.346498156924698,38.19180533390922,False,0
RUBYMILLS.NS,,488.29998779296875,,45187.82329317269,,,,,,425.4578231939349,409.38922590877087,387.74800048828126,332.7932002258301,271.73889991760257,2,-9.64570484607653,23.99790859565274,False,0
RUPA.NS,,208.29375509813576,,218238.724,,,,,,141.3435883063541,144.99798279001203,154.95943481445312,152.8281527709961,148.9116354751587,243,-48.68915525218659,1.7087434135873547,True,0
RUSTOMJEE.NS,,634.0,,140305.6064257028,,,,,,366.5505475468359,373.0282908915904,392.8229992675781,395.8805001831055,432.4805009460449,230,-44.79495268138801,2.174273223169121,False,0
SAATVIKGL.NS,,567.0,,337441.9834024896,,,,,,416.1387613682483,419.3699553713654,430.91,446.55649932861326,420.35899978637696,231,-42.15167548500882,21.22758910862499,True,0
SAFARI.NS,,2504.019782423858,,56971.0843373494,,,,,,1516.9261148114192,1516.7023847492414,1550.6864794921876,1543.1936730957032,1743.6181140136719,197,-45.63041226466643,13.85606329846465,False,0
SAGCEM.NS,,289.70001220703125,,83987.064,,,,,,155.41714601134987,160.17929409821306,170.75459899902344,174.96249954223632,184.5706996154785,249,-48.91267043018511,0.0,False,0
SAILIFE.NS,,1697.0,,560952.4761904762,,,,,,1577.2972571299729,1523.6582360044777,1389.5759985351563,1269.8069982910156,1098.5557482910156,2,-6.5998821449617,32.63141934574871,False,0
SAIPARENT.NS,,706.0,,251406.35087719298,,,,,,523.9687434588232,529.6223340634472,550.6760021972656,537.8615008544922,,51,-33.25070821529745,25.48782541416208,True,0
VIKRAMSOLR.NS,,382.0,,2746140.8492063493,,,,,,168.34696986194865,170.02024728101702,177.13860015869142,191.47710006713868,203.51635009765624,251,-59.32460605161977,0.0,True,0
SAMBHV.NS,,141.32000732421875,,1302166.733067729,,,,,,129.53395019975576,127.45189900128767,122.12420013427734,116.9868000793457,107.34185012817383,89,-29.238611083158016,38.34370039544688,False,0
SANATHAN.NS,,551.9500122070312,,40650.788844621515,,,,,,464.71040220845043,462.1827995537273,462.9860009765625,445.9215005493164,435.62599975585937,249,-36.117402245611565,0.24264776099385266,False,0
SANDUMA.NS,,272.33215508462166,,2978969.8174603176,,,,,,198.9888622668997,200.4375835315647,202.11501434326172,210.3000129699707,210.22917137145996,173,-37.54212581763986,26.838912494470502,False,0
VIJAYA.NS,,1578.0,,207986.1513944223,,,,,,1494.3854232622762,1479.6503624752102,1419.1000048828125,1344.6805029296875,1164.9972509765626,2,-6.41952147199778,7.881099616806053,False,0
SANGAMIND.NS,,672.5,,65429.698795180724,,,,,,580.0910334411656,582.9452419036529,591.9799987792969,556.3334963989258,502.35986175537107,38,-18.141263940520446,21.320354236146333,True,0
SANGHVIMOV.NS,,525.873954285097,,438905.8888888889,,,,,,446.62946607803957,454.27776889745155,456.23338317871094,409.99896545410155,352.09728439331053,24,-18.526101413504957,21.51597192113366,True,0
SANOFI.NS,,4965.296834526717,,21811.330677290836,,,,,,3144.934604361562,3187.6637458649416,3299.973994140625,3293.62298828125,3577.445677490234,249,-38.49310319649597,-0.1969723096768794,True,0
VIDYAWIRES.NS,,117.3499984741211,,4352881.753926702,,,,,,89.33568825535721,89.50719385343226,91.47199996948243,93.83810005187988,,75,-27.822754111990157,107.22868757098442,False,0
VIDHIING.NS,,387.8500061035156,,25771.41767068273,,,,,,345.5585762425095,339.41910628816714,319.7719995117188,306.3429998779297,313.3705001831055,203,-33.32473842104407,-0.9393973090544128,True,0
SANSTAR.NS,,137.49000549316406,,505003.0714285714,,,,,,108.96413397240528,109.33284579796432,110.90839981079101,109.96649963378906,99.13079975128174,57,-24.976363804853097,47.64222443485375,True,0
RSWM.NS,,238.0,,74897.396,,,,,,212.02423017968786,208.6835072824207,206.9893997192383,193.13990020751953,169.6799500656128,26,-19.747899159663863,9.118284409587552,False,0
RSL.NS,,192.77000427246094,,816321.1951219512,,,,,,182.42328082776132,174.7902342041411,152.85979995727538,142.4018000793457,,2,-3.511959393273767,48.77514387741522,True,0
RRKABEL.NS,,2983.800048828125,,441174.38645418326,,,,,,2591.3079897369394,2657.8763142432795,2583.963994140625,2305.384445800781,1865.7772039794922,13,-20.423625461220652,14.690478613377289,False,0
RKFORGE.NS,,772.7999877929688,,739323.0952380953,,,,,,721.4230405435893,718.5178659162937,668.0349987792969,622.3623681640624,574.9052580261231,17,-10.785452497738234,31.33491036461349,True,0
RELIGARE.NS,,280.0,,1403486.508,,,,,,249.96949254567704,245.86415638835598,249.8090005493164,243.39570007324218,237.5670500946045,55,-20.26785714285714,23.8178999420257,False,0
RELINFRA.NS,,274.45001220703125,,909209.9322709163,,,,,,57.6720470608129,60.091289143156686,64.47800025939941,69.85980060577393,95.46214998245239,245,-80.05101200042965,3.6642157544308773,False,0
RELTD.NS,,196.4499969482422,,419944.9603174603,,,,,,156.6618826985845,159.03085001798627,167.21519897460936,153.2819152069092,149.9809079360962,46,-23.390174427108,39.40502250733709,True,0
REPCOHOME.NS,,453.7097447808215,,145422.54365079364,,,,,,358.6310096733072,362.27834263659867,381.05799987792966,387.9149993896484,390.2903530883789,214,-26.472814405899214,15.723024058008006,False,0
RESPONIND.NS,,240.7572086823752,,655433.244,,,,,,157.71099125291946,158.64024114073592,172.2151937866211,174.35745971679688,176.15980827331543,39,-40.612371895302665,10.46991343442012,False,0
RGL.NS,,159.0,,1712886.3214285714,,,,,,145.65121686005236,139.14518905952923,126.33319961547852,116.289599609375,115.48979972839355,12,-17.754714294049723,30.065642320761587,False,0
RHIM.NS,,504.94444206371475,,843410.78,,,,,,371.58816626410743,374.8677857163544,388.40589599609376,387.95489318847655,405.8589128112793,232,-36.445013116387784,2.3285041482821844,True,0
RIIL.NS,,959.630048784558,,102090.16666666667,,,,,,737.0472916403078,744.3854874092223,757.2780053710937,772.5398071289062,760.0199383544922,233,-35.95954711981661,-0.26428685043949907,False,0
RISHABH.NS,,852.0,,154743.5341365462,,,,,,756.7972496917489,723.7977064817582,670.7487133789062,597.7218438720703,499.9630114746094,2,-6.8603300712478,25.314110081042564,False,0
RML.NS,,1440.0,,49849.29482071713,,,,,,1259.175411572779,1201.2819495306144,1163.6246044921875,1039.4744714355468,899.4013491821289,1,-5.437503390842013,14.217735249241814,False,0
VINATIORGA.NS,,1849.9000244140625,,54673.85317460317,,,,,,1321.8322350443248,1322.8550226712105,1322.58599609375,1325.9989978027343,1404.09349609375,239,-34.96945866677101,5.602997005735344,False,0
VISHNU.NS,,742.0,,114284.43426294821,,,,,,688.7489889118954,664.6258619887138,628.0635363769532,612.6953973388672,565.3336222839356,3,-5.087601078167115,21.618674887064238,False,0
ROLEXRINGS.NS,,189.39999389648438,,2734259.107569721,,,,,,175.5756256761667,173.60616316423102,159.51260009765625,152.0424005126953,138.75165035247804,14,-9.71488621406229,23.84006621656658,True,0
VIPIND.NS,,454.29998779296875,,605898.3386454183,,,,,,307.65807678874785,307.2465637413853,304.1199981689453,305.8319989013672,330.76674987792967,245,-38.751924394327155,0.8606088587026717,False,0
ROSSTECH.NS,,1241.699951171875,,207079.75793650793,,,,,,1158.84091117726,1125.967302185518,1053.1209912109375,1016.1779986572266,862.0474990844726,2,-5.202543136525872,19.334196315009255,False,0
ROTO.NS,,85.27999877929688,,2244226.274900398,,,,,,65.09624477061531,65.43450120998152,67.07980018615723,64.18030010223389,62.29500015258789,246,-44.301124906287626,-1.1305449982658367,False,0
ROUTE.NS,,872.0425606177564,,511959.4780876494,,,,,,503.3750365646629,508.1280354995975,529.463256225586,524.6772344970703,548.3559049987794,249,-53.429209183915404,1.8519643129164542,True,0
VINDHYATEL.NS,,2952.60009765625,,53653.63888888889,,,,,,2727.1359038048336,2604.184868260002,2263.7805712890627,2066.0877990722656,1653.5174139404296,4,-8.893859275582216,42.12350749448062,False,0
RPGLIFE.NS,,3082.0,,22971.589641434264,,,,,,2707.740856852416,2688.091506452144,2716.625966796875,2472.9841748046874,2267.022390136719,37,-19.205058479680403,36.763313024247935,False,0
RPSGVENT.NS,,1179.0,,351235.62948207173,,,,,,846.225841067428,858.9095408810982,886.9309948730469,895.1,823.7820010375976,111,-31.955046649703135,51.21830821103717,False,0
VGUARD.NS,,390.34213160745503,,567311.044,,,,,,333.05731139937564,331.1642973649329,317.3236279296875,315.161435546875,319.6575422668457,239,-26.364103269458607,1.1487909611077818,True,0
VESUVIUS.NS,,606.1323605842241,,148749.532,,,,,,420.377823859589,426.42606614687855,445.6219989013672,462.65662567138673,471.453537902832,139,-33.356138283446576,15.959988192283658,False,0
SKMEGGPROD.NS,,370.1242358872688,,503634.20634920633,,,,,,253.4788806214389,256.7921944790022,276.8141226196289,245.6512550354004,213.77092308044433,44,-38.30645286269051,99.67909038840924,True,0
SARDAEN.NS,,637.3049486596227,,683028.2749003984,,,,,,518.5993358148135,513.444765025502,505.8894976806641,525.042326965332,518.5583578491211,247,-29.175460830654522,5.69815152015849,False,0
SHILCTECH.NS,,5383.97700521774,,33017.50738916256,,,,,,4098.661977074787,4102.146255945009,4246.528232421875,4293.5901391601565,4087.1682458496093,98,-30.17966174845892,38.69751856061312,False,0
SHILPAMED.NS,,980.0999755859375,,876296.2936507936,,,,,,930.9670383403823,886.7607523590074,748.1100793457031,624.6167068481445,478.258900604248,4,-5.8259337831124025,49.173259701447414,True,0
SHK.NS,,255.96823277943642,,463536.3346613546,,,,,,148.87677179340315,151.9781998628378,149.92879943847657,142.97240013122558,148.22955783843994,250,-56.252382515987875,0.0,True,0
SHOPERSTOP.NS,,572.0,,120386.50793650794,,,,,,383.715072738328,390.06209352438105,391.83599975585935,367.20099853515626,362.1964991760254,244,-51.75699087289664,5.633936310526733,True,0
SHREDIGCEM.NS,,95.81184545661685,,218957.71314741037,,,,,,71.80240831241892,72.04611758943524,72.37055847167969,72.35215583801269,74.27166706085205,225,-44.51878409053176,-0.27484906136966414,False,0
SHREECEM.NS,,30121.125232344428,,28910.218253968254,,,,,,23461.038059088754,23999.3516876093,25469.6308203125,25154.582734375,25464.393857421874,227,-25.329689679343403,0.6034172953730987,False,0
SHRINGARMS.NS,,266.5,,1389889.8825910932,,,,,,218.6712995081184,220.65189143428634,224.50319915771485,217.53589965820314,216.9754995727539,141,-37.71106941838649,11.426314616815603,True,0
SHRIPISTON.NS,,4785.7998046875,,97135.816,,,,,,4518.586399351928,4508.7761491514275,4394.5819140625,3973.1400439453123,3501.8060388183594,13,-8.270295892858492,18.548689649537685,False,0
SHRIRAMPPS.NS,,99.44000244140625,,718014.6055776892,,,,,,75.16283159794312,77.05928639969677,82.6434001159668,85.10020011901855,82.06494997024537,214,-39.088899630192266,6.131335501044766,True,0
SHYAMMETL.NS,,1111.0,,375642.5198412698,,,,,,1070.6238171731607,1053.3684582184444,1021.1697326660156,975.7425054931641,897.898226928711,10,-6.426644861751796,15.65745602588593,True,0
SIGMAADV.NS,,801.0,,282291.26294820715,,,,,,759.7415839171492,733.5301595062299,648.8880004882812,528.5077993774414,354.02680015563965,10,-9.862671660424471,41.70312563647845,False,0
SIGNATURE.NS,,1158.0,,409220.4819277108,,,,,,783.455269213071,787.9300250772667,797.8290002441406,810.206499633789,884.8900021362305,243,-39.101898773140654,1.933880555594536,True,0
SIGNPOST.NS,,336.17116076159675,,221108.968,,,,,,260.9117820034296,262.86268132429103,282.42870178222654,277.9563693237305,251.8093782043457,43,-28.696554009035392,17.708328444292754,False,0
SIMPLEXINF.NS,,330.0,,143761.8674698795,,,,,,260.62087506043594,258.57031116540486,253.80819946289063,247.6070002746582,235.82009994506836,245,-58.484848484848484,5.445382254464293,False,0
SIRCA.NS,,536.351054042588,,358998.78486055776,,,,,,434.6777643182945,434.1430766301795,420.04637756347654,419.08217681884764,440.11133575439453,204,-28.57143017732211,8.760462104953849,True,0
SIS.NS,,480.95001220703125,,177529.924,,,,,,426.7356550206852,426.4329234375744,429.1929998779297,414.81950012207034,364.2399797058105,56,-16.301075459857593,24.034270223092523,False,0
SIYSIL.NS,,827.1630742532699,,93376.9920318725,,,,,,557.3482844600688,575.0856184286447,609.3745581054687,600.8175653076172,582.2930166625977,214,-48.385894053549386,22.44035000257989,False,0
SJS.NS,,2590.0,,139893.672,,,,,,2379.833581958252,2407.691737106322,2358.8980029296877,2179.847305908203,1938.9991497802735,25,-12.810812696066598,16.5971216746009,False,0
SKFINDIA.NS,,4953.039658667183,,56021.456349206346,,,,,,1544.8090399989096,1551.017135887332,1542.3660083007812,1584.545487060547,1637.15544921875,229,-72.32952540999959,4.103101660722808,True,0
SKFINDUS.NS,,3131.0,,38044.59162303665,,,,,,2953.0399945104286,2898.6355158791366,2786.9620703125,2558.754846191406,,6,-7.218141168955605,8.784738399808734,False,0
VALIANTORG.NS,,378.5,,56315.78313253012,,,,,,330.54273283025526,316.54554596131794,292.1939990234375,289.03180114746095,270.2374504852295,243,-48.48084544253632,2.616435011772267,False,0
SHAREINDIA.NS,,212.3300018310547,,1904962.4780876494,,,,,,177.85784434010876,175.00935902493887,173.24458709716797,155.89803344726562,151.19783267974853,1,-10.040977318496191,13.151577667800328,False,0
SHANTIGOLD.NS,,280.75,,1128426.9801587302,,,,,,256.15053609748884,250.9644256700013,232.60882293701172,225.66561141967773,211.85330574035643,14,-16.861975543327024,21.494648596247636,False,0
SHANTIGEAR.NS,,743.0,,113623.12749003984,,,,,,628.927254776903,566.5602863637107,466.99286682128906,457.5324914550781,454.6637522888184,1,-7.254377444692128,67.96712721901623,False,0
SEDEMAC.NS,,3368.89990234375,,206635.87596899224,,,,,,2922.179498911634,2952.844136058705,2883.5279833984373,2590.924981689453,,15,-17.04116685438539,22.012608102644915,True,0
SAREGAMA.NS,,574.5,,1330704.416,,,,,,497.56611187327667,500.93723044061073,504.14499938964843,460.108498840332,403.0292483520508,26,-17.319408181026986,27.21150908086947,False,0
SASKEN.NS,,2760.488858956468,,78880.948,,,,,,1868.0600846109314,1887.0782698939063,1914.952265625,1911.3500134277344,1582.0906036376953,59,-37.398770149747996,103.98328811821047,False,0
SBC.NS,,49.380001068115234,,11296786.17131474,,,,,,44.906926589442534,43.24794194373031,41.8623999786377,39.43730018615722,34.68915002822876,1,-2.794655808556279,13.97058683815433,False,0
SBILIFE.NS,,2129.040438508761,,1014635.8015873015,,,,,,1724.96294609993,1751.1052201743757,1809.2860009765625,1810.3099963378907,1899.031767578125,139,-21.349544625236593,4.482202095158927,False,0
SCHAEFFLER.NS,,4445.0,,77971.0,,,,,,3972.0583223047133,4004.0036229489942,4073.076015625,4104.207016601563,3982.3019958496093,98,-14.260965182086615,11.154688771382904,False,0
SCI.NS,,367.499792159746,,6588228.416666667,,,,,,289.56157808799856,290.1702731955037,288.06370239257814,298.98978729248046,266.6225717926025,89,-29.437287731132457,38.89908180133224,True,0
SDBL.NS,,142.60000610351562,,983937.246031746,,,,,,72.47798862349535,72.63017189672237,71.57719985961914,76.32429992675782,83.74015005111694,243,-56.661993974811665,4.603160469121947,True,0
SEAMECLTD.NS,,1812.199951171875,,77675.45381526105,,,,,,1736.844085569198,1680.6340625741038,1535.1329223632813,1534.9879943847657,1376.946208190918,2,-2.604566407881903,24.3737497757037,False,0
VERANDA.NS,,272.5,,410139.79282868525,,,,,,238.84415802955047,241.5005946734245,242.24919891357422,233.1775988769531,207.68449989318847,219,-52.28623696423451,12.081513201231386,True,0
TTKHLTCARE.NS,,1247.0,,11579.916,,,,,,1136.935262828,1118.3258858417555,1053.048905029297,975.2454010009766,959.2572171020507,2,-10.425020048115474,20.940428098926645,False,0
SHALBY.NS,,274.70001220703125,,196263.67330677292,,,,,,151.0753510854868,153.52333166625712,160.40180053710938,164.21150024414064,167.6139500427246,243,-54.19730829862566,15.191465083318857,False,0
SESHAPAPER.NS,,290.5599780055542,,47506.15139442231,,,,,,238.51884030948835,235.03002995381766,230.0411993408203,233.73554397583007,240.0564451599121,141,-27.739529664386996,15.395735455857796,False,0
VENUSREM.NS,,2031.2182849222206,,65777.75100401607,,,,,,1649.5919433526526,1655.6570623144225,1667.5026440429688,1499.5205236816407,1144.8333447265625,53,-28.766886594393416,96.13821105221463,True,0
SETL.NS,,445.8999938964844,,570670.3147410358,,,,,,396.10554199378925,365.8710227060784,309.8890002441406,235.71239990234375,184.81899978637696,1,-1.311954739535992,54.692105428095196,False,0
SFL.NS,,832.4500122070312,,247427.66932270917,,,,,,667.4315212115673,672.1158824442166,717.1971472167969,670.9231628417969,613.012700805664,27,-24.584061674944845,12.951792142717245,False,0
SGFIN.NS,,727.4500122070312,,330411.25,,,,,,678.0853498959327,678.442485745662,672.5590002441406,626.7954998779297,516.811250152588,27,-12.035189542075663,17.67946192640586,True,0
SGMART.NS,,860.5999755859375,,349830.712,,,,,,798.1914709113728,789.7437227155564,728.6579992675781,657.4750018310547,534.0322508239747,12,-11.340922420952515,38.4109776828264,True,0
SHADOWFAX.NS,,268.6499938964844,,4898807.272151899,,,,,,253.30112649478062,251.23786731725758,237.9524005126953,216.85560043334962,,16,-12.897820466668474,16.57855625419373,True,0
VENTIVE.NS,,793.9500122070312,,72061.50396825396,,,,,,578.8718371923501,585.0317501312911,603.445,620.114501953125,660.1505014038086,153,-31.658168997615867,5.702899450851362,False,0
VENKEYS.NS,,1789.4533561946223,,92285.544,,,,,,1651.7721739691908,1611.7098648569684,1530.5333544921875,1509.0688635253907,1460.6258782958985,86,-24.99444492988615,36.027999348534266,False,0
360ONE.NS,,1229.0652744329707,,986009.2,,,,,,1137.633447974665,1152.6462318621254,1145.2560009765625,1117.6307751464844,1108.6635403442383,163,-26.706839290450546,7.013944273369632,False,0
KIRLOSENG.NS,,2714.2611782271474,,616074.236,,,,,,2187.478122049542,2166.498491067476,2201.981594238281,2039.2610327148439,1666.4178649902344,57,-26.351965830139047,45.23311172483402,False,0
OLECTRA.NS,,1714.199951171875,,680564.1952191235,,,,,,1243.0259073217787,1274.829599245036,1341.257998046875,1323.8369995117187,1211.7802505493164,242,-49.44580560782856,4.1891097030638536,False,0
DIGITIDE.NS,,201.25,,732175.749003984,,,,,,94.53323389505415,96.44066289893404,100.42520065307617,95.1720002746582,102.71235027313233,250,-65.26707998714092,0.0,True,0
DCMSHRIRAM.NS,,1400.4767744012483,,153614.29083665338,,,,,,1016.4033270984528,1023.1915648791936,1027.461651611328,1061.742933959961,1103.1317568969725,246,-32.77148646799293,11.716604307630018,True,0
DCW.NS,,76.0975903455407,,1407620.0793650793,,,,,,46.864123361716096,46.43248844659934,46.5657999420166,47.192599868774415,48.648702239990236,247,-51.23367186550316,0.8637002514171543,False,0
DDEVPLSTIK.NS,,359.34947541878313,,142554.82868525895,,,,,,269.82321204189213,273.5895363198834,279.58,265.8358006286621,267.8095970916748,234,-48.47634223461381,5.238445535959424,False,0
DEEDEV.NS,,760.0,,1412849.9282868525,,,,,,657.1818297181013,650.9512210575309,658.6459985351562,616.2545013427734,432.762600479126,62,-24.013157894736846,79.4389065085831,False,0
DEEPAKFERT.NS,,1669.6119086916185,,395870.5856573705,,,,,,1383.791041559671,1421.4530177577883,1508.575458984375,1454.698857421875,1284.2322863769532,27,-20.340769428133353,5.300939811713934,True,0
DEEPAKNTR.NS,,1895.7415042243763,,213226.488,,,,,,1698.2674211677925,1715.0378154918553,1697.98619140625,1700.91408203125,1625.7171600341796,240,-32.78723241352862,6.859490668956125,False,0
DELHIVERY.NS,,524.0,,3042550.541832669,,,,,,455.1604698032838,458.1944861959827,474.5100018310547,467.0020004272461,443.9582507324219,44,-16.202288911542816,9.364159283861007,True,0
DEVYANI.NS,,191.0,,3905056.011952191,,,,,,138.89454294953896,138.20686433917646,127.36759948730469,121.25469985961914,122.72769989013672,250,-52.06806122944617,0.0,True,0
DHANUKA.NS,,1617.2853743124303,,54976.66265060241,,,,,,989.9742611752582,995.0887753667811,1014.8598547363281,1051.6688043212891,1072.5437814331056,236,-45.099978203876134,-3.3662983108844413,False,0
DIACABS.NS,,379.0,,3229377.661354582,,,,,,340.04049951549047,338.78963510647463,307.4379998779297,248.65269973754883,192.0655497741699,21,-16.62269129287599,79.91786322928691,True,0
DIAMONDYD.NS,,1245.0,,59754.871485943775,,,,,,1143.644042168168,1154.4916995211167,1167.2719995117188,1116.8140002441405,1088.373003540039,22,-11.518074250125498,6.990964568566449,True,0
DIFFNKG.NS,,519.9000244140625,,192991.048,,,,,,447.64551483863494,435.35340728887155,409.18798583984375,374.04070648193357,327.7160427093506,5,-16.128107844502292,18.16564275324819,False,0
DIVGIITTS.NS,,1326.0175300078042,,98462.70682730923,,,,,,1194.6247983226972,1179.2868607784155,1073.8775158691406,924.4433758544922,785.4506549072265,7,-14.986037264417584,31.679737729211553,False,0
EFCIL.NS,,335.8500061035156,,487293.3015873016,,,,,,192.81316946846098,193.16052473763136,192.36840057373047,189.62049301147462,219.33019638061523,232,-48.95935832851816,2.589747493916983,False,0
DIVISLAB.NS,,9615.0,,385031.01992031874,,,,,,9282.053115248382,9016.375617326763,8144.606025390625,7395.8626708984375,6812.515241699219,2,-2.376495059802397,30.9930683925834,False,0
DLINKINDIA.NS,,521.5413716552077,,140716.86055776893,,,,,,441.1373426838193,441.73450779939554,452.9788513183594,455.0160864257812,423.32346145629884,45,-20.792476195614828,11.155212207506793,True,0
DMART.NS,,4818.0,,495207.0833333333,,,,,,3769.1006656014993,3830.29904708246,3935.503994140625,4100.339013671875,4015.1280078125,246,-25.280199252801992,3.7170098724364387,False,0
DODLA.NS,,1480.959306464207,,39481.843373493975,,,,,,1085.106816159541,1085.444132859919,1083.21537109375,1086.0852600097655,1118.0481860351563,246,-35.18219697015259,0.416271382436717,False,0
DOLATALGO.NS,,95.63547251598347,,377076.632,,,,,,70.87889898394387,71.28748049560336,70.84739990234375,73.34099998474122,76.11584274291992,171,-32.07541367705801,20.4743066931792,False,0
DOLLAR.NS,,391.38998363057124,,172950.424,,,,,,268.5552115758866,268.7657988372874,267.05871032714845,268.8315901184082,286.7707236480713,237,-44.31818081838649,1.2308111696369917,False,0
DOLPHIN.NS,,731.0,,117949.5219123506,,,,,,639.6972755536091,600.1273326097107,480.0559979248047,440.88199798583986,426.3059989929199,3,-11.723667880578825,74.57798672146481,False,0
DOMS.NS,,2750.437480198048,,119405.1235059761,,,,,,2197.005852670473,2208.0541792871195,2243.974130859375,2249.0764477539065,2329.2263818359374,150,-26.537202663272673,-2.4637333982421628,False,0
DPABHUSHAN.NS,,1670.0,,38596.212,,,,,,1411.8697296473792,1419.2984304271067,1356.822999267578,1163.8509997558594,1217.9605026245117,202,-48.13772601281811,6.5223012184633555,True,0
DSSL.NS,,1923.9611771253476,,134494.732,,,,,,1047.681249932809,1083.9676871342144,1184.5393127441407,1281.9799346923828,1113.3592565917968,78,-48.5436602479063,113.7491603662136,False,0
DVL.NS,,373.3187363457356,,33881.08032128514,,,,,,285.2394261659927,279.4524146039996,259.45509155273436,250.53713973999024,251.14510536193848,238,-50.17686080401296,3.162328249929458,True,0
DYCL.NS,,560.0,,566618.6055776892,,,,,,477.766067581579,467.8316070476669,425.36822326660155,385.1750100708008,345.5281873321533,7,-19.82142857142857,53.25982393201485,True,0
DCBBANK.NS,,234.8000030517578,,2353378.6904761903,,,,,,221.5321807172139,213.46850327368267,197.08859985351563,189.1708656311035,184.31411987304688,3,-6.341566948943433,22.505068347777257,False,0
DCAL.NS,,321.95001220703125,,404413.3107569721,,,,,,173.38219858109235,176.23509992876635,184.5656008911133,184.46540084838867,194.51220031738282,242,-60.08697153974091,14.72346524582786,True,0
DBL.NS,,585.0,,415496.0642570281,,,,,,402.04943062938247,407.9356347045034,419.2540002441406,433.3155001831055,440.30525009155275,239,-34.77777986444978,2.6507970563373506,False,0
DBCORP.NS,,279.00127530103526,,185070.872,,,,,,195.8744758113426,199.80564678793152,204.08154174804687,203.98740280151367,216.12783004760743,249,-35.41088855852339,0.0,True,0
CASTROLIND.NS,,198.22517212749622,,1867144.0,,,,,,187.95752783727042,187.00770980372243,183.25671783447265,180.65357711791992,178.07841842651368,247,-16.96118691298647,2.5870776168745557,False,0
CEATLTD.NS,,4393.1588210528225,,171586.26984126985,,,,,,3361.8699323707083,3430.835829718527,3555.1373046875,3431.0969897460936,3555.474737548828,223,-31.02298777874257,30.17184890571807,True,0
CEIGALL.NS,,405.164930099543,,431834.6334661355,,,,,,359.5851917471548,348.61791252019555,341.5748876953125,349.1054449462891,309.9500065612793,53,-25.486819158991516,12.261866491855077,False,0
CEMPRO.NS,,1649.199951171875,,660512.4047619047,,,,,,1273.4594194944123,1282.3680716497076,1373.802001953125,1200.4526110839843,932.8882397460937,38,-30.03880166208669,74.26013959775881,True,0
CENTENKA.NS,,659.4200186323656,,110729.496,,,,,,577.6994426463383,574.65253055931,562.8979425048828,516.8083502197265,471.2336553955078,31,-18.03403222107287,21.65389741770307,True,0
CENTUM.NS,,4450.0,,63677.284,,,,,,3950.2706402006647,3784.187434148998,3643.587978515625,3456.3834057617187,2973.0677709960937,2,-5.795503423455051,16.541403411674914,False,0
CGCL.NS,,287.45001220703125,,2863213.9325396824,,,,,,265.424220146014,255.97816830807042,243.99745697021484,222.04792572021483,199.09533447265625,4,-6.801188895572663,7.5017051980338145,False,0
CHALET.NS,,1067.6950334997905,,157252.5657370518,,,,,,887.4174708628838,877.7451418139483,850.769189453125,816.0384039306641,822.635110168457,246,-35.322321793324605,4.3935530269181955,False,0
CHAMBLFERT.NS,,545.6900936155047,,839593.6533864542,,,,,,419.09922710401,424.4012427116727,437.8072698974609,446.1010858154297,442.4685049438477,246,-27.717527695813025,2.0156449487223727,False,0
CHOICEIN.NS,,860.5,,637395.9482071713,,,,,,767.1093316594482,778.01344908634,800.2890026855468,744.2424987792969,744.9424987792969,172,-33.91051572259951,5.029295430016378,True,0
CHOLAHLDNG.NS,,2062.371871375786,,224767.81673306774,,,,,,1522.7074111493532,1533.2992986940344,1568.9721899414062,1584.0169189453125,1639.9655554199219,213,-36.773252632936874,4.864177157603211,True,0
CLEANMAX.NS,,1536.0,,348921.8582089552,,,,,,1341.5489988614593,1314.0591370625132,1305.19,1265.3654992675781,,57,-23.763020833333336,29.554579585818132,False,0
CLSEL.NS,,324.79998779296875,,209852.06024096385,,,,,,301.94665222529534,297.9267226702756,288.5350006103516,285.0266012573242,270.8165507507324,12,-11.006773812684823,11.497464476055885,True,0
CMSINFO.NS,,421.27675880330224,,678606.0438247012,,,,,,237.00603907547998,243.55898729461006,258.2264395141602,276.6196449279785,296.25891487121584,250,-46.77824912821088,0.0,False,0
CNL.NS,,1328.0,,83108.03614457832,,,,,,1181.9580229000067,1178.3842108247788,1060.0809985351561,862.1669995117187,766.5097491455078,8,-19.05120481927711,63.08947430572314,True,0
COLPAL.NS,,2360.1502146603534,,408472.0873015873,,,,,,1834.854001825203,1872.908677075924,1981.660009765625,2024.9414282226562,2043.473355102539,251,-25.376027318924322,0.0,False,0
CORONA.NS,,2270.10009765625,,151381.36363636365,,,,,,2124.848813659154,2110.1965347105,2085.85599609375,1920.265428466797,,28,-11.00833160363205,22.622811247807938,False,0
COSMOFIRST.NS,,996.0,,100244.528,,,,,,917.5342746207053,919.007050928255,891.1217626953126,821.0116796875,741.6498828125,7,-11.88755265201431,11.876745842191983,True,0
CREDITACC.NS,,1634.0,,537768.9960159363,,,,,,1419.610789215471,1444.46863070975,1505.1679956054688,1426.3860021972657,1346.4345025634766,29,-17.466341763406522,26.012662090832684,True,0
CROMPTON.NS,,316.3454734899983,,3352595.482071713,,,,,,233.34623712866295,238.24610688424727,250.29720703125,261.6500718688965,254.5675984954834,250,-32.094329407587175,0.0,False,0
CSBBANK.NS,,574.4000244140625,,711969.5258964143,,,,,,322.4982987915981,326.7624686096678,337.04100036621094,349.93550048828126,381.68600006103514,172,-46.69220069769641,29.18887884288093,False,0
CYIENT.NS,,1267.736092444419,,529769.0079365079,,,,,,1078.6313276038798,1034.500381544634,919.0740014648437,902.7440026855469,965.7230004882813,247,-40.81575871629103,2.188722459715553,True,0
CYIENTDLM.NS,,1009.0,,646887.358565737,,,,,,875.7673298479979,820.330752312764,691.0050012207031,562.2200003051757,462.5657504272461,3,-14.043608742024905,85.72243025922377,False,0
DALBHARAT.NS,,2484.339731207416,,294488.972,,,,,,1773.6757841024137,1799.231396865512,1814.7719921875,1794.6682946777344,1905.3848669433594,245,-35.584092038933726,2.755412185927497,True,0
DATAMATICS.NS,,1003.5294156461148,,164570.55555555556,,,,,,769.1690192950721,785.0606407464396,822.5602551269532,796.8778479003906,772.0780014038086,217,-37.42574516652382,2.993063046126987,False,0
ECLERX.NS,,2496.1160957516863,,293740.6733067729,,,,,,1927.0881067956836,1905.046396527442,1820.7515087890624,1644.4607849121094,1803.7327514648437,152,-47.14714646071957,2.375717872141192,True,0
EIHOTEL.NS,,412.08004369538395,,583962.6111111111,,,,,,291.86500343941,296.4940700337549,313.44051147460937,313.7909878540039,324.3874362182617,236,-34.49692380835189,-1.527483331077728,False,0
GODREJIND.NS,,1443.0,,220663.8486055777,,,,,,1150.475228826816,1178.293267101793,1255.8400073242187,1171.0005017089843,1068.2857489013672,44,-22.383922383922382,24.901977021680246,True,0
GHCL.NS,,649.6824619687275,,171583.27091633467,,,,,,433.0528193635951,435.05657209848863,435.49499938964846,444.5585290527344,474.7274452209473,217,-37.559951241813884,15.457463318086884,False,0
FMGOETZE.NS,,542.9031499790809,,371506.396,,,,,,473.00919491297765,461.7544947828514,423.9280224609375,401.35897338867187,385.13996643066406,9,-18.714785904268027,35.807421025539334,True,0
FORCEMOT.NS,,26374.965142944882,,99274.34661354581,,,,,,17641.166350518084,17712.706958093357,17950.234140625,18520.43109375,19539.2820703125,141,-36.10586353917847,37.426484116644154,False,0
FOSECOIND.NS,,6580.0,,5504.72,,,,,,6124.457679092193,5949.478046585848,5477.05,5227.81142578125,5029.990234375,9,-8.579027355623104,22.12304443804587,False,0
FRACTAL.NS,,1118.0,,650646.4206896551,,,,,,803.3639695791687,814.9517641205412,828.4440014648437,897.3905017089844,,88,-31.958854006526728,22.702180171516993,False,0
GABRIEL.NS,,1596.6964052725275,,450241.6653386454,,,,,,1372.8990683055727,1388.5545836199349,1388.6174658203124,1244.058779296875,1098.8964819335938,26,-17.91802303442641,56.48531609994476,True,0
GAEL.NS,,184.66065065257942,,1016805.8452380953,,,,,,168.4516792047663,169.49808163587846,164.7983334350586,161.88849197387697,147.84712020874022,15,-11.188442464361492,12.124852084950266,True,0
GANDHAR.NS,,300.3749196686875,,1399821.0912698412,,,,,,264.1148908369761,257.8608736562873,237.47819702148436,197.4405519104004,168.52017292022705,35,-28.851803869453306,81.09892054346368,True,0
GANECOS.NS,,1350.5967808398343,,325146.41035856574,,,,,,1029.059008074775,1043.5662769225085,1095.3793920898438,1031.5479919433594,934.2039630126953,250,-51.77624359957493,0.0,False,0
GANESHHOU.NS,,898.0206467513179,,81182.24,,,,,,773.0637842907264,782.7933582328542,800.2064868164063,758.4565966796876,734.7486985778809,197,-44.42591940520663,2.562106383045859,True,0
GARFIBRES.NS,,862.339096096681,,100066.496,,,,,,803.1684200713182,795.6635233576244,769.503974609375,717.9091180419922,685.8950860595703,25,-14.402366316430726,21.62533580952246,False,0
GATEWAY.NS,,62.799670980180835,,945175.8964143427,,,,,,53.841318771587524,54.213213890118034,55.915158081054685,56.226259002685545,55.956249198913575,246,-25.056815675096644,3.7171158696410966,True,0
GEOJITFSL.NS,,86.5,,991855.728,,,,,,81.32345349015483,80.99376435844418,79.54660842895508,75.55870964050293,71.03006834030151,5,-10.00000176402186,6.579954596950688,False,0
GHCLTEXTIL.NS,,144.58999633789062,,436542.24,,,,,,133.0056190591841,129.49779068135223,119.7713998413086,106.02612396240234,90.66584423065186,6,-9.744793343077408,32.28594166315881,True,0
EIMCOELECO.NS,,2373.76648551747,,72817.04016064257,,,,,,2229.466555306351,2163.0262357653314,1968.0020043945312,1788.9699584960938,1692.8055706787109,229,-40.94537746267466,-5.442268657315119,True,0
GILLETTE.NS,,10255.650929658823,,26767.93253968254,,,,,,7412.216513767147,7439.6770479153565,7586.52244140625,7682.807490234375,7844.0045092773435,245,-30.298519578244154,2.902574921238066,False,0
GIPCL.NS,,207.3979831995766,,420393.593625498,,,,,,195.48997824120391,188.1804600900048,169.85924072265624,162.3465382385254,151.98202812194825,5,-6.381379278159804,27.663223868419596,True,0
GKSL.NS,,180.89999389648438,,845129.5617977529,,,,,,169.27516985518045,161.369940817722,142.44139999389648,136.9538003540039,,2,-4.643446202265256,33.92681585753168,True,0
GLAND.NS,,3042.0,,376281.203187251,,,,,,2933.0482343332997,2874.941738671843,2672.368271484375,2395.755236816406,2058.922551879883,4,-4.605525892710382,21.760544341428734,False,0
GLAXO.NS,,3120.699951171875,,91249.78884462151,,,,,,2926.5698831151826,2889.861100122718,2685.491982421875,2488.878603515625,2446.603125,9,-9.244720880380164,29.676472650542674,True,0
GLOBUSSPR.NS,,1252.800048828125,,126848.2,,,,,,883.1455030900132,891.8409509276979,901.3409985351562,913.7490002441406,933.645251159668,208,-36.13905199466274,13.292663715028885,False,0
GMBREW.NS,,1315.8571912096693,,402046.1035856574,,,,,,905.6747070046122,900.8607248158521,909.7519970703125,917.0475805664063,965.5224322509765,171,-35.209535389686295,-0.9214727108137755,True,0
GMMPFAUDLR.NS,,1352.0,,155733.352,,,,,,1172.4652934137,1095.7184970727158,931.1251123046875,880.798627319336,932.060032043457,2,-4.541421924117051,65.88059873974427,False,0
GMRAIRPORT.NS,,115.63999938964844,,17196956.40873016,,,,,,97.34492332719212,98.75984595846889,104.73480041503906,102.95680030822754,100.43819984436035,48,-19.92390266095918,21.427817501729084,False,0
GNA.NS,,601.6500244140625,,242621.8486055777,,,,,,545.7348293489947,543.9027849853404,530.2980017089844,462.6681497192383,416.64980087280276,40,-19.34679958293406,60.496162759017594,True,0
GOCLCORP.NS,,459.8999938964844,,182573.27490039842,,,,,,420.90438444487836,414.024500179373,406.5350012207031,386.6090017700195,331.0117509460449,59,-17.808218087282402,39.78967347579277,False,0
GOCOLORS.NS,,746.0,,527472.9,,,,,,326.75194512072824,329.796494231009,334.4349981689453,332.38349853515626,354.22174812316894,249,-68.22386018072952,0.0,True,0
FLAIR.NS,,344.31560429688966,,133901.5219123506,,,,,,242.8517509741271,246.1026760129942,251.89236602783203,275.30580123901365,290.2352562713623,90,-31.76318644401195,12.874097722138544,False,0
FIVESTAR.NS,,663.5913003653413,,1537563.38,,,,,,529.1889344612877,530.5939321763407,540.1908142089844,503.99789825439456,489.4739744567871,215,-49.22672388434163,23.160371770370602,False,0
FISCHER.NS,,124.69999694824219,,1617435.246031746,,,,,,35.83869124328547,36.44392545903211,37.6647998046875,36.97509994506836,38.64894998550415,242,-75.1002405798389,3.3066789036955146,True,0
FINOPB.NS,,339.0,,1311369.3187250996,,,,,,140.7763589667688,144.31224246602892,152.3726007080078,143.03580108642578,178.02755046844482,223,-67.54277322144635,18.70452962095164,True,0
EKC.NS,,154.5500030517578,,581742.0079681275,,,,,,105.38692208760597,107.32108142012758,110.65640014648437,113.79690002441406,113.42519985198975,220,-41.604659839588706,7.750280107926866,False,0
ELECON.NS,,632.5129117162858,,710876.0396825396,,,,,,424.10564951635814,428.3385196421136,445.77299926757814,483.80939392089846,458.5351280212402,245,-44.50703294994744,5.3389877588402745,True,0
ELECTCAST.NS,,102.66578095782631,,2154747.115537849,,,,,,80.32615500196408,78.54016621762447,74.81038513183594,77.13364265441895,75.00438592910767,248,-42.13563631735322,2.6023029274094833,False,0
ELECTHERM.NS,,1277.0,,50766.332,,,,,,981.8877883979857,998.1999853280237,1036.765,975.6194995117188,871.1932489013672,48,-26.389976507439307,64.58235268090169,False,0
ELLEN.NS,,559.7999877929688,,406185.422310757,,,,,,336.67995241841567,326.3403896452391,301.0249996948242,286.82480056762694,280.82965003967286,248,-68.73883461663804,-0.724768947826504,False,0
ELPROINTL.NS,,180.88999938964844,,112224.55882352941,,,,,,174.4196029210972,174.70015813474456,175.25460052490234,166.23360084533692,,25,-6.0147077890006955,6.664297235177163,True,0
EMAMILTD.NS,,602.0840578111723,,649458.376984127,,,,,,372.9019986019348,381.27482801225864,399.79600036621093,408.2064993286133,442.7558457946777,246,-40.01668218729859,0.008301838728042021,False,0
EMCURE.NS,,2044.024834505764,,210927.9841269841,,,,,,1907.8432036413544,1898.9237554974966,1886.3251147460937,1806.2839514160157,1646.649002685547,24,-10.639650026119906,16.97936788650738,False,0
EMUDHRA.NS,,708.1674111226632,,162636.364,,,,,,521.0838239936077,523.3777712991215,495.7949981689453,484.11772064208986,498.15198699951173,245,-48.66216019253833,2.2727274793446384,True,0
ENDURANCE.NS,,3072.0,,115746.22709163347,,,,,,2800.4003394370748,2840.9293850668987,2813.2217236328124,2684.8683203125,2584.887559814453,14,-12.40234375,12.69912658583776,False,0
ENGINERSIN.NS,,289.6499938964844,,4831458.836653386,,,,,,269.89503344362447,261.07912407580113,242.60640075683594,242.9043003845215,220.13424171447753,7,-10.081126291992494,15.62757692883665,False,0
ENTERO.NS,,1920.0,,151122.54183266932,,,,,,1789.722123806674,1687.0224007289673,1414.1460009765624,1300.756005859375,1204.173503112793,4,-7.307294209798176,52.87485503045073,False,0
EPACK.NS,,394.04998779296875,,1560499.2341269841,,,,,,190.31019902047586,197.12302688942074,218.33520141601562,230.27710083007813,241.82185012817382,246,-53.08717007054552,2.5944965789203467,False,0
EPIGRAL.NS,,1801.009455470607,,65499.231075697215,,,,,,1190.1284943307348,1178.0927643350644,1120.695997314453,1154.894242553711,1131.0937319946288,245,-55.384787383089154,-0.9173303917544562,True,0
EQUITASBNK.NS,,83.9000015258789,,3544592.637450199,,,,,,73.32840311327467,74.08198801090515,76.18479919433594,73.94719970703125,68.46109987258912,41,-15.84028685795441,17.416223272590848,True,0
ERIS.NS,,1730.7126256991257,,111952.896,,,,,,1326.8250022963061,1332.5592727561611,1378.3419946289061,1379.861160888672,1406.1123785400391,189,-31.0344839039846,6.5977497580480104,True,0
ETHOSLTD.NS,,3245.89990234375,,44059.288,,,,,,2789.4791539074836,2800.1132575480046,2719.172001953125,2566.2920043945314,2586.9444946289063,197,-40.866937300557815,23.513274197696266,True,0
EUROPRATIK.NS,,389.6640172803993,,369944.9835390946,,,,,,258.2830814697622,265.9294869777671,289.93300079345704,278.56770034790037,272.37308631896974,206,-47.41025562751934,53.71607928475299,False,0
EVEREADY.NS,,454.4330230228738,,146569.30278884462,,,,,,341.8218806249796,342.1169430482377,348.0487457275391,340.57037475585935,328.55676345825196,250,-43.26450403666649,0.0,False,0
EXPLEOSOL.NS,,1032.5221988494377,,71121.508,,,,,,883.3570696907618,870.4228847544372,805.0405261230469,774.6640777587891,774.8501229858398,206,-45.53655044607734,1.925998772331572,True,0
FAZE3Q.NS,,650.0499877929688,,73312.716,,,,,,491.5647428418683,499.72491949273166,536.1270007324218,525.8994995117188,488.83200057983396,55,-27.23636506695183,40.04053432737964,True,0
FDC.NS,,521.1543090908798,,194737.384,,,,,,345.58777974086365,351.2258469902123,383.49199951171875,384.52249938964843,381.4643104553223,243,-39.950604504651906,4.721450809594896,False,0
FEDFINA.NS,,178.47999572753906,,1319950.4206349207,,,,,,159.19808276618264,157.75347741389945,155.14120025634764,154.3997003173828,148.68510005950927,166,-33.28664133509278,21.665060413671267,False,0
FIEMIND.NS,,2674.800048828125,,76647.6812749004,,,,,,2063.236867312682,2132.8220871254757,2250.6964501953125,2230.698879394531,2202.770021972656,21,-25.97577524093917,16.6624164465756,True,0
FINEORG.NS,,5394.804360638102,,16848.79282868526,,,,,,5177.629713572097,5157.258991965774,5055.0819140625,4919.912768554687,4637.6335412597655,52,-13.223595589442727,15.752656179685864,True,0
CARYSIL.NS,,1280.9000244140625,,126719.06746031746,,,,,,1156.787768872353,1156.5133795754382,1165.08400390625,1111.9065014648438,992.5802505493164,42,-14.575694408905326,17.88124718534072,False,0
CARRARO.NS,,659.2363858620107,,178914.408,,,,,,539.1907646678549,534.5716750594721,532.5101763916016,540.5376403808593,526.6923362731934,105,-26.260198815337212,3.6956216320578106,False,0
CARBORUNIV.NS,,1303.7913206843634,,238405.96015936256,,,,,,1099.9956829939117,1104.2573836089368,1098.1754321289063,1077.8908526611328,954.0083169555664,60,-20.766699919861885,34.071152448875665,False,0
APTUS.NS,,338.0578572219359,,1472429.984063745,,,,,,255.64894388713623,257.23687549106563,269.7968005371094,267.08331817626953,259.8744927215576,250,-43.42940204342264,0.0,False,0
AMAGI.NS,,727.4000244140625,,795065.6790123457,,,,,,576.1810355895893,583.3977699818793,598.7139990234375,518.9749993896485,,21,-24.656314352692565,29.782760309221977,True,0
AMBER.NS,,8974.0,,331704.8844621514,,,,,,7375.6825391313205,7393.68914031353,7453.03,7629.695,7239.295,90,-22.687764653443278,12.32137186408384,True,0
AMRUTANJAN.NS,,765.1663079554738,,38665.06374501992,,,,,,501.31885877437804,505.44356823820357,516.1862158203126,534.7568865966797,568.0895022583007,246,-37.27357986707529,2.349914797741137,True,0
ANANDRATHI.NS,,2242.0,,518704.171314741,,,,,,2198.7742878214017,2180.9332296507164,2122.6439965820314,1964.8234020996094,1752.0273663330079,9,-3.8804638715432604,7.3580033353373375,False,0
ANDHRAPAP.NS,,86.18916380875459,,410202.37051792827,,,,,,66.94599622933232,64.52235278293129,61.76899978637695,62.64841472625732,63.78262474060059,234,-33.248938734659326,4.293249991141246,False,0
ANDHRSUGAR.NS,,107.2300033569336,,459882.4761904762,,,,,,98.32683929443073,97.52870101938605,91.87559967041015,90.01319969177246,82.29129981994629,92,-29.497345791855068,39.0263496258719,True,0
ANTHEM.NS,,977.5499877929688,,482116.45634920633,,,,,,932.0338778953638,910.606542393806,841.6880029296875,806.1370050048828,732.8070568847656,2,-4.455013895636406,25.5927047866505,False,0
ANURAS.NS,,1415.0,,326067.1474103586,,,,,,1238.2302869857233,1238.7522718189173,1240.0240087890625,1280.8930029296876,1280.320004272461,91,-15.738512450309184,9.860961693880288,False,0
APEX.NS,,511.1200184186195,,914556.3784860558,,,,,,377.5172067778393,380.43297058575513,385.76056579589846,411.3907958984375,374.6538444519043,102,-29.591834184613308,13.696819201703825,True,0
APLAPOLLO.NS,,2292.568366695916,,658263.5317460317,,,,,,2185.324808044734,2145.888637026696,1982.90583984375,1917.7147241210937,1948.5353747558593,146,-24.56764896925414,31.1616263151683,False,0
APOLLOHOSP.NS,,9039.4765625,,368663.984063745,,,,,,8819.156724260138,8806.977083468002,8830.90150390625,8510.97310546875,7910.489919433594,27,-5.994468674003162,6.17080351765289,False,0
APOLLOPIPE.NS,,668.7999877929688,,673092.0992063492,,,,,,594.3447612413702,587.8173988390546,540.4571514892579,513.1453622436524,425.7589714050293,13,-15.273619205048107,35.67519834997177,True,0
ARFIN.NS,,106.19999694824219,,1288312.404,,,,,,88.59571595338012,87.59854168583927,87.22379959106445,89.82179962158203,81.99779996871948,88,-24.67043098034274,22.52240730585495,False,0
CAPLIPOINT.NS,,2877.300048828125,,118870.204,,,,,,2710.654180974019,2651.5433824325073,2589.420009765625,2340.7362939453124,2056.499321899414,5,-7.444477375903668,8.529797283365003,False,0
ARIS.NS,,178.3000030517578,,1129359.1706349207,,,,,,130.86322041079325,132.7364633270715,127.40280029296875,125.7872999572754,120.66735000610352,223,-53.909142513407495,6.696783703192,False,0
ARKADE.NS,,185.3000030517578,,501663.11952191236,,,,,,124.1249740144665,126.34581130482763,132.1679997253418,125.03809997558594,124.74625011444091,245,-50.01618930318554,1.5057388935400207,True,0
ARMANFIN.NS,,2158.60009765625,,41681.672,,,,,,2010.8696061511205,1991.733112397032,1942.946005859375,1802.1300036621094,1668.813002319336,20,-13.277127985282345,18.707626519392527,True,0
ARROWGREEN.NS,,824.0,,57707.736,,,,,,770.6347063501594,752.6797222063423,721.5289978027344,634.0089987182618,552.403999786377,3,-5.813109758988166,15.09271211120138,False,0
ARSSBL.NS,,787.8320712122298,,750360.5774058577,,,,,,510.43539491504305,512.2002257565761,523.0279986572266,535.3051577758789,549.1133596801758,206,-47.663079648044146,73.70666615437335,True,0
ARVIND.NS,,607.1500244140625,,665187.2380952381,,,,,,562.0240516479529,553.5897144495863,538.864370727539,506.2357482910156,422.75675811767576,2,-6.678752729567671,6.352380087013021,False,0
ARVINDFASN.NS,,576.9839137121372,,279544.4621513944,,,,,,449.1594095841152,449.1867776675396,455.2773095703125,455.3808752441406,458.8342724609375,246,-36.7530212885302,2.877641922213159,False,0
ARVSMART.NS,,705.4097122162362,,157261.908,,,,,,632.526754477762,639.1013765498167,625.0796520996093,613.3741180419922,588.3910317993164,13,-15.651855978755114,16.556237028888134,True,0
ASHOKA.NS,,214.5,,1585254.768924303,,,,,,115.16219135991477,115.81847762779717,120.24440032958984,124.69020004272461,135.43155033111572,214,-52.91375291375291,9.295655216522668,True,0
ASIANENE.NS,,565.7000122070312,,295267.6892430279,,,,,,512.7146212643853,485.0777719053983,413.12699645996094,377.6934982299805,328.64494918823243,3,-10.270462232596266,62.90465205379356,False,0
ASIANHOTNR.NS,,423.79998779296875,,32384.164658634538,,,,,,371.95013799784476,350.2246555808301,320.2770001220703,309.71250091552736,308.21250045776367,3,-10.335061126609935,28.178807659714767,True,0
ASIANTILES.NS,,79.05999755859375,,4436923.432539683,,,,,,49.7692812378704,49.706616777294855,50.23859992980957,55.6280001449585,62.06615003585816,103,-46.2433578137895,4.823832130270644,True,0
ALLTIME.NS,,314.70001220703125,,148371.2658730159,,,,,,208.43316045719976,209.55164425727722,221.3055990600586,230.0761996459961,235.24029991149902,215,-40.89609380833566,10.802083891197745,False,0
ALKEM.NS,,5875.534417311879,,134552.932,,,,,,5223.74708301273,5305.392839776267,5496.241103515625,5449.2662353515625,5490.31716796875,165,-13.779189775858558,2.4550063836559,False,0
ALIVUS.NS,,1488.4866814641196,,120895.124,,,,,,1386.8295510137334,1364.986446593836,1263.6454931640626,1163.3135070800781,1044.6617318725587,8,-9.492572244817243,22.18165780250212,False,0
ALICON.NS,,1018.832993642693,,29422.345381526105,,,,,,705.455460131561,703.3896871697742,685.352998046875,678.7447546386719,717.9408554077148,218,-43.24853115376409,18.846752044517444,False,0
AADHARHFC.NS,,563.0,,402089.06746031746,,,,,,474.08360016808206,478.37728051799155,498.06099975585937,492.6909994506836,484.1359994506836,49,-18.41918511670182,11.54540124437582,False,0
AARTIDRUGS.NS,,531.6963704720772,,173708.9203187251,,,,,,424.9224539501734,421.57853636853287,413.5540008544922,395.76500061035154,386.1581105041504,244,-40.01275353377998,2.7378384707642534,False,0
AARTIIND.NS,,550.655353408149,,1110506.326693227,,,,,,508.48471144038064,511.91584941065,501.8034747314453,488.07825775146483,444.6847691345215,12,-11.826004729755269,17.586740664728207,True,0
AARTIPHARM.NS,,944.0989338759356,,320040.0637450199,,,,,,844.6425478649768,831.1477998867366,764.5820031738281,727.2395001220704,721.4521124267578,247,-38.036155003552295,0.270606307345056,True,0
AAVAS.NS,,1771.9000244140625,,179853.00398406375,,,,,,1292.9543279344696,1315.4230118118398,1393.7480102539062,1393.5730053710938,1375.5155029296875,208,-40.15463571288572,3.9573713496753538,False,0
ABB.NS,,7832.294844565128,,329240.7410358566,,,,,,7430.282367550401,7456.419075612318,7349.195888671875,7121.848046875,6358.99046875,40,-10.593722869084242,16.209453529106188,True,0
ABCAPITAL.NS,,430.70001220703125,,4968201.442231076,,,,,,401.8346363628453,403.3626612110814,404.0710003662109,382.2624996948242,362.08149963378906,28,-10.58741695173121,23.357559913812675,False,0
ABFRL.NS,,94.94999694824219,,5761378.488095238,,,,,,52.12455311865572,53.398970587736315,56.81840003967285,59.65420001983642,64.14059997558594,244,-47.13006595428985,4.856984584344337,False,0
ACMESOLAR.NS,,430.5,,1631039.253968254,,,,,,402.7106717422705,396.81148119271967,382.38600036621096,351.61600006103515,294.7853959655762,5,-8.76887340301974,10.875331564986745,True,0
ADFFOODS.NS,,346.1881784193172,,274700.2948207171,,,,,,271.74843867922135,272.10435744830653,284.0409191894531,281.34945190429687,240.01257194519042,50,-26.095106057139905,18.8530837795996,False,0
ADOR.NS,,1766.4000244140625,,36337.17928286853,,,,,,1643.1621778557144,1612.916359081751,1495.7255517578126,1299.470444946289,1150.118077697754,8,-9.42029110700785,31.390316488080906,True,0
ADVAIT.NS,,2482.5844584508545,,57632.024539877304,,,,,,2117.387733973757,2132.685701380422,2171.3473193359373,2155.340887451172,,62,-18.068406957742113,20.970814441571584,False,0
ADVENZYMES.NS,,417.20001286678644,,268281.45816733065,,,,,,298.65653953457655,301.0005040853372,310.35211181640625,335.01763244628904,314.0535522460938,88,-30.237301338266708,33.83612311139934,False,0
AEGISVOPAK.NS,,311.489990234375,,1150496.5515873015,,,,,,285.24158973709444,281.1146143102306,281.61570861816404,245.48841552734376,232.25451080322264,44,-17.075990917520144,53.84475115423803,True,0
AEROENTER.NS,,159.60000610351562,,570975.4143426295,,,,,,142.67824068579387,139.60258423314338,129.72179412841797,118.91307907104492,99.44153186798096,3,-17.036341730319847,26.324199242577826,False,0
AETHER.NS,,1717.0,,330733.19920318725,,,,,,1642.8426869735135,1630.0107754641617,1548.5860009765624,1359.3909997558594,1172.9652536010742,9,-7.606288618866486,24.801418012446398,False,0
AFFLE.NS,,2185.89990234375,,315704.2509960159,,,,,,1601.135354529934,1615.806345611762,1589.8260083007813,1527.4209973144532,1545.6314990234375,243,-42.75583948347932,2.2432773540162154,False,0
AGI.NS,,939.0,,244699.428,,,,,,764.3495940601684,749.5302228612996,718.0950024414062,673.996000366211,651.319750213623,239,-50.47923322683706,3.8301323140783383,False,0
AHLUCONT.NS,,1077.949951171875,,101824.29880478088,,,,,,616.6963668126184,658.3537401686954,767.0870007324219,797.6409997558594,828.4964996337891,205,-45.266475557738886,6.903933454332223,False,0
AIAENG.NS,,5160.600958593338,,79596.77911646587,,,,,,4216.912092049812,4293.081540463301,4514.24419921875,4400.76904296875,4106.878450927735,52,-20.51119374332735,31.08553632877622,False,0
AIIL.NS,,683.0,,696689.2063492064,,,,,,525.3346862984835,535.1900740126368,542.9400030517578,520.5385025024414,519.185500946045,167,-41.434846266471446,19.961924832788046,False,0
AJANTPHARM.NS,,3796.0,,113757.432,,,,,,3536.3790015914656,3538.619979515599,3474.8274951171875,3252.25146484375,3011.9954431152346,17,-9.773445732349838,17.34811771594429,False,0
AJAXENGG.NS,,697.5499877929688,,84687.24302788844,,,,,,582.8215959627316,579.1811561161958,574.4440014648437,564.1559991455078,546.9904989624024,238,-43.40190743288429,0.4341126127618944,False,0
AJMERA.NS,,221.39999389648438,,491448.374501992,,,,,,117.47761619432065,118.36349495772721,123.59780075073242,124.31190055847168,139.23225032806397,215,-55.7226732241326,8.47560590301133,False,0
ALEMBICLTD.NS,,117.72000122070312,,479024.40873015876,,,,,,104.86103443921982,100.49251164465386,91.76348937988281,89.62998489379883,90.04558013916015,6,-14.610944953517214,26.694622928524492,False,0
ASKAUTOLTD.NS,,687.7000122070312,,383043.9761904762,,,,,,623.0151749149178,618.6991348856156,568.6478796386718,507.6436978149414,476.6090519714355,26,-12.919882949536078,61.097436605357494,True,0
ASTEC.NS,,941.75,,490846.1349206349,,,,,,636.8655739661228,620.2816438975614,635.4760009765625,687.6880029296875,672.2307525634766,200,-45.48446780843509,8.862842388104442,False,0
ATLANTAELE.NS,,2152.60009765625,,254870.39330543933,,,,,,1841.2156359878186,1799.4360369879275,1701.220009765625,1754.9490051269531,1358.6395013427734,71,-30.642017454817648,78.57735000033435,False,0
BGRENERGY.NS,,490.79998779296875,,137762.17269076305,,,,,,247.31992214750898,251.25759810141912,270.7818008422852,289.97980056762697,312.82879997253417,219,-53.13773314578412,93.48583346098856,False,0
BHAGYANGR.NS,,432.29998779296875,,235767.50597609562,,,,,,395.6378047296196,390.2018977541931,386.33600036621095,351.39800018310547,254.64545009613036,52,-17.41845707130355,56.24096079584193,False,0
BHARATFORG.NS,,2295.0,,1216372.0517928286,,,,,,1997.1271062933931,2029.5694056675095,2104.9460009765626,2033.2134411621093,1817.1220880126953,24,-16.021784364787585,3.907478601363268,False,0
BHARATRAS.NS,,2987.5,,23744.536,,,,,,1201.5548974107176,1237.4793507356503,1297.1560034179688,1354.010001220703,1610.0952508544922,220,-61.5029296875,17.28708825434793,False,0
BHARATSE.NS,,261.4935961713362,,563635.5079365079,,,,,,221.27964047199765,223.18717610544542,227.62508178710937,207.3162236022949,188.28802360534667,44,-23.439808898009552,41.455551459355775,True,0
BHARATWIRE.NS,,262.0,,515561.07569721114,,,,,,178.43391245829076,183.11960975647622,195.4465997314453,207.86789962768555,191.29924995422363,88,-35.255723327170806,54.13644071974824,True,0
BHARTIHEXA.NS,,1934.317756973946,,187045.1507936508,,,,,,1539.1812075206913,1549.138114463602,1566.9165283203124,1526.1616857910155,1578.8182135009765,219,-26.876663921886223,10.80049696802503,True,0
BIL.NS,,1150.0,,8960.76,,,,,,955.8885854642804,903.3780249419791,810.7949975585938,774.5549993896484,768.6622500610351,1,-8.260869565217387,50.85419002673357,False,0
BIOCON.NS,,447.1499938964844,,3779349.5,,,,,,399.0290240740485,405.7501100621792,419.0729998779297,413.24338623046873,395.55474685668946,41,-13.127581905556784,2.4085063791248196,False,0
BLACKBUCK.NS,,748.0,,771359.3412698413,,,,,,584.5445179547577,584.5542589624151,574.0059985351562,558.2274975585938,586.376498413086,224,-33.68983957219251,17.501001201441735,False,0
BLKASHYAP.NS,,71.30999755859375,,610491.6215139442,,,,,,56.09718096478108,55.52914968539061,55.132199935913086,55.118999824523925,52.4531498336792,250,-43.45813900541194,0.0,False,0
BLSE.NS,,330.7814213322901,,583645.6984126985,,,,,,319.9271732693625,316.7175755799987,298.4831512451172,256.2693916320801,215.69918586730958,9,-5.889518661857096,22.01837314583479,True,0
BLUESTARCO.NS,,2022.9788267608074,,484321.59760956175,,,,,,1483.63352284662,1501.6968056782366,1579.3079760742187,1621.8934851074218,1708.2680560302733,221,-29.19846565465427,6.317568949121299,False,0
BLUSPRING.NS,,139.8000030517578,,544611.486055777,,,,,,131.1662756165121,127.40748819449415,118.26820037841797,100.4591003036499,80.65090015411377,5,-13.626611327544092,22.929941249478027,False,0
BOROLTD.NS,,397.95001220703125,,226113.70916334662,,,,,,253.8695221308917,250.59784935864266,243.68420013427735,238.54630004882813,250.85074989318846,241,-46.2922504909116,5.765945129883043,False,0
BORORENEW.NS,,721.0,,683182.7817460317,,,,,,507.4803432233101,520.6263342716653,563.4560021972657,552.9405023193359,522.9242514038086,210,-48.07212289923933,19.553757098741297,False,0
BOROSCI.NS,,180.8000030517578,,137556.66135458168,,,,,,128.6943452421666,130.9573939967004,143.40140045166015,141.84990028381347,127.58979999542237,54,-32.350666209015536,48.67021011991817,True,0
BOSCHLTD.NS,,50000.0,,32655.613545816734,,,,,,48300.153188146585,47581.11689977091,44474.909296875,41009.722265625,38079.460078125,9,-7.179999999999998,19.47543934992666,False,0
BRIGADE.NS,,799.2478861619728,,703309.8924302789,,,,,,662.4697935229103,644.4673545108118,590.3093096923828,559.4675115966797,571.8004234313964,216,-43.79763359693989,11.073056217604638,False,0
BRIGHOTEL.NS,,88.2699966430664,,181802.708,,,,,,57.814083998147446,58.65574028874165,60.5602001953125,61.98330020904541,63.468100185394285,246,-38.41621991879669,2.5260393166371298,False,0
BRITANNIA.NS,,6215.976836613289,,342899.13095238095,,,,,,5132.667612356042,5225.151050427263,5343.196044921875,5303.5003125,5541.645715332032,251,-20.325979427783192,0.0,False,0
BUILDPRO.NS,,1380.0,,85665.36686390532,,,,,,1279.2044322470167,1270.8316549356377,1243.475997314453,1163.0093609619141,,28,-13.60869919044384,23.7074099095667,False,0
CANFINHOME.NS,,962.6932158005569,,231187.54183266932,,,,,,797.656839989131,805.970684193593,835.8540002441406,843.7173376464843,860.4236380004883,178,-20.535254610257425,8.06258402211386,False,0
CANHLIFE.NS,,166.24617118007782,,1960571.1982378855,,,,,,153.21442260204793,152.69122966056895,149.73972930908204,144.30459442138672,142.93806999206544,38,-16.011759261651527,10.396281183091883,True,0
CANTABIL.NS,,319.6677867610962,,223703.4497991968,,,,,,239.9038944410333,239.88920579973203,243.91854583740235,235.7839225769043,249.59715675354005,148,-34.97447195971165,8.966209235026646,True,0
CAPITALSFB.NS,,318.27334486330085,,40442.144,,,,,,279.50583186955566,282.7330544097008,290.5679998779297,282.5483781433106,268.39725273132325,90,-18.473896855927087,15.640917043122492,True,0
BHAGCHEM.NS,,316.8999938964844,,151304.37751004015,,,,,,267.5194061775782,272.75235164466926,278.65779174804686,268.9585577392578,242.37020721435547,28,-19.02808108373324,27.116219222240634,True,0
BFINVEST.NS,,584.7000122070312,,69415.344,,,,,,452.9038057107372,454.2367769982042,460.4860009765625,439.86499084472655,414.25344192504883,43,-25.979138232047372,36.33807038619297,True,0
AURIONPRO.NS,,1292.4982061202147,,202396.6349206349,,,,,,682.0099966717115,697.3609574751354,756.0480041503906,792.7000030517578,876.1947491455078,247,-48.70399070106449,1.9962804649775068,False,0
BETA.NS,,2807.89990234375,,20947.504,,,,,,2183.4055133269076,2238.816966345597,2292.801982421875,1922.6569897460938,1664.3239959716798,21,-26.172581926098225,36.713320506755466,True,0
AURUM.NS,,264.6400146484375,,208654.5498007968,,,,,,225.02893803246374,226.13660661107986,227.3427996826172,207.67080001831056,192.04484977722169,41,-22.40402254499797,42.53566266084074,True,0
AVALON.NS,,2400.0,,368384.5856573705,,,,,,2238.80327764424,2172.6734372451238,1937.274013671875,1700.6955078125,1322.0892556762694,8,-10.86249796549479,36.624263553258764,False,0
AVANTIFEED.NS,,1575.9303166617983,,901633.7051792828,,,,,,817.2988143891,834.6035865172956,892.4432556152344,1033.9053088378905,1039.433923034668,103,-50.36265298474652,7.660600750629398,False,0
AVL.NS,,703.5025243881884,,235506.70517928287,,,,,,605.3830269101198,605.6285737139772,618.091923828125,590.40306640625,539.9887312316895,56,-18.891552509755606,25.905449474686915,False,0
AVTNPL.NS,,97.0,,166375.83534136545,,,,,,89.49978612595682,86.3576895426879,76.99506866455079,72.9568839263916,68.49502309799195,5,-9.948455181318462,32.87820896750837,False,0
AWL.NS,,281.42985528309595,,3295701.912350598,,,,,,189.91214707775836,191.2111530415533,190.78080017089843,192.05130142211914,200.8171871948242,202,-39.48744889504835,5.382544848446669,True,0
AYE.NS,,197.2899932861328,,1831071.2344827587,,,,,,179.31228383323773,177.18810270944238,172.71359985351563,161.008999710083,,38,-19.636064449649904,28.738683662283783,True,0
BAJAJCON.NS,,692.0,,1220599.8804780876,,,,,,503.5870485570436,502.1150596463808,534.9160021972656,540.9945016479492,435.63275146484375,43,-35.281791025503516,26.692888485031997,False,0
BAJAJELEC.NS,,647.9607286405871,,394765.5,,,,,,337.12441961349657,339.05480419484155,339.08227172851565,341.8215963745117,375.6477690124512,242,-53.96145269075225,0.6657003235311709,True,0
BAJAJHCARE.NS,,513.5782431574246,,278666.3134920635,,,,,,328.30638302108395,327.25187949147585,332.66509338378904,320.5483673095703,341.3279266357422,241,-47.20876231635778,14.83937121938137,True,0
BALAJITELE.NS,,141.32000732421875,,426632.0717131474,,,,,,92.52269292575261,92.1305887813145,89.96080001831055,92.28840026855468,95.18645000457764,239,-50.80668480042429,16.010500930145312,False,0
BALAMINES.NS,,2629.800048828125,,310962.1984126984,,,,,,2397.3258206183173,2340.492744961427,2249.413991699219,2027.7222204589843,1567.2325607299804,4,-11.396301833115619,9.650141223817377,False,0
BALKRISIND.NS,,2765.3795041598637,,256417.648,,,,,,2277.6876167197042,2305.715132352162,2274.3289111328127,2225.907816162109,2284.478598022461,146,-29.00901172331021,15.837388334030722,False,0
BALUFORGE.NS,,696.8433940665321,,1024700.4087301587,,,,,,563.3463860042494,556.849677031936,499.2280004882812,490.89300140380857,496.49349960327146,250,-51.05787172599552,0.8842392597660842,False,0
BANCOINDIA.NS,,848.8262434052705,,602513.1354581673,,,,,,618.188517302421,619.616554084177,632.7666687011719,632.2804486083984,624.0223883056641,234,-41.61349252118954,41.353677973120085,False,0
BANSALWIRE.NS,,370.0,,129268.31474103585,,,,,,314.60840207407347,317.0002739653783,322.1209997558594,316.7329992675781,300.25384963989256,50,-18.37837837837838,14.634904668194748,False,0
BASF.NS,,4797.620574444326,,25682.849206349205,,,,,,3791.3102743628365,3825.602188637658,3793.9877392578123,3677.90751953125,3668.712283935547,236,-35.356841842461115,1.2506511430068201,True,0
BATAINDIA.NS,,1223.9851643268328,,275892.2301587302,,,,,,670.0579866926084,677.7073642450472,676.8515173339844,671.9986944580078,735.1786032104492,249,-52.82651369853244,1.6655994101580918,True,0
BAYERCROP.NS,,5305.222747660049,,28288.75298804781,,,,,,3995.292986255864,4032.4322160926044,4106.169018554688,4227.773957519531,4365.571307373047,244,-25.827808045654766,4.545891858788198,True,0
BBL.NS,,3367.0326028562217,,35743.99601593625,,,,,,2285.0651755676845,2323.5701890557807,2460.64576171875,2624.3197412109375,2592.9445703125,226,-39.85048773156517,2.1614610233111398,False,0
BBOX.NS,,1101.5073628455477,,589952.9722222222,,,,,,749.1064489952983,754.2069217964573,793.1644567871094,848.3380816650391,683.5268513488769,70,-35.62003774699245,119.85655462455883,False,0
BBTC.NS,,2114.6666501437494,,158590.50597609562,,,,,,1477.5594574152228,1482.7022064719333,1493.4039892578126,1509.1929907226563,1604.9626867675781,222,-37.834174691478,11.18101775519882,True,0
BELRISE.NS,,268.20001220703125,,6225828.138888889,,,,,,231.1421759478966,233.18144316795022,235.0361993408203,229.1166000366211,204.87255027770996,22,-16.107386368679176,9.420137921306427,True,0
BEML.NS,,2269.4722530370836,,390333.1626984127,,,,,,2038.9186865131935,1989.2581452437673,1874.1679956054688,1836.8524780273438,1767.7009155273438,222,-40.37354042422008,9.575055808091237,False,0
BEPL.NS,,137.34641029083173,,1478993.9126984128,,,,,,128.955452090612,126.43334470920286,118.6552505493164,107.20384078979492,96.02652515411377,38,-19.029555378269503,28.384534130980054,True,0
GODIGIT.NS,,381.3999938964844,,525757.5099601593,,,,,,256.42508278923236,258.95462112144537,270.73799774169925,289.6399992370605,311.3662497711182,241,-35.972731815375845,0.2374318724903901,True,0
GOKEX.NS,,954.9000244140625,,691380.9003984063,,,,,,780.6222374181153,785.6268985229368,807.70900390625,767.1140008544921,736.3850015258789,203,-44.39208436235745,18.653918829418757,False,0
OFSS.NS,,12540.0,,228425.46031746033,,,,,,11874.1568400887,11842.787457396007,11605.76,10670.361044921876,8936.497255859374,9,-7.8947368421052655,13.26890073164122,True,0
MAHLOG.NS,,447.10758500270833,,262144.3266932271,,,,,,400.2662434440559,400.4234055027898,400.1297088623047,383.3367373657227,367.54484497070314,99,-26.544449545759573,-2.1207450713510267,True,0
LINDEINDIA.NS,,8035.3727195912315,,41518.076,,,,,,6389.916934821441,6507.1291977884985,6786.312548828125,7001.047705078125,6705.955327148437,90,-23.083841712392793,15.668065158633059,False,0
LLOYDSENT.NS,,84.69999694824219,,3728568.083665339,,,,,,71.98460841522447,73.60841368707833,76.96100051879883,73.82839904785156,65.17171258926392,24,-17.93387881854813,19.02889092404203,True,0
LTFOODS.NS,,490.70001220703125,,1279635.261904762,,,,,,445.3025976894018,438.4396863943464,411.8439117431641,404.74518310546875,397.89322616577147,14,-12.859181686120092,22.710481084586664,True,0
LTM.NS,,6344.474916122625,,368910.95238095237,,,,,,4480.4542432571525,4500.700549255442,4363.580009765625,4187.671882324219,4728.712386474609,163,-44.39256129715918,8.116773671372957,False,0
LTTS.NS,,4673.3032272251885,,134211.54581673307,,,,,,3465.2964618801134,3496.717711536662,3461.0399951171876,3451.0647412109374,3630.320191650391,193,-36.30977749224521,9.376987466847453,True,0
LUMAXIND.NS,,6868.719019600016,,26225.948,,,,,,6115.391990958656,6015.920279177759,5624.7683203125,5461.102744140625,5419.275319824219,145,-33.37659386113599,19.632341529524844,False,0
LUMAXTECH.NS,,2148.699951171875,,259216.87250996017,,,,,,1968.378736561904,1940.5391836261647,1740.1176391601562,1685.9084729003907,1626.382255859375,8,-11.109040656965197,38.50912794221257,True,0
LUPIN.NS,,2523.699951171875,,973234.626984127,,,,,,2125.464015087182,2171.4957506973055,2316.00119140625,2303.093786621094,2247.5346423339843,38,-18.361925399593215,11.784392410319056,False,0
LUXIND.NS,,1823.3499755859375,,94462.28685258965,,,,,,1158.4745404196772,1183.5020536086809,1229.9399951171874,1302.187998046875,1172.2739990234375,99,-39.3917793960092,77.27881648640673,True,0
LXCHEM.NS,,240.59049253763015,,1084223.346613546,,,,,,173.85530211793085,173.76303591083828,173.48129913330078,163.41344467163086,154.40403400421144,248,-55.35269769994946,0.3918251721790167,False,0
MADRASFERT.NS,,93.48999786376953,,149360.96787148595,,,,,,64.6019392860743,65.36400362689554,66.66420043945313,67.65810012817383,69.46290018081665,244,-43.78008067784997,0.9553121219912253,False,0
MAHABANK.NS,,94.5,,19562091.70238095,,,,,,84.17318999309255,83.26140028528366,81.5879995727539,81.91789840698242,72.69439800262451,54,-18.30688153625165,20.152580044452463,False,0
MAHSEAMLES.NS,,724.0,,191664.72509960158,,,,,,670.0478340648893,647.2315367839874,602.7206689453125,612.12328125,580.8426953125,1,-6.96132933895891,23.984141265549486,False,0
MATRIMONY.NS,,566.3557799316015,,40682.668,,,,,,518.5562615950993,513.3339739218104,474.45700988769534,442.2226010131836,461.39662353515627,157,-36.465971889817816,14.545091016677315,True,0
MAITHANALL.NS,,1210.0999755859375,,88025.92857142857,,,,,,1046.2818138086675,1025.1195489499612,998.1519970703125,1001.8917736816406,986.7047708129883,61,-21.05197960000359,13.517161760568207,False,0
MAMATA.NS,,514.3336672504768,,176836.86111111112,,,,,,412.113920899489,410.61605997638105,403.2560272216797,400.1348452758789,401.30321975708006,245,-42.33009552464608,7.850126603662888,False,0
MANALIPETC.NS,,93.0,,1400872.626984127,,,,,,84.40306208515533,80.01910126572686,70.30320030212403,65.26240013122559,60.60309995651245,3,-8.602150537634412,42.644496681666524,False,0
MANGLMCEM.NS,,1120.0,,91004.40562248995,,,,,,1053.4784090394728,1028.9744362780891,975.7413232421875,925.3101818847656,860.4750463867188,5,-10.223214285714288,16.454330970557617,True,0
MANINFRA.NS,,158.88561185773062,,1292965.6334661355,,,,,,124.38308289520295,119.73183504682571,109.06719970703125,112.16618614196777,111.50910861968994,245,-51.75556220444347,1.3561288591693588,False,0
MANORAMA.NS,,2148.6752714346185,,209176.70916334662,,,,,,1989.1491514712272,1911.8059523315962,1727.53892578125,1608.1427526855468,1468.0520251464843,3,-7.601768988791003,31.06986207956983,False,0
MAPMYINDIA.NS,,1992.1530909053106,,315207.544,,,,,,970.4927088837483,987.7959785328514,1039.8288781738281,967.2938842773438,1131.07673828125,227,-60.21021203648602,18.46359048048196,True,0
MARATHON.NS,,685.4000244140625,,124803.96015936256,,,,,,429.2818263280733,415.7432691542034,398.35599853515623,424.5025,453.84949935913085,243,-49.80303829328113,9.887631979410983,False,0
MARICO.NS,,889.0999755859375,,1823097.920318725,,,,,,822.8309653550263,832.5738055861477,847.5971008300781,830.2802087402343,789.7649447631836,30,-10.071981807664908,8.88152065097838,False,0
MARUTI.NS,,17197.28603290768,,431189.42063492065,,,,,,12874.434142698654,13145.154216961722,13583.5471484375,13396.541552734376,14095.019848632812,173,-29.758203199063303,10.827564479510855,False,0
MASFIN.NS,,357.9301909358125,,147647.52988047808,,,,,,294.76869603664215,297.8730180924941,307.98206909179686,312.1525869750977,312.77282562255857,93,-21.213687154272222,10.020615311953108,False,0
MASTEK.NS,,2528.4472853639354,,123378.36111111111,,,,,,1690.8425053213557,1714.0365933911157,1733.2865112304687,1676.3161462402343,1762.9221600341798,250,-47.676471478390994,-1.5097840178081245,True,0
LGEINDIA.NS,,1755.0,,1205939.3652173914,,,,,,1657.0335525883083,1647.9030860471892,1597.1800073242186,1574.0770092773437,1544.5030041503906,19,-8.000001391114676,3.7710003476003395,False,0
LGBBROSLTD.NS,,2019.894362671753,,67393.09960159363,,,,,,1700.6854283790747,1664.457952541789,1585.4588500976563,1581.303896484375,1688.6222436523437,145,-29.443359419448868,7.766626335999027,False,0
LAXMIDENTL.NS,,377.04998779296875,,353146.29761904763,,,,,,199.17777050867576,200.43278070769176,209.78279998779297,214.51219970703124,215.9750991821289,247,-58.658000283929624,13.700618723578973,False,0
LATENTVIEW.NS,,517.5,,1339563.796812749,,,,,,266.133699178775,273.47603743228444,289.68699920654296,296.2564988708496,342.5317501068115,191,-52.07729468599034,16.420878251868597,True,0
KINGFA.NS,,6347.0,,7893.755020080322,,,,,,6029.6926918139625,5910.753106357239,5497.31,5314.748002929688,4764.839508056641,1,-3.466204506065862,22.721450389200903,False,0
KIRIINDUS.NS,,779.0,,976799.2619047619,,,,,,539.7959760003856,512.3476251481608,445.055,422.07800048828125,452.8125001525879,175,-57.15019412157012,26.560316180547684,False,0
KIRLFER.NS,,509.728293793752,,173916.3831775701,,,,,,457.72453698469485,454.01931280065634,456.42049377441407,448.95042388916016,,58,-16.033697714810625,15.516638942753303,False,0
KIRLOSBROS.NS,,2180.905610301624,,113777.2828685259,,,,,,1864.9432190510781,1881.4706198826445,1891.64279296875,1814.6820202636718,1699.3897534179687,58,-17.92400406762955,19.018370125707662,True,0
KIRLOSIND.NS,,4559.03089925217,,15032.132,,,,,,3679.6711404168645,3711.890114552094,3817.4527685546873,3585.5436157226563,3323.411142578125,57,-22.130378668006333,24.485380074337005,False,0
KIRLPNU.NS,,1093.5391904117103,,264253.05179282866,,,,,,736.5189102121591,741.9192194325689,780.1779992675781,798.5752313232422,674.4312684631348,58,-35.37954280833653,44.41067276797814,True,0
KITEX.NS,,232.6999969482422,,1320348.250996016,,,,,,126.84899309397011,129.32331336540986,140.08280014038087,150.36720008850097,164.29935001373292,221,-47.249677004807864,10.905275813635074,False,0
KKCL.NS,,590.1599224193676,,40428.534136546186,,,,,,507.5253186684279,509.4999082698045,509.1349981689453,486.3671438598633,481.8736721801758,240,-31.107601231223992,10.685253905508452,True,0
KNRCON.NS,,220.0,,2517049.4007936507,,,,,,122.49768347092339,123.99568924361218,126.38000076293946,128.26330032348633,133.65850036621094,247,-50.61363567005503,3.8527492593420254,False,0
KPEL.NS,,462.6490430754016,,323195.31746031746,,,,,,239.34945454659288,250.18813122179748,285.13880035400393,321.533800201416,318.01075553894043,215,-51.799316709349405,10.427676234457994,False,0
KPIGREEN.NS,,541.6977805031639,,1458536.5418326694,,,,,,301.5130176682256,314.4633720868034,357.56000061035155,391.61300079345705,402.291262512207,215,-47.110730316472726,12.156533921889467,False,0
KPIL.NS,,1468.0,,198309.428,,,,,,1406.6303850484564,1391.3445661472072,1350.96599609375,1319.524083251953,1228.2690167236328,21,-8.528607028056879,2.825461594563139,True,0
KPRMILL.NS,,1331.0754095910231,,490528.4143426295,,,,,,1145.9915669527893,1136.5921333171552,1113.1470727539063,1063.0357409667968,983.8886608886719,56,-23.74586798866176,31.383431797330164,False,0
KRBL.NS,,452.79998779296875,,686196.588,,,,,,425.14357839924736,415.5022866528134,384.34699768066406,373.7964987182617,364.1969990539551,11,-7.93948380270062,18.219045967881755,False,0
KRISHIVAL.NS,,508.0,,20521.74,,,,,,412.7797849472228,407.4479675797674,399.21099853515625,391.07899993896484,373.3570220947266,221,-44.42913626122662,11.95363882032423,False,0
KRISHNADEF.NS,,1398.6358552528313,,119942.904,,,,,,1052.16117097504,1067.4899700870144,1168.3531677246094,1169.2154559326173,1041.014312438965,57,-30.982751216650918,23.211790387760843,False,0
KRN.NS,,1687.0,,628146.1507936508,,,,,,1574.194507125621,1521.1236971482406,1359.6360009765624,1279.552998046875,1051.5712487792969,2,-6.378184682035415,24.255157435093345,False,0
KRSNAA.NS,,894.4000244140625,,80180.96812749004,,,,,,557.7417244760851,556.911088323038,553.3330029296875,556.7734997558593,616.6457498168945,241,-42.419500677296405,0.8576548191818079,False,0
KSB.NS,,1023.2461180887996,,247259.65737051793,,,,,,808.9399455690026,811.6199415285162,848.47599609375,861.1763543701172,811.5336517333984,97,-26.703850936582462,39.22437674565224,False,0
KSCL.NS,,1218.7102069676118,,143270.704,,,,,,743.0797918042401,759.2206384193945,804.657998046875,859.234496459961,872.8209982299804,244,-42.14375398230532,2.2466041923153712,True,0
KSHINTL.NS,,1198.0,,429461.5494505495,,,,,,1083.5309989184534,1033.5606081267563,937.9400024414062,845.1910003662109,,2,-5.801335559265441,30.61051695162311,False,0
KTKBANK.NS,,345.8999938964844,,3677131.6785714286,,,,,,332.6386113838091,326.9418903587705,302.14299926757815,283.4413995361328,246.6071996307373,5,-5.17490436898973,23.068571952960415,False,0
LALPATHLAB.NS,,1988.9000244140625,,373910.14342629485,,,,,,1913.3845339481322,1904.7420268756603,1833.8007495117188,1706.242911376953,1555.9265594482422,21,-6.697172889895697,18.85413195756158,True,0
LANDMARK.NS,,662.7999877929688,,364033.696,,,,,,500.6099310314406,507.67749541835826,507.34700073242186,455.5040002441406,445.3217500305176,244,-48.777910945579904,0.9262434895759064,True,0
LAOPALA.NS,,252.7650542172862,,129047.91269841269,,,,,,170.13518233091193,173.30257001907705,178.6460119628906,175.74587631225586,183.14608848571777,243,-37.581825263113856,2.001450836451424,True,0
MASTERTR.NS,,164.5,,964526.1792828685,,,,,,87.92739578291938,85.47483177522274,83.71259979248048,82.89829986572266,89.17790006637573,234,-66.20060883032153,-7.788200639989629,False,0
MAXESTATES.NS,,579.0,,119714.09561752988,,,,,,537.0328251916569,516.3628599455867,457.4390014648437,442.0044998168945,425.15625,12,-16.217615526163108,31.86436004164581,True,0
GOKULAGRO.NS,,259.79998779296875,,1126087.1912350599,,,,,,234.09174892334636,234.72599564118687,225.86539947509766,227.31949981689453,203.52999961853027,11,-13.010003610894517,20.354112572579155,False,0
NIITMTS.NS,,437.79574031188224,,244284.848,,,,,,225.8851003555754,228.7103100305178,234.18346954345702,240.32576705932618,298.7150576019287,177,-54.20139335924312,32.52463412320239,False,0
MWL.NS,,43.939998626708984,,838152.0398406375,,,,,,38.88430865440487,39.227517322113314,38.6943180847168,37.433782215118406,32.14181809425354,24,-18.274918138972886,11.540975124029806,False,0
NACLIND.NS,,259.6499938964844,,706107.4444444445,,,,,,165.72065266941817,170.14794731113105,188.26440032958985,180.30599975585938,166.97219295501708,251,-56.626225536719765,0.0,True,0
NAUKRI.NS,,1423.5480532701476,,1716587.5198412698,,,,,,1303.5406254682027,1307.647219869224,1259.8997021484374,1118.0318713378906,1146.7964282226562,243,-36.39097075301917,1.603621497619634,True,0
NAVKARCORP.NS,,132.0,,567949.6294820717,,,,,,95.66046186110123,97.00899078129177,101.6320002746582,100.96560020446778,98.34670013427734,244,-43.901512839577414,2.315364388410668,True,0
NAVNETEDUL.NS,,164.1333558091885,,227332.1673306773,,,,,,130.89265018566095,132.53021567788346,138.33039962768555,140.15168281555177,140.9773950958252,148,-26.763108049160834,13.875601980424301,True,0
NELCO.NS,,1120.0,,262825.8525896414,,,,,,943.9097265786401,946.486610889313,941.962998046875,838.3481921386718,755.1479335021972,18,-21.83035714285714,16.89995908338875,False,0
NEOGEN.NS,,2483.89990234375,,159681.390438247,,,,,,2225.3928384091478,2195.813294561099,2131.327224121094,1970.5418811035156,1611.2671157836915,17,-16.003060333668373,20.593559575901722,False,0
NEPHROPLUS.NS,,769.75,,315167.2864864865,,,,,,717.2184288353814,705.6182779510402,682.37900390625,657.6810009765625,,65,-19.71419291977915,31.890705053162183,False,0
NESTLEIND.NS,,1553.0,,1530808.492063492,,,,,,1415.8967556249238,1437.1336424860801,1464.1157080078126,1441.0696008300781,1349.620145263672,25,-11.287833150555382,12.481130446202805,True,0
NEULANDLAB.NS,,24225.0,,57577.589641434264,,,,,,23276.400667803973,22880.373426772996,21058.229140625,18909.935908203126,16516.602260742187,2,-5.056759545923628,22.310996273357418,False,0
NEWGEN.NS,,1030.4143551726484,,2491501.0079681273,,,,,,520.4042513239561,525.5808419565551,528.5448400878906,498.66883178710935,561.8727734375,218,-61.50966780822025,12.39981376480932,True,0
NGLFINE.NS,,3599.8325981661596,,9666.996015936254,,,,,,2813.5118801626995,2902.0196314509994,3104.406279296875,2875.938154296875,2359.793576049805,21,-28.466115369696155,16.336207712245642,True,0
NILKAMAL.NS,,2149.5,,35783.468,,,,,,2066.533262231961,2011.4119447216633,1767.7328247070313,1515.6525549316407,1425.4026654052734,6,-5.294256749389392,63.613114606450736,True,0
MAXHEALTH.NS,,1219.732372328196,,2822920.003984064,,,,,,1013.8482551126579,1019.1237781430974,1059.8000036621095,1044.3702014160156,1038.307612915039,222,-26.098703005452904,2.6880276508323364,False,0
NIRLON.NS,,641.8337601094673,,10136.425742574258,,,,,,621.3894853476471,620.1117541386225,614.0387756347657,601.6624194335938,,42,-7.7397145325293515,5.862482672750091,False,0
NITCO.NS,,123.58999633789062,,873521.476,,,,,,94.61845048678221,95.5426286936816,101.25119918823242,99.88469970703125,91.98509971618653,242,-48.21587353637725,2.493461801609387,True,0
NITINSPIN.NS,,662.4260969976905,,285149.72908366536,,,,,,633.0126511109705,615.3207119841668,573.4420129394531,542.7992086791992,444.0524301147461,1,-4.830957838326444,18.16610459544816,False,0
NIVABUPA.NS,,91.4000015258789,,1798255.155378486,,,,,,80.69016805337398,81.77806103977107,84.45580017089844,83.57680023193359,79.42465007781982,30,-13.719913245271421,5.569041578812617,True,0
NORTHARC.NS,,334.0,,840467.0992063492,,,,,,303.6384164808055,298.88982245572976,296.79900024414064,291.0333004760742,270.11315048217773,44,-18.218564701651385,18.746581200346203,False,0
NPST.NS,,2197.7059983294785,,37152.66265060241,,,,,,1686.0511568267543,1654.1612916064666,1601.4419946289063,1462.5374981689454,1373.190750732422,248,-61.4780149742752,0.0,False,0
NSLNISP.NS,,53.75,,6383964.756972112,,,,,,44.69842991396082,44.173797073037505,43.35900032043457,44.23340015411377,42.32665012359619,72,-26.883722349654793,40.65845390404035,False,0
NUCLEUS.NS,,1066.8741885000632,,42315.04,,,,,,723.0605931583049,725.6870083290256,730.0114965820312,745.8998889160156,796.6788656616211,244,-36.39380442319371,3.0127537822649098,True,0
NUVAMA.NS,,2066.0,,542855.1474103585,,,,,,1790.5620384840927,1780.2816230313208,1805.153994140625,1674.2558142089845,1501.7691131591796,34,-23.59148230464968,27.370385094701067,True,0
NUVOCO.NS,,453.25,,739301.8174603175,,,,,,334.4415910668829,333.2924764510603,336.69800048828125,325.8015008544922,328.86625076293944,244,-39.05129619415334,4.423948037688041,True,0
NYKAA.NS,,349.54998779296875,,6202227.737051792,,,,,,338.59443890869767,335.92973820429216,329.8520001220703,302.6355993652344,279.01689971923827,8,-5.664422395773583,11.499198658044252,False,0
OAL.NS,,559.7000122070312,,31983.752,,,,,,487.41799037446015,447.4933944902122,383.424111328125,350.5487893676758,314.83748672485353,1,-6.771488938264203,43.3338760445837,False,0
MUTHOOTMF.NS,,262.7699890136719,,552384.7290836653,,,,,,201.73044851820688,206.71132013605452,222.6570004272461,207.5168002319336,191.12555015563964,34,-26.418535530153076,46.51001783683731,True,0
MUNJALAU.NS,,129.46286953315382,,949843.8047808765,,,,,,112.22152472579,111.72248413708743,107.17033660888671,98.69980514526367,87.80666889190674,19,-16.26170186630467,22.113415706761575,True,0
MUFIN.NS,,141.5,,1417282.3452380951,,,,,,135.87813053549928,135.7220335191974,133.075,127.42310028076172,119.39294998168945,15,-6.282685081023631,8.891490122525326,True,0
MSUMI.NS,,52.823297143452564,,9242700.529880479,,,,,,37.002816339958535,37.78280927777348,39.497499237060545,39.17971893310547,40.88610517501831,171,-33.38309526183342,11.532593259555446,False,0
MAYURUNIQ.NS,,899.9875607705063,,126520.6827309237,,,,,,743.8760728594787,748.9336019417409,778.1767541503906,738.9553253173829,627.4858467102051,49,-21.998921918543324,40.15728331764619,False,0
MBAPL.NS,,174.94000244140625,,1093192.9285714286,,,,,,162.85383502352954,162.2620412678617,153.33940048217772,131.61170555114745,110.27446063995362,14,-11.095234589704827,50.20898910282252,False,0
MBECL.NS,,314.6700134277344,,108.24701195219123,,,,,,226.30993076149653,169.74169034711431,93.51840225219726,79.45920188903808,72.4296017074585,1,0.0,381.14679829666187,False,0
MBEL.NS,,533.8789199375677,,320206.75793650793,,,,,,266.68115072950496,271.1182083725475,289.7447491455078,297.7246209716797,314.45532455444334,212,-58.37842943780414,22.484219954546127,False,0
MEDANTA.NS,,1544.0,,231735.06,,,,,,1453.2463448277226,1442.7288116269024,1402.7508862304687,1312.0228735351564,1218.1223281860352,10,-9.10621603535865,12.200630837055915,False,0
MEDIASSIST.NS,,571.9867367161792,,179142.79282868525,,,,,,332.4425353944802,337.8311978273034,348.09849243164064,356.02262817382814,377.9259289550781,215,-49.09217138133324,10.730902532199615,False,0
MEDPLUS.NS,,1022.2000122070312,,203383.2168674699,,,,,,668.3158884627152,676.1049918028045,719.3780004882813,797.3645031738281,812.5917510986328,80,-36.60731830741191,16.244217986107557,True,0
MENONBE.NS,,323.95001220703125,,105472.992,,,,,,295.5467758196812,279.994177489334,233.2610021972656,190.0748999786377,152.32558422088624,4,-14.647325333856354,89.09045631054713,False,0
METROBRAND.NS,,1332.1929881655078,,67140.04819277108,,,,,,935.5065457367917,939.7751071108851,986.5172814941407,1008.1999700927735,1031.471300354004,244,-33.93547222620056,3.9659874583609422,False,0
METROPOLIS.NS,,609.0499877929688,,297988.8924302789,,,,,,586.2622436608522,578.980289816027,570.3680017089844,547.5592309570312,508.82309692382813,30,-11.895577318631979,7.543873187761241,False,0
MFSL.NS,,1892.5,,700965.7529880478,,,,,,1518.567951936795,1532.8911276954802,1547.93400390625,1588.2730041503905,1635.8360009765624,138,-24.24835003508917,11.842105263157897,False,0
MGL.NS,,1341.9213239967235,,284200.84,,,,,,1091.7634849850833,1095.2657660933694,1096.5259936523437,1100.5946264648437,1085.2266180419922,245,-34.00117665992776,4.633814478075404,False,0
MHRIL.NS,,368.8999938964844,,189875.6507936508,,,,,,205.70401356961366,210.97117797654718,220.8036001586914,226.45329986572267,257.3242504119873,244,-47.68229786033638,0.6280530355896818,False,0
MIDHANI.NS,,482.3999938964844,,1271917.1195219124,,,,,,440.37544267120666,431.40461310409825,418.77100158691405,416.7344998168945,375.6696144104004,3,-12.72802542979714,15.67842680721454,False,0
MIDWESTLTD.NS,,1859.9000244140625,,111611.5945945946,,,,,,1075.6813208029644,1102.0011097922823,1190.8260009765625,1235.1230029296876,1313.38,169,-44.83574458131275,55.0373405263412,False,0
MMFL.NS,,687.9500122070312,,161514.70119521912,,,,,,634.1826368090703,628.0840123390127,583.7879962158203,522.464712524414,465.785352935791,17,-12.304676635224476,55.10204791708737,False,0
MMP.NS,,485.0,,41690.55421686747,,,,,,421.72379570134433,396.82263220715424,333.28779052734376,301.99623931884764,272.4512785339355,3,-9.93814684681057,70.72390169117999,False,0
MMTC.NS,,78.3499984741211,,6467964.416666667,,,,,,63.02416042591286,63.28417499429097,63.558800048828125,65.29559978485108,63.22584995269776,62,-23.54817780160672,12.35407246425504,True,0
MODISONLTD.NS,,546.0,,117414.1952191235,,,,,,477.22697996961966,439.34183735627926,346.98668029785154,296.1981707763672,218.15252952575685,7,-17.216117216117222,83.39199285207374,False,0
MOIL.NS,,398.6210131186603,,1153996.0119521911,,,,,,253.07584675723047,257.58463781267545,268.36,284.32749938964844,301.42779151916505,234,-39.20290247434256,13.571965915061867,True,0
MOLDTKPAC.NS,,838.8123497903943,,94107.836,,,,,,692.6664869403872,692.0334050875612,687.311611328125,672.2692364501953,615.5977056884766,248,-45.00274448008329,0.3284234571511613,True,0
MONARCH.NS,,405.91149198853304,,148907.656,,,,,,376.6943452319526,378.1504288497437,373.6061090087891,348.50703369140626,318.4758728790283,19,-15.782131609820782,11.520346046713481,True,0
MOTILALOFS.NS,,1088.3156211947492,,1131162.3412698412,,,,,,1024.4119628636886,1002.715536258001,950.4030004882812,912.6180017089844,849.737798461914,220,-43.49984393874385,19.300366133320313,False,0
MPSLTD.NS,,2979.0,,36792.1686746988,,,,,,2708.384079235085,2704.9658777623813,2539.597998046875,2153.944997558594,1968.2394958496093,23,-14.196035661085936,58.02714007087029,True,0
MSTCLTD.NS,,805.0,,514931.75793650793,,,,,,744.549659437222,719.8977414830215,663.0369995117187,590.9634982299805,523.1885305786133,3,-8.937889715159164,19.226644378708848,False,0
KIMS.NS,,858.0,,465810.984063745,,,,,,767.1110349096016,774.1066132331973,794.3450012207031,773.6075006103515,714.4810000610352,48,-12.785549208278702,5.965163703850518,False,0
KERNEX.NS,,2580.0,,265515.04780876497,,,,,,1762.9003399214841,1851.371126353822,2086.20400390625,1879.4489978027343,1499.9207501220703,25,-37.53488466721172,28.45223967475419,False,0
KDDL.NS,,4147.172141618966,,30391.032,,,,,,3912.052184244596,3867.665840225565,3584.2930126953124,3155.8809716796877,2743.554306640625,27,-15.533631192924613,29.12715689257388,False,0
ICIL.NS,,474.6499938964844,,805184.5498007968,,,,,,441.42152278619875,434.4172866469557,418.3267840576172,372.79415405273437,320.5818635559082,8,-10.78689188830354,9.175568193593065,False,0
HEMIPROP.NS,,190.69000244140625,,751785.4741035857,,,,,,125.75183403305459,128.3526306073083,133.74099990844726,137.0870997619629,135.2507999420166,235,-41.68546042029085,6.536965344942192,False,0
HERITGFOOD.NS,,535.9513958603458,,394287.94820717134,,,,,,379.6002196902236,372.62061643685115,351.4254357910156,342.48938629150393,363.7378480529785,245,-45.82407488055075,8.605241769065408,False,0
HGINFRA.NS,,1046.1165979979082,,268285.2270916335,,,,,,487.6963370634035,498.9782962072054,529.2088214111328,558.5866592407226,602.4232710266114,247,-59.093286133604884,5.084487600313259,True,0
HINDALCO.NS,,1169.8969824893504,,5647697.47808765,,,,,,1019.6649996947308,1021.7156833694221,999.7883117675781,1022.9833441162109,966.0710049438477,74,-20.280612544846154,24.552290585015648,False,0
HIRECT.NS,,1397.5377365248423,,138793.77290836655,,,,,,1249.2010547999294,1249.7232630718856,1234.9328979492188,1135.426996459961,926.8999252319336,40,-16.83229594083564,30.07876184171345,True,0
HLEGLAS.NS,,661.9500122070312,,310591.7569721115,,,,,,338.83894341226016,341.52452358826184,379.09400146484376,364.653000793457,369.6309999084473,215,-62.23279773551691,20.649995273409296,False,0
HMT.NS,,72.94999694824219,,16023.582329317269,,,,,,65.34369777747457,64.16630514729431,62.782600250244144,61.36800010681152,56.623300018310545,56,-23.454417424847584,14.315887922534753,False,0
HNDFDS.NS,,677.75,,63437.633466135456,,,,,,624.8863921290543,621.0033886042789,592.2700012207031,560.8940008544922,530.2984996032715,16,-10.210256319739031,14.081764272766373,False,0
HOMEFIRST.NS,,1311.570558920454,,318092.0,,,,,,1203.0734161539763,1197.1990821184806,1199.8879956054689,1159.722244873047,1126.0197354125976,156,-32.17727876349391,12.664268014398106,False,0
HPL.NS,,506.85071142832044,,190496.83665338645,,,,,,302.8077714353888,309.37556842663975,328.40299926757814,346.0469998168945,347.8947508239746,248,-49.58081397743129,5.062887879593592,False,0
HYUNDAI.NS,,2862.6621204739863,,907401.9841269841,,,,,,2200.4742259013633,2191.9196310768766,2107.663083496094,1989.683369140625,2056.8210137939454,244,-42.629753656823375,8.529381759727128,False,0
ICEMAKE.NS,,920.0,,31996.72111553785,,,,,,735.15345674989,746.5673594258296,781.9230017089844,782.8425030517578,773.6010015869141,77,-23.641304347826086,21.763337264212268,True,0
ICRA.NS,,6839.023714846967,,13187.871485943775,,,,,,4860.160021566475,4915.334049385057,5009.41896484375,5104.449467773437,5393.732846679687,240,-31.393716477191802,5.329971344434492,False,0
KCP.NS,,206.48053010525658,,182600.06,,,,,,164.28208801345133,163.88112866323823,163.2345867919922,165.12117477416993,165.4209800338745,210,-39.84600937377114,-0.5960588628835417,True,0
IFBIND.NS,,2019.800048828125,,87141.43824701195,,,,,,1308.7676813430317,1330.1446888393857,1344.9739990234375,1275.6750024414061,1276.6842474365235,216,-56.27289875948571,24.126492777513487,True,0
IGARASHI.NS,,556.369872473851,,228680.38095238095,,,,,,417.6186884539323,426.27891992453874,448.1962463378906,425.23929718017575,402.8318452453613,231,-51.424729443857146,10.21719260945535,True,0
IGIL.NS,,386.08705544308634,,703896.3452380953,,,,,,323.14069952106814,330.6358115458354,341.1066241455078,347.2807147216797,334.8060874938965,247,-26.78570879956529,5.792137653141749,False,0
IGL.NS,,219.28693712723197,,2903903.410358566,,,,,,151.99219900872714,151.50711416295334,151.82960021972656,157.73320068359374,165.1089658355713,232,-35.36322438991183,2.074721469384122,False,0
IIFLCAPS.NS,,407.5051309315702,,673936.7729083665,,,,,,337.77613942273797,337.064843778506,336.96199890136717,337.6396990966797,326.9241104888916,170,-41.00687926384582,23.942339007899193,False,0
IMAGICAA.NS,,62.0,,924796.4023904382,,,,,,54.125226283514635,52.88363604473264,49.4234001159668,47.30060001373291,46.99744997024536,10,-15.806450382355719,21.33305255801512,True,0
IMFA.NS,,1670.7880501060147,,213605.780876494,,,,,,1313.5001634394062,1343.8555739497428,1380.2778515625,1410.69322265625,1357.641174926758,96,-26.63253937088549,30.04403365581061,False,0
INA.NS,,161.80999755859375,,1391717.6870229007,,,,,,92.05776219474704,94.52821391194855,105.1184002685547,116.06850006103515,,98,-45.61522691567069,61.58454356028964,True,0
INDGN.NS,,615.5,,359665.6150793651,,,,,,587.8878674053501,579.5429290794017,543.597777709961,529.5626351928711,509.52846466064454,9,-6.555641849867988,24.321678541165113,True,0
INDIACEM.NS,,485.79998779296875,,519804.88047808764,,,,,,358.6741455960878,365.8741543136749,381.3759991455078,387.2959997558594,402.03300064086915,169,-29.528609570609245,21.402170097394844,True,0
INDIAGLYCO.NS,294.8999938964844,1219.0,-75.80803987723672,194596.70517928287,18.911287861485636,-71.89822879400607,-69.87435013366132,-66.20892991084776,-0.5993439397709015,497.49454913388007,706.4704349513775,1006.3980007934571,1005.6390058898926,974.4693231964111,12,-82.19852337981952,18.66984629919708,False,0
INDIAMART.NS,,2556.182504015267,,110851.390438247,,,,,,1707.6661498960775,1734.3390861624516,1801.3240014648438,1890.6720947265626,2004.288060913086,249,-36.38951845394962,-0.44785335771269086,False,0
HEG.NS,237.1999969482422,753.9000244140625,-68.53694266257703,2131226.261904762,-67.42876801259976,-65.47307176881483,-55.93188891386075,-51.911968600296596,-0.5738184526929981,423.25500176177906,527.6000216003492,615.4385586547852,589.8228123474121,570.769487991333,8,-68.53694266257703,38.1565049021505,False,0
HCG.NS,,804.6500244140625,,210345.12749003983,,,,,,705.0876340415814,704.9130501833159,687.8590002441406,653.8084991455078,634.965444946289,221,-36.20829277091636,10.238164754509427,True,0
HATSUN.NS,,1222.0,,79606.75697211156,,,,,,1161.5287718869417,1109.899104737279,984.6590014648438,956.3753991699218,946.6166708374024,7,-8.649750505063425,32.27683358786351,False,0
HARSHA.NS,,470.95001220703125,,111739.336,,,,,,449.5733760010054,441.9995592970948,425.5718475341797,415.23355895996093,392.7149186706543,2,-5.488906557698925,8.84647873806459,False,0
GOLDIAM.NS,,398.20001220703125,,1032924.0398406375,,,,,,341.1151447226225,348.08786895776024,354.49924743652343,335.0901245117187,297.7532211303711,22,-18.23204517275846,5.439445599092574,True,0
GOODLUCK.NS,,557.3666381835938,,550340.1587301587,,,,,,489.11588667577604,480.0077713459361,488.3863330078125,470.1875,418.3608265686035,44,-25.124089797353122,21.424855050028224,False,0
GOPAL.NS,,391.7189867327264,,123098.58565737052,,,,,,266.7463052092057,270.01495698876215,270.5069989013672,280.3140866088867,289.60206825256347,247,-36.88875856892266,2.7504624338691386,True,0
GPIL.NS,,318.68479368531104,,2638864.154761905,,,,,,246.09783859991492,244.87314233026365,244.74344665527343,263.65415954589844,261.1717816162109,82,-28.653123700973737,21.99840010746623,False,0
GPPL.NS,,194.17086460013374,,1922903.6135458166,,,,,,161.4317939961502,159.27058652490808,152.0489013671875,151.34555389404298,158.91287651062012,169,-29.25682589206965,6.138084090019613,False,0
GPTHEALTH.NS,,175.0,,133548.38,,,,,,157.91249476997825,156.5007097525621,156.48092346191407,149.6819984436035,140.2374626159668,30,-15.079999651227682,14.964889777794067,False,0
GPTINFRA.NS,,150.0,,350275.044,,,,,,111.99777924038192,112.98039813989008,117.03620025634766,117.87758964538574,112.96411846160889,57,-29.059997558593754,17.800693323650975,False,0
GRANULES.NS,,908.1083439738012,,1100124.956175299,,,,,,867.9980433316329,858.4656702830995,856.5138513183593,805.707158203125,697.7722320556641,41,-10.341093371726496,18.195504066748704,False,0
GRASIM.NS,,3411.10009765625,,746513.5537848605,,,,,,3306.477752252948,3289.1426213625514,3216.966904296875,3117.1755029296874,2939.5796081542967,23,-6.159306137061438,7.158513173896175,False,0
GRAUWEIL.NS,,114.80462646484375,,370371.1682242991,,,,,,71.32877911732922,70.51397850929654,72.69237869262696,71.89152862548828,,106,-46.28892719564852,0.0,False,0
GRAVITA.NS,,1913.5999755859375,,266463.00793650793,,,,,,1718.8354290386285,1740.6366624470309,1760.64,1710.587000732422,1672.9790020751952,178,-33.79493935109702,10.576921464625011,True,0
GREAVESCOT.NS,,269.68934059737177,,1608337.373015873,,,,,,194.24772546220677,196.98839243579755,215.28502807617187,198.53158813476563,181.23796188354493,43,-29.726549869317342,54.415047283454456,True,0
GREENLAM.NS,,278.54998779296875,,174285.85542168675,,,,,,241.3719339363427,245.1005071644939,251.43459991455077,244.27042816162108,241.18482376098632,25,-15.742233985419485,13.271053891766948,True,0
GREENPANEL.NS,,332.93469763642287,,360270.6015936255,,,,,,160.32715602580646,164.48862357076143,180.51248016357422,190.46898681640624,203.21280700683593,249,-53.5794844607839,-2.716119126445571,False,0
GREENPLY.NS,,333.81821311913393,,441348.4342629482,,,,,,293.6999817943374,292.0983519297793,297.6009716796875,284.80675979614256,259.2133570098877,36,-17.470051311526603,29.426772967786864,False,0
GRINDWELL.NS,,2455.0,,63522.204,,,,,,1962.0745807213375,2002.7981671811165,2059.5309375,1964.144404296875,1754.181880493164,40,-24.02851423275204,22.54332087857094,True,0
GRINFRA.NS,,1341.5660703794995,,69263.65737051793,,,,,,868.2937711608272,875.0725960848204,886.5149987792969,902.4984991455078,927.4078579711914,243,-41.48629595425436,1.2753139262657642,True,0
GRWRHITECH.NS,,7990.0,,80058.5219123506,,,,,,7020.424060427268,7061.250734414413,7049.88,6341.715,4988.952000732422,25,-15.700876095118899,17.58532286492549,True,0
GUFICBIO.NS,,453.95001220703125,,111435.67729083665,,,,,,428.2858885987158,422.8181831440534,405.56731384277344,367.5436782836914,340.0446702575684,6,-8.47009828683417,15.486507844651797,False,0
GUJALKALI.NS,,815.0,,1248036.4940239044,,,,,,713.3467577827516,704.8179244740363,667.61599609375,675.9254992675782,594.969249420166,93,-29.07362112969708,75.55846799621091,True,0
GULFOILLUB.NS,,1242.267802432691,,65175.694444444445,,,,,,1082.019233298055,1090.8642736163497,1071.3544580078126,1008.5536193847656,1023.7664163208008,248,-32.24696326128216,-0.1599418075174608,False,0
GVPIL.NS,,1073.741134374155,,497479.40079365077,,,,,,655.4630640981087,672.607468906905,740.3924523925781,768.8369799804688,574.2884104919434,59,-43.37555109552721,83.27656256457712,False,0
HAL.NS,,5149.89990234375,,1166589.3864541834,,,,,,4910.055220722255,4882.249373729653,4720.612763671875,4552.933310546875,4365.482200927734,18,-8.60016526034193,12.270797958049195,False,0
HAPPYFORGE.NS,,2470.0,,78531.86904761905,,,,,,2256.1533768690133,2199.652252305126,1908.7456909179687,1656.871982421875,1413.2424670410155,8,-12.085020242914979,62.230663067052895,True,0
HARIOMPIPE.NS,,571.557343009277,,308838.35059760953,,,,,,358.35802302932126,360.3406599373784,377.36900146484373,373.8890014648438,366.09200073242187,243,-53.10182065343214,16.171120402953008,True,0
INDIANHUME.NS,,426.6626968523802,,100010.392,,,,,,381.4979729517967,381.89035832624467,380.7126794433594,347.77808563232423,355.8384638977051,41,-16.6320339623928,35.436417519428744,True,0
INDIASHLTR.NS,,911.9719209725083,,140058.74,,,,,,666.6476080500123,671.4852616945045,716.5420007324219,748.5052734375,759.5008065795898,204,-31.999000171765466,1.569499416320519,False,0
INDIGOPNTS.NS,,1340.211918083566,,132039.80876494024,,,,,,1136.9665227235348,1136.2882800598604,1104.16302734375,1032.3432153320311,1024.5372805786133,205,-47.39207785097419,17.87713393596242,True,0
JINDALSTEL.NS,,1303.865138167474,,1323593.5856573705,,,,,,1148.9674656130537,1140.319326338676,1094.300556640625,1139.5155432128906,1128.1009548950196,102,-22.668811109341537,6.424449136954391,False,0
JKIL.NS,,672.0,,116039.05179282869,,,,,,488.87235530952194,491.9774294950495,493.85900024414065,495.84600036621094,517.4645007324219,215,-36.75595238095239,5.316276017924593,True,0
JKLAKSHMI.NS,,917.2897030337625,,163160.6374501992,,,,,,517.2117825727182,530.6436165423215,554.4375311279297,584.6242617797851,645.439242401123,246,-46.01487288375191,0.7170090611461788,False,0
JKPAPER.NS,,440.18408478548275,,392404.2509960159,,,,,,406.97488361598425,399.74828311204527,383.70912109375,372.61851806640624,357.78560913085937,235,-31.463575240086016,7.2596848202371556,False,0
JKTYRE.NS,,605.8045982960336,,1315772.454183267,,,,,,367.5985872921599,374.4483324239617,390.10461669921875,388.70929748535156,430.8820426940918,146,-42.6376837761797,28.784329403722797,True,0
JLHL.NS,,340.0,,224784.54183266932,,,,,,289.83781867303264,297.13736817973233,306.81560119628904,284.6691484069824,274.1378335571289,30,-17.94117647058824,26.368606713194055,True,0
JNKINDIA.NS,,558.0,,538808.3784860558,,,,,,435.75242502202326,439.3085496292777,456.08700073242187,434.35739959716796,338.1048999786377,42,-31.836916468904008,46.30846070936381,True,0
JSFB.NS,,606.9500122070312,,574846.6468253968,,,,,,534.9748228147483,540.9886600083995,534.4349963378907,501.8604986572266,448.5409996032715,15,-16.203971352745995,29.84391874825809,True,0
JSL.NS,,879.2203373423794,,673314.342629482,,,,,,741.9791127808467,732.7668920690265,723.1724963378906,721.4486779785157,745.75416015625,170,-26.124746460363557,15.392401926539033,False,0
JSWDULUX.NS,,3687.5560372755367,,102739.82470119522,,,,,,3159.1198250498146,3134.170080320879,3068.00599609375,3042.6988623046873,3032.3080517578123,195,-28.785044619648016,4.156947724256654,False,0
JSWSTEEL.NS,,1351.0,,1673253.2063492064,,,,,,1308.4492718497866,1304.732137390509,1278.8494921875,1272.7052575683595,1223.958985595703,11,-4.507773827835859,9.91848608472976,False,0
JTEKTINDIA.NS,,186.9514017866663,,345875.5019920319,,,,,,122.87357878435242,125.90854190863861,133.76722274780275,132.61719680786132,135.48300506591798,242,-37.744080750667806,11.839804226325823,True,0
JUBLCPL.NS,,2790.0,,8381.804780876493,,,,,,2185.7350163565393,2165.3496057906987,2059.9820068359377,1945.6650024414062,1974.1080010986327,247,-47.67025089605734,2.737127524277305,True,0
JUBLFOOD.NS,,656.1339695638156,,2604426.9246031744,,,,,,482.62809307220664,484.17680838426253,464.552724609375,452.9757089233398,484.2296041870117,251,-37.87233830255823,0.0,True,0
JUBLINGREA.NS,,792.3323631991859,,337499.6865079365,,,,,,681.314942336799,693.2945901900266,716.9477172851563,696.4235467529297,670.1203869628906,37,-17.14335669071222,9.30266569850431,True,0
JUNIPER.NS,,312.5,,187151.4642857143,,,,,,216.5026199351598,212.02820695519083,202.03059997558594,201.41419998168945,215.36525009155272,245,-39.68000000000001,4.248088360237889,False,0
JUSTDIAL.NS,,878.5999755859375,,570816.2151394422,,,,,,684.1985569031602,683.7090928125898,682.4570007324219,607.4670013427734,623.488999786377,229,-45.310720082873324,0.08718902457065525,True,0
JWL.NS,,358.25,,3699298.023809524,,,,,,243.07244838955938,245.775469521528,251.57859954833984,265.9359999084473,277.3037004089355,181,-34.221913776277916,3.800985031203652,False,0
JYOTHYLAB.NS,,322.3205819005819,,633663.8968253968,,,,,,199.3808645513914,201.8197236002281,202.09120025634766,208.29952713012696,228.1939656829834,251,-41.64195007517885,0.0,True,0
JYOTICNC.NS,,1058.8499755859375,,996255.3571428572,,,,,,1003.3951346109566,972.8453342251686,873.9470007324219,789.2460021972656,822.5245016479493,3,-5.879019826727827,32.49871836306015,False,0
KAJARIACER.NS,,1285.36522978804,,270858.89285714284,,,,,,1237.7426284586977,1231.2447553313316,1221.33,1172.3595007324218,1085.3739981079102,226,-32.34607911952491,1.0810342766454317,True,0
KALAMANDIR.NS,,219.27654356882928,,1388748.3187250996,,,,,,85.50351573344267,86.3101013671885,89.60877120971679,97.58717887878419,108.9036096572876,219,-61.92935094732108,16.27300323117522,False,0
KALPATARU.NS,,429.29998779296875,,123086.26294820716,,,,,,273.4408168468404,276.83484769781853,282.0220001220703,304.7549996948242,316.3867495727539,250,-39.9021646083947,0.0,True,0
KANSAINER.NS,,260.8927950067185,,478392.9036144578,,,,,,194.56235800089067,197.44332039028396,201.81879943847656,205.5376089477539,207.00437126159667,177,-40.1856042357826,-2.917837314852234,False,0
KAPSTON.NS,,600.0,,33832.07171314741,,,,,,567.0032751957239,550.868575540134,493.3260040283203,418.0780017089844,371.09141677856445,23,-17.374999999999996,64.31059152190674,False,0
KARURVYSYA.NS,,358.6499938964844,,3290526.7103174604,,,,,,342.26420319828065,341.0924732158897,330.3156817626953,310.1466967773438,294.72997581481934,12,-6.733582687151718,18.99565126761338,True,0
JKCEMENT.NS,,6974.042464956463,,86528.21912350597,,,,,,5054.270238046744,5151.21233570003,5360.350927734375,5337.355473632812,5439.8833520507815,244,-33.26428198974868,3.5773575760409404,False,0
JINDALSAW.NS,,320.0,,4236769.619047619,,,,,,307.677119874729,298.4940471891894,276.54199951171876,258.6104737854004,219.22662147521973,1,-3.562498092651367,18.448056130942447,False,0
INDIQUBE.NS,,243.8000030517578,,116825.768,,,,,,198.76701398523457,193.8092038168381,182.27819946289063,174.24260025024415,177.41205047607423,242,-46.20590965758039,5.1264758195416205,True,0
JINDALPOLY.NS,,1026.449951171875,,181057.406374502,,,,,,669.8614653164043,660.7073724749575,650.2179956054688,670.0584985351562,626.1547483825684,121,-40.96156375591977,164.91388442667994,True,0
INDOBORAX.NS,,542.7999877929688,,224878.01195219124,,,,,,500.7878420994275,486.97910957863957,440.24457458496096,369.40017578125,299.9247073364258,4,-12.269708379459221,16.292099936605453,True,0
INDOSTAR.NS,,292.0,,159778.23505976095,,,,,,252.3591877440619,252.73348272242902,255.68720092773438,240.5304005432129,232.00650024414062,31,-22.722604829971104,21.25359015964041,True,0
INDRAMEDCO.NS,,640.8499755859375,,390681.0,,,,,,359.8390214304363,363.6511273235497,370.63999938964844,380.2269985961914,401.0927496337891,213,-46.63337551237247,25.611209434226346,True,0
INDUSTOWER.NS,,464.0362575162202,,6391793.507936508,,,,,,375.5517744777087,376.5949029571504,378.34349548339844,389.17475372314453,402.2228872680664,141,-22.866041412433734,14.13055706024986,False,0
INFOBEAN.NS,,255.98189583973354,,1075125.482071713,,,,,,157.86528112586748,158.99741476366628,161.74934814453124,162.62793548583986,172.47870079040527,170,-53.26990210467386,64.17252502176132,True,0
INGERRAND.NS,,4955.0,,18964.781746031746,,,,,,4720.506714346206,4677.748856491853,4516.91974609375,4411.497048339844,4004.5009533691405,7,-7.767909229944503,12.504586728712464,False,0
INSECTICID.NS,,797.9448095143943,,28629.8,,,,,,610.5588301771264,612.227856179876,629.2549987792969,669.8689984130859,658.7996212768554,249,-35.008039478126044,0.0,False,0
INTELLECT.NS,,1232.7256944645226,,510497.34523809527,,,,,,685.6957735577776,690.8446978562167,717.1890661621094,722.3129864501954,770.5509689331054,216,-52.17740616621753,18.140139297764833,True,0
INTERARCH.NS,,2742.1363509030452,,94391.252,,,,,,1719.0176999774983,1717.8595392528641,1758.857783203125,1816.7221447753907,1928.0300793457031,210,-42.08354486453572,23.91015452116325,False,0
IPCALAB.NS,,2001.5,,283790.90836653387,,,,,,1956.5810203140213,1923.74710906184,1838.8285229492187,1709.56798828125,1589.6994940185548,7,-4.676491410738826,11.398805779687127,True,0
IPL.NS,,238.9654263634813,,386607.804,,,,,,137.059207459635,138.89842649192443,146.0637435913086,153.39378051757814,156.15883716583252,244,-47.970864947759786,11.252120435373381,True,0
IRISDOREME.NS,,64.12999725341797,,546766.8514056224,,,,,,60.39873771196686,58.63293540540727,52.688399963378906,44.90870002746582,39.059149961471554,4,-6.1281719301322095,43.424315824220685,False,0
IRMENERGY.NS,,390.9040021765633,,1582481.2261904762,,,,,,281.38666118192714,281.22892235208815,273.8178155517578,278.69675598144534,261.01894287109377,243,-57.91348824106489,32.57656346074229,True,0
ISGEC.NS,,1113.9000244140625,,73504.064,,,,,,785.7702341762653,787.7040260176196,828.3180004882812,912.4690014648437,885.5005001831055,80,-35.1378055333061,20.83286163038125,False,0
ITCHOTELS.NS,,249.5935228905489,,3452899.6507936507,,,,,,158.5729019165007,161.13116997440795,167.54659912109375,163.8790882873535,170.77509002685548,250,-45.348878348404334,0.3241604560339617,False,0
ITI.NS,,372.8500061035156,,2565917.573705179,,,,,,270.0211867057774,273.428101215735,280.4110009765625,289.3760006713867,288.65550048828123,232,-36.43556494023474,16.059228136632164,True,0
IVALUE.NS,,340.0,,403182.32365145226,,,,,,239.68187916459783,251.66967806172005,275.314599609375,263.7745001220703,257.56479972839355,203,-39.01470408720129,13.14528543219593,True,0
IZMO.NS,,1374.699951171875,,121406.268,,,,,,901.6166618604469,909.1063739914026,973.35900390625,900.5060034179687,830.3082498168945,237,-58.58369129200957,55.393859413874466,False,0
JAGSNPHARM.NS,,260.14646303072993,,216478.23505976095,,,,,,235.66314255953125,233.89809731154912,229.03583923339843,218.13017150878906,200.42970108032227,52,-19.001891669883765,14.996381656489488,True,0
JAIBALAJI.NS,,108.0,,2055590.6055776891,,,,,,68.80137068951511,68.1483343661245,65.93880027770996,69.83540012359619,67.9598002243042,248,-50.32407266122323,4.352609933816498,False,0
JARO.NS,,884.5923950482344,,270254.0126582279,,,,,,449.62060809866455,453.0925317078939,469.35033813476565,486.9072427368164,484.039638671875,236,-56.910111653822035,0.0,False,0
JASH.NS,,572.8499755859375,,127555.99196787148,,,,,,494.6966029839689,490.38357136100353,498.49,470.8789993286133,437.13160614013674,57,-20.72968046493481,32.12177759377439,False,0
JAYKAY.NS,,219.6999969482422,,246151.5282051282,,,,,,160.42074122488543,157.77930838572988,161.19509155273437,168.5906460571289,,194,-47.41920880850942,0.0,False,0
JAYNECOIND.NS,,117.0,,7058306.888888889,,,,,,93.35393342393384,93.90973429978617,91.61240005493164,95.2911001586914,86.86444999694824,90,-29.470088339259483,60.36074919548393,False,0
JGCHEM.NS,,675.0,,233579.27091633467,,,,,,605.9196600035976,598.8965823672697,542.7980010986328,479.6755014038086,416.79475036621096,10,-14.459255642361112,54.17208402725393,False,0
ZYDUSWELL.NS,,611.8499755859375,,1024440.5476190476,,,,,,545.3379451573927,537.7929818867315,547.6496435546875,528.5339889526367,479.731312713623,39,-19.915008653755027,24.154986711146687,False,0
