Ticker,Current_Price,High_52W,Pct_From_High,Avg_Volume,Return_1W,Return_1M,Return_3M,Return_6M,RS_Composite,RS_Percentile
BODALCHEM.NS,184.0500030517578,186.39999389648438,-1.260724743387931,564590.9960159363,45.19564527456943,167.28144266686223,175.31788669076346,318.010465942368,2.1777540544500567,99
TBZ.NS,555.2999877929688,583.0499877929688,-4.759454691876874,1239308.238095238,52.42931825420347,102.53966126718814,236.63118140698933,310.7484482432084,2.2103959779823814,99
SIGMAADV.NS,777.1500244140625,801.0,-2.977525041939766,281897.90079365077,0.5433743632448973,10.791932552520734,62.0750832980318,397.34420308075994,1.7977293016854214,99
STLTECH.NS,824.7000122070312,825.5999755859375,-0.10900719543596171,3997537.726190476,18.884243577165115,29.313996426033917,45.09148078541634,357.81060008953335,1.6440290791436154,99
CYIENTDLM.NS,976.25,1009.0,-3.2457879088206187,655840.8293650794,13.888239162112349,41.17859725234996,126.06228695200947,224.12017278703496,1.3709129856709805,99
SETL.NS,404.5,412.79998779296875,-2.0106560170567223,556252.0396825396,7.881047294553101,36.057859605995766,154.5626277767588,228.40789641416595,1.4573162354934848,99
MODISONLTD.NS,499.3500061035156,546.0,-8.543954926096042,116333.5,-4.091043371123981,62.41664865092358,65.42074990155753,291.80630244273414,1.4842297134063323,99
HFCL.NS,250.75999450683594,256.70001220703125,-2.313991981973351,29067276.486166008,10.823348111526787,17.046297646233555,45.90945747484887,247.98779212133172,1.1745954843138675,98
KABRAEXTRU.NS,656.4500122070312,677.75,-3.142749951009771,106956.71428571429,17.233681203014406,29.044622853256108,176.6796035595953,175.58775004924513,1.3077127377852933,98
JINDWORLD.NS,55.529998779296875,61.9900016784668,-10.421040045581908,6680291.612648222,38.16870036515358,52.63880469746716,85.9055815839141,153.79342280263276,1.0163367457223613,98
IOLCP.NS,210.97999572753906,219.0399932861328,-3.679692204913898,3466861.442687747,11.997022114308553,28.536612959707753,57.16625975427485,194.58250158697155,1.0188990336444348,98
CUPID.NS,274.79998779296875,299.0,-8.093649567568983,29076844.699604742,-2.101896742958076,-0.6687172038065681,71.78220022255302,216.22552700546623,1.076809377538953,98
INDSWFTLAB.NS,388.29998779296875,401.45001220703125,-3.2756318381380267,830912.1035856573,5.473310941341514,63.67390777360163,144.78344313222732,172.24284827866572,1.2561428489998896,98
WELCORP.NS,2599.5,2676.0,-2.8587443946188396,943018.9604743083,3.011690112938381,41.51559504873941,85.98954865242736,213.28907046505435,1.1971678080279167,98
PVP.NS,64.06999969482422,71.9000015258789,-10.890127489408242,1367602.4325396826,3.656363487009684,85.92571502328781,106.0128582281271,146.89787210459707,1.081137856636355,98
BIRLACABLE.NS,339.8999938964844,376.54998779296875,-9.733101868173454,74998.42629482072,4.472103125868521,27.341516858011296,85.0111144443924,157.65824037391275,0.9448214416707194,98
BLISSGVS.NS,722.2999877929688,725.9000244140625,-0.49594110759255683,2395696.753968254,14.57803931151882,50.54189374107227,65.7803363750725,224.5063422031837,1.2110282047316159,98
PRIZOR.NS,1224.4000244140625,1224.4000244140625,0.0,25073.092369477912,10.395821059071974,36.19577579689237,48.09797694757334,217.57231569970546,1.0973705662943987,98
SHILPAMED.NS,959.9000244140625,980.0999755859375,-2.061009251612189,866269.4624505929,3.4411492483202855,17.17735457570917,75.67493873941882,185.86391574258948,1.0082763375883528,98
MOREPENLAB.NS,117.16000366210938,122.55000305175781,-4.398204206793876,8565967.802371541,4.635172264735687,52.37352658619272,133.75899074007336,192.09673866689693,1.279046152324929,98
YASHO.NS,4079.89990234375,4994.0,-18.30396671318082,32417.22,-4.44751302239681,-2.889579606013859,59.8211630940441,183.19477727516832,0.902015926148381,97
NOVARTIND.NS,1822.0,1873.699951171875,-2.7592438767765404,41587.32380952381,13.768342179206993,14.325158801708703,39.98156378112987,171.03012272220158,0.8464838420148203,97
FCL.NS,58.439998626708984,59.5,-1.78151491309414,12514449.304347826,18.92746561068568,36.07913390124704,49.350065683165845,159.65564941518267,0.877758528123408,97
E2E.NS,617.5999755859375,698.0,-11.518628139550502,1448593.3015873015,-0.5314943949695006,2.4552070492164235,67.37126709646002,154.9853261494411,0.826434025590608,97
UFBL.NS,717.5999755859375,850.0,-15.576473460477946,200504.848,3.5497800268308177,-10.086455639959102,28.937200849041766,210.24641855510947,0.911174145514476,97
INDOTECH.NS,3696.800048828125,4030.0,-8.267988862825682,37805.89243027889,-0.14585658297685544,-2.8283002911796085,46.50655797137557,167.30296810037055,0.802929089150273,97
KSHINTL.NS,1176.75,1190.199951171875,-1.1300581182709823,433922.4222222222,24.431636333995055,18.989836237916325,43.51484632978815,183.65673922790563,0.9275828047108148,97
DEEPINDS.NS,818.7000122070312,825.0,-0.7636348839962115,375069.4682539682,23.11278379053101,26.83390593497965,63.18909978581826,136.73348763671305,0.8132818455647973,97
AEROFLEX.NS,573.5,584.1500244140625,-1.8231659623304974,1979296.2896825396,3.8855199132937113,36.30421865715982,40.507834889584494,160.34956276945925,0.8394157129742038,97
MMP.NS,478.5,475.70001220703125,0.5886036832284391,42659.396,25.487082651788697,39.947396625658115,91.03445305555758,115.20013099088762,0.839285759033328,97
SBCL.NS,1105.199951171875,1215.699951171875,-9.089413871694529,345525.7490039841,5.468071898352322,0.21369214782636092,65.69335357909472,157.74733934130904,0.8339648742965253,97
MENONBE.NS,291.04998779296875,323.95001220703125,-10.155895408034931,106083.36254980079,-3.4339768789346192,18.049070853943228,76.66220648495663,152.07568514082763,0.8709535248471323,97
BHAGERIA.NS,335.79998779296875,339.0,-0.9439564032540537,210459.29482071713,27.583576070973304,62.88318870198304,65.32154934930192,124.32825846478535,0.8466276353819866,97
SUVEN.NS,369.8999938964844,403.3500061035156,-8.293048642832213,794627.7261904762,-3.0660408857167143,11.214668403030581,40.56621792740469,156.1102351689803,0.7655028903784797,96
RAYMOND.NS,857.7999877929688,869.0,-1.288839149255605,687667.1706349206,35.02282453569134,36.81020538962818,54.54463681799493,128.9603634772722,0.7881185996780214,96
WHEELS.NS,2106.39990234375,2110.0,-0.17062074200236976,160065.98814229248,36.39835755636791,52.37267542993271,29.599929700887028,130.6930975674629,0.7527158877887461,96
CONFIPET.NS,82.48999786376953,88.2699966430664,-6.548089950279712,2444389.8893280635,-0.07268950426404519,5.1900022823973435,17.140017052921475,178.87085218570354,0.7772107749621093,96
AVADHSUGAR.NS,836.25,884.7999877929688,-5.487114428433825,110353.17529880478,1.5729396816519525,31.672182671473625,87.4928413011049,113.0888041096338,0.7797510453664491,96
RATNAVEER.NS,297.79998779296875,314.8999938964844,-5.430297375342863,2565543.996015936,2.213825829528715,43.24882806642465,86.24140035037007,112.68388709193884,0.7981712313812436,96
SKYGOLD.NS,820.0,868.7999877929688,-5.616941583636114,1106852.1581027668,8.883285962399889,3.7909009138393346,61.116019320663554,140.18746768010533,0.7605630164724905,96
BLUSPRING.NS,123.61000061035156,139.8000030517578,-11.580831250348588,539508.0674603175,-6.667171298914187,4.887570819523868,39.89361674570924,158.49017440234414,0.7567495181866378,96
MARINE.NS,416.45001220703125,450.0,-7.455552842881941,654174.2817460317,-3.7332394055999862,17.260317996348885,78.8874599432213,121.59848264640499,0.7538437070023816,96
RPEL.NS,1692.5999755859375,1943.699951171875,-12.918659355552641,99358.67857142857,-4.620759671369045,30.009981092650694,42.46867021265119,142.8533959865148,0.754218797097945,96
SUDEEPPHRM.NS,1344.199951171875,1378.0,-2.4528337320845472,552479.6802030457,8.930303984754872,21.273901259832996,79.66334677556526,117.57583535291234,0.760771488242766,96
DIACABS.NS,336.25,379.0,-11.279683377308702,3258152.119047619,-1.2771597256500233,-6.726768377253811,73.56630744621519,141.57625842527634,0.7722732595595934,96
TFCILTD.NS,140.88999938964844,147.64999389648438,-4.578391321556907,8933821.26984127,-0.12760184676010589,22.91870874056663,91.49126528221751,112.74889658033511,0.7711791978023661,96
RISHABH.NS,808.2999877929688,822.7999877929688,-1.762275184142137,153654.404,16.18513347854149,20.3006337881674,51.16795946568822,114.34442978599364,0.6676679985959154,95
SAKAR.NS,1157.8499755859375,1169.0,-0.9538087608265577,115353.86904761905,19.89127368220942,27.967505659479542,44.181556962359146,114.97401189562328,0.6682670034707391,95
VINDHYATEL.NS,2793.699951171875,2952.60009765625,-5.381702270162103,52712.565217391304,2.067876639370647,15.014407211686898,34.23776600480759,137.99389135573074,0.6867855545000902,95
RUBICON.NS,1860.5999755859375,1899.0,-2.022118189260791,508307.76785714284,1.738841092999177,12.416168390507586,43.76085725868049,136.07831177599343,0.7021669967540295,95
UTLSOLAR.NS,435.20001220703125,494.25,-11.947392573185379,630604.3842364532,0.18416628033781635,10.274931949240829,40.31920708413219,131.23106991258928,0.6666159310815731,95
INDORAMA.NS,74.9800033569336,78.0,-3.8717905680338505,350098.7826086957,12.29595196440636,29.16452083097447,65.3362863941899,115.39787532000551,0.7282253540889471,95
INDOBORAX.NS,511.04998779296875,542.7999877929688,-5.849300057852968,222816.18253968254,0.9680912685116949,17.916473232584007,49.25651988989335,126.75065849225669,0.6915732313723865,95
AVALON.NS,2290.300048828125,2400.0,-4.570831298828127,370162.55555555556,-1.2205661880516638,19.057031083923736,46.04643031117577,140.83070965595428,0.7383556255371403,95
OAL.NS,530.9500122070312,545.9500122070312,-2.747504288783087,31481.661354581673,18.967068503109672,40.3330259394167,64.90338914952368,107.87820592514011,0.7258561115310745,95
UNIHEALTH.NS,724.0,820.0,-11.707317073170731,37735.8870967742,0.8426753520583752,-6.881028938906752,57.15215559287763,127.49410840534172,0.6685135178742447,95
MANINDS.NS,821.7000122070312,844.4000244140625,-2.6883007520970947,820504.5317460317,7.728615169718944,49.53594398672087,61.418334527338736,104.60657363516859,0.7094818012658513,95
PAISALO.NS,77.72000122070312,80.0,-2.849998474121096,10495889.304347826,16.837049222557553,12.133896924465581,31.06239834844835,137.45799666269346,0.6841240247676077,95
MACPOWER.NS,1874.0999755859375,2050.0,-8.580488995807922,32255.011952191235,-1.9463230414814237,2.7298100874251663,94.58027597788374,101.55947517642132,0.6934920257727055,95
PCCL.NS,430.3500061035156,444.95001220703125,-3.2812688398629275,13489.156626506025,7.052240324257619,44.70410724127554,54.24731401559699,97.36299017678292,0.6486543575607314,94
PARAS.NS,1504.0,1583.9105379095645,-5.045142133786795,1752453.996031746,8.977612245914246,18.740393301107726,52.16202022010865,114.04173953317316,0.6591114176411482,94
ASIANENE.NS,553.5499877929688,565.7000122070312,-2.1477857790139,307389.18253968254,13.33947475648265,37.459640182077855,52.91436126877589,102.72844260761511,0.6579156093574265,94
KODYTECH.NS,1569.949951171875,1596.0,-1.6322085731907854,15134.538152610441,10.629975208311349,14.473732696580432,77.4255517306504,96.48935559097309,0.6578115181573158,94
UNIVCABLES.NS,1524.699951171875,1774.9000244140625,-14.096572753430692,177588.62055335968,-6.345211844479426,-8.66778909344843,30.05921437013963,145.512072760002,0.6485451441190506,94
GANDHAR.NS,264.04998779296875,300.3749196686875,-12.093197366739206,1385628.3280632412,-0.7144291509125433,8.479513504100211,67.11002971322667,104.7534402387452,0.6365884479519486,94
ATHERENERG.NS,1578.0,1744.0,-9.518348623853212,3923471.1501976284,-6.411243529516786,3.4482742063769223,53.39749926131259,124.78632478632478,0.6598231018124739,94
EMIL.NS,186.02000427246094,196.74000549316406,-5.448816164171355,2417260.123015873,5.873652534700291,2.904242892027087,83.16267107542915,96.70086166093299,0.6479735981887739,94
KENNAMET.NS,4654.39990234375,4860.0,-4.230454684284979,25334.095238095237,2.110475690167757,39.24489219058247,68.96826171987517,90.51198563077367,0.6495529877540529,94
BHAGYANGR.NS,392.04998779296875,432.29998779296875,-9.310664153725579,229840.32936507938,3.1710494192022987,2.994875628340221,28.625329230414344,136.58799825524395,0.6413887813881016,94
BLSE.NS,322.04998779296875,330.7814213322901,-2.6396384368123527,580462.9407114624,-0.09141697254176906,1.5441094185276283,41.22367270429634,127.7286445065219,0.6375823980034901,94
IRISDOREME.NS,61.619998931884766,64.12999725341797,-3.9139223905072407,536626.848,6.5168548957700745,10.489507667390964,71.69127885150506,102.76406768495696,0.653625977524895,94
COMSYN.NS,301.8500061035156,314.8500061035156,-4.12895021374905,314162.0634920635,-0.26432770827755636,12.820041067274634,77.66334134621862,94.95575956453467,0.6381888167230663,94
RPTECH.NS,817.9500122070312,965.4798808795799,-15.280470530172485,491888.4466403162,1.4700455253680245,-7.655903140112996,46.81785474673297,134.60606221345043,0.6650360523391428,94
RUBYMILLS.NS,450.29998779296875,454.79998779296875,-0.9894459368473996,44940.448,16.7185075274322,20.128046007985787,31.321083641928137,119.34824030382303,0.6283308116844804,93
SSWL.NS,373.1000061035156,374.95001220703125,-0.49340073164049203,635095.717131474,4.43667070777205,16.013681288122662,65.2127720313419,94.12071385411534,0.6085852047945044,93
OMAXE.NS,127.58000183105469,138.88999938964844,-8.143133132907687,1476948.470119522,0.6389565429026023,50.27090640530345,71.70928208735296,74.64749692160993,0.6148986033020081,93
OMNI.NS,525.9000244140625,764.8499755859375,-31.241414499467012,1087889.9770992366,-3.1759181118713786,-12.093602270946512,11.857924330815361,151.6870218209815,0.6149587376226078,93
DOLPHIN.NS,687.75,682.7999877929688,0.7249578640197818,117153.09523809524,17.90673999535617,64.73053892215567,77.46097836736345,50.95478287674522,0.5835698844487388,93
SHANTIGEAR.NS,704.0,711.5,-1.054111033028815,110153.73809523809,32.86779889372981,76.26439928851406,60.285554000859065,57.13397290382998,0.594789151088655,93
VENUSPIPES.NS,1949.9000244140625,1987.0,-1.867135157822719,87192.44223107569,21.39862268912678,20.431688131799476,44.36470767820051,96.72330235338302,0.5822493314008593,93
EXICOM.NS,181.64999389648438,187.60000610351562,-3.1716481948023456,2110564.7351778657,11.216550456161457,26.189647618955746,28.13006166479335,112.55557669376176,0.5982083374635001,93
CPPLUS.NS,3828.800048828125,4094.0,-6.477771157104906,265555.19367588934,2.886014653161406,0.6122729950893468,13.467177844577517,141.99495526390123,0.6124919152326777,93
AEROENTER.NS,152.64999389648438,159.60000610351562,-4.354644073461699,559864.5674603175,8.678617827101176,18.300206787409135,39.453725496099956,110.63882873502835,0.6061955228303327,93
BALAMINES.NS,2475.39990234375,2629.800048828125,-5.871174371343468,308490.0158102767,3.5688800134833443,16.560717580551064,16.62746010126648,137.39514406156724,0.6361532717246539,93
KAPSTON.NS,573.6500244140625,600.0,-4.3916625976562536,33190.642857142855,0.23589667130696768,1.342644074726751,71.52040767723508,102.06059765652084,0.6257247984785491,93
SYRMA.NS,1639.199951171875,1660.0,-1.253014989646084,1503881.9523809524,13.212233132962892,8.20869717973627,32.799990347807274,115.59278549134953,0.5904007405012555,93
RML.NS,1390.0,1423.5,-2.3533544081489333,49268.23809523809,24.418193765760044,31.703616434128932,58.19973555760958,70.78903731908031,0.5455807825831679,92
UNIPARTS.NS,898.0,915.9500122070312,-1.9597152647860883,207200.33067729083,-0.34955604824076225,10.104024908205055,42.53125929399091,97.01442012582928,0.5355099521534592,92
ENTERO.NS,1851.800048828125,1920.0,-3.552080790201828,151199.29365079364,3.0265952862550183,29.75056839846515,62.910189880717525,79.17755673228109,0.5679685286544622,92
PRABHA.NS,253.5500030517578,260.0,-2.480768057016225,175429.7380952381,17.237711214140838,58.508372349159934,57.76864691642112,67.91390930579988,0.5792160338849236,92
KMEW.NS,2985.60009765625,3175.0,-5.965351254921258,175740.78260869565,1.1519175658991854,13.90637466787059,55.28971889986367,86.48345394480013,0.5407676393804319,92
ANTELOPUS.NS,1099.1500244140625,1116.800048828125,-1.5804104264306673,509774.2766798419,15.560111044645408,35.24670947513897,31.390836226523568,93.10435714015341,0.5526434672351077,92
KOPRAN.NS,239.50999450683594,249.99000549316406,-4.192171989297666,398419.8888888889,10.079047932359764,37.09002650265791,37.02064135833039,93.15206861491939,0.5679292994723444,92
CEMPRO.NS,1285.0999755859375,1649.199951171875,-22.0773700197613,666267.3399209486,3.9893125756518932,0.8237878707924029,14.49571878411271,132.01668530433466,0.5771907858869135,92
MTARTECH.NS,7799.5,8714.0,-10.494606380537064,715564.7182539683,12.279565248686385,12.38472622478386,23.6837932128132,110.14981422709566,0.5486996542450764,92
DEEDEV.NS,701.5999755859375,760.0,-7.684213738692436,1408322.0873015872,8.969480809165908,12.580224942752615,6.8372106813287425,125.70370333282183,0.5574563760699448,92
ARROWGREEN.NS,800.7000122070312,821.5999755859375,-2.5438125608512996,57529.41434262948,9.012935630637342,3.677330682759994,39.72603250387081,109.8820477606897,0.5750738855505286,92
MPSLTD.NS,2749.10009765625,2979.0,-7.717351538897277,36724.996,3.6379400002761075,-4.025269118085006,55.58888786409426,101.14876680130398,0.5669491325616048,92
PAUSHAKLTD.NS,770.7000122070312,826.75,-6.7795570357385815,33814.03076923077,-1.9091255908046945,11.841538167478483,70.29418995771084,85.11476151490902,0.5731155666769209,92
EBGNG.NS,665.1500244140625,689.5,-3.531541056698695,456349.65873015876,3.638210823498178,16.173266718255075,53.79191315932081,77.72879743862727,0.5082756734924798,91
WELSPUNLIV.NS,207.8699951171875,216.0,-3.763891149450227,4219586.418972332,3.9298039229149317,30.195409212883128,50.13346513987087,75.25690383631228,0.5157486331135429,91
UFLEX.NS,686.75,723.5,-5.079474775397374,190455.56972111555,6.464617160866459,39.45577885604416,70.2667742488065,54.017475243746894,0.5122463985943618,91
AEGISLOG.NS,1268.0999755859375,1497.800048828125,-15.335830267992334,1354501.2777777778,2.1178873992339975,-2.27342790960513,34.991211444529505,106.7727015507741,0.5296354721167087,91
HAPPYFORGE.NS,2230.300048828125,2470.0,-9.704451464448383,77951.66007905138,-4.927740241607537,16.904287228533054,67.87343708179496,73.24550295204335,0.5254831572690168,91
MANALIPETC.NS,90.08000183105469,90.88999938964844,-0.8911844691749438,1405646.162055336,8.844851988735858,37.463762412756196,38.1595184775285,80.19603682041216,0.5190350795284824,91
SHADOWFAX.NS,249.75,268.6499938964844,-7.0351737673096215,4947359.679487179,-1.4987193871112359,0.28912228415549635,14.74845256314714,122.39536350225477,0.5329063368796603,91
CNL.NS,1149.199951171875,1328.0,-13.463859098503384,82983.752,-7.731838524939782,6.048994166105959,64.3122549408891,82.84804314588305,0.5286950872134717,91
SHREEJISPG.NS,698.2000122070312,704.25,-0.8590681992145854,1060316.166007905,8.517249877768428,10.869394554510725,44.52494377684304,88.7792350101017,0.5189478103577259,91
DPEL.NS,600.75,603.0,-0.3731343283582045,53824.0,4.080039378883771,8.067993095199256,22.60204081632653,107.08375986232693,0.5163571874675696,91
MARKSANS.NS,335.8999938964844,344.5490677430362,-2.5102589605618286,1927728.7341269841,4.18734499242408,24.084366949694335,34.82249533249926,93.51203431846551,0.5308717021631726,91
MSTCLTD.NS,778.5499877929688,795.0,-2.069183925412732,517634.17786561267,9.385316163395686,36.34850924570381,36.93606622263603,84.05437063663564,0.5291080158692539,91
NEULANDLAB.NS,23995.0,24100.0,-0.435684647302903,57407.51587301587,4.21281216069489,8.007742167806974,41.632864103609066,90.83388625542726,0.5084624338288452,91
BETA.NS,2139.800048828125,2807.89990234375,-23.793578003188898,20809.828685258963,-3.0360702609001144,-14.544726484499805,44.972903037135836,99.2550516977253,0.499813392672409,90
TNPETRO.NS,139.17999267578125,146.99000549316406,-5.313295139475338,501514.2529644269,4.075373605294952,34.12353973038393,53.79004715555939,64.16607062958435,0.4903568770510784,90
BLUESTONE.NS,868.7000122070312,926.0,-6.18790364934868,1583799.4722222222,6.798621358882362,3.682047803309807,66.89721656234991,72.84122595655391,0.5062192704787674,90
TDPOWERSYS.NS,768.7999877929688,798.8499755859375,-3.7616559693737006,2460606.37944664,4.5915244623479845,20.539354422584722,29.032650968537332,91.75250810867095,0.4997782186478133,90
UNIMECH.NS,1629.5999755859375,1649.0,-1.1764720687727381,119721.9246031746,12.239131357793642,14.64752691682978,40.537269368653696,85.08716599378604,0.5034946572725585,90
SALSTEEL.NS,79.62999725341797,86.25,-7.6753655032835155,223620.24,-3.3968252352196138,34.94322914488268,37.67288562127562,80.93615153458578,0.5032528960567157,90
KALYANKJIL.NS,612.5999755859375,648.9500122070312,-5.601361574440833,9866024.805555556,6.910990503654024,2.05747198432944,85.18742387902788,55.93737204232547,0.4903376942786984,90
SMLMAH.NS,6313.5,6449.0,-2.101100945883083,102326.50988142293,18.708282410454082,21.215321109724485,63.51895532389123,59.81954919559338,0.49097398738395026,90
NILKAMAL.NS,2112.0,2149.5,-1.7445917655268706,35637.346613545815,2.3702147268230833,13.025796189349691,68.85031325353881,62.912003245150984,0.4866207598467428,90
PARACABLES.NS,69.05000305175781,75.69999694824219,-8.78466864540447,1779548.375494071,7.621569686000962,1.7086517492092446,7.6887088178401175,111.615080574517,0.4805653219360078,90
AIMTRON.NS,1622.5,1780.0,-8.84831460674157,45595.983935742974,-0.8130607917302024,-2.0466085434920456,26.752856381309865,106.43806537312055,0.5011045527576976,90
GMMPFAUDLR.NS,1285.199951171875,1308.5999755859375,-1.7881724629854823,154126.92430278886,18.582754499920597,29.34782435093939,74.30897566330108,47.65606422876487,0.49082958710676206,90
LAURUSLABS.NS,1946.9000244140625,1952.0,-0.2612692410828621,2101148.388888889,4.582082614245686,5.010788803347488,39.98417860673087,87.74937203040247,0.4855536841627432,90
VENUSREM.NS,1625.199951171875,2031.2182849222206,-19.98890699065822,65737.384,1.5178915851854269,6.738472168072529,-4.6313982832611895,116.34374012825629,0.4664756015845721,89
WELENT.NS,790.0,825.0,-4.2424242424242475,295013.43083003955,6.512065120404342,38.03949272243998,43.75554839555922,65.13573019080219,0.4744006165151708,89
RSL.NS,190.2100067138672,191.75,-0.8031255729506248,826520.2561983471,6.274450360041106,24.068886401991207,45.877757193216006,68.28276454755388,0.46517655293388704,89
SANSERA.NS,4033.60009765625,4094.300048828125,-1.4825476991909392,221120.9126984127,3.3461464938829177,5.802124671562203,40.96103783526996,84.63791620185776,0.47638517415024834,89
SENORES.NS,1509.800048828125,1599.0,-5.578483500429954,310446.6442687747,4.160058560063806,2.3107744653085183,17.038763475048448,103.49080450002548,0.4738611159159281,89
KRN.NS,1660.199951171875,1668.5999755859375,-0.5034175079088543,626766.9604743083,8.170439037938348,28.927546332591312,31.63653785660705,79.11316295642199,0.4773877970986301,89
KAMDHENU.NS,40.25,40.45000076293945,-0.49443945405978074,1413871.9325396826,11.310841177673847,14.37908943096835,42.73049259238568,75.91783862046005,0.4719318522986078,89
IGPL.NS,584.5499877929688,587.9500122070312,-0.5782846064242064,42908.788,6.60162557103241,21.125151346886906,37.68046157105027,79.39423307731765,0.4794702452872277,89
AYMSYNTEX.NS,320.1000061035156,325.0,-1.5076904296875027,45151.78087649403,8.803532570304018,24.746686862658663,48.80758923121482,67.50392249078365,0.47473536395240046,89
ACCENTMIC.NS,623.5999755859375,624.2000122070312,-0.09612890249267592,43614.4578313253,4.516877577997436,14.653419303986027,35.55170482730696,82.16488737385868,0.46913838016332515,89
VARROC.NS,849.4500122070312,896.0,-5.195311137608116,279763.0,-3.141389714135545,2.845208505682484,51.59045166962679,76.04558057873192,0.46150270462103754,89
FILATEX.NS,76.44000244140625,87.2699966430664,-12.409756638303481,1908292.2142857143,4.269547110966432,-8.03657373008264,47.22651220570917,85.71429233426574,0.4727331056049916,89
QPOWER.NS,1519.699951171875,1570.0,-3.2038247661226094,709031.2292490118,4.4036807269205,22.649659716502658,24.47771258399163,84.32028668335305,0.46041728464531295,89
TCPLPACK.NS,3874.699951171875,4410.89990234375,-12.156248453676376,7934.0318725099605,0.37562821054382134,17.41158863404504,59.052089584368076,57.60762454146304,0.4427855723975903,88
KRISHANA.NS,183.02999877929688,206.38999938964844,-11.318378157581988,1019147.3928571428,-4.785932035956542,-0.27786560177153197,37.376848136905735,83.42133924499406,0.44047423815119385,88
COFORGE.NS,1950.0,2021.199951171875,-3.522657475357338,2818899.296442688,-0.7986952007866366,7.20175920835624,43.287643414118016,76.68005540717684,0.4501879750869873,88
TARSONS.NS,325.1499938964844,375.0,-13.293334960937496,455810.14285714284,-5.507123473090125,3.7161065060556275,61.76616611765391,67.30986931334506,0.45646306514536317,88
INOXINDIA.NS,2215.89990234375,2320.0,-4.487073174838363,213996.45634920636,5.549204792757223,14.339520244775539,22.547282500900923,85.90285920863036,0.4454815296195325,88
ICIL.NS,450.8500061035156,474.6499938964844,-5.014218497632439,810217.8095238095,4.014302320096252,6.502870327629928,39.65972586769912,74.7296699220843,0.43491790026679067,88
CARTRADE.NS,3176.699951171875,3290.5,-3.458442450330501,615765.9920634921,6.9559895869723665,15.014480491378524,33.17263692560066,80.36108914466229,0.45794721792518056,88
MBAPL.NS,164.3699951171875,174.94000244140625,-6.04207566977657,1100351.3596837944,3.331858646467678,-0.6767843004409246,46.02823909333089,77.29865316152352,0.4492576199716725,88
PAYTM.NS,1670.0,1732.300048828125,-3.5963774791942127,3392028.8055555555,2.234465870829516,5.422639084524272,63.22940473569827,60.48433972523035,0.4447053171478943,88
GHCLTEXTIL.NS,131.9600067138672,144.58999633789062,-8.735036962383324,432811.9601593625,-6.0448489988246035,9.184185046715054,44.377637965534866,77.56191756985311,0.45570410527062255,88
SPORTKING.NS,215.60000610351562,240.46267240987245,-10.339511765875253,370799.9442231076,-5.815741617041203,3.143296321042688,24.72728412264258,94.34485700183437,0.4520321314003094,88
SOTL.NS,681.3499755859375,850.0999755859375,-19.850606381171566,317039.40316205536,-9.467180748249193,-1.9593054162925672,20.33556554300171,96.71363252093552,0.43447543513191283,88
SGMART.NS,809.5,860.5999755859375,-5.937715202832328,349762.52419354836,-2.1397499934515563,12.75158245509842,36.56684943061998,81.21781461354034,0.45793522166276657,88
WSTCSTPAPR.NS,681.2000122070312,693.0,-1.70273994126533,132344.74206349207,8.290283034108569,14.084749633185956,38.490601507841205,70.62386712571876,0.43442705532687914,87
KIRIINDUS.NS,588.0999755859375,779.0,-24.505779770739732,968017.9604743083,12.307829307177286,37.825160244100566,46.85977217098745,48.90491389012992,0.42415712186886045,87
GLAND.NS,2959.300048828125,3042.0,-2.718604575012329,370958.6785714286,3.169019299230258,1.193412243530867,31.803427676180473,78.86365521126828,0.41642074765990655,87
QUESS.NS,337.5,388.75,-13.183279742765276,687810.8418972332,-11.008569545154911,4.102402002525363,39.63715702930131,78.78685957321329,0.43125514384065294,87
NRBBEARING.NS,489.6000061035156,503.8999938964844,-2.837862267548741,458722.4404761905,7.948411262443367,7.545306118290096,14.970059665680413,87.43533958023828,0.417690560817018,87
ATLANTAELE.NS,1922.300048828125,2152.60009765625,-10.698691739300559,256702.48101265822,4.535321295709727,21.18136478960706,4.263171868410098,90.59092755890474,0.4220512767157731,87
GCSL.NS,598.25,613.2000122070312,-2.4380319486986157,271606.8844621514,4.616599727404402,28.434953988427438,38.78539164633747,62.789980814098726,0.4290026058996666,87
SHREEPUSHK.NS,510.04998779296875,535.4000244140625,-4.734784360317623,211334.58893280633,8.973400511779905,23.31962772392069,42.61149070244188,60.342652626982044,0.4248177385748751,87
AZAD.NS,2822.10009765625,2986.60009765625,-5.507935264888397,360588.73913043475,1.3030385595475424,14.158002757729271,31.254358842759178,75.11169895806216,0.4238289164355323,87
DYCL.NS,460.6000061035156,560.0,-17.749998910086497,563378.0595238095,-15.08112364097196,8.927515538632536,52.07362717825188,64.40537318902028,0.4166162817271299,87
GKSL.NS,175.19000244140625,177.89999389648438,-1.523322961244733,852451.4090909091,4.093879539342327,30.93422903259393,34.67865926765556,64.03557812306899,0.42614062789977286,87
IKIO.NS,219.72999572753906,248.8800048828125,-11.712475322796223,670258.126984127,5.87866670842927,11.137518722327489,45.87398831891769,62.87153640427341,0.417261814726931,87
APOLLO.NS,417.8999938964844,466.5,-10.41800773923165,9890959.557312254,9.212073843528135,7.512215274616585,2.076209117421035,96.51085615538506,0.4165085563665647,87
DIVGIITTS.NS,1189.300048828125,1329.800048828125,-10.565498183265554,96507.112,-6.265762684469223,12.601789794496089,48.34726589987874,62.90665964169466,0.41560625317093786,86
KDDL.NS,3965.699951171875,4147.172141618966,-4.375805591138249,30139.179282868525,3.1343534615025925,3.4215726604759134,38.48894629596473,71.50778011579133,0.4114754581335139,86
MANORAMA.NS,2132.89990234375,2149.5,-0.7722771647476145,209792.82936507938,16.297704598895855,27.413375289351862,39.02359341848285,55.01852347535656,0.40826932933447435,86
MANYAVAR.NS,579.5499877929688,779.0,-25.603339179336494,491491.25498007966,5.9797044284392475,10.41149949267217,46.14802815112955,61.72735535702927,0.41215620929528934,86
REDINGTON.NS,373.54998779296875,381.6000061035156,-2.109543548687254,6617912.177865612,2.8496627858145107,5.358905839560935,61.671057631462475,54.36872633958107,0.4160555527176481,86
RAMRAT.NS,531.25,602.4500122070312,-11.818409953415932,200700.9642857143,-0.7194871541008285,18.186874304783096,40.93497010475238,62.61233426885868,0.4089085088451573,86
JGCHEM.NS,611.2000122070312,675.0,-9.451850043402777,231351.24603174604,1.722565871955073,-1.7915905545603406,42.40447223291539,69.87216035113366,0.40484144286611523,86
NITINSPIN.NS,655.0999755859375,660.9500122070312,-0.8850951680232866,285548.40079365077,5.009217155238188,16.121589512707637,17.118084236921383,81.84593354224496,0.4159903830603975,86
ESAFSFB.NS,41.470001220703125,44.9900016784668,-7.823961605781449,1175378.9444444445,-2.1010372446287118,7.742269192738149,45.61096168278516,66.0128181771397,0.4142676588977619,86
NRAIL.NS,644.3499755859375,649.9000244140625,-0.8539850160997897,17934.14342629482,29.93546753711818,22.566284812493386,45.70189934314259,48.392659890457935,0.40574437475336445,86
ACMESOLAR.NS,412.6000061035156,430.5,-4.157954447499279,1641764.9446640317,3.603265813814338,11.982627882687268,22.889056173794685,79.20430692300602,0.413052917792597,86
AEQUS.NS,231.89999389648438,274.3900146484375,-15.485264945371103,5492991.724867725,-5.585864951327435,-3.668010629239815,27.047606118094826,83.93083005124547,0.40394425234945924,86
BEPL.NS,133.83999633789062,137.34641029083173,-2.5529709480693774,1478447.391304348,5.145726589090072,9.230390656385712,40.283566279951444,67.6328227746339,0.4149884978402514,86
ADOR.NS,1626.199951171875,1766.4000244140625,-7.937051138158447,36014.45238095238,-4.386176829407463,7.099573565892925,49.154821478254874,64.24654112491453,0.4142635992368011,86
SEDEMAC.NS,2867.5,3368.89990234375,-14.883193828196706,207978.28346456692,0.03488574917145382,-7.386472281459566,3.493703776447643,97.60871395798463,0.3861779083475338,85
SAILIFE.NS,1647.0999755859375,1657.199951171875,-0.609460287444219,553662.6442687747,3.787017995333186,14.03350510563046,35.218784057001564,62.43589502819897,0.3872539604903947,85
LOTUSDEV.NS,198.80999755859375,207.5,-4.18795298381024,1563301.1067193677,12.992327937963033,18.536844807781282,48.32140220583088,48.19978129257589,0.3878293493413218,85
ROSSTECH.NS,1218.0,1228.699951171875,-0.8708351588742169,207241.58893280633,7.407407407407418,14.189281593939661,22.36286619713215,71.53721863806801,0.38902344373895525,85
STOVEKRAFT.NS,839.4500122070312,873.3447454599583,-3.8810256120652475,222561.80079681275,-0.4883207052435945,4.217523060606965,29.368240137299995,73.34226414300085,0.38942050239987375,85
RADHIKAJWE.NS,87.95999908447266,99.6500015258789,-11.73106097581983,874035.7091633466,22.849163350561618,22.952191723248138,55.54376705778501,40.2423427495695,0.39635421896869094,85
CHENNPETRO.NS,1457.800048828125,1489.699951171875,-2.1413642605449423,2280818.2608695654,3.097598927024392,2.2228506966464945,33.72349041625577,69.1214605770393,0.3851996138772419,85
APARINDS.NS,17635.0,18465.0,-4.494990522610342,118860.59523809524,1.3505747126436818,7.216682879377423,21.194419627517004,76.42056822729091,0.3850494722631132,85
STALLION.NS,212.77000427246094,423.79998779296875,-49.7947120337338,1793845.162055336,0.15062712582514237,-11.823455623072377,15.919368419985048,94.25728717590222,0.40129096984324447,85
THEMISMED.NS,132.1699981689453,148.0,-10.69594718314506,249224.07142857142,6.959616812624558,21.27912837005461,31.76154060988914,61.754986721155845,0.3918224422670246,85
EIMCOELECO.NS,2258.199951171875,2373.76648551747,-4.868487909433172,72371.656,2.9543198556215566,25.434643666305078,48.25367801742162,48.58446098580151,0.3929224851837026,85
OFSS.NS,11780.0,12540.0,-6.060606060606055,232282.61264822134,-3.1090639907879636,-0.975117686617355,26.293218976145805,78.40816232960945,0.38745300688285256,85
AETHER.NS,1642.9000244140625,1717.0,-4.315665438901428,327609.1626984127,-2.4232302631722047,2.8419420603482015,45.54393633484119,64.04393653660134,0.39606820900845313,85
WOCKPHARMA.NS,2224.0,2422.300048828125,-8.186436231302551,1248894.162055336,16.788318173315876,16.476378525368386,14.75748194014448,70.3692322970698,0.3754904502327653,84
SKIPPER.NS,604.7000122070312,616.6979610926131,-1.9455146023711345,611662.380952381,12.594255620675042,14.926386666996105,11.04380609475224,76.76460313535152,0.3826368597803301,84
RGL.NS,150.0,159.0,-5.660377358490565,1698377.1501976284,8.861315994487384,30.20833678267629,43.33492385368623,45.30659219427897,0.3805091298980145,84
MVGJL.NS,210.72000122070312,233.99000549316406,-9.944871031314529,111698.62,29.777672942971954,22.142357988765692,46.42484598600869,42.51318838825351,0.3833896804315434,84
RAIN.NS,217.80999755859375,250.82236847510148,-13.161653451089549,4356803.865079365,5.4514617964030565,6.966772803676902,12.400544931450085,81.37805761230175,0.3820988726473141,84
MAHASTEEL.NS,1291.4000244140625,1421.0,-9.120336072198276,19447.68,-7.3667565433182425,26.434305222861965,48.22381915799856,48.05388643325452,0.3823888571094195,84
PGIL.NS,2366.800048828125,2539.60009765625,-6.804222798211379,146239.07171314742,0.8006835105675014,-2.556706987212698,45.87365478139445,62.35724843821124,0.3827372276331705,84
YUKEN.NS,1017.3499755859375,1028.5,-1.0841054364669422,9305.749003984063,4.660252904876017,26.66200037858182,51.80570632214199,41.63539231656219,0.3799429418947144,84
ORCHPHARMA.NS,965.7999877929688,1133.0,-14.757282630805935,117328.44047619047,1.8883809386935013,-10.503640277693416,14.167500899167361,89.53979215585328,0.3815427717042219,84
DIFFNKG.NS,442.5,519.9000244140625,-14.887482358034864,193960.26693227093,-7.193789570284581,19.125321303021934,22.7805789464548,68.78539294138682,0.37454016164067094,84
SUNDRMFAST.NS,1255.0,1278.0,-1.7996870109546204,131111.6374501992,4.175317578389159,11.92365516362952,50.146561782242685,49.48103084008781,0.3763864366127275,84
WINDLAS.NS,1146.0999755859375,1181.9000244140625,-3.0290251365273635,67797.76190476191,4.513952316436187,21.524759331467315,40.08966985299005,53.080024182755906,0.38015257726936463,84
INNOVACAP.NS,1171.800048828125,1200.0,-2.349995930989579,67484.06349206349,5.7008907301106415,15.006381465344498,24.335512085569544,66.60269986530352,0.37513098937872236,84
TALBROAUTO.NS,424.0,451.6000061035156,-6.111604457593645,210406.395256917,4.074621097744413,3.4272441455309055,17.85962473940237,75.09808411610115,0.364900320071418,83
URBANCO.NS,171.77000427246094,201.17999267578125,-14.618744146549911,9644114.695121951,-0.04073095142068661,22.912346527700134,35.840259721610664,54.31678019940747,0.37057186206644144,83
AYE.NS,184.77999877929688,197.2899932861328,-6.340916890139736,1847575.9300699302,7.844054353136509,3.3560801213601943,23.301746981664717,69.74094960801061,0.3634252539728935,83
SHAILY.NS,3407.800048828125,3615.199951171875,-5.736886068404623,304734.09881422925,7.416865211288415,-1.4488520469221111,14.66352788789116,78.55908036825387,0.3627460662541332,83
CGCL.NS,270.75,287.45001220703125,-5.809710035776005,2837472.881422925,5.592139089368353,15.072386396976146,29.964248587130314,60.09776283777859,0.36602070899582595,83
JYOTICNC.NS,1037.199951171875,1058.8499755859375,-2.0446734583038584,993273.8656126482,8.533451020190498,28.84471443128882,52.14902927959446,34.53530511046219,0.3608111881634003,83
LLOYDSENGG.NS,81.80999755859375,99.47641802454628,-17.75940551216194,8074500.599206349,-2.919187353112418,-13.946300822481728,22.935699458615154,82.58400899178993,0.36833134534492934,83
ARVIND.NS,581.3499755859375,595.2380724658142,-2.3332003650815336,661210.1778656127,2.0818404838279347,3.2327632222826086,18.503700177677707,75.73871479953638,0.36701332665957176,83
NELCO.NS,973.0999755859375,1120.0,-13.116073608398438,267006.20238095237,5.273976446972672,-3.423977851918625,37.9500909989674,62.40750197288718,0.36190630163158644,83
ASTRAMICRO.NS,1757.300048828125,1960.0,-10.34183424346301,558766.2727272727,7.0349614182580344,3.1460996180331824,21.713532996099794,70.7359775397741,0.36141166980172024,83
PANAMAPET.NS,483.1499938964844,595.8726432274872,-18.917238542862336,346507.5396825397,-1.3476275862206455,-10.875859640163144,28.872688490399145,76.43703235885329,0.3692668480400637,83
DIVISLAB.NS,9575.0,9588.0,-0.13558614935336166,388200.03571428574,3.8503253796095427,11.616249927143429,44.840079552137354,50.886450974407026,0.3651488677879366,83
TVSSRICHAK.NS,5340.0,5760.0,-7.2916666666666625,15351.653386454183,-3.3571622477603813,35.03603489695284,37.72825923991867,46.253288546580265,0.36491283945222236,83
IFCI.NS,92.61000061035156,107.5,-13.851162222928782,36909798.14624506,-5.807566214601245,22.338182752730006,9.506918463450575,72.74762088413311,0.3583800382177429,82
SANGHVIMOV.NS,441.20001220703125,525.873954285097,-16.10156604792804,444253.43083003955,-2.454118037920061,-14.308209073326694,14.185770828721122,84.57655505889544,0.34979299653717166,82
HIRECT.NS,1281.4000244140625,1397.5377365248423,-8.310166450286427,140380.75396825396,2.659836127298165,-0.8971365495697992,15.375135216884473,78.23270431708667,0.3599217859471587,82
AVTNPL.NS,90.3499984741211,97.0,-6.855671676163821,165245.336,2.194315950292358,25.888257907351697,31.709919877569725,51.380867997909974,0.3546240633893448,82
CRAFTSMAN.NS,11406.0,11539.0,-1.1526128780656952,70313.78,1.3596374300186564,10.926331145149515,29.882490466827694,56.705568871795805,0.339682046607984,82
VISHNU.NS,731.5499877929688,740.7999877929688,-1.2486501285668306,114930.66666666667,10.54778810622874,25.2611934605121,26.692247425504956,51.07878121423162,0.34546204216069426,82
SOLARA.NS,701.7999877929688,712.0,-1.4325859841336053,245402.67984189725,9.596316787675807,37.95949890941805,15.323309813576724,55.24831473159586,0.35247850297362554,82
SOLARINDS.NS,22455.0,22515.0,-0.26648900732845204,148704.3492063492,9.004854368932037,19.63239211507726,31.063802427555842,54.79343984277445,0.3606348052528519,82
NIACL.NS,205.22000122070312,242.60000610351562,-15.408080767674315,3633823.387351779,3.068655814184096,14.41155533656957,35.41247130389485,51.31655083314517,0.34339538373158845,82
SOMANYCERA.NS,562.6500244140625,576.7999877929688,-2.4531837167765524,103264.744,-0.08878628754748208,12.620099587725608,13.735676639059346,68.29898038851982,0.3395543643591611,82
XPROINDIA.NS,1389.699951171875,1572.6395438881225,-11.63264610935294,63409.45849802371,8.097384689081988,23.21127059943242,15.285321099338045,61.94683492732578,0.3481632288952641,82
JTLIND.NS,89.55000305175781,94.0,-4.734039306640625,4024773.830039526,-3.084413882095971,16.61674955606145,19.41592959428895,64.13123313372128,0.344921806547779,82
GOCLCORP.NS,435.6000061035156,459.8999938964844,-5.2837547543952095,181374.95634920636,11.207554896189587,1.4084550069787927,8.26394917251363,76.49918991782326,0.34481307209898104,82
GUJTHEM.NS,453.25,479.0,-5.375782881002089,236872.88537549408,9.732481151211303,25.189895120002646,17.02814724649173,55.97040278056507,0.33507832425295203,81
ASIANHOTNR.NS,405.75,415.0,-2.228915662650599,32865.136,9.899779681608756,28.36127559805426,36.80040177018411,39.24159522945523,0.33398991710609055,81
MOL.NS,65.81999969482422,87.75,-24.99145333923166,1105950.7698412698,1.4957613624157817,12.72478229635501,42.74560577656514,43.99475172420815,0.3311611501816539,81
JINDALSAW.NS,307.6000061035156,319.5,-3.724567729729067,4208209.976284585,-0.501370798502343,12.447457441057175,28.972748890362944,56.75317732566163,0.3383245000573474,81
GIPCL.NS,201.10000610351562,211.7100067138672,-5.011572563356115,417835.59523809527,1.156943167228719,22.078559654752873,29.2084341378446,51.21437536435964,0.3377968663477068,81
UNICHEMLAB.NS,555.5999755859375,687.2000122070312,-19.150179610510087,256076.56916996048,-0.7236752705166549,-3.1718390718401213,24.128679180009872,67.80427826758597,0.3365357971961766,81
CAPLIPOINT.NS,2770.10009765625,2877.300048828125,-3.7257133198720704,117958.62948207172,2.172475197150847,5.575884065307002,18.837413026866145,66.14314647605129,0.33440906831256845,81
WABAG.NS,2008.4000244140625,2248.015501662673,-10.658977977304286,428474.6442687747,1.0363203078741279,2.989592818727549,27.601712781434863,60.81955074993122,0.33309884728935873,81
KIRLOSENG.NS,2272.800048828125,2714.2611782271474,-16.264504423534078,613998.047808765,6.290043348860763,6.644148878587797,26.681423549036797,58.475191557331186,0.3335233779824715,81
RBA.NS,95.54000091552734,111.1500015258789,-14.044084926725898,5975004.948207172,-4.421766916194281,5.884957731397122,40.396762132194254,51.867749399553546,0.3360094325413969,81
NPST.NS,1716.5,2206.497701403627,-22.207034301097305,36846.688,3.6784262691541336,9.687518258088112,12.116263879817124,68.21834172197853,0.3322756213126959,81
SPAL.NS,1048.9000244140625,1218.4508944923061,-13.91528134983976,117300.34262948207,2.9931655438120597,-1.5057626985754524,32.36886202085145,58.73675852643565,0.33203526031495817,81
SONACOMS.NS,804.0,844.0,-4.739336492891,2219169.2529644268,2.727908377939592,0.49999999999998934,35.9643911278386,56.160922592515305,0.3362647721315166,81
ARTEMISMED.NS,342.04998779296875,350.0,-2.27143205915179,235711.99598393575,6.657304263572894,9.176508496705793,34.494715779069416,47.23272978648989,0.31742538774015233,80
OPTIEMUS.NS,556.3499755859375,713.0,-21.970550408704415,219050.47011952192,-4.538437330308809,-0.4918619424223669,34.59537132475818,55.64413388905005,0.32084048831532125,80
SGFIN.NS,676.1500244140625,727.4500122070312,-7.052029271032422,328598.4150197628,0.22977303353424183,2.4159363696027114,10.52718012489784,71.61168132336613,0.3230899114408977,80
QUADFUTURE.NS,441.0,485.0,-9.07216494845361,1144256.256916996,6.265060240963849,23.564025649131292,28.853177501826146,46.29291164106106,0.3251242906089491,80
LENSKART.NS,695.75,697.5999755859375,-0.2651914636871422,6289981.5592417065,4.014049126318597,18.083840051844668,40.81157486450992,39.40091995424626,0.32022013364052276,80
GABRIEL.NS,1389.5999755859375,1596.6964052725275,-12.97030725457432,454622.2698412698,-2.57309626206218,-5.260915660548937,38.032825408820095,54.736647296951865,0.3199501378311077,80
ORIENTHOT.NS,140.5399932861328,148.78278132938067,-5.540149182316789,804410.4110671937,-0.5519487670959555,9.463349134857912,30.370632389138642,53.26402217282651,0.3225427353613418,80
ASKAUTOLTD.NS,610.1500244140625,687.7000122070312,-11.276717524562496,385278.8932806324,-2.196032973954609,-6.740538874426827,42.629585753902965,51.33576352879581,0.3175547006540839,80
VSSL.NS,356.6000061035156,374.3999938964844,-4.7542703213532045,129588.7609561753,0.4931661180497482,6.6548977310160184,34.398295998393436,49.86276768413502,0.31644892031180216,80
APCOTEXIND.NS,612.1500244140625,712.0,-14.02387297555302,115792.1155378486,-4.23185032484128,-1.6784374528830304,18.576275915556906,69.15152752973843,0.3247462126350171,80
DPABHUSHAN.NS,1411.5999755859375,1670.0,-15.473055354135479,38568.346613545815,-0.31073618743379106,-4.252870593881197,59.05351837588029,39.914752842408795,0.3280030891220799,80
GRWRHITECH.NS,6975.5,7990.0,-12.697121401752188,81584.37301587302,-3.245717456134267,-0.3642336809027258,11.768947284089082,71.21993127147765,0.31621238212023817,80
PPLPHARMA.NS,226.6199951171875,231.92999267578125,-2.289482915655794,4873088.313492063,6.294558330694189,6.090536243463429,40.48725965349467,45.85827523921837,0.3233705107349785,80
TIIL.NS,3141.0,3565.300048828125,-11.900823016777728,19604.856,-3.871461361897477,17.407391420482643,24.865831842576025,50.29975754440639,0.30673984718442143,79
RATEGAIN.NS,862.7000122070312,1050.0,-17.83809407552084,532258.3505976095,-5.3278450252915,-7.490212481933412,11.640247454808318,73.89639217763309,0.310198041085799,79
SUDARSCHEM.NS,1221.699951171875,1595.8711433648984,-23.44620326952479,229468.8134920635,-1.9345076827473218,10.063058664132885,39.109825858458656,43.964967954732344,0.31138095903982377,79
HONASA.NS,476.04998779296875,506.64561650495574,-6.03886182279596,1526095.0357142857,1.2980051978911833,2.506719131750179,15.801735852446242,65.54824995449844,0.31590965083672407,79
SHRIPISTON.NS,4438.2001953125,4785.7998046875,-7.263145630006084,97277.92430278884,-3.4796223131630333,0.6257674022842385,26.91444170330346,58.07642575467062,0.3108209406199983,79
DALMIASUG.NS,450.3500061035156,520.0,-13.39422959547777,447025.390438247,-1.3580071964134244,10.298804694520003,38.06550151542014,44.090332118021315,0.30979743521097225,79
PARADEEP.NS,159.7899932861328,200.21458546899734,-20.190633009164138,6739558.944444444,2.44846220627013,7.671028311052153,32.801051046052685,49.261453489407955,0.3132394859241644,79
CENTUM.NS,4287.39990234375,4420.0,-3.0000022094174184,63859.13545816733,20.591788132113777,12.200354787215527,19.84002031955947,51.2320138889786,0.30944061422113767,79
AEGISVOPAK.NS,290.6499938964844,311.489990234375,-6.690422482664671,1135460.9051383398,1.5193874568591337,3.600073620737021,33.514394229060706,50.494704529503906,0.31124153550353095,79
BOSCHLTD.NS,48785.0,50000.0,-2.429999999999999,32641.14285714286,3.2486772486772564,7.967245767400688,25.719486905008647,53.07366943666467,0.3086363072451633,79
JNKINDIA.NS,440.5,558.0,-21.05734767025089,536360.2063492064,4.656689567055694,5.181473934941594,-12.607874086304117,82.53014405907813,0.30731659141433904,79
AGI.NS,783.7999877929688,939.0,-16.528222812250405,243509.69322709163,0.1981448121404661,9.13394242146397,26.879803770614117,53.68627211626838,0.31385052943198427,79
MEESHO.NS,211.05999755859375,254.39999389648438,-17.0361624912325,24677560.904761903,-0.25520251859429965,10.845015229939637,26.443805340192284,51.40603070278657,0.3063903667730081,79
BRIGADE.NS,687.0,799.2478861619728,-14.044189306648358,705379.7222222222,6.495121066468057,13.049199637987318,41.7485503299998,36.89306785808802,0.30541144276479415,78
BHEL.NS,422.1499938964844,446.5,-5.453528802579088,12750661.932806324,-1.2514634160270433,4.7518595276636155,11.818285286186846,65.59599577157731,0.30609109458416994,78
RPGLIFE.NS,2802.60009765625,3082.0,-9.06553868733777,22751.285714285714,8.187612339558004,6.239579137841167,28.673363382469176,48.29191628881957,0.29985452591792616,78
GNA.NS,553.4000244140625,601.6500244140625,-8.019612406230669,239372.3373015873,3.9346439528083366,2.7287937393589257,57.4037196410526,30.36290132711441,0.3030549956631416,78
HUHTAMAKI.NS,250.6999969482422,330.0,-24.030303955078125,509047.65476190473,-3.1859489746589253,-11.94240035158992,48.37830669171386,46.73507508507886,0.30500447073761827,78
NAZARA.NS,368.3999938964844,379.3999938964844,-2.8993147540748887,2502328.3253968256,0.20399837139972732,3.921013793084449,30.847099935723943,50.03053932719026,0.30070948307350154,78
VMART.NS,824.6500244140625,886.8128854091074,-7.009693027449382,627308.8645418327,-3.016578119150992,0.7636852167098418,18.336766522113358,61.67478028144509,0.30022021300638907,78
HIKAL.NS,246.00999450683594,281.96029052687066,-12.750127315040727,1147097.0277777778,22.841510977364422,13.04710272866667,33.931225396981525,37.10570708866423,0.29915222098029925,78
VADILALIND.NS,7534.5,8379.661952680708,-10.085871690925853,18337.56,-2.31270999421308,2.9139070727593808,27.8433666363711,52.91629095750168,0.2987103678904257,78
GUJALKALI.NS,718.75,815.0,-11.809815950920244,1243071.7142857143,0.5526038436608482,6.112058154021427,13.421175028348076,61.444290272337156,0.2988174063260966,78
ARMANFIN.NS,2037.5,2158.60009765625,-5.6101219391093915,41462.99203187251,4.364080778618873,2.6758705368196356,28.85783347576929,52.14307603708268,0.30486162642789677,78
RADICO.NS,4485.0,4747.0,-5.5192753317884975,403241.8373015873,0.1965909544598743,-1.320132013201325,26.915075952937695,55.319658743435475,0.29958018976061224,78
SBC.NS,46.77000045776367,47.58000183105469,-1.7023987854543177,11253461.757936507,11.251188009582847,13.795625776513676,26.507976503859474,45.3839077395789,0.2999020000325042,78
MAXESTATES.NS,538.1500244140625,579.0,-7.0552634863449875,120244.32936507936,3.3611829788531056,26.133840879564318,24.64389679538217,40.5091447556299,0.2915971341466479,77
HESTERBIO.NS,2318.300048828125,2683.60009765625,-13.612313144091903,13498.147410358566,5.353331007867523,-7.037452745358241,18.80012555903232,61.065560075887305,0.29194104249779723,77
FINCABLES.NS,1302.300048828125,1364.285193926858,-4.543415509796711,551965.7272727273,10.10523552028555,8.587447595342667,26.624198439007184,47.72467659391306,0.2980514324036447,77
LXCHEM.NS,184.52000427246094,240.59049253763015,-23.305363264260905,1136648.742063492,11.898126805446086,3.680397261803159,25.073814807808436,51.03291100823157,0.29861200978540403,77
STYL.NS,383.3500061035156,434.70430029318214,-11.813615405927912,269971.7805907173,-0.6865269161876575,-6.46833600241602,37.87398180077617,48.44211920238677,0.2937672232908559,77
PNGSREVA.NS,546.5499877929688,644.0,-15.131989473141495,357914.3409090909,4.763269121043456,-2.471455392168287,44.45618580046593,40.08714503222082,0.29353749586698796,77
CLEANMAX.NS,1399.199951171875,1536.0,-8.906253178914392,351019.45454545453,11.25954026199496,9.982707504666632,11.694739818817123,57.01941302959182,0.2943868268461468,77
GUFICBIO.NS,440.29998779296875,453.95001220703125,-3.006944387488464,110791.50396825396,4.571903706945424,1.7105833994002895,24.690493783948455,52.04792438024486,0.2902562493785708,77
KWIL.NS,41.47999954223633,50.68000030517578,-18.153118996725592,18874959.72027972,-4.37990198039766,19.058551551571167,12.411918230261731,55.998493058298294,0.29496692804672303,77
MOTILALOFS.NS,1051.5,1088.3156211947492,-3.382807383976816,1135697.833992095,3.3313704036345593,18.412162162162172,18.35218476590825,50.41842763201838,0.29688595955375724,77
TATVA.NS,1680.199951171875,1838.0999755859375,-8.590393695192134,123707.08695652174,3.914894291670956,-5.897510435627273,39.04335627488771,46.10434358016305,0.29366731656573175,77
GOODLUCK.NS,515.6500244140625,557.3666381835938,-7.484591095276505,574182.6916996047,8.615065700697745,16.26832568524521,17.80003494230129,48.93136180437947,0.29027726911560997,77
NUVAMA.NS,1836.4000244140625,2066.0,-11.11326116098439,543324.7896825396,2.879553188462891,12.27684347183915,21.59979365573843,49.75463448018416,0.29125115902009313,77
ALIVUS.NS,1372.0,1488.4866814641196,-7.82584640593088,120770.35059760956,-4.966402548789651,0.17443187535521876,35.361540117514046,46.37724769452161,0.28697607233254935,76
ALEMBICLTD.NS,109.7300033569336,117.72000122070312,-6.7872899939830695,476521.46640316205,9.576596790229752,26.51908118271884,29.42805655856646,32.89311074174108,0.28247137179833115,76
ROLEXRINGS.NS,175.52000427246094,189.39999389648438,-7.328400248845557,2712296.4087301586,-1.76851831925815,13.04908571585257,28.322858487280357,43.91604262877309,0.28496239908938037,76
TTKHLTCARE.NS,1191.0,1217.199951171875,-2.1524771790083164,11050.96812749004,5.519628911425212,12.464589235127477,35.20308894776325,38.26388600051993,0.2891136182270497,76
63MOONS.NS,868.25,1006.4004873759529,-13.727188043813532,352809.1865079365,11.952809446987867,0.8303361533830378,35.157217777495696,41.604821891626884,0.2855044226527486,76
RRKABEL.NS,2448.5,2983.800048828125,-17.94021181273061,437525.1349206349,-14.68046698933474,-11.186474419385595,15.345699908945388,68.6364518375705,0.2835294912490123,76
AMAGI.NS,576.1500244140625,727.4000244140625,-20.793235485774886,799394.49375,0.5848527745263565,-12.638358693849504,35.262356591746524,49.96095942433143,0.28093904285939264,76
PITTIENG.NS,1171.300048828125,1199.9000244140625,-2.383529877824908,61651.748,8.988564440792546,21.42857956394093,25.912394391628602,38.97722660098702,0.28549181314750827,76
VIJAYA.NS,1503.0,1573.0,-4.4500953591862675,206071.69444444444,1.4786324201645273,5.237365311961373,16.765075902283822,56.220771036257844,0.28713167489597013,76
PTCIL.NS,23730.0,24125.0,-1.6373056994818613,21731.243027888446,4.284772577455498,22.5090345895715,30.528052805280524,34.39429121594835,0.2784641650362335,76
NETWEB.NS,5087.5,5813.0,-12.480646826079479,1952000.6865079366,-0.953956974593595,3.7630022435243715,21.455149067917525,53.14433352223074,0.2835148288051307,76
RSWM.NS,225.6999969482422,238.0,-5.168068509141943,75655.86454183266,14.51621144753721,9.931323185481645,10.081450661859193,54.886079506960584,0.28416752783192045,76
GRANULES.NS,895.3499755859375,908.1083439738012,-1.4049390111354088,1072075.6785714286,7.646525468703036,3.989544202780193,17.061132691101943,53.05613242273643,0.279033541638515,76
ETERNAL.NS,321.6000061035156,368.45001220703125,-12.71543073723409,36955786.26984127,-1.87642834370233,3.6583420156375945,36.73469824673787,41.911575780068745,0.28329065354806143,76
HATSUN.NS,1198.0,1222.0,-1.9639934533551506,79284.51587301587,0.36863476072899193,27.108753315649857,31.050699338751887,30.868570378546135,0.27121252092246895,75
KRBL.NS,431.04998779296875,474.8487044763946,-9.223720370411815,690058.4143426295,1.638760101257053,15.284834134634018,24.797335092644346,41.004242911526575,0.27061740529456446,75
ANTHEM.NS,957.7999877929688,973.5,-1.61273879887327,476975.24110671936,2.4933106252507997,7.418825948261021,21.756962702597924,48.022681738776086,0.27469257758467097,75
SMARTWORKS.NS,552.6500244140625,619.0,-10.718897509844505,108701.60317460318,5.1765175706788735,15.5929758123462,23.81539528553165,42.49065765556863,0.27777128567424075,75
MUNJALAU.NS,112.80000305175781,129.46286953315382,-12.870768693357949,959024.0277777778,-0.5641743440361835,11.537723675430689,16.1841665095664,50.477091739298416,0.2729721394927181,75
TMB.NS,926.7999877929688,949.9500122070312,-2.4369729055824463,333616.78486055776,2.0592459761894943,4.111432833526574,22.771222389657673,47.95012561645111,0.2703962812780202,75
KTKBANK.NS,334.25,345.8999938964844,-3.3680237357768816,3661662.462450593,1.1805641968906988,10.36816683627595,21.236846282401256,46.13299796418278,0.2701594285733775,75
ELPROINTL.NS,174.1699981689453,180.88999938964844,-3.714965583159646,114249.14,0.17830297797392092,-0.3832064647556366,3.1751677553878865,65.32510744338515,0.2702378230881669,75
PWL.NS,126.62999725341797,161.99000549316406,-21.828512278949386,17052349.204878047,9.664844474526536,0.8843217336182763,18.5785149993438,52.254418710207574,0.27618670778062476,75
INDNIPPON.NS,1122.300048828125,1278.199951171875,-12.196832131061996,51398.41832669323,4.6824059682262,-0.17788845620745342,30.34843772684379,45.30977980244002,0.2766110614461028,75
DCBBANK.NS,229.5500030517578,234.8000030517578,-2.2359454564584103,2362869.146245059,3.2427843989482286,24.067667144641234,27.62704451950637,34.32841991345856,0.27157293190058407,75
SURAKSHA.NS,340.1000061035156,348.95001220703125,-2.536181628864631,63696.80952380953,-0.07345379624408288,31.694097232726293,26.879321616009722,31.694097232726293,0.27072909444814286,75
BALRAMCHIN.NS,711.4500122070312,780.9500122070312,-8.899417237165675,1190676.6719367588,6.2262056300158575,13.324311252081134,31.762199485652065,37.06772544820949,0.27643232838397225,75
UTTAMSUGAR.NS,287.54998779296875,359.29998779296875,-19.96938559356224,153942.67460317462,-2.9530882080608833,11.143315722108383,24.367449263917386,42.66930460880531,0.26311310946312927,74
AEROPLANE.NS,199.30999755859375,206.89999389648438,-3.6684371975805985,1206980.3451327435,11.191072557095527,8.960200936865625,61.73820671033803,10.727776421440982,0.25723720024760477,74
ENGINERSIN.NS,279.20001220703125,289.6499938964844,-3.6077962746955072,4895038.575396826,-0.3035085245445046,12.598808133286354,24.67069257051968,39.62792700169917,0.2574178934603839,74
EMSLIMITED.NS,378.3999938964844,592.3242723682122,-36.11607500337991,557834.6349206349,1.6111708105096767,-5.127243799445691,27.36451905848909,45.81888011425217,0.25672576084409426,74
DATAPATTNS.NS,4932.2998046875,5000.0,-1.3540039062500009,877499.3968253968,9.237676987346344,11.346131503591362,17.55176357611239,43.618207473418714,0.2590580606165411,74
LODHA.NS,1212.0,1340.2415520455131,-9.568540226930544,2073830.738095238,1.5160377934342106,-0.08244023083264773,40.113807583813596,34.84759926700151,0.2610829771512158,74
BLUEJET.NS,581.5,758.1661798115717,-23.30177532523,691311.5256916996,0.19816050011915998,-1.5574762175232126,13.463414634146332,55.19081426629538,0.25823670903269325,74
PNBHOUSING.NS,1167.0999755859375,1211.5,-3.664880265296122,1205308.146825397,1.3107617696126228,1.5487623772366454,23.305176307860464,48.64250697571917,0.268893843350544,74
TINNARUBR.NS,1019.0,1317.7581839116879,-22.671700131267002,65764.5992063492,0.21862820868756572,-10.113420369493786,19.754011903459666,55.24376139433671,0.26022886875742585,74
ANANDRATHI.NS,2229.5,2242.0,-0.5575379125780544,515574.6865079365,1.4792899408283988,4.597701149425282,27.845631560736717,41.57707346238373,0.2605198807714241,74
GNFC.NS,589.0999755859375,596.9341143631162,-1.3123958890399745,367867.00790513837,5.880275096560572,11.392452104188799,21.241691087879367,43.68487804376979,0.26712976474365546,74
CENTENKA.NS,589.2000122070312,659.4200186323656,-10.648752607021294,109410.1593625498,8.288924580914724,-1.690932343356999,22.512542891020736,48.50969217568488,0.2664834572700025,74
SKMEGGPROD.NS,253.35000610351562,372.0,-31.895159649592575,502368.49407114624,-3.20916672263013,-3.5114449341193676,5.290504216047509,64.00182101918006,0.2616467401339939,74
PRICOLLTD.NS,758.5999755859375,823.0,-7.825033343142462,625925.3944223108,-4.818070817322773,3.520740750920681,37.80199374858084,35.198718337807364,0.2564242652814906,73
MONARCH.NS,382.45001220703125,405.91149198853304,-5.779949630537828,150748.26693227093,2.0955702017117384,-2.4727189698442675,16.172862646857777,51.433065834799876,0.251400983541796,73
JSFB.NS,539.7999877929688,606.9500122070312,-11.063518092682322,567284.1620553359,3.1333516648696547,2.506648845234727,12.516933359659976,49.77802356678518,0.24480954370145977,73
GREENPLY.NS,299.3500061035156,333.81821311913393,-10.325442309918898,439622.34126984124,4.594686700073214,5.8896332428493015,2.520243332829919,55.76941980339494,0.24701236239784133,73
NOCIL.NS,185.07000732421875,202.60776684401816,-8.656015409962647,1558427.0671936758,8.896740598695807,11.514822750820475,15.628869092988085,42.30093030770092,0.2480167146101047,73
MMFL.NS,615.8499755859375,687.9500122070312,-10.480417957954192,160732.69047619047,-6.327482827393105,-6.4413253952240845,39.490368196135336,39.08450917784525,0.2555990076819458,73
ECLERX.NS,1945.0999755859375,2496.1160957516863,-22.07493958728769,295692.0119047619,-1.4540517039315692,10.371366528248704,45.573957613214255,23.95251172838988,0.25182060110576815,73
TIL.NS,250.63999938964844,371.95001220703125,-32.614601112006525,304497.01992031874,8.657389942005755,7.802150275117614,39.4924363348061,26.925607859555157,0.2504414309348799,73
FMGOETZE.NS,469.25,542.9031499790809,-13.566535759079478,366279.561752988,-9.515861927572367,13.689968042500777,24.382694702874264,38.77408754660922,0.24610850845248888,73
ELLEN.NS,322.79998779296875,559.7999877929688,-42.33654969061019,385445.84126984124,3.032237590215825,9.646737257226379,17.02011261577956,44.65605943180548,0.25201028767922923,73
FLUOROCHEM.NS,4676.60009765625,4958.89990234375,-5.6927909465177,133605.43253968254,-1.3396341573334691,4.2952742563838076,27.06426022704116,41.91297676285555,0.2560956020879798,73
TBOTEK.NS,1694.5,1764.800048828125,-3.9834568723412067,207203.69960474307,-0.3235294117647114,3.342077847167091,25.258718128216785,40.3661421916961,0.2436013494340042,73
APOLLOPIPE.NS,591.2000122070312,668.7999877929688,-11.602867374746284,668963.7509881423,-1.3104040974708187,16.366504558985696,19.600391192766907,39.5126501930462,0.2482743793709861,73
POLYPLEX.NS,1149.5999755859375,1264.0,-9.050634842884687,95871.44841269842,-3.2078788542800885,-2.551494179179814,29.568889894160332,40.77884030807881,0.24351116370215656,72
VIDYAWIRES.NS,89.08999633789062,117.3499984741211,-24.081808695091354,4392402.783068783,0.6552866203386243,-8.803363587460089,0.011219697609443635,64.88987294226625,0.24264171030731177,72
AKUMS.NS,736.5999755859375,796.5499877929688,-7.5262084145072965,260105.72111553786,-4.368714626947423,-3.1999521953445798,18.81248299296958,47.83919184935426,0.23702559735868917,72
SASKEN.NS,1894.300048828125,2760.488858956468,-31.378094764554977,78763.27091633466,-0.5251273299159864,-0.4519404842924235,-7.9634171612951725,67.17721191295942,0.24338958786945136,72
SAMBHV.NS,128.6699981689453,141.32000732421875,-8.95132217637915,1293136.0674603174,1.9733696764521191,8.472428924010345,18.655473323573556,40.69983866895968,0.2376840021710322,72
ZYDUSWELL.NS,558.1500244140625,611.8499755859375,-8.776653316108952,1026340.1027667985,4.405172073252239,10.28453224319874,10.526687604709606,45.52824413437817,0.23866727591129122,72
PRUDENT.NS,3277.5,4105.5,-20.168067226890752,37799.346613545815,-2.231305304973319,-3.023935634772501,16.4936931183139,50.45209123928443,0.24301026773756113,72
EMMVEE.NS,331.25,371.54998779296875,-10.84645111478897,3786047.4585365853,2.017242853933876,4.035806014397503,-3.580261455395828,60.51267521322525,0.24139877136944243,72
IDEAFORGE.NS,775.2000122070312,992.25,-21.874526358575842,799586.6626984127,-1.0719708576592546,-13.6507922910575,-10.98863354280163,74.67328380564524,0.2373536791544018,72
BUILDPRO.NS,1301.0999755859375,1380.0,-5.717393073482791,86363.34131736527,3.1145922679517657,2.4488169752706623,28.143614090781632,37.00610238633133,0.24046747803616333,72
MATRIMONY.NS,516.0499877929688,566.3557799316015,-8.882365806297265,40494.28685258964,-0.5684031227420561,7.432076868082671,34.8757626077286,30.428198962262123,0.24063583428565757,72
RANEHOLDIN.NS,1691.800048828125,1846.1341245121132,-8.359851737466517,23740.027667984188,5.394972607183779,-4.751711781551727,19.732592643083912,45.696769587664576,0.23787640532399038,72
YATHARTH.NS,969.9000244140625,1024.8499755859375,-5.361755620910125,498597.3333333333,-0.5026634633018556,7.980439248490523,17.51216341740689,42.423562079983654,0.2376889536058345,72
NYKAA.NS,341.0,349.54998779296875,-2.445998595781018,6240527.626984127,0.7385524372230501,5.344450769406861,31.027857829010564,32.788168305877406,0.23566370068657808,71
SAPPHIRE.NS,226.61000061035156,338.0,-32.955621121197765,1369436.5793650793,-1.456777702952472,2.715078245733049,35.76777642944526,30.86740345220842,0.23474632188568312,71
PRECWIRE.NS,480.20001220703125,524.9000244140625,-8.515909721461556,994536.9166666666,-3.438563443732956,10.823915470884193,23.955306371830765,36.3807179197027,0.23559805829233857,71
THYROCARE.NS,569.4500122070312,662.0,-13.98036069380193,788506.1904761905,-3.5729364189462265,-8.463264016256677,11.063139150258628,54.117552707745496,0.2291601638302983,71
UEL.NS,218.0500030517578,284.20001220703125,-23.27586429063385,11265.760956175298,4.470104339060943,-19.44065015167462,51.90888480612972,28.650655486911457,0.2359180804017467,71
AARTIPHARM.NS,867.0,944.0989338759356,-8.16640408218776,318763.7103174603,0.20804296897514174,5.3462940461725506,39.31068273662683,26.256004745578853,0.23385669825351615,71
UDS.NS,215.77000427246094,263.3715158058594,-18.073902710301926,283838.58167330676,-4.997354301135082,2.4840938316267103,17.767657628628754,45.25308475404297,0.2342861452641765,71
MIDHANI.NS,477.0,482.3999938964844,-1.119401733998182,1373235.123015873,14.26517811752641,9.869862191851709,13.01978765462879,39.80351186385738,0.23227831292054574,71
IMAGICAA.NS,54.43000030517578,62.0,-12.209676927135838,921414.0595238095,-0.32961051668924934,14.782797146587034,28.040466841431446,30.371258215989894,0.23484241716473872,71
COHANCE.NS,451.6000061035156,1038.9000244140625,-56.53094662711005,1900368.119047619,-1.8260856296705152,1.029084139488945,6.647772602429725,52.774017854847635,0.2312714718759871,71
EDELWEISS.NS,138.8000030517578,139.8000030517578,-0.7153075666455955,5548500.158102767,10.001587189776195,16.560296370066375,26.262169259015966,27.749655869721824,0.23290731118584415,71
INDIQUBE.NS,205.08999633789062,243.8000030517578,-15.877771217931114,119669.07569721116,6.170729555280197,11.431672337552756,34.65301006192478,25.97665386571759,0.23689971987903044,71
MANGLMCEM.NS,1062.5,1120.0,-5.133928571428569,90593.792,-1.9833948339483376,18.055259328572927,27.541273427228475,29.433648971601766,0.23448553999129002,71
NEOGEN.NS,2213.0,2483.89990234375,-10.90623265809283,157087.49603174604,2.7438646332608396,1.4325861367844306,9.137410380569012,48.67517269471995,0.22772195882741655,70
VINCOFE.NS,178.33999633789062,189.39999389648438,-5.8394920353791235,2477635.4387351777,1.583503541784359,19.69127270999371,11.84697381698927,37.27964845705469,0.22562556424095834,70
JASH.NS,518.7000122070312,572.8499755859375,-9.452730328480708,127481.128,13.327506745271368,2.4187974537933865,16.692916132065516,40.21071415578843,0.22908670667220843,70
NAUKRI.NS,1292.0,1423.5479277231257,-9.240849932852502,1719609.5928853755,-3.8475815323790186,-5.000000000000004,33.304650671884616,35.49271190210634,0.2280372180917002,70
VENKEYS.NS,1709.0,1800.0,-5.055555555555557,91731.42629482072,3.6385688295937024,9.20127795527157,25.25652077248568,31.491887682159202,0.2237782377862307,70
GALAPREC.NS,1054.9000244140625,1260.0,-16.277775840153772,36638.02380952381,1.3839523704048506,4.819157275779795,13.564430690964734,43.72913779807912,0.22663211018717513,70
ALKYLAMINE.NS,1970.699951171875,2115.0,-6.822697344119389,127043.01984126984,-2.003980548390105,2.833433837719479,9.559644036451441,48.830314822164354,0.2276630785250606,70
HINDOILEXP.NS,193.66000366210938,194.99000549316406,-0.6820871806690221,1024467.7628458499,16.5362932949106,17.47649165417855,16.99390146212625,31.45533127479865,0.22829230608884107,70
EXPLEOSOL.NS,887.9500122070312,1032.5221988494377,-14.001847786275823,70920.47410358566,-0.32552769359385225,8.141522178634775,28.758909155598356,30.39538785130622,0.22381579553569567,70
STYLEBAAZA.NS,387.29998779296875,447.1000061035156,-13.375087786668827,840527.2252964426,-2.060949339355611,9.57701921541032,16.027562000146656,40.78516146860211,0.22831642096631347,70
STEELCAS.NS,331.6000061035156,364.0,-8.901097224308895,133934.2390438247,-2.427541518856735,-0.28566583200253515,17.95069219524126,44.09780043314735,0.22724440513545136,70
SAREGAMA.NS,497.1000061035156,574.5,-13.472583793992055,1323887.549800797,0.6784822488132836,-6.216391368416185,9.904934671599674,52.22784403185305,0.22687187965419217,70
NAVINFLUOR.NS,8731.0,8775.5,-0.5070936128995451,215316.04365079364,2.206613988879136,7.050024521824416,19.553608106257702,38.42445244577177,0.2286652971343882,70
COSMOFIRST.NS,909.1500244140625,996.0,-8.719877066861192,100922.49003984063,-4.264729001085287,-1.9414333738895784,27.041638795088097,37.61488876121033,0.22343687568124115,69
INDIANHUME.NS,388.8999938964844,426.6626968523802,-8.850715854580837,99411.47011952191,4.500873377592773,0.03858363896704908,39.632944388867045,24.059512468085774,0.21971492369447113,69
SHANTIGOLD.NS,264.260009765625,280.75,-5.87354950467498,1120713.1501976284,8.61488140195721,16.020549154275088,17.15730299073892,32.82066789717619,0.22341056027142892,69
TEXINFRA.NS,120.02999877929688,120.01000213623047,0.016662480385343237,153690.62549800795,6.050238698732957,7.520789364713432,22.40221405199774,33.73398801555141,0.22323441164635865,69
GLAXO.NS,2928.199951171875,3120.699951171875,-6.168487935782263,91365.28968253969,-2.2662843119791276,12.579775131559966,39.22594233326797,20.737385593544523,0.22352063532512284,69
NIITLTD.NS,95.33999633789062,115.13916690922679,-17.19586054235167,1069830.628458498,-2.0445961735604534,0.989121553966732,10.443473303124385,47.62446994948017,0.22176194664166687,69
CMPDI.NS,236.85000610351562,281.3180883112053,-15.807046917828238,4228858.947826087,6.225054853488388,-5.294090298792586,0.17069194189478498,55.035047732434684,0.21628914101132632,69
KOLTEPATIL.NS,441.95001220703125,554.5999755859375,-20.311930821830828,163192.084,1.3182026224407561,-4.381220135262465,28.064330452218144,35.88009598986357,0.22026913766802458,69
SKFINDUS.NS,2953.800048828125,3131.0,-5.659532135799261,38019.798941798945,-2.809946818761333,9.009883790810115,25.123442739271052,32.73648843237016,0.22152610271015266,69
STYLAMIND.NS,3349.89990234375,4150.0,-19.279520425451814,71245.44841269842,0.1674447099203169,-8.252082955123308,9.595622433971563,51.36684987233116,0.217917545590913,69
SPARC.NS,203.27000427246094,289.0,-29.664358383231516,3201522.2529644268,1.8488838598818447,-0.9694973631643178,-9.157128502588085,61.903623521747875,0.22005299771278047,69
STAR.NS,1187.4000244140625,1225.262710817159,-3.090168832269846,386547.16600790515,13.323150322627697,18.408460198266873,13.023223766249048,33.44818507946172,0.2230024823357555,69
RBLBANK.NS,418.5,419.1000061035156,-0.14316537694524234,6787810.416666667,9.98685939553219,7.310354174669587,16.843076314330485,36.05172053726577,0.2193436788369259,69
GSPCROP.NS,531.0,667.9500122070312,-20.50303311688294,410755.5508474576,-15.168944860668333,-10.364622195077168,18.02622965186693,49.05263157894737,0.21439102602056764,68
VIMTALABS.NS,625.7999877929688,890.1643638284478,-29.698377825247036,395948.1746031746,-5.432567012773893,-3.0744266817163024,20.500686704539817,40.926599559658804,0.21362703797604818,68
LALPATHLAB.NS,1912.5,1988.9000244140625,-3.841320502601442,372226.8849206349,0.4253295254199374,-2.12384851586489,20.62911743530078,39.47359471931775,0.2159593636768635,68
AURUM.NS,227.25999450683594,264.6400146484375,-14.124855680369897,207522.78968253967,1.4870727191404143,-1.7339082853567,24.785855809298972,34.92845953172918,0.21209066170324065,68
BHARATSE.NS,226.85000610351562,261.4935961713362,-13.248351231179424,563891.6205533597,6.004675749306365,-2.0424888548838283,26.70679929359805,32.50130033935381,0.2120452972777481,68
SPLPETRO.NS,828.4000244140625,965.127357372077,-14.166765858788432,186422.4880952381,15.295758443154138,19.40901252815315,25.5274253603484,20.3331824643888,0.21202878943806083,68
MCX.NS,3342.0,3471.4939344339746,-3.7302077111388776,3079168.4703557314,1.7041996348143629,15.723273843057406,17.42687108749219,32.33483705861744,0.21477070881787552,68
SHAREINDIA.NS,170.91000366210938,209.3573902779376,-18.364475486051123,1493386.503968254,0.06440316650242472,1.810930263505206,35.00334833858285,26.41068730031002,0.21433905791050145,68
THANGAMAYL.NS,5366.5,7430.0,-27.77254374158815,172848.42687747037,2.4532264222985933,2.6491966335118633,-1.7739438809982633,52.00291431563511,0.21044144530886796,68
IPCALAB.NS,1967.199951171875,2001.5,-1.7137171535410944,282487.7261904762,0.5468924698121658,12.514294423619576,24.701818120757537,28.69350628649807,0.2144549608253162,68
SEAMECLTD.NS,1782.5999755859375,1804.0,-1.1862541249480274,77143.168,6.182983305860001,16.358117971818388,12.351333965702938,34.552234859087896,0.21416216058295715,68
SUPRIYA.NS,915.6500244140625,1083.7124081428149,-15.508024312166457,311178.98007968126,14.14279404665304,-0.6623082244826439,-2.162442063469805,51.57703871082209,0.21263900625056667,68
GALAXYSURF.NS,2251.89990234375,2648.0,-14.958462902426362,22241.596,1.0092401985101862,8.01515011521381,35.91094793422338,22.260766879698004,0.21381545175039995,68
VOLTAMP.NS,11365.0,12724.746990128295,-10.685846965626666,55811.44841269841,5.407160081617501,10.559852132885839,20.53170096750485,31.983216306103945,0.21605483247431953,68
INDIGOPNTS.NS,1140.300048828125,1340.211918083566,-14.916437211012468,131317.24603174604,-2.3251748196908117,0.3452283762299668,20.218328455579183,36.391103142313376,0.2045846798687602,67
JAGSNPHARM.NS,237.72000122070312,260.14646303072993,-8.620706024120606,216125.28174603175,0.8630960762739281,3.746509117664898,15.297539569097118,36.776775156227906,0.20135583364380671,67
BEML.NS,2105.60009765625,2269.4722530370836,-7.220716409356164,393436.6679841897,3.6016567783348163,10.687065321444123,18.57859748583408,30.947874260531893,0.20450307692085287,67
WEWORK.NS,667.3499755859375,794.5,-16.003779032606992,345402.36842105264,0.9453940751488643,-7.306067883775224,4.379448043982359,51.3608493590997,0.20491499987594436,67
KERNEX.NS,1732.0,2580.0,-32.86821705426357,263792.39285714284,5.978091430758425,-25.02489386684027,-8.5388369510075,69.75399595431963,0.2093277766613339,67
JUSTDIAL.NS,694.25,878.5999755859375,-20.98224228415152,568667.0277777778,-1.615535183114114,0.9744763764069297,31.015279866738577,28.899003243498544,0.20897527014390968,67
FIVESTAR.NS,524.1500244140625,663.5913003653413,-21.013125981987592,1536558.7848605579,-2.5924459774756325,-4.098429032879469,24.244820199143604,36.957191039808166,0.20977392071342893,67
SHYAMMETL.NS,1081.9000244140625,1111.0,-2.619259728707246,374990.790513834,0.8670565951714337,9.859873865220514,10.461543216777525,38.33180544824029,0.20529865576890619,67
DHAMPURSUG.NS,168.8800048828125,199.9199981689453,-15.526207268120329,480441.7154150198,-1.0488037178982723,6.8860790397547555,19.544135184636534,34.33476030203024,0.20869480112364183,67
ACE.NS,1121.199951171875,1193.8073393073244,-6.08200215769974,335037.8373015873,2.6932855306187387,0.8673950014309373,25.932985016641965,30.65711715820376,0.20485549921622154,67
FOSECOIND.NS,6095.5,6811.950071533763,-10.517547310390785,5566.95219123506,-3.3763969247840198,9.414826781547303,31.181936725619597,24.120533366210537,0.20548120028001152,67
GANECOS.NS,1040.4000244140625,1355.2448855960902,-23.231584529724792,323643.623015873,1.5420699984976416,0.2795204254518069,14.423978489311251,39.75418192682192,0.20438977402462272,67
ADANIENT.NS,2953.10009765625,3245.0,-8.995374494414488,1794959.8735177866,2.11978863659561,-1.4154532580120227,1.0781763056918692,49.6136432565188,0.2009779840637224,67
DEVYANI.NS,137.99000549316406,191.0,-27.75392382556855,3929636.976190476,-0.504720553695226,3.3168673371881674,29.580250034084756,24.77620947880037,0.19397460213813686,66
HARSHA.NS,466.79998779296875,468.8999938964844,-0.4478579933569482,111716.59760956175,2.8873650503583814,7.905682202248854,18.69311802553577,31.485200363163557,0.20071888498411763,66
DIXON.NS,14100.0,18471.0,-23.664122137404576,528253.6837944664,-3.358464701850583,0.5490979105754912,22.120214793001903,32.79336974948202,0.19527385449623416,66
ADFFOODS.NS,273.70001220703125,346.1881784193172,-20.93894902571899,275060.82936507935,3.2245968347579312,4.088229511674668,0.2566949102238425,46.65436125994589,0.19878858562856236,66
SIS.NS,427.75,480.95001220703125,-11.061443155579042,175537.5577689243,0.04678101104942378,0.09359866403921835,-0.2099600861540485,49.48453927094607,0.19754225516445,66
THELEELA.NS,542.5,582.8499755859375,-6.92287505809257,442257.29761904763,-4.8078651062058775,5.905319668130793,26.221501956235027,26.885747980115294,0.19321027201922197,66
MANINFRA.NS,127.75,161.22347815656877,-20.76216103219266,1284800.7896825396,3.634301516131,14.718030980438845,15.110827298437535,30.498033385529077,0.2003949789144376,66
LLOYDSME.NS,1799.300048828125,2125.0,-15.327056525735294,524478.5296442688,-0.7556509195739136,-9.409923821288857,2.1227097960056174,51.85352615541083,0.19420673544750855,66
POWERICA.NS,530.7000122070312,676.9500122070312,-21.604253986669907,394137.6814159292,7.3096805795890285,0.444787873508945,15.68392636665532,36.076926206931084,0.19955874025429723,66
RAYMONDREL.NS,582.5,734.9000244140625,-20.73751794137868,564618.0118577075,15.107205622205822,-4.398488155242664,-1.525569076753719,49.12525433513322,0.19823453942199223,66
ANANTRAJ.NS,625.8499755859375,742.4300925158334,-15.702504263377449,3497820.541501976,6.283434072181637,3.232985663659793,17.22829340256262,32.6586246808275,0.19506878433049904,66
MINDACORP.NS,708.2999877929688,769.0,-7.893369597793399,567773.1274900398,-0.5755244919406044,-3.6684283645197158,12.039283692341908,42.48903256336274,0.19816160010949666,66
GEOJITFSL.NS,81.08000183105469,86.5,-6.265893836931003,989793.5537848605,-2.571496465102263,4.403808920516372,13.043442187354405,37.171879792909834,0.194053967109633,66
SMCGLOBAL.NS,85.30999755859375,93.45573319525865,-8.716143309951752,875016.424,7.106084022956183,7.456856297340164,20.956811013609624,25.693292795541755,0.1876634008406324,65
MAHSEAMLES.NS,680.6500244140625,695.7999877929688,-2.17734458819997,183161.53968253967,4.77987222830758,13.690924765069257,16.214618395615354,26.315168281733946,0.18606625007222796,65
AVL.NS,614.5999755859375,703.5025243881884,-12.637132877322122,234745.74206349207,2.458948170430797,-0.03112360379364798,14.71562910655586,35.85710942639007,0.18997202598807134,65
VERANDA.NS,232.72999572753906,272.5,-14.594496980719606,411724.69444444444,-4.202686511592379,-5.662748842122623,6.571110231647381,46.13211337110121,0.18871359998350937,65
ANDHRSUGAR.NS,98.79000091552734,107.2300033569336,-7.8709336726515255,457347.7747035573,-0.41330246504821533,-0.41330246504821533,19.297190952851608,33.879929109391504,0.19217138190097618,65
PFOCUS.NS,313.1499938964844,367.0,-14.673026186244043,3397870.725099602,9.301917590395936,10.63416619029558,37.41881129830678,11.819320673559641,0.190103966560146,65
HERITGFOOD.NS,382.1499938964844,535.9513958603458,-28.696893627260522,372398.43253968254,8.043534268469443,5.551721248782204,22.253291960963818,25.174492506298574,0.1866048226741196,65
PENIND.NS,180.6199951171875,279.8999938964844,-35.46981098399512,803280.376984127,8.872816011004714,13.376434552235805,16.48394038503398,25.23053488706455,0.18599964581883643,65
SJS.NS,2286.800048828125,2590.0,-11.706561821307915,139889.13147410357,-7.08597049421813,-3.591903506402827,9.379459687201086,43.201963025107304,0.18667645365500868,65
POLICYBZR.NS,1826.0,1964.199951171875,-7.035941075623309,1776693.466135458,-0.1749371997208371,12.024539877300612,21.39343566508034,24.395392712720977,0.18563602040100532,65
CYIENT.NS,1086.300048828125,1267.736092444419,-14.311814950890389,530297.0869565217,-3.199064685955566,27.29083873344973,23.731423625968606,17.488652121120275,0.1925314921433308,65
GARFIBRES.NS,819.1500244140625,862.339096096681,-5.008362937284295,99406.17529880478,-2.7945873326014725,2.6030892802071603,18.91514917385542,31.794601617266018,0.18633544521844317,65
IIFL.NS,628.0,705.0,-10.921985815602842,2320107.976284585,-0.8290564547966839,1.4129995962858244,21.02524001788828,30.60205719635709,0.18748089157686815,65
PVRINOX.NS,1231.300048828125,1284.5,-4.141685571963805,388827.96837944665,1.7603346138946208,6.128262424458342,30.503449796303663,19.741319688873272,0.18449248760721537,64
RAMCOSYS.NS,609.1500244140625,967.5,-37.038757166505164,699147.0515873015,3.0797887860361195,-9.048148650382604,10.794841385744537,41.679266686644986,0.1840850823890845,64
HNDFDS.NS,623.5,677.75,-8.004426410918475,64371.920634920636,-3.1982574703869115,6.471998974409221,17.797093213589264,30.07197080651651,0.1834249033452654,64
INDGN.NS,589.2000122070312,615.5,-4.272946838825142,360187.0869565217,-1.824545823808299,3.805503444357239,15.957086960250667,31.625221825063797,0.18015860924591334,64
IONEXCHANG.NS,431.75,484.3644916198611,-10.862582317688553,433646.5833333333,12.993978828420527,13.73269410271245,25.349490201179094,17.225777204981195,0.18541094645730746,64
EPIGRAL.NS,1189.800048828125,1801.0095307005354,-33.93704871926298,65222.47619047619,-4.0096773837737025,5.609806019152241,11.886404129406468,34.52062672695051,0.18095165395055224,64
PIRAMALFIN.NS,2298.5,2324.0,-1.0972461273666134,400260.0801886792,5.122341641893446,8.691542680855079,13.945075135695205,29.883587495071406,0.18387500239097485,64
BECTORFOOD.NS,230.35000610351562,285.4066733762299,-19.29060264128346,1901017.619047619,1.1416053143866733,-1.25599823864595,29.803897998790884,22.977955851746913,0.1799531262404551,64
LUMAXTECH.NS,1955.9000244140625,2148.699951171875,-8.972864110350153,258661.5,-1.5403964553706295,-5.79877770951347,20.089125108826256,33.45051154799676,0.18093146964406828,64
KSL.NS,907.7999877929688,971.394119592367,-6.546686923129075,51316.3162055336,0.38703970443945135,7.5974842548903965,13.712135888853915,30.8479510298735,0.18011022000027602,64
CORONA.NS,2093.199951171875,2270.10009765625,-7.792614372688433,148992.24324324325,1.8985493587297286,-0.4044345147964923,21.776492210846854,29.00172752162449,0.18242606704817527,64
TATATECH.NS,798.5,891.0,-10.381593714927051,1263392.371541502,-1.8137104211497057,-7.709201487051153,6.539140680089917,45.58499128390112,0.18472527378062226,64
ADANIPOWER.NS,208.39999389648438,254.1999969482422,-18.017310622188234,36326950.53754941,0.3370230902875804,-0.28708426005532584,-6.5764167956530395,50.09001421369601,0.18039366103800186,64
VIDHIING.NS,356.45001220703125,387.8500061035156,-8.09591166748721,25636.86,0.592636113262035,13.410762345249271,24.85114262943302,18.382598798250037,0.17549798388505983,63
MOTHERSON.NS,163.85000610351562,173.27000427246094,-5.436600644467404,19750850.316205535,0.33680529178159446,-3.196259351823283,14.45945037031715,35.6324418995257,0.1798524052971893,63
SATIN.NS,217.49000549316406,274.1400146484375,-20.66462615022565,446506.73705179285,0.14274464860379865,-4.142974093953489,-1.0014096789993654,46.76429037725318,0.17590972893271148,63
LLOYDSENT.NS,71.05000305175781,84.69999694824219,-16.11569585395086,3712465.023809524,0.12683761055014564,-11.717196709539346,6.227773838627471,45.663273027076,0.17802885781565791,63
CUB.NS,232.97000122070312,248.85000610351562,-6.381356035091601,3593458.790513834,1.0233730558542042,9.022414974506553,16.58532454494801,26.912272150244675,0.17647326524069004,63
AUROPHARMA.NS,1692.0,1717.0,-1.4560279557367495,1320907.1752988049,0.5168390019314462,2.669902912621369,15.56587857484637,31.580991358249833,0.17887824598471264,63
SANGAMIND.NS,580.0,672.5,-13.754646840148698,65220.16,-1.1335590449696897,-1.0829668031608564,9.974900495416627,38.114385859042144,0.17908275227112702,63
ELECTCAST.NS,79.9000015258789,102.66578095782631,-22.174651787141496,2148744.853174603,-4.688059429004953,8.926144836320905,16.653849504084974,28.371060921520975,0.17661002244197566,63
LANDMARK.NS,497.95001220703125,662.7999877929688,-24.87175296047679,362868.5657370518,-1.5811838733045591,-11.294195446027999,18.658410449032736,36.893474146262896,0.17937955316678922,63
HSCL.NS,670.6500244140625,819.5,-18.163511358869734,5432994.525691699,1.6752651966533083,-11.230969634141296,-1.4474615115264489,50.23709185734522,0.17581930882317223,63
CEIGALL.NS,374.8500061035156,405.70001220703125,-7.604142266520975,432021.7896825397,10.055783730547162,15.072910545975638,-0.05332134274418365,34.862381594107774,0.179491167170697,63
KPRMILL.NS,1135.0,1331.0754095910231,-14.73060114988285,491866.20238095237,-2.0284851100561108,4.511970534069976,7.849987704670824,36.594871228330184,0.17692490398541705,63
GOKULAGRO.NS,233.14999389648438,259.79998779296875,-10.257888817809114,1125603.3333333333,-1.449830039742639,2.682108871387201,1.1321248747987012,43.080698535109406,0.1796335564678655,63
CHALET.NS,897.75,1068.9158300195356,-16.01303163565343,158855.45634920636,0.027855153203337757,7.245254591198602,23.784901758014488,20.852127549964862,0.16928157980950345,62
RATNAMANI.NS,2803.800048828125,3330.2583637320286,-15.808332489673028,59737.1593625498,7.627344198813746,24.11136858154206,11.211590660614966,21.498396629722127,0.17547843986263129,62
JKPAPER.NS,415.29998779296875,440.18408478548275,-5.653111471451977,391058.60714285716,5.086026053918191,7.424791278861442,18.764660074772976,24.213383542428367,0.1730831230056735,62
ACUTAAS.NS,3182.10009765625,3740.0,-14.917109688335561,398563.46428571426,0.24572500104407258,-3.043872710047224,1.726287468884391,42.829581091532965,0.17065516635373468,62
IDFCFIRSTB.NS,86.5,88.50001826783308,-2.2599071807875903,29368712.81422925,1.6570733609039934,2.6462601706025657,13.404066040398742,31.127725493516078,0.17167269379736969,62
JUBLCPL.NS,2177.800048828125,2911.800048828125,-25.2077748365793,8399.337301587302,-1.8080100672374644,16.99167600473408,15.803471078403541,22.57556755104837,0.1698880253816348,62
EPACKPEB.NS,234.0,344.0,-31.976744186046513,2690390.2905982905,3.981517499636067,-5.320653134222642,-2.9730058561938333,46.222584381018336,0.16931153118668266,62
JINDRILL.NS,678.0,692.3821487466166,-2.0771980867288264,1276386.0595238095,10.127503145196549,12.900185596413326,11.46403592584364,25.247990604668846,0.17131194453422952,62
GODREJAGRO.NS,673.5999755859375,745.0232574731187,-9.586718423989371,278984.9484126984,2.933977759103268,21.14018350392186,23.084566993731936,14.011100632449057,0.17051244827793904,62
KAJARIACER.NS,1250.199951171875,1285.36522978804,-2.735819967836217,271817.36363636365,-0.8643267484798822,2.0071782046321207,15.513249077790014,30.507848555847495,0.17172117111754437,62
MAYURUNIQ.NS,740.5499877929688,899.9875607705063,-17.715530739229134,126299.56,-0.2223153310326631,-3.7689246295179557,-5.898359406428899,49.12980366225088,0.17106397183964825,62
PREMEXPLN.NS,677.7000122070312,829.7999877929688,-18.329715331821106,691151.9642857143,2.0709390386625337,4.398056954359442,3.4893544281876743,38.27790323754699,0.17444672918213236,62
HAL.NS,5031.10009765625,5149.89990234375,-2.3068371607268268,1172420.400793651,4.648889164241399,2.2990063476121314,20.827725066519378,24.781436755004684,0.17085582407904248,62
PARKHOSPS.NS,282.25,305.0,-7.459016393442619,1253908.1195652173,1.9873532068654054,-0.10617158234972335,2.785868072268194,38.76598253176176,0.16519654438601758,61
MASTERTR.NS,92.08999633789062,164.5,-44.01823930827318,969671.8095238095,13.902285808165216,17.867655926305503,17.71697863506305,16.17257504443903,0.1674788337437215,61
MEDANTA.NS,1428.5999755859375,1544.0,-7.474094845470369,230361.82868525895,-2.0231808856690625,-3.1901745284848904,16.272614887488256,31.14680449954541,0.1650015327180076,61
ITDC.NS,638.2000122070312,822.0,-22.360095838560678,885795.9641434263,-1.0158957414453273,-8.265056632324564,10.24356284195871,37.52828983841236,0.16329783887343113,61
SUNFLAG.NS,338.29998779296875,428.0,-20.95794677734375,341430.1699604743,-2.5914196131112566,-8.319786505970528,-4.014760653703908,48.299138626221996,0.16192127991872393,61
ANDHRAPAP.NS,72.08999633789062,86.18916380875459,-16.358399185944826,490971.02777777775,18.00621404129552,19.591900792555904,18.90738367463227,13.52107460917804,0.1679964650870163,61
GPTHEALTH.NS,160.6999969482422,175.0,-8.171430315290173,135032.984063745,6.543787706270088,0.11837421214175858,9.438356646942768,31.822466834053962,0.16238547340759776,61
SWANDEF.NS,2484.0,2750.0,-9.672727272727277,13357.98406374502,2.9082753232172687,-5.281220209723547,25.880501623418194,22.921612231773626,0.16167378870111926,61
OLAELEC.NS,37.630001068115234,64.3499984741211,-41.52291847644959,85722191.00395256,-3.463310646420914,-5.118504253926104,-17.730652192279084,57.31605747530355,0.16237195417010383,61
TI.NS,540.3499755859375,594.5499877929688,-9.116140496146896,800708.7023809524,-0.9803988457790291,7.382742940717901,26.24999429577979,18.38097516379338,0.16605897057816965,61
GOLDIAM.NS,338.20001220703125,398.20001220703125,-15.067804661142237,1038423.7023809524,-1.2266301881777686,-8.359294568854947,6.402392862276107,40.52145337848003,0.16334777277486082,61
BALUFORGE.NS,541.6500244140625,696.8433940665321,-22.27091064849104,1017202.2845849802,-6.3537341716451206,18.006541266680287,20.6885113962894,17.30374107505415,0.16093984685080026,61
CLSEL.NS,305.6499938964844,324.79998779296875,-5.8959343030181355,209090.696,1.0747354714274682,9.59125155446523,15.296109716849603,25.549393192831293,0.16834314050223192,61
TITAGARH.NS,880.7999877929688,971.0,-9.289393636151521,1051909.3873517786,6.770104219590123,4.26136369793868,2.579626477507091,34.278522966925436,0.16014580291569053,60
METROPOLIS.NS,582.2000122070312,609.0499877929688,-4.4085011286568605,295579.3095238095,-0.008585280028983178,1.66768311984975,11.929248270797776,28.293313257448016,0.15228777880185593,60
CARBORUNIV.NS,1095.9000244140625,1303.7913206843634,-15.945135772278206,239402.9841269841,2.277183799725857,-6.636566806402399,4.31232349043289,39.564612083275065,0.16019946899131998,60
PARAGMILK.NS,254.39999389648438,376.95001220703125,-32.51094690063017,1013050.7707509882,-0.19615535973808162,16.02133850481964,8.950746850742775,25.394315740198657,0.16027602516292416,60
NORTHARC.NS,310.8500061035156,334.0,-6.931135897151009,838973.5494071146,3.720384865644255,10.113361510835306,7.393329761263878,28.238454591819195,0.15908091553838327,60
ADANIGREEN.NS,1292.0,1631.5,-20.809071406680967,3404470.8339920947,-0.30864197530864335,-5.417276720351394,-13.037622503728997,52.06260964813034,0.15799437566532298,60
INGERRAND.NS,4741.7001953125,4955.0,-4.304738742431891,18823.169960474308,-2.9036511659158437,10.031565943407461,14.909107518149556,23.192057659605105,0.15465503391376817,60
KPIL.NS,1397.5,1468.0,-4.802452316076289,200511.29482071713,-0.7739295814480851,6.241445496590159,12.461656735516403,25.765082489832956,0.15215426157761328,60
LTFOODS.NS,455.25,490.70001220703125,-7.224375652160065,1280820.4466403162,2.8929794191031366,8.834718241500417,19.80676887195907,19.227684779097242,0.15689346163437015,60
GENUSPOWER.NS,333.6499938964844,363.0,-8.08540113044508,1374682.837944664,-0.7437156166570924,9.19653321097671,4.658094941069857,31.799329228077045,0.15882095254081408,60
HOMEFIRST.NS,1237.0999755859375,1311.570558920454,-5.6779700358486895,317220.38645418326,4.5907951062067465,4.697021085539399,20.141792196651643,19.634353632080725,0.1529476283955634,60
VIYASH.NS,261.95001220703125,298.0,-12.0973113399224,2170417.6324110674,1.0999637346117863,0.1912411461675756,4.800966355392244,34.11325127190423,0.1523383501807406,60
EPL.NS,248.10000610351562,274.0299987792969,-9.462464982406981,1489441.349206349,4.993653364098005,5.225213074901647,10.36476990011128,27.152527835247618,0.15514850055522564,60
GOKEX.NS,781.2999877929688,954.9000244140625,-18.179917497396303,695975.9523809524,0.10249683446108548,-1.8652309446354431,19.182366309449694,23.049054692862782,0.1461153526449904,59
ALPEXSOLAR.NS,933.9000244140625,1374.8499755859375,-32.0725867550712,65602.00803212852,12.28808593327171,16.163941816517678,-1.2320832879601284,27.70409407943952,0.15173609602018479,59
RKFORGE.NS,701.2999877929688,772.7999877929688,-9.252070539519043,741403.6798418972,-3.4155059395169385,-6.661341507855568,18.422825622603423,26.586646380661172,0.1448768734352269,59
MUFIN.NS,135.35000610351562,141.5,-4.346285439211572,1424850.371541502,0.5198754094035918,-0.4632958110145413,10.525891813988553,28.099565978013818,0.14356922314139545,59
ETHOSLTD.NS,2761.5,3245.89990234375,-14.923439320910104,43863.876494023905,-4.094599789622233,-2.5272703112566686,17.09210118503033,25.837320574162682,0.14547644543960614,59
TEXRAIL.NS,118.26000213623047,153.0,-22.70588095671211,2802467.1067193677,4.056313724995264,10.173286911586299,11.713585352715716,22.018163815982028,0.14761629887024313,59
LUMAXIND.NS,6133.0,6868.719019600016,-10.711153236879078,25904.76892430279,-4.507590502140912,8.443108478472293,20.90871286213747,18.320937804183135,0.1483885162579486,59
IRMENERGY.NS,282.25,393.0,-28.180661577608145,1576150.8023715415,-0.3530450132391838,-6.709631007111383,10.512923549402341,32.43712765890419,0.14751497425636179,59
PCBL.NS,328.79998779296875,413.2299507534673,-20.43171430496561,2120470.845238095,3.5590512733759905,1.6697569568331128,20.0326693841391,21.034930563512866,0.151136295593511,59
AXISCADES.NS,1848.5999755859375,2211.0,-16.390774509907846,144104.0,12.431579520993164,18.896315766085394,-1.3448645845616003,25.286341957705005,0.1473349851302992,59
SCHNEIDER.NS,1229.699951171875,1548.0,-20.562018658147608,342076.22222222225,3.4839603334677616,-13.699211867334782,12.889001748856344,33.14205106943034,0.14732074612308854,59
GREAVESCOT.NS,193.05999755859375,269.68934059737177,-28.41393095813176,1609432.1146245059,-0.5870233818552895,-2.3864906713697454,5.189436311463447,34.812662164309025,0.14945895286703167,59
JSWINFRA.NS,332.0,355.79998779296875,-6.689148007171197,2231921.596837945,-0.030113249526542152,-2.8813824565306456,14.433445901703145,28.299494301456708,0.15070543674834844,59
CARYSIL.NS,1155.0,1280.9000244140625,-9.82902818443262,128533.42687747035,1.3869425478707065,-3.4523152338396867,-2.02731562635613,36.42000433406187,0.13408038253737045,58
BBOX.NS,770.9000244140625,1101.5073628455477,-30.014083390002966,581581.9130434783,6.301711450328096,3.8467296988752064,-24.21513559303017,50.15457196334212,0.1419680519223565,58
TITAN.NS,4987.0,5186.7001953125,-3.850235945639957,980302.300395257,-1.7146235711470226,-2.7496099843993704,19.583266546123813,20.8454444494665,0.1349177338962917,58
MWL.NS,37.650001525878906,43.939998626708984,-14.31496881523955,762375.3611111111,-0.15910251935925546,-7.991194499974452,0.23005832802209802,37.97689695617468,0.13645627128945684,58
OBEROIRLTY.NS,1833.800048828125,1983.9545449282684,-7.568444372074678,533895.9801587302,-1.7256136748057371,2.2413065226015494,13.124413669128131,23.02905641544235,0.13424646603955118,58
ZENTEC.NS,1825.0,2042.629425992547,-10.654376326082616,597478.9523809524,2.4877885125436983,6.160261918407328,6.463560990487682,27.04072289760664,0.14236188691124796,58
FUSION.NS,202.05999755859375,243.0,-16.847737630208336,554832.7689243028,3.806834777528967,-1.9887495298241409,23.90237631216181,17.592967121807735,0.14190833314159707,58
POLYMED.NS,1730.0999755859375,2103.492450651864,-17.751072743342334,197472.18577075098,-3.0104312014940238,-6.988413861680353,13.132532967170674,30.01671423159027,0.14247719690301838,58
STARHEALTH.NS,572.0999755859375,624.9000244140625,-8.449359379947696,647862.253968254,2.0877856285085095,-0.49570163676551093,10.02980328003944,26.83737746791173,0.13853530206674272,58
ELGIEQUIP.NS,638.2000122070312,645.5,-1.1309043831090215,579754.876984127,1.4787704614311892,9.552832474496565,8.042222177906112,23.731494890290517,0.1396370815053047,58
IKS.NS,1780.0,1933.0,-7.915157785825144,243817.29365079364,2.0583696414537167,2.005730659025784,6.059700185487515,29.322868964475003,0.14154040737386786,58
DLF.NS,675.0999755859375,784.9450504063134,-13.993982733379418,3563021.7896825396,-0.007412993603672646,2.2878750887784127,21.41666041882939,16.940522170708384,0.13658040712327485,58
FEDFINA.NS,162.3000030517578,178.47999572753906,-9.06543761939631,1318879.2964426877,3.0018376008617897,4.960226299390014,6.22423599941877,26.500389081272257,0.13759655452298716,58
MOLDTKPAC.NS,697.5499877929688,854.6788987445652,-18.384554852401592,94382.02788844622,-0.342885116394942,2.340084034380996,3.7866408468240076,30.42878215095792,0.13741233409667078,58
EXIDEIND.NS,418.1499938964844,496.3999938964844,-15.763497373514813,2754829.565217391,-1.7620110672018408,-13.489192383100502,7.19576904192436,34.88084078132796,0.1323702744176821,57
IGARASHI.NS,415.6000061035156,556.369872473851,-25.301489770539565,227844.023715415,0.1445797839796592,-9.217995372367128,9.876807968742218,30.643380984504343,0.13391253688348942,57
SFL.NS,675.9500122070312,832.4500122070312,-18.799927647917226,257036.75396825396,4.83908680993117,0.3935874739503742,-0.5123520466009168,30.681383059628196,0.12681473785654196,57
VRLLOG.NS,293.75,310.20001220703125,-5.303034029557773,240950.19123505976,-2.034352502700887,3.1063553152377965,27.912043460540637,9.874693582861749,0.1274132628408436,57
GRAPHITE.NS,734.25,812.9000244140625,-9.675239519245105,1457431.111111111,0.18419641710569756,1.5700615856441669,18.88379235869646,16.70630784103626,0.12680092802862847,57
HMT.NS,68.11000061035156,72.94999694824219,-6.634676546079343,15945.224,5.974800323409424,12.764898823999605,26.810653083853598,3.5893545404586558,0.12629397538480402,57
AJANTPHARM.NS,3579.300048828125,3796.0,-5.7086393880894315,113703.52589641434,2.1256562132527357,2.084881030011365,14.910278938247146,20.407000728561584,0.13265425800226324,57
NITCO.NS,93.45999908447266,126.0,-25.825397552005825,870163.8007968127,0.03210829412274574,-3.5600087166085093,-0.30933430989583677,34.069717848110145,0.12826295932365883,57
FEDERALBNK.NS,344.1499938964844,370.4344787597656,-7.09558271985996,9212324.316205533,-2.6036541808735825,-2.601677373730149,9.384143145306002,28.159487212357014,0.1329833693570122,57
ABCAPITAL.NS,396.95001220703125,430.70001220703125,-7.836080576607197,4994570.785714285,0.6337938706129087,-2.6486787965588565,17.929294417468313,19.383462317904133,0.12665816880151665,57
CRISIL.NS,4754.5,5038.987051168056,-5.645719035973917,56562.624505928856,1.1229938637971948,6.108288860086408,22.382759709603484,11.582606654883353,0.12681827733231388,57
ARVSMART.NS,629.6500244140625,705.4097122162362,-10.739813542424038,156477.2111553785,-4.016764571027053,-4.11590575607419,12.454970041799228,26.025377725733723,0.12921784494515715,57
CONCORDBIO.NS,1470.5,1693.8579163761817,-13.186343093878317,266216.8333333333,-0.9297344454728185,3.629316420014095,10.124668874157038,23.563709388641342,0.13095774257159187,57
TNPL.NS,161.41000366210938,175.75,-8.159315128245026,190972.49800796813,8.096702213280494,4.893422498284528,12.379028179943008,17.057077653614527,0.12324894236413668,56
NEPHROPLUS.NS,744.0999755859375,769.75,-3.3322539024439712,318135.5027322404,7.420234224500644,4.464409425514626,-0.5413418025745464,26.66609245446727,0.12138939748567534,56
AARTIIND.NS,503.70001220703125,551.75,-8.708652069409828,1110905.75,-4.029715987943916,0.6293126542568972,17.728176936186422,17.852133692127904,0.12182197489764077,56
ADANIENSOL.NS,1407.699951171875,1789.0,-21.313585736619622,2391465.644268775,0.7947856064712155,-13.21208685746763,-5.498122029831998,41.90523701329385,0.12549719385521535,56
PRESTIGE.NS,1561.5999755859375,1802.9302554788078,-13.385447338270984,740645.0276679841,-1.2895084964641312,-1.4083001479959,12.70567314683715,22.970178309554367,0.12589162388627298,56
MAHABANK.NS,84.79000091552734,94.5,-10.275131306320272,19388292.648221344,2.9004846424642627,7.3970920747644,-2.8751455309140805,28.405219306637374,0.12269010942580033,56
EMCURE.NS,1925.800048828125,2044.024834505764,-5.783921197132869,209323.53359683795,3.8283090359955363,-3.4599798832046003,11.13612400912045,23.68087822601206,0.12504023420099591,56
RAJRATAN.NS,496.79998779296875,563.9500122070312,-11.9070880327264,206522.85317460317,1.2947243200917669,-4.203622988670242,8.626245964669256,26.569840300561687,0.1250455774390058,56
AJAXENGG.NS,594.0999755859375,698.8499755859375,-14.98891087635431,84871.01984126984,4.109340255606431,4.714902820322431,8.353089332962416,20.850278317701765,0.1219995271659456,56
TEJASNET.NS,590.0499877929688,644.75,-8.483910384960257,6127177.462450593,7.5066072769789605,10.579088228976108,-1.4694811975834998,25.435798352245385,0.12599953355116222,56
MUTHOOTMF.NS,201.57000732421875,262.7699890136719,-23.29032395182271,550001.1547619047,-0.8021602600902678,-7.916851098890754,7.446695504367229,29.410641007291716,0.12334678808439678,56
FINEORG.NS,5196.0,5394.804360638102,-3.685107880623628,16881.25,-1.1321472742840788,3.3454035929530113,11.345622142960575,20.826562339619414,0.12290177569898134,56
RACLGEAR.NS,1540.199951171875,1690.2278315095687,-8.876192755842949,78358.10317460318,1.5561107718480294,8.480060445351146,20.57303285854857,11.221829640694757,0.12512264880097504,56
KIRLPNU.NS,745.0,1093.5391904117103,-31.872583394152297,263290.7738095238,0.6212824735625677,0.2287114536459134,-4.957301533871339,33.716946326352,0.1210745860846484,55
JUBLPHARMA.NS,997.75,1178.6978642896322,-15.351505230620266,176631.86904761905,10.824171223852176,3.3937823834196967,2.678822786758084,23.45853517179566,0.11948234503814846,55
M&MFIN.NS,374.3500061035156,415.0,-9.79517925216491,3346888.6837944663,1.4911210272439135,-6.130888274286006,31.514334361179298,8.418776960072694,0.11744745540250058,55
AARTIDRUGS.NS,421.5,531.6963704720772,-20.725432143581713,175314.0357142857,-1.311169754972652,-0.24848842108669,14.615907545887152,19.25307269564016,0.11905186682307607,55
PERSISTENT.NS,5560.0,6552.654707500795,-15.148893872959723,633110.8063241107,-2.284710017574687,0.43352601156070314,15.969884380259348,17.516075939281926,0.11655629890345247,55
TVSMOTOR.NS,4133.2001953125,4484.5,-7.833644880978929,910222.2371541501,-1.590471540178573,-6.0636319247159065,24.76455368245314,15.18681572144387,0.12132318854352449,55
ANGELONE.NS,298.0,359.3387168134344,-17.069888087033203,8562251.936507937,5.842661310689667,1.085485868228231,-7.668997871771488,33.638980590669256,0.11956256179450868,55
GODREJIND.NS,1144.0,1443.0,-20.72072072072072,219864.21031746033,-0.7719684470113286,-11.468809531951685,13.35711317503585,25.41796517901438,0.11803361273025037,55
INDOCO.NS,244.25,332.20001220703125,-26.47501775292521,279926.43253968254,0.1681445489940092,10.31570207313055,0.5144032921810648,24.274960997077354,0.11944260256010773,55
GAEL.NS,167.3000030517578,184.66065065257942,-9.401378983270202,1013193.5968379447,-2.0491802912552592,-0.7530034324942814,6.189190238845388,26.56577657221788,0.12127548984916389,55
BAJAJCON.NS,514.0999755859375,692.0,-25.70809601359285,1210927.1825396826,8.931022839006996,-6.023217794038449,-9.20971733581678,37.20308482453003,0.11806777454159989,55
GVT&D.NS,4750.0,5636.049839022599,-15.721114332378894,847724.6482213439,12.028301886792448,7.732056377708951,-3.656917211501587,25.835920204918004,0.11986534382737764,55
CDSL.NS,1400.0,1658.570789743815,-15.589976101276582,1768747.3214285714,0.6470165348670065,5.065666041275807,18.700270948520604,13.084964091520646,0.11921901782906301,55
SIEMENS.NS,3951.300048828125,4149.39990234375,-4.77418080151133,406094.6349206349,-1.6820486988541772,-1.488405663721637,11.237021537040404,21.347008571616442,0.11444023887128954,54
EIEL.NS,196.1999969482422,276.1000061035156,-28.938792969572503,2396476.8339920947,1.9962551079779844,-8.304904505810494,5.745394010912741,28.16827449791677,0.1152957261207623,54
ADVAIT.NS,2153.89990234375,2485.0,-13.323947591800799,58021.39751552795,0.6965826247662399,-1.2380210559404303,-6.587741489622012,33.45104723319392,0.11226150497679502,54
APLAPOLLO.NS,2185.0,2292.568366695916,-4.692046189704058,659402.7114624506,-0.7503585004274504,8.978843290674575,20.676561960648954,8.784260744025296,0.11437405693896974,54
AGARWALEYE.NS,519.7000122070312,568.0,-8.503518977635338,401490.2509960159,1.0597981929083566,-4.114388891691656,18.180787312571066,16.44634246508463,0.11315875220757678,54
IFGLEXPOR.NS,198.22000122070312,334.28171894337873,-40.70270972422575,134238.4841269841,-4.660671574588693,-12.019530166110847,8.973923191628996,29.264643456528596,0.115280611494191,54
BANSALWIRE.NS,314.8999938964844,370.0,-14.891893541490708,128177.08333333333,-1.5168119166585226,-1.5629884637065494,3.636658736549192,27.258031028527483,0.11529931147968592,54
ROTO.NS,65.44000244140625,85.27999877929688,-23.264536376502754,2236467.3095238097,-0.8033936175380063,-1.3566384476423887,12.517198440670342,20.338361816943507,0.11538837207696227,54
MOSCHIP.NS,214.25999450683594,288.45001220703125,-25.72023385700063,3259312.486166008,-0.7320245820340188,3.078992532325464,2.004280596958985,26.102048077712325,0.11584699458434317,54
UJJIVANSFB.NS,64.86000061035156,73.94000244140625,-12.280229282180688,14845459.26984127,-0.7649938729052175,-7.024084541038233,21.77995241154267,15.718111495469556,0.11339914026152455,54
CHOLAFIN.NS,1823.4000244140625,1952.5,-6.612034601072347,1641564.738095238,0.47942213458314065,-5.031248728434246,25.377421695836322,12.467861039825046,0.1164206339245238,54
BAJFINANCE.NS,1054.0999755859375,1176.4000244140625,-10.396127702312807,8131738.569169961,-0.1704753088838995,-3.5854817059785993,15.493819007650721,18.679542419527294,0.11385818798022027,54
RELIGARE.NS,254.61000061035156,280.0,-9.067856924874441,1400349.1314741035,1.9337023999757674,10.892854460796553,10.177854794748843,14.989613727700423,0.1142114306166171,54
BHAGCHEM.NS,259.04998779296875,316.8999938964844,-18.25497229968782,151001.972,-3.7167814360560048,-9.21675757771181,0.7217489231670315,31.994369766166784,0.1079924292426886,53
SANSTAR.NS,109.62000274658203,137.49000549316406,-20.270566319795304,512835.2806324111,-0.2638530669318184,-2.0200165912739987,-5.88942343118778,32.16783158889358,0.10669916981253116,53
SAGILITY.NS,45.70000076293945,57.700033807096844,-20.797272119936682,29604073.747035574,-2.1413275881433935,6.229661266059172,13.181787906629605,15.116037726602638,0.11032750957027432,53
CGPOWER.NS,910.7000122070312,980.9000244140625,-7.156693899458821,3376243.4505928853,3.7539176538913477,3.3711705115812896,-0.41008255781519454,25.388961519110698,0.11082185708005116,53
EMUDHRA.NS,509.1000061035156,712.0568391144668,-28.502897783181723,162634.17131474105,-4.501964093328493,-3.9433950748083757,8.753586669863655,22.979836533473442,0.10579135190053948,53
PRINCEPIPE.NS,285.75,353.3999938964844,-19.142613204543512,268307.06772908365,-2.0565552699228773,5.0744575008377035,5.637707948243986,21.56987717080696,0.11128499225971233,53
SANATHAN.NS,470.5,551.9500122070312,-14.756773331944439,38805.61507936508,8.410138248847932,-6.162743173639484,15.502637277593845,16.575815878289603,0.10889582724750889,53
RAINBOW.NS,1449.9000244140625,1610.0,-9.944097862480595,154037.09163346613,0.24198008441114194,-5.764978069630855,8.46395720024542,22.82865191574679,0.10541850320887286,53
INDOSTAR.NS,251.2899932861328,292.0,-13.94178312118739,160482.9841269841,-0.31339596127555325,3.79594669596488,7.38888601971488,18.936953208065077,0.10519296832205915,53
KARURVYSYA.NS,341.1499938964844,358.6499938964844,-4.8794089775032745,3283356.7588932808,-1.5724212668950632,2.079587503170921,18.98364949155653,12.740859372990831,0.11050113970607969,53
ABREL.NS,1372.0999755859375,1961.880003431885,-30.061982731576585,226169.0790513834,3.080159323265863,-2.04883439761423,14.693911119650615,16.18697677582115,0.10781213099027384,53
IZMO.NS,927.1500244140625,1374.699951171875,-32.556189907208086,121594.96015936256,1.1841140200413491,-5.1508926430626545,-0.993110969271116,30.364174423575218,0.10935969352040356,53
ABB.NS,7387.0,7832.294844565128,-5.685368763589393,327967.55555555556,-0.12168739859383937,-3.431596836394535,11.23623322044207,20.564396492895476,0.10898140456152522,53
PDSL.NS,346.20001220703125,416.5630259242535,-16.891324802796316,269505.1155378486,-3.7932454258616244,-9.43099746055428,15.801499686055486,19.563364267547144,0.10300271578138488,52
WESTLIFE.NS,538.25,766.669811438393,-29.793766238146457,210424.36653386455,-2.8254240339883885,-8.171973457127324,22.818898596244107,13.693352674392646,0.10406073553805986,52
GRASIM.NS,3306.800048828125,3411.10009765625,-3.0576660268571088,741538.1428571428,0.054464412348709246,-2.1801494208512073,7.366940059730687,20.890039458734332,0.1013551435847757,52
MAMATA.NS,425.70001220703125,514.3336672504768,-17.23271500332907,242149.32015810275,6.1199099299704685,0.11759171816687619,18.05886110194008,10.585421818976304,0.10287336394802968,52
MANAPPURAM.NS,325.0,380.45671483079525,-14.576353279888654,4525018.790513834,-4.664122669744741,-9.462801798807908,6.793537474758415,26.531173818540598,0.1029155814310771,52
SENCO.NS,361.8500061035156,428.75506028088586,-15.604493188614367,1406649.619047619,2.579732417722358,-9.013244495451778,10.623590044054998,21.73788722446861,0.10337556245685824,52
LICHSGFIN.NS,563.0,586.4255760885916,-3.99463751987732,1633616.6944444445,5.253313573264196,14.86081758678759,7.166269816604731,12.059332869668737,0.10471108967532852,52
GROWW.NS,195.24000549316406,227.1999969482422,-14.066897836428605,54172678.25837321,2.8228357238875956,0.899227645046019,-1.8746523117329827,25.912555505740407,0.10264755610174234,52
UNOMINDA.NS,1237.0,1378.852549646065,-10.287724360554495,856250.0553359684,0.08090614886731018,-2.9803921568627434,16.95188211264169,14.534292572018636,0.10311293846114146,52
TIPSMUSIC.NS,644.9000244140625,741.0,-12.968957568952433,400739.6150793651,0.21756401150931914,-3.1172536977318033,1.4791541170830147,25.699257335193472,0.10121754830806866,52
PURVA.NS,216.38999938964844,289.54998779296875,-25.26679036009163,786110.406374502,1.8881224289680976,1.5152916457343846,6.391661359462897,19.51286993672987,0.10214516954574505,52
TATACAP.NS,368.04998779296875,390.20001220703125,-5.676582194033919,3529982.209606987,0.9047259199365998,0.23147482507661632,13.069966662897748,15.279739423743832,0.10169653325375838,52
WAKEFIT.NS,153.0500030517578,224.0,-31.67410578046527,2206561.918918919,0.38040390005318336,22.951477284992272,33.36528424779364,-11.027787902305075,0.10226805960419834,52
KIRLOSBROS.NS,1853.300048828125,2180.905610301624,-15.021537838503274,113375.76190476191,-1.7494565628888958,-4.5477919173935515,11.79306628588983,18.06488553862755,0.0967937006145037,51
TECHM.NS,1559.0,1807.040094106148,-13.726319350365102,2240796.541501976,-3.9433148490449765,-5.112598904443089,11.916736296992791,19.867654341010454,0.10105231359708905,51
AFFLE.NS,1609.4000244140625,2185.89990234375,-26.373571695188648,324073.1785714286,2.8304932284942463,0.9344637450023452,12.059607236503812,15.072218826531248,0.10116711773413536,51
GLENMARK.NS,2474.5,2535.0776323504288,-2.3895770124508386,655691.0671936759,0.5894308943089399,8.829622894486967,13.946186152857877,8.987641141255121,0.09603779970687698,51
HCG.NS,690.5999755859375,804.6500244140625,-14.173870051290315,216994.02380952382,-1.9591210036660978,-3.500321102990911,9.723538099454142,19.37769673049914,0.09772163801071107,51
ZYDUSLIFE.NS,1145.5,1205.0,-4.93775933609959,1068428.5731225295,-0.7537646456354352,-3.820319059613775,3.7864965370532078,24.38615563632256,0.10050970939158688,51
LTF.NS,308.29998779296875,338.6000061035156,-8.948617177899177,6455480.316205533,-1.4386189819733608,-2.2511116806951725,11.723128883816457,16.810112777364616,0.09646899541754413,51
IFBIND.NS,1296.0,2019.800048828125,-35.835232762177085,86634.56746031746,-0.4149396275364148,-7.738303904772814,4.659609860023806,24.423966050013913,0.09578314634304504,51
FINKURVE.NS,69.08999633789062,134.89999389648438,-48.78428505274292,84627.7801724138,-0.6328238877191916,15.11162247742659,8.597921247786179,10.88107015755233,0.09890846544070185,51
SAIL.NS,186.10000610351562,209.6999969482422,-11.25416842545376,21640040.881422926,-5.292617759025131,7.572257863303822,1.0918625702700968,20.938393682298305,0.09688106040758604,51
MANAKCOAT.NS,122.93000030517578,182.7466119542093,-32.73199486949817,698586.2151394422,2.050474215072029,7.537053064676469,18.694499664749365,5.68870050438115,0.09596288135619765,51
DYNAMATECH.NS,11584.0,12865.829460466755,-9.963053407520084,26437.801587301587,1.39168490153172,9.36091070908498,13.973615268562089,9.743979169580964,0.10101026880371179,51
NACLIND.NS,161.0,272.3999938964844,-40.89574023221816,700832.1541501976,-3.823174510055216,-8.833525234631956,-2.2821040496453393,31.492973529665402,0.09763535699040646,51
RPSGVENT.NS,819.0499877929688,1179.0,-30.530111298306295,349490.94444444444,-2.7660697415894497,-9.954924167037172,-5.872554753475212,33.20051313600785,0.09250847020794198,50
AUBANK.NS,1073.699951171875,1144.0999755859375,-6.15331054246443,2352409.23015873,-0.5096367910346622,0.5337032932467123,11.568841904449023,14.51706497283527,0.09333255540014693,50
GRINDWELL.NS,1922.800048828125,2455.0,-21.678205750381874,63418.741035856576,-3.0504713613932366,-9.151899417523035,2.419331399459934,27.332141516103082,0.09523229006635282,50
NUVOCO.NS,339.8500061035156,467.0,-27.226979421088725,736463.1660079052,3.565446419213414,2.596228257665101,9.434879878365997,14.177729908406246,0.0937734622032666,50
MARATHON.NS,446.3500061035156,685.4000244140625,-34.877445257593465,124550.67063492064,2.727274131994384,17.414182104408415,14.949786282635058,3.0474460101656664,0.09459478122937906,50
CLEAN.NS,830.25,1203.3363646220066,-31.00432893002456,362498.8333333333,0.8538177426826499,3.8095879139370847,12.557268204851546,11.206765465413525,0.09097186004676555,50
EQUITASBNK.NS,72.54000091552734,83.9000015258789,-13.539928967519243,3548448.1587301586,-1.1985797812103294,-3.907798425913056,1.6108720208865224,24.510818752832296,0.09386171444095233,50
KROSS.NS,211.27999877929688,237.60000610351562,-11.077443875465164,905620.9486166008,1.8118708700002317,4.506109063095853,15.776202761532199,9.369503462966433,0.09563071113265428,50
INDIGO.NS,5000.0,5970.0,-16.247906197654938,1383114.3864541834,-1.0292953285827355,-6.25292959595013,11.051885848638676,18.01637523306505,0.09168600395769325,50
PSPPROJECT.NS,875.4000244140625,1143.0,-23.412071354850173,173739.44,0.1029187437464163,-7.453218963988418,-0.2847704670777995,27.804950553014418,0.09556197162659387,50
SOUTHBANK.NS,46.81999969482422,49.41417107532308,-5.249853076649835,22279217.581027668,2.361167417415855,3.20961380597109,1.3294557026013676,19.909516718099376,0.09240682900955963,50
BFINVEST.NS,451.1499938964844,584.7000122070312,-22.84077570076385,69119.33067729084,1.5189019110500412,-5.696070306785228,8.82805114283094,19.781519385266733,0.09573699226703934,50
TVSSCS.NS,127.2300033569336,146.5,-13.153581326325192,1143707.2430278885,1.792147796982535,-0.9266429130813436,5.813377925275454,19.252039034123957,0.09438715188314203,50
DEEPAKFERT.NS,1345.9000244140625,1669.6119086916185,-19.388450848510708,395145.4404761905,-5.71628550514448,-11.455823048056779,-9.757581005767669,38.287591846389766,0.09524969276699805,50
PHOENIXLTD.NS,1885.0,2169.800048828125,-13.125635653936918,528213.4262948207,-1.8280285418589393,-1.24168029434506,7.248522199802077,17.40890688259109,0.08706980499922154,49
PNGJL.NS,627.4500122070312,736.4000244140625,-14.794949564772274,362378.9881422925,5.970281722459392,-0.46795877106337036,14.592279462212886,10.349989297915329,0.09021115975863263,49
THOMASCOOK.NS,109.91000366210938,180.59069729920185,-39.138612727093594,1683345.2142857143,3.9731384107576373,4.4942665375840685,2.0789894394575237,17.593611047010825,0.08957308399234166,49
GODREJPROP.NS,1906.5999755859375,2340.6858887816,-18.54524416437687,863039.5138339921,-3.25265018390144,-6.442909232795968,13.268052263146712,16.032699822134667,0.08779648742848543,49
CREDITACC.NS,1417.0999755859375,1634.0,-13.274175300738221,537199.3650793651,1.7081695201137892,-7.409344947014862,11.899869572538968,16.461203050634097,0.08843390054623737,49
USHAMART.NS,499.8500061035156,529.2999877929688,-5.563949058878926,735407.0317460317,0.05004003141428903,-2.5531605774458344,4.895909010331856,19.777679330658394,0.08874216323015177,49
SUMICHEM.NS,486.70001220703125,615.9651099206416,-20.98578241392022,477809.71428571426,-5.348113447521219,-13.282848604537866,8.778888683962682,23.93580653930161,0.09016608155249752,49
MAHLOG.NS,408.8500061035156,447.10758500270833,-8.55668304060665,261642.06746031746,5.591423867235923,-0.607754944185146,23.90693530131316,3.6250121436796956,0.09059676845752389,49
SAIPARENT.NS,529.7000122070312,706.0,-24.971669659060723,254951.57142857142,2.7446464453694697,-7.63731260557432,-6.988584335903203,30.564455575298833,0.08876209052770655,49
WINDMACHIN.NS,305.6000061035156,343.8999938964844,-11.136955066215338,99889.36653386454,-0.6178841939786572,0.6421907611485089,-3.9295818170881347,24.81110822366761,0.0881221847717244,49
PRIVISCL.NS,3469.60009765625,3774.7057070510364,-8.082897928303613,119241.31474103585,3.6970680212474294,-3.9610223779920295,7.281025158438159,18.095789713358812,0.0900012575940131,49
ARFIN.NS,91.36000061035156,106.19999694824219,-13.973631604832415,1306932.565737052,3.9717739327205015,7.381286605714021,7.710446756729272,12.194523232176158,0.09064378034304099,49
WALCHANNAG.NS,219.10000610351562,315.79998779296875,-30.620641363940592,1503901.5652173914,6.312780822362041,-5.884878337048949,-17.46091692298212,36.137692792246476,0.08671104454830372,49
MAITHANALL.NS,1061.199951171875,1210.0999755859375,-12.304770466751247,86823.89328063242,4.105555166357999,5.52903509703655,4.603248020884676,13.368374874416954,0.08244686892075295,48
GENESYS.NS,288.19000244140625,635.0499877929688,-54.61932005652468,888816.1106719368,31.07291073882328,34.38564072862231,-9.288639795957776,2.9801665735199823,0.08389893910227451,48
HEXT.NS,518.8499755859375,792.7687780924847,-34.552168308852316,915202.2301587302,-4.552980336932944,-8.192523547376307,4.050933908894527,23.258303492056488,0.08424798826322397,48
PIXTRANS.NS,1722.0,2089.0,-17.568214456677833,39399.816,-3.5348146573821793,-13.314875409010817,8.516415593486837,21.988210922174865,0.08333752499375618,48
OLECTRA.NS,1213.699951171875,1714.199951171875,-29.197294029663468,688061.3055555555,-2.693826372236441,-11.298698541204955,-3.0900728591324755,30.155490742292223,0.0860605209371251,48
JUNIPER.NS,215.75,312.5,-30.959999999999997,182073.91304347827,-1.258581235697942,11.079650283599163,10.499359795134433,8.074935993038878,0.0846985426890592,48
JUBLINGREA.NS,675.2999877929688,792.3323631991859,-14.770616579850115,335943.3399209486,-1.2141585853414516,-7.884325428707251,8.690012116492007,18.768374878216456,0.0841607264195859,48
APLLTD.NS,808.5,983.3745824758901,-17.783109874123426,127187.74603174604,-4.189130367799299,-2.748538672877543,11.689169961674061,15.185591783727181,0.08612366930637652,48
YATRA.NS,113.63999938964844,202.0,-43.742574559579985,2580531.654761905,-0.21951005473683782,8.715202063272077,17.676296726486473,3.5066931797216094,0.08426655697015317,48
GAIL.NS,175.08999633789062,181.85195677766524,-3.718387505745613,10388149.063241107,1.2080903687229139,0.14738417311996876,2.9902699232852603,18.67162877089672,0.08516018356840552,48
INDUSINDBK.NS,997.7000122070312,1077.8499755859375,-7.4360964136344965,3283416.691699605,2.0143161765880713,-1.110121115671081,8.935082587398613,13.927598345328862,0.08230971508875719,48
KKCL.NS,501.5,590.1599224193676,-15.023033427262423,40220.308,-1.7052159935074473,-2.9041626331074544,16.600788859161277,9.915771707194265,0.08195191214653852,48
HYUNDAI.NS,2220.0,2862.6621204739863,-22.44980697783423,907181.3280632411,3.044935974276841,0.9090909090909038,12.617480942563542,10.95600767664382,0.08653959132672455,48
RAMCOIND.NS,321.5,396.66439743304363,-18.94911615951902,397546.09920634923,-0.6796453889609921,-14.46898149283279,15.552650110014499,15.968009074090904,0.08091237825178055,47
ASAHIINDIA.NS,955.5999755859375,1074.0,-11.024210839298188,227867.5357142857,0.46256973532803336,5.83674268987584,11.04526048936927,8.68353432879585,0.08000597389837093,47
ADANIPORTS.NS,1710.0,1891.0999755859375,-9.57643582697555,2418850.3333333335,3.793626707132014,1.7251635930993547,-3.9109899157546035,20.58188901055644,0.07783854018829268,47
SHREDIGCEM.NS,72.5999984741211,95.81184545661685,-24.226489816445472,224735.32539682538,-0.27909993859025484,2.8702688923775366,6.717827707686075,13.51421023104189,0.0796717618933906,47
INDHOTEL.NS,720.0,789.0359805542071,-8.749408424406358,2555001.913043478,-1.0581300093259527,-0.5524861878453025,6.439998516613787,15.889201228163351,0.08071369807747822,47
ALGOQUANT.NS,63.70000076293945,71.01000213623047,-10.294326367244722,1192022.3823529412,-0.15673742212680697,-5.5456725134555125,13.284725736289825,13.023420995562883,0.08069977874208317,47
ARIS.NS,127.22000122070312,178.3000030517578,-28.648346021747926,1146830.0355731226,-0.8495022668774221,-4.88934924843959,5.9019430029025655,17.949193863154434,0.07887440369756883,47
OIL.NS,495.3999938964844,529.9163379046904,-6.513545920226759,4038760.5296442686,-0.3486726204792512,5.541209188624263,18.815966003368345,2.8409104587352685,0.0785452856018154,47
BCLIND.NS,36.0,44.900001525878906,-19.821829005393766,1112319.326693227,-0.5250031332379224,-3.588645278821778,-5.610905673557132,26.227206950132185,0.08037381708897588,47
JAYNECOIND.NS,90.68000030517578,117.0,-22.495726234892498,7320427.972332016,-7.648438689786142,-2.4946233277679752,-0.1981073123119459,23.32381587188013,0.08006325620526258,47
REFEX.NS,275.8500061035156,413.67773156512,-33.31765646174453,1382922.3373015872,-0.5766826574589268,-6.412211669714796,-11.018737440170078,31.639112883700314,0.08009913321740252,47
BLKASHYAP.NS,56.79999923706055,73.0,-22.19178186704035,609690.3650793651,1.71919606348383,3.3290849112591836,10.742831396333873,10.056187880896882,0.08083061159859135,47
MUKANDLTD.NS,137.66000366210938,151.02053644043738,-8.846831757611595,169913.11111111112,1.1982686888479144,-2.465633939767675,6.485740836413112,16.124675801430712,0.08022292652427475,47
VGUARD.NS,330.04998779296875,390.34213160745503,-15.445973911706435,564641.8525896415,-3.789535188045401,2.8673777511118104,13.007633367637661,7.826663831189817,0.07227477574185047,46
JMFINANCIL.NS,128.47000122070312,190.76608727773456,-32.65574450155553,3575434.087301587,0.17154091282893802,0.9904898555920694,12.752324440899443,7.7597375648931655,0.07144844420628406,46
ABDL.NS,594.5,711.7000122070312,-16.46761419092657,471363.50396825396,-1.637992060582738,-4.081960034084364,-6.952034618933512,25.409934477821807,0.07098172192573522,46
ARKADE.NS,123.08999633789062,185.3000030517578,-33.57258806762715,504484.5753968254,4.375473602443791,-8.114369835166135,7.690282634684165,15.566607707371638,0.07348401266565058,46
MARSONS.NS,131.07000732421875,175.39999389648438,-25.273653429217223,2065683.28,6.69978120455994,28.26108640066991,11.586930313151388,-5.391934693172651,0.07641500617266332,46
BAJAJHCARE.NS,336.70001220703125,515.9000244140625,-34.73541456226118,277786.1146245059,2.340429242258746,2.465004854858077,10.829501558927968,8.85872146635933,0.07519382949419613,46
ONEPOINT.NS,56.36000061035156,65.8499984741211,-14.411538471787633,1409119.142857143,3.204541256987792,-4.263628957149102,-2.45759466761033,22.04417548268145,0.0754812012705844,46
RELTD.NS,155.38999938964844,196.4499969482422,-20.900991700911888,418118.00395256915,2.1429004155670395,-8.047816830247855,14.257352492388552,12.081650370557217,0.07714592571446587,46
BOROLTD.NS,255.5399932861328,397.95001220703125,-35.78590640846882,220541.02777777778,5.660527945886296,6.015599238250635,17.457251403631858,0.9042421662913469,0.07368044929844852,46
NSLNISP.NS,45.02000045776367,53.75,-16.24185961346294,6459925.654761905,-1.2935762874205836,0.7835287735957097,-1.0766817882691182,19.60680443088647,0.07547065361850937,46
SCI.NS,288.75,367.499792159746,-21.42852699234039,6561806.003952569,0.5316775254682549,-1.4348355960734138,-2.4634429649226464,20.696652419839822,0.07305828711791279,46
PREMIERENE.NS,988.7999877929688,1134.0,-12.804233880690585,1638961.2450592886,-1.1200012207031262,-5.82857259114583,-4.426830550332294,25.55876969216262,0.0761774407146588,46
TORNTPHARM.NS,4960.0,5250.0,-5.52380952380952,382479.2529644269,-1.0375099760574602,1.514531313958245,8.50542063518005,12.156000503030828,0.07613181656952249,46
SAKSOFT.NS,149.97999572753906,223.5125912995052,-32.898636781242004,1782226.9249011858,-0.2659988976494332,-8.882144492013055,9.158187983823552,14.351062144103132,0.06684852464620764,45
SPIC.NS,71.06999969482422,121.67333185218101,-41.589501484872606,645937.203187251,3.209409039912825,4.8539406532598806,5.948118298831595,9.659006900240797,0.06939767284389056,45
MONTECARLO.NS,558.5,860.9500122070312,-35.12979939819103,50606.0796812749,2.6277080985306123,10.780523011307451,4.343764595983179,7.207982899143484,0.06605197950566899,45
BASF.NS,3788.800048828125,4797.620574444326,-21.027517911481475,25561.909090909092,-0.5825229906028628,-6.152776809373717,13.638968154061182,10.450336217174062,0.06983017272152948,45
TMCV.NS,456.04998779296875,503.3184101990195,-9.391355739870544,11264311.511961723,1.9219969496745426,1.3331852378052123,16.84601641209287,3.535298528930042,0.06926761077728374,45
APOLLOHOSP.NS,8837.5,9039.4765625,-2.234383386067884,368662.2817460318,0.9423186750428414,-0.7205156793370082,4.177411036616818,13.389569527856281,0.06559179853764441,45
NEWGEN.NS,514.0,1030.4143551726484,-50.117154577696255,2480569.6428571427,-3.3925360787701697,-8.735797432643777,14.168976504759168,11.213067645322617,0.06649506915151024,45
CHOICEIN.NS,753.4500122070312,860.5,-12.440440185121293,636470.9166666666,-1.3033811748523694,-8.383999289902288,11.870825865928914,12.800359074400202,0.06874253414073062,45
POONAWALLA.NS,455.25,570.4000244140625,-20.187591073886992,1989378.7628458499,-0.9572487664332052,-6.557884114636348,16.164839778040108,8.989702345126393,0.07038031171892,45
INOXGREEN.NS,174.4199981689453,279.0,-37.48387162403394,1953236.6944444445,8.815275734392912,-3.100001017252607,-2.9652305040638094,18.653059978874364,0.06833182210319375,45
TSFINV.NS,422.29998779296875,684.5682054144123,-38.31148095209536,151378.59523809524,4.763081468305064,-2.718271860086785,10.583933118658596,8.667603044342552,0.06574874928147748,45
CARRARO.NS,538.8499755859375,659.2363858620107,-18.261493579220023,177889.9920318725,0.6725783439397448,7.210008659602574,3.754583802001621,10.768443610872014,0.06943012151263782,45
LGEINDIA.NS,1672.199951171875,1755.0,-4.717951500178064,1213125.903508772,1.1492862667054737,6.747523215568152,10.653785415699035,4.866422725073938,0.06607137984523463,45
KOTAKBANK.NS,419.25,452.4189269358333,-7.3314631552843235,16327714.735177865,-1.0035419126328216,6.706542762242429,4.134346045702442,9.596502034254817,0.06319858988597862,44
BAJAJFINSV.NS,1938.0999755859375,2193.128599829014,-11.628530322524622,1125119.0276679841,-2.6080414278423336,-4.62106419360544,14.839486420196014,8.046216289988696,0.0648531546054896,44
GVPIL.NS,656.2000122070312,1073.741134374155,-38.886572265902196,497533.1185770751,3.8044747076076746,-13.686285799798581,-28.732227935833432,43.1438117739162,0.062810466396175,44
BAJEL.NS,183.6199951171875,225.91705733944445,-18.72238542780984,696388.2252964426,-0.9066421515929735,-2.882536624481913,-7.175062541041899,23.42459211705281,0.06550146544452876,44
GANESHHOU.NS,750.7999877929688,901.2645538342193,-16.69482788390315,80974.26294820716,-3.147577919225575,-2.658813285069106,-0.45603218978397253,18.448002828630415,0.06395871025580598,44
BAJAJHLDNG.NS,11046.0,13642.165482850582,-19.030450012603882,61484.798418972336,-0.4864864864864815,-4.363636363636358,10.060589690090493,9.887554520668896,0.06051822793918787,44
SHK.NS,145.58999633789062,261.6455806093715,-44.35602695875386,464794.8531746032,-2.0717036853357906,-14.804847060752191,19.257858907449222,9.71363955243798,0.0649467371252594,44
RICOAUTO.NS,132.3800048828125,157.3196224733626,-15.852833358262664,4265249.656126482,5.314246695901548,-7.799351275338784,-0.18461286408576472,18.880543747952295,0.06468388054477588,44
J&KBANK.NS,147.02999877929688,201.75,-27.122677184982958,4270606.678571428,-0.23748547422964839,-5.233641918545695,-3.9459124948811763,21.663219392412316,0.06411037077368469,44
GARUDA.NS,183.61000061035156,249.3000030517578,-26.349780039019166,1513897.0158102766,5.317198845464355,-3.702731224834943,9.532897012507057,8.773695077512933,0.06160520774336737,44
FSL.NS,257.79998779296875,371.5899202053472,-30.622448625489117,2584751.6600790513,-4.6597656760078205,-7.796859025273384,4.140571446112196,18.25687513438934,0.06519573114933935,44
GKENERGY.NS,129.61000061035156,238.62838915412897,-45.68542281587583,1141407.794117647,-1.0912643078810236,-0.4530412018219576,-9.33695453783746,23.446904126837786,0.06377940618231384,44
SHARDAMOTR.NS,890.75,1189.9000244140625,-25.14076966771823,63439.40239043825,0.7293918688305201,-6.796066901478836,16.19489021235234,7.17078431513658,0.06440506596347619,44
ENDURANCE.NS,2735.300048828125,3072.0,-10.960284868876135,116899.55952380953,-3.7442342320438193,-7.871335505957388,10.739590119399178,11.084463161134295,0.057069717758776124,43
PLATIND.NS,232.47000122070312,342.3999938964844,-32.10572273228944,161180.00395256918,1.2103264181061002,7.879713812563671,3.3797332985910478,8.19100223552236,0.05987296288109603,43
DIAMONDYD.NS,1129.300048828125,1245.0,-9.2931687688253,62919.108,-1.3539482301618166,-6.390912966317641,0.7134575627960382,18.053531010849653,0.060218722568989635,43
JSWDULUX.NS,3174.39990234375,3687.5560372755367,-13.915887100956981,102288.71428571429,0.9861933245237431,3.8981393516916985,1.1308750927319755,11.43236703735251,0.057904565455513105,43
V2RETAIL.NS,220.1699981689453,259.25,-15.074253358169598,1254624.0912698412,-0.4881364208156769,0.7735273134634291,2.2762083891086915,12.544084584996519,0.05806388171342333,43
CANHLIFE.NS,154.16000366210938,166.24617118007782,-7.2700426314641025,1974805.24,0.8834540442931305,3.496189870229083,11.459166383229746,3.9975476292016143,0.058243523451247,43
TCIEXP.NS,550.4500122070312,770.6064470343156,-28.569243830564606,70918.612,1.5684103346330192,0.7781032414896805,9.183778413384957,6.9873687477223,0.058625427048656455,43
CONCOR.NS,502.0,561.4378970396333,-10.586726929735102,1765862.6442687747,-1.5686274509803977,-1.953125,11.84686134915598,7.032542194134006,0.05819587537302358,43
LUXIND.NS,1128.4000244140625,1823.3499755859375,-38.11390903979096,94278.4246031746,-5.399062858635261,-9.358181196504766,-10.401778423098563,28.205418748385092,0.05750091447259988,43
JAYBARMARU.NS,116.5,205.8889662970584,-43.41610330302365,640516.4143426295,-6.650643308330362,-11.507504763388344,-10.935539488450118,30.621909415479355,0.06001536636146003,43
CASTROLIND.NS,189.4600067138672,198.22517212749622,-4.421822576595558,1843843.5652173914,1.8164256500176057,1.4131245509838797,7.174371271130253,8.41866175750081,0.05984043559537937,43
GPPL.NS,160.5800018310547,194.17086460013374,-17.299641137332568,1905403.5357142857,-2.0973066405314267,10.037996558048668,10.908272520749907,2.436023301100909,0.060447597242219264,43
PIDILITIND.NS,1593.0,1707.5,-6.705710102489015,781803.8379446641,-2.6878436163714103,-5.504807577424997,4.491728607724843,14.327385732240373,0.05708726998091461,43
NGLFINE.NS,2811.60009765625,3599.8325981661596,-21.896365428532818,9633.297619047618,5.794701773822686,-18.639226593537227,3.5631459424470435,19.025751794665304,0.05530869359275058,42
JAGRAN.NS,62.540000915527344,68.81048404363386,-9.112685683376831,256842.82868525895,2.2396645211566257,-0.8560572286817836,1.6414792073266016,12.239930831471678,0.054411711011659585,42
SURYODAY.NS,154.86000061035156,218.0,-28.9633024723158,882600.6852589642,2.5155587933091583,-4.004467158796954,-5.294205199675817,19.141117042070157,0.05518847704496842,42
TRITURBINE.NS,580.5999755859375,784.8771245029434,-26.026640672751554,1226395.5873015872,0.7111839698070277,-8.501896561757405,-9.06599389079641,24.42374613896017,0.05420439372974367,42
JAIBALAJI.NS,67.86000061035156,108.0,-37.16666610152634,2053196.865079365,-3.6626941249764955,-0.9921218209697047,5.700940554654621,11.191220658145618,0.056220766529630435,42
KIRLFER.NS,459.8999938964844,509.728293793752,-9.775462830680015,169666.82857142857,2.2454438367313534,4.617831553939644,11.840491890267213,2.3555630509124015,0.05642483481906189,42
ATGL.NS,609.4000244140625,859.5498025483846,-29.102418195278567,3351195.456349206,-0.6925771744339282,-7.680647333287838,-14.8763788752719,29.032245558027014,0.055445973765282756,42
POWERMECH.NS,2415.10009765625,3144.6219185600457,-23.199031228461674,93511.17131474103,-2.6561830851975055,-4.564134811619269,-7.054333881484675,21.863963979834566,0.05450840156644819,42
SIGNPOST.NS,264.54998779296875,336.79998779296875,-21.451901015035702,218499.6374501992,9.00288056014531,-2.2899398733264076,1.476783814985061,11.955135157160047,0.056673892887087865,42
ASTERDM.NS,790.3499755859375,891.2999877929688,-11.326154335197847,1176052.988095238,4.295327041079533,-8.856604585811912,-2.8755790370583734,19.28051591004827,0.055077444398473674,42
PRAJIND.NS,338.8500061035156,422.8048706122484,-19.85664554600821,1897909.9365079366,-0.4260892569691421,3.4182854923445305,4.332743988817489,9.150648114834192,0.056011306153509154,42
EVEREADY.NS,348.8500061035156,466.2990065226065,-25.18748673623795,146411.61904761905,8.574546952145813,-2.378620359541217,1.6549642970717038,11.441571814101259,0.054548486380683534,42
KIOCL.NS,377.1000061035156,634.5499877929688,-40.57205683430727,579064.90513834,-0.9065777953276455,-3.530311590801194,-5.405741407979181,19.942752361399574,0.05558658424473073,42
BHARATFORG.NS,2003.699951171875,2295.0,-12.692812585103486,1242559.1825396826,-1.3830149119475221,-2.306194482112389,3.325235878170174,11.834578429619814,0.05131861747681748,41
ANUP.NS,1725.5999755859375,2559.3896551627895,-32.577676396203884,44950.57370517928,-4.673515515850601,-6.96384071412437,-3.4414219132227086,19.81230744455886,0.05032376709446798,41
TATACOMM.NS,1752.800048828125,2110.0,-16.928907638477487,510187.3650793651,1.095858776382097,0.7703819837864279,-10.03363336871269,19.784558711830336,0.051673957485138235,41
NESCO.NS,1117.0999755859375,1628.413458753058,-31.399487668116787,61764.208,7.0019133703005165,6.858613879606734,3.2314587323826194,5.2217026646908415,0.05130032798542521,41
CARERATING.NS,1721.0999755859375,1822.6696635954045,-5.572577962871794,52411.318725099605,0.9442800930168582,-0.6580100671897515,8.548126329015293,7.207119113360672,0.05410111539912592,41
TRENT.NS,2793.60009765625,5547.3026073787005,-49.64038749318696,1292745.2371541501,-2.057986543035406,-6.879996744791672,1.3900500181246889,15.69146680107032,0.0511180372260366,41
LGBBROSLTD.NS,1736.699951171875,2019.894362671753,-14.020258521108564,67332.44841269842,1.984845045113115,13.487055800959013,19.35640536280765,-8.956875186339596,0.051200671990095696,41
TEMBO.NS,58.16999816894531,83.55384731237945,-30.380227793141046,1508586.2411067195,2.6469032088693334,-5.721235900072241,6.1302621993577056,10.958510282291979,0.05342925913596588,41
JAMNAAUTO.NS,128.9199981689453,152.60000610351562,-15.517697894787153,2667976.1825396824,6.677699459427244,0.3737120199433397,12.456384207366188,2.0259556396235334,0.05289809867990662,41
AIAENG.NS,4259.0,5160.600958593338,-17.47085205439124,79888.212,0.7496595449279386,-10.756948632230223,-1.0070630833649008,18.733776922642885,0.051149680720944335,41
INDIGRID.NS,174.44000244140625,177.25,-1.5853300753702393,884918.516,-0.660594317648,0.18264419225295647,3.769113201200125,10.77186930739118,0.054099510900023004,41
GULFOILLUB.NS,1057.5999755859375,1242.267926179026,-14.865388271038372,65258.565217391304,-3.385789919329618,-8.64768537683338,15.708723122642487,6.853115890774708,0.05385747225802991,41
APTUS.NS,256.9599914550781,347.60280033473435,-26.076547367388603,1489457.1626984128,1.4208994458691615,1.4649522033872264,-0.5765218346205914,11.7848834681457,0.04976077222136465,41
JUBLFOOD.NS,480.3999938964844,665.8563753476858,-27.852309945123366,2602098.2687747036,-1.2538553141861475,-1.5977095689295284,14.884034372933064,1.7995174307152917,0.047400898389615156,40
COCHINSHIP.NS,1528.199951171875,1970.7277578579542,-22.455045092939496,1339949.371541502,4.456592698009221,2.1524031532001997,7.294804379824038,4.6210722431972995,0.04913010111667093,40
AIIL.NS,526.2000122070312,683.0,-22.95753847627654,674646.5335968379,3.6949452259250837,-8.239602231090625,-0.7450744176418556,16.12049416185892,0.04946249415825397,40
LTM.NS,4430.0,6344.474916122625,-30.175466708167566,364630.5652173913,-3.44376634699215,-8.659793814432993,15.22355596695455,5.317472285013181,0.04617720306505823,40
BELRISE.NS,227.1699981689453,268.20001220703125,-15.298289399932496,6313284.743083004,-3.0472448739038316,-10.55242860296255,-0.4644427018520303,18.10241276867486,0.04686422088931441,40
JAYKAY.NS,159.8699951171875,219.6999969482422,-27.232591107022042,239781.26943005182,-1.2965401541573884,4.832783683401631,-5.8757789977621595,14.503653279033223,0.0487563033354923,40
GRAVITA.NS,1682.300048828125,1913.5999755859375,-12.087161878594255,266144.3320158103,-3.819102835184418,-5.727091687972818,4.953523189513143,11.758453083011222,0.046621095689454266,40
SBFC.NS,97.3499984741211,123.0,-20.853659777137324,1979217.388888889,-2.6012992031079984,3.5638281639586156,8.335185636429543,4.486423083959035,0.047477606369934,40
MGL.NS,1103.199951171875,1341.9214475373328,-17.789528351570404,283499.5219123506,2.366150241750664,-0.2249885816555941,5.661832852438331,7.5575055799520285,0.049131693955562585,40
UNIONBANK.NS,183.22000122070312,199.59697275189,-8.205019998747353,14705058.90513834,-1.9479821137530218,0.39452121682364005,10.92590264262643,4.261282159151736,0.04866389688438049,40
NH.NS,1897.4000244140625,2092.89990234375,-9.341100246158717,409521.8888888889,-2.130289771392846,3.423092208865186,2.319368327452498,8.632128452250676,0.046202513437697726,40
NESTLEIND.NS,1400.5,1553.0,-9.819703799098523,1532198.980237154,-1.7192982456140316,-6.208140517224326,2.292092980459115,14.066008359415072,0.049004733098974955,40
TTKPRESTIG.NS,549.2000122070312,762.9636442781316,-28.017538407527944,257009.32539682538,-5.269510615432294,-9.313072267603296,4.3377041930267035,14.577660006595972,0.04742809745482512,40
IIFLCAPS.NS,339.3999938964844,407.5051309315702,-16.712706630072415,670918.7301587302,-0.22049096382704692,1.6471997905172397,-0.8472082967874273,12.216888807450378,0.04939983895664666,40
ICICIBANK.NS,1399.4000244140625,1467.6271961496604,-4.648808083864409,13699298.466403162,-1.8997529327681395,-2.112475635675437,5.2504179899226955,9.006464193812857,0.045652406540900504,39
JLHL.NS,283.3500061035156,340.0,-16.661762910730694,225011.5119047619,-3.3429943704618603,-11.453123092651364,7.819642033901464,12.090342893498152,0.04557105711993242,39
POWERINDIA.NS,31135.0,38775.74235339215,-19.70495441133373,146771.1865079365,-4.610906862745101,-13.613220562250628,-6.338543223664295,23.45860868515983,0.042981457082400094,39
KSB.NS,824.0499877929688,1023.2461180887996,-19.467079012025547,246483.0,-0.5010896344958105,2.5065260314667714,2.0748173235815237,8.784241038670393,0.04587337855386388,39
5PAISA.NS,337.3999938964844,416.95001220703125,-19.079030095110618,172993.99206349207,0.25256459199116676,-10.586991270929536,8.944133224940254,9.24396542941941,0.042886843442630496,39
KCP.NS,162.11000061035156,206.48051439200756,-21.488959339484037,182297.796812749,-3.4427296445944555,6.918476284750263,1.5410107879261448,7.410583864857312,0.044659590748113764,39
DCW.NS,47.650001525878906,76.0975903455407,-37.383034982432676,1402218.4822134387,0.08401788492866658,2.209357824094016,1.968760951540438,8.81479910858567,0.045668212822080695,39
TIMETECHNO.NS,186.5399932861328,249.14999389648438,-25.129440956905846,2609048.2687747036,-0.7871561284422901,-10.00579197959527,10.066083306976182,8.529199433823308,0.04351630756858896,39
UNITDSPR.NS,1440.0,1563.4000244140625,-7.893055039468278,932567.2687747036,-2.007485539299081,-7.018787021309302,14.043483254387823,4.991634653946675,0.04605192879703248,39
SONATSOFTW.NS,274.25,411.0263372414121,-33.27678176522249,1760586.209486166,-5.2022082364341244,-17.548870417219987,9.845043192408731,13.995647383657438,0.04521777004098185,39
JSWSTEEL.NS,1297.300048828125,1351.0,-3.9748298424777895,1677552.6205533596,-0.6661524633901239,1.08306250192014,0.551137542551583,10.684720639728052,0.045892267727017114,39
DLINKINDIA.NS,443.0,521.5413716552077,-15.05947100724574,140839.75793650793,1.5822044943623714,1.2918700852029064,-4.971804241795241,13.931712036939793,0.04497738008714164,39
MAHLIFE.NS,366.1499938964844,423.03422522089073,-13.446720840306426,197563.26877470355,1.991641753895368,-4.312034565055722,12.53638930489991,3.3918249298843683,0.04454404025802112,39
ABSLAMC.NS,1037.800048828125,1194.9557175378152,-13.151589335335922,379058.15079365077,0.8454060294029286,2.5696838652736087,-0.4485965286989413,9.024464935336729,0.040736843915200244,38
SHILCTECH.NS,4212.5,5383.97700521774,-21.758581139600597,33187.79104477612,5.433751388162578,-8.05814827627145,4.700693663940525,9.527441370946566,0.041529301311227514,38
BORORENEW.NS,503.3500061035156,721.0,-30.18723909798674,679432.9249011858,1.5330319926405656,-10.51555447048611,-7.57436124341373,21.05580107764191,0.0420020436319948,38
HBLENGINE.NS,731.25,1119.1117883166673,-34.65800220906231,1869823.608695652,10.761888288285615,5.177993527508096,-5.559859030306402,9.044143546392093,0.04061487243795097,38
SRM.NS,461.04998779296875,649.9500122070312,-29.06377734690947,185018.92063492062,0.6000436555198663,-10.091653906375065,-4.087793616614155,18.67438553229568,0.04285089712210999,38
SANDHAR.NS,626.3499755859375,763.2000122070312,-17.931084176132174,317199.1785714286,-4.1031995447243785,-4.242470728597992,-14.74171989778429,24.54762043899801,0.04137718106071881,38
PNB.NS,116.0,131.33111679644097,-11.673636203218852,18315665.19367589,-0.8547008547008517,1.7276166287750527,8.53293692079542,3.049968521145874,0.040399217249819014,38
JBMA.NS,615.3499755859375,788.908731607289,-21.999852336245574,1800423.7035573123,-0.8525862484375923,-4.30173083558415,-9.885757858286759,20.387055258322917,0.04243489953882551,38
KFINTECH.NS,925.0999755859375,1198.7685004367224,-22.829138799616857,1045447.2134387352,-0.4198088712661474,-1.0588261405414467,13.417924638569566,1.162652087662508,0.04236692111400969,38
JSL.NS,738.75,879.2203373423794,-15.976693369830286,643818.0595238095,0.6471389645776648,1.241614347915343,9.199665463429696,2.820223295002955,0.04201025723070926,38
PINELABS.NS,169.5500030517578,284.0,-40.29929470008528,11907114.15942029,4.4541617800064826,1.175558658060627,12.605429238420562,-1.0331567807554731,0.04048893968836753,38
LINCOLN.NS,639.7999877929688,770.0,-16.909092494419642,69547.288,4.945454305178365,7.601751440115634,1.6120007917654888,3.76257105508071,0.04003524378102894,38
DIGITIDE.NS,93.41999816894531,202.60000610351562,-53.88943960780846,733310.7380952381,-2.5657062525468066,-8.742799978029247,12.36468469420846,6.086759889795701,0.04138978743320289,38
HARIOMPIPE.NS,371.70001220703125,571.557343009277,-34.96715303314751,309208.21428571426,8.509714042576544,-7.144635637793007,-2.158457968200833,12.892942204109726,0.039316837678826946,37
WONDERLA.NS,518.4000244140625,656.2869520057964,-21.01015831113401,88048.49003984063,-3.3286667759323985,6.99690906378998,11.80048400780047,-2.4743717905173046,0.03616911621297976,37
SBICARD.NS,668.0,961.6311031378486,-30.53469279224811,1473138.0198412698,5.62934443573464,1.984732824427482,17.553893532776076,-6.390131326517401,0.036699965376848234,37
TRAVELFOOD.NS,1295.5,1470.9000244140625,-11.924673431420574,83510.12252964427,1.7275225755791102,-6.7314614830813575,4.332773692819303,8.957106812447435,0.03709134793766404,37
ORKLAINDIA.NS,589.8499755859375,760.0,-22.38816110711349,225926.12676056338,-0.17770329746833458,6.279274880349095,-2.4154249857295196,8.668015632106885,0.03980663403446884,37
GOCOLORS.NS,327.45001220703125,760.9000244140625,-56.9654354447962,526497.8565737052,1.2366671352727288,-0.5466933311978006,-4.547435108889175,13.06975321332915,0.0387799879995262,37
HINDZINC.NS,595.5,719.8477125036038,-17.274169292158625,7808271.071146245,1.2066579353064766,1.5085613598630143,6.358273626294797,3.1961090258010527,0.03608303763712111,37
MPHASIS.NS,2355.0,2957.899861042516,-20.38270020507128,561197.5119047619,-6.006785072839749,-6.100478468899517,6.1610539858489854,9.805494714274143,0.039497398804004755,37
SUPRAJIT.NS,475.6000061035156,557.028538620579,-14.618377133550876,160134.9007936508,-5.126667128519246,-10.118265038538887,3.7359824277082954,13.500517816228408,0.03984682134244149,37
CCL.NS,1130.5999755859375,1238.748718225596,-8.730482707951648,341745.5238095238,2.772475291052978,0.9842223924577675,0.05735388263854446,8.420190448452658,0.038593743517694776,37
HDBFS.NS,683.0999755859375,796.6710965617623,-14.255709974413532,873406.5375494071,1.170018251789351,-1.4427932985491942,6.872189115640803,4.340991189585441,0.03626496375995514,37
LICI.NS,410.75,457.74492274879265,-10.26661802529335,4581356.015810276,0.6123698714023185,1.169950738916259,5.265670476353446,4.780275600389561,0.037870385179853416,37
HEIDELBERG.NS,159.72000122070312,216.99000549316406,-26.392922633602655,107896.1581027668,1.1718541589504472,3.412110311809835,7.173054102508192,1.6483142986104093,0.03610849428453633,37
STYRENIX.NS,2114.89990234375,2630.8824109055754,-19.612526444472266,39536.20238095238,5.129987258376079,-6.618692301862927,0.9578409879303473,10.27414345327351,0.035862699431535305,36
EICHERMOT.NS,7747.5,8165.0,-5.113288426209428,526650.376984127,-2.7917189460476832,-2.8526645768025105,9.041451252563615,3.8762154335809207,0.03413216739236182,36
TAJGVK.NS,332.75,509.59533802868503,-34.70309181257275,216136.6349206349,1.1551870046981882,-5.412650363326987,6.082914247742588,5.797923678953754,0.03177032373708699,36
DREDGECORP.NS,1049.0999755859375,1286.0,-18.421463795805792,450647.09126984124,-2.563385979157684,-1.196088967617226,0.8459027535109076,9.26417215123827,0.034638832951093664,36
DELHIVERY.NS,454.8999938964844,524.0,-13.187024065556418,3044698.1825396824,-1.2803806538152829,-4.902270703004163,5.240021722726285,6.821647851733803,0.03192173451529046,36
SAATVIKGL.NS,415.95001220703125,567.0,-26.640209487296072,339830.44351464434,-0.31156088507339197,-2.519334354924785,-12.688913195617745,19.853054844411776,0.035995250195870916,36
BSE.NS,3394.0,4435.115403617064,-23.474370086694496,4313606.166666667,4.688463911165952,-5.6199797605180235,-12.482533427915342,18.95901415597674,0.03183696073029084,36
MAPMYINDIA.NS,968.7999877929688,1992.1530909053106,-51.36919987646586,313439.8844621514,-3.0812313470610753,-1.644671290053934,15.308062662979015,-1.2155916969118108,0.03469124727412086,36
DEEPAKNTR.NS,1647.800048828125,1895.7415042243763,-13.07886411959388,212943.29880478088,-7.572357881005143,-7.385336440527834,2.6622503199169367,11.99770807054703,0.033634552479878115,36
ZFCVINDIA.NS,2517.39990234375,3038.7327548607846,-17.15625869642883,135194.88888888888,-1.1931920049360945,-3.533115874547499,3.6199195059817724,8.114192271510824,0.03505710384995751,36
CAPITALSFB.NS,277.0,318.27334486330085,-12.967892388546653,40372.97609561753,-2.206531332744921,-6.165315533343241,0.008131337181871423,12.12852870169867,0.034001346418908895,36
CANTABIL.NS,236.8699951171875,319.66775310854337,-25.901191842532157,222698.304,-2.087468208490617,1.8793471457561717,10.978018455358175,-0.10812522139995728,0.034172780563496416,36
TANLA.NS,512.9500122070312,750.0847124549373,-31.61438918969467,887419.9525691699,-2.822764813499634,-16.816672034606086,-0.1459996071983216,18.104288127496048,0.035523044805677424,36
PAGEIND.NS,35915.0,45150.8475731383,-20.455535321186314,27509.14342629482,-0.7872928176795635,-6.052842823580962,-6.502816638444009,14.968332328084855,0.0274719009321659,35
PETRONET.NS,285.79998779296875,322.6775170144611,-11.428602018107025,2943321.865079365,-2.223742822939778,2.071424211774553,9.901942399051421,-0.3457271571076115,0.030242024169333144,35
KIMS.NS,764.5,858.0,-10.897435897435892,466726.74603174604,0.8043216494685979,-6.711409395973156,-0.11758876213147085,11.03848946986201,0.031182694450575924,35
BHARTIHEXA.NS,1549.300048828125,1934.317756973946,-19.90457393867614,186657.43083003952,1.1886926740510617,2.264029625618802,6.020449666109751,1.9623869540753125,0.03162764873991917,35
BOROSCI.NS,129.6300048828125,180.8000030517578,-28.30198965997629,137062.54365079364,-1.2794095704948827,-4.578580008280298,-15.263427570172928,21.970273213876013,0.03165424055792979,35
MMTC.NS,63.189998626708984,78.3499984741211,-19.34907484703965,6446534.158102767,1.7552337832055231,-2.754700889121464,-7.155449759885924,13.958517145670868,0.0306135513079883,35
INFOBEAN.NS,158.61000061035156,255.98189583973354,-38.03858663908992,1073962.007936508,0.6919732785210408,-2.645468700609954,-2.9792354872046123,10.49978446798141,0.028462467287612942,35
NIVABUPA.NS,80.55000305175781,91.4000015258789,-11.87089528773042,1815891.761904762,-0.22296580910562414,-5.756403531855292,-4.0614531561440685,13.147914439327945,0.02867152541606337,35
CENTURYPLY.NS,744.0999755859375,859.0,-13.376021468458966,92233.97609561753,-1.502420601984622,-4.547496986998345,1.4797102742499124,8.414074751106204,0.027498015251193237,35
DAMCAPITAL.NS,145.2899932861328,284.0820688881976,-48.856330899465306,676323.8814229249,0.7838440589055251,-4.009130787757775,-0.6919018592385417,10.093998848153651,0.031065872298288957,35
LTTS.NS,3389.10009765625,4673.3032272251885,-27.479559256664032,134256.1349206349,-5.538211396055248,-5.422219400084726,2.9777277230124577,8.776061131944601,0.02765477750059107,35
DODLA.NS,1081.699951171875,1480.959306464207,-26.95950885008207,39451.872,1.453761087023464,2.940607242853699,1.7994987963898756,4.461952839090166,0.03058128331826115,35
DOLLAR.NS,264.75,391.38998363057124,-32.35647025400256,171837.38645418326,-0.6939257543742583,-4.937163375224419,9.759627911849211,3.08576613474838,0.031053695769718056,35
CAMS.NS,729.5,837.8765073351432,-12.934663567526606,1415676.0158730159,-2.9920212765957466,-7.2997989500604765,1.7940931612084432,9.613341062678593,0.026244024557623005,34
BALKRISIND.NS,2258.0,2765.3795041598637,-18.347554228872763,255008.77290836655,-3.1649389863086297,-10.560092186629955,14.784970424350163,1.027968157422765,0.024181660543173007,34
RITES.NS,212.97000122070312,272.0997840702363,-21.73091869645518,1789630.2301587302,-1.5759328889728863,-8.533755123562514,6.852796230678049,5.687906470774684,0.024666571439034963,34
KAYNES.NS,3610.0,7705.0,-53.14730694354315,1539373.3452380951,0.26385224274405594,-3.3493104437749777,19.263937244992846,-6.028740414639944,0.027242081431612854,34
ONESOURCE.NS,1579.5,1925.0,-17.948051948051948,301827.29644268774,2.2727256559876174,-1.21333567564188,-2.0465116279069773,7.186483860516768,0.02245245486305,34
ASHIANA.NS,346.29998779296875,435.8999938964844,-20.555174892889184,132354.02380952382,-4.771072843316048,-9.570446075413274,-3.051518488679361,14.36591867689967,0.024397154247417993,34
PGEL.NS,553.7000122070312,644.4000244140625,-14.0751099892497,2898303.565217391,-2.1731427196057918,-10.113634381975444,14.566527248541906,0.6544331541296966,0.023916902878587817,34
SPANDANA.NS,239.74000549316406,319.3999938964844,-24.94051030856864,314938.96428571426,1.3914183072043063,-5.1286076816742465,6.126609991420229,3.7835521615428913,0.024648241564288062,34
SHRINGARMS.NS,217.44000244140625,266.5,-18.40900471241792,1400626.1918367348,0.5595924422030052,-6.818085813570363,3.2331564357996445,6.442140072816116,0.022391450413725682,34
NHPC.NS,75.9000015258789,87.39771312453149,-13.155620653677403,16470731.407114625,0.33046925969257845,-1.0946004186523473,3.140945411536755,3.6042824031645937,0.02198123426965653,34
SHREMINVIT.NS,100.5,104.9000015258789,-4.194472318280584,65562.24899598393,-0.4950495049504955,-1.373897453302153,1.430176440300035,6.277552703161171,0.026157895721989986,34
POCL.NS,469.45001220703125,647.5999755859375,-27.509260360567367,809364.1746031746,-3.156263598343223,-2.8556622437597046,-0.8260041544549512,8.377968473107277,0.022166273343201627,34
ALICON.NS,695.4500122070312,1018.832993642693,-31.740528963383074,28776.176,5.427118391266372,-3.797207259645685,10.039558893517597,-0.8228888796238176,0.024659825034032523,34
PNBGILTS.NS,81.26000213623047,106.0,-23.339620626197664,940852.2182539683,6.305598562112702,0.4822547006342548,-4.925703784186775,7.273930212845503,0.0215887174622029,33
SUNPHARMA.NS,1885.9000244140625,2046.9000244140625,-7.86555269332645,2564221.9644268774,-2.3709648452404752,-2.8887732021595003,4.599359687213966,3.556743715962951,0.01987654267593423,33
SWIGGY.NS,275.70001220703125,474.0,-41.83544046265163,13627327.885375494,2.988419736721215,-1.7112255946412636,10.324137231165341,-3.1271938529921273,0.018029604828966202,33
GPTINFRA.NS,111.41999816894531,150.0,-25.720001220703125,350247.9362549801,3.434828171475246,-2.9611579297296964,-1.0391670725648394,5.978408884338071,0.01830864663167362,33
SESHAPAPER.NS,243.97999572753906,290.5599780055542,-16.031107449053007,46239.52589641434,4.928604526279634,4.685487978776748,8.411460750537136,-4.733427121470013,0.020600254249564486,33
MOBIKWIK.NS,194.13999938964844,334.0,-41.874251679745974,2528543.482213439,4.759330734322198,-8.51083780316867,0.010305106616592674,7.837583017288896,0.019118902516990225,33
360ONE.NS,1110.0,1229.0652744329707,-9.687465499983428,986965.390438247,-4.770073502960381,-5.580127334831008,4.31350676319564,5.743839307767851,0.01998554934803592,33
HCLTECH.NS,1277.0,1729.0085007948294,-26.142641900663875,3236226.4308300395,-4.093128051070217,-6.474294919688306,16.261472019275438,-2.633874439091255,0.02120720041101445,33
BANCOINDIA.NS,628.2999877929688,859.7877679261235,-26.923828038577668,600948.1666666666,2.395699607548707,-0.8755995908713676,-8.882604754448897,11.524317538238593,0.020093956315413657,33
BALMLAWRIE.NS,176.3800048828125,224.13526798489292,-21.306447455337196,181108.5357142857,0.14194060811292264,1.4727864749301878,3.5154677590356176,1.367818898168105,0.01910519242775257,33
NIBE.NS,1331.5,1848.0,-27.949134199134196,105204.49011857707,-0.8489108799470402,-7.160783340423316,-15.653109046465053,20.47593728068595,0.019773944422554986,33
APEX.NS,384.20001220703125,514.5,-25.32555642234572,945977.4285714285,2.5353615400340646,-0.4276257277139206,-3.757514915160065,7.8607521169105965,0.021850573806768414,33
WEBELSOLAR.NS,75.01000213623047,137.89999389648438,-45.60550728338881,5105246.450592886,1.5570017822579496,-16.442012987393785,-27.617481304375445,33.09084691963875,0.01818391957289906,33
GESHIP.NS,1383.800048828125,1766.7330608502607,-21.67463894278656,744087.0988142292,5.989589055184563,7.0555527591470435,0.6901877409426271,-1.3111513857158918,0.01692665225344296,32
PICCADIL.NS,608.2999877929688,809.7000122070312,-24.873412545110195,250515.31225296442,-2.2418661642476856,-21.83745739891182,4.707801878174478,12.232470072503453,0.017136504962465923,32
ARSSBL.NS,513.6500244140625,787.8320712122298,-34.80209257999436,755691.6835443038,1.0525352645243125,0.8838319889075796,-4.553727161982368,6.9277953831299754,0.01687019928891227,32
NCC.NS,148.64999389648438,218.9304972416292,-32.10174198233226,2945684.217391304,4.29382948824979,4.272329454256196,-0.49138751626270905,1.2983169711011655,0.016557593732378716,32
DDEVPLSTIK.NS,269.45001220703125,359.34947541878313,-25.017279657075807,151771.72222222222,-1.6785169826070367,-7.182217176256634,5.50943968016413,3.515184342359645,0.014546105074810666,32
MASTEK.NS,1654.199951171875,2531.933728972172,-34.66653837565525,123037.39920948616,-6.1713016918959145,-7.96436099535801,5.7587086691946565,5.638167298035657,0.01772877151711466,32
ATULAUTO.NS,458.8999938964844,596.5499877929688,-23.074343594531342,386028.7817460318,-3.602561566274587,-9.869390278381573,4.8554781895018495,6.214560088445542,0.016083332799249984,32
AVANTEL.NS,156.44000244140625,214.72640412746412,-27.144496701699705,2474014.885375494,-0.23595122948028013,-2.389718430744936,-6.058966199395077,9.70678163898473,0.01563483986678354,32
AWL.NS,187.52000427246094,281.42985528309595,-33.36883036668914,3278522.1587301586,-3.529169893007933,-4.3899456462544,1.660871093075289,5.301143022735522,0.01387812418465122,32
TARC.NS,131.52999877929688,186.3000030517578,-29.3988209207086,1034163.6533864542,7.3801951777168195,0.11416797907577436,8.505195062506665,-4.1186719624908275,0.016649428473425057,32
SILVERTUC.NS,161.10000610351562,1116.9160935696195,-85.57635555338392,600307.6746031746,-5.855533718785999,-20.672792635373227,-14.887773283216532,26.314276970299822,0.013392669042017247,32
VTL.NS,584.4000244140625,682.2146139481268,-14.33780331499932,590502.6626984127,-2.97193487326769,-3.1142579280165616,-4.083989431899482,8.877879464849192,0.014059098834397508,32
BFUTILITIE.NS,526.5499877929688,898.7000122070312,-41.409816330160595,113492.76587301587,4.329299595295932,-6.482550535712095,-8.98012311271067,13.15138731852501,0.017029378459839775,32
MARICO.NS,823.9000244140625,889.0999755859375,-7.3332530606478485,1815937.849206349,-1.6943027783704934,-4.5859844338086315,2.0803823445449066,4.781325252900981,0.014500176399250888,32
SIYSIL.NS,554.0499877929688,827.1631369466097,-33.018051331664864,93077.32142857143,-0.07214796740109275,-10.637098743069561,-7.0338133715239115,12.904611013788948,0.00917065848704384,31
SMSPHARMA.NS,399.1499938964844,447.79998779296875,-10.86422403364975,547189.3055555555,6.996383047196431,5.386137002372116,4.094401144777238,-5.032118608317071,0.009923386053004088,31
HINDALCO.NS,1009.0,1169.8969824893504,-13.753089793170325,5634651.26984127,-0.532336778795095,-4.273995231840355,-0.9798240650904733,6.027984176348333,0.01209213726764611,31
MADRASFERT.NS,64.37000274658203,93.48999786376953,-31.147711822199607,149595.076,-0.510037430023591,-3.319313643277577,-3.738597124744081,7.732222170011771,0.012564432589236098,31
BLACKBUCK.NS,573.4000244140625,748.0,-23.342242725392715,756403.4229249012,-1.418378690572708,0.33246271462161747,4.941434625474939,-0.24355661249778615,0.013096624165104197,31
BHARTIARTL.NS,1844.0,2147.4734560986562,-14.131651091510133,7485760.102766799,-1.0092360068356232,-3.7176249471136957,2.4530669661529503,3.3318852140039157,0.012242255853411498,31
SPMLINFRA.NS,176.30999755859375,302.0,-41.61920610642591,624321.880952381,-1.8537084404190773,-6.272927017952745,-4.085523591770379,8.90055849620528,0.008946100733185414,31
ARVINDFASN.NS,440.3500061035156,576.9839137121372,-23.680713510635165,277600.59523809527,-4.0213561857762254,-4.323735773271997,-0.9107123763915204,7.098560083129213,0.012993275471022069,31
HINDCOPPER.NS,532.8499755859375,758.8333740234375,-29.780371577399844,16516715.162055336,2.2842812362152465,-0.0843825646600127,4.480387369791661,-1.8511785551993176,0.008151963995472933,31
ROUTE.NS,502.54998779296875,872.0425606177564,-42.3709334281848,509776.25793650793,0.11952895135900476,-5.782634451869417,-0.26079582610389895,5.802247413644501,0.010980862223886476,31
ASTEC.NS,662.7999877929688,941.75,-29.62038887252787,470505.2529644269,15.76281581070158,7.737317074356431,-13.877337731417704,5.920892975304626,0.013289008666379831,31
TEAMLEASE.NS,1256.5,1944.300048828125,-35.37520092347259,47522.605577689246,-0.6326611308817731,0.23932987634622815,-11.126046357015507,11.559970303414557,0.012707740764422399,31
GLOBUSSPR.NS,861.4500122070312,1252.800048828125,-31.238028525554775,127028.19920318725,-5.847313982864266,-3.1643394954417814,3.0257713393834873,2.9580494369439547,0.00873351879217845,31
JKIL.NS,488.6000061035156,672.0,-27.291665758405415,116359.53174603175,0.44197632696725275,-2.015439269223185,5.986986139591233,-2.172390797543533,0.005682493017120449,30
GMBREW.NS,927.75,1315.8571912096693,-29.49462858145585,400454.99603174604,5.883358488334323,2.9574991827886032,6.478826236417268,-5.945644923563565,0.007452255868909073,30
AAVAS.NS,1293.5,1771.9000244140625,-26.999267330122724,180476.60714285713,3.612622132645771,-7.870370370370372,-2.612554769427533,6.015902457404199,0.004097826913239221,30
GULPOLY.NS,181.9600067138672,225.86168963286522,-19.437418975462172,316150.623015873,-2.9857063966836184,-7.465630751665109,-11.15086558556948,14.465136597293204,0.00649098173245054,30
MANKIND.NS,2309.0,2674.0,-13.64996260284218,472410.593625498,-2.015701251856572,-5.2912223133716125,-2.6847031855171455,6.735078254669369,0.006288057583526244,30
SHRIRAMFIN.NS,1029.0,1153.699951171875,-10.808698660792226,6570750.76284585,-1.7191977077363862,-8.929995772536303,8.363862849055103,0.30248162008590374,0.006722325774699933,30
SIRCA.NS,434.3999938964844,536.351054042588,-19.008270679749305,365855.43253968254,0.7888616929198067,-4.1482828341051885,5.090376613952485,-0.5024638440832674,0.005753570490233815,30
EMBDL.NS,58.119998931884766,105.69999694824219,-45.01419052987843,3210723.956349206,-2.532285945300583,-10.968137226256902,3.0861969329645023,5.404424329383972,0.006407727718615006,30
NAVKARCORP.NS,94.75,132.5,-28.490566037735853,577090.0158730159,-0.9409320559554901,-5.871253176135172,-0.5040463509535797,5.441797636806522,0.007571613086139515,30
MAZDOCK.NS,2466.39990234375,3039.742679715149,-18.861556315191986,1248097.3412698412,-0.7484948755030141,-4.044568327673293,5.2546287348668175,-0.4531470648314495,0.005113666414425056,30
HGS.NS,387.95001220703125,546.3499755859375,-28.99239872922643,39635.82470119522,-1.4605028757216032,-5.951512192234853,-9.187733819861998,11.73675073942717,0.00602027423793138,30
BALAJITELE.NS,93.41999816894531,141.32000732421875,-33.89471176956596,427515.74603174604,2.557911872574614,2.9308020825321357,5.738539651825003,-5.186238377814001,0.00489018148185789,30
CIPLA.NS,1384.0,1657.4505258313652,-16.498261732078213,1515770.4325396826,-2.7406886858749147,-5.702797162665663,0.050600097387976106,4.760711480711488,0.005048363203803643,30
INTERARCH.NS,1753.5,2742.1363509030452,-36.05350808239225,94163.46613545816,4.686567164179101,4.537892303499391,-1.4511943132507588,-2.063096668555675,0.001156382157202907,29
DCMSHRIRAM.NS,1008.2000122070312,1400.4767744012483,-28.010229756357706,153233.31746031746,-1.9260688514561086,0.11916705134371597,-1.5339762003146906,2.2462945940843415,0.0026955150266246178,29
GHCL.NS,433.04998779296875,649.6824619687275,-33.34436233961112,170857.1507936508,-0.5854036443564414,-0.3222521290655034,6.038727177960079,-3.863721018400068,0.0014313895577925152,29
DOMS.NS,2191.39990234375,2750.437480198048,-20.32540575378008,119420.30952380953,-0.6753454269417758,-1.6473244291178246,-4.188785358774327,3.8971498577197616,-0.0009477509306213594,29
SUNDARMFIN.NS,4712.7001953125,5612.405266256894,-16.030650465561237,69526.54761904762,3.8016804463265386,3.1564013420706916,15.204409551752951,-13.183968104523103,0.002991839367634364,29
CHOLAHLDNG.NS,1526.199951171875,2062.371871375786,-25.99782937527346,225854.25793650793,3.471183130296618,-5.912090861071706,7.141189152428384,-2.886273065969458,0.001525476601560525,29
BERGEPAINT.NS,479.45001220703125,590.094751424942,-18.75033440828433,470378.95634920633,-2.322500510284242,-11.556902084562914,-6.008393939879808,10.618235857106573,-0.0009885430706232019,29
ASIANPAINT.NS,2481.60009765625,2960.0187763517797,-16.162690673374048,1173225.3675889329,-1.8160198751236423,-9.281663401343444,-8.890933725425665,12.147420748141258,0.0015375351384775103,29
ARE&M.NS,837.7999877929688,1045.6583132078367,-19.87822626085255,793527.5256916996,-3.839312735383793,-13.65112210327557,2.3275399104179417,6.558033717062939,0.0020731976575706496,29
JSWENERGY.NS,526.5,615.2574202859911,-14.4260625487026,2941042.217391304,-2.46387330376705,-6.483126110124338,-5.872884065387874,8.256280533913696,-2.365558452456203e-05,29
NMDC.NS,84.70999908447266,97.48999786376953,-13.109035859407214,22941641.636363637,-1.2128290560085686,-0.866001041776232,-6.840428021365663,6.246074900115994,0.0015181843968059567,29
LT.NS,3946.10009765625,4397.052414797838,-10.255786708931492,2195753.1106719365,-0.8766617016767175,-2.2613515355389913,-2.5485874083779336,3.799184555554902,0.002151611224331108,29
M&M.NS,3160.0,3799.9943064302024,-16.841980666845448,2536510.7312252964,-0.9404388714733591,-8.67316231283387,4.938873164755853,0.7886101993087369,-0.00031570320563859564,29
GREENLAM.NS,235.52999877929688,278.54998779296875,-15.444261676165038,174551.168,-2.918264627691769,-2.934265524945745,-2.32937294163742,3.525892448979162,-0.0016713447065788696,28
ASHOKLEY.NS,169.0,211.80679384961218,-20.210302545822024,20035274.61660079,0.6551555351418381,-3.3346689755734515,10.856020585803394,-6.919222331149233,-0.001123009983191819,28
JKCEMENT.NS,4990.5,6974.042464956463,-28.44178931980228,87001.58730158731,-1.7327951166683064,-7.368909512761023,6.553382749091496,-1.211429441892653,-0.00165618366248648,28
RUPA.NS,142.17999267578125,212.83999633789062,-33.198649162695084,219694.780876494,-2.2011364008487355,-13.981488020479215,-1.6735915114705735,7.8428372459829365,-0.00381353799228714,28
INTELLECT.NS,691.7999877929688,1232.7256944645226,-43.88046011375821,520699.6324110672,1.8476242610185878,-4.4013038826168245,-6.000431913068038,5.468295867089545,-0.003083095775060994,28
HEROMOTOCO.NS,5333.5,6175.521739453033,-13.634827549447037,665297.7747035574,0.6320754716981236,-9.069985508481803,9.054774450071502,-2.9246213747509464,-0.0020420576940547676,28
PTC.NS,154.1999969482422,203.5447632528218,-24.24270981773614,1436850.5098814229,-0.797738982043239,-10.322768429791152,-8.10224955384038,10.386992629398417,-0.004202053985553006,28
VINATIORGA.NS,1347.800048828125,1849.9000244140625,-27.142005998133477,54909.09881422925,2.5879128281603547,2.470919090207291,3.422352618732405,-4.8029381024731865,-0.0014149435451205946,28
GRSE.NS,2525.699951171875,3339.0,-24.357593555798896,1307506.9682539683,-0.17785155666909525,-2.3657641765120974,-0.41008422711652504,0.5533841099427894,-0.003926096151271708,28
ESCORTS.NS,3013.199951171875,3923.3920175282797,-23.199110929777078,126928.78968253969,-0.09615551176928028,-2.2354934720247854,11.839671967740472,-8.45664089616175,-0.0028746901372444303,28
SARDAEN.NS,519.8499755859375,637.3049486596227,-18.429948381966287,667807.6468253968,4.587061332443976,4.264620308007805,-0.04894739627664402,-4.222360262975133,-0.00391998129227088,28
RIIL.NS,729.7000122070312,960.5260043292958,-24.03120697220924,102925.99604743083,-1.889073988970591,-1.9615713859179262,-7.380842188344183,6.652537802828751,-0.0013445921145239853,28
BAJAJHFL.NS,84.01000213623047,117.0,-28.19657937074319,6916584.332015811,1.485870228402586,-1.3735597144324263,-0.6856534185713858,0.32243166867544915,-0.002028482781474627,28
IMFA.NS,1306.699951171875,1670.7880501060147,-21.791399508216358,215104.82936507938,0.43040317354672286,-10.457074799579003,-4.670845261552836,7.023979621575838,-0.00640036372396644,27
VAIBHAVGBL.NS,215.97999572753906,286.0804190389319,-24.503747424199997,591266.5059760956,-1.1306940971431367,-8.848031915664334,-2.1761193586298244,4.798579216653032,-0.006160799137749149,27
POLYCAB.NS,8373.5,10126.0,-17.306932648627292,368880.2648221344,-4.8898228078146255,-8.235616438356164,-11.94022447146711,13.240871059648196,-0.004218244860335486,27
ATUL.NS,6314.5,7144.769440445724,-11.620661063542004,34202.63492063492,-2.1311221326720364,-7.871316019842423,-2.322224293457753,4.739398292336094,-0.00588283388338576,27
TARIL.NS,297.1499938964844,552.0,-46.16847936657892,4613898.600790514,-1.6059622859323275,0.016825241313300765,-5.69660801629257,2.677954444868469,-0.00795031807270956,27
LEMONTREE.NS,105.7300033569336,180.67999267578125,-41.482174206936484,3750628.6706349207,-0.3956647789994827,-2.0474328650050944,1.9772405919403546,-2.0927813237730963,-0.006929934028280994,27
BATAINDIA.NS,663.8499755859375,1223.9851643268328,-45.76323349874575,277584.74308300397,-0.9844188978932689,-1.8869888642164767,3.9585324996401328,-3.2160101356735527,-0.005746839670100036,27
DHANUKA.NS,994.0499877929688,1617.2853743124303,-38.535894556297634,54898.704,0.3736065328665328,-2.1122611725289286,-5.25453066349516,3.4660671762343886,-0.005750239097739252,27
AMBER.NS,7308.0,8974.0,-18.564742589703588,335448.22222222225,-2.663825253063401,3.0021141649048566,0.24691358024691024,-2.657342657342654,-0.006548226811883573,27
AJMERA.NS,118.0999984741211,221.39999389648438,-46.65763246166178,488727.7896825397,2.1008043085006145,-4.014956440708895,5.947786113584952,-4.186275817524643,-0.004830853502260892,27
GSFC.NS,160.80999755859375,213.4499969482422,-24.66151330159667,841604.9644268774,0.537668413104031,-0.32849807321608804,-2.147985187999535,-0.04972455177959523,-0.0067621815044451306,27
AADHARHFC.NS,479.6499938964844,563.0,-14.804619201334923,401910.2371541502,0.8939840249399422,-4.366462851061681,1.2667581710792408,-0.559762034387079,-0.006277715301494014,27
GICRE.NS,348.1000061035156,402.400829796409,-13.494212653678272,728129.369047619,1.917105098213634,2.480428029107151,-2.3890528259322363,-1.4579063104897982,-0.006120822563327964,27
PRAKASH.NS,127.30000305175781,177.0,-28.079094321040788,551896.4624505929,2.3805748761833945,4.524182687257028,-9.90799695515352,2.207948560914308,-0.009463256371105875,26
GMDCLTD.NS,568.8499755859375,771.9000244140625,-26.30522637724454,4571053.897233201,2.0084193816082285,-5.66335396584784,-7.096196810920496,4.886143854135927,-0.01106230356630523,26
LAXMIDENTL.NS,199.25,377.04998779296875,-47.15554795100417,353569.75889328064,2.4000401505803515,-5.46118561720812,-12.124020828778203,8.270391415345358,-0.011812827908789068,26
SERVOTECH.NS,79.05999755859375,142.94544190484655,-44.69218709945222,1094372.9166666667,0.6108370022325005,-7.1193667674448236,-17.808508626712193,13.935723092667839,-0.011310530042122367,26
HDFCAMC.NS,2447.300048828125,2903.739155124938,-15.719012001860545,952701.5674603175,-3.8351156140066456,-4.402341842651369,2.4060590352818823,-1.3363403147586328,-0.010766983452498269,26
ORIENTELEC.NS,175.5399932861328,215.64378647408492,-18.597240311754405,612816.6666666666,-1.1932963707512956,-7.488804592288378,1.2370535256606363,1.051368457593549,-0.00825427114797195,26
ITI.NS,270.20001220703125,372.8500061035156,-27.53117667054169,2559635.543650794,0.6144198432563419,-5.524471256282782,-6.440435031898694,5.218078290901462,-0.008883514601399455,26
JINDALSTEL.NS,1136.300048828125,1303.865138167474,-12.851412652604122,1326518.7023809524,-2.0430992389547376,1.1853109404429185,1.519193837765287,-4.1160022323493255,-0.01157890477417034,26
CUMMINSIND.NS,5040.0,6049.821052103703,-16.69175077091839,553273.4365079365,-1.2732615083251742,-7.488986784140971,-8.551323730291472,7.71096256070658,-0.011061356024655213,26
METROBRAND.NS,948.5499877929688,1332.1929881655078,-28.797854648734745,66670.792,3.6731797605643823,-1.6058755457373453,-2.6327002481947637,-0.1816712962820266,-0.008163357260622705,26
SKFINDIA.NS,1534.800048828125,4953.039658667183,-69.01296669122318,56016.6837944664,0.17623348901594227,0.7946475368924677,-1.0707781130300464,-2.062904913850505,-0.009698425431691282,26
WHIRLPOOL.NS,805.0,1428.4580610250364,-43.64552786223585,489427.97222222225,0.48055613413395815,0.879939813719921,5.259469934125849,-7.734563098904024,-0.012919406831664749,26
BOMDYEING.NS,114.2699966430664,194.79500862474495,-41.33833435989253,979275.4822134387,0.3600878539584018,-1.584707568351451,-9.827582906009248,5.283951315019841,-0.01115627074069287,26
COALINDIA.NS,420.25,478.7148398145708,-12.212873918263533,9421412.944664031,1.8473071992277434,3.143232585549538,-2.7611638139889427,-3.4685494295351837,-0.014023916789780743,25
CRAMC.NS,242.25,348.31533559533113,-30.450951984082796,1189705.9070796461,-4.192211132150825,-5.610751700345795,-2.2319565443503997,1.9665435381213348,-0.01424341001340828,25
SCHAEFFLER.NS,3954.60009765625,4445.0,-11.032618725393705,78920.37301587302,-1.1399393548381598,-2.672766657331338,2.4454729723447866,-4.256592612207699,-0.016175424201297275,25
IGL.NS,154.02000427246094,219.28693712723197,-29.76325617467248,2903528.1507936507,2.7827814475127166,1.2290571482039159,-4.216417071282363,-2.3087652575789264,-0.016643416500242248,25
BAJAJELEC.NS,339.95001220703125,647.9607286405871,-47.53539880105978,395864.2450592885,5.052535783415735,-5.661160968767732,10.311473085125588,-9.768894757693513,-0.014410945929517017,25
DCAL.NS,173.97999572753906,321.95001220703125,-45.96055625689477,404245.0873015873,-1.6228500293614112,-10.055315972039248,-5.773398882878789,5.756489901475015,-0.016027719016176212,25
UTIAMC.NS,900.4500122070312,1362.8249046583157,-33.92768145569002,163082.32806324112,2.6738896473239793,-0.5906354226138832,1.4461029889213606,-4.7182476030650395,-0.01304206264339987,25
IVALUE.NS,235.30999755859375,340.0,-30.7911771886489,406432.06694560667,-1.2878627658926223,-15.371333253284824,0.48253690244877134,3.387518123163624,-0.017032846072461458,25
IXIGO.NS,169.9600067138672,339.1499938964844,-49.88647802666849,2392140.4940711465,8.656187638039503,-7.378742935222238,-4.634718017203343,1.4504912268110237,-0.014203487376770905,25
NAVA.NS,554.5499877929688,732.5560380476754,-24.299308313546643,484658.3015873016,-1.605746661638885,-3.9157993008902436,-1.0988715530728888,-0.9413450895804698,-0.016499340280959916,25
JIOFIN.NS,233.14999389648438,320.84859669700336,-27.333329085225223,13717151.654761905,-1.1448005669527972,-8.208663820281748,2.4892605638998866,-0.9762637408501029,-0.013999401479217046,25
NLCINDIA.NS,272.25,387.79998779296875,-29.7962845358975,3486380.7786561265,-1.1796733212341204,-4.824327349021463,-13.92664859089443,9.579393577821582,-0.014290699480674006,25
ENRIN.NS,3200.10009765625,3968.0,-19.35231608729209,623516.766798419,2.5903262771556745,-10.205397221751245,-11.278377989451915,8.743375171907664,-0.016682101447071905,25
DSSL.NS,1061.699951171875,1923.9611771253476,-44.81697636133204,133948.73705179282,4.006657902429489,-15.687978732396878,-18.75141234229526,16.184955307421145,-0.01888371535956547,24
ICICIAMC.NS,3013.0,3597.034549503453,-16.236556570858497,709711.8461538461,1.3352150983726663,-0.5118045236915947,-6.971719322711046,0.8165477957718936,-0.017337360734056086,24
INDIANB.NS,859.9000244140625,980.0229061203939,-12.257150415173523,2257451.26984127,-2.4780238827261103,-2.7427471956550376,4.148246713164716,-5.54254131733829,-0.017688943403895197,24
GMRAIRPORT.NS,97.0,115.63999938964844,-16.11898952614229,17152395.24505929,3.2024706933105884,-7.715726917760923,-6.415823857193637,3.4225387068326896,-0.01778629988646141,24
EUROPRATIK.NS,256.95001220703125,389.6640172803993,-34.058573331873255,371076.82157676347,-1.192069114191019,-15.198015773257012,-5.982428216690227,7.35611155794631,-0.020110939078990486,24
MRPL.NS,172.9600067138672,212.0,-18.415091172704155,11651027.833992096,-1.289803955650759,-4.515840070301291,7.421907095664104,-7.4684311961422996,-0.017929487593830236,24
NUCLEUS.NS,717.4500122070312,1066.8741885000632,-32.752144541456516,42166.17928286853,-3.138922589014548,2.500178540581821,-2.8816182325128503,-3.3000091725420955,-0.01998345689555784,24
ANURAS.NS,1233.4000244140625,1415.0,-12.833920536108657,325772.04365079367,-0.5563189665744095,1.992886348536227,-1.3516774977256452,-4.690514822426417,-0.01938763805238456,24
ITCHOTELS.NS,156.83999633789062,249.5935228905489,-37.16183235785822,3451459.1818181816,-1.1284173799554709,-6.0219324636064275,1.811095897995818,-2.62254099478868,-0.018229158592335593,24
COROMANDEL.NS,1951.0999755859375,2486.7668094210435,-21.540694198014375,319509.2529644269,1.9064034506126815,-6.431036769906584,1.8938651882501878,-3.3503425825698985,-0.01867544485472952,24
BHARATWIRE.NS,176.19000244140625,262.0,-32.75190746511212,516546.22222222225,1.153984297936228,-8.410871282667943,-11.046601743694263,7.413280346646056,-0.019154442111898217,24
TEGA.NS,1632.4000244140625,2125.0,-23.18117532169117,172568.9482071713,3.9414214844993634,-0.07345440681979509,-3.299564716393155,-3.3453726794516303,-0.01948567219612621,24
BLUEDART.NS,4987.2001953125,7036.0,-29.118814734046328,57433.90873015873,-2.3075377999510316,-3.9167672611020166,5.883104220951374,-6.729003267018885,-0.019407772727376482,24
JSWCEMENT.NS,121.62000274658203,152.88278968659597,-20.448859550575637,3037444.612648221,-1.6019383106656182,-7.527373178432805,-4.160150477378255,1.2115242003890803,-0.024291039298109673,23
APOLLOTYRE.NS,411.5,533.7088183031568,-22.898032431186078,1041202.7865612648,-5.217089534702346,-7.110609480812647,4.42930534618069,-4.696991007584506,-0.024938356488123595,23
ULTRACEMCO.NS,11009.0,12847.756783521221,-14.311889729105442,276305.1146245059,-3.370490652154834,-6.544991511035658,1.0498477334450529,-1.9916961006170353,-0.021277714876359134,23
FORTIS.NS,908.0,1103.1298326042547,-17.68874586081991,1963052.7738095238,-0.7650273224043769,-3.930595509119661,-8.092697634865376,3.0804316017466915,-0.020582584838253055,23
SWSOLAR.NS,184.0800018310547,281.70001220703125,-34.6538892956214,2402287.587301587,-1.7820917567611283,-9.747011290650676,-4.690896545109613,3.52041066752522,-0.021267161303290438,23
RHIM.NS,371.70001220703125,508.29998779296875,-26.87388921236309,838215.1195219123,0.9505703106908125,-12.200305456911975,3.7688440926678,-2.594337981692496,-0.022520860251899723,23
RELAXO.NS,333.70001220703125,506.3999938964844,-34.10347230864216,643325.6175298805,-7.1378860333441985,-21.380609586538412,-0.8910008586977325,7.29903929486535,-0.02337595060305282,23
SUPREMEIND.NS,3553.0,4586.205351504792,-22.528545329218286,244533.2142857143,-1.4424410540915367,1.659513590844064,3.9004669102966627,-9.050771523270685,-0.022625099234596158,23
GILLETTE.NS,7530.5,10255.650929658823,-26.572188819120434,26865.177865612648,2.5115709229512673,-0.6576930192195962,-1.7442076410788543,-4.859731238986131,-0.023475362994669013,23
DATAMATICS.NS,739.0,1010.0,-26.831683168316832,167030.50592885376,-3.265922090236162,-14.338705280711839,-5.061667931436753,6.010619119423155,-0.02308585996827748,23
SUZLON.NS,45.5,61.5,-26.016260162601622,70175189.02766798,0.08799145695761457,-4.210526315789476,-17.392885825311254,9.322443939667657,-0.02322194289188447,23
SAMHI.NS,155.61000061035156,220.82000732421875,-29.53084165880072,931040.8849206349,1.6726543662518134,-8.356891746981244,-2.573253555559585,0.5492414924310962,-0.020563923824665046,23
SAFARI.NS,1533.699951171875,2504.019782423858,-38.75048584131896,56615.996,0.18289416115753188,2.001860606190009,1.1852068760457524,-7.977070568464006,-0.02416604627218122,23
GPIL.NS,245.7100067138672,318.68479368531104,-22.898735182044373,2629317.1264822134,2.6400465100181014,6.264124522143577,-10.97815912429516,-2.7688520761394053,-0.02884159012313785,22
SAMMAANCAP.NS,153.0,192.9499969482422,-20.704844560820888,16799945.173913043,0.45302504921964637,-6.364745584429388,-12.280700833512014,4.995881634855892,-0.029135042080751607,22
KANSAINER.NS,193.39999389648438,260.8927950067185,-25.869936771728796,481458.236,-0.6931995396742607,-10.31764462311109,-9.41336388274896,5.597235986331572,-0.02717963648881703,22
REPCOHOME.NS,361.3500061035156,453.7097447808215,-20.356569313256234,145374.12252964426,0.48665182711267185,-3.9856515894075017,-5.319006450311836,-0.7416513610731368,-0.02640827614693039,22
EIDPARRY.NS,763.7000122070312,1119.0,-31.751562805448508,299413.623015873,-4.615001696162102,-3.1452108805286927,4.680971144605595,-7.615074136319155,-0.02732280656867933,22
STARCEMENT.NS,194.8300018310547,292.01245790228234,-33.28024316816932,292424.58964143426,4.956093684342733,-2.0659498139707133,-6.182884601099159,-2.277169783479327,-0.02683313888081348,22
SUBROS.NS,697.8499755859375,1213.699951171875,-42.50226549715719,167178.31474103587,-2.6165225563493544,-10.319353120703168,-0.6124116896119691,-0.46355728329384727,-0.026946692999766986,22
MEDIASSIST.NS,331.25,575.5499877929688,-42.446354439129266,178464.4365079365,-2.2140221402214055,-4.332129963898912,-11.193029490616624,4.759641749512267,-0.025418803541820037,22
DBCORP.NS,195.3000030517578,279.00130663488244,-30.000326734190207,185141.29880478088,-1.243927752532925,-7.563420967373147,0.29905921298756244,-2.5505745391908086,-0.025675890205079765,22
AFCONS.NS,280.25,476.09320955207187,-41.13547633589003,1086448.6600790513,-1.701159593014756,6.296228518037905,-13.436652463208443,0.6766090939936964,-0.026712223570589486,22
PARKHOTELS.NS,113.11000061035156,163.5856890825765,-30.85580942642561,301791.23320158105,-0.8242020309106479,-4.6531204340117815,-2.6843350739660043,-2.1539774192358307,-0.026799357797775546,22
EIHOTEL.NS,295.75,432.8358310681578,-31.671553330013282,593524.7154150198,3.481459983209989,-2.182902586499691,0.5557831370805788,-7.173222431906757,-0.027909885506174684,22
BIRLACORPN.NS,854.2999877929688,1328.8254130627743,-35.71014074573458,90431.71428571429,-1.510264728196542,-4.8875555352301365,-9.010015570588747,2.5848475942472193,-0.02797603213343418,22
ASTRAL.NS,1500.800048828125,1765.9224658214252,-15.013253533188253,745172.5952380953,-0.4114101640262158,4.604073470372616,0.8697180336820987,-9.48632454029238,-0.026539407283404204,22
KRISHNADEF.NS,1111.5999755859375,1398.6358552528313,-20.52255979202009,119716.03984063744,10.971344917603144,-6.288988252970206,-4.466023389818952,-4.169824181372761,-0.03168399848328517,21
NTPCGREEN.NS,88.44000244140625,119.94999694824219,-26.269274954990074,7340022.110671937,0.3631408134932679,-4.913449725687135,-10.057967258701883,1.9716349801524036,-0.031751120493377034,21
ALLTIME.NS,211.4600067138672,314.70001220703125,-32.8058473112628,153904.83399209485,5.936579363399441,-2.714388056642003,-9.717357351300427,-0.9183729134542351,-0.03231776045760278,21
BBTC.NS,1477.5,2114.6666501437494,-30.1308317365499,157931.29365079364,-3.9961013645224197,-2.1199072540576402,-0.8389261744966459,-5.458154988674835,-0.032585314350826976,21
ERIS.NS,1324.699951171875,1735.685837222008,-23.678587290193153,112141.96812749004,2.777556527247893,-4.718412957803164,-5.68845406541686,-1.4278236079080853,-0.029435926016241357,21
BDL.NS,1242.5,1648.1319119869795,-24.611616887992405,1504660.5158730159,-0.6000000000000005,-5.152671755725191,7.084370224313519,-10.249929349294884,-0.030651950235689365,21
BEL.NS,410.54998779296875,472.8081629796919,-13.16774541166229,14368050.695652174,1.1829914462030189,1.2953825895664517,1.1334121277082332,-9.467666268993558,-0.030696672067513607,21
TCS.NS,2255.5,3287.1616459496977,-31.38457298626819,3702902.177865613,-3.9395229982964186,-7.776912743557906,4.925825837626618,-6.7460407185009785,-0.031700033846536295,21
DALBHARAT.NS,1700.5,2484.339731207416,-31.551229542445125,296162.9760956175,-5.872909167483298,-7.831978319783195,5.917506050122512,-7.320742043689165,-0.033067315831438814,21
GATEWAY.NS,53.939998626708984,62.799670980180835,-14.107832437956414,950137.0595238095,2.0431290274066427,-5.018493120043466,-3.132542055339771,-3.674177558010905,-0.03208819361074322,21
PANACEABIO.NS,391.8500061035156,647.0,-39.435856861898664,542035.2885375494,2.484634457525803,-2.573348033164158,-26.89365557770231,12.746373145303025,-0.03235753576069736,21
GALLANTT.NS,561.6500244140625,948.0,-40.75421683395965,964332.7250996016,1.6009473257094564,-4.998306357040583,-13.943154308727435,4.873501487443499,-0.03073112236478001,21
RELIANCE.NS,1294.9000244140625,1604.3820104615531,-19.28979407831044,13464505.90513834,-1.3860293587892092,-2.1904977313400242,0.14694697711232774,-6.424455880080138,-0.031024007410452827,21
TENNIND.NS,525.7000122070312,657.0,-19.984777441852163,2049401.794117647,1.1350566665292883,-4.522332815654084,-8.454503751496523,-0.46388565630557377,-0.035128662844490746,20
MAXHEALTH.NS,993.0,1219.732372328196,-18.58869842860813,2807807.26984127,-0.9970089730807596,-7.109448082319925,-1.4694213436553971,-4.63380882062614,-0.03815940445119136,20
SHALBY.NS,149.82000732421875,274.70001220703125,-45.46050212356564,218032.53968253967,-2.492669524507707,-7.444238065396269,-8.935081793395517,2.5953629915794973,-0.0338049390691688,20
MASFIN.NS,290.1499938964844,357.9301909358125,-18.936708541438218,145819.28174603175,-4.712645682599548,-3.2444280216440413,-0.10452233513487119,-5.965533086508112,-0.0353772010773247,20
ASHOKA.NS,114.2699966430664,214.5,-46.72727429227673,1580773.9206349207,-6.143739923559421,-3.1446063810008806,-0.7642248121158102,-4.8146657740603676,-0.03398429021815008,20
BANKINDIA.NS,140.86000061035156,172.71800537071604,-18.445097656139286,9872144.138339922,-1.5653426957534022,-1.4275670911578664,-3.3086163562328297,-5.728238910273542,-0.03725928158786179,20
ADVENZYMES.NS,298.8500061035156,417.20001286678644,-28.36769010384964,266615.0873015873,1.1850346800986067,1.459860291547277,-16.950915665301082,2.89316453589461,-0.03517533358913164,20
WAAREERTL.NS,845.25,1358.0,-37.75773195876289,636053.5770750988,-0.9375915616759434,-6.566077799261172,-11.413302062318486,2.9474468749560945,-0.036519865847329365,20
GRINFRA.NS,859.2999877929688,1341.5660703794995,-35.94799341117118,69108.52777777778,-2.628896567368977,-2.925895171362125,2.2915302993545383,-8.0716782248763,-0.033892808911534816,20
THERMAX.NS,3629.60009765625,5256.332008959298,-30.948043398520497,198001.63888888888,-3.275147297634906,-9.839279089846741,-22.890543553016617,14.521692951652954,-0.03353856432976643,20
SRF.NS,2522.0,3198.0092293385956,-21.138438974374264,475078.3968253968,-2.7006172839506126,-3.371647509578546,-4.950646641435775,-2.6884451270519083,-0.03504963273562266,20
NATIONALUM.NS,371.04998779296875,443.3731066930094,-16.31202204379911,12145245.288537549,0.28378048458614913,-4.125502533088488,-1.2888279629123756,-6.009790358559286,-0.035872869904565105,20
FISCHER.NS,35.560001373291016,124.69999694824219,-71.48355874615578,1616143.6679841897,-5.751386682409409,-7.564335209446405,-1.6320888732619387,-2.788410078475556,-0.036929964034990256,20
UPL.NS,576.75,804.4134581804076,-28.30179627966256,2508633.280632411,-0.2938909449660132,1.5404929577464754,-4.551250660602857,-6.953291487217617,-0.0386798229601521,19
AXISBANK.NS,1244.9000244140625,1417.2070248903838,-12.158209594653158,6563128.373015873,-1.0413335123956702,-0.1924175675546036,-5.4232094464196745,-5.236160160985392,-0.038640437630705474,19
TATASTEEL.NS,184.14999389648438,219.86575104195882,-16.244347733203114,27692917.873517785,0.16316985749778024,-2.1779580895169293,-6.929145189313168,-3.4878921766476223,-0.03893175059606607,19
SJVN.NS,65.87000274658203,93.44222215601812,-29.507238562241646,4562273.384920635,1.4633465872325946,-2.472969632999711,-5.829278534927984,-5.209198856060748,-0.04180722370779377,19
SANDUMA.NS,196.57000732421875,272.33215508462166,-27.8197584625515,2963687.272727273,-0.21827039379759272,-3.5901672898829395,-8.70880379122012,-1.8958205315992016,-0.04110829847362064,19
HUBTOWN.NS,185.55999755859375,342.0,-45.74269077234101,721092.0833333334,2.9002360530328675,3.8155935189844836,2.8318097516051743,-15.001603392538176,-0.040979561224335354,19
TATAINVEST.NS,622.0499877929688,1178.621408861613,-47.22223920963866,2310961.7628458496,-0.963220510767393,-9.684212298661521,-6.585078091816888,0.37856918438763376,-0.038572602645990564,19
SHREECEM.NS,23160.0,30494.095451463647,-24.050870645227242,28970.233201581028,-2.195945945945943,-9.212073696589574,-3.9495330691077135,-2.189556565469264,-0.04122691880832529,19
IEX.NS,116.54000091552734,155.8999783750524,-25.246942218834555,8224054.071146245,-1.9518758900478828,-7.507935781327502,-3.5584206824532782,-3.6358102029718453,-0.042186250311950106,19
SBIN.NS,1008.0,1212.8384373028666,-16.889177569140223,12316336.126482213,-1.2635933103700703,-5.44090056285178,-0.8995747131140708,-5.950936386322148,-0.03864786412070444,19
BIOCON.NS,392.29998779296875,447.1499938964844,-12.266578743644896,3716950.5217391304,-2.1695791039978207,-7.910800987566025,-6.260347549315293,-0.6528068825687239,-0.03938345125735065,19
KRSNAA.NS,546.1500244140625,894.4000244140625,-38.93671628957578,79787.06349206349,-2.464503525694439,-3.7790613274308327,2.447955247752831,-9.660071881252874,-0.04131904796230911,19
BPCL.NS,303.8500061035156,391.6499938964844,-22.417972465531268,8434932.14229249,-4.9280349496923055,-4.38954758504927,0.49611376541081054,-6.522068138933712,-0.03830706137929327,19
RECLTD.NS,317.8500061035156,381.3442016302781,-16.650101209175215,6646899.312252965,0.44240601753191555,-7.3750402748767545,-7.214704594281496,-2.0961425896592667,-0.044336358673703155,18
HUDCO.NS,178.25999450683594,239.21868833933843,-25.482412873207828,3846995.122529644,-0.050469074067449604,-8.219550985930368,-12.084144641258787,2.562939428111899,-0.042490247257256954,18
SDBL.NS,72.38999938964844,142.60000610351562,-49.23562672423773,984197.8656126482,-0.2617834618529269,-1.5369930699317247,-6.096766340008353,-5.656201977597042,-0.0442508765321296,18
TATAPOWER.NS,365.54998779296875,462.0369390979878,-20.88295180324452,5341684.059288537,0.4258208222441606,-3.802634791324011,-6.539154279179815,-4.64934600138891,-0.04539429560349895,18
CHAMBLFERT.NS,418.6499938964844,545.6900936155047,-23.280631480279943,848142.123015873,1.5401422002234488,-6.037480559641228,-8.814149892102385,-1.6828267205996061,-0.043708575477764584,18
KEI.NS,4697.5,5899.0,-20.367858959145615,362700.5296442688,-9.139264990328822,-16.784765279007974,-12.515131762733954,8.71326081925481,-0.0454011475595274,18
BRIGHOTEL.NS,57.13999938964844,88.2699966430664,-35.266793290246746,184942.33864541832,-2.1910284481612585,-4.44816033670381,-8.297226560259208,-2.124017909866116,-0.044475100441810966,18
CANFINHOME.NS,797.5999755859375,962.6932158005569,-17.14910186391322,228875.26984126985,0.5293611094827844,-2.767281792616627,-4.68958183512923,-5.832528780508328,-0.04240406310317148,18
IREDA.NS,112.19999694824219,162.48846681097575,-30.94894723896594,7801798.4822134385,-0.3109783154378709,-5.4759900312670196,-8.130680855229343,-1.7466005474186308,-0.04264140313333447,18
INDIASHLTR.NS,671.7000122070312,911.9719209725083,-26.346415195465223,139514.30278884462,3.148034339023109,3.841700171447604,-14.222447772585378,-3.3433911787528414,-0.04520947335084918,18
DCXINDIA.NS,174.08999633789062,286.0,-39.12937190982845,1827980.103174603,0.3342757474595226,-2.7756066617150466,-0.24639463903460834,-9.643432816541864,-0.04452985275924186,18
INSECTICID.NS,610.2000122070312,817.2306516183783,-25.333195591888302,28620.94422310757,1.980452428278201,-6.094179182803305,-13.673334755198807,1.7254375331071437,-0.04432616007049626,18
TIRUMALCHM.NS,157.89999389648438,328.79998779296875,-51.97688571816273,419948.42629482073,-0.9286051832012032,-4.117074982293212,-3.3127204353599504,-5.866228254702599,-0.04256582947267788,18
LINDEINDIA.NS,6380.0,8035.3727195912315,-20.601069512995064,41628.58565737052,0.10983838066844775,-9.477866061293982,-4.841876262919409,-3.803420385982237,-0.048585204074606696,17
HLEGLAS.NS,334.5,661.9500122070312,-49.46748337012162,302894.74206349207,5.6037884767166535,-29.50474183350895,-7.173582812730639,6.376208304857056,-0.04942161040906494,17
NAVNETEDUL.NS,130.16000366210938,164.1333558091885,-20.698627637013946,232716.32142857142,-2.8294090126760207,-1.408877859534774,-6.822248273131992,-5.229096700881297,-0.047030296354666726,17
SIGNATURE.NS,785.2000122070312,1158.0,-32.19343590612856,409060.988,1.029336062062347,-4.783849031601206,0.9578929227941124,-10.21668021646457,-0.04653140409861601,17
FACT.NS,791.2000122070312,1058.5999755859375,-25.259774187213612,655651.9285714285,-2.95001383538408,-5.211453140509914,-11.021142448790567,-0.41535403309864716,-0.04809776359517019,17
PRSMJOHNSN.NS,112.2699966430664,176.0,-36.210229180075906,996167.5059760956,0.5643114088698109,3.388894400295417,-4.7671581776897565,-10.277312309299425,-0.04806862356080632,17
CEATLTD.NS,3313.199951171875,4393.1588210528225,-24.582741345602777,171165.36363636365,-1.0335174488202092,-11.65271200708764,0.38142504557003853,-5.8053643923019145,-0.04641612389549304,17
GOPAL.NS,264.20001220703125,396.70269212522027,-33.40100345887348,126269.58730158731,-0.2642437544663201,-3.2588772235731533,-6.725503192575022,-5.93634037389662,-0.05070386927492417,17
MUTHOOTFIN.NS,2899.699951171875,4114.708242760882,-29.52841902525177,811208.1739130435,-1.2935289727203592,-0.5555729522420783,-4.684110258601115,-7.575508679505161,-0.0467590403710285,17
ICRA.NS,4854.39990234375,6839.023714846967,-29.01910996732997,12953.276,-3.14252086172645,-4.690473985526711,-2.038238526939262,-7.548069036551109,-0.0488304605598021,17
SUNTECK.NS,295.8999938964844,472.5,-37.375662667410715,397994.01587301586,-2.4237447991807493,-0.8876215055557246,8.111063463402669,-16.447833122658785,-0.04565712991071933,17
GODFRYPHLP.NS,2010.0,3868.278555207404,-48.03890228395844,786540.1349206349,-3.28634206916546,-10.904255319148938,-7.01250847655186,-0.9374052633380647,-0.04988199919047118,17
ELECON.NS,421.1499938964844,632.5129117162858,-33.41637995124571,729876.8537549407,1.0921718018021886,-3.494500507169429,-21.55164141773015,5.245367245335664,-0.049570284484384455,17
MSUMI.NS,36.61000061035156,52.823297143452564,-30.6934580192343,9440333.44047619,-1.3473457067541217,-10.794347481361054,2.092835187766262,-8.833153445906571,-0.05199014888980374,16
SURYAROSNI.NS,216.02000427246094,308.07465261661673,-29.88063041288669,624091.8893280632,-0.12944927200481127,-7.34007769326711,-16.91575354958932,3.0171085792342067,-0.05348843099037016,16
EFCIL.NS,186.52999877929688,335.8500061035156,-44.46032592245819,486799.8932806324,-6.322818725704105,4.886416228268198,-0.17126428352454148,-13.807127386525764,-0.0522922886658444,16
TRUALT.NS,415.70001220703125,542.0,-23.302580773610472,371160.641025641,-3.0663387453258473,-13.051661388804469,-17.067329235504992,6.959994528586444,-0.05253167111510398,16
VIPIND.NS,309.6000061035156,454.29998779296875,-31.851196473153998,607646.3452380953,1.7082826252616812,-2.3035619859788636,-1.698684202621592,-11.669042481165304,-0.05467106387922204,16
ROSSARI.NS,454.6000061035156,689.6347499019316,-34.08104708062329,108691.69444444444,-4.606018728719185,-10.670070435098877,-6.8784330621182495,-1.4748285256536375,-0.052480772887886246,16
DBREALTY.NS,101.19000244140625,183.89999389648438,-44.97552702564788,1671843.794466403,-1.5757174940736918,-11.369007563906287,-9.554875826281927,-0.09872492172696701,-0.05337325978763991,16
TATACONSUM.NS,1014.0999755859375,1271.9371979227803,-20.27122272687053,1482279.9446640317,0.20750746896616157,-5.927646049541979,-7.867718672444535,-4.72508148679438,-0.054151266594628926,16
CROMPTON.NS,231.89999389648438,331.01900619833475,-29.943601559380497,3347994.7103174604,0.34616519768086995,-6.321958780990733,-7.237573542422471,-4.3062447396227,-0.05123545195005881,16
CESC.NS,146.0500030517578,197.1955548334318,-25.93646282994355,2200051.714285714,0.6200545595029805,-7.971851396325114,-9.839910935722196,-1.98037566123207,-0.05276488368524211,16
ALKEM.NS,5181.0,5875.533923201399,-11.820779733035202,134066.11952191236,-2.2452830188679274,-7.457354648566583,-2.098038627708332,-7.588841775705058,-0.05380947530194632,16
TIINDIA.NS,2638.699951171875,3415.1444625624204,-22.735334329253256,389835.48412698414,-4.505645707875738,-6.262879176842806,-11.264815141240392,-0.14983831799720848,-0.05142520275727136,16
SHRIRAMPPS.NS,74.62999725341797,99.44000244140625,-24.94972302781998,717514.9007936508,-1.970314007771301,-14.169062826026103,-8.932275738152097,0.7288445704122459,-0.054189888592630804,16
NDRAUTO.NS,717.6500244140625,1180.8825022330911,-39.22765194191966,32212.557768924304,-0.6575304318203412,-15.39141545792665,-8.195456439568282,0.045045029714052554,-0.05584655054752228,15
ZOTA.NS,1113.0999755859375,1740.0,-36.028737035290945,65143.3984063745,8.26767843774694,-12.499017612728402,-6.978104772157689,-5.404944185014903,-0.059284447844242555,15
ZEEL.NS,86.30999755859375,121.80000305175781,-29.13793481440464,18975296.877470355,-4.703546594440267,-5.73394510702151,-23.348136120596475,7.244028278433068,-0.05723973205654044,15
KNRCON.NS,119.72000122070312,220.0,-45.581817626953125,2487884.7628458496,2.263604281871423,-12.510958473657174,-4.354076078906843,-4.757355507336536,-0.0548499629315096,15
CANBK.NS,124.68000030517578,157.68821233301085,-20.932580526772227,25570970.699604742,-1.2826624761981598,-4.313125567886322,-5.308724812770704,-7.615728675430578,-0.05629800275200523,15
SULA.NS,146.5,293.0895293039152,-50.01527337126779,461084.2619047619,-1.4463464411452076,-4.734034879103522,-3.082828492466805,-9.545348983459402,-0.05834429761059026,15
GMRP&UI.NS,95.61000061035156,136.9499969482422,-30.18619734143867,1863998.9206349207,6.339669353883393,-0.9017441089459788,-6.2555126846260745,-10.919594727251813,-0.05790873582689405,15
CAMPUS.NS,216.80999755859375,287.0823175835567,-24.478108096821337,609546.0515873015,-3.175241456096811,-2.368626825839415,-5.846019849595995,-7.5604447707738,-0.05569233373965883,15
MARUTI.NS,12641.0,17197.28603290768,-26.494215565113286,432467.96442687744,-1.6188030196902514,-9.642601858470334,-4.474383378445412,-5.401540424148665,-0.05593331856856182,15
HINDPETRO.NS,347.0,483.5386775606495,-28.23738490775097,6018137.557312253,-3.3426183844011192,-6.645254304640114,-6.177159995125059,-5.041761846943182,-0.05533165436682926,15
FDC.NS,345.95001220703125,521.1543090908798,-33.61850680837335,193114.203187251,3.7020401311633755,-3.9961131268436256,-8.696221224657785,-6.977677363629131,-0.058289559251013756,15
JAICORPLTD.NS,98.30000305175781,177.68073554622026,-44.67604901028399,1132878.0476190476,-0.050834187228210315,-4.720359798022555,-9.158114884539215,-4.646419105916932,-0.0555515748605587,15
SOBHA.NS,1255.5999755859375,1724.929636640264,-27.208626432349124,169350.09523809524,2.0730022360868183,-6.445123431451938,-5.4132665620982845,-6.949103001429979,-0.054853456318831824,15
ONGC.NS,236.0,306.19702215663295,-22.92544246910545,14545893.581027668,-0.2087316559741481,-1.02140002806842,-3.73506668557132,-12.46380177903439,-0.0633119388849625,14
DMART.NS,3720.199951171875,4818.0,-22.785389141306045,493573.6679841897,-2.4440119987047093,-8.254209949262048,-6.845957026213689,-5.6935736888101935,-0.06226459773111065,14
RAMCOCEM.NS,871.4500122070312,1211.1945755050306,-28.050370284752667,261425.51394422312,-0.44553190011751287,-8.37973702156053,2.6825271437937115,-12.930621170699519,-0.06087990919465552,14
IGIL.NS,318.1000061035156,386.08705544308634,-17.60925376313032,717956.5849802372,-2.78117535575082,-7.690238811577144,-12.610906838549052,-2.1674274771015356,-0.06466408340295841,14
HGINFRA.NS,484.54998779296875,1046.1165979979082,-53.68107257639194,267916.76587301586,0.5603365477333089,-12.20768257021817,-10.774143646706891,-0.8611636551861257,-0.059622114153568204,14
LAOPALA.NS,169.9199981689453,255.00361991863403,-33.36565252557474,129057.28458498024,-1.1345767170776955,-8.495207777993253,-0.7041381312002049,-9.9814431679639,-0.06016317933852041,14
PACEDIGITK.NS,160.30999755859375,231.9499969482422,-30.88596694641662,2095123.1623931625,-2.77171712086427,-12.661402945665323,-14.53324556228518,1.8682102895262398,-0.0642214185409455,14
BANDHANBNK.NS,171.5800018310547,218.86288600994448,-21.603884075960412,10529717.343873518,6.228329180591152,-0.5360597314349902,-15.411903571378327,-5.153037512262149,-0.061691651045462405,14
REDTAPE.NS,115.58000183105469,161.05605346448013,-28.236164152286825,636229.1507936508,-5.40960837898441,-14.060527094759134,-11.050063917730613,0.97579102180545,-0.06277769023447272,14
MBEL.NS,267.70001220703125,535.9000244140625,-50.046650492369984,324139.21343873517,0.6012799950456227,0.22463724814858477,-6.740977672464988,-10.37830556850251,-0.06068560080006222,14
BLS.NS,237.6999969482422,369.79392627783915,-35.72095698249791,3419005.7944664033,1.054330292776462,-8.878321591603044,-9.30942716027131,-4.595624013139399,-0.06301309042380115,14
INOXWIND.NS,75.70999908447266,159.3000030517578,-52.4733222636073,11267487.869565217,7.253156271710659,1.7607493706006005,-13.995228746636846,-7.962561246850419,-0.06306127621440036,14
IDBI.NS,81.11000061035156,118.37999725341797,-31.483356570182984,16297216.122529645,-11.403606874271755,-1.6132966905234802,7.5872148388537175,-18.18640194704243,-0.06461416352692728,14
JTEKTINDIA.NS,121.27999877929688,187.49848674311994,-35.31681194555182,429580.74603174604,-3.531659559572997,-14.962836256133683,0.9586953344840055,-8.88670880910174,-0.0661280813047953,13
EKC.NS,103.13999938964844,154.5500030517578,-33.264317468109326,583286.2222222222,-2.927059397977938,-9.223730948421283,-5.358784903096259,-6.988907965242053,-0.0654065078650775,13
SANOFI.NS,3114.89990234375,4971.608601515599,-37.346236359109795,21725.31349206349,-1.346044255225698,-5.700534379135047,-0.19225224094800986,-13.485229169756208,-0.06726478641536465,13
INDIACEM.NS,353.45001220703125,485.79998779296875,-27.243717355205142,523122.6388888889,-1.7785171009955025,-9.914615341237232,-8.111265354094755,-4.820248714764974,-0.06522253870481412,13
BIKAJI.NS,583.7000122070312,799.7353085989655,-27.01334980074852,167092.53784860557,-2.440243336757275,-6.353277131635493,-12.924587897504702,-3.467525142164063,-0.06779066186119861,13
POWERGRID.NS,265.75,324.95001220703125,-18.218190485653494,12273079.103174603,0.45360508879341843,-1.6105168475444187,-7.2911196028253915,-11.016237926958706,-0.06870573912260641,13
SBILIFE.NS,1696.5999755859375,2129.040438508761,-20.311519457362525,1017245.4743083004,-1.354732745937537,-7.673051908647343,-0.5509979140716603,-12.48323548167053,-0.06828677223212933,13
CAPACITE.NS,199.72000122070312,334.0,-40.20359244889128,504499.4404761905,-4.27530588335876,-5.121139562611344,-5.618826782927955,-8.599145923984263,-0.06577064905330236,13
MFSL.NS,1498.699951171875,1892.5,-20.808457005449142,701718.3293650794,-2.3457353974964845,-1.0432518209392505,-4.058640637919564,-13.529887295545251,-0.07072771013531468,13
BAYERCROP.NS,3984.89990234375,5305.222747660049,-24.887227325160822,28275.539682539682,-0.06771479703010508,-4.146920127082565,-4.217287793244573,-12.236804240296673,-0.06996063539211564,13
NTPC.NS,330.79998779296875,409.97128898871665,-19.311425780825076,10275241.675889328,0.24242054332386243,-1.2044869906582378,-5.517533768536021,-11.983825293684191,-0.06665445591833745,13
HINDUNILVR.NS,1980.0,2619.7497080594576,-24.420260687168593,1693689.0158730159,-0.7419314450498149,-5.136065239541942,-6.526797096803971,-8.677757048746459,-0.06530548140953145,13
NFL.NS,70.3499984741211,99.79227722522971,-29.50356437368177,1390957.8095238095,-0.2552109858090845,-2.9253521607177646,-4.816675702335749,-11.050699542872977,-0.06475874058574377,13
NBCC.NS,86.0,124.82730965446994,-31.104819740124533,11351110.391304348,1.17647058823529,-7.681736405544148,-17.654502381820482,0.5043319910396526,-0.06513318140415583,13
VMM.NS,103.9000015258789,154.92999267578125,-32.937451469898235,14097839.33201581,-4.301370712049424,-5.759635804191465,-13.250392888030715,-3.8141040966714,-0.0708282373712101,12
BRITANNIA.NS,5064.0,6215.976836613289,-18.532514951277268,343302.43873517786,-1.74621653084982,-9.539121114683812,-0.33224277132679614,-13.056863736127944,-0.07404864201870962,12
INDUSTOWER.NS,373.04998779296875,464.0362575162202,-19.60757769452337,6411253.4940711465,-1.5699240651797508,1.00175487432268,-8.098413868844057,-11.774473069065062,-0.07095954819932682,12
WAAREEENER.NS,2571.0,3862.832998996418,-33.44263133643216,1439524.0553359683,-0.3913098010193905,-4.918639053254436,-15.187699319637382,-4.1672896523526015,-0.07246084447585083,12
RAILTEL.NS,266.29998779296875,408.55427403779885,-34.81894457715769,1749252.9841269841,-4.174165656094453,-8.038570163482783,-9.178328947564252,-6.933191498847025,-0.07551905882114086,12
EUREKAFORB.NS,408.54998779296875,668.2999877929688,-38.86727588576097,204289.35968379446,-3.4046634350287652,-9.652813630194723,-6.776956578900462,-7.880498806545944,-0.07456315565830338,12
FINPIPE.NS,157.86000061035156,222.5,-29.051685118943116,766106.616,1.6222507608275594,-2.150871618000061,-6.403416825126107,-12.818250276153142,-0.07316274405516346,12
PFIZER.NS,4310.7001953125,5489.439888599995,-21.472859111462395,31297.338645418327,-7.612673106271051,-11.62251703693693,-4.20440672268434,-8.15312788441771,-0.07608343888586877,12
BBL.NS,2240.10009765625,3367.0326028562217,-33.46960478624429,35886.043650793654,-3.410652603526332,-2.5831660075559926,-15.803368525952166,-4.713139865319283,-0.07483964965777196,12
VIKRAMSOLR.NS,169.27999877929688,407.95001220703125,-58.50472025641498,3098752.4071146245,0.07685775199735012,5.39816831828499,-19.336701473855346,-6.059932493828956,-0.07137664000831452,12
JKTYRE.NS,364.1000061035156,605.8045982960336,-39.898111185086485,1312673.003968254,-2.634043530412389,-5.428569843242692,4.344852128780063,-17.809040473789352,-0.07169278872571497,12
DELTACORP.NS,55.439998626708984,85.89468779515775,-35.45584709624572,2628016.300395257,-2.6514523546997237,-11.645816599659021,-13.5318045841058,-1.8062711232961992,-0.07376358379951996,12
VSTIND.NS,206.74000549316406,273.7888347519297,-24.4892489204376,346954.9841897233,-0.4094565536496453,-5.5809284097584015,-16.631477815456265,-2.6873936882217397,-0.07221532157242219,12
TIMKEN.NS,3098.89990234375,3921.832239688061,-20.983364077035738,55716.94047619047,-1.1357504436512955,-3.5091602903719488,-12.14653569701445,-9.057772998762804,-0.08082477011048975,11
ORIENTCEM.NS,126.41999816894531,236.37657618219657,-46.517544076997666,434782.90873015876,-1.0023483241081599,-5.7481595714570455,-6.195745224311667,-11.691246732413664,-0.07785089006961189,11
FIEMIND.NS,2038.199951171875,2674.800048828125,-23.799913490174905,77552.58730158731,-2.277412912308485,-19.733788367684447,-7.720370782419616,-3.106174047695376,-0.07733079818571773,11
SYNGENE.NS,387.54998779296875,677.034031793237,-42.75767988110165,1264160.9367588933,-2.7722072607488157,-4.837326508786067,-15.244413737796137,-4.77845152523706,-0.07729390759265758,11
PRECAM.NS,121.70999908447266,260.1356341366888,-53.21286932165552,740853.8893280632,-0.9440902060545042,-13.41680817889287,-14.891145757642299,-1.887081512742772,-0.07999946988773822,11
HDFCLIFE.NS,533.7999877929688,794.0698543036143,-32.77669654628783,3318870.9881422925,0.15009151838063506,-0.4104500386252319,-3.537854572968302,-17.317097981809304,-0.08055276420501195,11
IOC.NS,134.35000610351562,184.95879041358242,-27.36219467963732,14025515.23320158,-1.934302114222175,-3.1804088591275925,-3.8261514303365773,-14.55121092601721,-0.07797841782755593,11
RUSTOMJEE.NS,357.54998779296875,634.0,-43.60410287177149,140873.62,-4.919558729033923,-3.273368403437349,-5.96975994925214,-12.675545943767164,-0.0800777591587337,11
LUPIN.NS,2104.699951171875,2523.699951171875,-16.60260760418203,971505.4782608695,-2.3431700605106687,-7.644036975591506,-7.5585117231472765,-9.58114506168275,-0.07863135942786652,11
TORNTPOWER.NS,1270.199951171875,1817.8039543841724,-30.12448079957072,502857.7896825397,4.174518191208976,-5.413662366556893,-7.3894320220261545,-12.187435810318725,-0.07757084584925818,11
ACC.NS,1262.800048828125,1975.569036609613,-36.079173877148406,212431.37301587302,-0.7466792136611278,-6.98290575004592,-2.57675540826503,-13.832644956804119,-0.07777333676576453,11
ASHAPURMIN.NS,549.3499755859375,924.9000244140625,-40.604393871223145,760568.9249011858,-0.20890543398047745,-15.737408497587758,-20.619899533864437,3.748815030394237,-0.07854816090917235,11
HPL.NS,303.0,506.85071142832044,-40.21908361415989,190172.60714285713,1.0673823673538863,-10.75110456553755,-11.091546111184636,-5.636875041877321,-0.07625696526478441,11
HEMIPROP.NS,124.41000366210938,190.69000244140625,-34.757983077619855,767612.2341269841,-2.1549334100573025,-9.130085213385652,-8.360335374170225,-9.295712787679234,-0.08267896111005622,10
WIPRO.NS,171.5,263.22052886625846,-34.84550740070178,15874699.110671937,-3.1565850434740694,-7.096427773772507,-3.708970979960502,-14.227037252328367,-0.08538450254021407,10
INDRAMEDCO.NS,355.1499938964844,640.8499755859375,-44.581414148956455,392833.02777777775,-0.7406355469239734,-9.110686142934266,-5.745752281812678,-12.113341120438402,-0.08465262915998414,10
ACI.NS,484.70001220703125,722.5861228075659,-32.92148895362702,200756.66533864543,-1.6137180123711903,-6.563853068524095,-8.52991321466935,-11.238494784510955,-0.08528514293147126,10
AMRUTANJAN.NS,500.45001220703125,785.8889257790795,-36.3205160689957,38293.44841269841,0.42139180852731606,-5.100969872809369,-10.999462373936563,-9.714951609569667,-0.08163874149717977,10
TECHNOE.NS,964.7000122070312,1544.4460682715983,-37.53747495458779,242674.7341269841,-1.193215923615376,-9.208981424358454,-4.437839305890911,-12.028083742061835,-0.08103703165825236,10
JYOTHYLAB.NS,194.58999633789062,328.41230490948914,-40.748262647613075,631132.5928853755,-3.711217841510639,-4.631443471471841,-1.4485825377829387,-16.311458019361435,-0.08256568447524888,10
AMBUJACEM.NS,398.29998779296875,597.8407381419596,-33.37690753044821,2619422.4940711465,-1.0926308121888995,-6.0613236337337835,-5.861502706875243,-12.566289608128777,-0.0810649446327973,10
FRACTAL.NS,794.75,1118.0,-28.913237924865832,651604.2587412588,-3.2444635527096644,-4.050463393385262,-16.52662321402769,-5.684450605382684,-0.08366306240309399,10
KSCL.NS,728.5,1218.7102069676118,-40.22368928765685,143062.11155378487,-4.346110379070323,-4.559149528298912,-16.27398914596936,-5.07525071177195,-0.082587379720664,10
FORCEMOT.NS,17625.0,26450.0,-33.3648393194707,99619.94841269842,-0.5473422864236577,-3.688524590163933,3.106353106353099,-20.82210242587601,-0.08189374185119626,10
ITC.NS,263.5,406.5707642578344,-35.18963408965221,18026472.81027668,-1.0514412021473962,-5.555555555555558,-7.576291000033509,-12.401746574261917,-0.0844984116104067,10
DBL.NS,393.54998779296875,585.0,-32.72649781316773,396318.72,-0.3166160178949884,-11.112368652068039,-7.22537094107949,-10.055993881279468,-0.0844414416703874,10
MIDWESTLTD.NS,1078.4000244140625,1859.9000244140625,-42.018387533824644,111984.63636363637,4.002314497335568,-8.15092012280434,-13.492696491736755,-8.322708522506161,-0.08606844931350802,9
ASALCBR.NS,696.1500244140625,1277.0,-45.48551100907889,59591.517928286856,0.35318036095119965,-5.2857109640731315,-14.771053523752864,-7.989684525836848,-0.08649014024180106,9
JINDALPOLY.NS,683.7999877929688,1026.449951171875,-33.382042932313496,180745.9007936508,-1.53359121993758,8.798725185834332,-6.552786089105744,-21.01190040997265,-0.08764210075547677,9
ZENSARTECH.NS,450.54998779296875,845.3898333433813,-46.70506196991797,1497163.0909090908,-2.1713169612535776,-9.998005932943876,1.9194680280577137,-18.247770749450797,-0.0894000077407714,9
RAYMONDLSL.NS,696.8499755859375,1348.3018107388446,-48.31646964828471,169980.2648221344,7.158232918157226,-3.98870387075414,-12.207904094517685,-12.6584802981481,-0.0880768082994965,9
HAVELLS.NS,1140.0,1608.1408144941627,-29.110685474481624,910914.7222222222,-6.7713481780996565,-11.284046692607008,0.9743135518157642,-15.63457948053757,-0.08895481883001666,9
DRREDDY.NS,1151.0,1405.9838095385528,-18.1356149202201,1925358.9169960474,-0.47557284911370346,-4.48132780082987,-9.181490384152314,-12.614164005809414,-0.08743935562646804,9
KALPATARU.NS,272.1499938964844,429.29998779296875,-36.606102577452305,123355.94444444444,-1.0003637908538976,-5.17421815453506,-13.369409777496111,-9.31356602418404,-0.08871129352914851,9
FINOPB.NS,139.97000122070312,339.0,-58.71091409418787,1305542.138888889,2.587216883708887,-11.169642244987365,6.586958128267706,-21.611781398701847,-0.08643831881627011,9
INFY.NS,1082.0,1691.3991593070652,-36.02929302369553,11204308.656126482,-5.087719298245618,-9.129080005831325,-3.081334975079131,-13.389192273240758,-0.08614665332810868,9
HAPPSTMNDS.NS,345.6499938964844,574.7140242073417,-39.857045532652094,1489578.9881422925,-2.5926481749439345,-12.34943868474232,-0.274375670321636,-15.232009086417886,-0.08904268890106504,9
ICEMAKE.NS,730.3499755859375,920.0,-20.614133088485055,31914.376984126986,-0.4226650173152824,-10.65509025878324,-6.058272027983613,-12.307138500891213,-0.08913621562239746,9
HDFCBANK.NS,703.0,1003.8961237048558,-29.972834499490396,30574149.675889328,0.31392868797839313,-3.566529492455417,-7.485630815204547,-14.308144375977971,-0.08650860024645797,9
IPL.NS,134.64999389648438,238.9654263634813,-43.652939278473966,387579.9123505976,-2.59694115597906,-5.800707998081089,-13.813070622923751,-9.57597319789506,-0.09394146181249274,8
VENTIVE.NS,571.5,793.9500122070312,-28.01813826901547,72407.18181818182,-1.2612280488816907,-4.231252618349391,-7.748184019370463,-14.8159220147405,-0.09223197340265388,8
CELLO.NS,343.95001220703125,670.829945323981,-48.7276895427024,409757.93227091635,-1.0500557630592766,-9.152137701500852,-8.435510327105577,-13.012007611962783,-0.09670889259522886,8
MOIL.NS,251.49000549316406,398.6210131186603,-36.90999791365708,1149925.746031746,0.4232771027371074,-11.400387498512288,-11.024231054727041,-9.192997144493642,-0.09222217963644315,8
RSYSTEMS.NS,245.88999938964844,463.47341542689173,-46.94625598683662,798582.9285714285,-3.8515703026286707,0.34278568758605577,1.1268787011899262,-23.76446046952848,-0.09484320470200071,8
ISGEC.NS,782.4000244140625,1113.9000244140625,-29.76030099060073,72638.51792828685,0.533250808103114,-3.1143537563093737,-10.893453073136317,-12.868198254039065,-0.08984860894008086,8
SHAKTIPUMP.NS,473.0,912.1978482724178,-48.147213798432055,1530980.833992095,0.13760852928663692,-7.363886732091585,-11.77261893160334,-10.27766618233602,-0.09101868645905063,8
RCF.NS,113.7300033569336,156.00738096015974,-27.099600892615904,2007233.150793651,-0.6811621384557487,-10.589617857294087,-8.745883123403054,-10.92574946342375,-0.09180104507694808,8
VESUVIUS.NS,421.8500061035156,606.1323605842241,-30.402988928538132,149772.6454183267,1.3940676555032283,-8.887687666627297,-5.931543177489196,-15.256837144324608,-0.0952032857875174,8
PROTEAN.NS,499.6499938964844,922.9244479133125,-45.862308120001714,329239.49407114624,0.4018888826543554,-9.741698291697077,-17.59215944926853,-4.846449281292021,-0.09124378317371346,8
TCI.NS,872.5,1230.6142063952873,-29.100444683169613,32952.49003984064,-1.2170959524483438,-6.953184532180212,-5.431291642861924,-15.043614982425158,-0.09159179987509518,8
PFC.NS,355.8999938964844,476.82888450136187,-25.361066524176156,7015967.3083003955,2.7128409513663465,-5.576525269735821,-13.758838196256262,-10.051705419636248,-0.08992354585541908,8
SCILAL.NS,38.77000045776367,54.244129857072295,-28.526827584996507,556458.0714285715,-0.40475756732705204,-3.88693725689383,-12.507801563015708,-11.403543641019931,-0.09131621133424156,8
ORIENTTECH.NS,233.42999267578125,466.7272644042969,-49.985781744780326,1482120.2015810276,-1.2396378096988347,-9.785510076992754,-7.862645726400852,-13.206922446208157,-0.09722628492771954,7
IRCTC.NS,472.45001220703125,729.6617501297184,-35.25081832464979,1276218.365079365,-1.8489651570858023,-9.535660659256816,-9.3273153679159,-13.778629130037123,-0.10401674909949563,7
RALLIS.NS,205.2899932861328,362.8508533778527,-43.4230369378916,825981.5770750988,-2.009549744089345,-2.936173387171248,-10.263588122489987,-16.363501973531125,-0.1041266687800263,7
JWL.NS,242.41000366210938,358.25,-32.33496059675942,3693110.932806324,1.2700040134243196,-7.618136699447087,-12.04281629403885,-11.802802154273373,-0.0973059268846799,7
AWFIS.NS,253.0,639.4000244140625,-60.431656187087924,354416.2252964427,-1.3260506932215588,-5.119067770083429,-16.515423134470087,-9.253941507388907,-0.09812622166635432,7
ICICIPRULI.NS,469.29998779296875,704.3556293706895,-33.37172754446962,1456938.4285714286,-5.2780348712829,-6.093048965889192,1.9331003506671385,-21.72714522948044,-0.09857341266898162,7
CIEINDIA.NS,383.3999938964844,518.5450350593709,-26.062353706156504,370457.06,-1.9061051786342098,-6.373627864106379,-12.084386945530568,-13.004805102249684,-0.10292574215243741,7
CAPILLARY.NS,460.54998779296875,798.9500122070312,-42.35559412274884,1442939.7722772278,-4.845043844427943,-11.932311493925141,-9.349473701661882,-10.55545427152429,-0.09897990502336101,7
CSBBANK.NS,312.8500061035156,574.4000244140625,-45.53447200447987,707905.0833333334,-7.7002522978443455,-3.768071291914854,-11.649251423040418,-12.818726269362424,-0.101459054228245,7
POKARNA.NS,786.6500244140625,1145.4889587311654,-31.326267405892892,179078.37301587302,-6.568084445774769,-17.97184312679223,-3.831611225381071,-11.263368183166378,-0.09906007710816796,7
HITECH.NS,75.4000015258789,127.5,-40.86274390127145,1204239.3280632412,-1.489416482900996,-10.430029398273877,-15.895147526446507,-7.473305310513744,-0.09992813910084325,7
COLPAL.NS,1819.9000244140625,2391.634417204719,-23.905593124006174,408864.58102766797,-2.2347556049388984,-9.367528664638325,-12.462721288404888,-10.422573580602712,-0.10004827112184106,7
VIKRAN.NS,59.13999938964844,118.0416404738854,-49.89903634664235,5224648.415019763,2.5312050567753763,-19.446575927825705,-14.880845121553099,-5.179762902863172,-0.10172353377498802,7
NATCOPHARM.NS,825.75,1224.7250830949197,-32.576705466560455,1046670.3134920635,-2.7614239130880125,-9.154414332142569,-1.78710160660418,-20.40520892128903,-0.10805239308234181,6
EMAMILTD.NS,363.6499938964844,602.0840578111723,-39.60145777343709,605784.0988142292,-1.195488124553179,-9.607257039335138,-6.947286270353581,-16.064629221815498,-0.10551037790154619,6
PASHUPATI.NS,81.0199966430664,118.3499984741211,-31.542038286732566,76902.84126984127,-2.503010672981465,-3.2712576686753314,-7.806100164716101,-19.13768462514236,-0.10901456500504986,6
KALAMANDIR.NS,85.37000274658203,219.27654356882928,-61.06742592839849,1388105.3293650793,-0.29198784393870136,-1.8284226709180507,-15.942579981043991,-15.261719993026833,-0.11282345310101412,6
PNCINFRA.NS,177.05999755859375,324.36408636405883,-45.41319307469025,489029.2896825397,-6.203319621143599,-15.846006323694917,-10.548653443102463,-9.162733828301983,-0.10619222791104874,6
RESPONIND.NS,148.22999572753906,240.7572086823752,-38.43175183049448,585319.8406374502,-1.488672476235653,-11.14963817426171,-15.115946620847131,-10.914830426951072,-0.11279511039510477,6
SYMPHONY.NS,613.0499877929688,962.0339852805155,-36.27564127953213,133936.2341269841,6.728753784147656,-4.909263814919673,-6.4993937110154665,-22.006174303841686,-0.11061265219410484,6
INA.NS,93.12000274658203,161.80999755859375,-42.45102023880698,1408759.3953488371,4.196038810285718,-10.495961238804231,-20.34217148751066,-7.075138611581133,-0.10612295257617928,6
TTML.NS,36.4900016784668,60.619998931884766,-39.805340941248566,4643707.584980237,-3.9736797935084334,-5.9778397648314385,-21.425489324884815,-6.363868269315853,-0.10566130037508917,6
BLUESTARCO.NS,1460.9000244140625,2022.9788267608074,-27.784710097373843,479141.32936507935,-2.012207358557816,-3.1233405560966543,-5.699860043277694,-22.23410487163717,-0.1142948880871329,6
RAJESHEXPO.NS,79.61000061035156,237.8800048828125,-66.53354675624374,490286.0830039526,0.1509658445175699,-4.268882750633307,4.187929321915496,-30.514095467918555,-0.11787939356267678,6
VBL.NS,405.70001220703125,555.1842484654879,-26.925158030262295,6022365.280632411,-2.2409609139683706,-7.162468602510009,-22.223298718139084,-5.612461050165707,-0.10568563847406846,6
BANKBARODA.NS,236.60000610351562,315.30188105660324,-24.96080095981381,10332253.960474309,-1.9071272400196793,-3.899265216784198,-13.885348096991578,-15.571166185729934,-0.11364636670748256,6
LATENTVIEW.NS,258.04998779296875,517.5,-50.135268059329704,1333112.8373015872,-5.320124986031671,-13.347885033371554,-9.77273154092002,-15.226677737476436,-0.12224080062544057,5
SOLARWORLD.NS,147.99000549316406,388.5,-61.90733449339406,546931.0593220339,3.6126889280676755,-10.096588940868001,-19.671058500142912,-10.833280469540806,-0.11892678633226028,5
SHARDACROP.NS,795.9000244140625,1282.80960014975,-37.95649609099024,381558.0714285714,2.261343556101325,-1.3020832939122706,-12.849488559847355,-21.87337448713028,-0.1263847866597864,5
NIITMTS.NS,223.50999450683594,437.79574031188224,-48.94651228273506,239112.86852589643,-2.889298335707413,-9.280480572283034,6.919428408341899,-29.88043923866982,-0.12021373120992708,5
UGROCAP.NS,85.05999755859375,192.5,-55.81298828125,499228.07936507935,-0.047004601932520984,-11.09950116294841,-10.735652490970471,-17.760807011873105,-0.12549619244823318,5
IRFC.NS,82.0,135.7285614195044,-39.585302354632866,12733596.115079366,-0.60606060606061,-7.344632768361581,-12.139720999431859,-17.713391836357516,-0.12256805648650941,5
SUNTV.NS,453.5,653.9340000086492,-30.65049378163517,397211.59920634923,-1.8716853858537275,-6.069659691157215,-8.617430659745995,-20.754986633129146,-0.12288324327992273,5
ABLBL.NS,84.5199966430664,150.53067573506257,-43.85197818959935,1761854.205533597,2.1019544448274363,-7.608227436012294,-13.596896658871449,-17.305296879165034,-0.12312637792047162,5
STUDDS.NS,421.8500061035156,596.0022160423393,-29.22006080703098,179559.2358490566,-2.6649718402459,0.7782710224161882,-15.208218665344663,-18.377928566063705,-0.12024480005570234,5
TATACHEM.NS,607.7000122070312,1011.1043139234446,-39.89739695116729,855865.0671936759,-4.140705023194702,-9.128970137266357,-18.533413464390435,-10.417624319408624,-0.11966938296853322,5
ABFRL.NS,52.2400016784668,94.94999694824219,-44.98156571090451,5981306.786561265,3.5070347036916694,-10.898856000743805,-12.787979386115245,-15.387106805527251,-0.11820304267825069,5
TMPV.NS,306.45001220703125,733.6144341409002,-58.22737422473159,11529754.023715414,-2.0143845860811305,-11.838317944168807,-20.771253383399678,-7.859817968674876,-0.11944405249931729,5
IRCON.NS,116.88999938964844,188.0146956609217,-37.82932819227296,3577473.4743083003,-1.1501062243987836,-8.779460007480544,-13.638718789380022,-14.77836375857472,-0.11873863764179882,5
GRAUWEIL.NS,72.01000213623047,115.5999984741211,-37.70760978655977,359087.0857142857,3.9855626515963527,6.523674203628316,0.7837721650204577,-37.70760978655977,-0.13144621159232472,4
DABUR.NS,375.0,541.7253133302969,-30.776725626007874,2099652.774703557,-1.055408970976257,-9.123953581331957,-10.91346970503354,-19.494550518774677,-0.1300219273238395,4
TRANSRAILL.NS,419.0,818.0909716568119,-48.78320205008081,701243.5968379447,-1.9079934479548255,-11.491338106856775,-11.835547495417364,-18.224025251945886,-0.13329341315570403,4
CRIZAC.NS,171.94000244140625,375.5949132544453,-54.22195658839337,408801.4505928854,4.0169384555724275,-7.224949688315796,-16.517771976830286,-18.785132025531205,-0.13512680495367485,4
JKLAKSHMI.NS,498.75,926.0398997451395,-46.14162951971468,163475.94444444444,-4.8368587610782665,-10.730268640985141,-13.564505800466986,-16.841822675428574,-0.1343582041461638,4
FLAIR.NS,236.9600067138672,344.31560429688966,-31.179416861529752,137253.5158730159,-4.1191198110068665,-4.37736156235461,-12.208913174092084,-21.40648256630473,-0.13512651272321125,4
ZAGGLE.NS,180.11000061035156,405.3999938964844,-55.572273477551846,1670019.0674603174,-2.3370554177348013,-11.702125510910989,-7.493578103018228,-19.722766927982605,-0.12711310846054188,4
GODIGIT.NS,259.1499938964844,381.3999938964844,-32.052963281687894,528409.2738095238,0.29024768487435626,-2.2813039336604057,-13.917952365206165,-22.468214241889495,-0.13589907424562295,4
TATAELXSI.NS,3492.0,5845.177388781378,-40.258442682985475,311923.6798418972,-3.2418952618453845,-7.984189723320156,-14.093825582603547,-18.160367831223702,-0.13413322278119114,4
GODAVARIB.NS,244.3699951171875,353.0,-30.773372488048867,285008.20238095237,2.9793476504455185,-10.683483309305576,-12.112927226905256,-20.035997959236862,-0.13487039248582885,4
SAGCEM.NS,151.82000732421875,295.95001220703125,-48.70079369416841,86562.54581673307,-3.3178319401254597,-11.778714303574455,-9.377419906612893,-18.001613648931635,-0.1270139748628396,4
HINDWAREAP.NS,180.27999877929688,392.70001220703125,-54.09218406536404,212335.70916334662,-1.0048881582128022,-16.08638900935343,-15.365474189751549,-14.03366887242784,-0.1354087642358857,4
CHEMPLASTS.NS,180.75999450683594,451.29998779296875,-59.94682043072456,357983.3611111111,6.110941021624927,1.226402583184627,-8.01485951873665,-29.73098998248952,-0.13440479229817384,4
INDIAMART.NS,1684.5,2556.182504015267,-34.10094946843674,110602.46428571429,-4.528452919320058,-5.508495757085896,-11.942628610766148,-20.48334315808399,-0.13330670289812627,4
RVNL.NS,207.5,398.20450175980454,-47.8910963881661,7168958.166666667,-0.42230773691909196,-9.768175942608215,-6.320373971200999,-26.60551250959481,-0.14534183157411776,3
PIIND.NS,2395.0,3812.9263498994665,-37.187352174710966,262966.9169960474,0.08357709987463213,-12.271062271062272,-15.416951270971978,-20.20727082808529,-0.15153848456750701,3
JAINREC.NS,296.54998779296875,593.9500122070312,-50.071557926056364,2659296.9102564105,5.1036662087497575,-0.4030267697837986,-9.11737698834234,-31.670509725122407,-0.14973655719633452,3
MHRIL.NS,205.7100067138672,368.8999938964844,-44.23691783210203,188054.20948616602,-0.42595945574448457,-8.804362266924148,-12.638550283499706,-23.342648766508745,-0.14932092990612686,3
VOLTAS.NS,1144.800048828125,1577.544205432766,-27.431507473093387,987019.9486166008,-0.6336192094874349,-10.562496185302738,-10.938227237861508,-21.9521268419563,-0.14238180066150263,3
KITEX.NS,127.0999984741211,232.6999969482422,-45.38031794543124,1320098.0198412698,0.8730146620008705,-7.858491935209111,-10.807018614651865,-25.945350545841983,-0.15104642723574088,3
GREENPANEL.NS,161.69000244140625,332.93469763642287,-51.4349199439772,357131.3095238095,0.9994416516436289,-14.926862823115261,-14.978636975575677,-16.862286290343775,-0.14123934008268907,3
SWANCORP.NS,276.79998779296875,505.7501702925763,-45.26942272054203,1163650.0869565217,-3.0133168491359164,-11.02434332966713,-12.51405823611046,-21.592092907096795,-0.14897254984518873,3
BHARATRAS.NS,1159.5,2987.5,-61.18828451882845,23523.93625498008,-5.961070559610704,-15.383495680993398,-15.27838516118749,-13.663440059568133,-0.1372169776434325,3
BGRENERGY.NS,257.05999755859375,490.79998779296875,-47.6242860733265,142907.012,10.269390418171476,-1.4529455458083596,-19.681297496290306,-23.070476655993044,-0.14396229978628833,3
UBL.NS,1252.5,1834.8434605529826,-31.738045946299785,156797.52777777778,-4.308963508447505,-9.422913235977227,-4.489073493336749,-25.694350550846334,-0.13939941266379755,3
JSLL.NS,505.45001220703125,849.5,-40.50029285379267,701218.5317460317,0.397258903864639,-6.389480363002898,-14.864409328869277,-19.88429344626207,-0.13651210359379726,3
ICICIGI.NS,1484.4000244140625,2057.089271774458,-27.839785818648032,769313.8611111111,-5.265173190028549,-9.970889103921898,-13.314645920891966,-21.132900302316628,-0.14968249036981476,3
GRMOVER.NS,88.16999816894531,185.4499969482422,-52.45618785663666,2191391.706349206,3.376711481420158,-2.628387413142441,0.650684594466755,-43.61811266407247,-0.17440046021775438,2
AGIIL.NS,271.6499938964844,434.3999938964844,-37.4654701396664,1767247.071146245,-3.2413200724899838,-9.49525256689796,-27.07382714188339,-12.666772365446466,-0.15412039609372194,2
GODREJCP.NS,865.0,1255.1784329498362,-31.085495313432453,1462992.2964426877,-4.41988950276243,-15.143509255282527,-15.825125405605222,-19.909987346915482,-0.1618222336178051,2
KPITTECH.NS,562.0,1313.886868193049,-57.226149860763684,1909891.0948616602,-4.4217687074829986,-9.609971853638921,-24.333045741413972,-16.99077720177359,-0.16460395844609713,2
AWHCL.NS,365.75,615.2145880235402,-40.54919907295742,377791.01587301586,-3.07407073430217,-12.251842983542305,-15.686214643303508,-22.52656728304423,-0.1647426697634742,2
PGHH.NS,7736.0,14166.08056390996,-45.39068188198417,12158.22619047619,-0.34138486312399463,-7.810649799559377,-13.33063533133182,-28.08737436884281,-0.16830408793160945,2
ASIANTILES.NS,50.040000915527344,79.05999755859375,-36.70629590085531,4382021.968379446,-0.2392323210721803,-5.316930254917063,-17.179737782172065,-24.365178135281983,-0.15987301871855042,2
CMSINFO.NS,236.5800018310547,425.9536431693522,-44.45874436693236,669495.5992063492,-4.477731021068488,-15.31054352531932,-18.11007032564231,-19.50323009724817,-0.16744194943762677,2
BSOFT.NS,281.6499938964844,467.1017114386881,-39.70264141636445,1651507.2371541501,-4.33084248109159,-12.066810917728299,-9.553956921957607,-25.161172454343696,-0.1577710248997958,2
TRIVENI.NS,272.75,487.9415273208757,-44.10190878862487,584222.8214285715,-1.8708443887953563,12.725404217223502,-28.396094736810063,-26.474357260469162,-0.1675057492066552,2
MEDPLUS.NS,663.4500122070312,1022.2000122070312,-35.09587123027157,202848.368,-1.4263391664885439,-3.3294442652431644,-24.250724359136065,-19.615916661773603,-0.15930106742147748,2
OSWALPUMPS.NS,274.79998779296875,840.0,-67.2857157389323,636427.0316205533,-1.2576357001509053,-10.298683754517747,-30.989457717521272,-13.720568981799453,-0.16970565228894804,2
AURIONPRO.NS,672.0999755859375,1305.5547733381093,-48.51997102599702,201989.4861660079,-3.015876538825757,-7.570659008432868,-13.528468885694755,-24.270425286091545,-0.15582430235714198,2
RAMKY.NS,337.6000061035156,705.0,-52.113474311558065,215218.052,-1.8176530141222225,-15.87340733294914,-18.66039849833364,-25.36752480417579,-0.1910157623917246,1
CAMLINFINE.NS,104.1500015258789,235.0,-55.680850414519625,1138130.4642857143,1.3132280486814807,-17.011950975395294,-23.827978658451865,-26.97889787534502,-0.21211020137884476,1
GUJENERGY.NS,260.17999267578125,452.0,-42.438054717747505,966803.4801587302,-0.8044591102978504,-5.182216303571618,-32.9433008567574,-33.457802384710675,-0.24383000382655604,1
PATANJALI.NS,342.0,606.7970321970149,-43.63848505294611,2719720.090909091,-0.8695652173912993,-2.4794832533153843,-19.105287263726524,-30.594342351762783,-0.18552176292225275,1
AHLUCONT.NS,607.1500244140625,1077.949951171875,-43.675490336633004,101504.28968253969,-0.8734654017857113,-26.84058241319719,-22.7397030888287,-20.446801008519564,-0.20456094352874443,1
FIRSTCRY.NS,176.24000549316406,438.70001220703125,-59.82676075012441,2937910.169960474,3.172929362225174,-17.675633414723524,-18.693481288307567,-21.622340560889086,-0.17474814357570093,1
KEC.NS,405.70001220703125,927.0025895267679,-56.23528814367822,1097851.3241106719,-0.5149523415394541,-9.99445098013727,-18.63902086116338,-25.070662754297423,-0.17670356790249384,1
CEINSYS.NS,702.2000122070312,1249.9000244140625,-43.81950568116727,83023.61428571428,0.6161323459730417,-11.789457574911156,-23.723655134783208,-27.801765388283638,-0.20534080976133343,1
AVANTIFEED.NS,837.1500244140625,1575.9303166617983,-46.87899486651486,977713.9325396825,4.487020926023355,-2.634329344089281,-20.13558915426512,-30.0295382710434,-0.18130655830912415,1
EPACK.NS,187.3800048828125,408.0,-54.073528214996934,1559030.162055336,-0.07998394788073515,-17.551810023212134,-17.609809208437632,-29.389151625802523,-0.20556963812282797,1
KPIGREEN.NS,292.04998779296875,541.6977805031639,-46.08617603681267,1451784.007936508,-5.116959267260823,-20.907247720252197,-23.48703734529539,-18.067056307648,-0.1896607919742434,1
WAAREEINDO.NS,262.04998779296875,725.0,-63.85517409752155,78432.17063492064,-2.2566274423025945,-15.807232837600404,-29.923792154367124,-18.56743389264527,-0.19791220515118585,1
KPEL.NS,235.8800048828125,462.6490430754016,-49.01534793742797,318801.39130434784,-2.1813031932278126,-13.03962953629032,-31.470076549290138,-16.086801934842644,-0.1870179996530494,1
VEDL.NS,272.0,795.0,-65.78616352201259,17309191.932806324,0.4802318929984173,-1.0909090909090868,-12.158887336865476,-61.673808960908204,-0.284873484143049,0
BIL.NS,,980.0,,7940.028,,,,,,0
VMARCIND.NS,320.1000061035156,1708.0,-81.25878184405646,100191.53225806452,-14.867019653320312,-2.690380232588563,-77.08415279391453,-54.54738997465167,-0.46968979839884767,0
KRISHIVAL.NS,,508.0,,20468.688,,,,,,0
FAZE3Q.NS,,650.0499877929688,,77272.716,,,,,,0
BUTTERFLY.NS,,823.8499755859375,,77733.544,,,,,,0
VHLTD.NS,,155.36000061035156,,28192.767068273093,,,,,,0
RELINFRA.NS,57.0,288.70001220703125,-80.25632227575923,919466.6031746032,-2.078679098958136,-21.638710923868942,-33.59738766107142,-37.26612412821615,-0.29521276044277495,0
HEG.NS,258.6000061035156,753.9000244140625,-65.69836878510493,2110610.4703557314,-63.39184638080717,-61.8724650050106,-50.58680827520317,-50.44084914312865,-0.5406605977889525,0
EIHAHOTELS.NS,,430.0974955083229,,24102.384,,,,,,0
INDIAGLYCO.NS,287.0,1219.0,-76.45611156685807,195732.9841269841,-74.18368151429124,-73.54351151532147,-69.61998557303883,-66.50145151580995,-0.6961364673272905,0
ARIHANTSUP.NS,,465.0,,87270.1485943775,,,,,,0
SHOPERSTOP.NS,,572.0,,120772.0753968254,,,,,,0
DOLATALGO.NS,,95.63547251598347,,380676.612,,,,,,0
DVL.NS,,373.3187363457356,,33966.34136546185,,,,,,0
NAHARSPING.NS,,347.8088684400749,,28496.068,,,,,,0
ORIANA.NS,1205.699951171875,3064.0,-60.64947940039572,59255.72289156626,-7.1895948094322755,-17.87624349541057,-29.55920112321945,-33.692635226430745,-0.26639022607563473,0
SIMPLEXINF.NS,,330.0,,144357.3172690763,,,,,,0
