Ticker,Current_Price,High_52W,Pct_From_High,Avg_Volume,Return_1W,Return_1M,Return_3M,Return_6M,RS_Composite,EMA_10,EMA_20,SMA_50,SMA_100,SMA_200,Days_Since_Peak,Max_Base_DD,Prior_Leg_Gain,Vol_Dry_Up,RS_Percentile
KABRAEXTRU.NS,681.5999755859375,741.9000244140625,-8.127786338293863,116038.25498007968,-5.745702471875214,28.822530152476,183.38598182204478,223.41635852239028,1.4957227373887723,654.4755092897935,622.7096386216116,506.1829992675781,375.1264993286133,301.39909957885743,3,-21.040575749323953,81.14389025834367,False,99
SIGMAADV.NS,866.0999755859375,888.2999877929688,-2.4991570991899303,281615.12,9.238822255858214,25.276633567809803,57.101395748839835,444.5114981011413,2.0091422690425627,805.0181372105518,771.4079545296253,677.3690014648438,557.351399230957,369.843150177002,0,0.0,73.28931507391323,False,99
BODALCHEM.NS,191.22999572753906,191.22999572753906,0.0,639310.892,15.1225061855921,166.52264212897433,178.80158323014723,305.23416251871885,2.1055091902088576,168.38694140157213,146.86323818333562,96.95300048828125,82.67790008544922,67.79985013961792,0,0.0,185.2050514895923,False,99
MOREPENLAB.NS,120.9000015258789,123.44999694824219,-2.065609951721903,8900727.273809524,4.595698539062587,25.53218035511433,131.55047782312286,227.3881913154125,1.3598642579803097,114.94090841102145,108.74248960836684,85.573423538208,67.16979499816894,53.36847368240356,0,0.0,125.09460437752944,False,99
TBZ.NS,603.5499877929688,603.5499877929688,0.0,1292026.4722222222,14.677940678651114,144.20005113141374,219.5182876888661,370.8599609448471,2.445072749787465,528.4739952253094,465.77610946396686,334.98431579589845,251.19385482788087,201.19672340393066,0,0.0,134.7297390964179,True,99
STLTECH.NS,818.7999877929688,912.0,-10.219299584104302,3991018.865079365,-8.758639902245813,31.766970650675596,34.82628095690021,334.23843784179735,1.4962078956369953,822.5219595177153,780.6920774600042,659.0300030517578,592.07,374.1437997817993,3,-13.048245614035093,61.238768376920795,False,99
SETL.NS,402.3500061035156,468.1499938964844,-14.05532172398537,573763.812749004,-14.05532172398537,31.93965895969839,94.7671616503158,246.6741466200585,1.320822067626593,416.77145957253595,394.8265589369027,329.1629998779297,253.42580001831055,193.0650496673584,5,-15.999144477837158,66.54215002901395,False,99
INDORAMA.NS,91.05000305175781,96.5,-5.647665231339049,439193.5753968254,5.2601191349801235,48.55604779195068,101.79522430665635,190.43062821005705,1.1694804004790789,83.50161467277317,76.96945171079064,62.779600067138674,52.76590003967285,46.39650011062622,3,-15.95855080401959,66.18501809282597,False,98
BIRLACABLE.NS,409.5,418.79998779296875,-2.2206275224549765,100538.03614457832,14.754096397916715,39.71817705026868,81.26711812011142,217.66810213345616,1.208664213392613,370.10116423081206,341.68730695852065,267.1888485717773,227.39399658203126,181.30694511413574,0,0.0,114.22821582096243,False,98
WELCORP.NS,2660.10009765625,2784.800048828125,-4.477878087669174,1001889.2222222222,-0.616453687439078,32.66009188268928,88.43072166979154,232.01878523688873,1.2580710360348688,2549.3110704909386,2458.478086412478,2065.916013183594,1726.7224743652343,1287.966594848633,6,-19.55616518627339,64.89904408217042,False,98
DIACABS.NS,366.79998779296875,404.0,-9.2079238136216,3103970.860557769,4.352770353618429,2.0589855376057065,76.64338963372292,196.28431239991042,1.0235381599296403,363.85788329504607,353.91634496806597,325.3643994140625,261.1591995239258,198.81484970092774,1,-10.371285617941673,46.67086962733498,True,98
INDSWFTLAB.NS,373.25,404.0,-7.611386138613863,842871.552,-1.1258278145695355,15.89455468839871,97.61223546747408,162.68562855924768,0.9742425022016411,373.2106738744151,358.82057019179064,297.9680017089844,231.30300064086913,176.32540016174318,6,-20.742571235883357,71.30322513285681,True,98
PVP.NS,59.279998779296875,71.9000015258789,-17.552159219412154,1318695.896,-10.317700230347704,51.49500935639048,99.86513514587617,137.5000038208107,0.9422677392033046,61.796471783931445,58.564738321713655,43.24240005493164,36.23900003433228,33.48489992141724,12,-19.74965293683403,138.75228461869264,True,98
CYIENTDLM.NS,940.7000122070312,1009.0,-6.769077085527131,652968.4841269841,4.01370928936966,28.818899309418853,100.27676980182743,209.64451942246032,1.201059895003531,895.5190664542085,859.8409779407164,743.6720031738281,597.5210009765625,478.7340007019043,8,-19.529235658371537,83.28169628339286,True,98
CUPID.NS,265.0,299.0,-11.371237458193983,28757330.73015873,-5.35714285714286,-6.1714382777293135,45.61239189036343,232.914579246072,1.0507954732427771,277.3058186826821,276.31795269095045,258.4717990112305,205.96929901123048,146.96164958953858,25,-21.367892772457676,66.10898028733823,True,98
UFBL.NS,692.4500122070312,850.0,-18.53529268152574,198583.9314516129,-1.6406232660466924,-11.264171990638594,7.498251333127537,244.00617780473402,0.9743504979709949,706.2452375995404,720.4760022847854,733.5379931640625,626.8246966552734,426.30424827575683,17,-23.529411764705888,27.668171459742275,True,98
MODISONLTD.NS,457.6000061035156,546.0,-16.190475072616184,118342.93172690763,-6.669382521637102,22.385668246414546,43.49655843953884,272.23138756115077,1.2575171795344116,473.04326730189206,449.9535303427751,361.5656579589844,308.8577070617676,224.85501159667967,10,-19.047619047619047,83.39199285207374,True,98
NOVARTIND.NS,2046.800048828125,2588.800048828125,-20.936340767041774,69969.97321428571,-14.4063895356346,38.09203321116419,39.039473050289295,204.47007048391598,0.9967763779732255,2053.6507622697723,1920.0531321253432,1691.3799926757813,1519.7869970703125,,6,-23.51668871080681,52.123795605254486,False,98
SHILPAMED.NS,1021.0999755859375,1033.0999755859375,-1.1615526361032025,891502.1832669323,8.639211518533084,26.492251436597257,86.46612971341105,224.61989883631492,1.2195016988772207,950.0651515985065,915.0672398731037,783.3530224609375,651.9870565795899,493.54132247924804,0,0.0,69.27455303841599,True,98
BLISSGVS.NS,681.8499755859375,728.0,-6.339289067865728,2405273.661354582,-2.6554409732233886,18.830601270760905,44.360242928351944,229.73833211099307,1.0870398187973265,681.9818769175753,649.6221272975514,555.041997680664,478.10621185302733,339.2161752319336,2,-10.611263736263732,46.482036626706005,True,98
AVALON.NS,2537.699951171875,2618.0,-3.0672287558489275,392452.78486055776,13.951502073276822,13.007652334023856,47.28380447892484,172.4900659760359,0.8717784840822427,2289.8867502613716,2231.7038804977205,2006.7000146484374,1775.0085083007812,1361.9790057373048,0,0.0,45.777796414941996,False,97
IOLCP.NS,203.14999389648438,219.0399932861328,-7.25438270484754,2988997.464285714,4.549429493572488,24.061064974952284,52.66399843318492,173.19794543977468,0.9034553365021307,196.90711494066576,191.90685969186532,172.61279968261718,150.33519981384276,114.20072925567626,8,-20.767892452841362,21.406374271809447,False,97
FILATEX.NS,93.83000183105469,94.5,-0.7089927713706978,2153907.868525896,7.714385459325279,15.51114998273695,76.2837365113798,138.54354920658506,0.8217620917852787,85.16213127392056,82.18483129730716,77.85863128662109,63.53557376861572,54.50752321243286,0,0.0,27.526949087567143,False,97
FCL.NS,57.02000045776367,62.400001525878906,-8.621796372687596,13179535.273809524,-1.212752508896997,31.06533515482377,31.51832609067302,162.19085802952156,0.8042363281908561,54.83480688321563,52.726337357704075,45.62676719665527,41.09688037872314,32.13331259727478,7,-20.92948886848135,50.20650475261008,False,97
RAYMOND.NS,978.0,1122.0,-12.834224598930478,903352.8253968254,-2.4730742017209484,48.93778476178119,64.96584975539608,162.2335347872558,0.9392341837370528,919.6235405227876,835.9501167276043,684.8799987792969,617.4064990234375,511.0890002441406,3,-16.461676667293336,63.88843050865876,False,97
PAISALO.NS,89.51000213623047,92.75,-3.493259152312167,10278125.42857143,6.2685486986416405,28.117108198071826,50.821119717061,155.54010315475827,0.8371265368650015,83.26100378669888,78.85016105676976,72.75352920532227,64.55239807128906,50.49768251419067,1,-9.552561304961248,22.55065322131189,False,97
MENONBE.NS,316.8500061035156,324.0,-2.206788239655666,105917.6626506024,3.7152229471409504,25.133287667245718,82.26937244108505,151.79553822250878,0.9079720684949227,301.57312310407127,289.6887773341569,247.4012887573242,199.27630195617675,157.20844814300537,7,-14.660493827160492,72.13745271825098,False,97
BHAGERIA.NS,334.75,342.0,-2.1198830409356773,211369.5983935743,4.920862813892035,64.69054858148284,50.64727060277858,139.9909334082465,0.8462075054181796,305.5954673105779,282.7491378506875,234.59504638671876,210.1791407775879,186.14962814331054,5,-15.804089997944082,55.74047608814941,False,97
BHAGYANGR.NS,446.70001220703125,467.8999938964844,-4.530878812993377,239042.05976095618,3.3549281791908525,16.814858613191518,9.633083525361762,207.68703316069886,0.8966320286244547,415.1000885068536,403.72995738281145,390.4129998779297,361.31950012207034,262.98979999542235,0,0.0,10.678891340864173,False,97
MACPOWER.NS,2104.5,2149.0,-2.070730572359236,33780.86,12.60577817031443,8.387120137246251,78.39143467674485,146.40870648486995,0.8501891484145212,1915.265425228942,1875.4122758158103,1678.7288427734375,1410.5333862304688,1181.3704760742187,0,0.0,55.64428731612103,False,97
HFCL.NS,215.7100067138672,256.70001220703125,-15.968057477186715,28641106.944444444,-7.693951619538042,-3.657877358587003,6.634047097303619,203.1337768588768,0.8174275423907059,224.38138982764377,227.25615125510225,220.3743994140625,199.95529960632325,136.45819986343383,14,-20.101286969125532,10.73127349061609,True,97
STLNETWORK.NS,42.95000076293945,42.95000076293945,0.0,2805490.138888889,17.34973375288056,70.0990129225325,50.22735408783036,130.29491496753263,0.8294094817315671,36.87046335103777,33.406600960295364,27.657000045776368,27.514000034332277,24.568350048065184,0,0.0,68.36534840290768,False,97
YASHO.NS,4002.0,4994.0,-19.86383660392471,33365.58232931727,1.0606060606060508,-10.485815182240488,39.97696965194457,180.9462663994806,0.8238049502498813,4055.6855654688748,4082.86757899778,3863.5918603515624,3102.1373852539064,2265.1792626953124,22,-24.44933920704846,71.29774200505254,False,97
SBCL.NS,1096.199951171875,1215.699951171875,-9.829728123687742,351282.91633466136,0.8463616533463725,7.123757872133174,41.4908529161266,170.84045239051028,0.8229282457080336,1081.062239180233,1060.9133906577886,937.174951171875,819.01177734375,637.3583403015136,10,-21.271694165707565,50.37057036367079,True,97
VENUSPIPES.NS,2282.89990234375,2309.10009765625,-1.1346496125955507,98247.03187250996,13.00925349902975,48.200136380619995,35.42972169130913,138.1992172414742,0.7684955603000938,1994.6158490843015,1872.555914191875,1710.732978515625,1605.5812072753906,1369.9227407836913,0,0.0,34.322440953732695,False,96
MMP.NS,466.8500061035156,498.0,-6.255018854715733,43865.45564516129,1.4340045852288208,24.44506793670358,73.84962173600276,113.75797152015959,0.7269048917472826,446.7136536005881,421.8652865750496,351.9710467529297,312.38584686279296,277.5501691436768,2,-13.50401606425703,61.72390170693127,False,96
VALIANTORG.NS,426.6499938964844,428.8500061035156,-0.5130027225650147,57624.471774193546,18.67871874728355,37.89592834938071,46.64030795533809,115.87229063654334,0.6978806618582326,371.26232019506557,345.6851187520055,303.0139990234375,294.98010101318357,273.4519504547119,0,0.0,60.42488223852938,False,96
KOPRAN.NS,277.6000061035156,282.1000061035156,-1.5951789800205618,541148.6468253968,17.99711493041347,38.99459463589239,43.02120846231632,138.84856175906287,0.7804441766253987,250.1526447329032,234.85679487427993,207.13683258056642,192.6653030395508,163.76657085418702,0,0.0,42.078478689548795,False,96
JINDWORLD.NS,49.70000076293945,61.9900016784668,-19.825779291431232,6840546.936507937,-6.013616189378645,41.59544992454289,61.206619805158425,133.11445344441046,0.7932549568528242,50.14399735099621,47.59812788992203,40.32900016784668,34.66840009689331,30.259650049209593,9,-23.213426060196895,96.57373045992794,True,96
TFCILTD.NS,139.6199951171875,147.64999389648438,-5.438536478996814,8938426.531746032,-1.3216554550681048,5.167219715422888,83.87302781525517,114.43895634697068,0.7183876928094259,139.9736677368993,137.00216377207295,117.96989974975585,96.78742111206054,81.98177528381348,12,-9.969523758343769,94.98858919166035,False,96
ARROWGREEN.NS,889.25,952.75,-6.664917344528998,59853.716,13.016646163395729,25.289194623565848,48.55599764830494,130.39854462544292,0.730857206857214,827.9135014290803,793.2481425928518,740.1837927246094,648.354471130371,558.0492575073242,1,-13.198635528732616,27.978891092886137,False,96
OAL.NS,514.1500244140625,559.7999877929688,-8.154691742470888,33001.312,-2.0106703921337066,50.38023796213624,54.672201484709795,112.51865235442398,0.712841019403964,509.57352641162555,480.5477904765339,407.28322265625,363.2725006103516,321.04819107055664,2,-14.59449508235221,46.99676915995086,True,96
SPECTRUM.NS,3039.60009765625,3173.60009765625,-4.222334127698102,18313.951612903227,10.869564830215594,36.225520151475955,68.39889737707756,110.16386607461625,0.7291727615628653,2813.812388205133,2607.840616910144,2332.33001953125,1947.3980078125,1605.2125012207032,2,-7.0109652493494545,64.2650154066382,False,96
CONFIPET.NS,91.94999694824219,92.61000061035156,-0.7126699684262827,2580046.541832669,4.678962638547701,26.845081608422493,32.875723993189986,152.33260267152343,0.7663267085210564,86.92041841504695,84.12773638547806,79.21580032348633,73.10640018463135,55.51595016479492,0,0.0,23.505709492729785,False,96
RPEL.NS,1652.4000244140625,1943.699951171875,-14.986877299769697,103431.33864541832,-10.44872815194724,2.3348036404426953,37.100188708903744,159.3366640815626,0.7428681015818999,1685.336484418611,1667.2241009136987,1490.7359985351563,1269.435,1021.4551806640625,10,-22.457169880404127,39.584461213281074,False,96
E2E.NS,607.6500244140625,698.0,-12.94412257678188,1424504.7182539683,-0.44236115013899235,-2.596770346373667,40.334878617566396,168.61021180051688,0.7898095812118804,604.9955089283463,604.2703764542299,567.6500030517578,473.18050170898437,353.3871506500244,24,-21.07449506961855,53.4667893194348,True,96
BLUSPRING.NS,123.33999633789062,139.8000030517578,-11.773967349466542,507849.171314741,-6.191055410829682,4.560865797875513,13.114449103353731,170.0678810663044,0.7225455477602003,127.2786678703966,126.8168557496958,119.98959991455078,104.25530014038085,82.30795009613037,10,-19.349071860708868,22.929941249478027,True,96
SKYGOLD.NS,783.7000122070312,868.7999877929688,-9.795117032876444,1108391.7450199204,-5.612426384565595,0.7650288919358816,54.667454771408465,130.36448679787372,0.6813779429050264,801.184936731437,793.4544108062433,738.725,623.0569998168945,485.71399917602537,16,-15.630753879030824,60.35166126632308,True,95
KAPSTON.NS,584.2999877929688,600.0,-2.616668701171876,34718.688,3.5442141471988986,10.579099317963347,68.58048975869366,111.81800792627281,0.6777159137642979,573.6124840575951,561.0644188635133,513.82400390625,429.7060021972656,377.80641693115234,27,-17.374999999999996,64.31059152190674,False,95
PCCL.NS,445.0,451.04998779296875,-1.3413120400627698,13829.718875502009,1.7840776704450612,32.835820895522396,92.10015615146257,85.41666666666667,0.6854228545825443,431.6009961876672,408.35851195026214,334.7710012817383,303.27750091552736,264.2230005645752,7,-10.198426171139573,70.19920805061007,False,95
COMSYN.NS,306.54998779296875,314.8500061035156,-2.6361817213425787,320062.4337349398,1.7931243586013723,9.560400703016825,87.59560670889937,100.30711006359256,0.6849291861457033,297.7350952122334,289.87213616031636,249.11319946289063,205.15799942016602,180.29999961853028,10,-13.927268621077527,57.95104270780633,True,95
RUBYMILLS.NS,467.1000061035156,496.35008137501956,-5.8930332378456685,44877.072289156626,5.3242443695563635,14.476732984581409,39.442047163249306,133.24598888594608,0.6855878073722513,444.8251679732158,428.0233262741697,398.84728576660154,344.25702087402345,277.0113495635986,8,-20.16831845048128,19.91602474170362,False,95
INDOTECH.NS,3394.699951171875,4018.066930770861,-15.514101440798889,37925.67330677291,-3.3528714774536117,-8.665123430941312,23.049567909871026,162.28963663165086,0.6976241319168803,3486.3783629073064,3545.3047414929238,3562.2273974609375,3146.1397998046873,2335.6511584472655,19,-20.38709266273857,24.942414570124804,False,95
RATNAVEER.NS,299.25,331.95001220703125,-9.850884471917665,2805062.673306773,3.7981313460528465,11.594597750360025,64.73988992839249,114.2397019554585,0.6781658044537844,294.72098031450787,285.0475415117834,238.8836297607422,207.41811447143556,178.80535697937012,0,0.0,67.54380996438817,False,95
MANINDS.NS,851.5499877929688,944.0,-9.793433496507554,889146.619047619,-1.6799432170778394,25.801441435917603,43.286219970379,129.2810990272419,0.696905995674862,820.206488776875,783.2475586630815,655.5439990234376,603.6229983520508,505.65999908447264,6,-21.080508474576277,61.319718737231675,False,95
EMIL.NS,196.27999877929688,202.86000061035156,-3.2436171799552493,2445000.5793650793,4.193647781991938,2.73212670752927,64.1274394095018,113.32463234669174,0.6553387488123229,186.2359694987164,182.53428630690584,164.48740112304688,141.50340049743653,120.89845024108887,0,0.0,51.403887460191974,True,95
SAKAR.NS,1179.800048828125,1211.0,-2.576379122367878,117432.44841269842,1.8341892110310232,33.36347892032803,45.25085242574638,122.18456663429849,0.6930519708661202,1117.192076060423,1061.726831197771,945.7220056152344,856.3710021972656,667.8805004882812,8,-13.897609316938475,28.017022495313128,True,95
SUVEN.NS,341.54998779296875,403.3500061035156,-15.321685230044736,810421.696,-4.461541876092657,0.4854351062409501,27.348982940879417,147.32076227205457,0.6678393262472457,353.0588374517217,355.13010025164806,343.3390002441406,300.9044007873535,230.4362506866455,11,-19.67274201135162,19.492719214109556,True,95
IRISDOREME.NS,64.58000183105469,66.30000305175781,-2.59427019838957,566692.5201612903,5.350738392849985,9.457630222126578,61.8140868904119,117.51431683867604,0.679765526863043,60.78378780967487,59.53607711549311,54.40400009155273,46.1563000869751,39.74460000038147,0,0.0,38.34618982188436,False,95
WHEELS.NS,2175.699951171875,2498.0,-12.902323812174743,186384.75,-2.439358957095583,46.63026550580036,37.53192273478989,113.03256021481425,0.6555471811181318,2085.317886264093,1929.9576175149089,1606.5440087890624,1564.006131591797,1232.513103942871,6,-18.658926164368992,55.9676331759946,True,95
DEEDEV.NS,668.75,758.7487929742209,-11.861474286032724,1411816.8366533865,4.770916890867971,7.650105716553868,-3.93620623415164,150.45906141399374,0.6100987552774958,645.3538852426831,644.9004895942797,652.5958264160156,628.3563027954101,444.7791329956055,66,-24.013162684211807,65.18219213276562,False,94
GANDHAR.NS,276.20001220703125,300.3749196686875,-8.048244336884414,1410250.388888889,1.2834616220489314,8.701647521667311,54.14439720839308,110.58328204782177,0.6234530764818499,267.3766100145307,262.67313533430837,246.81977935791016,205.24201080322266,172.72891777038575,40,-28.851803869453306,81.09892054346368,True,94
TIMEX.NS,714.2000122070312,729.0,-2.0301766519847386,526020.3396226416,13.059996581567535,20.83580525463087,45.576845357057834,107.28487520254264,0.6206016439721733,637.1513549425524,625.3961240958031,588.0759997558594,515.7240008544921,,0,0.0,23.382576199314254,False,94
BLSE.NS,316.5,330.7814213322901,-4.317479885892251,586821.1274900398,-0.03158752419067934,0.922051952649583,38.80815336648591,124.59697726315184,0.6166248855331736,315.8688317713681,315.3816473260256,303.3651885986328,262.5672640991211,217.99899284362792,13,-9.305668138286494,22.01837314583479,True,94
ATHERENERG.NS,1640.0,1744.0,-5.9633027522935755,3882706.496031746,-0.9661835748792313,13.13465974205068,62.90042215048424,110.09480544359174,0.6543836241350418,1602.1188499824468,1578.765206018697,1452.4899975585938,1227.135499267578,977.4992489624024,13,-12.780964702641196,51.28879646867253,True,94
SSWL.NS,372.3999938964844,384.1499938964844,-3.058701076841941,662790.444,-0.3212024056281071,17.904064176093513,62.19511498121959,107.81250013304606,0.6533222714224021,358.0655762267227,345.8612476190879,312.54940002441407,267.448399810791,234.16510040283202,4,-15.137314804215219,39.23218729340221,False,94
SALSTEEL.NS,82.26000213623047,86.25,-4.6260844797327945,203262.4193548387,3.876751610275231,14.218280992033193,43.03600162935535,115.67908613694584,0.624137663030191,77.4153791152753,75.93450843035355,67.22279991149902,62.704099884033205,52.85559999465942,10,-21.623190174932063,38.39406647251693,False,94
SHAREINDIA.NS,228.14999389648438,233.35000610351562,-2.2284174291919645,2129912.234126984,14.688585078433224,30.54507844908092,66.92788715739233,83.5218830141797,0.610649935505491,200.33448980072083,189.93711780095228,179.2336880493164,160.04469009399415,152.48002460479736,0,0.0,19.786899711092552,False,94
GMMPFAUDLR.NS,1467.0,1475.0,-0.5423728813559348,173045.3705179283,12.16453647955349,44.07778259795523,79.3258038662817,71.40483007726841,0.6239168335833828,1316.9180505607167,1224.6302464207276,1011.2662548828125,910.9955981445313,939.225329284668,0,0.0,81.76696862435628,False,94
VINDHYATEL.NS,2660.0,2952.60009765625,-9.909912889609185,54519.163346613546,-5.616862863624039,9.070032259436944,13.994171475467954,149.7650005633568,0.6535657183350809,2696.3256945106996,2637.1529487071202,2337.8214135742187,2135.3632763671876,1682.7299670410157,8,-15.779317587038044,42.12350749448062,False,94
KSHINTL.NS,1046.949951171875,1198.0,-12.608518266120615,426321.03743315506,-10.585880148410975,3.5251620497601,21.25896705671011,141.12158492355778,0.6247276848154707,1078.8934839797155,1056.43614465936,969.3380029296875,870.8080010986328,,7,-17.28714320416841,30.61051695162311,False,94
ANTELOPUS.NS,1104.8499755859375,1218.300048828125,-9.312161921959571,581727.6071428572,-3.028042369708006,38.68699450534212,38.12350817156869,114.3466775478847,0.6461031813472211,1086.471043619322,1017.5677673232797,890.5519982910156,836.9104962158203,679.4222477722168,7,-18.23853437877806,41.35138905703744,False,94
AEGISLOG.NS,1415.4000244140625,1497.800048828125,-5.5014035069989475,1320404.266932271,4.565606526505239,5.927262096718944,34.78658885322983,132.6208695097409,0.6512633753185963,1346.6445995089603,1327.7896863888036,1318.7759985351563,1111.2133618164062,897.9082388305665,31,-21.217788654551782,52.0099152114756,False,94
INDOBORAX.NS,472.6000061035156,542.7999877929688,-12.93293722700457,226459.14,-2.2442870678570315,8.931658281630718,42.68826348872308,108.32614077786143,0.5769883830730194,483.32031952087794,481.8051433941893,450.03276794433594,381.46476165771486,306.19785636901855,8,-18.469049788968807,16.292099936605453,True,93
MARINE.NS,379.20001220703125,449.66979114957604,-15.671450546497589,661628.7729083665,-7.18393745266993,2.161379221775883,40.59966327935671,121.19285745946678,0.6037092406668192,397.38891925212613,392.6832944859424,340.06717498779295,294.37867736816406,244.5294589996338,10,-21.575787202663,73.4784276104134,False,93
UNIMECH.NS,1591.300048828125,1652.800048828125,-3.7209582637418803,120171.8764940239,-1.1614876504270177,5.50288386349167,39.820761177757056,105.70063327921488,0.5521090967266871,1558.6378713865918,1528.0872009703687,1408.7800073242188,1238.3085083007813,1066.9327545166016,7,-13.474108583194155,31.487776578040826,False,93
ROSSTECH.NS,1374.300048828125,1464.9000244140625,-6.184720736978355,225930.66666666666,13.20147586783149,27.68024939362388,46.11028833907687,90.89092989391882,0.5704565592479852,1269.423115653334,1207.360391390737,1090.0168103027345,1034.6100622558595,877.2735055541992,0,0.0,39.79514001720763,False,93
RPTECH.NS,798.0499877929688,965.4798808795799,-17.34162424328073,492927.84462151397,-1.0416050947874567,-4.795706794754695,5.220350118319317,134.8459004910116,0.5444116336347075,808.0424142143045,814.5366176598955,816.6490600585937,712.8283184814453,541.5319776916504,31,-27.11396413916567,70.62268257965823,True,93
SYRMA.NS,1728.9000244140625,1764.0,-1.9897945343501977,1605702.488095238,8.783739463726302,19.75480244428116,26.05015324682305,120.77668680078571,0.6095505512959007,1588.4222210317457,1547.8003446514972,1458.2292211914062,1334.4204425048829,1064.4513806152345,0,0.0,34.33737362432028,False,93
PAYTM.NS,1849.9000244140625,1855.5,-0.30180412750943075,3497993.785714286,2.3457828168222727,15.359195097151934,70.02757577335133,75.46238629792936,0.5449964455228976,1761.4285246394913,1708.355491089994,1544.7439990234375,1338.1,1256.7805004882812,2,-6.704393662843577,41.27861089187057,False,93
LOTUSDEV.NS,215.1300048828125,220.39999389648438,-2.3911021595341087,1610582.9563492064,2.800210489183197,29.658709182768362,48.89828286170494,88.02663758265565,0.5609190277704574,207.29511106414947,198.46013440118497,180.79102661132814,161.21276611328125,151.94188648223877,2,-7.953720174570522,33.19775616753851,True,93
LAURUSLABS.NS,1954.0,1982.0,-1.4127144298688221,2118795.394422311,0.46272493573265017,8.447105508231312,36.08189754000142,107.0002516513163,0.5536036351774647,1926.92351613692,1898.6519919401885,1793.49400390625,1585.423662109375,1313.3704565429687,0,0.0,24.593505015834193,False,93
SHREEJISPG.NS,708.0499877929688,721.5,-1.8641735560680828,1059350.626984127,2.356340844664806,15.439800436376249,44.66237003452611,97.88988595568723,0.5587825956437448,690.7959154501334,677.3428664613898,646.6639953613281,556.9324978637695,459.76469635009767,6,-9.112959112959118,19.717946169381896,False,93
ACCENTMIC.NS,681.75,731.7000122070312,-6.826569820105199,45856.854838709674,-1.7722048857146233,14.666556891326632,51.12607938095874,100.84971621132838,0.5843380118851285,665.4894515526742,637.7409299982278,568.5872186279297,512.8249575805664,432.93554489135744,2,-13.215800272485223,30.139323984289025,False,93
SHANTIGEAR.NS,700.0499877929688,743.0,-5.780620754647547,114946.84462151394,-2.084065201714802,80.93822663131603,56.513113150594904,59.74825790966429,0.5683247591513592,674.4820812714628,624.5768010551033,497.6011059570312,470.859267578125,461.5864147949219,6,-13.149395990179169,67.96712721901623,True,93
SANSERA.NS,4259.89990234375,4300.0,-0.9325604106104612,221185.48207171314,3.8047451932029297,9.498370440990666,42.54848194900311,99.73746935291817,0.5493968093338663,4033.646986052394,3953.527228239874,3680.4809619140624,3262.0079565429687,2639.530601196289,0,0.0,33.728328366580044,False,93
RUBICON.NS,1751.0999755859375,1899.0,-7.788310922278175,502016.56086956523,-2.1731857214560057,-2.6517718449731498,27.329269510455067,128.2607791077819,0.5875541955510905,1786.418487074665,1769.7981437336896,1652.4561010742189,1413.7977081298827,1078.5229638671874,14,-9.842023402530941,38.19180533390922,False,93
REDINGTON.NS,399.8500061035156,413.20001220703125,-3.2308823110166585,6181144.853174604,1.5621015254757786,14.866417435399558,48.087071314659525,88.00620541864228,0.5275809720148226,387.145749150064,375.0289753743853,337.1979998779297,288.6754705810547,266.8912217712402,0,0.0,54.35245124314518,False,92
DEEPINDS.NS,743.3499755859375,825.0,-9.896972656250004,380049.9126984127,-4.009561964001551,13.324180463818802,55.19615246502143,82.10692233211712,0.5166549456871687,747.5844917815531,728.9641983297528,638.0255639648437,557.1033480834961,483.5503657531738,7,-16.606060606060602,73.45421727657877,True,92
AVADHSUGAR.NS,730.4500122070312,884.7999877929688,-17.44461773456233,114102.4578313253,-11.169886531612438,2.692257098651374,65.99945002949244,85.29547901031282,0.5333948937954189,771.4889983865044,767.0775877967013,668.3880413818359,566.7675534057618,473.71570373535155,17,-19.98191571340048,81.68835027132795,True,92
QUADFUTURE.NS,528.2000122070312,554.4000244140625,-4.725831719564166,1215614.7182539683,10.386627420487194,56.36472211205499,30.226825507548472,76.03733834226433,0.5179459015363,480.1497203274991,451.9723735186877,402.4520007324219,380.67300018310544,341.4732499694824,0,0.0,46.29553526253232,False,92
QUESS.NS,351.6499938964844,388.75,-9.543409930164792,689447.8849206349,1.0488488208288516,3.9615650839569527,41.41745791238767,102.4342281001382,0.5429612651264586,350.14652988113716,348.8007749380823,330.36051574707034,282.0882489013672,237.5666033935547,14,-16.655948553054667,31.295430946326054,True,92
OMNI.NS,556.1500244140625,764.8499755859375,-27.286390512334634,1105399.5217391304,1.1641699707253261,-3.109751844239983,11.631876914316418,127.93967453295716,0.5415989951570231,549.6573549593026,552.6666403482852,572.442998046875,521.7209997558593,,31,-32.92802296201943,38.421630859375,False,92
KAMDHENU.NS,41.04999923706055,41.04999923706055,0.0,1409501.768,4.240726570973763,23.014685498948584,42.38640078283993,89.08337617766264,0.5337628046280413,39.049521677242225,37.9228114596951,35.4831999206543,31.212700023651124,26.857900037765503,0,0.0,21.593605681187334,False,92
AIMTRON.NS,1662.25,1800.0,-7.652777777777775,45588.0,-6.243828321194577,-1.1506883840905813,35.15876188134688,107.85919402608019,0.5283678566589856,1663.0465911808483,1652.485885789448,1564.2889892578125,1384.8024975585938,1111.6674984741212,5,-16.94444444444444,31.768855531168704,False,92
CEMPRO.NS,1263.5,1649.199951171875,-23.38709450590315,657555.733067729,0.9265896125664419,-0.17381300914470765,-0.7618560747624126,133.00530613907978,0.5303146199263088,1252.585830712489,1265.5154878081446,1347.5180029296876,1227.6265893554687,943.1649499511718,42,-30.03880166208669,74.26013959775881,True,92
WELENT.NS,823.3499755859375,837.75,-1.7188927978588509,316430.644,5.173405028171207,42.9799445156118,45.70825051366019,77.2692583426246,0.5373350789708738,770.4730123926126,733.2236452270624,648.7539965820313,593.9685781860352,537.594747467041,0,0.0,36.07966154817359,False,92
SHADOWFAX.NS,251.5500030517578,268.6499938964844,-6.365155865708116,4798120.515337423,-0.7300674385502526,-2.49999881714813,13.479498863007855,124.37784469027218,0.5322198102772657,250.37921678192563,250.27060641771155,240.8063998413086,222.20170043945313,,21,-12.897820466668474,16.57855625419373,True,92
TALBROAUTO.NS,476.70001220703125,480.79998779296875,-0.8527403681430457,211025.08333333334,12.495578101954274,15.855532386023775,26.460398249916018,101.78600667125299,0.5307318643087617,432.18395976747524,424.48702584210315,414.0964117431641,387.638017578125,327.1268900299072,0,0.0,21.844231330550514,False,92
WSTCSTPAPR.NS,768.2999877929688,772.0,-0.4792761926206257,139626.92430278886,7.635192061085783,20.75441851362967,55.39678233627361,77.65250886457697,0.5259444115554739,708.4185452500824,678.7109036669773,610.6962805175781,557.7916653442383,490.10537734985354,0,0.0,39.49356756045137,False,92
SOTL.NS,708.0499877929688,850.0999755859375,-16.70979789113154,323207.1984126984,-1.1448533622382184,3.5842294546891917,24.74494404447194,108.02951476060815,0.5123764967229886,702.3551489929389,699.7706257484874,669.6150866699219,581.7546859741211,468.15857482910155,9,-21.18574059031143,18.991102686482385,True,91
DOLPHIN.NS,665.5,741.4000244140625,-10.237391679889306,120433.148,-2.846715328467153,7.4426822358534706,71.52061855670102,71.4543373604901,0.5124178542553033,650.8518871452983,623.6990732971511,509.0689978027344,453.3734976196289,434.12424896240236,7,-17.72322903791507,82.86584645045603,True,91
ENTERO.NS,1732.300048828125,1920.0,-9.776039123535153,152914.8313253012,-5.250779272337303,23.015204437874083,59.014137140289534,68.741485488484,0.49278798297821547,1774.7288766282052,1713.2198537272668,1460.0080029296876,1322.121007080078,1218.5490036010742,7,-13.187497456868492,52.87485503045073,False,91
WELSPUNLIV.NS,214.66000366210938,216.0,-0.6203686749493675,3904783.290836653,1.9762487705982767,18.43963647982003,32.79072221642234,89.77645755850267,0.49633351861351604,206.02253654980356,199.64383012747237,179.48099945068358,163.41273132324218,145.48404350280762,8,-9.398149560998991,21.71241397215793,True,91
AEROFLEX.NS,510.8999938964844,584.1500244140625,-12.539592134923272,2004625.3665338645,-9.447007649299488,7.750711899834628,0.3404864782670991,121.70522432211648,0.493896772873637,529.0435272524732,523.1482393622393,474.46815185546876,447.66689331054687,332.2269376373291,7,-21.79235007962833,39.57167401284472,False,91
YATHARTH.NS,1139.5,1184.0,-3.758445945945943,524667.5515873015,17.924041642867074,34.39877723797859,33.619425321545734,78.0827097432669,0.4999107110565291,1018.2755074854371,982.0901349392216,902.5689587402344,866.8269848632813,772.028286743164,0,0.0,35.92925632234925,False,91
YUKEN.NS,1139.199951171875,1153.8499755859375,-1.269664577201468,10463.887550200803,6.696637938544803,29.377279220990783,64.78343309840035,63.07601790733004,0.5121055673050475,1072.4682746673177,1014.6516701530636,863.8603527832031,786.7811059570313,778.0819583129883,1,-10.789964261755735,58.084556230900965,False,91
GCSL.NS,618.5499877929688,620.5,-0.31426465866740694,290006.3212851406,0.6099544688447089,18.56430387574988,43.72776440743722,82.33583034060395,0.4982651768050719,596.2899530567315,577.4542981286348,536.7469805908203,475.6079391479492,407.6574742126465,0,0.0,18.7122161566464,False,91
SUDEEPPHRM.NS,1155.0,1378.0,-16.182873730043546,546710.2463054187,-4.820766378244745,-0.12106748395926958,39.20980761060873,93.43680209085505,0.48631372984908317,1179.5085856264475,1171.4771758818417,1043.5535571289063,895.5553430175781,760.3789138793945,8,-21.21915997199293,56.40847027373459,False,91
RISHABH.NS,764.7000122070312,852.0,-10.246477440489288,159957.3012048193,-5.540111946417237,10.02877873482464,31.09914426117357,93.98827106608007,0.4837679625710731,778.0238871037106,754.2398698941471,688.8481311035156,616.1936541748047,511.2262333679199,6,-14.730046948356811,26.995991387111175,True,91
UTLSOLAR.NS,418.6499938964844,494.25,-15.295904118060822,616472.8714285714,-6.509601315567981,-12.3246086080661,33.540667909564405,107.24221834594299,0.498432058580765,426.4277296397789,429.7136363713986,414.65399780273435,361.43699829101564,288.00489921569823,21,-18.968133535660094,54.281098546041996,True,91
UNIVCABLES.NS,1477.0,1774.9000244140625,-16.784045316152753,180012.5515873016,-1.038525963149084,-10.169076519720498,17.585656078119214,119.3065054255304,0.5086063109338892,1487.683845654992,1517.8260467778969,1470.2684130859375,1306.1456677246094,1034.1136328125,28,-24.59293447494877,40.59797905360525,True,91
NRBBEARING.NS,525.5,534.9000244140625,-1.7573423041734593,508376.668,1.8509521401341988,8.765395144057319,22.60849102113196,106.03620497747394,0.5113520354015405,493.38908337773137,483.2775359390103,454.2560009765625,419.9593667602539,341.77160926818846,0,0.0,33.71501272264632,False,91
GKSL.NS,181.25,186.0,-2.553763440860213,836690.8516483516,4.635722620198868,15.262321144674097,40.28638102260107,75.97087378640776,0.4599030031229813,173.67390619107297,167.01819361302418,147.03220016479492,139.8481004333496,,0,0.0,42.38020082867329,False,90
RAMRAT.NS,554.75,602.4500122070312,-7.917671381943503,203880.61445783134,5.195795142233273,17.370148558913655,37.066413999044954,78.15352367295185,0.46374942894900295,535.2961034178217,525.3747698201313,477.21248107910156,445.93498260498046,381.32270965576174,13,-16.988962408443463,50.515156063193544,True,90
BALAMINES.NS,2171.5,2629.800048828125,-17.427182307352595,313653.30677290837,-7.303854286842815,3.7654728659977543,2.7621994862158106,114.28300998921355,0.46564572986065433,2262.073103516192,2281.064111231127,2249.665993652344,2072.6968823242187,1593.4073721313478,8,-20.86850858006022,9.650141223817377,True,90
AZAD.NS,2790.300048828125,2986.60009765625,-6.572692774709699,366332.80555555556,-2.0638112671610087,0.856645352971408,36.47168552021949,89.893834385962,0.4686398735432883,2741.110685011057,2742.0849057703817,2608.026015625,2365.0540124511717,2003.0920080566407,24,-14.451218226201433,39.2575892401791,False,90
SEDEMAC.NS,3147.800048828125,3368.89990234375,-6.562968919373513,206820.5864661654,7.96035605662937,-2.3241351499854623,10.170800175782624,109.058919499746,0.4700601642829903,3017.138545321548,2995.095631112744,2910.257978515625,2651.654981689453,,19,-17.04116685438539,22.012608102644915,False,90
NEOGEN.NS,2488.39990234375,2498.199951171875,-0.39228440555880706,164507.72222222222,4.863038446849988,10.150050673956045,28.87481291473439,86.29179302418753,0.4569547506357154,2339.461687766827,2280.552432000726,2181.1182861328125,2019.6846838378906,1653.5944277954102,0,0.0,20.690493850667323,False,90
ELLEN.NS,373.1000061035156,547.75,-31.884982911270544,424438.9561752988,-1.86743973581186,15.03005983740957,33.440628740681674,83.61221048568682,0.46296340810379955,361.310105507787,346.98393435869906,313.7920001220703,292.80750076293947,280.29990013122557,250,-68.05111821086263,0.0,False,90
UNITEDPOLY.NS,45.849998474121094,51.15999984741211,-10.379205217217413,134276.60483870967,6.801766010221222,32.783087445723694,37.44004087306252,74.73322741636323,0.4836209731863091,42.589575670317934,40.32923045084847,34.47599979400635,33.70999996185303,30.89779993057251,241,-59.73416645248141,26.220756493668397,False,90
PARAS.NS,1372.699951171875,1583.9105379095645,-13.334754816168083,1745656.8174603174,-4.381445074098023,-8.545659757548963,3.049073396117996,119.01212797919017,0.46372296751591874,1395.797267092884,1404.164412342546,1343.2380981445312,1182.855903930664,930.6216445922852,20,-20.95513161668954,21.548123141014884,False,90
EBGNG.NS,703.0499877929688,712.0,-1.2570241863807952,462283.593625498,3.442943064569115,12.533011251375559,33.07779747072064,84.84290167242104,0.46711396466916627,664.6048294912639,644.2303940534254,593.7450024414062,540.073500366211,438.4630002593994,3,-12.13483488961552,23.79240080831069,False,90
APARINDS.NS,18858.0,19080.0,-1.1635220125786216,119860.16269841269,7.759999999999989,12.7470959900865,13.627182695963814,95.63187970436684,0.45666325888553183,17601.737390819922,17310.91686216313,16039.62369140625,14991.06888671875,12229.269753417968,0,0.0,36.2479096888203,False,90
MBAPL.NS,159.82000732421875,174.94000244140625,-8.64296038994954,1092511.6454183266,-0.8560729839632186,-2.328422321641055,43.82649691676208,82.9175643902951,0.4576368306842213,160.6356131624909,161.12978372487788,157.1774005126953,134.381508102417,112.25573432922363,18,-13.021606528745034,50.20898910282252,False,90
CNL.NS,1127.0999755859375,1328.0,-15.128013886601089,83470.1370967742,-1.2528516315273408,-10.841280400374009,49.63159317436941,86.99294493337825,0.4739311468243459,1133.37921350674,1151.4396681986352,1094.7609997558593,887.8954992675781,777.3752490234375,12,-20.93373493975904,63.08947430572314,True,90
KMEW.NS,2885.60009765625,3175.0,-9.114957554133863,160335.54365079364,0.5715930142016212,7.199645044679159,23.787052325960147,86.74606451209242,0.43331629812981004,2855.859946485123,2844.518779285193,2683.526005859375,2384.890998535156,2040.40474609375,11,-21.612596887303148,38.869777251553074,False,89
PAUSHAKLTD.NS,716.3499755859375,826.75,-13.353495544488958,33778.59900990099,-1.8160636572608135,-9.023373968142344,44.01493663727247,79.84323007731847,0.4315549186275458,729.3762870573341,734.3529537247172,689.1691821289063,585.6599975585938,541.318083190918,11,-18.34895823489946,47.60875476212269,True,89
VSSL.NS,404.70001220703125,423.8500061035156,-4.51810631608377,167025.844,3.239799032405921,13.953736770091307,46.04075156329739,71.36061676956949,0.4547119943407587,386.705177629536,372.03193601269794,335.5436444091797,304.49602752685547,281.1597908782959,5,-14.356495275985537,33.11018864154831,False,89
UNIHEALTH.NS,680.0,820.0,-17.07317073170732,37227.82258064516,-5.555555555555558,-5.50305404800675,20.141342756183754,99.06322829336791,0.4401152777904539,703.5068101519827,712.2470571983382,730.4060021972656,616.0515005493164,477.3935009765625,31,-20.36585365853658,72.58518656792052,False,89
JGCHEM.NS,612.4000244140625,675.0,-9.274070457175931,237146.11646586345,-1.1460816119350237,-5.179213816881855,39.945159020221176,84.87547906839623,0.44783288408854977,597.2692598289511,595.6513940936612,555.767001953125,486.9465020751953,420.53200073242186,13,-19.266664858217595,54.17208402725393,True,89
KRISHANA.NS,179.88999938964844,206.38999938964844,-12.839769406641665,1018336.7250996016,-1.967302784932734,-7.416368211929891,32.564483003091674,89.31775553856924,0.43816443195475946,182.37262869923256,183.8549195391944,176.17539947509766,156.06633758544922,130.11258140563965,15,-17.045395988089584,34.49194272832072,True,89
GLAND.NS,2961.89990234375,3042.0,-2.6331393049391805,381147.0,1.355091977345202,5.031911430629443,29.852786780212416,83.4107702790285,0.43462035629535534,2916.25052052196,2889.492973188597,2724.9297705078125,2466.000836181641,2093.4711895751952,9,-8.205131415392831,21.760544341428734,False,89
KENNAMET.NS,4281.5,5136.0,-16.637461059190027,26890.486725663715,-8.561846717600552,15.106460038481217,36.57968397699059,75.24859994677695,0.43238452507744146,4431.990376340738,4342.803009716493,3669.5560107421875,3293.0514282226563,,6,-20.167441680052566,80.59985281407147,False,89
AEGISVOPAK.NS,314.95001220703125,317.0,-0.6466838463623836,1196637.853174603,6.726535307678927,18.135785820178207,35.4093432649174,76.53119522037744,0.4553509176242973,298.9846815742207,291.2941278732747,284.5909997558594,252.05143112182617,233.3088363647461,0,0.0,7.623700260333788,False,89
NEULANDLAB.NS,22840.0,24225.0,-5.717234262125903,56361.605577689246,-4.033613445378148,-1.9321597252039524,32.85073877410984,89.0935609749393,0.4470285273263007,23060.570503348867,22931.4241763983,21538.063125,19409.15369140625,16705.937543945314,6,-9.78328173374613,21.57511300567192,False,89
RML.NS,1324.5,1440.0,-8.020833333333332,54079.318725099605,-5.990490663037862,22.604826449538272,18.498054665934948,85.70700312295658,0.43754133872566986,1305.0252991676439,1259.0978968926267,1177.65458984375,1073.5617669677733,916.491575012207,5,-14.59721883138021,15.147173510573865,True,89
OMAXE.NS,117.30999755859375,138.88999938964844,-15.537477086822605,1507689.888,-4.17415511091539,18.006229994041377,50.20486536560578,62.56927883194145,0.4327300163017505,120.5769071973245,117.67155552031213,102.81280029296875,91.0656005859375,83.18595024108886,9,-18.129455263754913,50.72944277511626,True,89
MANALIPETC.NS,82.91999816894531,93.0,-10.838711646295362,1420577.641434263,-3.883155911065328,13.901091611208582,25.256800591358775,82.92520366089742,0.4313902437290179,83.41359918291333,81.17107743028133,72.37520034790039,66.72250015258788,61.048850002288816,7,-15.053763440860212,42.644496681666524,True,89
SHREEPUSHK.NS,514.2999877929688,542.9660166810689,-5.279525422847642,162461.4484126984,6.062036596432474,26.99276124060379,33.85589764904835,73.00369185669604,0.4536300194515692,496.3833205064206,477.74190698853346,430.05189819335936,405.2866320800781,374.0281639099121,8,-13.793103860086209,25.814012305934963,False,89
ICIL.NS,447.3500061035156,474.6499938964844,-5.7516039490190245,771539.250996016,1.7977002337099979,0.7999140171682351,15.381709104501894,94.46777473109513,0.42741375450593266,440.22025300445756,437.0342872549385,420.2659216308594,383.1048944091797,324.37652770996095,13,-14.03139301799724,9.175568193593065,True,88
OFSS.NS,11896.0,12540.0,-5.135566188197771,222197.9365079365,1.1306639462722146,0.5919161170302667,20.618504435994932,85.96969312529895,0.40804878198951333,11772.444376035357,11790.208272972986,11668.8,10819.59162109375,9051.267158203125,14,-9.44178628389155,13.26890073164122,True,88
SUDARSCHEM.NS,1263.5,1595.8711433648984,-20.826941119073872,235454.812749004,1.225769061580273,6.4896755162241915,43.918371387716434,64.79181456615821,0.40512749252181085,1230.0452579779735,1216.4238025396705,1139.2407495117188,1023.7791040039062,956.3227285766602,246,-54.684966831265825,6.3789493496198,True,88
UNIPARTS.NS,831.5,915.9500122070312,-9.219936795845918,211432.18,-6.975440766227658,1.402439024390234,23.487360292266104,85.13588091331717,0.4068350418126198,868.9866081669917,858.8090134030393,790.0159362792969,697.4416424560546,582.2137965393066,12,-10.7756985525016,39.97751552846851,False,88
ACMESOLAR.NS,435.25,440.70001220703125,-1.2366716714477755,1661746.992063492,8.190408453103903,9.524410338409538,23.89695847541715,76.66518189155724,0.40559083212240343,413.466295941254,405.7036503529654,387.29399963378904,358.2264993286133,300.4224989318848,0,0.0,18.969521043782066,False,88
MPSLTD.NS,2667.300048828125,2979.0,-10.463241059814532,36608.93975903615,-1.4265070737535912,-8.95344211102298,48.09283687655337,73.17881660745968,0.4176603857636993,2644.0012767606468,2663.666629663435,2617.633996582031,2209.6959985351564,1983.6144952392578,28,-16.985565626049016,58.02714007087029,True,88
MARKSANS.NS,320.1499938964844,349.95001220703125,-8.51550714989463,1930481.3174603174,-2.8081360568898095,-0.2181742850911439,20.698383332499205,88.78775467161142,0.41400168405687127,322.99936414118196,321.0682990526906,297.7956848144531,268.146229095459,222.153321685791,8,-13.959138276759319,24.313348439031436,True,88
OPTIEMUS.NS,590.0999755859375,713.0,-17.237030072098523,218357.06772908368,4.211916218267109,6.95060726523562,29.99228102604674,76.57090186471345,0.4143735812857323,582.8831836823579,577.0536659845325,582.1079992675782,514.7384994506835,469.2995002746582,245,-59.60729312762973,4.399480843277881,False,88
QPOWER.NS,1536.0999755859375,1570.0,-2.1592372238256385,689864.0912698413,7.683138842337023,15.07228612571112,18.412368974580986,84.09928406904396,0.4294619542936781,1457.0526802586216,1421.1833194110848,1284.95125,1228.5609515380859,1037.262963256836,9,-17.72611775975318,21.79974104878253,False,88
SOLARA.NS,742.0499877929688,774.0,-4.127908553880011,259307.86852589643,4.920464869984986,34.9059184185031,26.489381558300874,65.50685350534897,0.4162278604032897,707.4336565635849,671.7505792226726,588.5360009765625,571.4809994506836,539.7052503967285,2,-13.56589147286822,28.095920441960942,False,88
SMLMAH.NS,6292.5,6654.0,-5.432822362488732,102173.64682539682,-4.41288166489443,21.959492198856466,54.660242971963704,56.275467671408784,0.4285887023343447,6192.036612176683,5954.758183788501,5228.088017578125,4533.262839355469,4291.459552001953,6,-10.707844905320108,53.30516593704486,True,88
IKIO.NS,210.25,238.8000030517578,-11.955612515452874,664029.2619047619,-6.083885922299659,7.434850934415671,31.620128189489428,79.73157288983626,0.42257249207434505,211.87028944724702,210.10573413132485,206.93119903564454,185.2666993713379,168.42529968261718,5,-16.587102221169758,2.0513288508741123,True,88
MVGJL.NS,214.47000122070312,233.99000549316406,-8.342238477801656,120965.3935742972,2.7253580202484917,44.70682916488686,45.127894838465195,44.8436486878081,0.4068972956166502,199.07520171188932,187.58891620250142,169.01859924316406,162.265899810791,165.84175010681153,7,-20.872691333009318,27.307875653409774,False,88
BLUESTONE.NS,827.5,926.0,-10.637149028077753,1548850.342629482,-7.0590191845151695,0.7303712720633015,59.718208645764,54.745208041140714,0.3925371814614663,846.0030876519573,838.6070472454716,797.3010046386719,655.9330038452149,568.8277517700195,26,-16.83585576825729,73.48942685089001,True,87
HAPPYFORGE.NS,2148.300048828125,2470.0,-13.02428952112854,79320.96015936256,-3.81032762768192,-6.915371561545891,38.519428514128236,72.84912576452574,0.38931371784971397,2183.715979397855,2177.100608397092,1971.3251416015626,1698.084764404297,1440.7689642333985,12,-16.57489483173077,62.230663067052895,False,87
STALLION.NS,220.49000549316406,423.79998779296875,-47.973097724373694,1745870.603174603,-2.0436229595123145,-2.803614917007935,14.249442570731507,92.24867102588978,0.4040921590222255,218.6224911630553,220.33233188080123,231.09400024414063,203.80809982299806,185.02125381469727,231,-76.5644165748907,98.2224689841422,True,87
CARTRADE.NS,2988.89990234375,3290.5,-9.165783244377756,606740.3147410358,-1.5092117693691232,7.379195341970535,16.24080603529514,82.06127741005409,0.3902167066606737,3015.250085243305,3000.0641459474678,2896.85798828125,2536.477990722656,2376.5309912109374,211,-51.37517094666464,36.41675850644972,True,87
KDDL.NS,3858.39990234375,4147.172141618966,-6.963111957115076,30467.74193548387,-1.3751865829866317,-5.553978534155757,30.626344986327393,77.95847119273004,0.39122977607860426,3866.519361961959,3854.927323576896,3638.750771484375,3208.2044580078127,2770.6342053222656,30,-15.533631192924613,29.12715689257388,True,87
63MOONS.NS,884.75,963.7639157977978,-8.198472105317478,362359.67063492065,-2.4312060883033393,15.049659694303475,30.845114054616516,66.86476451749665,0.38766251353413983,867.3237477075912,848.3953120657227,805.7035339355468,735.6461279296875,692.1645355224609,251,-51.65631565654469,0.0,True,87
MAXESTATES.NS,594.0,595.0,-0.1680672268907557,120662.47389558233,8.771292172768952,24.306789246189318,31.241712768369755,62.73972602739726,0.4020689130798459,558.8177087775659,535.7652372185551,467.66400146484375,448.9875003051758,427.09774993896485,0,0.0,51.62731333758774,False,87
DPEL.NS,648.5,655.0,-0.992366412213741,45450.0,1.028193696045121,12.10994663578595,34.14003177691269,65.62380799840378,0.3901634142919702,625.9540641608032,608.317725825635,580.4610034179688,541.9654998779297,434.4852498626709,5,-5.801526717557248,9.01834879788832,False,87
ASIANENE.NS,492.25,564.2688840142267,-12.763220878295133,299272.78571428574,-7.774532330219019,1.773246852200061,31.82809471456729,74.720650890439,0.39013884907963897,503.1385521261251,493.41042961384346,436.5364544677734,390.0824588012695,335.18249198913577,8,-19.082555661119617,56.5690941627061,False,87
UFLEX.NS,659.4500122070312,723.5,-8.852797207044748,193262.7609561753,0.9182033648962529,7.920796232870719,56.283394593972226,52.76009522949758,0.3966503605305447,655.620929902048,641.0377288718682,559.3099993896484,490.5568258666992,468.82916732788084,12,-15.96406357982032,63.914515426256415,True,87
GOCLCORP.NS,446.1000061035156,461.3999938964844,-3.3159921966538497,186738.81673306774,1.0304650518256242,12.015067445954951,4.718311291905075,87.59461748468556,0.389594003758193,436.16773632676563,426.70127216871066,411.0580010986328,393.3825015258789,335.09250076293944,0,0.0,12.495276720678161,False,87
INNOVACAP.NS,1179.800048828125,1236.0999755859375,-4.554641846920604,68688.75697211156,2.841710167695588,8.817570739873126,25.045050220257025,73.87076413714296,0.39109505885678475,1148.016220326469,1121.9844323022794,1042.3589990234375,974.8234985351562,836.5480941772461,3,-12.612250424174842,16.33079840686438,False,87
RAIN.NS,206.9199981689453,250.82236847510148,-17.503371239600686,4448708.25,-4.190398203734547,0.9759906392108775,12.794475089777535,90.88375048378265,0.39968001027915045,207.50233541727647,208.49401277832763,212.54535186767578,195.29252326965332,163.5905488586426,30,-23.83454695544952,13.211767621915937,False,87
NPST.NS,1828.5,2102.7302166709624,-13.041626286472596,51549.76,8.562581508516164,13.913355540969485,11.655099435845928,77.26842492808824,0.3804282906103459,1751.0919780431282,1707.352069388264,1614.2949780273439,1498.956743774414,1376.773515625,248,-59.781471471924434,0.43833717084686974,False,86
TATVA.NS,1770.199951171875,1835.884327566065,-3.577805824034208,123175.75697211156,6.818730589515942,7.557726467340231,48.84827809332677,53.31628982367993,0.3817441770988964,1653.164507185056,1646.6550728315356,1644.5387890625,1431.7987866210938,1343.0550158691406,33,-17.206112761191793,55.32363288445523,True,86
DIFFNKG.NS,445.79998779296875,519.9000244140625,-14.252747286289502,184034.1285140562,-0.8341675234850632,10.160291502990093,19.071617939840515,77.56790012030952,0.3869728697832547,441.36939127214674,436.2036344157923,412.9050231933594,380.77285552978515,331.24729789733885,9,-20.15772521431568,18.16564275324819,True,86
INDNIPPON.NS,1260.0,1564.0,-19.437340153452688,68138.064,-7.962016070124179,13.503290488313159,36.792968558975225,63.1490379277035,0.3820196222942418,1249.5981521949536,1205.9059918073813,1168.1859985351562,1024.5484991455078,900.4744049072266,5,-22.320970306006238,13.515754560530691,False,86
DIVISLAB.NS,9375.0,9615.0,-2.49609984399376,388407.07569721114,0.5685475219909808,9.393232205367564,39.523638683481096,57.616742904188634,0.36839289959992394,9287.492405635883,9137.955358948113,8446.116328125,7567.57140625,6898.153002929687,7,-7.197087883515341,30.9930683925834,False,86
GHCLTEXTIL.NS,124.51000213623047,144.58999633789062,-13.887540431729084,444706.636,-6.058541992353106,-1.4952526636334618,31.242751693412707,71.90452510140875,0.3722973081662531,127.74576110257007,127.96235707686859,122.08219985961914,108.39878517150879,92.18789157867431,11,-19.06079138019281,32.28594166315881,True,86
ADOR.NS,1592.0999755859375,1766.4000244140625,-9.867529801803677,36781.076,-2.217170904590371,1.9074394051363797,33.13394604120323,66.815134568221,0.36826008430217605,1601.8780159783664,1600.3156797429822,1526.1546850585937,1327.5771142578126,1163.005682067871,12,-15.811823197906282,31.390316488080906,True,86
HLEGLAS.NS,446.8999938964844,661.9500122070312,-32.48735015406087,319117.68253968254,10.523058526200636,43.32906074172791,15.942399725868306,56.095009762854,0.36938841823867735,395.16046323442345,375.2732015927872,379.3800018310547,370.1145010375977,367.44974990844725,221,-62.23279773551691,25.669751583049205,False,86
RSL.NS,181.2100067138672,192.55844871044198,-5.893505100697971,796939.328125,-4.413350570801999,9.761536867567777,40.49035548175743,59.21337529855577,0.37343429080382895,182.52348503572424,178.35716725519399,158.92765060424804,144.87895057678222,,3,-10.982870494628038,36.52286332677279,True,86
KALYANKJIL.NS,581.8499755859375,646.3128397837881,-9.9739414459746,9895926.17857143,-3.210521175132053,-1.9758190643630158,56.586462007123984,52.658496188033425,0.3732312114696476,592.5183720221282,594.0032440973097,591.1237872314454,481.3473309326172,454.38665115356446,36,-14.246086906142674,75.2554354393591,True,86
ORCHPHARMA.NS,989.7000122070312,1133.0,-12.647836521886035,118141.40239043825,-2.5981659298517923,1.0413488725912412,3.292802482811874,91.80232794709909,0.37657225105216263,983.8744997902473,984.6986852940587,1001.8049987792969,919.9004956054688,790.4557476806641,27,-18.473079240332634,2.900350494296533,False,86
MTARTECH.NS,7202.0,8714.0,-17.351388570117056,696156.9325396825,-1.5111111111111075,1.2441133056863674,-11.327259295739967,104.294667127528,0.38417400612315367,7142.258776511798,7102.665396572215,6693.69,7024.1,5207.931500244141,65,-40.394767041542345,62.95337176470455,False,86
DYCL.NS,457.3999938964844,560.0,-18.32142966134208,574204.1474103585,0.6048608901171759,2.5675482399443172,25.28304507999706,70.8766489026469,0.36509568822058464,456.6251813206636,458.975089648599,436.1970007324219,389.69524017333987,348.84753227233887,12,-25.598215375627788,53.25982393201485,True,86
VARROC.NS,861.5499877929688,896.0,-3.8448674338204536,279158.056,-2.5836766158201407,3.688766696152168,38.250463507535116,64.65859869996132,0.3781796420989348,852.4230600703828,838.3587229494219,769.5334155273438,679.279761352539,617.6652728271484,12,-9.832586560930523,34.95914341591813,True,86
RGL.NS,153.39999389648438,163.4499969482422,-6.148671299724917,1730294.14,4.219030743986996,22.818248216514526,37.788548795024425,49.951113705121756,0.36302562838257635,149.35714727093801,143.5321937388697,128.98219970703124,118.32299964904786,116.10139976501465,2,-10.431326625938597,26.665001384586763,False,85
EMUDHRA.NS,613.4500122070312,695.5518904319962,-11.803846607903367,309409.9003984064,24.167599911792117,11.53636585582387,35.70402140746898,51.713919817220535,0.36120807511472897,571.530033082509,550.9906184542026,513.7859973144531,489.23267028808596,496.54083740234375,250,-47.73102394057166,0.0,False,85
AYE.NS,185.72000122070312,197.2899932861328,-5.86445965794603,1793135.1333333333,3.488239313852781,9.446637131631853,15.082411452128364,72.6824695033495,0.35835862594689954,180.64023628257803,178.83651517419642,173.97640014648437,163.51109992980957,,43,-19.636064449649904,28.738683662283783,True,85
NELCO.NS,1011.8499755859375,1120.0,-9.656252179827007,266054.13095238095,6.819738779196349,10.948462235300171,14.88503838614108,72.52625881472889,0.36347681366713547,957.1934405259994,951.8016179830703,947.9999975585938,856.2761309814454,758.996150970459,24,-21.83035714285714,16.89995908338875,True,85
NILKAMAL.NS,1887.5,2149.5,-12.18888113514771,36298.12903225807,-8.226768862199252,2.2093491041809132,48.48219724152143,55.78321405240676,0.3647713772803539,2004.771740195421,1995.0612413971605,1823.386005859375,1542.309278564453,1436.7659857177734,9,-14.203305365346598,63.613114606450736,True,85
CGCL.NS,270.6499938964844,287.45001220703125,-5.844500816526987,2919791.605577689,-0.5876973750286951,19.723015977744616,25.33519692225181,60.846477840863585,0.35824983671067034,263.91676406909556,258.71139675312634,246.2347738647461,225.9645233154297,200.9323225402832,8,-13.49800544889237,7.5017051980338145,False,85
LLOYDSENGG.NS,82.43000030517578,99.47641802454628,-17.136139456855204,8101850.115079365,-0.39874555647240184,-10.644986119050648,-5.932964689682163,100.13729926674002,0.3610615852033399,81.91871326933564,83.65559807879167,87.88636932373046,81.64539436340333,65.75238437652588,29,-21.91114050165349,33.608982819299804,True,85
ASKAUTOLTD.NS,656.25,687.7000122070312,-4.573216758583287,385379.98007968126,5.438620542761785,1.5316817185748066,40.73688034688394,57.36438079487161,0.36017014820004967,626.3456397773889,621.9012519698721,584.9449676513672,517.0944827270508,479.92335205078126,30,-13.261598166087508,61.097436605357494,True,85
NRAIL.NS,625.2000122070312,685.0,-8.729925225250913,19029.163346613546,-0.43000670521565754,24.62659114975598,36.930187878563856,49.433214401249344,0.3573465968349853,609.8554223717347,580.7124325542485,515.3463018798828,484.7453894042969,466.71200820922854,3,-12.189781021897804,48.781420584433974,False,85
PRABHA.NS,233.00999450683594,262.79998779296875,-11.33561441015023,180082.9203187251,-4.753926141198561,9.450887864564406,50.630286915339504,48.03685104338518,0.3581861145074895,232.43560765713593,223.39861644392872,185.17120056152345,172.05260055541993,169.55143753051757,7,-17.039568341146595,65.79036436118015,True,85
AKUMS.NS,783.7000122070312,796.5499877929688,-1.6132039147400468,262042.612,0.946742687219948,4.09084696430162,27.175275020940614,68.17721282730098,0.36336311298784896,768.2132056219039,760.2085489597061,726.64099609375,650.121675415039,557.8117715454101,13,-7.959320111794987,19.881513743312528,False,85
BIL.NS,1040.8499755859375,1150.0,-9.491306470788041,9126.0,-6.0774209125995515,25.21503465695489,45.13699228224242,45.06619868793553,0.36002841999977964,1006.0922801006938,953.254416401232,836.8059985351563,786.4554992675781,773.5455001831054,4,-13.478260869565217,48.40168952407653,False,85
SAMBHV.NS,147.57000732421875,150.99000549316406,-2.2650493705029695,1402162.5816733069,12.580107768397465,12.323033825312546,33.77754563527524,56.191788824051784,0.36332596762105546,132.78105106800479,130.1303819621126,124.15180023193359,117.75760025024414,108.15240016937256,0,0.0,27.30332095860264,False,85
RADICO.NS,4535.39990234375,4747.0,-4.457554195412894,399163.3187250996,3.830035964085776,-3.419933936461883,22.226009779266143,70.84994476829122,0.34706797650212534,4448.604177217127,4466.935968512865,4420.355546875,4023.0654248046876,3478.6425659179686,22,-9.441756800347589,25.2473373698068,False,84
CENTUM.NS,4333.2998046875,4450.0,-2.622476299157306,64043.24,3.370701447697999,25.74868847032792,18.341827216572824,59.204447593396914,0.34671135041166,4159.869753137124,3988.5639364078684,3720.356904296875,3538.151845703125,3028.4429370117186,7,-12.355057277036519,16.541403411674914,False,84
SENORES.NS,1402.5999755859375,1599.0,-12.28267819975375,309149.00396825396,-4.409464396451213,-7.315143703848537,9.016011363374377,86.61522367566457,0.3544691769886331,1431.5065707159679,1444.093426861373,1434.1880029296874,1296.9205004882813,1051.4947506713868,19,-15.222015285432299,14.860562232040353,False,84
TDPOWERSYS.NS,763.75,817.5499877929688,-6.580635875025265,2510471.4365079366,-5.1124392056042245,1.3266998341625147,12.915714857428263,77.12038814159321,0.34476965760137845,747.4719107044849,740.5724569341578,674.6665502929687,644.6436682128906,525.5965727233887,3,-16.82465780034983,28.623546632261988,False,84
DIVGIITTS.NS,1130.199951171875,1326.0175300078042,-14.7673446545444,100807.82661290323,-1.4070996572685734,-9.974270717634127,32.30114242045439,68.28862270257379,0.34870227697912143,1158.3831113417248,1163.908081834231,1090.339825439453,944.7286462402344,799.1648513793946,11,-19.910561062209364,31.679737729211553,False,84
JTLIND.NS,87.66999816894531,93.86886160930845,-6.6037483933313545,4053635.773809524,-1.138928882222301,17.668510990422636,13.426968399399053,68.47530133933317,0.34838020365415284,86.97049626270892,85.7301676975273,80.00673889160156,77.29806663513183,69.9602398109436,12,-15.456521737042273,19.05682896341181,False,84
STOVEKRAFT.NS,829.2999877929688,873.3447454599583,-5.043226961169012,223348.4578313253,-1.1914690987064214,7.558396670920531,19.95259368965843,68.85054014522345,0.3491852658930037,826.0795165083981,818.3827022258533,793.6193884277344,716.19744140625,623.6654791259766,9,-8.74165051737391,5.311007175167082,True,84
CPPLUS.NS,3355.10009765625,4094.0,-18.048361073369566,267079.63095238095,-12.296429286204413,-3.27221348107245,-5.747251150957721,95.23196109706448,0.34484523468703554,3592.631891041756,3617.211506653052,3587.13705078125,3345.3610571289064,2500.7001287841795,26,-20.59110893991206,5.4694964069585295,False,84
PFOCUS.NS,344.3500061035156,367.0,-6.171660462257322,3297390.5,9.823000959860838,23.334524014338022,53.44681631127195,34.43295502972947,0.35456431804127064,317.0124592349067,307.55822300632997,292.55999877929685,269.3800996398926,266.0936494445801,109,-44.81199093020904,31.79908475237747,False,84
UNICHEMLAB.NS,545.7000122070312,687.2000122070312,-20.59080289384084,259830.876,0.5527915851337051,3.0400372664823205,22.822423407608117,68.97352270641912,0.3509942271665992,539.1590287205137,539.3845890775098,545.5489971923828,476.11399841308594,428.01699935913086,49,-29.816650287301314,78.76080608999865,True,84
SAILIFE.NS,1600.5,1697.0,-5.686505598114322,559955.6865079365,0.9779179810725624,8.759175492833183,31.447111702659324,60.041999853645,0.3530056034892969,1569.742683596068,1542.7948081790912,1429.3879956054689,1300.4329992675782,1119.2149975585937,7,-11.938713941422364,32.63141934574871,False,84
WOCKPHARMA.NS,2086.10009765625,2422.300048828125,-13.87936855033809,1263977.623015873,-4.280985999272757,13.957179366209282,3.7654234143899012,77.359308302795,0.34436687618749556,2091.6967629741143,2055.817986410678,1959.60599609375,1890.6409936523437,1622.904493408203,79,-26.00421135766394,69.3196934599882,False,84
COFORGE.NS,1841.0,2021.199951171875,-8.915493544683518,2900153.059760956,0.4309652784506346,1.538802315909038,24.353993348370338,68.93606987535459,0.3523148294567981,1847.676501397445,1856.324987872327,1761.102392578125,1579.8241442871094,1519.1035595703124,13,-15.050463018045413,34.282001170787126,False,84
TNPETRO.NS,125.7300033569336,145.26368311165538,-13.447049762401686,522256.09126984124,-1.3000908679506318,10.745281021220165,29.953194658726325,54.905858571426556,0.32967348943637487,127.15013003983832,124.04141934996726,109.72319732666016,99.87377326965333,96.27401584625244,8,-18.225730857777968,45.89097248752631,True,83
AYMSYNTEX.NS,283.1499938964844,330.0,-14.196971546519887,47458.21686746988,-9.042722454330976,4.521963926171568,31.54471261160714,58.965866639619115,0.3304988097913101,286.4875593077379,282.58228060012954,261.0230014038086,243.60800033569336,211.15450012207032,6,-20.833333333333336,32.65095078615234,False,83
APCOTEXIND.NS,604.8499755859375,712.0,-15.04916073231215,115969.1485943775,-1.7223229199527568,-4.379102480687635,10.646656649152764,79.26507351281857,0.3385197361174046,605.0192604563349,610.0813041924818,597.9669958496094,547.0817318725586,455.33308074951174,34,-21.22893601321103,19.669597186865605,True,83
SONACOMS.NS,808.0,844.0,-4.265402843601896,2196168.0714285714,2.538071065989844,-1.6912062296106978,31.560754716681117,60.06883374633421,0.3341132577421486,791.6730148088153,792.8372115631956,775.0440002441406,690.8210290527344,599.6760432434082,21,-10.065167323107971,32.725074592501,False,83
RACLGEAR.NS,1760.9000244140625,1927.699951171875,-8.652795091705666,86048.37848605578,0.23908882330108128,22.668061610175027,34.317316888944504,48.19896454947299,0.34132302090837663,1720.6806635932612,1639.784976180721,1465.0419970703124,1384.2630017089843,1288.8238833618163,1,-9.218237053118605,37.98566578649567,False,83
BETA.NS,2055.199951171875,2807.89990234375,-26.80650939670597,21401.791164658636,-2.4862471083886506,-12.730363007563694,3.2660034968710727,88.879698307608,0.33736983059752923,2121.0316811262514,2179.863934568242,2292.8219775390626,1961.3039868164062,1675.4464947509766,25,-28.67979467806633,36.713320506755466,True,83
HONASA.NS,479.54998779296875,506.64561650495574,-5.348043648123014,1549847.2931726908,1.8044794013954757,1.6720750010336127,15.605101961091862,71.44632435868942,0.33774923272149604,471.99535219763777,472.04175440332517,467.29295166015623,431.9384063720703,361.62758041381835,22,-11.308813998369939,15.823010031044294,True,83
FINCABLES.NS,1411.199951171875,1498.0,-5.794395782918893,595977.1150793651,-0.8988798334357395,10.071941350061442,22.817921001874588,61.84578860123662,0.3350819202772574,1363.1892774185355,1317.3795465084313,1173.7916235351563,1123.0832092285157,968.5843737792969,5,-13.277705234583614,40.975139211857496,False,83
KWIL.NS,41.220001220703125,50.68000030517578,-18.666138570458013,18670856.253333334,-4.228623736315084,-5.175983291503594,14.850938762044086,75.18062056027736,0.33069470820791946,41.57851478876296,41.53866758656312,38.01019996643066,34.72339994430542,,19,-22.829517808117718,39.34097118034599,True,83
EXICOM.NS,163.67999267578125,189.1699981689453,-13.474655463282959,2139508.1428571427,-10.204085049416944,4.234855727045406,-1.4450922018382717,85.03277681416111,0.3340614570558035,169.13653904592468,168.28061301537642,163.57979858398437,155.38669906616212,129.03044940948487,8,-17.381194270271017,11.400709319408953,False,83
AEQUS.NS,231.6699981689453,274.3900146484375,-15.569085680551186,5356539.306122449,2.522457369319153,-10.926986262102922,0.4509358123897522,88.25776268899894,0.33505234303827836,230.16018332234665,234.77966854131193,239.3786001586914,223.69880004882813,,51,-22.223844794227965,25.87552528837973,True,83
DPABHUSHAN.NS,1448.300048828125,1670.0,-13.275446177956585,38554.564,5.769371005836876,-1.335239134815136,56.78484967016237,41.51846924738298,0.3395273187362256,1382.9187337900541,1396.5053017014222,1399.7569970703125,1178.740498046875,1212.6100021362304,207,-48.13772601281811,6.5223012184633555,True,83
WINDLAS.NS,1109.449951171875,1181.9000244140625,-6.129966303884737,68863.096,-1.7664310971250097,14.974862649552566,30.382256873709835,52.834593374022006,0.3306684383191977,1102.2173984597684,1069.0888493963423,955.957080078125,887.0409356689453,835.9351406860352,8,-11.092306699200849,36.517984049999995,True,83
SBC.NS,49.2400016784668,49.79999923706055,-1.1244931067729946,11307368.577689243,2.476592008951406,26.646091372789616,11.680656629747421,55.52748552047664,0.31292068672567946,47.22553801550391,45.452619314970356,42.57080009460449,40.31090023040772,35.3399000453949,0,0.0,16.82087757039541,False,82
ARTEMISMED.NS,338.5,362.0,-6.491712707182318,242725.96761133603,-2.8833705766583506,7.819712323113248,31.091952311323713,54.452396998947286,0.3238414989993284,334.76825317286153,329.9962918381665,309.59600036621094,287.5627966308594,266.2594458770752,5,-15.303865717260878,26.561363659281547,False,82
VIJAYA.NS,1558.9000244140625,1575.8140073258473,-1.0733489379554317,210648.9638554217,4.1472098427178805,4.258500157973488,14.430633069188614,66.38911063809441,0.32151255191860834,1490.98292386957,1480.732346340171,1428.4994750976562,1358.2463549804688,1172.9943045043944,5,-12.42621314542972,7.88110570316527,False,82
JYOTICNC.NS,1049.699951171875,1065.0,-1.4366243031103232,1016814.6944444445,6.568522961611678,10.52381691728086,41.91846366846652,41.86092761063143,0.3208152582440987,997.213705063927,981.1271562088282,899.7850012207032,803.2975018310547,822.0437515258789,0,0.0,32.02942799682391,False,82
INOXINDIA.NS,2098.800048828125,2339.5,-10.288521101597558,221763.984,-8.580886654330255,8.729212854876911,2.836984845971835,77.68680792978913,0.3281357253124956,2124.8959607549896,2107.517938879837,2017.03599609375,1840.9139428710937,1517.351142578125,5,-17.46954268740649,15.11231551968173,False,82
RSWM.NS,220.39999389648438,238.0,-7.394960547695639,75040.428,2.7697412089249474,10.34897041561158,14.541105910921237,63.79310188417018,0.3222634073095926,214.55967314525563,211.85066742053007,209.58079986572267,196.44389999389648,171.45244998931884,31,-19.747899159663863,9.118284409587552,False,82
BHEL.NS,439.8999938964844,446.5,-1.478164860809772,12697416.654761905,2.0649637810868704,6.384520893950274,10.371147968764527,68.41023576381278,0.3195883925305321,427.05024047412735,425.29172375354227,419.06884033203124,408.1950802612305,341.48505531311037,45,-11.422172452407619,3.6253327258339185,False,82
ASTRAMICRO.NS,1631.199951171875,1957.2277658555508,-16.657632819814474,548174.0833333334,-2.9394278907352245,-3.0097076737924944,-3.2681656632713607,83.37566377462018,0.3147393148703465,1651.2646189558714,1672.2512494646505,1719.7541723632812,1577.5106079101563,1270.8706735229491,35,-21.46545218695921,31.144773518923706,True,82
EIMCOELECO.NS,2248.39990234375,2373.76648551747,-5.281335967062928,73283.54435483871,1.2063289300254132,4.397081920364387,40.84188599088725,45.64570634035006,0.3151089761048162,2253.9347851456064,2205.156962350689,2007.3160034179687,1819.8970910644532,1709.3233673095704,233,-40.94537746267466,-6.163083112366296,False,82
SUNDRMFAST.NS,1228.199951171875,1347.199951171875,-8.833135712073526,139853.1967871486,0.7216603724475856,-0.008149283747527214,39.79852805612942,52.187386225286446,0.3288504908744866,1229.633211567895,1211.2764856221816,1111.5899987792968,989.5921881103516,935.1332189941406,4,-10.599757417864852,29.448138010974056,False,82
SGMART.NS,733.5499877929688,860.5999755859375,-14.762955077527984,350959.422310757,-2.3170682643607776,-8.898413229983904,23.151172286873933,69.41108263117061,0.32698395266097563,746.8407694803868,761.0476353734234,740.2089990234375,667.713501586914,545.3610009765625,17,-21.206135856063124,38.4109776828264,True,82
ALIVUS.NS,1430.800048828125,1488.4866814641196,-3.875522257226538,123014.90361445783,2.1927057908375236,2.660151694861357,34.15934211398317,52.43988252059839,0.31975056560490334,1387.8126431667645,1373.4484335136835,1287.707998046875,1181.0493914794922,1056.9370120239257,12,-11.480566672594804,22.18165780250212,False,82
CAPLIPOINT.NS,2748.60009765625,2872.86772399353,-4.325560320770272,118639.21912350597,-0.07474246866003842,8.820843155057133,10.515912963265261,70.07607922415235,0.3294189996278595,2678.718564236747,2661.667087070586,2601.92841796875,2403.8375158691406,2080.6023156738283,11,-13.443161071334353,8.529805806759306,False,82
SPORTKING.NS,203.85000610351562,240.46267240987245,-15.225925063308765,375674.5702811245,-6.228434299713948,-4.4798642878332355,11.835825063654992,76.391711585363,0.32588615865703663,211.57266733690886,213.83937859629114,209.5199429321289,189.00494903564453,147.40864589691162,32,-18.736285481356507,31.42742238589502,True,82
CRAFTSMAN.NS,11138.0,11999.0,-7.175597966497205,71991.1124497992,-6.016369926588472,3.3305501437981277,17.11396370993745,61.91058634872017,0.29962896688570084,11298.974402313428,11141.513513707652,10403.2275390625,9650.419970703126,8526.448425292969,6,-11.659304942078508,28.058139219567746,False,81
MSTCLTD.NS,724.0499877929688,795.731978165477,-9.008308367569661,515812.504,-4.137792990672562,4.409250878069115,5.735558668631491,71.70255371840419,0.30869759964497695,721.9739895269494,711.2614893440558,657.3059216308594,595.1801763916015,521.7599450683593,6,-16.645964643388965,19.22663888693732,False,81
MANORAMA.NS,1966.9000244140625,2148.6752714346185,-8.459875228106895,210081.93227091632,-5.62805534525892,1.6875961396586092,27.158782385928284,54.75067930371993,0.2982262013067229,1989.9182316799179,1949.383062815622,1780.6071826171874,1640.9294799804688,1488.5388177490233,7,-12.685737089843684,35.19903643853812,True,81
NITINSPIN.NS,619.2000122070312,665.0,-6.887216209468983,287402.4497991968,-4.48010676412578,2.500130840830672,9.385140660284751,67.31397032490413,0.29793145819800637,632.7856473015643,621.4725424864431,580.3597741699218,550.5516647338867,450.20832977294924,2,-7.812031910831763,17.543115011849263,False,81
SANGHVIMOV.NS,430.70001220703125,525.873954285097,-18.09824223134433,395745.0198412698,0.9847625338877508,-12.227429897573627,2.6688695371055005,79.32460291594161,0.3018349230138235,427.5723127825574,438.36067622463304,452.0206170654297,416.59330688476564,354.7067852783203,29,-24.829898006574215,21.51597192113366,False,81
NAZARA.NS,369.3500061035156,380.0,-2.802629972759041,2482034.293650794,-0.2565438079312754,3.3146870219624036,26.187219234643777,56.93647610999501,0.31268039237990497,364.86771412383695,362.5506381202314,344.27899780273435,315.7434979248047,286.77254890441895,6,-9.052629972759041,21.619869742788467,True,81
KIRIINDUS.NS,531.75,779.0,-31.73940949935815,973577.5317460317,-1.042146801966659,15.272060279925515,36.17157490396927,41.8567403872887,0.30544366001894696,532.4239423584847,520.0482685034059,462.67399963378904,429.19100006103514,451.25199966430665,180,-57.15019412157012,26.560316180547684,True,81
BEPL.NS,128.9499969482422,137.34641029083173,-6.113311097690932,1496306.346613546,-1.0284721827775622,8.315828343305709,25.220430173249508,54.84214546687491,0.31063305689108206,127.18962253273969,126.31610231693529,121.48130142211915,108.71379516601563,96.95476684570312,42,-19.029555378269503,28.384523858105236,True,81
THEMISMED.NS,123.97000122070312,148.0,-16.236485661687073,249940.8406374502,-6.13311551019371,18.961714144352882,5.632243162896278,64.72229298678623,0.3075762142143458,125.08086011890039,123.16110194830878,115.65260040283204,110.92119995117187,100.09574981689452,245,-56.114866926863385,8.268737445970054,True,81
URBANCO.NS,169.11000061035156,201.17999267578125,-15.940945040749266,8799564.654761905,1.3302182448451827,16.234788800181388,26.98806257833779,48.18611684218217,0.30750845094895,166.391792561559,164.40993928533078,150.2892010498047,139.5506007385254,132.3384000778198,249,-49.94532229130317,9.737888874481392,True,81
AETHER.NS,1630.0,1717.0,-5.066977285963892,332315.21513944224,-0.6279368726156975,-0.6158146293691158,32.865987538639516,52.54315900201541,0.30691103249262625,1631.8927345558059,1629.607926809296,1577.8419970703126,1387.6449975585938,1195.2550030517577,14,-9.569018568906518,24.801418012446398,False,81
WABAG.NS,2132.60009765625,2319.0,-8.0379431799806,459756.09126984124,-6.378673818722225,3.6299236531098344,2.385205739628038,72.83556113440174,0.29937903524398857,2113.866905088888,2086.368908443953,2031.5872021484374,1864.8990283203125,1564.8940313720702,5,-13.320397775509374,14.404094735293915,False,81
APOLLO.NS,370.70001220703125,466.5,-20.535903063873263,9326285.394422311,-10.285575688392202,-4.137574216427464,-12.725129556908477,88.77630056761423,0.29836908947848434,393.3561075108271,394.45383005543505,393.6280010986328,388.45210021972656,313.96544998168946,54,-22.529476120796488,38.5408586538728,False,81
RRKABEL.NS,2450.800048828125,2983.800048828125,-17.86312726314665,448322.67063492065,1.0889353055514084,-15.320292648205436,3.487885286686887,76.58314136824676,0.2872445713421882,2456.6782793185102,2533.4182369229316,2604.213994140625,2366.609010009766,1901.5006018066406,19,-21.569813228906586,14.690478613377289,True,80
IGPL.NS,550.1500244140625,590.0,-6.754233150158894,43789.6265060241,-0.6052349748757901,15.480695101268838,22.86523772817455,46.70257820765582,0.28576218124280883,543.7432343994874,533.6424257593945,491.1148486328125,464.2639013671875,418.60963790893555,7,-13.78813662771451,35.130255543138425,True,80
RPGLIFE.NS,2802.39990234375,3082.0,-9.072034317204736,23218.49003984064,0.7079437782567588,5.049291660882016,21.224074172642005,55.252467530711,0.2954886197407909,2730.7658987864847,2708.2032209978483,2750.107998046875,2513.2334301757815,2282.177633056641,42,-19.205058479680403,36.763313024247935,False,80
TCPLPACK.NS,3844.199951171875,4410.89990234375,-12.847717330215469,8168.807228915663,0.6414116373848477,-9.223573050212908,27.879867742992847,57.78725864702039,0.29698290335401917,3855.107478013842,3844.516729171007,3599.63236328125,3152.93048828125,2932.2409436035155,25,-17.13709036884059,61.041395975805735,True,80
TINNARUBR.NS,1018.75,1317.7581839116879,-22.690671745562575,67627.316,-0.9576099377531566,-2.6082199287883245,13.780050276396105,62.57524043139633,0.2854670627594438,1012.524970075557,1020.8379328272542,1049.908924560547,946.8478997802735,825.7779833984375,42,-28.666730248666326,41.699561296687705,True,80
PRECWIRE.NS,478.3999938964844,524.9000244140625,-8.858835655320341,1001747.5277777778,3.426657987635684,9.800316844876145,13.621955502048833,58.47322464308369,0.2977860567558692,460.73971774918624,457.399786019855,424.59007446289064,416.61886322021485,350.6112936401367,14,-19.927611308049965,31.614317126495184,False,80
STYLEBAAZA.NS,386.75,447.1000061035156,-13.498100040182726,848525.8968253968,-0.3478500598517287,-12.022294215134899,24.717830502363025,59.25467995876703,0.2867797728520357,386.78124293183834,384.9927763794084,349.24599792480467,345.20349761962893,322.80024871826174,20,-19.022593860322047,49.214006074949815,False,80
GRWRHITECH.NS,6724.5,7975.480119830348,-15.685326789542021,80655.244,-0.23336008164016597,-5.129666956453449,-0.7185621749303706,73.66766036650878,0.28202226094669697,6801.4471420199725,6910.659517894008,7017.892705078125,6466.155659179687,5051.063123779297,29,-19.854354797940754,17.5853192824992,False,80
VADILALIND.NS,7362.0,8379.661952680708,-12.144427286295855,18220.465863453814,1.453868945083725,0.2656237936355277,16.69591538104673,58.551470684115124,0.28627874541195547,7263.605922671912,7311.817831461108,7176.6102734375,6259.272541503906,5489.080582275391,25,-19.507492807126535,25.25152190341362,False,80
MWL.NS,42.52000045776367,48.0,-11.416665712992346,876049.860557769,7.482302784931405,3.0787889885179887,13.10448196160985,61.16478758056532,0.2976124769690582,40.21743240430121,39.866484170007695,39.05647964477539,38.00778442382813,32.60665043830872,2,-19.749999046325684,12.351071035068584,False,80
GRAPHITE.NS,830.8499755859375,874.3499755859375,-4.975124517027507,1684048.1785714286,0.6115267458970619,15.870579419886388,33.32871687092391,38.35791021168509,0.28577047704518194,797.6596523783685,770.6559857888614,710.8130517578124,692.6859393310547,661.414924621582,7,-11.408475185597556,36.605738671653356,False,80
KRN.NS,1446.199951171875,1687.0,-14.273861815537936,628863.9007936508,-9.249499665677785,-4.748738413852993,20.707785714176552,61.253274297859186,0.28838947784058266,1504.2787133623779,1504.78138699658,1392.6239990234376,1291.747999267578,1071.9907485961915,7,-18.684051640300826,24.255157435093345,False,80
MANYAVAR.NS,544.25,779.0,-30.134788189987162,502569.648,-5.61047120285838,0.30409592486264625,30.406132033219446,49.58086872895653,0.2845395916623513,564.4506119521648,555.4403554869397,498.1109985351562,457.289499206543,464.82500061035154,247,-57.74069162939265,3.2169318935279856,True,80
BLUEJET.NS,575.25,702.2939031746411,-18.0898485093425,664534.5555555555,1.1784385455779756,-3.166067865050748,11.997746948844679,61.04271395422749,0.2750103994789205,570.0678456372824,574.1138178871596,584.5411584472656,538.4929190063476,487.7699449157715,251,-53.819603876200205,0.0,True,79
GNA.NS,558.5499877929688,601.6500244140625,-7.1636391377309705,253433.832,3.5214531424084594,-3.946691695104254,36.16203659135557,42.076885266720886,0.27242172059315023,544.6470514664409,543.7645043894956,537.8410003662109,468.2860049438477,422.4597184753418,44,-19.34679958293406,60.496162759017594,False,79
PARACABLES.NS,62.02000045776367,75.69999694824219,-18.071330306435595,1795087.896825397,-4.39340553129316,-1.6336221915312032,-8.981507171563742,78.4234851914345,0.2790887693366912,63.02574099750956,63.63094844274044,64.29520004272462,63.74150001525879,49.76855005264282,56,-23.011887544534204,54.95903641966571,False,79
ACE.NS,1229.199951171875,1241.5,-0.9907409446737847,318662.0595238095,8.875106392548716,5.758985900735802,22.186599585580712,48.5204783018504,0.2810347901581641,1159.725423432402,1141.8343899317913,1096.9056079101563,1012.1641107177734,948.4695297241211,0,0.0,18.477731021495657,False,79
ESAFSFB.NS,39.189998626708984,44.9900016784668,-12.891760025280952,1187466.0843373493,-4.063647269078208,-3.0190577216279157,7.872272643844425,66.97912131769756,0.2814315404899895,40.2422005381587,40.7284497912291,39.68599983215332,34.79489994049072,30.327849912643433,13,-17.515005054749256,30.922392640572415,True,79
SGFIN.NS,630.9500122070312,727.4500122070312,-13.265516307742697,330879.4801587302,-4.510024637604049,-7.843425150388161,7.937734220002435,67.53850291590349,0.2737703393852409,646.1893315737312,658.5930501683027,669.182001953125,631.7405004882812,523.6902503967285,32,-17.520105858594604,17.67946192640586,True,79
GUJTHEM.NS,427.3999938964844,479.0,-10.77244386294689,246237.5,1.1238613672293951,15.748136464856977,6.7299240524233195,56.270564495972344,0.2778921644381027,422.994903238234,415.4201193685882,385.69599975585936,386.055,361.86474990844727,226,-53.01670082426768,22.91394425860005,False,79
PGIL.NS,1146.0999755859375,1269.800048828125,-9.74169699838553,290153.1952191235,-3.6242833296003307,-5.03376568993219,22.01639417444021,54.92484936499853,0.27205676527385003,1160.044791129103,1159.7221596413306,1118.7859997558594,990.7231530761719,882.2709356689453,29,-13.21468281427336,51.08835984851574,False,79
KERNEX.NS,1732.5,2580.0,-32.84883720930233,266621.28571428574,0.02309476471917815,-5.688622754491012,-11.638698263621826,80.0935550935551,0.27410397483909205,1721.3287353191124,1779.8882891236392,2012.44400390625,1906.2699987792969,1520.0492504882814,31,-38.25581395348837,28.45223967475419,True,79
TBOTEK.NS,1710.5999755859375,1764.800048828125,-3.071173602821342,191827.62549800795,2.333094075712072,2.9613549084439583,17.486262059473724,54.02485261927439,0.2768140005481187,1679.5367377650332,1676.4686171007083,1610.69798828125,1463.6039965820312,1428.8215008544921,207,-43.09836896968315,6.941838649155718,True,79
AMAGI.NS,569.5,727.4000244140625,-21.70745382380962,778225.1017964071,-1.5302111108367211,-1.205657396106563,10.112139705834622,63.13376970584499,0.27892997203783393,573.5024318487946,578.5945039702517,601.122998046875,529.4674987792969,,26,-24.656314352692565,29.782760309221977,True,79
HIRECT.NS,1242.800048828125,1397.5377365248423,-11.072165255550992,138855.968,-2.4183360041007074,-1.4432950968973013,7.9573354552215925,63.805183996128264,0.27378781615228254,1231.3050998459282,1237.9767575572052,1248.6099829101563,1150.2591735839844,938.527607421875,44,-17.233007671895972,30.07876184171345,True,79
TARSONS.NS,306.1000061035156,375.0,-18.373331705729168,461546.568,-4.745604390960412,-9.074703207142331,16.556245447695737,62.73258701281592,0.27770407358910587,316.0598452523586,322.0003665265627,320.76799926757815,276.51679931640626,241.964349899292,23,-23.43999837239583,37.19442330816967,True,79
ABDL.NS,647.5999755859375,711.7000122070312,-9.006608897239598,468903.1394422311,2.387347918725302,8.758075793064934,5.262647233634188,58.19989636016327,0.26849102664641084,632.3896144036878,624.1808015435354,618.0810009765624,604.8880786132812,557.069559173584,54,-18.504989454562516,20.44939101745249,False,78
PVRINOX.NS,1324.699951171875,1339.800048828125,-1.127041133448048,390475.9484126984,7.081074877917359,8.626482260916358,36.11795463994181,34.35090782676218,0.2700915346266242,1250.4672113594956,1228.5762550341797,1161.2399963378907,1075.2330004882813,1042.3447525024415,0,0.0,24.507731751178707,False,78
PRICOLLTD.NS,767.5,823.0,-6.74362089914945,623244.136,3.772312781914189,-4.610983931352974,33.734094328293196,43.49818360918691,0.2697453623408355,758.4649165053299,760.262855673722,727.4949987792969,653.1149987792969,623.4369993591308,20,-12.393681652490883,36.97801392417139,False,78
SHRIPISTON.NS,4576.60009765625,4785.7998046875,-4.371259049038101,97538.028,2.905072585094315,2.7525841413617025,20.556046821069085,50.33118042400269,0.27140310302703574,4439.089859005846,4459.975341526248,4416.031943359375,4025.886604003906,3555.8931213378905,18,-13.28513165270222,18.548689649537685,False,78
JINDALSAW.NS,289.5,320.0,-9.531250000000002,4230572.593625498,-8.818897637795276,7.7409701704600264,13.214184974756549,54.30008416587664,0.263505934290901,298.94128634680874,297.21929916756625,279.9310003662109,261.7771903991699,222.5470755004883,5,-13.84374618530273,18.448056130942447,False,78
REMUS.NS,979.0499877929688,1007.0,-2.7755722151967532,6306.425702811245,5.404533942670775,9.537928078350632,22.388895912609286,44.62662975675469,0.27015359686421864,905.5012395383861,893.6474323533379,829.6499975585938,792.1689978027343,732.9237490844727,0,0.0,32.66259997194698,False,78
MMFL.NS,628.5499877929688,687.9500122070312,-8.63435182208947,163449.616,1.8802132030827812,-7.59335834859437,33.7909757609355,45.753114719387945,0.27107888266625235,622.983605707979,623.392892475731,595.8069952392578,528.659058227539,473.1302909851074,21,-15.953193989765047,55.10204791708737,False,78
TMB.NS,895.75,954.2000122070312,-6.125551400050644,337357.172,-3.020627258875619,6.783099012945404,16.580988932407827,51.25951442044527,0.26532659524601976,904.5694245716217,899.5420479069425,866.6419982910156,795.6856085205078,694.2667279052735,8,-9.872145357570261,16.895523748093556,True,78
HUHTAMAKI.NS,245.0,330.0,-25.757575757575758,508913.66135458165,-6.506387554743565,-8.599137788721578,26.45813618945345,53.88863442564676,0.2712242831387607,251.81247313665003,257.409587682398,267.81120025634766,224.20219985961913,204.39158905029296,38,-27.681820031368375,95.24700778206817,True,78
PANAMAPET.NS,470.20001220703125,595.8726432274872,-21.090518661800306,354376.648,-4.362856087814649,-3.9722213687119923,-4.695090133032731,73.21663476275666,0.2664739698266898,473.6645781888632,476.99130549975337,471.00654052734376,414.68554229736327,347.1366780090332,26,-26.687353234181156,28.454949333894586,True,78
HERITGFOOD.NS,418.1000061035156,535.9513958603458,-21.9891935476065,400898.5856573705,5.0370604008095565,16.138890584309905,28.119941945173355,35.278853950628445,0.26279008320746317,399.9154592232979,388.4409697103187,360.56297790527344,345.4086178588867,361.70484741210936,250,-45.82407488055075,0.0,False,78
UEL.NS,203.72999572753906,284.20001220703125,-28.314571788572685,12297.288,3.521337687153725,1.4591596769179427,45.417549501753186,32.112046467616715,0.2711404914167161,208.3854395225399,206.47595708602128,185.71640029907226,163.43370010375978,157.3089004135132,27,-44.722026968432026,94.22557573663646,False,78
LENSKART.NS,707.2000122070312,725.0,-2.4551707300646597,6354762.729357799,3.7330417612073674,8.002447371857624,37.6678986571672,34.39756666687159,0.2703318991439106,684.639711730602,670.0952559135757,614.9390075683593,561.6835046386718,520.0292527770996,0,0.0,27.217121991035008,False,78
KSL.NS,955.0499877929688,992.5999755859375,-3.7829930200031225,55297.517928286856,-1.3581929609861043,9.080006979429989,16.937194028494407,50.83427848521986,0.27095051702423656,942.1794513726022,924.8796483992802,896.0770849609376,862.7468835449218,786.3725042724609,5,-9.213172820993831,6.656412278317836,False,78
PITTIENG.NS,1146.0999755859375,1225.3791940785206,-6.469770245462736,68797.25403225806,-1.9672843901227366,10.885414421474016,13.779898751370311,48.50674329223747,0.2551702138758861,1131.431373437394,1109.4238763716428,1023.86474609375,988.741089477539,906.1989880371094,7,-13.496164687444768,20.815568600356315,False,77
STYL.NS,360.3500061035156,434.70430029318214,-17.104568355895942,265614.0737704918,-6.982444042112368,-10.215522455835057,18.042342074949012,56.70963813560379,0.2535520898134797,373.2714742833735,378.9534061877774,382.9818634033203,332.7377702331543,293.91521202087404,243,-52.197970082470555,0.0,True,77
BOSCHLTD.NS,47000.0,50000.0,-6.000000000000005,32745.393574297188,-4.276985743380857,-3.550174430535602,17.69943387472268,54.37848801462491,0.2592349190782156,47811.63616333786,47540.37770010266,44945.71859375,41433.388046875,38310.81451171875,12,-7.179999999999998,19.47543934992666,False,77
SKIPPER.NS,566.2000122070312,616.7999877929688,-8.203627851387306,631495.6334661355,2.656155332843846,1.9522392987263215,3.640862199392081,61.22240320004004,0.2623728333286329,553.4452226501223,554.4956794551827,545.7903631591797,532.6806896972656,463.35099166870117,7,-16.828792128285453,8.969694051460998,False,77
BEML.NS,2135.0,2269.4720026583113,-5.925254971235583,365797.6454183267,5.224248398225728,8.546442294951628,21.107264758794987,42.44606836057996,0.2554232007068338,2034.4588023289057,2004.058303778473,1893.532001953125,1847.185859375,1772.6052221679688,226,-40.37353384595001,1.9385767598189885,False,77
RKFORGE.NS,724.0999755859375,772.7999877929688,-6.301761513494986,741777.123015873,1.813830590198462,-2.85753261745173,26.029064654137123,45.1693354118214,0.254863300964992,710.7400477137239,712.5785535649408,684.4279992675781,629.6337585449219,579.9277198791503,22,-14.712734731239562,31.33491036461349,True,77
RBA.NS,95.12000274658203,111.1500015258789,-14.42195102045467,6064506.052,-1.7558324247062163,-5.877691426390308,19.377513029958294,54.215308488901194,0.26148255776799284,96.90879385271472,96.71226758984346,87.67780029296875,79.20120002746582,71.35750003814697,18,-16.23931876200222,33.41270300390076,True,77
GUFICBIO.NS,436.0,467.79998779296875,-6.79777439563386,113473.844,1.6672481741223377,3.4897503347498304,22.76025244182682,44.83753176053125,0.25627763321122743,428.6507525271361,425.466054154916,410.4335876464844,374.40474029541014,341.8648417663574,7,-13.61692675324404,11.957206298556834,False,77
RATEGAIN.NS,858.4000244140625,1050.0,-18.24761672247024,516633.8955823293,2.0204420616505736,-8.285697610078646,-1.0717975869694696,68.54507068297897,0.2564139368125008,871.6766143204796,887.2956181940588,919.781005859375,841.0670025634765,714.9090016174316,29,-20.64285714285714,22.284052048790848,False,77
KROSS.NS,239.19000244140625,248.77000427246094,-3.8509473274608963,895128.3492063492,0.05019245974455799,13.705077841512425,25.677802246999313,39.31504399799641,0.26175393087575305,229.8770842396359,222.60185782960542,208.43980102539064,199.25190048217775,194.93175033569335,0,0.0,16.03842079050488,False,77
PPLPHARMA.NS,208.16000366210938,231.92999267578125,-10.248777546809285,4809351.202380952,-1.509345800465145,-3.9231975705382727,23.25182332546558,50.4589768549492,0.26223563645465187,209.35010830688026,210.16099012967138,202.77559997558595,186.62379989624023,172.97629959106445,8,-14.2586095415692,31.809460112371713,True,77
SOMANYCERA.NS,572.5999755859375,579.25,-1.1480404685476953,104475.12851405622,2.304799552895953,12.439857748834072,10.613314330020017,49.270468014095094,0.25610633009700456,560.2753559274513,553.0626177724909,527.3442407226562,513.9162182617188,457.0364752197266,0,0.0,17.269970192119956,True,77
GIPCL.NS,188.35000610351562,207.3979831995766,-9.184263415778416,416056.19920318725,-4.487825041421967,11.808556438714835,17.249677280244224,47.014845113241876,0.2589377001297079,192.63326290809206,189.98946001601126,174.24241424560546,164.70368286132813,152.97966232299805,10,-12.679957967939714,27.663223868419596,True,77
JNKINDIA.NS,413.8999938964844,557.5936417008903,-25.770316778735335,542198.532,-3.4157311436291526,-8.766159028505493,-13.609006382946065,77.33510711915595,0.24756536012714547,421.3614310082745,428.9539603427449,448.02052734375,436.4110693359375,341.96329261779783,46,-31.83691649705125,46.30846699841569,True,76
PWL.NS,136.60000610351562,161.99000549316406,-15.67380611683471,16920295.46698113,0.3673769122535475,12.013127939225088,5.093099394966338,51.86215757418664,0.2471215612723493,129.7871501268526,127.50679349733932,126.85879974365234,121.5113996887207,116.14864971160888,211,-52.021730609804266,0.0,False,76
FOSECOIND.NS,6677.5,7040.0,-5.149147727272729,6340.284,7.80594123345173,22.141942564477766,28.465344186198994,27.728928703722566,0.2484015737358945,6357.47338013752,6160.698152196002,5623.19,5327.6361474609375,5067.864765625,1,-12.769886363636363,34.16617675876936,False,76
PRUDENT.NS,3501.60009765625,4105.5,-14.709533609639514,37887.776,5.508016335382182,3.182461011672788,13.853305261927895,48.66153298718847,0.24807898609326534,3364.0503784301454,3348.557939886583,3236.165625,3037.9992749023436,2761.1171716308595,13,-22.294484199929975,21.793550138190042,False,76
ORIENTHOT.NS,143.4499969482422,148.08615521805814,-3.1307168877395486,814682.5396825396,1.4856673180393631,4.486855534526102,1.9099955414358716,57.016877102247186,0.24425687342038796,140.554442992158,139.17459486636614,135.14408340454102,124.00281631469727,112.23420963287353,44,-19.560337986237265,44.12679229171719,True,76
ANANDRATHI.NS,2229.39990234375,2268.39990234375,-1.7192735707537543,520821.9641434263,1.2213349531781992,1.8362850387583896,16.25384362039537,47.79010896572986,0.24481587175480052,2206.885685696307,2194.174494800904,2140.867990722656,1990.09306640625,1774.9085974121094,0,0.0,8.798974969242646,False,76
ANTHEM.NS,928.5,977.5499877929688,-5.017644970126767,500538.54365079367,-1.3178896899045722,6.174957118353341,19.97175102256645,44.36238179163139,0.24839680478102702,930.222097161133,919.546408185971,862.1330029296874,816.3555810546875,741.4466403198243,7,-7.626207224582093,25.5927047866505,False,76
ECLERX.NS,1915.5999755859375,2496.1160957516863,-23.25677564251798,293972.69444444444,0.8422825966327263,6.19802216051859,38.437119008004906,30.473926989918,0.2504453919013566,1919.924350671493,1910.178969210718,1877.8142553710939,1676.7920520019532,1789.9552374267578,158,-47.14714646071957,2.375717872141192,True,76
SUPRIYA.NS,906.2999877929688,1083.7124081428149,-16.37080271636663,317810.82,-1.2153277307435872,15.178570458977724,-2.1696221147708195,56.47124330347288,0.24851792005679094,884.8951808611332,868.194419075718,848.7906909179687,851.1143695068359,763.8939627075196,78,-31.755758011856404,71.92093493739809,True,76
PARAGMILK.NS,268.5,376.95001220703125,-28.770396258129725,983989.130952381,0.0,29.123784191383994,18.40712934569495,34.9788872267933,0.25338450532702605,261.40955481676343,253.61821286886754,233.7366000366211,230.0709001159668,236.04700050354003,214,-52.82133158806849,24.97240702496515,False,76
GOODLUCK.NS,517.25,557.3666381835938,-7.197531290055348,538821.6215139442,-0.1255115627379899,13.823079925949266,4.614713456227859,52.85165760322836,0.2527714190707576,506.0596312131699,494.1663864099951,490.24033325195313,475.3053326416016,421.54966064453123,48,-25.124089797353122,21.424855050028224,True,76
CHENNPETRO.NS,1416.5999755859375,1677.5,-15.552907565666917,2336769.0555555555,-9.937061885821386,1.8770208979458802,32.684912768215945,39.947123014814224,0.25166021027397517,1469.345088127118,1446.3827054191713,1328.421162109375,1192.3197125244142,1037.2087155151366,5,-17.132639309333086,36.72258324378681,True,76
SJS.NS,2422.800048828125,2590.0,-6.455596570342658,142248.406374502,2.9226868661055727,-3.006519734644275,13.203177330775674,52.01305158750096,0.24457138573914788,2346.948644753679,2370.7699563573588,2377.296005859375,2225.307891845703,1961.8262854003906,31,-13.447878333132234,16.5971216746009,False,76
LODHA.NS,1144.699951171875,1340.2415520455131,-14.590026743701323,2101111.9682539683,2.489025530498723,-7.68548780871976,26.129167846375356,44.14874770016253,0.24210054425283536,1136.7921157709773,1164.7051264245745,1203.1489697265624,1069.0985168457032,1015.4702294921875,37,-21.84244710207074,49.72133948764363,False,75
AEROENTER.NS,125.48999786376953,159.60000610351562,-21.37218479654853,594958.7051792828,-8.46159368589533,-3.6711687441581486,-11.953540497337922,73.51938236046851,0.24241297677564866,129.65526864011997,132.87139112565958,129.92663116455077,120.93014976501465,100.62904853820801,8,-32.33082965551277,26.324199242577826,False,75
ARVIND.NS,552.5999755859375,607.1500244140625,-8.984607862079752,669923.8531746032,-3.912363233379723,3.3433707469641583,6.801032456607126,55.05101864318598,0.2433815502031139,556.3708922738629,554.4343289585975,541.4396563720703,516.2897598266602,429.0674937438965,7,-12.278686622811296,6.352380087013021,False,75
MOL.NS,63.04999923706055,87.75,-28.148149017594815,1113521.496,-0.7711703988141694,1.7920578543134225,25.372833742767888,40.32939863968219,0.2402490410968451,62.30413379590845,62.050562011093405,57.72400001525879,53.97310001373291,54.37330011367798,249,-58.4045584045584,0.0,True,75
PTCIL.NS,22805.0,24125.0,-5.4715025906735715,22045.216,1.8762564217109645,17.098844672657254,27.31688253684681,30.64275893675528,0.240595629124587,22840.95780338224,22274.910889167368,20016.82,18680.02,18052.1,9,-8.580310880829012,35.38234291557778,False,75
ETERNAL.NS,326.8500061035156,368.45001220703125,-11.290542739930942,36890867.40079365,1.0355505729569225,-0.3354188329229846,26.221274645933647,40.707742714041316,0.24185950770107714,322.2256342606263,321.5272163948356,312.64800048828124,284.42890060424804,274.58355056762696,232,-42.29881963362342,2.9598933903633107,True,75
VENUSREM.NS,1582.199951171875,2031.2182849222206,-22.105863120838308,66008.56451612903,-4.120712762820677,-13.042047201325913,-8.435976303270664,74.050705662759,0.2406900865757515,1604.5834323628646,1627.1779541290414,1656.109833984375,1530.8069348144531,1167.1277139282226,57,-28.766886594393416,96.13821105221463,True,75
DVL.NS,290.0,373.3187363457356,-22.3183912924673,33908.903225806454,0.2766209402494946,9.10048631111926,20.60768620922857,40.395334653952176,0.24188199080598244,285.0899523671539,281.8564000069316,264.4490969848633,252.6585433959961,251.0547957611084,242,-50.17686080401296,3.6869473677363374,True,75
MEESHO.NS,214.44000244140625,254.39999389648438,-15.70754418781075,24625558.341836736,-1.2161412232265634,2.353113485671665,14.80886810305262,48.298750615469466,0.2411116925191525,212.44333468024388,209.56725307640954,198.24280059814453,191.67049972534178,,189,-50.64465386359866,38.497273441201955,False,75
MEDANTA.NS,1499.4000244140625,1544.0,-2.888599455047769,228459.34136546185,1.2834368877777003,3.930136214126234,18.496737045182797,44.65538386819221,0.2432554559243474,1448.3325912301389,1442.5238636579559,1413.10822265625,1327.6208471679688,1222.7959231567384,14,-10.61528655531493,12.200630837055915,False,75
MATRIMONY.NS,535.5499877929688,566.3557799316015,-5.439300388591994,40904.13654618474,3.83906694967886,-0.538587491562259,39.23496430125382,29.7181805232708,0.239339506963399,520.9062260617269,516.4649858861857,483.77741271972656,446.95989807128905,462.2890901184082,161,-36.465971889817816,14.545091016677315,True,75
VISHNU.NS,722.1500244140625,744.0,-2.936824675529237,114608.406374502,-0.2279584701206372,16.138362390731075,14.427730110192627,41.66602159849868,0.24199604303591413,701.7788217753333,684.1643986731999,639.8467150878906,619.9848156738282,570.8809187316895,8,-10.362899944346438,20.779124844244024,True,75
ALGOQUANT.NS,72.2699966430664,76.19999694824219,-5.1574809220073625,1211331.2994350283,11.855743631563431,10.962689529783054,25.993716656314135,32.241527219068324,0.24072838153634524,66.71788435286071,65.84925025148362,65.75639945983886,61.61769985198975,,0,0.0,5.642439371911601,False,75
THYROCARE.NS,555.7999877929688,662.0,-16.042297916469973,784616.2142857143,1.109691731940532,-1.9234205363102053,-0.465622583706371,60.24882823385151,0.2368612958436071,558.1618437662761,567.1718881121288,577.1649993896484,541.5330294799804,474.22258697509767,27,-19.52416918429003,22.0840917163998,True,74
JKPAPER.NS,430.6000061035156,440.18408478548275,-2.1772887783159556,395431.476,3.721549424106141,13.614777336019944,25.285176723928583,30.391181834782223,0.22837136160706065,413.5376684853402,406.3349680212982,390.2415454101563,375.0009973144531,359.1341989135742,239,-31.463575240086016,7.747719179595314,True,74
GNFC.NS,588.9000244140625,599.0,-1.686139496817618,407823.70634920633,4.711948586348136,3.0143248976907344,9.0967209262935,50.02308217737157,0.2381230898700964,567.2612067246483,562.219901298552,534.8971459960937,516.7775396728516,480.1317124938965,1,-10.150248379460558,21.915598398663548,False,74
AVTNPL.NS,85.69999694824219,97.0,-11.649487682224546,167932.85887096773,-7.271154894873344,-2.001143580411724,19.495705902483863,45.5528194528094,0.22942495346299238,87.99954293712872,86.75288381663698,78.74443313598633,73.93938667297363,68.98142511367797,9,-12.969074052633701,32.87820896750837,True,74
LXCHEM.NS,178.24000549316406,222.96049485610936,-20.057584367942084,1048135.0,1.526548172613107,2.1374196915592725,10.2596115690341,48.58803588407954,0.2309323657991521,174.86716290948888,174.28314888047586,175.98736999511718,165.4531411743164,154.17810260772706,250,-51.82233310982763,-0.24014458400725136,False,74
GABRIEL.NS,1321.800048828125,1596.6964052725275,-17.216570134225528,444928.641434263,-1.262411515661599,-8.118999634366064,6.653905452562636,57.81424323409288,0.23371827850966573,1337.7721603122473,1360.1884024231188,1398.4032055664063,1263.5130200195313,1107.7272064208985,31,-20.573507463028584,56.48531609994476,True,74
HINDOILEXP.NS,180.2899932861328,201.44000244140625,-10.499408706781288,1042641.2896825396,-2.661703866795595,13.963335501907581,13.905733305903256,40.37997630450001,0.22850207227272937,181.10484600528656,177.07603752692623,165.78240020751954,164.95120025634765,155.92350051879882,7,-15.557980519289671,22.669758569137734,True,74
ADANIENT.NS,3020.0,3245.0,-6.933744221879811,1830380.0674603174,-1.3071895424836555,0.8380947101640057,1.9271693117638655,56.782224912590486,0.2332794074634979,2985.3310133140767,2994.344648958947,3034.142001953125,2959.750617675781,2549.1647119140625,54,-12.773497688751922,28.3110930749781,False,74
MOTILALOFS.NS,1010.0,1088.3156211947492,-7.196039427310119,1131684.1155378486,-0.49261083743842304,7.207305612319148,6.450254320659332,50.51039689633428,0.23531435093451497,1010.9512536765104,1003.4169726278279,956.5210009765625,923.4930017089844,851.2942465209961,224,-43.49984393874385,18.22762855482143,True,74
SPLPETRO.NS,865.7000122070312,965.127357372077,-10.30199220917063,194685.74900398406,4.534201133367866,23.2137834170967,12.954708548284577,34.25824449913948,0.22685887160897292,804.4358672256741,777.5872485366971,734.5242626953125,718.6654211425781,683.621475982666,243,-52.62112747973704,2.4854154298093345,False,74
MANINFRA.NS,125.63999938964844,158.88561185773062,-20.92424359850216,1325295.21686747,-2.392791952956652,18.505945451626427,19.69133840961468,35.00446096587228,0.23371095804262937,124.89089268694268,121.5830755988169,110.8581999206543,112.55763053894043,111.48809986114502,248,-51.75556220444347,0.0,False,74
GRANULES.NS,875.5,923.6500244140625,-5.213016092822331,1108189.015936255,-3.7171437640736493,4.028044842855505,11.335500507072705,48.45989411299816,0.23218502389484813,872.3528571724805,866.5100781363085,858.5233361816406,816.5868292236328,707.4914035034179,3,-10.247390452255534,-0.14643470671571457,False,74
LUMAXTECH.NS,2102.699951171875,2148.699951171875,-2.1408293873191653,260708.816,8.24153081427108,5.817521866349495,27.633909580843152,33.91310742952529,0.23843073300760073,1996.2214186101523,1967.191520333196,1791.5360083007813,1702.7155883789062,1638.949779663086,12,-11.867641168834487,38.50912794221257,True,74
SHYAMMETL.NS,1100.0,1111.0,-0.990099009900991,382706.796,2.449478441292663,11.043814567969545,13.866347681172964,40.46724626240869,0.22800513567038544,1070.5659678726151,1058.6350486227857,1030.898330078125,983.9445989990235,902.9361462402344,13,-8.280828082808277,15.65745602588593,False,74
SMARTWORKS.NS,547.3499755859375,619.0,-11.575125107279883,107813.66135458168,3.1276449526024486,7.050652973527116,16.074645266717358,39.1155060627943,0.22191491095098598,531.7392460642424,528.0915297093815,504.79100036621094,481.36399963378904,458.9192498779297,219,-41.59935379644588,17.65904832029017,False,73
VMART.NS,808.1500244140625,886.8128854091074,-8.870288455355023,626262.2,-1.1799906484406986,0.14870960888260232,3.9409013942542037,53.49616941518634,0.22492481041283247,810.1454590389231,814.681994478007,797.4416320800781,750.1523669433594,687.0957466125489,232,-48.43468856895955,18.05772204148248,True,73
AUROPHARMA.NS,1734.0,1734.0,0.0,1287685.448,3.9319092918963516,6.740535549399818,16.22762729567091,38.99799599198397,0.22208784624564462,1676.8500998947436,1662.7318813774418,1616.88400390625,1552.7709997558593,1396.1684979248048,0,0.0,13.824338467300446,False,73
FMGOETZE.NS,446.1499938964844,542.9031499790809,-17.82143943838319,374020.232,-3.221259458463255,11.14909736955867,13.802079279012226,39.67303989794881,0.21917533270948605,456.63737657293115,456.6465296006755,432.0800146484375,405.4451315307617,386.6065655517578,14,-20.57515005693995,35.807421025539334,True,73
FLUOROCHEM.NS,4586.7001953125,4955.618691060383,-7.444448791295988,115289.38095238095,-3.843599860580027,-1.9852409643582813,17.960817702231104,44.154577006134765,0.22268667934193576,4621.257363948072,4630.607871108934,4547.916484375,4156.270825195313,3759.0563586425783,26,-10.554052400109493,22.858640365332338,False,73
CYIENT.NS,1073.300048828125,1263.2954143780864,-15.03966240893031,533496.448,-0.167419477135744,25.013110953178554,24.940348533802737,25.078671409498888,0.22499453366862512,1072.189805989419,1045.1366993833806,935.5310046386719,910.795503540039,964.4605004882812,249,-40.607716987373266,0.0,True,73
TI.NS,568.7000122070312,593.4101250631628,-4.164086828397373,784681.5119047619,9.239346691662242,-2.173169885116022,31.47032994074397,31.167683491858213,0.22397473071109494,538.8228278252179,537.7506538451099,511.95918640136716,476.0882946777344,458.97476989746093,18,-15.631706849761795,26.266074001859895,False,73
AEROPLANE.NS,201.49000549316406,209.44000244140625,-3.795835015073734,1211187.425,-1.774484133478138,10.369198174695748,53.08464744567723,11.938891940646702,0.22597342231553183,197.39111541023576,193.37264447684615,188.03760040283203,160.88139976501463,,6,-9.377386917832474,15.476919133186318,False,73
ASIANHOTNR.NS,374.8999938964844,423.79998779296875,-11.538460430624786,31761.614457831325,-1.89716083103324,25.889862076527592,24.4068313599781,25.133506761996415,0.22363708444994188,378.9505614187798,364.54476754381193,327.11399963378904,314.7875006103516,309.82925033569336,7,-14.334592201469597,31.672889189250487,True,73
STAR.NS,1219.800048828125,1229.4000244140625,-0.7808667150883575,386828.1984126984,3.0758850484294387,22.83988407131168,10.287241665051594,35.61797123014729,0.22208926310679675,1170.530740489294,1126.7717685278942,1052.041142578125,1075.5065789794921,992.7982662963867,0,0.0,20.148221172190993,False,73
SIS.NS,428.25,480.95001220703125,-10.957482247520112,183207.8047808765,2.1345128708781136,3.642300907151963,-0.20971546295802668,54.019068081696005,0.22486624062309205,422.4051124870666,423.6070489619454,427.94299865722655,420.0489990234375,367.6245576477051,62,-16.301075459857593,24.034270223092523,False,73
HESTERBIO.NS,2195.60009765625,2683.60009765625,-18.18452758390492,13555.036144578313,-5.468009758897219,-10.427539923596497,6.19973089830228,57.34077828169881,0.2216392162156119,2252.035908019907,2290.027246031794,2375.5609228515623,2160.791688232422,1835.1634497070313,34,-20.629008701398632,29.471371409380744,True,73
ROLEXRINGS.NS,172.0800018310547,189.39999389648438,-9.144663476016712,2752398.536,-1.9319538189234708,-2.8126035220863765,20.14243312441053,41.81638950430688,0.22013569652736292,172.33131042901013,172.42388507264255,162.38679962158204,153.03160049438478,140.42955032348632,18,-15.131990140920637,23.84006621656658,True,73
TIIL.NS,3054.10009765625,3565.300048828125,-14.33820279277479,20262.189516129034,-3.6622249480733338,-6.892868022720666,16.715716537866232,46.38467842127368,0.21823790230517873,3156.6303629535496,3144.861059911902,2896.773994140625,2710.9819848632815,2467.3417474365233,16,-16.180970425588605,34.69920986728321,False,72
TIL.NS,257.510009765625,355.0,-27.461969080105632,306478.228,4.576837240516474,13.440532936398686,11.010048027987196,38.02168151117606,0.21657477324197968,248.91148182331176,245.3817014259528,236.02460144042968,217.45430084228516,223.90683395385742,248,-54.5774647887324,-2.408076742181864,True,72
SPARC.NS,193.9199981689453,289.0,-32.89965461282169,3233273.426294821,-1.5184629716907705,0.41944878879065506,-18.53127792150714,68.33333620318666,0.2170599456541158,194.67779788550644,197.70039003628105,209.3616000366211,209.4075001525879,171.24000022888183,51,-37.0242214532872,60.05455460580615,True,72
EXIDEIND.NS,435.8500061035156,496.3999938964844,-12.197822026080729,2765174.198412698,5.622201029972906,-6.087050124644677,15.535860130573443,44.70135928932475,0.2188611183297029,422.0269870303792,428.29866132258036,443.10200134277346,411.38494873046875,373.41672012329104,28,-18.392423230369292,24.994538832844416,True,72
RANEHOLDIN.NS,1598.4000244140625,1846.1341245121132,-13.419073771983959,23784.474103585657,-6.241202567257176,2.0363884081750827,-0.7097074718258045,54.34984332906696,0.2131018251498834,1650.777175952693,1651.2665763927332,1679.26287109375,1555.0067053222656,1379.897062072754,32,-17.075362830496353,31.745913311071263,False,72
MOTHERSON.NS,162.57000732421875,173.27000427246094,-6.175331381314464,18908701.70238095,-1.1431983331779194,-4.133738902668305,13.39922165271712,46.39127620120929,0.216352093624474,162.17541241631002,162.69725840200303,158.60299987792968,149.06602111816406,134.19386226654052,22,-9.736255531828276,17.987288386459444,False,72
LLOYDSME.NS,1826.699951171875,2125.0,-14.037649356617642,527103.0119521912,0.6834537843814381,-4.809799313607344,2.30174597602415,54.19196935351964,0.2147369704993178,1811.0887794591144,1829.2841372339324,1896.407998046875,1827.5202319335938,1565.5430767822265,28,-18.070588235294117,16.115166043311024,False,72
LALPATHLAB.NS,1896.9000244140625,2038.5999755859375,-6.950846309666392,379875.015936255,-1.0330217176510503,0.513992872677016,14.041496989196546,43.84681856324482,0.2175067292482719,1905.788928052445,1903.9709391569477,1862.6920043945313,1736.533533935547,1567.1123376464843,1,-8.270380535910594,11.87453628965882,False,72
NAVINFLUOR.NS,8590.0,8949.5,-4.016984189060846,217896.6015936255,0.5442734242406599,4.045542635658905,14.525698286780875,40.43655399935546,0.21395866955332293,8449.95682221082,8432.491940226393,8138.1,7693.231083984375,6918.317546386719,7,-9.492150399463661,15.19427671304805,True,72
JSFB.NS,527.2999877929688,606.9500122070312,-13.122995767713041,587066.36,-1.2454395096977877,-8.295654296875,14.60551636557339,46.778006344598126,0.21309182637166488,521.9150841345355,530.9387323681457,538.8679956054688,503.3134982299805,449.7049992370605,18,-21.34442964083132,29.84391874825809,False,72
SUNFLAG.NS,345.1000061035156,426.7608500985104,-19.135036397116735,342055.344,4.452098890824718,-3.161155112145475,-3.4717516103993984,56.88410665370702,0.21525096045016365,340.15932350582733,343.54788513230255,351.63356201171877,355.6931954956055,301.9864973449707,94,-24.46261602410188,74.28243260254274,False,72
GPTHEALTH.NS,166.2100067138672,175.0,-5.022853306361608,131739.6733870968,2.2013169301903224,8.541762825035203,13.458739162285083,37.98001312950614,0.21158111258514053,160.55585440788047,158.44431050780233,157.08425048828124,150.76627700805665,140.66176864624023,33,-15.079999651227682,14.964889777794067,False,72
ALEMBICLTD.NS,102.62999725341797,117.72000122070312,-12.818555734631875,483663.84462151397,-3.6338053958516747,16.057895396627142,15.393818518709157,34.459274947083586,0.21250054074186442,102.95033712507221,101.08011675361044,93.17613815307617,90.25295051574707,90.1570891571045,10,-17.261297557012423,26.694622928524492,True,72
HSCL.NS,675.3499755859375,819.5,-17.58999687785997,5487341.154761905,1.571657510628599,-4.0968526158747025,5.647239043556906,49.81526848064952,0.20958074333214802,662.9012887348136,673.7091464185158,715.7580041503907,677.354966430664,575.4842477416992,43,-22.818791946308725,32.07453696723326,True,71
SEAMECLTD.NS,1726.300048828125,1849.0,-6.63601682919821,77957.16129032258,-2.61197830280393,9.7564439714652,26.45117043682985,27.486518306436047,0.20620049417636022,1738.1676619252037,1705.0435573792477,1565.5529272460938,1545.638369140625,1398.2862707519532,3,-10.221741481882097,29.709342912856872,False,71
MANGLMCEM.NS,1030.800048828125,1120.0,-7.964281354631697,91571.87096774194,-1.7911516001434258,18.47595693242021,21.10198131479106,26.61910179953182,0.20494311340719745,1030.681577339457,1025.6928519545986,985.9509838867187,930.4244964599609,868.7943646240234,9,-13.214285714285712,16.454330970557617,True,71
IDEAFORGE.NS,729.5999755859375,992.25,-26.470146073475686,792124.1354581673,-1.8629412056875294,-11.585074552460018,-18.119074621944044,72.11606182851338,0.2090739331376138,738.5302159067639,762.7267188857878,822.377998046875,829.4869995117188,636.6687496948242,73,-31.065759637188208,114.98912472733194,True,71
MASTERTR.NS,89.73999786376953,164.5,-45.446809809258646,972488.625498008,-0.9601619476014456,15.051279312525034,13.941081043328385,33.80050435678585,0.20616765723457717,88.23868660589737,86.81616737707805,84.41919982910156,83.56349983215333,88.30160009384156,239,-66.20060883032153,-3.1399547070476763,False,71
IPCALAB.NS,2009.5999755859375,2038.0,-1.3935242597675424,287779.91633466136,2.0878829355315043,5.762854660646655,24.09704308242542,30.531229141944905,0.2080296380718807,1966.9035342275051,1944.086698206764,1862.0651953125,1735.5066088867188,1606.276280517578,0,0.0,14.40273638544558,False,71
FIVESTAR.NS,538.4500122070312,663.5913003653413,-18.858186972826996,1522979.764,1.4698930432692325,3.2997625337230163,7.340242542214437,43.41944061319125,0.20376790819012358,539.2967234443261,536.3919377491287,539.9023828125,506.79600311279296,487.864695892334,220,-49.22672388434163,21.058966045590566,False,71
CUB.NS,235.7899932861328,248.85000610351562,-5.248146472598503,3548188.3095238097,3.7260186912776216,7.494865158498709,20.019661102674547,31.482083863245713,0.20470306776928152,230.2624762312338,228.10974113692907,221.69582092285157,209.06719009399413,205.36771514892578,9,-13.031949824859645,6.922306964975933,True,71
ITDC.NS,658.2999877929688,818.4899820798453,-19.57140561205424,905094.636,-0.5231634218169412,-3.2030724912539776,6.0341711297397405,49.6261180683508,0.20967767725829753,658.8354425840855,662.0140523327498,691.3819226074219,638.8144329833984,583.6828991699218,43,-23.710464572979163,39.4917086223014,False,71
BALRAMCHIN.NS,672.5999755859375,780.9500122070312,-13.874132137457472,1201061.638888889,-2.7191275910146806,-12.319124365480217,26.215039364180683,38.42354065335252,0.204981904383977,684.0685969172956,680.5092074103178,650.5169946289062,595.6614990234375,528.5512492370606,21,-18.45829082026419,43.59789555539078,True,71
ACUTAAS.NS,3440.300048828125,3737.2044731885353,-7.944559268577967,401594.876984127,1.7487773368080717,7.237919088939515,5.0553335632530505,43.46501009851731,0.2052506565985155,3325.3613817299106,3293.1658787050033,3308.01265625,3210.3122094726564,2617.5348455810545,54,-19.11764548548307,25.068496663952743,False,71
KINGFA.NS,5828.0,6347.0,-8.177091539309911,8083.828,-5.954494110053254,-0.5036278275714845,13.03335919317301,43.8444036806928,0.20751594253709402,5951.162753934021,5928.994196443319,5622.05,5396.437001953125,4826.974508056641,6,-10.57980148101465,21.952413590521893,False,71
RBLBANK.NS,415.8999938964844,420.3999938964844,-1.0704091496985257,6689664.119047619,0.81202428860494,6.015805974475397,12.316970594144937,40.27812889083591,0.2109070635833342,407.75537027318194,402.3556880894947,386.053056640625,368.89919525146485,338.62942657470705,7,-5.815885357855999,11.876884843814173,True,71
CORONA.NS,2201.800048828125,2292.39990234375,-3.9521836230666296,148212.33854166666,-1.5339227820827972,1.662203305401122,14.9825066978027,38.22790153244202,0.19964961005189563,2173.5266034311126,2149.5453176816527,2108.4419995117187,1952.2026977539062,,3,-6.997029714569313,6.109461015931972,False,70
SAPPHIRE.NS,230.11000061035156,324.95001220703125,-29.186031092147026,1365745.52,1.0983700159466148,-0.81038184331087,22.48363580720596,34.16710861195904,0.2035969481987789,227.29665340837713,227.34522028445312,213.04100006103516,197.6824003601074,200.49410011291505,249,-56.94414574357046,0.0,True,70
DCBBANK.NS,218.35000610351562,234.8000030517578,-7.005961130509886,2345549.6706349207,-3.5428675118891473,15.767989712594188,18.135586182107044,29.655419487310695,0.20102154840886316,221.06254251935582,217.03466962938535,201.39679962158203,191.17579315185546,185.5294982910156,8,-8.236795607548375,22.505068347777257,True,70
PNBHOUSING.NS,1133.0999755859375,1211.5,-6.471318564924678,1192265.2896825396,-3.8849815828011836,-3.6069778319066326,11.703294567603129,44.20289855072463,0.20082254065909347,1145.706254091361,1149.4893533920517,1128.7025341796875,1080.9308337402344,978.627958984375,17,-9.335532446218531,13.543238860562766,False,70
SWANDEF.NS,2746.39990234375,2764.0,-0.6367618544229403,14064.650602409638,6.264263971512873,15.433757511259639,35.51092754286253,14.4762532012227,0.20156957442751056,2620.6141204063106,2550.851761710313,2440.9860009765625,2230.888006591797,1972.761499633789,0,0.0,14.452400007244037,False,70
INDGN.NS,600.0999755859375,615.5,-2.5020348357534528,354258.4880952381,3.7606986976985057,5.893764365528953,13.488006700291244,36.783124322051776,0.20314474481783726,585.8501725894993,581.3457627358952,553.8594744873047,534.7965307617187,511.23142578125,14,-9.17952883834281,24.321678541165113,True,70
LANDMARK.NS,504.5,660.713959223187,-23.64320551163328,364812.0602409639,2.969040441094717,-1.4040837777959503,18.78719542264793,36.06474827604769,0.20078145225763733,490.869671467236,498.0521942707504,510.84001098632814,457.6584899902344,442.6563916015625,248,-48.77790958382578,0.0,True,70
PARADEEP.NS,155.6199951171875,200.0165475038783,-22.196439714984052,6462979.067729084,-0.948383608538983,4.152311150821064,13.085864300227223,38.91578338441857,0.2022769651314591,154.04256550389096,153.70771528199023,148.27440795898437,138.42946479797362,134.82390033721924,242,-50.64112582584988,15.38733380966708,True,70
WEWORK.NS,681.2000122070312,794.5,-14.2605396844517,339309.71914893616,1.633720582921483,-1.0099559631562838,7.0732472707586425,45.4623168831223,0.20268281800137405,676.3495579922858,679.3745124272964,699.3749987792969,655.7769979858399,600.3387489318848,31,-18.61548450774858,17.10752600036416,True,70
NOCIL.NS,194.55999755859375,202.60776684401816,-3.972093178254199,1596725.603174603,2.5889817137507487,20.351350458490458,3.7440310717452796,36.41085387008927,0.20016719132632455,185.27671168407738,180.01586855966534,169.9063070678711,169.99828399658202,160.29125995635985,63,-21.621956786082475,2.5850756334504954,False,70
IONEXCHANG.NS,442.29998779296875,484.3644916198611,-8.684473068249899,443944.688,1.5730796633163902,18.99542681675246,13.545722502174629,29.783132215087416,0.19933362966369483,427.8491127919215,414.67115744934404,407.0450122070313,396.2228369140625,380.4175964355469,48,-25.520964843326343,16.522640857241623,False,70
NEPHROPLUS.NS,743.3499755859375,781.5,-4.881640999880044,309860.43157894735,-2.874501953587605,10.264770253775502,7.708461825679391,40.38715308516289,0.2023290363716532,735.7142802981494,723.3882848217,693.3780017089844,670.3440002441406,,5,-9.142675906210018,20.394834181107836,False,70
ANDHRAPAP.NS,74.62000274658203,86.18916380875459,-13.42298793830209,425004.8313253012,9.606346562323576,20.490880637611887,18.91680170646206,23.768956350550653,0.2024143383591361,70.49951831907819,67.42038524019785,62.73776275634766,62.9324254989624,63.8897636795044,237,-33.248938734659326,5.244496738302673,False,70
JSWINFRA.NS,348.25,356.95001220703125,-2.437319487185008,2344596.861111111,1.486232316546121,5.5782912099477056,10.573102556693703,39.08036948244511,0.20068360033630311,335.9057023565517,335.7705528462364,334.90200073242187,313.2774041748047,288.68010780334475,0,0.0,7.9175664166312165,False,70
SHOPERSTOP.NS,399.75,572.0,-30.113636363636363,133356.0158730159,6.472229858277179,-4.798760226096088,13.678375355716588,38.56152512998268,0.19215593599316547,392.6895527874128,392.2144066478995,396.69599975585936,373.038498840332,361.3529992675781,249,-51.75699087289664,1.2065613869791436,False,69
GREENPLY.NS,292.8500061035156,333.81821311913393,-12.272609883331164,439089.368,-0.2724290174004773,1.8431641577264735,0.579541624112645,46.46781297237374,0.1910237760598854,290.1513974792799,290.7064999273139,295.04783935546874,286.560412902832,259.3836647796631,40,-17.61983343255832,29.426772967786864,False,69
PCBL.NS,336.70001220703125,413.2299507534673,-18.519939904378745,2128879.2976190476,1.7066982698685118,5.268096226974062,10.467911749313119,37.63396890002275,0.19418250157184702,326.60247528722243,324.5179449550549,321.9052386474609,308.21009216308596,294.88239654541013,250,-45.942659760577996,6.557591509518912,True,69
ARMANFIN.NS,1961.0,2158.60009765625,-9.154085458941596,42062.08032128514,-3.7357015609432054,1.2494811318554788,15.74784892677985,38.28362130742893,0.19914129271282302,1972.10384869421,1976.9955287591831,1966.146005859375,1824.5400036621095,1676.9705029296874,24,-16.306870478348667,18.707626519392527,True,69
METROPOLIS.NS,597.4500122070312,609.0499877929688,-1.9046015628327417,296376.22222222225,2.040992691209431,10.475226644374391,9.976992582978594,35.712942357061415,0.19577419315713968,586.1001886597953,582.0037559479405,573.7380017089844,555.198828125,512.2861003112793,36,-11.895577318631979,7.543873187761241,False,69
BUILDPRO.NS,1253.800048828125,1380.0,-9.144923997961952,84818.07471264368,0.10379631362276154,-0.7362779619640492,22.369712932221674,33.23306281046732,0.19867263042822897,1264.9056987817276,1265.6181766014552,1263.9599975585938,1172.2092755126953,,33,-13.60869919044384,23.7074099095667,True,69
ADANIGREEN.NS,1334.5,1631.5,-18.204106650321794,3416834.4302788842,2.724965366741383,3.209590100541382,-13.897672173758057,56.100124212143896,0.19185162589512558,1292.0305531640588,1301.1489327743914,1365.1480029296874,1406.9125,1190.6777499389648,47,-25.534782444740266,16.45376274770005,True,69
KTKBANK.NS,313.79998779296875,340.5841746417806,-7.864190071950016,3688034.330677291,-4.165456610782281,-1.6516718578211909,16.207020905311033,37.77353128049044,0.19224638751147016,320.9350066175687,320.14819914955353,303.2153527832031,282.2019738769531,245.5335134124756,9,-8.9945936175601,23.068562391483518,False,69
DEVYANI.NS,140.6199951171875,182.8000030517578,-23.074402204811506,3883413.19123506,3.457914222747571,-1.5955205575085563,19.931765558368863,33.20071566134681,0.1928650324282243,138.32344238092068,138.12591399164825,130.26239944458007,122.60389984130859,122.78029991149903,248,-49.917942273865044,-1.1044157888012385,True,69
NUVAMA.NS,1713.699951171875,2066.0,-17.052277290809535,528957.9282868525,-2.514367860989142,-1.1364989595432085,-1.5567610808888355,50.31180966526448,0.19178958963831585,1740.433173459005,1755.1270903697955,1787.4739916992187,1697.613253173828,1510.2890417480469,39,-23.59148230464968,27.370385094701067,True,69
EXPLEOSOL.NS,881.9500122070312,1032.5221988494377,-14.582949093994523,70501.4578313253,-0.20932061682387149,-0.5749366615320661,21.72395536523204,33.34250898063018,0.19718270807832883,881.1653594335924,874.286242260634,821.3890441894531,782.8778778076172,772.9805453491211,210,-45.53655044607734,1.7907896024604408,True,69
JASH.NS,521.1500244140625,571.69525207764,-8.841288690064742,129062.59677419355,0.6655688211884225,9.56832424287084,4.430088189597137,40.68287490896869,0.19582398151159627,501.7271498303607,495.9517486949024,498.53486999511716,474.1417367553711,437.2938101196289,61,-20.729674767509486,32.121774711788895,False,69
STYLAMIND.NS,3295.5,4150.0,-20.590361445783135,68565.48809523809,-1.0330611535661394,-8.896139233248746,4.885423297262892,49.40835439784641,0.19346434786311067,3302.503871446088,3355.810506898248,3436.047978515625,3198.4239892578125,2703.3135009765624,42,-24.043374670557228,27.253370865626625,True,69
ENGINERSIN.NS,266.3500061035156,289.6499938964844,-8.044187220420152,4794400.277777778,-0.9667246646243743,12.284473068119063,2.3478389557415325,38.98455800031832,0.18658397034011165,266.65259784619025,263.63172127521636,246.5728012084961,244.0311006164551,222.63885246276857,13,-12.446051632182098,15.62757692883665,True,68
BBOX.NS,801.1500244140625,1101.5073628455477,-27.267846640222693,594017.1468253968,0.04371086743626407,6.744149583808112,-20.349917965411123,59.06327228555534,0.18873534528104052,770.1916093779487,765.5041876424411,772.2885266113282,858.4992053222657,690.7482621765137,75,-35.62003774699245,119.85655462455883,False,68
EMCURE.NS,2003.800048828125,2100.699951171875,-4.612743590044566,218746.20238095237,1.2582760173261098,6.712927855156048,10.519494063739643,35.8204004349197,0.18952421565853594,1947.5156272087177,1928.777707976894,1903.6602319335936,1824.7055432128907,1663.5069262695313,0,0.0,6.735624551587138,False,68
INDIGOPNTS.NS,1099.699951171875,1340.211918083566,-17.945816155374196,133131.672,-1.0349172520995986,-4.034828397556245,7.727379860920203,43.71360594767073,0.18893198932623148,1108.7464890587453,1120.4755767858442,1107.4946337890624,1044.1425115966797,1020.0559860229492,209,-47.39207785097419,17.87713393596242,True,68
KIRLOSENG.NS,2160.10009765625,2714.2611782271474,-20.41664542145699,605508.3864541833,-0.3919579275674878,0.46509462563628645,-13.565431682433793,57.23593787597303,0.18878568778029584,2138.002885853305,2144.7627176146193,2174.53662109375,2071.2329357910157,1701.2771380615234,63,-28.746724319904416,45.23311172483402,False,68
CEIGALL.NS,373.75,405.164930099543,-7.753615321993646,429697.764940239,-1.748158255305854,19.643101894813462,0.5625721402924944,37.741481217137206,0.1901916868237474,375.33807656264077,363.7896735733418,343.4579821777344,352.1037756347656,314.2536682128906,58,-25.486819158991516,12.261866491855077,True,68
MAHSEAMLES.NS,717.5499877929688,738.5999755859375,-2.849984902351188,195641.75,-1.557145869245602,19.314642598199327,12.23774277657439,29.001360093357608,0.18979080803030665,701.9133381409483,679.7451044798595,619.78873046875,617.3647192382813,585.7863516235352,3,-8.725961725187759,22.71929750526722,False,68
GREAVESCOT.NS,197.35000610351562,269.68934059737177,-26.823208634654183,1585253.861111111,2.652799013532192,3.3246105254008507,-3.20699293895772,47.67884359175672,0.1903964156144876,192.38332858130633,194.41275824911162,210.477568359375,200.2369757080078,181.05623474121094,48,-33.734864597162805,54.415047283454456,True,68
VIDYAWIRES.NS,86.87000274658203,117.3499984741211,-25.97357999477158,4254701.209183673,-1.563736264496285,-0.6064059153819801,-16.527334485134627,60.30633871204019,0.18886680329749664,87.17610528344154,88.07782973628368,90.20500015258789,93.81540000915527,,80,-30.12356108544538,107.22868757098442,True,68
PNGSREVA.NS,495.75,644.0,-23.020186335403725,347615.02898550726,-1.7733330672795589,-12.155573412528886,23.459099756117773,35.67323707740482,0.18698576768563527,507.5389603681607,515.1209538361103,494.55700256347654,445.5415008544922,,26,-25.201861458535525,61.46442457796522,True,68
COSMOFIRST.NS,871.25,996.0,-12.525100401606426,99942.728,-1.0673961452867475,-6.387666426054239,13.059042717201041,40.83047454278754,0.18865629732535807,888.3855326466287,900.5041459667203,897.4226904296875,831.3980731201171,746.7644604492187,12,-15.411646586345384,11.876745842191983,True,68
VERANDA.NS,221.75999450683594,272.5,-18.620185502078556,409472.764,-5.145643151874979,-7.600002288818364,-9.445058981771638,59.75794136386161,0.19035094078061984,228.6620248731677,234.4974699910496,239.7225991821289,235.84099899291994,208.0990998840332,223,-52.28623696423451,13.366648878134523,True,68
SURAKSHA.NS,335.1000061035156,349.0,-3.9828062740642878,63949.196,2.2113771130176207,8.622368266941848,20.258393484121818,27.003978909155933,0.18824720973589049,330.3641689280861,325.03934056004516,293.1200009155273,287.7314994812012,279.41569938659666,6,-14.04011461318052,28.40474435106657,True,68
VINCOFE.NS,174.19000244140625,189.39999389648438,-8.03061876727994,2483163.345238095,-0.09177152653173648,13.983767892282263,8.347327120923698,32.12227493922062,0.18140684537768637,173.09854950862186,170.83445782043722,161.8579998779297,154.5310001373291,150.35129974365233,14,-14.514250855467036,21.09380081994232,True,67
TEXINFRA.NS,113.54000091552734,121.80000305175781,-6.781610779369562,153393.8112449799,-1.4666340294821834,6.201088578079772,11.034540131433657,35.375398250825604,0.18554075652428073,114.82299831811018,113.9593977598578,112.87084701538086,107.519515914917,102.449426612854,7,-8.349758245915794,4.750648356958487,False,67
SAREGAMA.NS,499.8999938964844,574.5,-12.985205588079307,1339638.8995983936,-0.12985594093215536,-2.7337324597410784,7.297703465425309,42.097786026835,0.18468693364320163,495.6713110543462,498.40772983343874,506.0709991455078,467.1949984741211,405.79249832153323,30,-17.319408181026986,27.21150908086947,True,67
AGI.NS,745.0499877929688,939.0,-20.65495337668064,245757.27710843374,-6.4183928975825255,4.685959675975959,1.9011096101714031,43.36154902689622,0.1821030513924685,749.667479261071,746.0499444408356,721.7950024414063,681.0325006103516,650.6972505187988,243,-50.47923322683706,5.394140087096111,False,67
NYKAA.NS,332.1499938964844,349.54998779296875,-4.977827064548501,6182228.829365079,-3.584907432080009,0.5448729407332653,9.6023782463887,38.05070052807078,0.17851477530083576,334.1781794665344,334.7332682926696,332.13800048828125,307.41649932861327,281.45459976196287,14,-7.681297818222266,11.499198658044252,False,67
TSFINV.NS,455.6499938964844,684.5682054144123,-33.43979602139853,136323.26294820718,3.286863923974659,9.87460344443145,15.223238412245266,27.57143689593471,0.17899153363331216,434.19216606286545,427.76104867596086,435.0890008544922,421.5329479980469,415.9095846557617,233,-52.0133152382439,17.5449202161418,False,67
JUBLPHARMA.NS,1065.4000244140625,1178.6978642896322,-9.612118873554687,171376.0358565737,3.921193440970816,22.31215651739231,10.119858987645047,25.87901057612163,0.1824211257431771,1006.2304156574212,976.2905102282115,948.5548718261718,961.3861541748047,953.2471459960938,228,-33.655473337427246,2.5647867686210857,True,67
IMAGICAA.NS,52.81999969482422,62.0,-14.806452105122226,934532.7051792828,0.9363612585978398,11.317173541710401,11.57583338524082,31.8522163856954,0.1857070740405227,52.67767943624849,52.498699085747766,50.05560020446777,47.62360004425049,47.090349998474125,15,-20.564516129032263,21.33305255801512,False,67
PINELABS.NS,192.0399932861328,284.0,-32.38028405417859,14250617.261682242,-5.010637075016078,20.227883567784488,27.983998254162714,16.762930541012988,0.18644884698709296,184.40668575643693,177.02897022401385,162.1656002807617,159.29810028076173,182.44955001831056,213,-52.55986065931724,0.0,False,67
WENDT.NS,8767.5,9707.50451854483,-9.683276652089978,9759.318725099602,-0.5106382978723456,8.113940440224422,12.418765511248232,32.26036195437418,0.18201498693381793,8606.798414981615,8455.154287480977,8141.86794921875,7726.155668945313,7418.935043945313,249,-39.90223371217242,-0.522686976123965,False,67
SKFINDUS.NS,2984.199951171875,3218.699951171875,-7.285550177319955,44590.276923076926,1.6624668001508303,6.563350065620854,9.50130000108398,34.01921705336688,0.17936993514811198,2938.390200112278,2908.562208184048,2795.1287451171875,2592.4881701660156,,0,0.0,8.847949978298587,False,67
JUSTDIAL.NS,669.0,878.5999755859375,-23.856132644000528,571660.6215139442,0.037383177570093906,1.2945700105897684,21.835736613559064,29.538190374137407,0.18628649453597648,674.1453857388561,677.8840730132016,697.25,615.8075006103516,621.482749786377,234,-45.310720082873324,1.341889774335514,True,67
GEOJITFSL.NS,81.98999786376953,86.5,-5.213875302000536,991533.4417670682,2.333992827112419,2.180957186677812,6.667047150367322,39.08076903564599,0.18302012479415397,80.04258157138266,80.3475268157664,79.74220001220704,76.3332345199585,71.26041158676148,9,-12.878612011154267,6.579954596950688,False,67
VIDHIING.NS,344.54998779296875,387.8500061035156,-11.1641143816278,26183.701612903227,-1.613370707343753,5.722612533220284,21.14978733732944,26.27816752265386,0.17839388646170062,340.2427980861715,338.51373003965574,324.45599975585935,307.75949951171873,312.6687501525879,207,-33.32473842104407,-0.9393973090544128,True,67
NORTHARC.NS,313.6000061035156,334.0,-6.107782603737832,828976.4682539683,2.785971756787209,7.177033343112993,7.803373215301246,33.874068774179555,0.17604643318563515,304.81252826248044,301.48653582223955,296.26900085449216,293.64250030517576,271.30340057373047,49,-18.218564701651385,18.746581200346203,False,66
SHANTIGOLD.NS,251.27000427246094,280.75,-10.500443714172414,1143227.5912698412,-2.6726609584365457,-1.0981631555315396,12.354679376774946,36.10118671759652,0.1765997977312113,251.21517340471397,250.37119125765565,236.50042358398437,228.45551162719727,213.04355590820313,19,-16.861975543327024,21.494648596247636,True,66
SANSTAR.NS,115.69999694824219,137.49000549316406,-15.848430921769996,482124.24206349207,4.677461527226301,9.94962772717496,-3.871721201793177,40.41261505548024,0.17461201359811768,112.04596270228078,110.99137324092335,110.52899978637696,111.42789970397949,99.7805997467041,62,-24.976363804853097,47.64222443485375,False,66
SPAL.NS,994.2999877929688,1218.4508944923061,-18.396384106454665,118312.248,-3.4378911389301825,8.276097814646244,1.8451154563952965,39.27153545340716,0.17573579267317688,1007.0929169654371,1007.7960563077246,1008.7698669433594,948.6353704833984,831.2278619384765,50,-28.979458638176368,50.04455594599801,True,66
ONEPOINT.NS,59.63999938964844,65.8499984741211,-9.430522746197434,1448412.2128514056,2.703633034398223,6.0266655815972126,2.2633739741623637,38.11949737874289,0.17402507563505135,57.118555437877234,56.77093598254973,56.29299987792969,57.57210006713867,54.15945011138916,78,-21.36674262848115,42.10765711909341,False,66
MUNJALAU.NS,103.98999786376953,129.46286953315382,-19.675812656740945,948731.2709163347,-2.4849976941542895,-9.676018114660135,9.183380598789782,41.953166894451854,0.17352577545070222,106.72005870647104,108.46047505517846,107.51105361938477,100.18273475646973,88.49941165924072,24,-23.561095593412407,22.113415706761575,True,66
SMSPHARMA.NS,442.95001220703125,482.0,-8.101657218458246,534429.4183266932,-4.423346522826776,24.249652792996134,16.473843393381472,20.9915336854122,0.1774636239849587,417.91946229183617,403.69402250967124,383.08800048828124,387.10550018310545,371.15350036621095,3,-18.41286307053942,5.654297011651543,False,66
POWERICA.NS,576.2999877929688,676.9500122070312,-14.868161991151684,383414.56666666665,1.2206924571971367,7.941554867962175,-11.501846285323792,47.769227639222755,0.17367517389404113,551.0321551145208,543.9273434186669,543.5289953613282,544.812495727539,,62,-27.52049855249442,34.358499266208995,True,66
IDFCFIRSTB.NS,85.91999816894531,88.50001826783308,-2.9152763461355424,29524759.801587302,-0.33638895558181225,0.09319878199876008,9.425277840773605,36.89023862152234,0.1756867966168259,85.85510222024817,85.65386388359832,84.38993698120117,79.04431617736816,77.31802545547485,39,-6.77968025913267,19.129818248910002,False,66
AVL.NS,636.9500122070312,703.5025243881884,-9.460166790309032,231145.22310756973,3.325492674840791,4.469034605917233,2.227068974299695,39.444197542279724,0.17672155897869324,619.3388234607751,613.8672733139716,615.9544750976562,596.4182629394531,542.7313932800294,61,-18.891552509755606,25.905449474686915,False,66
KRISHIVAL.NS,419.29998779296875,508.0,-17.46063232421875,20543.08032128514,0.3950661847473391,17.863664875043916,2.8704567012400206,32.710862982406155,0.17557721796817985,416.7826614763071,411.97047554001017,400.81299865722656,395.3075,371.98502212524414,225,-44.42913626122662,7.1931722960578925,True,66
MCX.NS,3260.0,3471.4939344339746,-6.092303153295253,3060011.035856574,-1.2121212121212088,9.922229357579893,13.851311600369009,29.14907017807209,0.17678255301643397,3255.5139324756306,3216.8177780189417,2990.6633642578126,2981.635852050781,2695.528076171875,85,-26.27873215647766,37.618551861773696,False,66
CONCORDBIO.NS,1494.4000244140625,1693.8579163761817,-11.77536144169854,267068.5458167331,2.8634343466255707,-5.864565391240162,12.391438066909032,36.54385838309051,0.17448405129723435,1476.208347716662,1471.4388484671354,1421.23134765625,1318.8935595703124,1259.4507046508788,249,-42.0774646822929,2.2561437837370857,False,66
SYSTMTXC.NS,74.12000274658203,177.89999389648438,-58.33614092774471,243313.5375,4.232881606518091,27.7270451589696,10.659897031655374,18.72497578770167,0.16656656617023008,69.29256331765939,65.83235818313041,61.58219993591309,63.866499977111815,79.79150018692016,206,-70.83192739183457,18.909631442995376,False,65
ANDHRSUGAR.NS,94.0999984741211,105.85510736650535,-11.104904793761328,462005.8849206349,-1.097512794546407,-7.219960954357763,14.901412861989938,34.332318914735474,0.1664960795416498,94.59283432471203,95.07959061993834,91.83643127441407,88.67743927001953,81.74719135284424,97,-29.497343842813894,39.026346839325065,True,65
EMMVEE.NS,328.0,370.4085035460425,-11.44911716120227,3739597.995283019,-4.91017523296684,1.0475361075648726,0.12500832596999967,43.943112231095306,0.17333237088445416,329.17884741699476,328.2042303707034,326.42627807617185,317.89695434570314,265.11415931701663,46,-17.642305116049283,39.84688915604486,False,65
MAYURUNIQ.NS,743.4000244140625,899.9875607705063,-17.398855626669384,128248.12449799197,-1.7381486472913377,-1.1815185663146655,-7.019253333488051,48.061731480653044,0.16708798014222737,741.758586515171,744.6327724285383,763.6113879394532,749.3553631591797,634.7634280395508,54,-22.032254356239676,40.15728331764619,False,65
HATSUN.NS,1139.0999755859375,1349.699951171875,-15.60346619284415,81896.80876494024,-6.96668140536385,18.200680829837435,25.867400617230672,16.23170891810364,0.17196371777841757,1187.4366658386264,1152.5385891147039,1021.4680017089844,970.6639404296875,951.8453610229492,3,-16.64073377130442,37.31825525040389,False,65
VENKEYS.NS,1646.800048828125,1814.9000244140625,-9.262216834241777,92772.82470119522,-7.855858671643823,9.55727546058549,16.099375026947406,26.91587132098725,0.1672203026143184,1680.5830073050092,1654.0935625412785,1569.8252978515625,1518.902664794922,1473.3691522216798,3,-10.937241574179012,12.829718709586157,True,65
NAUKRI.NS,1251.199951171875,1423.5480532701476,-12.106939537612227,1718209.16,-1.247044106402917,-7.653706647989278,27.5145350319961,26.1495413772743,0.17058731320270404,1276.5830055944139,1290.2134650996682,1272.59537109375,1128.5284008789063,1145.1544073486327,246,-36.39097075301917,0.657139060212586,False,65
APOLLOPIPE.NS,543.5999755859375,668.7999877929688,-18.720097860675754,678479.2749003984,-4.5227015200096865,-5.6986791439767925,10.405785804637112,39.043602218180176,0.1714717064786688,556.2413750713583,567.1119154220669,546.5752325439453,517.8176599121093,431.69561462402345,17,-25.762558453620265,35.67519834997177,False,65
PARKHOSPS.NS,282.04998779296875,305.0,-7.524594166239751,1224058.0732984294,0.9846044110959351,3.466610960333072,-1.6562064861135428,41.61979443999648,0.1694283846334074,280.3606680670594,281.25709757478984,282.4719982910156,277.48409881591795,,57,-12.62295081967213,20.19289921406027,False,65
VIMTALABS.NS,603.0999755859375,847.8704502619878,-28.868853089574877,348069.6666666667,-4.209021764230181,-5.824492099645518,5.62171201154773,41.696167013849774,0.16779179812652106,616.8790696039431,622.3245053736014,614.5570031738281,566.1303909301757,531.0012965393066,250,-55.8108124030771,4.36404796718477,True,65
BHARATSE.NS,214.02000427246094,261.4935961713362,-18.154781835563405,560186.6825396825,-1.5864243016860513,-7.052892652567522,15.819042724348996,35.43777951031175,0.17351603660747292,214.39085951002926,217.99047047286717,224.58098724365234,209.3457716369629,189.26573654174805,49,-24.14345761630742,41.455551459355775,True,65
AARTIPHARM.NS,820.4000244140625,936.2409542546694,-12.372982544095878,328975.1235059761,-0.4070280241321167,-1.4099441081892872,21.296313508856123,27.07856465325671,0.1689762828990845,824.9555952196602,824.7260961553546,777.6501586914062,732.3582208251953,723.5174594116211,249,-37.667203571981446,3.321113903168116,False,65
SHAILY.NS,3149.800048828125,3611.994309186523,-12.79609602880275,304401.1792828685,-6.816161933375364,-6.373377419053561,14.02616924589064,37.415906977635906,0.17217921887673307,3238.2827763226287,3254.887420427193,3156.5462744140623,2989.401726074219,2566.2708203125,27,-15.835969279678764,18.39285061408087,False,65
INDIQUBE.NS,192.85000610351562,243.8000030517578,-20.898275763116246,113610.1485943775,-6.183105470924721,0.35385749130958377,13.347835191804336,32.22488723561807,0.16346766402957977,198.80772421930965,195.93146470082362,185.2321990966797,175.4359001159668,176.73115028381346,246,-46.20590965758039,1.6922561511993672,True,64
ADANIPORTS.NS,1824.0,1891.0999755859375,-3.548198215440579,2421124.5674603176,3.3662034022378773,7.547169811320753,2.2421524663677195,34.15021796189135,0.16178787227154792,1747.188367085856,1729.877581093751,1728.3640014648438,1761.7203405761718,1616.088091430664,55,-15.758024633661572,6.91312211995605,False,64
APLLTD.NS,845.75,983.3745824758901,-13.995133180012232,128459.36653386454,3.5950483474081585,3.4556574923547467,9.936412418952578,30.952553310404053,0.16412581383059158,822.6832682953601,820.1903648933085,818.1733898925781,787.1395477294922,773.7514660644531,219,-36.29258259721105,0.34992390989274647,False,64
EDELWEISS.NS,136.25,139.35435997550803,-2.2276733760275835,5542581.406374502,0.746816375193804,12.669665587007394,5.742405886999258,30.71562842323601,0.16617587890315041,131.24731904513345,129.20625676909142,122.55287292480469,119.04253158569335,114.32986343383789,5,-11.111498220541804,16.009162576838285,False,64
HIKAL.NS,226.0399932861328,281.96029052687066,-19.83268535304927,1144311.3984063745,0.48455050130158384,6.669556071238336,4.018374212625786,34.38793700155944,0.16343053328789342,224.8795870079896,222.91503509677435,221.40310180664062,213.38168914794923,206.7168773651123,246,-48.2173128859453,-2.696110220724679,True,64
SANGAMIND.NS,580.0,672.5,-13.754646840148698,64885.86693548387,-0.3093825766131264,-1.4861995753715496,7.606679035250474,35.43145445810359,0.16126407321080954,575.5413052544673,578.9300131438322,594.162998046875,558.8115310668945,505.4704348754883,42,-18.141263940520446,21.320354236146333,True,64
NIACL.NS,187.66000366210938,242.60000610351562,-22.646331846324752,3744318.9206349207,-5.408536599904301,2.501639603041461,-3.0212061168191084,42.78594344307185,0.1616748980280087,194.5012731357754,194.00069326143318,184.595400390625,176.0256367492676,161.9667091369629,9,-26.154167605402947,27.158721611956473,False,64
SATIN.NS,219.32000732421875,274.1400146484375,-19.99708338621088,451725.6586345382,2.0662706350121685,-4.139160907300066,-6.842792274877274,48.13914407522515,0.16581614829668082,218.14897987258365,220.9481892115091,235.2872006225586,230.93550003051757,191.2158000946045,37,-23.396808645644786,18.05788282729366,True,64
POLYMED.NS,1726.0,2103.492450651864,-17.94598552207215,194288.41832669324,-1.2416290998534807,-2.3027418594784965,3.478195130943962,39.42237606454646,0.16227697683220724,1726.0630352466726,1730.3952584188578,1721.9952734375,1631.167451171875,1574.8333984375,250,-43.92257539148584,0.0,True,64
CARBORUNIV.NS,1124.4000244140625,1303.7913206843634,-13.759203135064435,240569.00401606425,2.7694040310985324,-0.14209374653085804,-9.23080940616744,46.81268318542489,0.16204352106123407,1086.4639371463543,1093.9398779462872,1094.6341235351563,1082.6466357421875,958.3113189697266,63,-21.91235212000535,34.071152448875665,False,64
ANANTRAJ.NS,606.1500244140625,742.4300925158334,-18.35594616591656,3331802.5753968256,1.303593072012199,-4.370111578259328,16.133512888493073,30.330791502219313,0.16228707458985003,601.7670895531675,605.7606649803876,608.8619934082031,567.9285345458984,541.7514387512207,239,-45.80784023633535,25.636194938423927,False,64
ATLANTAELE.NS,1666.0999755859375,2152.60009765625,-22.600580693088958,252246.21399176956,-7.715744264118662,-2.936208821093067,-13.718281947905876,54.69104498892352,0.16402117220567167,1732.5689774363334,1749.9452602577126,1702.0460107421875,1750.9270068359374,1376.8040017700196,75,-30.642017454817648,78.57735000033435,False,64
BRIGADE.NS,621.7000122070312,799.2478861619728,-22.21436891219507,704218.9601593625,-4.522769116615155,5.7852644706127165,16.520445091352354,26.29830452152393,0.16180231318476307,640.0045389187607,639.2865250249007,604.7544177246094,562.2463116455078,570.7319502258301,221,-43.79763359693989,8.859170757390578,True,64
KPIL.NS,1445.5,1468.0,-1.5326975476839255,196590.54,0.942737430167595,5.005086854279206,1.2071402973787837,36.48174943218741,0.16050132975961198,1414.3047204465618,1403.3046853345948,1357.8179931640625,1329.894892578125,1234.915220336914,26,-8.528607028056879,2.825461594563139,True,63
COHANCE.NS,438.0,932.0,-53.004291845493555,1893169.0714285714,-0.49977558973727243,-7.8961179175376595,-4.325030214269665,46.36591478696741,0.15619655708024807,440.4984491214371,444.0645699270615,443.2530010986328,442.08899963378906,418.7427503967285,250,-71.38411886190652,-0.36156324628383585,True,63
GOLDIAM.NS,326.75,398.20001220703125,-17.943247116196247,1026721.0119521912,-0.3203135546276825,-10.15947510774291,-7.1963629312927875,49.482476867929925,0.15570155490772783,330.3257367230022,338.2486232263911,353.39799743652344,337.4018743896484,298.8011801147461,27,-20.391765373631866,5.439445599092574,True,63
KOLTEPATIL.NS,431.75,554.5999755859375,-22.151096464825105,167365.7309236948,-4.300120615968728,-5.463107409710533,14.552933667221058,31.55087871466884,0.15463598042494872,436.3918192972069,439.9214730526645,428.21900146484376,400.0200006103516,380.3147506713867,27,-25.495847386130254,39.03915827169722,True,63
IFGLEXPOR.NS,199.02999877929688,334.28171894337873,-40.4603998661952,136778.5119047619,-3.421003003259593,-7.822341391663478,6.777650682609648,39.124677870410494,0.1577659777428844,202.94933553002505,206.1361645249425,210.2106497192383,198.5539793395996,187.83143310546876,240,-64.59171628181466,23.698716954663524,True,63
NIITLTD.NS,91.56999969482422,113.17072989283828,-19.086852420646096,1071626.7410358565,-2.6782832831842573,0.2737625939941424,-10.626820495571687,48.37752264540374,0.15949887099970392,92.28210478748122,94.28508619923846,95.7828239440918,89.93906848907471,82.40351335525513,250,-57.171579106502705,0.0,True,63
THANGAMAYL.NS,5044.5,7430.0,-32.10632570659489,176528.66932270917,-0.7281314572468722,-8.522984858101367,-8.968682766600134,50.67495467669227,0.15801966923351912,5114.8590922942,5234.9801560703845,5652.016865234375,5267.925961914062,4424.160975341797,37,-37.94078061911171,56.589436180081144,False,63
APLAPOLLO.NS,2270.10009765625,2292.568366695916,-0.9800479395102091,660911.1155378486,3.430838671082137,7.401500333466471,22.855416343590274,18.08710755019476,0.1591485185695649,2177.2224649765144,2154.4372767924233,2019.7691845703125,1927.8583264160156,1959.5059503173827,150,-24.56764896925414,31.1616263151683,False,63
AARTIDRUGS.NS,431.79998779296875,531.6963704720772,-18.788238593845108,171937.80555555556,0.7701255059437084,4.110907243633211,15.054623457959648,25.83418198259586,0.15749253829747253,427.30684983998253,424.66542179277275,418.9909997558594,399.4145004272461,386.37868423461913,250,-40.01275353377998,1.6839149005309695,True,63
HNDFDS.NS,625.7000122070312,677.75,-7.679821142452048,63964.988,1.6984985301960576,-1.5575776839481192,14.72313608332474,28.125320853257342,0.15525403482530337,618.39693349764,618.6001274585948,599.3150036621093,567.2380014038085,532.2400004577637,20,-12.430837329398747,14.081764272766373,True,63
CLEANMAX.NS,1279.4000244140625,1536.0,-16.705727577209473,342451.60431654676,-10.593988510547693,4.860261455185011,-14.214831469061428,50.94384866276405,0.16025743464369424,1327.3354858580287,1321.3948892696733,1311.7200024414062,1280.9559985351561,,62,-23.763020833333336,29.554579585818132,False,63
EPACKPEB.NS,226.25999450683594,344.0,-34.22674578289653,2630147.410788382,-5.897524451250947,-2.8510088293946745,-12.651045989612264,52.18941097296514,0.1592049638129835,229.09516481978997,231.389491818898,240.9043994140625,230.7904995727539,221.11824943542481,218,-61.57848890437636,76.30773716031638,True,63
WESTLIFE.NS,564.4000244140625,763.2721271776468,-26.055203076647658,240488.49800796813,-0.912912815090261,-5.063074110334309,16.31971458735888,29.08019128502499,0.15424084786641773,556.9107343350323,556.7098613415868,540.7234704589844,506.8057125854492,501.98019302368164,243,-47.839748809598795,-5.973272550579489,True,63
SIMPLEXINF.NS,251.39999389648438,318.0,-20.94339814575963,141816.5806451613,-3.065360331573741,-3.177354205249494,-8.531930757243412,48.84547245783957,0.16036602881755535,254.3489906169137,255.64492991369312,252.6582000732422,248.83510040283204,234.96810012817383,207,-56.91823899371069,0.8781855853806197,False,63
ABCAPITAL.NS,410.04998779296875,430.70001220703125,-4.7945260805185015,4926202.277777778,3.8101234918908267,0.25672073177720467,6.853417014454388,31.742967965612443,0.15185568786125822,395.7388994792443,398.31661415509683,403.1239996337891,385.68999938964845,363.51399948120115,34,-12.235897541999396,23.357559913812675,False,62
INDOCO.NS,249.00999450683594,317.0754661004704,-21.466647177321143,310671.8015873016,-5.326589267748661,11.92096718652602,5.371893435628783,29.6699308914129,0.15331074897784133,251.29490666295035,247.4578224505257,237.62426025390624,230.98660369873048,221.56341102600098,235,-48.892390180618946,-1.623857826400743,True,62
FSL.NS,273.45001220703125,371.5899202053472,-26.41081005213546,2733020.261904762,10.44022837895584,0.4407758336202994,12.83268220353657,26.03125347677735,0.15394484056391555,267.37163979350856,267.23801531383384,273.142200012207,260.98730087280273,265.4862659454346,251,-45.63899906424501,0.0,False,62
GALAXYSURF.NS,2215.199951171875,2648.0,-16.34441272009536,22256.6935483871,-3.219885286220203,-9.153541671213938,15.167933528121846,32.32987163280865,0.15329631848695208,2205.0035242900326,2209.133994345748,2115.8906518554686,1979.2139501953125,1919.0201641845704,22,-21.499246556953366,24.252688082819684,True,62
ALKYLAMINE.NS,1863.0,2115.0,-11.91489361702127,129076.688,-4.186382606047956,-1.6678969699746027,1.5236028119578027,38.768728968781055,0.15212354776500048,1897.6689637674351,1926.7780073878134,1914.9980029296876,1824.7572607421876,1658.370044555664,17,-17.730496453900713,24.235377581012308,True,62
PREMEXPLN.NS,668.25,829.7999877929688,-19.468545453061004,630624.752,0.24752842401654096,0.0,-13.80755700741152,48.35164433137271,0.15223143472727285,667.6181845356629,666.9020679716995,665.2939978027343,664.6279962158203,577.4427499389649,56,-23.306816850322566,44.16421246850939,True,62
SOLARINDS.NS,18555.0,22700.0,-18.259911894273127,155415.00398406375,-16.75639300134589,-6.098178137651821,1.8596798250358981,43.54386456637829,0.15080174846397132,20151.245850674404,20350.493744343617,19596.7676171875,18630.145517578127,16017.697495117187,3,-18.59030837004405,1.1361189958381868,False,62
SKMEGGPROD.NS,229.75,370.1242358872688,-37.926248074720384,504951.52777777775,-4.786573935218885,-9.615485278813873,-6.7201135548128015,49.11169143956118,0.1522688806009597,239.09500340547984,246.3128723157745,267.5525448608398,249.75888061523438,214.4738568878174,49,-39.45276089086713,99.67909038840924,True,62
THELEELA.NS,540.5499877929688,582.8499755859375,-7.257440090041123,428645.464,-2.454215649538938,1.4545796129055821,9.11384627629177,31.552688202070488,0.1540072352134295,538.6712201739065,538.8268325950157,518.4060021972656,479.254501953125,451.8530009460449,13,-11.958472006763976,13.580249014194745,True,62
DYNAMATECH.NS,12061.0,12865.829460466755,-6.255558282812467,27019.394422310757,-0.2975944449036927,2.5605373006964527,13.638980957030622,27.088523658312024,0.15409451766082918,11885.967343973783,11717.957277682764,11140.06326171875,10947.058984375,10263.919636230468,95,-24.12426712094893,16.547293141110366,False,62
TTKHLTCARE.NS,1050.0,1247.0,-15.79791499599038,12227.482071713148,-5.863369462307322,-2.9664519277487256,15.227996802348077,29.96768561769365,0.1537584595600141,1089.2528688988052,1097.873677758331,1076.4165112304688,987.6612225341797,958.6685897827149,7,-16.471533633846235,20.17490501033359,True,62
CENTENKA.NS,561.4500122070312,659.4200186323656,-14.856996096133646,111512.784,-1.3442213507442125,-1.4827183444533154,5.044640675223899,35.592896302531976,0.15319584919614876,567.7704048045582,570.5248868195722,569.4212658691406,525.7383825683594,474.64938217163086,36,-18.74678161815352,21.65389741770307,True,62
ARIS.NS,133.3300018310547,178.3000030517578,-25.221536988784578,1152950.5436507936,6.272917905318276,-4.299458210064843,13.049007182524308,28.486080894523557,0.15076534661085575,127.21316271661613,129.3200096875906,129.08960006713866,125.40350006103516,120.30075004577637,228,-53.909142513407495,10.313049789262308,False,62
IKS.NS,1779.9000244140625,1933.0,-7.9203298285534185,244826.79282868525,2.257844960321531,-0.6530448387647825,4.706159118244324,33.54591530657984,0.14925389386384433,1761.286773428744,1766.8767712556653,1798.5200024414062,1748.0519995117188,1649.1015020751954,50,-12.75737069766878,20.8612747803951,False,61
TAC.NS,490.8999938964844,1147.5,-57.22004410488153,72260.8870967742,7.394440459778595,14.362258333485013,20.42193088346762,12.514326754788762,0.14744205679630656,462.2873229554673,453.72454217301663,464.44800231933596,439.0670016479492,522.1802516174316,237,-69.72549072797523,4.9986182622916875,False,61
MONARCH.NS,366.1499938964844,405.91149198853304,-9.795607879259528,147620.8714859438,-1.2939798227767474,-5.170041423087646,4.807077891521128,35.958066726180896,0.14661943791033494,372.3059745605188,375.1892547328555,376.0589489746094,352.2531069946289,320.2009880828857,23,-15.782131609820782,11.520346046713481,True,61
ZYDUSLIFE.NS,1160.0,1205.0,-3.734439834024894,1074227.3174603174,3.654724806212961,4.721499605808854,4.391515640733212,30.380953968596657,0.14779608681441694,1131.5280047330725,1133.5922226379116,1134.1279125976562,1097.8744537353516,1001.6326705932618,28,-9.875518672199169,10.509905336821323,False,61
MINDACORP.NS,691.4500122070312,769.0,-10.084523770217002,565221.712,-1.656942651604787,-6.421709384115726,5.010270945131801,36.96630966560295,0.14839569007797096,694.635968688087,700.7694689741923,703.576435546875,658.3184497070313,606.0100122070312,24,-13.940183642006666,10.400467381639045,True,61
ADANIENSOL.NS,1436.0999755859375,1789.0,-19.72610533337409,2400589.634920635,4.595773895552613,-7.258638967650144,-3.8561945148855137,42.202192382276,0.14731868194469983,1398.7363067651197,1435.6246640408158,1563.61,1520.139002685547,1276.154250793457,43,-25.293460033538285,19.018650821524076,True,61
ASTEC.NS,726.7000122070312,941.75,-22.83514603588731,495367.1349206349,3.8439589716055655,20.75440793412422,-5.4207021152235075,29.11078328652723,0.14553380164029242,686.8394794433292,658.7207063405825,636.9689990234375,686.9865026855468,668.0470025634766,205,-45.48446780843509,8.862842388104442,False,61
GODREJAGRO.NS,661.5999755859375,725.8949686967362,-8.85734105944187,280143.8207171315,-1.701212750122405,15.391995074180054,16.8799434300269,17.521458379433618,0.14980844120605288,657.1498379963812,642.0116800305774,594.1580932617187,577.5511322021484,573.7656112670899,247,-31.608105851235223,-0.28280620178859905,True,61
KRBL.NS,392.45001220703125,452.79998779296875,-13.328175179530033,628027.4297188756,-9.667395285970315,-0.29217324152731594,1.948304912889931,38.357137546864365,0.1490217231571023,411.11752755846277,411.27409085096053,387.78399780273435,375.5894985961914,364.0744989013672,15,-15.304768034723182,18.219045967881755,False,61
KPRMILL.NS,1141.4000244140625,1331.0754095910231,-14.249785084320576,480954.212,0.09646369717057901,1.5932375980473923,-1.3659930865943637,36.414995985755596,0.14484494357650465,1134.619266760478,1133.3356810589034,1110.3573388671875,1073.0947100830078,985.3628460693359,60,-23.74586798866176,31.383431797330164,False,61
RAMCOSYS.NS,567.25,967.5,-41.36950904392764,702527.264,-4.935480409679172,0.4871567759078932,1.8036589326625219,37.24897574498558,0.15044571292006653,581.5149290283441,588.3585726515149,643.4610046386719,591.5420022583007,538.678250579834,51,-44.48061763162144,130.50026608963026,True,61
PIRAMALFIN.NS,2300.199951171875,2326.39990234375,-1.1262015247455848,396008.8858447489,1.9772943600227633,8.0870187311755,8.833685884640396,25.318149653638656,0.14592498809084956,2254.1690434508073,2231.9990593007724,2159.380009765625,2083.215635986328,1909.325740966797,7,-6.894769131573375,6.4746543778801735,False,61
LLOYDSENT.NS,68.83999633789062,84.69999694824219,-18.724912847450483,3717976.103585657,-1.3612330780545356,-12.361561217851403,-11.285592579173686,51.73290557292021,0.14699048904040246,69.30202739640842,71.18137207413209,76.12640045166016,73.79210762023926,65.50267990112305,29,-22.18417232956319,19.02889092404203,True,61
TEGA.NS,1943.0,2100.8566080295964,-7.513916343755167,169435.41832669324,12.3705990072424,9.499564603690303,12.125178512419632,18.69301383297819,0.1425173190837947,1761.178529935453,1708.714278738046,1640.4272192382812,1664.960126953125,1722.9738793945312,250,-29.967195413055148,0.0,False,60
IGARASHI.NS,432.3500061035156,556.369872473851,-22.29090260025973,282836.4143426295,5.890281417970944,-1.492364521315892,-8.461737965385218,41.51983500992529,0.14359967851888464,423.6650959743938,426.2701825907082,443.0868188476563,427.25967864990236,401.8516177368164,235,-51.424729443857146,3.3661661641504192,False,60
VRLLOG.NS,293.6000061035156,310.20001220703125,-5.35138795946809,237627.032,1.6620562719648957,-0.5083022599036591,22.24165836321179,18.458744754233457,0.1412054058587268,290.13778789612707,289.92699040341324,276.21700073242187,258.8705000305176,260.54672088623045,26,-9.445524551105333,24.00065497216053,True,60
GARFIBRES.NS,819.0,862.339096096681,-5.025760317820738,99902.32931726908,0.5401454144284168,5.71194457489228,2.9642841933259945,30.60565965489377,0.14327952576376607,803.5087437622725,798.7896002777653,777.7507434082031,726.9464562988281,688.4162133789063,29,-14.402366316430726,21.62533580952246,False,60
TEXRAIL.NS,114.66000366210938,152.0256459449325,-24.5785124283293,2804363.9603174604,-2.673791666040648,9.399764002437138,4.146998549994696,28.7458211858169,0.1435500167320853,113.35582520836604,112.43758458148497,110.58676361083984,109.96021369934083,111.00428951263427,250,-48.986925605593946,0.6097996839200981,False,60
RAMCOIND.NS,332.1000061035156,396.66439743304363,-16.276830425757172,367463.1626984127,3.0566349429063333,-6.186438953809148,12.625906875174643,28.547759485433467,0.14275251560254584,324.22701775563246,327.7183738456739,338.7292193603516,320.2087023925781,305.9337590026855,249,-42.055017392601556,4.883619060112543,True,60
HOMEFIRST.NS,1241.300048828125,1311.570558920454,-5.357737684365849,320580.816,2.637673538126273,4.804122191926807,8.117766329070996,26.776566295999405,0.1437054820931905,1200.7014292751358,1197.9834531735996,1199.607998046875,1163.0937463378907,1128.599309387207,161,-32.17727876349391,12.664268014398106,False,60
GSPCROP.NS,482.1000061035156,666.5340937074551,-27.670615703701486,400682.8064516129,2.411047499419139,-18.6796626535645,11.08855931053232,35.613783500610154,0.1407725341263277,509.45593970104323,538.520719121115,555.3020385742187,490.82068786621096,,17,-30.243626455648354,61.752273506282386,False,60
USHAMART.NS,507.20001220703125,529.2999877929688,-4.175321385909747,731481.8055555555,2.568253226902173,2.330277101336775,8.587014989840668,27.481723707435734,0.14291674722884068,495.34606200239494,496.2964444046011,498.28963562011717,490.30899932861325,457.4609825134277,10,-12.308708747215624,1.5512120714751942,False,60
HCG.NS,708.25,804.6500244140625,-11.980366804097219,208367.204,-0.6034647205998,-0.7566768344884678,15.926014542740852,24.254385964912274,0.14267876909829494,695.8035459594627,698.8707136321473,691.9380017089844,659.5904998779297,633.9639453125,225,-36.20829277091636,15.54033113941211,False,60
VOLTAMP.NS,10879.0,12724.746990128295,-14.505176343075455,49350.28,-1.7165055560574571,7.782236092534789,7.420742207290165,26.042397853360335,0.14027978466432395,10889.257936261167,10803.349483534055,10175.63083984375,9950.181474609375,9113.737404785155,97,-30.42058661625352,42.038686151415014,True,60
GLAXO.NS,2838.800048828125,3120.699951171875,-9.033226736133082,91413.36,-1.7784202896726664,-1.3414837987651307,21.732420618701752,19.423326162081246,0.1384291786172273,2876.9624360017997,2875.336396991687,2730.877978515625,2513.077763671875,2456.8630334472655,13,-11.689686754125027,29.676472650542674,True,60
STEELCAS.NS,319.8999938964844,364.0,-12.115386292174623,123925.268,-1.1281081855023634,-10.479924882436652,5.571611911176078,36.76793076798075,0.14169860085507557,320.83474656526073,326.4203194738697,326.3389776611328,308.234055480957,267.9903279876709,18,-19.72527137169471,15.72060181457573,False,60
SHARDAMOTR.NS,967.0499877929688,1189.9000244140625,-18.728467270250782,65768.91967871485,6.351039346230447,3.2952334099217495,17.097537855692302,16.89936389156468,0.13183157529940956,925.5324487457103,911.85066056786,888.1490002441407,869.3499981689453,876.0594973754883,213,-41.171528226104705,11.064875855741851,False,59
AURUM.NS,219.77999877929688,264.6400146484375,-16.951335167032532,210118.852,-0.1771355738256264,-3.026826962948226,7.782842838591186,28.97130101298444,0.13300294306798924,222.650502227673,224.35506106685992,226.94919982910156,209.6125001525879,193.47694976806642,45,-22.40402254499797,42.53566266084074,True,59
RATNAMANI.NS,2859.10009765625,3330.2583637320286,-14.147799198011136,60514.16064257028,-0.0034923586083590585,20.708434508862595,3.639831823956774,19.224315873008592,0.12923013562302152,2746.1665073527133,2673.6373220888863,2519.9331103515624,2570.8737451171874,2428.5757037353515,92,-35.5874364768606,31.420683079854726,False,59
RAYMONDREL.NS,588.2999877929688,734.9000244140625,-19.948296605103298,579343.7301587302,0.813983394629969,1.7732030475660299,-11.159765754758478,41.69644124428223,0.1376668572026155,575.460261345857,575.3342152059622,613.4099975585938,607.229471130371,527.3001043701172,49,-31.8206597975749,25.64631817563989,False,59
IIFL.NS,600.2000122070312,705.0,-14.865246495456564,2350259.011952191,-1.2260366835688097,-4.858518596349059,11.602831132470005,28.43998028798198,0.13762534067307103,607.2567301596334,617.044354629081,609.8430004882813,551.1895010375977,537.2357876586914,18,-19.517727033466315,42.32578005064682,False,59
DEEPAKFERT.NS,1343.199951171875,1669.6119086916185,-19.550169462766608,394328.15537848603,0.5690308269587385,-8.388995017527535,-15.614523466629503,48.001278863022435,0.12895258584410493,1340.0565123635345,1376.164261747766,1477.1870629882812,1460.0868603515626,1283.1793463134766,32,-23.988325132368026,5.300939811713934,True,59
ETHOSLTD.NS,2661.5,3245.89990234375,-18.00424905037199,44347.14457831325,-3.00655976676385,-7.976625235692946,11.785463865155709,30.40176384125428,0.1380036367223345,2694.070159832816,2737.792065184888,2733.9839990234377,2565.958005371094,2575.713995361328,201,-40.866937300557815,23.513274197696266,True,59
TVSMOTOR.NS,4171.2998046875,4484.5,-6.984060548834881,910066.5436507936,1.122419507575767,-4.981781214407743,20.69034962150149,20.902312632184383,0.1368391564720023,4131.466738402006,4170.253923193387,4152.062006835938,3811.9269946289064,3735.4129382324218,17,-10.759281971234246,27.761877504293064,False,59
UDS.NS,189.82000732421875,261.70969633422146,-27.4692493312111,285145.1084337349,-8.485194773934591,-9.948283424179804,5.378333562753457,36.088942342141486,0.13210900843453213,206.0146906117994,210.9614455431423,208.47652587890624,192.6684799194336,176.85644481658935,247,-52.43345824676338,0.4490159612923206,True,59
BAJAJCON.NS,512.1500244140625,692.0,-25.989880865019867,1214540.9642857143,-1.6042220145893404,5.1750716860681,-11.933619608915302,39.817101141572394,0.13221346709709053,507.9187483433744,506.30755299909777,518.6690014648437,544.8900012207031,444.2292515563965,49,-35.281791025503516,26.692888485031997,True,59
ADFFOODS.NS,261.45001220703125,346.1881784193172,-24.47748695498424,275117.95219123503,-4.59769244560454,-0.7026113451217175,-16.48593808869525,47.65319124110838,0.13515203556249983,267.4254655819898,269.2708094226382,278.38257690429685,281.6741397094727,241.7578825378418,55,-28.131571624493446,18.8530837795996,True,59
UNOMINDA.NS,1284.0,1378.852549646065,-6.87909303068065,854033.2817460317,6.857525473390735,1.8643395477984992,14.817128135290103,20.523912391603538,0.13713323854127218,1223.9201677154167,1229.7821589889434,1219.0460034179687,1163.3503161621093,1165.5224655151367,239,-28.02263856275512,4.091121358123773,False,59
SANATHAN.NS,480.8500061035156,539.7999877929688,-10.920708229445609,38942.216,-0.4657420765003861,7.380531311185945,6.618626630491264,24.653274427353367,0.13276429814675877,466.20915147441434,463.88421190084944,464.73700073242185,446.7135006713867,435.4774998474121,249,-34.679508322117734,0.0,False,59
KARURVYSYA.NS,332.1499938964844,358.6499938964844,-7.388819308790673,3300102.4462151392,-0.9394554163924762,0.33227794716113035,13.20029080410039,23.154263008723632,0.13194302492512547,335.6141219042493,337.42134730664253,333.9137530517578,312.0712567138672,296.7948799133301,16,-10.009757286332487,18.99565126761338,True,59
AXISCADES.NS,1811.199951171875,2211.0,-18.082317902674127,143033.0438247012,-3.1288442813155015,13.711696110534021,-3.5569781058639505,28.426567997134633,0.12732988561069924,1767.2551191510465,1728.1150441602963,1627.2619995117188,1755.502001953125,1594.406004638672,93,-35.95205899656547,40.447309307226355,False,58
JAYKAY.NS,167.17999267578125,219.6999969482422,-23.905327720525104,251726.24,1.2659739440620044,22.582575325300127,-11.098117541764896,28.738635368876466,0.12809131344487343,161.53116683747024,159.62652434653205,159.52809173583984,167.8779460144043,166.55567298889162,199,-47.41920880850942,0.0,False,58
MANAKCOAT.NS,129.22000122070312,182.7466119542093,-29.290070092745857,712647.224,3.899652944451182,3.633078565193193,15.349251917530204,17.434503719956986,0.12695158070725612,125.74552684325306,124.34120070263378,122.79919967651367,114.95488883972168,118.03002300262452,224,-48.47391471782986,30.88706065433935,True,58
IZMO.NS,934.3499755859375,1374.699951171875,-32.03244280401387,122686.00398406375,3.0381548482396603,7.836570191274017,-7.499257680514148,33.088810174792414,0.12856876288841493,907.8069793297801,909.036247526856,963.6680029296875,913.6745025634766,830.681999206543,243,-58.58369129200957,27.296216220477266,False,58
POLYPLEX.NS,1079.300048828125,1262.9288373840152,-14.539915719737007,95743.1235059761,-4.087798631831918,-7.823577999699538,13.360843070070217,26.5778575154344,0.12665900464071725,1121.4379501885207,1138.6918164209276,1138.3360766601563,1038.3710693359376,937.8384454345703,26,-16.495692839637943,28.41900170936189,True,58
DATAPATTNS.NS,4513.2998046875,5000.0,-9.734003906249999,874299.8611111111,-6.541463966054484,-3.976434680620522,-6.372635217811973,40.000558897285046,0.12638999660840874,4564.984975005551,4592.603259431491,4515.0284423828125,4393.485180664063,3681.6871630859373,20,-17.200000000000003,7.407538914952716,False,58
IFCI.NS,76.51000213623047,107.5,-28.827904989553055,39072680.202380955,-7.023938163799737,-6.421232708937952,-6.214758005673692,41.711427593352866,0.12833503277471478,81.68476215583235,83.4959131065286,79.76880020141601,76.03590015411378,65.8158500289917,10,-32.083718943041426,30.880452429207715,False,58
TVSSCS.NS,133.85000610351562,146.5,-8.634808120467152,1158226.252,3.9773250570233953,10.76631095655336,-2.9228304587906484,28.037119697054514,0.1288899343819762,129.09131672620717,128.88974613716698,131.1493995666504,128.2596999359131,118.0100500869751,49,-17.8156986171475,25.008828135903684,False,58
DALMIASUG.NS,390.5,520.0,-24.903846153846153,453046.6626506024,-9.50173812282734,-17.884552618261317,16.154259387587587,30.55514205528351,0.12541250302454685,418.2340044849754,429.68402603923226,414.84,380.5433544921875,344.8097393798828,18,-26.461539635291466,48.04048508272694,True,58
CARYSIL.NS,1131.300048828125,1280.9000244140625,-11.679285872007917,125144.588,-4.151486738363708,-4.216402318788215,-5.669973920741933,39.04868274035857,0.1266005178232684,1143.3022646904735,1148.8914296427174,1165.3380053710937,1121.0265032958985,994.998501586914,45,-14.802090090728859,17.88124718534072,False,58
OLAELEC.NS,36.38999938964844,59.20000076293945,-38.530407228593475,85530868.77777778,-5.578623442670172,-3.781069055300601,-16.594090078438672,47.56690841369695,0.12734460186620045,37.617593250031504,38.02378988918667,38.59080009460449,39.56400016784668,35.89650019645691,248,-62.41554102490991,0.9183895380388885,False,58
RPSGVENT.NS,843.4500122070312,1179.0,-28.460558761066057,352508.704,-2.34456405161495,-3.6332462488396167,-3.185261663357908,36.52476996967506,0.12693223833933234,837.4060999325483,847.8963339831561,883.0029956054688,894.2625,824.6147512817383,115,-31.955046649703135,51.21830821103717,False,58
SAGILITY.NS,45.65999984741211,57.700033807096844,-20.866597756141804,28989325.722222224,1.017697072363366,7.082552769681394,14.382861226903021,17.164822523533307,0.12699067638656847,45.27203684296981,45.03437319581611,43.76172561645508,42.34199806213379,44.10581880569458,223,-38.044880206547994,17.42686320826379,True,58
JAGSNPHARM.NS,228.4199981689453,260.14646303072993,-12.19561645857815,213883.0,-1.9614606706178317,0.8522673873723852,4.280269403163484,28.13385081957911,0.12511928559193383,231.65456638391774,232.36821222002908,229.08791961669922,219.90986419677733,201.1964574432373,57,-19.001891669883765,14.996381656489488,True,57
AJANTPHARM.NS,3563.60009765625,3796.0,-6.122231357843788,114646.184,1.2386391379616501,-3.631785830719214,12.745587386773627,22.15924121956492,0.12084879451510377,3532.837498787296,3534.5264714473897,3502.794775390625,3298.041730957031,3042.434466552734,22,-9.773445732349838,17.34811771594429,False,57
SIEMENS.NS,3913.89990234375,4149.39990234375,-5.675519485769009,399998.552,-1.024175627153845,0.38472390611985485,4.388041681157473,27.740588501243924,0.12387175123353399,3902.3253738905505,3926.936523055472,3857.289404296875,3752.84359375,3475.6949755859373,17,-11.254639489826456,14.186523940054329,False,57
HARSHA.NS,440.45001220703125,470.95001220703125,-6.476271198522044,112987.54618473895,-2.856193617949132,0.9280518714918973,2.548859626454303,29.591567454946066,0.1250127588241818,441.9643018838406,440.53439665284526,427.25199951171874,417.8382763671875,393.99162017822266,5,-13.398450890320103,6.77028150552812,False,57
POONAWALLA.NS,479.3999938964844,570.4000244140625,-15.953721357402983,2012117.1792828685,6.675567513895042,-2.8177567890632083,12.879675092353926,19.77513901223844,0.11877963526178419,453.8878225679595,460.00498787377904,472.08800048828124,445.47800079345706,441.4895002746582,239,-36.67601740058301,5.845450258262819,False,57
HAL.NS,4800.2998046875,5149.89990234375,-6.788483354737529,1140122.623015873,-2.1345605568297676,-3.95558614070628,6.884732520005943,27.168648594109968,0.11928305909821539,4823.97076247753,4841.758666341545,4775.662724609375,4586.995053710937,4378.011828613281,24,-10.371077259446881,12.270797958049195,False,57
SASKEN.NS,1719.5999755859375,2760.488858956468,-37.70668662520927,79240.16,-3.2628263274408487,-10.128569371554807,-29.506724926981942,57.60111608778562,0.1183643244996462,1777.7631139989023,1823.3517389711499,1882.92291015625,1939.4443762207031,1594.384305419922,64,-40.22435663045149,103.98328811821047,False,57
ALPEXSOLAR.NS,916.6500244140625,1325.050048828125,-30.821479141505016,64864.91935483871,-0.4452865148995344,5.198835152048176,-3.2763519460824564,29.47034243136475,0.11800469767640846,902.2548048330599,884.5730633300767,847.6030004882813,905.7085009765625,874.2844982910157,247,-50.190560682315024,0.0,False,57
SOUTHBANK.NS,46.06999969482422,49.41417107532308,-6.767636302957047,22500950.250996016,-0.021706023943179886,2.3777770996093794,-0.33644054012368363,29.374170252575293,0.12122120756520571,45.927743628961345,45.9679248634354,45.945374450683595,44.44012409210205,41.883089294433596,52,-13.807617024037977,24.75790656740533,False,57
BAJFINANCE.NS,1040.300048828125,1176.4000244140625,-11.569191836231528,8089926.227091634,-0.30665559864637704,-3.6937515411349375,8.096145918555031,25.774453396574735,0.1196920926610478,1036.2395312747622,1049.1925883631136,1067.4380078125,1003.2500177001953,973.5092346191407,33,-14.527373416128908,33.17504298936391,False,57
MUFIN.NS,133.4499969482422,141.5,-5.689048093115057,1423850.3293650793,-0.9720967735178276,-4.3437730608589575,3.941115026597397,29.575686684413526,0.12046644892221056,133.73916327111,134.45480298240562,133.26379974365236,128.48970016479493,120.1119499206543,20,-11.646645481931872,8.891490122525326,False,57
TIPSMUSIC.NS,657.7000122070312,741.0,-11.241563804719135,403524.78486055776,-0.10632019761150913,0.9206690022423913,0.8665017283700172,28.36928731281141,0.11781167224322897,655.125398803765,654.723489747152,665.8109997558594,660.3044989013672,601.7259918212891,43,-17.42915309231613,10.531230423603088,True,57
BELRISE.NS,240.17999267578125,267.55305639788776,-10.230891805399168,5998997.69047619,5.596825581685527,2.8540556406731588,-0.5408494397616148,27.3866510742387,0.1192289928407018,231.14308157095553,231.7555858318767,234.76148620605468,229.55310150146485,206.31490272521972,27,-16.745484802558007,9.42014460747178,False,57
RAINBOW.NS,1454.699951171875,1610.0,-9.645965765722053,152290.2128514056,0.24808597936085697,-0.27421677753444174,-0.8621330082230094,29.73750176230854,0.11606326044885709,1452.585549500775,1455.5795180929254,1478.0099096679687,1420.1735974121093,1327.4753784179688,30,-12.459625812791153,19.525442484135812,False,56
PENIND.NS,171.42999267578125,279.8999938964844,-38.75312739764427,793081.9402390438,-2.341347138855243,4.984995850532448,5.997648676491307,22.86246267868357,0.11707144130641786,171.05238864242455,169.23896779182124,165.61599853515625,163.58909927368165,167.16719940185547,217,-53.87638123662812,12.01542738792456,True,56
PDSL.NS,351.1499938964844,416.5630259242535,-15.70303362441573,270805.4417670683,1.5765060737658487,-3.264464491326613,4.142528263743772,26.786271516179383,0.11462024794706148,347.7556797113938,352.87245711924396,359.92389709472656,337.2665002441406,328.7280788421631,46,-21.944586134341982,30.105513280209717,True,56
ADANIPOWER.NS,206.60000610351562,254.1999969482422,-18.7254096837847,34592919.42460317,-1.6049888544055535,1.2745127958409874,-10.713511107447548,36.333651350650584,0.11413810881753612,206.80880435465647,207.39419361891206,209.71339996337892,218.02340072631836,186.20255043029786,80,-22.108574989355766,54.904203533656215,True,56
EPIGRAL.NS,1105.300048828125,1801.009455470607,-38.62885919500583,65837.276,-5.034794600630599,2.380518138511367,-1.9776451969347297,29.970876252386102,0.11367681109513238,1139.7404911760527,1152.9302698371705,1131.2499975585938,1150.6430389404297,1122.2180807495117,249,-55.384787383089154,0.0,True,56
KIMS.NS,809.8499755859375,858.0,-5.6118909573499405,471061.7817460318,5.318936566697707,2.51265513746044,0.30965505364455304,25.538677140757816,0.11342792056558353,778.6696978215105,776.8477181593564,788.0369982910156,781.5689996337891,717.5427499389648,54,-12.785549208278702,5.965163703850518,False,56
LTF.NS,312.79998779296875,338.6000061035156,-7.619615429853055,6450120.322709164,0.4818503240666905,-0.8243519828250112,8.34775703738282,23.132869296916468,0.11640789465823102,307.63489004158987,310.1950589263935,312.7169970703125,300.1951239013672,292.23069206237795,52,-13.230956143825578,20.306733631994554,True,56
CLEAN.NS,851.9000244140625,1199.265627650279,-28.964859429583566,368009.33067729085,0.40662527637389534,4.468932955901228,4.239917316246311,23.029168626064855,0.1141809176411747,835.5021803476374,829.5091055410405,794.8756787109374,789.10142578125,791.512691040039,250,-45.88835264859652,0.0,False,56
TITAGARH.NS,837.6500244140625,971.0,-13.733262161270599,1010501.0916334662,-2.5081456572158545,0.709350696009925,-9.01042291675921,34.74623848098312,0.11086424090845888,839.724640058201,842.5339512182827,842.1990014648437,840.5975024414063,795.9372494506836,65,-18.69721810432222,25.72121743499134,False,56
M&MFIN.NS,353.29998779296875,415.0,-14.867472820971383,3365002.474103586,-1.656231651226514,-9.3172530138262,22.894648845407907,15.970734778015494,0.11227614796940678,357.597838177359,364.86752499137066,371.0820007324219,336.6570559692383,338.58470306396487,28,-17.831325301204814,41.539788666399936,True,56
SUPRAJIT.NS,499.04998779296875,557.028538620579,-10.408542257311959,164304.54618473895,2.801519259234775,-5.070063993026452,7.3926078518523175,24.62137183973563,0.11332470218768134,490.69669774143404,494.2463887537031,500.08864013671877,475.31145263671874,455.2328718566894,27,-16.52133279355448,13.003093301736524,False,56
MOBIKWIK.NS,212.47999572753906,305.95001220703125,-30.55074775295077,2177580.3134920634,1.3257028229633372,8.596540810904107,8.646514173968756,16.862824314294443,0.1119096242238556,201.419860581125,199.49147716421584,202.76600036621093,201.2213000488281,205.05040031433106,251,-50.49517873155804,0.0,False,56
NETWEB.NS,4664.5,5813.0,-19.75744022019611,1907123.7341269841,-7.2110602745176,-13.935935494042662,-5.232233652853546,42.108376928536394,0.11765387549298204,4821.384823948493,4927.733628064774,4823.83671875,4606.052724609375,3967.2795031738283,19,-24.514020299329086,22.517284149253094,False,56
HINDZINC.NS,596.0,719.8477125036038,-17.204710156383772,7805742.158730159,3.391445464302878,3.85084067708501,8.99780784663433,17.899849052284523,0.10968594656751397,582.6528152102528,584.118774970334,569.3700073242187,578.6300012207031,580.2873036193847,163,-33.96998491730814,49.87633981215025,True,55
GALAPREC.NS,1011.2000122070312,1260.0,-19.746030777219747,36870.55378486056,-1.9204643834111246,-1.7870982726505003,-8.94602064318758,34.844643190555516,0.10704584990394721,1017.6106728597179,1029.0500679128058,1072.5279943847656,1021.8359979248047,887.1279992675782,54,-23.722224159846228,44.84417892116037,True,55
MIDHANI.NS,417.29998779296875,482.3999938964844,-13.495026311605862,1274370.9166666667,-6.727761849384361,-0.7610017139194403,-4.758645759205827,32.3501439736734,0.10687487333985286,423.98772961615396,425.7120449922798,418.8160009765625,419.0254998779297,379.059990234375,8,-19.682832274211826,14.470838979243794,False,55
PIXTRANS.NS,1741.0999755859375,2089.0,-16.653902556920176,39321.396,1.1033041210940953,-4.350935072114903,8.34081464814982,22.426413722932324,0.10712953281304305,1741.2345088880618,1761.513715607543,1797.1260009765624,1708.5047863769532,1565.9500726318358,28,-18.1474377973163,23.439033158413558,True,55
AFFLE.NS,1603.5,2185.89990234375,-26.64348453098394,310856.9123505976,0.5959849435382747,-5.331210663891528,8.315318397448701,23.28925342918002,0.10803653252482141,1578.4248975231042,1595.029611283646,1603.1180102539063,1535.9789978027343,1542.6119982910157,248,-42.75583948347932,1.99068326547589,True,55
CLSEL.NS,294.8999938964844,324.79998779296875,-9.205663491447847,209314.56451612903,-3.374842037542214,5.679988101370204,-0.15236573479993076,25.596247897611192,0.10991302855124319,297.07928490476246,296.48080571882565,288.91400024414065,285.9640008544922,271.6985506439209,16,-15.609600860505534,11.497464476055885,True,55
CGPOWER.NS,892.0,980.9000244140625,-9.063107574817996,3340224.503968254,-1.8701870187018743,1.7916252910801678,-6.154655444502888,30.8685492884873,0.106723294383899,887.4460732923284,888.9502555982262,886.172998046875,893.7654998779296,787.525150756836,56,-16.928335681030738,11.675014745486024,False,55
ELECTHERM.NS,925.5,1277.0,-27.525450274079876,50030.469879518074,-4.093264248704664,-9.627963864516609,-13.802734275076034,42.98957126303593,0.10720089024917773,956.9366837840143,977.0962610249402,1015.5170007324218,983.3190002441406,873.5132485961914,52,-28.26546689170174,64.58235268090169,False,55
HEXT.NS,524.5499877929688,792.7687780924847,-33.83316771693365,901436.3386454183,5.532642727164561,-3.610809256392844,7.843337659375771,21.620785538575227,0.1083241793468071,520.4761125027898,528.1173883676065,550.438998413086,528.9959997558594,554.7414299011231,198,-50.454965468223456,14.680879274174096,True,55
IRMENERGY.NS,270.20001220703125,390.9040021765633,-30.87816683826444,1583844.928,-3.9601266862190454,-6.408678813642899,-2.9305735264742006,33.606524661198755,0.10885689375186758,274.8634999806218,277.4895599771384,274.2872332763672,276.37974731445314,260.6668145751953,246,-57.91348824106489,-2.4950276896385737,False,55
ASAHIINDIA.NS,961.0499877929688,1071.7996569938532,-10.333056973680254,221702.74206349207,-2.5106512788066526,1.205713622768112,11.242106878406988,18.82570865797981,0.10892993123386979,960.8671322371794,954.9595242885669,925.97193359375,895.3772955322265,906.8717242431641,202,-27.830539250545883,21.80771293556667,True,55
SMCGLOBAL.NS,80.94000244140625,95.0,-14.799997430098689,1057085.4578313252,-5.488086153361527,-0.4795270882430036,9.40794642964875,21.45520929249065,0.10759753612906134,82.55601144560029,81.92740405746935,80.31940017700195,73.39599044799805,73.73363187789917,5,-17.021050704152962,5.1055422942135165,False,55
MAHABANK.NS,83.54000091552734,94.5,-11.597882629071599,19604594.63095238,-0.7838432976672749,4.060789967365053,-4.949366827090262,29.506498237430346,0.11051562910551342,82.61847044117998,82.69096060227182,81.33639938354492,82.1964476776123,73.45991971969605,59,-18.30688153625165,20.152580044452463,False,55
APOLLOHOSP.NS,8944.5,9039.4765625,-1.0506865286205591,368716.4246031746,1.2279311905839752,2.398397252432738,5.507070883001619,21.59565784414017,0.108928569721015,8811.86092838781,8804.605671922753,8828.34763671875,8586.42185546875,7963.427800292969,33,-5.994468674003162,6.17080351765289,False,55
EPL.NS,239.35000610351562,274.0299987792969,-12.655546046151112,1522483.168,-2.4057059720629437,-4.565389477239856,1.9725651238639008,27.043531771569775,0.10255533753132816,241.1508273293278,243.3972746599442,241.26440063476562,232.95490020751953,221.69089988708495,19,-16.797430567581518,15.8755710396413,True,54
JUBLFOOD.NS,500.0,633.1992004085787,-21.035907866376093,2600847.253968254,6.326422115895802,-1.4389883636165002,18.413493356333777,11.044622601118625,0.10286741586213864,480.5205506484976,481.33876319300333,469.46729064941405,452.6145068359375,480.4936145019531,240,-35.62204553802842,-0.4948581534297669,True,54
EQUITASBNK.NS,74.08999633789062,83.9000015258789,-11.692497031674531,3514704.412698413,1.2850236396497738,-3.76672503746569,-3.8790936976332846,29.95965360326305,0.10195290688487074,73.06942678275828,73.51513521315039,75.44399917602539,74.39729972839355,68.76809984207154,47,-15.84028685795441,17.416223272590848,False,54
TATAINVEST.NS,702.3499755859375,1178.621408861613,-40.409195836319356,2483156.198412698,7.904432208032253,8.162008468880867,3.4388771113309957,17.154372873024883,0.1031625719718865,675.9484465555139,663.6748216315555,659.672001953125,667.6373175048828,663.2058932495117,241,-54.51590965272606,33.31556140975076,False,54
KAJARIACER.NS,1202.699951171875,1285.36522978804,-6.4312676817776415,272896.18,-2.945448792624872,-1.884491494215057,2.7597339442967606,25.877851881932724,0.1050761775795662,1224.0539102930616,1225.4866399750579,1222.0539990234374,1172.07,1088.070498352051,229,-32.34607911952491,1.9929384997279698,True,54
EIEL.NS,200.00999450683594,276.1000061035156,-27.558859078095043,2437256.603174603,-3.4281329161276464,0.5024873260652596,-11.718751473278665,35.26984558448147,0.10349996965409279,200.38877664854778,201.07387434401625,208.83799957275392,207.1415995788574,193.7778997039795,249,-51.2097052749207,4.34648857845501,True,54
DIXON.NS,13005.0,18471.0,-29.592333928861457,538844.2310756972,-3.6666666666666625,-10.074678467708475,5.423151750972766,27.57504414361389,0.10275360822529024,13547.215694978931,13842.203824674792,14090.3,12906.225,12104.73,245,-48.0266363488712,-0.7037259287545727,False,54
INDIANHUME.NS,365.29998779296875,426.6626968523802,-14.38201874972963,100607.05220883535,-3.7544461752882174,1.4299580685164681,16.439380880990527,14.263101957110536,0.10547602043315843,369.6148905111795,374.97783623364074,383.2346630859375,350.1388198852539,355.3906982421875,45,-20.01878708462106,35.436417519428744,True,54
SIGNPOST.NS,271.5,336.17116076159675,-19.23756952115823,221946.35483870967,0.46457675634632434,-0.5091900688477979,9.680585391364627,18.238580453161557,0.10144227460539085,265.21179320136065,264.8281420589372,280.0334344482422,278.16300903320314,252.80452980041503,46,-28.696554009035392,17.708328444292754,True,54
GODREJIND.NS,1107.4000244140625,1443.0,-23.257101565207037,220612.57142857142,-1.7216918329244435,-9.48177192129428,-2.0953011832219204,33.09296805008866,0.10540073297517585,1129.1770708277281,1151.0535432657107,1239.6760107421876,1181.377504272461,1071.173250427246,50,-25.294525294525293,24.901977021680246,False,54
MOSCHIP.NS,208.88999938964844,288.45001220703125,-27.5819065524184,2764632.3928571427,-0.6657444201728868,1.2505461982383892,-0.2911697424112458,26.049962497557686,0.1051616887393009,208.04153879762868,209.48308286309742,215.2466000366211,214.22199996948243,202.1576000213623,238,-49.10729872100196,8.72379915012389,False,54
GRINDWELL.NS,1895.5999755859375,2455.0,-22.78615170729379,62695.0,0.5196694508467381,-7.949306529436706,-9.965517449304729,37.41153257467473,0.10437063434275808,1894.7517320425238,1938.0902561460014,2035.1740161132811,1983.2325671386718,1765.4813012695313,46,-26.126273906886453,22.54332087857094,True,54
PERSISTENT.NS,5416.0,6552.654210942315,-17.346470214225707,632387.625498008,-1.697068699519011,-1.7059891107078062,11.815884312766833,18.076195559525978,0.10264338825546977,5503.634936895037,5530.572279608867,5453.56353515625,5173.885473632812,5382.681198730469,185,-35.448917832435654,10.392810588631129,False,54
HYUNDAI.NS,2208.800048828125,2862.6621204739863,-22.841049489193576,904507.1904761905,1.6007382165650785,-0.8172407351537903,13.25580271616289,14.294902171039015,0.09691327357890223,2180.4881155178296,2182.0580148636873,2134.006701660156,2011.8423547363282,2051.9894537353516,249,-42.629753656823375,0.033073716885168025,False,53
BOROLTD.NS,259.2099914550781,397.95001220703125,-34.86368048652664,226614.98804780876,-1.7325071443504148,4.4738183940270515,11.067780457557053,14.674393538384622,0.09911604516991333,253.92536108678502,252.1098874785355,245.6190005493164,238.75550018310548,248.88224975585936,246,-46.2922504909116,8.105356696392295,True,53
TATATECH.NS,722.4500122070312,891.0,-18.916945880243407,1256993.9087301588,-5.208949804541751,-12.318708477001206,-4.82808122218904,35.929746979063594,0.09938837749114308,763.2357186397854,778.8021851102455,785.0759997558594,740.7864678955078,669.3571815490723,28,-19.629632369703987,14.096656004558895,False,53
BECTORFOOD.NS,221.5500030517578,278.33899243412714,-20.402814886171306,1939860.5537848605,-9.47536239311475,-15.622178229053208,18.30237267962127,21.557976398691036,0.10041930478240679,230.5425901719817,232.18993226886062,222.77700927734375,202.23337158203125,208.57242660522462,192,-40.88883560893357,6.914769576540669,True,53
LUMAXIND.NS,5851.0,6868.719019600016,-14.816722254847459,25897.9718875502,-5.841647891857093,2.1830247991617258,11.88624601523327,16.55553076286043,0.10040526280360787,5947.248328210159,5955.708165446219,5683.59556640625,5499.15166015625,5432.384428710938,149,-33.37659386113599,19.632341529524844,False,53
ELGIEQUIP.NS,609.5499877929688,653.4000244140625,-6.711055246809384,572807.4722222222,-1.3194146435164589,-3.6208433824120534,-1.203039904333747,27.56857972267419,0.09810409776935498,611.6687986896682,613.9460248797127,601.1402209472657,589.357699584961,538.5728231811523,9,-10.468322904548454,12.595286696390161,False,53
SENCO.NS,348.0,428.75506028088586,-18.83477718676524,1411169.5219123506,-0.543010554337553,5.250438187220152,2.9681184567366126,19.8319176372463,0.09818989173929779,346.8318083962491,351.54958726475064,367.2900659179688,351.9672952270508,334.1569721984863,38,-24.04754507546928,23.107509848070706,True,53
CHOLAFIN.NS,1800.0,1952.5,-7.810499359795131,1648131.737051793,-3.1737493275954765,-3.9231385108086436,4.765354338317018,23.751426608319125,0.09828174309901479,1818.695391887584,1832.4843747593268,1835.639296875,1733.3943200683593,1682.9651446533203,30,-10.048653068982071,33.39486389887678,False,53
BALUFORGE.NS,522.1500244140625,691.6376127975624,-24.50525900376499,1028844.5436507936,-2.0798334549098185,-4.4707403113227295,10.834211833129913,19.31609300286061,0.09874569343327691,525.8692915122771,535.9133831488324,505.7968304443359,491.08966735839846,492.78812576293944,251,-50.70424173641679,0.0,True,53
SCHNEIDER.NS,1213.5,1548.0,-21.60852713178295,346213.0557768924,1.5566135413762616,-3.2142325138519334,-13.041920458616985,35.5562984196381,0.09822758081637387,1208.248460505012,1220.4053770387534,1282.7960083007813,1292.7470056152345,1059.3922525024414,51,-26.68604493449208,16.80324034598497,False,53
FEDERALBNK.NS,332.75,370.4344787597656,-10.17304838521923,9231217.083333334,-3.41074020319303,-6.346746008364201,4.372241318460124,25.00440812268545,0.09703012422620073,340.7473670033237,344.1435834783371,349.04725158691406,327.1980337524414,301.09054557800295,34,-12.157206589964066,22.028892697908443,False,53
CMPDI.NS,214.5800018310547,281.3180883112053,-23.723354186284062,4101515.8852459015,-0.3019996791279955,-8.490768559724305,-14.538222358999487,40.45775794391964,0.1009328279001035,216.11006436713407,223.1374380458092,238.42581573486328,238.5565672302246,,55,-28.90965287950943,26.52168575042637,False,53
GLENMARK.NS,2447.39990234375,2535.0776323504288,-3.4585816579268736,643935.9801587302,1.1656726083437041,5.012434449395875,12.408693972122965,12.372592904638523,0.09790699504205845,2423.458714882139,2410.387094524348,2330.2470361328124,2290.890358886719,2186.2425714111328,15,-9.024480378937739,13.749431595487426,False,53
WINDMACHIN.NS,300.04998779296875,343.8999938964844,-12.750801652155507,101982.82470119522,-0.1995696376838163,-6.3806590349551495,-4.030067599389553,30.42816075314809,0.0966615525068296,301.1319346202947,302.61892674395426,300.42099853515623,302.02049926757815,279.7935994720459,72,-22.76824343781101,14.052171790081513,False,52
XPROINDIA.NS,1223.0,1572.6395438881225,-22.232656252792015,63720.82,-6.024283305923639,12.346135167026983,-8.932173538706767,26.171137497959872,0.09655601640384953,1262.9300563945578,1246.7248823403788,1260.29861328125,1236.5632104492188,1102.4130001831054,53,-36.70513829551298,29.616784782035023,True,52
IIFLCAPS.NS,345.1000061035156,407.5051309315702,-15.3139482404539,680706.152,2.085495803911841,2.9995578799295153,0.20325558055662718,21.13022586757385,0.09321528177573615,338.8872532956282,337.97833354269545,336.9989984130859,338.6695993041992,327.7749390411377,174,-41.00687926384582,23.942339007899193,False,52
MOLDTKPAC.NS,658.2999877929688,828.5177141997364,-20.544850579468978,93675.05179282869,-2.6831286993173387,-3.1075843452657126,-4.809409419763511,29.53297347504842,0.09480536825105439,671.5147247656461,679.1622132007268,685.1904309082031,678.9406573486328,617.5983724975586,250,-44.31938346756624,0.0,True,52
DLF.NS,644.3499755859375,782.9698762167067,-17.704372140161695,3630793.0595238097,-0.023277643764541,-4.703105476581515,6.546876707841065,20.654598193443398,0.09282953430036921,646.407141729601,654.7557668838169,660.2251611328124,629.4257232666016,622.0734712219238,251,-38.26942770630145,0.0,False,52
CRISIL.NS,4577.5,5029.135653957774,-8.980383211623067,57341.34,-2.4112074212585877,3.0388294879009514,11.03712363212983,14.827559069826112,0.09608805873023726,4655.153607578017,4638.946206041475,4488.957529296875,4265.253620605468,4296.8907543945315,249,-27.027122331428778,0.0,False,52
BALAJITELE.NS,95.25,141.32000732421875,-32.599777056708014,432311.9043824701,5.097652969870081,4.132501070133721,9.331952476019566,13.853688537596698,0.09677326668858302,93.49405621102179,92.80996921575066,90.21039993286132,91.92920028686524,94.5168500137329,244,-50.80668480042429,8.492885599034183,False,52
OBEROIRLTY.NS,1785.0,1983.9545449282684,-10.028180607104675,530902.572,-0.390625,-4.530136031655108,5.666745143232732,21.478868851650045,0.09346481377298817,1771.9036005710725,1802.2951382117658,1839.7640942382814,1768.3626586914063,1674.4668127441407,53,-16.328728183637963,19.64376547288613,False,52
GVPIL.NS,656.0999755859375,1073.741134374155,-38.89588890823723,492013.6573705179,0.24445769074674661,-4.218981666286492,-35.1858157128215,52.32116166909162,0.09553369389607573,644.9036376350123,659.3873630145528,717.4764074707032,772.542085571289,581.4101194763184,63,-44.330157347617416,83.27656256457712,True,52
JINDRILL.NS,594.8499755859375,704.4000244140625,-15.552249436568587,1294085.1626984128,-6.063959639015004,-5.231379408320757,3.4303215926493102,25.367776592193536,0.09523535269106556,616.5487646074774,623.4687821696375,616.6571118164062,602.9458978271484,557.4976000976562,6,-18.334755811726822,10.025392734354144,True,52
POWERINDIA.NS,32700.0,38775.74235339215,-15.668925943491663,146001.1865079365,4.024176872912366,-2.393886932123457,-9.371544405799648,30.700534850782702,0.09392390919439732,31598.549996527752,32032.969490881373,32712.2239453125,33601.94404296875,28150.66699707031,79,-23.547562984550773,43.65251762571349,False,52
DHAMPURSUG.NS,156.22000122070312,199.9199981689453,-21.8587421711123,492761.4682539682,-4.505162468470858,-17.67495481505432,11.434480704853955,25.05910146714312,0.09468477588455484,160.7037520100246,163.8968077970874,158.84619903564453,151.1513945007324,137.597113571167,19,-25.665265120317528,31.359432443579173,True,52
TECHM.NS,1537.0999755859375,1807.040094106148,-14.93824732503992,2259290.613545817,0.7405902737053438,-3.3148868803365428,9.883281460172032,17.637238990779913,0.09430961685666801,1557.0719731408187,1570.3811738140794,1587.3140063476562,1499.367666015625,1490.8904779052734,157,-29.660192536623796,9.275524971533788,False,52
LICHSGFIN.NS,548.1500244140625,586.4255760885916,-6.52692400113647,1714561.5219123506,-0.751396608841115,12.506226846824987,1.9427476795850662,15.647560226384073,0.09267954102910035,548.7011378285075,541.1150327570435,525.627661743164,533.3616842651368,523.6971348571777,93,-17.218819914891625,14.263408056222882,False,51
UJJIVANSFB.NS,65.0199966430664,73.94000244140625,-12.063842985951345,14794026.104,1.4036086368264478,-10.106463435550129,13.532383662225245,16.9214096914849,0.08947347151834155,65.29760908291873,66.29893370270699,68.1212001800537,62.40250019073486,59.839050159454345,19,-16.959697729878588,28.126115224787185,True,51
TITAN.NS,4798.5,5186.7001953125,-7.484531218197987,981579.4444444445,-4.211997205309914,-5.317679558011045,11.821366692090285,17.231899731003097,0.08954434267895124,4925.356723562601,4965.687210600154,4929.618017578125,4590.014499511719,4363.714205322266,16,-7.995453365268479,15.064678257291408,False,51
KIRLOSIND.NS,3699.800048828125,4559.03089925217,-18.84678716621523,15154.788,3.438827955739332,-0.8016704489688387,-13.92875861287135,32.18674060936433,0.08879617365664491,3742.070713478189,3739.776238936013,3784.0070654296874,3615.8082446289063,3331.86904296875,62,-22.130378668006333,24.485380074337005,False,51
ZYDUSWELL.NS,522.25,611.8499755859375,-14.644108713109317,1016129.3849206349,-5.389492753623193,4.179136787787718,-1.3026620518559517,23.22931588242949,0.09197805819610236,543.4936622379125,540.7093215634673,543.656435546875,531.4286141967773,483.2412548828125,44,-19.915008653755027,24.154986711146687,True,51
GRASIM.NS,3209.199951171875,3411.10009765625,-5.918915912878065,754663.3227091633,-3.308226840256856,-1.8593287103402134,1.3856600604586378,23.440225663324554,0.09089099857373686,3250.0191070257943,3263.4086125462763,3225.2060400390624,3145.694055175781,2955.117401123047,28,-7.387646002330683,7.158513173896175,False,51
CHALET.NS,865.6500244140625,1067.1960352603255,-18.88556593045242,156103.2310756972,-1.0176620551292204,2.1920683251358097,5.168356528693296,18.223836238579437,0.09176688913554004,870.7035131939102,872.4902299052899,856.5151721191406,821.3421148681641,822.1605407714844,250,-35.29207988228721,0.0,False,51
CDSL.NS,1390.0,1658.570789743815,-16.19290484341033,1768679.400793651,2.2058823529411686,3.2766160031192815,3.8175767279877926,17.793015411941116,0.09138390619090757,1358.6759323012684,1364.4074824388504,1364.925244140625,1309.5276623535156,1321.8775561523437,209,-33.30345469125907,5.235797997522096,False,51
CHOICEIN.NS,763.8499755859375,860.5,-11.231844789548228,638518.9277108434,1.7584694255060596,-4.9464909417171965,5.1990085758558235,21.28453324724966,0.09260064625863777,756.3704623256089,767.9353996433101,797.2610034179687,746.2539990234375,743.8357489013672,175,-33.91051572259951,5.029295430016378,False,51
BANSALWIRE.NS,310.6000061035156,370.0,-16.054052404455234,129390.34262948207,0.4040730484361932,-3.764521733999804,-2.280950089910916,25.469603019384856,0.08791059138824327,310.90446550352857,313.43151529571975,317.7670001220703,317.14649963378906,299.95959976196286,55,-20.932435731630072,14.634904668194748,True,51
CASTROLIND.NS,197.13999938964844,197.85000610351562,-0.3588611028375266,1892975.0595238095,4.844971903150719,4.544727015200678,9.628463116993679,11.88015479574014,0.09034043446749368,190.291223919811,188.70315051234078,184.73007690429688,181.37264450073243,178.3773348236084,0,0.0,10.245451589128951,False,51
GANECOS.NS,1002.0,1317.3885789403,-23.940436708051383,327029.748,-1.4749262536873142,-8.73663523446071,8.3982959760996,20.06070329200029,0.08648950437369124,1013.9177489767812,1028.04381006536,1091.871336669922,1029.833826904297,936.4741180419921,249,-50.56063852716155,0.0,False,51
GAIL.NS,173.89999389648438,181.85195677766524,-4.372767289440304,10285691.055555556,0.16127104433327766,1.1043247173495807,0.32498834485701344,22.072493861944142,0.09163486096138004,173.00527974391576,173.28592178341947,173.45655334472656,170.6208723449707,164.5692391204834,34,-7.221234123434495,3.3807862451483484,True,51
BAJAJHLDNG.NS,11282.0,13468.198314050085,-16.232299696459272,61060.15537848606,2.6382823871906824,-0.8611599297012273,4.838817403829121,18.071012253652242,0.08771646375388457,11127.610789031783,11163.142435557225,11096.88,10719.48072265625,10586.22142578125,250,-37.017593010819716,0.0,False,51
NUVOCO.NS,328.6000061035156,453.25,-27.50137758333908,743797.3984063745,-0.814965828233094,3.1711165160174692,4.69969721623491,15.37922057159169,0.08114324113887333,327.3703864248533,329.426988037176,337.5070007324219,327.3410009765625,328.02950073242187,248,-39.05129619415334,-0.25644428202882263,True,50
GUJALKALI.NS,638.7000122070312,793.5892698217052,-19.517559461139477,1249355.250996016,-6.9600159967665,-3.0905025745544656,3.0043887149803883,21.863807589437666,0.08332737535681639,673.5033530073215,677.7193352059573,660.9367932128906,654.0541680908203,584.0002883911133,97,-29.07362110864654,70.8098208300298,False,50
BFINVEST.NS,445.25,584.7000122070312,-23.84983911333571,69446.9,-0.7467690722105291,-0.424911980860776,-1.2416249711812766,21.5944341402291,0.08105626861344051,445.58073723078377,449.34481937395054,460.4550006103516,441.9482522583008,414.6939096069336,48,-27.219090318354656,36.33807038619297,True,50
GULFOILLUB.NS,1070.0999755859375,1231.8793020953658,-13.132725441059822,63919.77290836653,-0.2702725455789867,-4.675710716401871,6.184835615807827,18.789840204877283,0.08409217368854989,1069.2912416290542,1079.3164967053374,1074.5333239746094,1013.641596069336,1022.0818487548828,219,-31.67559848242942,-0.24458206519164527,True,50
JAYNECOIND.NS,89.26000213623047,117.0,-23.709399883563698,6511894.674603174,-0.7891509112364914,-4.718187611599644,3.5138567335486925,20.231687371573813,0.08124279355250556,90.25048454500747,91.67594038787078,91.59899993896484,94.2137001800537,87.41029998779297,95,-29.470088339259483,60.36074919548393,True,50
ANGELONE.NS,299.1000061035156,359.3387168134344,-16.763768525726164,8418649.888446216,0.6054552251782752,3.316064284461362,-15.438263967073674,30.029014344783867,0.08103884927201546,297.6868204650072,296.8190578100199,301.9580078125,316.616845703125,284.9551767730713,64,-23.40096206696607,12.457087585318716,True,50
NH.NS,1928.5,2092.89990234375,-7.855124946952574,407990.8214285714,3.172482900555784,7.180567313162811,0.27883739740843794,16.981863606441806,0.08629758414487396,1888.281154624766,1888.4176174383026,1919.2689721679687,1911.5656127929688,1854.0179437255858,37,-14.902762525549672,4.77579703942006,False,50
FINEORG.NS,5199.0,5394.804360638102,-3.6294988205085144,17231.628,0.9808682140429292,2.079281779529185,-1.4197888287478255,20.616488564457256,0.08334601954468687,5177.01609721219,5163.355530759605,5064.698359375,4937.033149414063,4656.590233154297,56,-13.223595589442727,15.752656179685864,False,50
VIYASH.NS,249.64999389648438,298.0,-16.224834262924702,2222787.741035857,-4.146676062338583,-8.014001654066261,-7.9461715857504505,31.59558539946843,0.08236914747015128,253.9496913786041,258.10067084217883,263.53899963378905,257.0037991333008,230.8538494873047,53,-20.520132180028316,28.69067690883742,True,50
JUNIPER.NS,224.3300018310547,312.5,-28.2143994140625,186922.60557768925,-1.3457045458495465,13.418276680219998,9.17895580780832,8.2047047587813,0.08584653527314061,218.23475619197856,214.83802529820304,204.27899993896483,201.97529983520508,214.8119500732422,249,-39.68000000000001,0.7554566269502239,False,50
INDUSINDBK.NS,966.2999877929688,1077.8499755859375,-10.349305591655122,3305780.3333333335,-1.2165226196648171,-4.136905972919768,6.893265934341342,18.23419481064361,0.08412624248009412,973.6637515289772,985.2232914239156,1006.83,966.4827722167969,920.7395239257812,42,-12.371849385945033,14.880614248966051,False,50
INDOSTAR.NS,241.0500030517578,292.0,-17.448629091863765,159090.96812749005,-2.3654244207250263,-3.791658305443135,-2.2347479564386763,25.41623666969699,0.08501196177786063,242.51766622814327,246.62662811504418,253.62680114746092,242.9483006286621,232.22365036010743,36,-23.7602756447988,21.25359015964041,True,50
INDHOTEL.NS,732.75,787.940865936459,-7.004442632996987,2553530.0714285714,1.9832985386221358,-0.42127820735049504,1.201576183096198,19.570039405584705,0.08302562829554856,722.1924031327904,722.6267798979544,727.9690014648437,704.3640576171875,686.0098074340821,251,-28.612041445074876,0.0,False,50
GENUSPOWER.NS,310.75,362.40129303021683,-14.252513449478831,1400139.4801587302,-3.663457263796488,-6.877072027709374,-9.922333142580076,30.18124608231727,0.07354038358231363,315.9629617310017,320.6069237934337,319.5094219970703,318.29279876708983,295.7925365447998,218,-43.15137796906241,3.924736323529898,False,49
ABB.NS,7270.5,7832.294844565128,-7.172799999414736,327823.1952191235,-0.7981989357347508,-2.1467025572005416,1.351488496934028,18.863478721857806,0.07441677632809748,7252.459416269912,7335.713159738274,7394.512578125,7119.671259765625,6422.329853515625,45,-11.832992283331055,16.209453529106188,True,49
TATACOMM.NS,1780.0999755859375,2110.0,-15.63507224711197,509211.38645418326,0.8898181225705182,7.234938288309478,-13.65863036596937,24.664224831235092,0.07304070292622174,1760.485516610543,1747.417247485202,1753.057998046875,1799.5209399414061,1702.6827819824218,63,-22.265405157731045,32.11708100693258,False,49
AIIL.NS,559.0,683.0,-18.155197657393852,689657.380952381,2.691287787474095,5.01597084714116,3.662494204914224,13.571715996803157,0.07799757608371172,535.4397539548266,537.0195170864106,545.8660021972656,523.9385018920898,519.363000946045,172,-41.434846266471446,19.961924832788046,True,49
TARC.NS,133.08999633789062,186.3000030517578,-28.56146314666693,1043915.670682731,2.550468168999376,10.164720658438053,5.4763005357445715,10.082708567544918,0.07963964536328887,128.80131840919623,127.29912999661167,126.3407992553711,127.82839965820312,137.52614986419678,173,-41.43854176759677,24.544656446674608,True,49
CAPITALSFB.NS,278.8999938964844,318.27334486330085,-12.37092317100178,40564.27419354839,-0.17895490727363184,-3.0755885676857053,-2.311735938184112,21.505816733523275,0.07275792707689573,276.4593796393997,279.73187375360783,289.23600036621093,283.2117614746094,268.3974463653565,93,-18.473896855927087,15.640917043122492,True,49
ARFIN.NS,89.62000274658203,106.19999694824219,-15.61204771949345,1299565.008,4.23354180917801,8.354496117273701,-3.634405648836525,17.54984949858045,0.08023871509153764,86.98284338218178,86.89099457684775,86.74699966430664,89.23509971618653,82.84295001983642,93,-24.67043098034274,22.52240730585495,False,49
BFUTILITIE.NS,542.0,898.7000122070312,-39.69066511204844,115733.84523809524,-1.2570639655970384,2.564100194903629,-13.954599302615955,28.496921689345523,0.07599502527374444,531.664259991962,532.4412769687234,554.6959997558594,571.5155004882813,554.9675004577637,248,-58.97407286091204,10.053899377438258,True,49
ULTRAMAR.NS,424.3999938964844,455.75,-6.878772595395644,55699.392523364484,-0.9683803557799298,1.2404536111714215,17.150588463832705,4.966138029552303,0.07282884437627024,422.8862608444066,421.0600781164518,404.17800048828127,395.9626141357422,,30,-16.62095447065277,11.384198246728626,True,49
POLICYBZR.NS,1743.0,1964.199951171875,-11.261580117640435,1797579.03187251,-3.021201099033499,-2.056640598339343,7.433430335992064,16.425090403052202,0.08086617032447281,1785.4501252422879,1784.2110240148854,1706.34599609375,1676.6220007324218,1650.6885034179688,195,-30.556968032393318,12.14048478572689,False,49
AGARWALEYE.NS,500.45001220703125,568.0,-11.8926034846776,401549.7068273092,-1.5540461889707702,-0.2789665994734736,5.971416031134202,15.32434569175074,0.07709965147248785,505.94409676676327,506.80624565521305,502.4320001220703,483.2225012207031,472.8680009460449,229,-29.401408450704224,21.9457301848786,True,49
TNPL.NS,148.33999633789062,171.12773556954076,-13.316216191261375,200761.92,-1.0928045536982234,9.846950461015247,3.46128161125967,12.882877516467772,0.08051645126798236,148.58944750674755,147.00691393159948,144.5744955444336,144.43470336914064,139.68282066345216,241,-30.862015558608004,0.050572183892150235,True,49
TORNTPHARM.NS,4840.0,5250.0,-7.80952380952381,388107.60557768925,-1.8255578093306246,-3.4510273289447446,8.593224141799416,15.170960380005427,0.07773590147819985,4896.567637141717,4917.420211327503,4948.377998046875,4716.8865625,4383.334085693359,33,-9.419047619047616,14.502088513931755,False,49
PETRONET.NS,292.6000061035156,322.6775170144611,-9.321229191681656,2938860.007936508,1.880220636129959,0.4118092766527415,2.684679266104495,14.875031585515597,0.07025800332981132,287.1969943505475,287.30786556864126,283.6310009765625,279.16187408447263,278.8199890136719,140,-27.89522139859414,12.252696003715924,False,48
CONCOR.NS,504.54998779296875,556.6591363218392,-9.361051517663931,1740538.388888889,1.0615899435090226,-2.7842027373855993,5.600910667745507,13.143841117468558,0.06487128094184859,498.33281390474326,502.3705534374573,505.7718798828125,492.91069366455076,492.5059672546387,251,-24.520132432132556,0.0,True,48
FUSION.NS,185.1199951171875,243.0,-23.81893205054012,562632.808,-2.9158788400246993,-3.6234936732189915,4.011686459740527,16.179238968117417,0.06658914906522856,190.53196962320072,194.5373228939484,206.17040008544922,198.1397004699707,184.0348001861572,48,-25.176951718428498,29.344389727490714,False,48
AUBANK.NS,1058.5999755859375,1144.0999755859375,-7.473123138230308,2316521.9920318727,0.36977572718470686,-1.5255836664244238,1.394955817688448,17.534030726727945,0.07163959875431297,1055.1797437815399,1062.9385143049506,1059.5949926757812,1034.6796954345702,1002.9160424804687,17,-11.275238419084321,8.933600808363384,True,48
PIDILITIND.NS,1572.0999755859375,1707.5,-7.929723245333086,784037.6150793651,0.3318623454498626,-5.29518219361822,1.0672111268517748,18.051142430144495,0.06514770105934672,1570.4208652407826,1592.5844047586277,1617.8849609375,1560.1056665039061,1489.5267108154296,25,-10.91654608574305,7.930287696985205,True,48
SAIL.NS,177.3300018310547,209.6999969482422,-15.436335521348155,21670738.115079366,-0.93295987091917,1.3893699367471202,4.8173599173114034,14.023917797985685,0.07239353094645203,179.69855795762987,181.39614264941088,175.894599609375,180.49489944458008,166.93949970245362,91,-24.649500807653467,32.81740118867689,True,48
KOTAKBANK.NS,412.5,452.4189269358333,-8.823443176040035,16057724.337301588,-1.5513126491646823,3.812757937277489,2.8786663768332943,12.668617828928541,0.06538467367160435,415.5857079487353,413.5613540345993,400.39264587402346,393.9608004760742,399.70765243530275,230,-23.76434350547929,7.748467097461509,False,48
REFEX.NS,271.8500061035156,413.67773156512,-34.284592725117044,1386992.8366533865,-0.6214519339477032,-7.408037993136663,-19.540071351886844,35.91774426109446,0.0696132350684963,272.1372768244026,277.9601019736864,295.5256072998047,302.1448348999023,271.8175662231445,246,-54.69879857339869,14.95622876506928,True,48
ENDURANCE.NS,2732.0,3072.0,-11.067708333333337,114066.82868525897,0.5928089486050725,-8.58596296833034,2.249423501792247,20.52942041944943,0.07228683519511885,2716.890432039424,2769.757050590011,2817.073701171875,2705.7781396484374,2585.5806665039063,19,-15.950520833333337,12.69912658583776,True,48
LGEINDIA.NS,1696.9000244140625,1755.0,-3.310539919426636,1191128.6297872341,3.6717970303682623,3.925770067923673,6.669598461736093,8.796568412988837,0.06671840620337924,1654.4283429686525,1648.823238183271,1607.7280078125,1576.835009765625,1544.82900390625,24,-8.888888888888891,3.7710003476003395,False,48
EXCELINDUS.NS,958.2000122070312,1192.7911350346692,-19.667409987987494,14076.22177419355,-1.7561815451436313,-1.3373597414119365,4.851340456798603,13.667111368094776,0.06479156581480741,975.7301559792295,989.7072331834272,981.4684582519532,954.860101928711,932.5402481079102,241,-33.8801685132413,-1.0865795133453093,True,48
RELIGARE.NS,253.02000427246094,280.0,-9.63571275983538,1380341.171314741,-1.4757966286994328,9.225128831872965,-6.840943083032647,17.171437163948376,0.06513738044174207,251.338512196818,249.00060226651914,247.73560028076173,245.46010009765624,237.8375499725342,61,-20.26785714285714,23.8178999420257,True,48
GOKULAGRO.NS,224.24000549316406,259.79998779296875,-13.687445716179935,1076764.936,-2.741148565385265,-5.352014508601877,1.1137670438372549,20.255271102699734,0.07091720795972169,227.0926892255185,230.28620249704738,227.44659942626953,227.19899963378907,203.94659965515137,15,-18.0100059602078,20.354112572579155,True,48
RAJRATAN.NS,452.6000061035156,563.9500122070312,-19.744658869275455,205460.19123505976,-9.143829840623074,-10.438309956049496,0.9962819294197178,22.72016514946189,0.06384905663338465,476.5244778667695,486.7684666098856,498.8545916748047,466.91659271240235,449.54427291870115,32,-23.75210733355866,22.06893354065713,False,48
CREDITACC.NS,1387.5999755859375,1634.0,-15.079560857653762,533042.6785714285,-2.569862157053293,-9.573152454484358,1.225556329106814,19.941217590406566,0.06172537228292471,1405.6911986300602,1424.3986401167601,1484.7259936523437,1436.382001953125,1348.3790020751953,35,-17.466341763406522,26.012662090832684,True,47
LTFOODS.NS,423.20001220703125,490.70001220703125,-13.755858634770334,1276362.653386454,-4.14495759750142,-1.4668190437645556,9.452998548431957,10.438413028648142,0.0630340520748579,432.93913145639317,433.9020686314978,417.04599914550784,405.61249908447263,399.2276998901367,18,-16.659873235444078,22.416318190852593,True,47
J&KBANK.NS,146.5800018310547,201.75,-27.345723999477233,4302444.7011952195,0.5556681998031499,-1.5911347202048232,-9.71358403424134,23.61275052086156,0.06268364874011573,146.69138774140063,148.41336633374146,158.6406005859375,153.6384004211426,132.17305030822754,49,-29.21932934237531,47.39862157209895,True,47
RICOAUTO.NS,130.5800018310547,157.3196224733626,-16.997002803534876,4241246.011952192,0.20720150220210343,1.553812825933587,-11.32838869533943,23.283288806357728,0.0624628162934819,130.23300051888674,130.8753401344813,133.807608795166,130.13117485046388,124.56200664520264,31,-21.51010699390583,15.620360200528594,True,47
MPHASIS.NS,2300.39990234375,2957.899861042516,-22.22860778211164,560243.4980079682,0.37962871917094354,-5.118585178645086,3.5951292102805343,15.369384651344632,0.0624053845981009,2340.798434320236,2370.494047176563,2399.0019921875,2297.703874511719,2383.1873760986327,250,-33.721848300618596,0.0,False,47
MANAPPURAM.NS,319.1499938964844,380.45671483079525,-16.11398052511085,4571782.693227092,-3.521763702051739,-6.132354736328127,-2.1650364592371796,21.360721319397037,0.06316130272516861,326.64061221512816,333.68696418267325,345.55956481933595,330.4070785522461,307.56062469482424,35,-18.51898312850918,18.478615684784394,True,47
TATACHEM.NS,693.25,992.8844673260162,-30.17818056243501,1064260.0396825396,13.192911451139832,9.259259259259256,-5.118733068414672,11.149332333353424,0.06095256009782803,681.4686438450502,664.2965375789262,664.492001953125,699.8718438720703,702.7157012939454,251,-42.4391244782967,0.0,False,47
NSLNISP.NS,42.599998474121094,53.75,-20.744188885356106,6305102.916666667,-2.427854734300572,7.793517157594976,-4.7619071985546935,16.076287707164294,0.06317860881388247,42.986735157025485,43.38822931287778,43.27380027770996,44.302200088500975,42.35810009002685,78,-26.883722349654793,40.65845390404035,True,47
KCP.NS,161.9499969482422,206.48051439200756,-21.566450265240654,181923.58232931726,0.024700935845989314,7.0956193895798325,-2.898474882229507,14.103132097812864,0.0619330434595686,162.08187109259646,162.7149989816568,162.6307858276367,164.39876068115234,164.8993981933594,214,-39.8460047960286,-1.4649184426753226,True,47
AARTIIND.NS,491.1499938964844,550.655353408149,-10.806280034030458,1102525.5396825396,-0.31459676723035734,-5.369417287629529,3.911813532629105,15.157678480594395,0.061312723177775474,489.19198210719264,497.44991015424466,502.54009704589845,487.5263983154297,448.39117309570315,18,-16.544897829705185,17.586740664728207,True,47
GENESYS.NS,285.19000244140625,612.0,-53.40032639846304,928768.4920634921,-7.348687598388237,55.37455608812372,-21.435261035425277,5.743414732396945,0.06206830040117116,277.8413311922612,261.79622965500687,245.47757751464843,266.22778732299804,295.29394454956054,231,-72.4673202614379,0.008653646820055982,True,47
SUMICHEM.NS,460.8500061035156,615.9651099206416,-25.182449674318462,482319.9920318725,-4.169263474202623,-16.84410033333653,5.254268263103112,20.83730126055856,0.0612545456906679,474.8809919983241,490.9541605606204,519.6029992675781,491.28395751953127,456.9321162414551,249,-41.27459745552486,6.598183962402171,True,47
WONDERLA.NS,527.8499755859375,643.2906982921073,-17.945343063821227,89137.46586345382,2.078901664580224,10.892852013852416,10.262546751298718,2.0077192023946866,0.06268312275575996,521.3255419062677,516.6905988306257,493.66058837890625,490.4661248779297,503.4359233093262,246,-29.56111343154574,-0.24946921139404887,True,47
NEWGEN.NS,497.29998779296875,1030.4143551726484,-51.73786299690624,2500958.450199203,-2.0870262317183697,-4.356192688200922,4.210405752612423,14.314009008452855,0.05908784168352847,505.7069142304438,514.278598485767,532.187485961914,500.12029541015625,550.8290153503418,223,-61.50966780822025,8.386850201184547,True,46
HBLENGINE.NS,760.0,1117.5594259540492,-31.994667813642597,1915065.1666666667,5.234005421497101,6.7548974824313435,-7.250535967992233,15.398898209950286,0.058587785322184234,725.4699583618093,713.1477027894899,707.7507116699219,751.4021533203126,758.6815957641602,217,-45.224420422767196,28.013063243692837,False,46
FEDFINA.NS,155.25,178.47999572753906,-13.015461835286635,1289158.892,-1.0768461928864936,2.90998234912323,0.43992536945083316,13.37910487412084,0.05957931411019583,156.46615241419363,156.63638338944835,155.29740020751953,154.51230010986328,148.81340000152588,169,-33.28664133509278,21.665060413671267,True,46
INDIGO.NS,4920.0,5970.0,-17.587939698492463,1382330.498007968,-1.0657550774180624,-4.7434656340755055,-0.8344399395056379,18.431510273970186,0.06067003493179477,4912.230331593726,4990.703358134458,5152.14,4943.49599609375,4832.133504638672,206,-34.753769662112646,2.101653183257124,False,46
CANHLIFE.NS,153.58999633789062,166.24617118007782,-7.612912076319656,1928265.7801724137,1.0992615778524284,1.2525505082105148,10.584544930299057,5.725683906939483,0.05826073301292855,153.35316186833043,152.94455960500503,151.07321105957033,145.05760482788085,143.83917476654054,43,-16.011759261651527,10.396281183091883,True,46
PNB.NS,117.2699966430664,131.33111679644097,-10.706617362562177,18351930.123015873,0.4453932702924268,-0.6186469126555849,9.159449232000561,8.204074903388792,0.05950274675453811,116.41711811753409,116.07237627657614,114.02600021362305,109.11024932861328,112.30773017883301,168,-27.118014735403897,4.641658773933077,False,46
PHOENIXLTD.NS,1877.9000244140625,2166.9299087704976,-13.338220271297507,525147.0120481928,-0.5086079780629138,-2.0121271462415713,0.4963555777142359,15.552583903700445,0.05916654007739844,1880.7710493728232,1895.8454898077482,1951.2032275390625,1891.4046350097656,1809.7543798828126,47,-16.000977059537426,23.852935708089728,False,46
ABBOTINDIA.NS,27270.0,30638.064997205307,-10.993073477429238,9485.64,8.107036669970258,2.5959367945823875,6.458598404612426,5.8127903653661495,0.05592586693443691,26122.813829580515,26215.265793286046,26913.280703125,26392.39169921875,26452.3985546875,249,-19.789510807174437,0.0,False,46
GPPL.NS,160.35000610351562,194.17086460013374,-17.41809131162246,1878368.9642857143,-0.6012900921543052,0.25977272271924257,6.798175120503291,8.94583041885273,0.05609610239020498,161.43023756005272,160.3580564561002,153.77617584228517,152.00530639648437,158.45292976379395,175,-29.25682589206965,6.138084090019613,False,46
SFL.NS,657.2999877929688,832.4500122070312,-21.04030534514576,247101.07171314742,-5.824202837323622,-3.1174034981973686,-11.265391485362485,26.574800488894624,0.06044401766577268,669.1342302333628,671.2087580457415,707.1249987792969,679.6786141967773,614.9362460327148,32,-24.584061674944845,12.951792142717245,True,46
GROWW.NS,191.75999450683594,227.1999969482422,-15.598592833379188,53920087.2037037,-4.234923468685992,-4.463933170274914,-1.4138090985876595,18.766249555944302,0.05766078111877841,193.460641386121,194.25654979221457,196.81419982910157,196.4906999206543,182.68705001831054,102,-20.77464682316642,29.81634520272365,False,46
ALICON.NS,729.3499755859375,1018.832993642693,-28.413196261121264,29432.20080321285,-1.5190386674127754,-3.0957348133037077,10.877164658064409,8.34759193773731,0.058311353431122266,711.1086902503876,707.5295720575966,693.3459997558593,679.4710247802734,712.5227114868164,223,-43.24853115376409,14.83080250246167,True,46
FINKURVE.NS,73.0999984741211,134.89999389648438,-45.81171105892381,89667.86192468619,0.8414962454516006,-4.219079184458508,6.26544192648919,11.43292709520216,0.056931372036810805,72.34671697593235,71.63694617980504,67.7873998260498,67.0170998764038,74.27219993591308,238,-64.40325972541417,0.0,False,46
BLACKBUCK.NS,632.4000244140625,748.0,-15.454542190633358,778726.2658730159,0.6765899601714365,0.21393497301462894,13.536808691932233,2.695686416069676,0.0524976316462761,610.6390862140308,601.3505364348941,581.025,561.0904986572266,584.9662490844727,229,-33.68983957219251,23.37061896558574,False,45
IFBIND.NS,1225.0999755859375,2019.800048828125,-39.34548242551372,86311.27888446215,-4.52774141184139,-12.392737829130018,-4.289064407348631,24.274699812962975,0.05491838895970458,1276.910391370753,1302.5323297793716,1345.37599609375,1281.9835009765625,1264.5247467041015,221,-56.27289875948571,17.158945630280044,True,45
TIMETECHNO.NS,179.24000549316406,247.08292733306988,-27.457551427036876,2583727.011952191,-2.2342675975934645,-5.317458916491091,2.349797904275741,14.944986426289564,0.05396015398740983,180.2545879787228,183.61638141008996,193.12981903076172,184.58732284545897,182.63031410217286,247,-38.18984360827471,-4.746903207871189,True,45
PNGJL.NS,604.75,736.4000244140625,-17.877514944246986,356819.22222222225,-1.3780189234859797,-0.7711891234542523,11.197945600429527,6.059275175957768,0.05491054033472517,607.7257429582799,608.6838548394838,619.4510009765625,595.3875,592.686499633789,95,-30.87995883691065,36.733362974778096,True,45
ATGL.NS,660.7000122070312,859.5498025483846,-23.134179049521673,3516633.422310757,9.623361344827153,-0.5344354976241972,-9.912736540350364,18.840369529138968,0.05417775884508354,611.3786271588951,619.3954998815259,651.3459997558593,673.971195678711,614.4212101745605,79,-32.94163727277262,48.45458220627754,False,45
PAGEIND.NS,36400.0,44914.71523600757,-18.957518023361374,27673.712,2.9266223667467894,2.5207717222926362,-8.440359580679168,17.67767929069093,0.05335780423205827,35435.464058053505,35793.55119416047,37577.950078125,38132.895234375,36124.1802734375,249,-34.2636921108611,0.0,False,45
MAHLOG.NS,392.75,447.10758500270833,-12.157607436335272,259913.07569721114,-1.8370422372885442,-3.3230769230769286,6.936496683461235,10.509012022899977,0.05436234205854122,394.9464531441196,397.2201044735313,400.8440020751953,382.3157992553711,369.71677291870117,104,-26.544449545759573,-2.1207450713510267,True,45
PRIVISCL.NS,3444.89990234375,3774.7057070510364,-8.737258750827092,120705.89558232932,-2.6286781018985406,-0.28079068599230483,-1.1257126360104674,15.275243620827773,0.05453357710139654,3464.00357164136,3468.374026835996,3542.930419921875,3460.4867138671875,3197.1577392578124,40,-12.488540691856842,11.7276974108802,False,45
SANDHAR.NS,601.25,758.3330403781767,-20.714255085053423,320546.015936255,-3.5298836742880035,-4.954248966361252,-15.072448799511895,27.862401713748277,0.05279387884944692,612.8909758606464,622.1640890642846,626.2221166992188,632.424711303711,572.6443336486816,69,-24.6593308778153,40.47548293754395,True,45
BAJAJHCARE.NS,330.54998779296875,513.5782431574246,-35.63785222660866,279198.928,-0.4961567579390924,3.0393553403806672,6.101397890698967,7.789104997495211,0.055043167584899994,327.31280179805714,327.02020456179946,331.9624072265625,320.6315600585938,339.31680267333985,244,-47.20876231635778,16.157825216034105,True,45
LUXIND.NS,1139.199951171875,1823.3499755859375,-37.521596707961095,94793.068,1.4787079945617565,-7.299216491183358,-8.586102085735249,23.136780101517008,0.05366908916105734,1116.4436610023292,1148.188442995118,1214.51599609375,1276.5699975585937,1170.2704986572267,103,-43.51057044498508,77.27881648640673,False,45
LGBBROSLTD.NS,1730.4000244140625,2019.894362671753,-14.332152394087128,67240.53784860557,0.8744316070022018,7.947599776298353,12.107187142212151,0.6527136129113265,0.05570204703788067,1711.0471169790042,1687.4571154524165,1603.948271484375,1579.6620874023438,1684.0776513671874,150,-29.443359419448868,7.766626335999027,False,45
JSL.NS,750.9500122070312,879.2203373423794,-14.589098965006997,683300.8406374502,-1.4695285505818556,4.157331554649701,6.390955273058441,6.541271308141683,0.052183085610459604,742.7072353722453,737.362209442993,728.75666015625,719.8242803955078,745.2997048950195,175,-26.124746460363557,15.392401926539033,False,45
SAIPARENT.NS,510.75,706.0,-27.655807365439088,244867.34745762713,-2.2581548308530097,-5.48668080579956,-13.115587103510274,25.893513589386117,0.05099577660456153,516.8044547957425,523.0869243767157,541.8190032958985,539.3275006103515,,55,-33.25070821529745,25.48782541416208,True,44
CIPLA.NS,1394.5,1657.4505258313652,-15.864758659958866,1526182.7410358565,1.5437231790653039,-1.9338959212376938,-1.4974890091877358,13.588011900758602,0.04753551191206111,1377.8105892850372,1392.2126095379922,1424.4819970703124,1407.8049658203124,1377.3178198242188,227,-30.322771507030687,4.239005950055952,False,44
ONESOURCE.NS,1594.9000244140625,1925.0,-17.148050679788962,317174.126984127,0.16958129160851154,3.9361371400497003,1.7285351921116243,9.509749909247711,0.05126646078503363,1577.7954183668726,1568.665620982907,1588.4799951171874,1655.374998779297,1583.865496826172,221,-45.09090909090909,0.9624186342866325,False,44
BPCL.NS,314.0,391.6499938964844,-19.826374341016272,8407320.476190476,3.1198686371100237,1.7168732048556956,1.7663303913945105,9.10354875549142,0.04826680124297063,307.7719294937381,309.933765678035,314.28299926757813,307.86950042724607,323.8530313110352,156,-31.92901563685975,10.639946959344737,False,44
STARHEALTH.NS,547.0499877929688,624.9000244140625,-12.457998652518832,619505.0597609562,-5.067247237662686,-6.134179950034535,-5.989007588749562,20.854964137715747,0.048117226646882554,557.4700497987557,564.3387109169967,579.1469995117187,559.9970013427734,512.25150100708,35,-15.018408218033318,15.990503451603333,False,44
BHAGCHEM.NS,246.85000610351562,316.8999938964844,-22.104761483791833,151026.39112903227,-5.979806672789945,-14.094309775448622,-11.555394457875323,29.79685496064388,0.05035281024526237,256.709772075409,264.2879634571361,275.3710021972656,268.2780154418945,242.45629356384276,32,-23.63521468572527,27.116219222240634,True,44
ASTERDM.NS,755.0499877929688,891.2999877929688,-15.286660144288945,1192692.529880478,-1.493804593219994,-5.642342380067489,-4.405898445100654,19.201076734794785,0.050808122250522225,760.9063966637376,770.3988345182224,797.0680029296875,780.0090008544922,703.3357015991211,28,-18.203747584667017,10.22626299208187,True,44
DOLLAR.NS,273.25,391.38998363057124,-30.18472331220471,172830.30522088354,0.05492269979208153,1.7501442638882647,6.847725997642851,5.906342938627751,0.04772376097500817,268.73799011180836,268.6123940561044,266.9651483154297,266.53589736938477,284.7800054168701,241,-44.31818081838649,-3.123344997626609,False,44
CARRARO.NS,524.6500244140625,659.2363858620107,-20.415493491301216,172948.12,-2.562909737229746,1.0492308806373307,-10.236320458825288,19.9923977572686,0.048796181676643464,527.3417061181165,529.4534698264354,530.6640502929688,538.9973617553711,526.2962295532227,110,-26.260198815337212,3.6956216320578106,False,44
HINDPETRO.NS,359.0,483.5386775606495,-25.755680639431123,6094280.2031872505,1.800653966657828,-2.0330227749650764,-4.00629311111601,16.223907024921182,0.05061135718306437,353.9231933031991,357.8181217610259,367.7716461181641,369.0703366088867,384.0083006286621,177,-37.81099591194317,2.679597700668701,False,44
MUTHOOTMF.NS,189.27999877929688,262.7699890136719,-27.96742143584415,555119.896,-3.492584476102212,-9.266095476966074,-6.9648554345027485,23.365709323386085,0.05054349556000174,194.66712379260562,200.52424665841764,220.4648001098633,207.6929002380371,191.0886501312256,38,-30.129004916934043,46.51001783683731,True,44
JSWSTEEL.NS,1275.5999755859375,1351.0,-5.581052880389525,1680483.3665338645,-2.177915982673506,-0.7932861140800052,0.04108018975581551,13.442992093296313,0.050130720731619186,1276.1054806635702,1285.919907468034,1281.5040063476563,1272.2637231445312,1226.5147692871094,15,-9.178386380458914,9.91848608472976,False,44
IDBI.NS,83.05999755859375,118.37999725341797,-29.836121400825956,16362801.17857143,-0.44348884721157056,1.6148761063392358,-3.373663979485486,13.671818674548518,0.04735254612520452,83.89197871932963,84.9742212575909,85.36099975585938,81.42840003967285,87.79079986572266,178,-48.46257836032204,10.505878554198556,False,44
GOKEX.NS,727.75,954.9000244140625,-23.78783313503886,678591.9880478088,-5.9997431509481665,-8.711742491669106,-11.185016070703647,26.192124951567173,0.047790223459871384,758.9688053062802,771.1497109529614,797.137001953125,769.8195007324218,731.8122512817383,208,-44.39208436235745,18.653918829418757,False,44
AJAXENGG.NS,559.75,697.5499877929688,-19.7548548784245,83428.428,-5.04664970313825,-1.2612496218275204,-1.4177506104322002,14.013644176050267,0.04423217592611118,574.7452687899791,576.1610834314321,578.6349987792969,566.3884985351563,545.6699987792969,242,-43.40190743288429,1.1260890963125547,False,43
ICICIAMC.NS,3206.699951171875,3597.034549503453,-10.851566560167214,701536.0,5.431528889425441,-0.6875391570906442,-5.663097280689112,14.805635811940899,0.04628970198094042,3086.5224956631214,3084.1211464804496,3108.0339990234374,3192.8520361328124,,80,-18.452269266275245,23.85370077223041,False,43
JAGRAN.NS,62.36000061035156,68.81048404363386,-9.374274171929875,259358.0642570281,0.016041918965914448,1.299543890860999,-5.572380760386297,14.8100489361215,0.04513818316401502,61.8420931464264,61.890303241644474,62.44299987792969,62.42127670288086,60.21635133743286,75,-11.641372558131891,19.35881524540688,False,43
NESTLEIND.NS,1372.4000244140625,1553.0,-11.629103386087413,1546518.2749003984,-0.9955220923320796,-6.320817446139082,-1.6336957692439924,16.243541193162137,0.04643592048030632,1390.855750424504,1413.3428705888698,1456.1459985351562,1438.2411865234376,1352.7489001464844,29,-14.179005226778818,12.481130446202805,False,43
ADVAIT.NS,2003.5999755859375,2482.5844584508545,-19.293783993306956,56936.31736526946,-2.529680852302052,-4.3245156125385265,-18.160884316668067,27.352640263335015,0.043749196025956755,2047.809179269702,2084.313533417743,2157.3027880859377,2152.8801892089846,,66,-21.795208481587537,20.970814441571584,True,43
TMCV.NS,442.8999938964844,503.3184101990195,-12.004014770420346,11084088.347222222,1.9215294760274615,-7.265496600414689,10.711162957387987,6.731704138606265,0.0464508417017871,440.48458655811766,446.71039945732673,444.6699981689453,420.65649871826173,424.9903326416016,140,-29.852655536585495,18.129746373319122,False,43
INDIGRID.NS,173.49000549316406,177.25,-2.1212945031514496,877581.015936255,-0.23576102225992823,-1.1509253472133163,1.9830555070947442,10.0352485476499,0.04355254899519727,173.80592460692299,174.2004461192448,174.58870544433594,171.56561050415038,164.58007064819336,24,-2.7531762385402003,4.726231080913301,False,43
SHREMINVIT.NS,100.5,104.9000015258789,-4.194472318280584,68000.0,0.0,-0.4950495049504955,2.0303541158605665,9.946010777812875,0.04488500644893221,100.54407833136986,100.6197984169939,100.41745651245117,99.16459289550781,95.71007392883301,29,-4.7664441632696235,5.8709021229615965,True,43
PRIMESECU.NS,296.8500061035156,325.0,-8.661536583533657,44575.25403225807,5.980007009999766,5.191351262499833,-1.0170016188868258,8.004365840077243,0.04532916803864793,284.2490664001895,283.43809126060324,281.66200073242186,283.6625012207031,281.8685011291504,210,-22.123075045072117,23.973660329206893,False,43
JSWDULUX.NS,3188.800048828125,3687.5560372755367,-13.52538058827455,103234.456,0.30196583428832025,2.5205809203279195,-1.6199501732247268,10.876284550991077,0.0439884153592343,3151.4968554225225,3139.5371668016014,3066.2139990234373,3053.9574365234375,3028.1951013183593,199,-28.785044619648016,4.156947724256654,False,43
GARUDA.NS,175.52999877929688,249.3000030517578,-29.590855743850653,1453966.609561753,-2.0971580387285083,-2.904082329599633,2.607114785834641,11.447618272569438,0.0457064947498539,177.58524393802318,178.43590364049828,178.59559875488281,176.99649978637694,177.57059997558594,217,-47.85399181362611,17.88423537067352,True,43
KIRLFER.NS,480.6499938964844,509.728293793752,-5.704666633442446,170591.81415929203,3.3433643493670173,8.24231665570494,-0.15788427715137665,6.97369299545092,0.047249116811126445,468.0175718223548,462.1132701405488,457.92303955078125,451.5110827636719,,64,-16.033697714810625,15.516638942753303,False,43
SONATSOFTW.NS,274.0,411.0263372414121,-33.33760511821681,1791088.0476190476,3.0656361517294783,-10.457516339869278,-3.2256284318865402,17.7642912512608,0.04353088318137451,276.91247531583195,283.32560421148963,300.97797119140625,285.2900836181641,287.335446472168,251,-50.47069681106468,0.0,False,43
SUNDROP.NS,663.4000244140625,874.0,-24.096107046445937,17619.843373493975,-0.7034802190724609,2.132251078651115,1.507158871558878,7.363650785278142,0.03753710169401897,659.6127286817267,659.2693895362662,658.9209997558594,660.2180004882813,658.8897500610351,248,-36.38443935926774,0.0,True,42
PURVA.NS,213.42999267578125,287.29998779296875,-25.711798905616025,791514.152,-0.3408717658970106,-2.4275453433454164,-1.9569156680824706,12.207552253990439,0.0377634995591265,213.00148388269892,214.3432867085578,216.98059936523438,216.77319961547852,218.74955001831054,226,-44.068914281611086,2.692309928027692,True,42
GAEL.NS,156.9499969482422,184.66065065257942,-15.006258023249398,1016998.6015936255,-4.763353129945158,-9.549605908137481,-2.468877797214919,18.209113612796447,0.04156725611332091,162.52363972318867,165.5373052124817,164.67784912109374,162.28323867797852,149.08359016418456,19,-17.340267755892746,12.124852084950266,True,42
NESCO.NS,1111.300048828125,1565.2203652456494,-29.000409558706775,56357.32258064516,1.3127927881809054,7.403121800623902,-1.7173449409981445,6.988384227746236,0.03892053847741922,1084.0961723383216,1071.2741401120672,1059.7857165527344,1112.658987426758,1131.674905090332,246,-36.773949712294595,3.8753290425148856,False,42
GANESHHOU.NS,741.4500122070312,898.0206467513179,-17.43508182252792,81258.66666666667,-2.247856004346571,-12.297924858560672,-3.4022626671685874,19.08249195050573,0.039279474079049255,757.0902775252637,769.4288968898879,794.0831689453125,762.8939147949219,733.076134185791,201,-44.42591940520663,2.562106383045859,True,42
DIAMONDYD.NS,1088.0999755859375,1245.0,-12.602411599523089,58060.125,-3.1594874307012466,-8.854085183355986,-4.191245719155079,18.594002788658038,0.040934616199753686,1118.5937153596608,1135.627756984259,1158.0340014648436,1122.2559997558594,1090.295502319336,26,-13.5501968812751,6.990964568566449,True,42
SAKSOFT.NS,141.13999938964844,223.5125912995052,-36.8536695990778,1798844.28,-6.78290999541864,-15.1598948834903,1.1756268026153593,18.498254890074218,0.0404172002057437,147.0541594245251,152.05678171955122,163.6936868286133,156.14613647460936,158.71803688049317,248,-52.02222012649587,0.5234617013779808,True,42
MAHLIFE.NS,366.3999938964844,423.03422522089073,-13.38762396702875,191282.52380952382,3.7813359481955855,-2.86320730674291,2.7296675825995154,8.34157958843862,0.039610242436262794,358.8832233311412,362.7276187997995,373.8919982910156,357.6487075805664,358.3868049621582,202,-32.84159313359011,16.782055304985178,True,42
OIL.NS,475.70001220703125,529.9163379046904,-10.231110426229284,4078884.869047619,-2.8787210978652222,-0.879017207966537,14.488486838964398,0.24664639491231988,0.039815290582744176,484.90826024105013,482.7580726748988,466.23442932128904,460.49772705078124,456.2468717956543,91,-23.898304844901787,9.988311952904683,True,42
SPIC.NS,68.69999694824219,104.5,-34.25837612608403,612446.6215139442,-0.4347870315330571,0.9848569468873913,-1.8010322365914933,11.834602974035601,0.04347024204860965,68.49333550372033,68.71614987882286,67.92619979858398,68.63530006408692,70.24869997024535,250,-47.27272873289847,0.0,False,42
MARSONS.NS,128.6199951171875,175.39999389648438,-26.67046773496753,2088732.9848484849,1.0845624619512106,14.68568289542831,8.020488323540675,-3.9934358847261486,0.038543649684525255,125.59218791967912,124.07551100101982,116.49119995117188,123.96240013122559,,96,-42.844923894829535,23.256823142872342,False,42
MAXHEALTH.NS,1049.300048828125,1219.732372328196,-13.972927780440392,2790172.6944444445,1.1178662621261548,5.150819035628662,-2.493874861483225,8.951577582217052,0.03974419007780202,1029.8835361240056,1026.0452169224507,1047.4959997558594,1046.4471203613282,1034.550844116211,228,-26.098703005452904,3.2043658237662864,False,42
ABSLAMC.NS,1060.4000244140625,1194.9557175378152,-11.260307905049594,378363.75,-4.459861150659227,6.530038015446293,-9.34340949172785,15.066164922133485,0.040834646093583754,1066.9068972631103,1056.7281528415426,1040.3401940917968,1051.6526892089844,953.2968762207031,64,-18.549284002051902,10.794072861313108,False,42
HDBFS.NS,698.4000244140625,795.5274885884296,-12.209190199914833,863102.5238095238,4.363420752299341,0.8738425711656728,-4.7528094900698985,10.315706380118893,0.033115502944896576,680.6395413844541,681.5699858758392,691.4400012207032,690.402431640625,694.1614251708984,251,-30.396033583269812,0.0,True,41
TATACAP.NS,351.3500061035156,390.20001220703125,-9.956433851391754,3455966.0720338984,-3.1826916470721445,-4.042055998819139,-0.14563096691468935,10.986040270267928,0.03224046453561722,355.97030238162563,360.18416490360335,361.5838916015625,345.1280169677734,339.83193283081056,31,-12.442341566300962,19.290208687952813,False,41
WAKEFIT.NS,146.85000610351562,224.0,-34.44196156093052,2138835.9322916665,-5.337457950543934,7.472194642472085,21.393737804131984,-9.491521661931824,0.03582205809906889,148.95519269471708,146.94186312549988,137.11640060424804,131.7514005279541,,151,-50.26785646166121,11.78428647006642,True,41
ORKLAINDIA.NS,595.6500244140625,760.0,-21.624996787623353,220141.45909090908,0.7441901757399672,8.231134884651482,-1.667350488805197,4.591751433549174,0.030571414212824034,585.9710400456116,583.1057316157052,574.0239978027344,597.9279974365235,597.660498046875,219,-29.835526315789473,0.0,True,41
WALCHANNAG.NS,202.7100067138672,315.79998779296875,-35.81063503816243,1515631.5238095238,-3.517372286989562,-9.468088339739378,-31.05101812453497,36.83678111857205,0.03174052113421497,205.89563837816638,211.25449595209963,225.65980072021483,240.02140014648438,206.97815040588378,65,-39.08802785120486,42.3650642443812,False,41
MUKANDLTD.NS,134.77999877929688,151.02053644043738,-10.753860398016657,168950.928,-3.5149284675321746,-0.6706490129973486,1.3638013522683234,8.429560648097056,0.032953420155666324,136.6968110967214,136.7619281416069,137.13645538330078,135.66501228332518,131.4332021713257,87,-16.363051765408244,17.477718512352467,False,41
GVT&D.NS,4385.0,5636.049839022599,-22.19728133631188,845748.8253968254,-3.5861149524897162,8.536914779508397,-18.65555876205812,19.488266293975443,0.0354741034962545,4398.37764821192,4389.230662931098,4347.715307617187,4569.911999511719,4019.550076904297,63,-29.87257122828283,19.53637056399824,False,41
SESHAPAPER.NS,249.77000427246094,290.5599780055542,-14.038400612872282,48040.28514056225,2.499184085573458,9.13182575311897,10.635192394504589,-4.686200230794468,0.033923611852147297,243.56244449497132,239.18323379196497,231.61879943847657,233.02371307373048,240.16857223510743,144,-27.739529664386996,15.395735455857796,True,41
SCHAEFFLER.NS,4217.60009765625,4445.0,-5.115858320444322,78384.72908366534,7.040255568803611,2.745504104695762,-2.3839281042435156,7.408493851674192,0.035013454872161356,3995.239903625586,4000.160535372154,4058.48201171875,4087.5760205078127,3986.0805200195314,103,-14.260965182086615,11.154688771382904,False,41
TRENT.NS,2824.0,5217.290642769489,-45.872289022009724,1286795.392857143,0.7707714248128994,-4.915824915824918,-10.146677026078276,19.17798325300113,0.03721102352693275,2804.809097153473,2837.037359496323,2910.753994140625,2916.7875927734376,2909.127225341797,251,-58.20733552968698,0.0,True,41
ASHIANA.NS,354.75,435.8999938964844,-18.616654056608116,133709.952,1.6184456596110897,-3.007518796992481,-7.5810878313931855,14.824400706699969,0.03215774739824645,352.023647185649,357.3893704670218,370.85999755859376,370.15049896240237,337.7217401123047,41,-23.6177983782907,4.812407315447542,True,41
RITES.NS,207.22999572753906,265.3173011524176,-21.893523404834024,1764768.6666666667,0.40998635769340375,-3.8603390118466585,1.0040592683975724,10.289304856261161,0.03685870556423745,207.0723999475239,209.59315056348086,214.4071957397461,211.18015075683593,212.11057647705078,251,-35.30259062835409,0.0,True,41
LTM.NS,4275.10009765625,6344.474916122625,-32.61695957229911,372078.23412698414,0.00234146564328519,-6.103665766390288,13.44603036947747,0.7814430751617474,0.0312588733419421,4337.22653473527,4399.754805776363,4416.39201171875,4189.081130371093,4677.037471923828,168,-44.39256129715918,8.116773671372957,False,41
MANKIND.NS,2300.699951171875,2674.0,-13.960360838748132,477473.2270916335,0.9078925952576755,-3.5345932422693904,-9.012897954706823,14.988999151584515,0.02675600885293649,2294.929658477575,2324.4169743776356,2421.4359912109376,2428.0589990234375,2284.267996826172,248,-28.582649544806472,-1.645004195169253,False,40
TANLA.NS,489.25,750.0847124549373,-34.774033935614625,869005.326693227,-2.8976889801835326,-14.346990625996082,-6.27394636015326,19.417745766345384,0.02725747375274607,503.71875800789905,520.898707518906,562.2770001220703,543.8634985351563,511.544232635498,249,-51.760906690846255,7.732989406539192,True,40
BHARATFORG.NS,1962.0999755859375,2295.0,-14.505447686887251,1209169.248,0.3683027818280893,-5.166748400873011,-6.452474072004755,14.929510453969307,0.030395425579945033,1950.0255083135846,1987.4318232481878,2084.8659985351565,2035.227022705078,1829.6352502441407,28,-19.37254795581427,3.907478601363268,True,40
DCW.NS,45.18000030517578,75.11749679220684,-39.85422540083492,1408523.8412698412,-2.6810547850282695,3.1125295529679464,-8.397609824842222,12.969447121816158,0.03022896333364559,45.61252758639443,45.77637573436816,45.93901596069336,46.936008071899415,47.99835775375366,251,-50.81492984571068,0.0,True,40
DODLA.NS,1083.5999755859375,1468.6130587717325,-26.21610102716906,39224.95161290323,-1.2125124015043731,-1.0139742469208124,-1.8565640066367628,8.88569802767243,0.02673263919543343,1081.262694886018,1082.85218844184,1077.95400390625,1084.7341076660157,1114.6029058837892,247,-34.63729057271267,0.0,False,40
KIRLPNU.NS,698.6500244140625,1093.5391904117103,-36.11111238262751,265848.584,-3.6145343249402884,-8.096551802765084,-28.01524330731321,32.637508778918864,0.0266966672632654,717.9101614648675,729.4553070412298,761.2430017089844,798.6978497314453,678.9028726196289,62,-38.1320766804661,44.41067276797814,True,40
TEMBO.NS,56.189998626708984,83.55384731237945,-32.749956544031214,1525630.436,-2.193215177541452,-5.958161294210907,0.05341662994726715,10.523207037891336,0.028143540275443878,56.78575597006059,57.28464375247879,57.387099990844725,57.77119995117187,58.171459941864015,214,-48.13524394339639,33.59612090002189,True,40
SCI.NS,277.04998779296875,367.499792159746,-24.612205583904178,6577032.322709164,-2.8576521967840107,-5.876923855308169,-13.880884658641612,20.813773267387536,0.027000939186224957,279.796483471324,283.98319293663684,286.81943481445313,297.8386529541016,267.82635444641113,93,-29.437287731132457,38.89908180133224,True,40
SHRINGARMS.NS,210.6699981689453,266.5,-20.949344026662175,1284461.5,-2.8230062764520447,-6.151994752955858,1.2739130093534001,9.638305938452474,0.027247966999506337,214.19480497064583,217.17001092076464,222.85039947509765,217.98879989624024,216.67664962768555,145,-37.71106941838649,11.426314616815603,True,40
ALKEM.NS,5466.5,5875.533923201399,-6.96164686559293,135756.74501992032,7.449631449631444,1.231481481481489,1.1223967201180018,4.161358763631684,0.02992521962747517,5252.815302983171,5273.0914007141255,5443.9536328125,5439.00408203125,5476.507263183594,171,-14.033344611380205,2.4550065951813194,False,40
EICHERMOT.NS,7516.0,8165.0,-7.9485609308022065,514696.49206349207,-0.1859229747675939,-6.540661526983338,0.22045838154640673,9.924826795981856,0.027093436299832376,7585.4538169837115,7685.059658887683,7772.17732421875,7488.67287109375,7345.950832519531,24,-9.295774647887322,6.476846336441877,True,40
TRAVELFOOD.NS,1256.0999755859375,1459.2622453212896,-13.922259031009288,79906.70916334662,-2.317446789201505,-4.205377174935066,-6.594060364008236,14.871849429708227,0.028977015487736568,1255.764159857216,1272.2887446219963,1299.9633447265626,1268.3868408203125,1229.7572479248047,29,-18.445092415591823,15.051947054582925,True,40
EIHOTEL.NS,317.8999938964844,412.08004369538395,-22.854795139877957,589397.9682539683,10.979221626537306,6.002000789040696,-2.356641066360521,3.1801580089783066,0.02863393204145036,296.2172076967748,296.3672978970737,309.35040405273435,312.1202359008789,321.99636947631836,241,-34.49692380835189,-2.140103660746595,False,40
CANTABIL.NS,242.6300048828125,319.66775310854337,-24.099317956407273,223396.33467741936,1.603853342591699,6.470566020857271,7.121977851262873,-1.9655896198569445,0.028048560458667084,240.24726670360158,240.05392128268858,241.72513549804688,235.557859954834,249.38041465759278,152,-34.974465114244765,8.966197763770346,False,40
GESHIP.NS,1432.0999755859375,1766.7331887612222,-18.94078943577887,749785.9761904762,1.4091506232916329,10.246341461581032,-1.5502374565277033,1.9405946822811826,0.02501349990599532,1398.8120622315118,1378.5524763026483,1357.9272778320312,1417.9664172363282,1333.206361694336,88,-28.625329052420557,19.07703602715005,False,39
KFINTECH.NS,930.0,1198.7685004367224,-22.420383947259836,1048141.5856573705,3.4482758620689724,-1.898734177215189,4.182636323003419,3.2525342480002495,0.02520885346864985,911.478303543384,921.1105169440443,926.4498645019531,888.0847473144531,935.1193499755859,224,-35.395062913969596,2.620546863280726,True,39
ARKADE.NS,118.8499984741211,185.3000030517578,-35.86076820466968,493109.944,-3.3268292549729406,-6.893852680427703,-0.8260997113002433,11.502019474103587,0.026415244146685272,120.18259539918981,123.04472830050554,131.2183996582031,125.12810005187988,123.60270008087159,249,-50.01618930318554,0.0,True,39
BASF.NS,3605.699951171875,4797.620574444326,-24.843995159214995,25860.589641434264,-2.2395167573878494,-8.251909639392496,1.5970167283125392,9.666462466074854,0.024713564013064192,3668.75081872922,3737.27419636068,3801.3896435546876,3677.472302246094,3655.775749511719,240,-35.356841842461115,0.8845530753533115,True,39
GPTINFRA.NS,118.95999908447266,150.0,-20.693333943684898,358605.916,4.838281311984205,5.246395089107936,-12.245499242463465,11.873480847985029,0.02608849715474981,113.11827011888192,113.11303355847302,115.42800033569335,117.77757110595704,113.13595386505126,62,-29.059997558593754,17.800693323650975,False,39
MASTEK.NS,1588.199951171875,2487.656174100578,-36.15677408691356,123132.26693227091,-1.354040299883541,-6.70562544857084,-0.26291639960686064,10.392018976126781,0.026014035508661326,1647.1888558735252,1678.46150246865,1735.6377490234374,1673.2686047363281,1748.9441180419922,250,-46.81850127501749,0.0,True,39
TEJASNET.NS,518.2999877929688,644.75,-19.61225470446394,6185913.297619048,-6.215513454018707,1.7871122089128333,-16.436922564616086,18.889774809050763,0.023607042506161767,537.9524391632516,541.3119905980217,532.6389978027344,535.8704995727539,472.00924942016604,65,-24.303995689341797,53.85644174840329,True,39
POWERMECH.NS,2371.39990234375,3118.074056046755,-23.946645919297836,93335.812,-0.33621922872737464,-2.2587371893414976,-18.04426135409143,20.731887318940313,0.023941071606076593,2382.544936210401,2418.163691898469,2506.795419921875,2555.744326171875,2362.8445373535155,248,-44.94551249093627,0.3171337792228668,True,39
DATAMATICS.NS,765.9500122070312,1003.5294156461148,-23.674383604004255,167859.52380952382,0.7563798878806205,-6.092247067750423,-4.010863648090868,12.317155958745607,0.025807918643089605,763.69732831812,774.2894119817798,812.0220874023438,799.5495617675781,769.8088534545899,222,-37.42574516652382,5.196490574972246,False,39
BAJAJFINSV.NS,1852.5,2193.128599829014,-15.53162910080015,1115090.450199203,-4.534913682040709,-7.927435387673953,4.033266119772128,8.115971785809872,0.02417390104516726,1901.8866090084337,1934.4048391131496,1959.9919970703124,1865.7517578125,1895.261163330078,227,-27.24373511558571,5.190419659770185,True,39
INFOBEAN.NS,151.27000427246094,255.98189583973354,-40.90597548852875,1075200.155378486,-2.5322118254241133,-4.113837766452111,-3.6368105921414706,11.797159429991444,0.025518318585213032,154.38645818853598,156.43471047811647,161.03487762451172,161.0794647216797,172.68425483703612,175,-53.26990210467386,64.17252502176132,True,39
MARATHON.NS,409.0,685.4000244140625,-40.32681858311173,124513.148,-6.385899355973623,17.918406458939494,2.699309478970502,-3.2525133057362487,0.024538788775871876,423.97800841936953,418.7706043486819,399.40199890136716,421.86649993896486,450.6399992370605,247,-49.80303829328113,5.795616056607056,True,39
LT.NS,3885.0,4397.052414797838,-11.645356172570898,2201853.746031746,-1.1626415584901184,-4.80274442538593,-7.044071139941755,14.211775993633458,0.024946760145446594,3899.6368081877445,3939.245360867476,3956.557998046875,3985.3011059570313,3955.859686279297,143,-25.943690034227284,5.459685306901552,False,39
GMRAIRPORT.NS,99.30000305175781,115.63999938964844,-14.130055710942269,16492393.625498008,1.8879581208392393,-3.1219482421875,-8.208538757965888,12.266824734730818,0.020085744301489857,96.55621254628123,97.71228560057824,103.0672004699707,102.95420043945313,100.16129989624024,52,-20.45140232679381,21.427817501729084,False,38
MARICO.NS,803.9000244140625,889.0999755859375,-9.582718874300522,1808532.856573705,0.11208274147727071,-5.4235265395220615,-0.5998829032919706,8.947896724018767,0.02325696784863231,808.9703862684739,819.1637813278179,842.76064453125,831.8049499511719,792.2086260986329,35,-11.0055087473658,8.88152065097838,False,38
NIVABUPA.NS,79.58999633789062,91.4000015258789,-12.921230843354426,1787860.7410358565,-0.4253771625009506,-3.9695958307861323,-8.179515392620274,13.862653219577137,0.02254749787637451,80.15722407349773,80.96403003892158,83.73860000610351,83.71510017395019,79.5775500869751,35,-14.266959187998706,5.569041578812617,False,38
HCLTECH.NS,1249.300048828125,1729.0085007948294,-27.744713328256122,3236575.611111111,3.581798699664218,-5.241199507459626,13.749834670235206,-3.560289319150889,0.020107746418847026,1252.9941501535272,1268.9764253895678,1290.2332788085937,1213.8492987060547,1338.5718319702148,158,-41.03032324952367,1.4605517079847363,False,38
ICICIBANK.NS,1338.9000244140625,1467.6271961496604,-8.771108362758294,13736112.333333334,-2.92902363400821,-5.170337753219812,0.8882603456681126,8.413975452269806,0.02305098370563573,1371.4407880189083,1389.923844130448,1416.2513330078125,1356.3656799316407,1346.2174688720704,44,-8.771108362758294,13.03606447024701,False,38
SAATVIKGL.NS,411.79998779296875,567.0,-27.37213619171627,336837.84959349595,4.003024396334665,2.6932637887702615,-10.672453841004614,10.72868904310611,0.020286946623285788,407.6283360259495,411.9402653069217,426.69700012207034,442.4609991455078,420.2487498474121,236,-42.15167548500882,21.22758910862499,False,38
TAJGVK.NS,334.70001220703125,447.318616106663,-25.176373136408404,174219.024,0.7677309521015863,-2.446381066675296,-0.5152007207385734,7.180108063059221,0.023049798908772158,333.2985638808292,336.68944471614833,348.60865783691406,337.9846743774414,347.5574580383301,246,-37.47777521930893,0.0,False,38
COROMANDEL.NS,1999.5,2486.7668094210435,-19.594390900467516,312917.75396825396,3.6547433903576954,-0.2643679518674724,0.4338978286959172,4.732953381094318,0.02335951449708778,1951.2599032917062,1959.1476374298106,2008.4416333007812,1963.4628637695312,2071.2393884277344,188,-31.443506176461035,8.987983928989696,False,38
PNBGILTS.NS,79.18000030517578,106.0,-25.301886504551153,938629.8207171315,-1.4683926035508055,0.5077450267542138,-14.75939194160495,16.32143478795449,0.020554660776960748,79.14771364191094,79.5757710842927,81.95860000610351,82.61569984436035,79.59324970245362,249,-44.71698257158388,1.7018833426449609,False,38
TRITURBINE.NS,567.7999877929688,784.8771245029434,-27.657467638319556,1231561.9760956175,1.239192744863793,0.021019516432851937,-22.72211866265277,22.478453323664425,0.02302868908442891,562.9072275565092,570.5449959967408,592.6925622558593,621.5152087402344,560.9133836364746,79,-32.20595186502444,63.30801511552706,False,38
HINDALCO.NS,986.5,1169.8969824893504,-15.676336056454431,5635701.529880478,-2.7120315581854015,-5.048361676393986,-2.223791316105861,10.545268710545175,0.02270094598288974,991.735676554687,1003.0763140884104,1002.37900390625,1018.8709014892578,971.5119232177734,79,-20.280612544846154,24.552290585015648,False,38
EMSLIMITED.NS,366.6499938964844,586.576114848201,-37.49319404330518,561619.1904761905,-3.8984427873801186,-9.095045128308888,-17.377677823621806,23.96130806642891,0.021623665750852335,373.0214823363011,377.5681031324904,392.1438751220703,372.3251190185547,360.7747718811035,249,-56.528014470255314,-0.42930099249017806,True,38
JLHL.NS,280.04998779296875,340.0,-17.632356531479775,224934.78486055776,-0.3380826359541844,-12.634534875152593,3.1491667745741303,9.247519255000292,0.020830424957464188,282.05246177535895,288.93413872971166,305.385,286.4482766723633,273.71679794311524,35,-20.397060618681063,26.368606713194055,True,38
INOXGREEN.NS,171.32000732421875,279.0,-38.59497945368504,1973870.78,-2.5261648392032154,-4.6420996147678135,-14.112394708083386,18.445802023751767,0.019635659902018075,173.58368499424637,174.4965784487889,180.40619964599608,183.75699905395507,179.5673991394043,219,-52.48028608205926,47.15105335387746,False,37
SHRIRAMFIN.NS,1010.0,1153.699951171875,-12.455574001360691,6538934.329365079,-1.8082807726436223,-10.47686192940349,2.251292705373653,8.215774190706849,0.016854970247497745,1016.4282162203424,1038.6211736021583,1066.9440002441406,1018.7791925048828,998.2338751220703,31,-15.697320208949005,29.472971357563594,False,37
CARERATING.NS,1668.5999755859375,1822.6696635954045,-8.452968252379234,52404.184,-1.4412300303639936,-2.23237690724587,-2.41070877182461,8.096781826112887,0.019249017144121985,1672.9708489723791,1681.8940635805761,1691.0139916992186,1670.3776000976563,1622.29748046875,89,-14.55386522548887,15.048886018626195,True,37
CENTURYPLY.NS,722.6500244140625,857.8455599050699,-15.759892200872184,90423.796,-1.5530227598234747,-3.1295162979447566,-4.447043837233178,9.697947250212891,0.01763860213343904,727.6667785550546,737.5712702510485,762.9315112304688,763.5186187744141,762.8312466430664,157,-27.997670208857517,4.581008620831439,False,37
KKCL.NS,485.6000061035156,590.1599224193676,-17.717217375115435,39664.73092369478,-3.209090235555312,-6.245777650563101,-2.3723337229120456,9.982997437277863,0.017114343043693806,496.7273554920819,502.07609726106267,508.4149981689453,487.564794921875,481.79635162353514,245,-31.107601231223992,4.778755124754697,False,37
KIRLOSBROS.NS,1811.4000244140625,2180.905610301624,-16.942759197930545,112571.47410358566,-0.37947666659908785,-7.1743362841269365,-12.299762105762346,17.475701100238062,0.01827536884881224,1801.0278181780598,1833.4999255907715,1880.5083081054688,1819.1067749023437,1702.3477960205078,63,-22.133266880036583,19.018370125707662,False,37
HARIOMPIPE.NS,362.8999938964844,571.557343009277,-36.50680927554909,298227.784,-0.8876143804931513,2.819090903903043,-12.596343153397715,13.1234437984721,0.019455313161008195,357.8369427527593,359.28865938254773,373.9350018310547,375.7510015869141,366.20025100708006,247,-53.10182065343214,0.4810297903840688,True,37
GRAUWEIL.NS,86.62000274658203,114.80462646484375,-24.550076583274805,493843.33928571426,13.258366820834034,30.98080752133905,14.222256517589793,-24.550076583274805,0.019686445083182284,75.48617640923493,73.25829431126512,72.23104598999024,72.13467964172364,,111,-46.28892719564852,0.0,False,37
MONTECARLO.NS,553.0499877929688,860.9500122070312,-35.7628224691891,50685.28112449799,-0.5395198391977996,1.3933404374098401,-2.477515146857845,5.816504727611438,0.0180806345054941,553.4269576290679,549.4373457523428,536.9279998779297,546.8264999389648,569.3599990844726,206,-46.10604641138879,29.464217599970933,False,37
DCAL.NS,170.52000427246094,321.95001220703125,-47.03525460256627,409653.686746988,-0.04102940789743048,0.8158950501314433,-0.11714910192839323,4.274448446977552,0.018337107174490486,169.32564215407103,172.81796228533466,182.19900115966797,184.07020095825195,193.00950042724608,245,-60.08697153974091,7.174022313574313,False,37
NIBE.NS,1287.0,1848.0,-30.35714285714286,104347.68924302788,-0.8627292861754343,-8.794555859474585,-29.8752266245634,31.95939876020968,0.019760074162023914,1284.9604096737376,1324.8912773319892,1418.883994140625,1422.0344976806641,1238.0997503662109,63,-35.71428571428571,64.72647386902128,False,37
BALKRISIND.NS,2265.300048828125,2765.3795041598637,-18.083574228401076,257472.272,3.2968558517156854,-4.272306359355948,1.0751780398362998,4.64878697702642,0.016572925160618368,2212.6059981560297,2251.435269258877,2272.2520849609373,2223.596864013672,2281.5534185791016,151,-29.009007318021307,15.837388334030722,True,37
THOMASCOOK.NS,106.04000091552734,174.20964205810907,-39.130808339439206,1687404.326693227,-2.131977472196722,5.938420557436697,-7.453443982695185,7.847611870498206,0.01877497917658394,106.63648771262243,107.00029653696008,105.1325326538086,102.82435569763183,109.73562664031982,250,-50.657141910347846,0.0,True,37
V2RETAIL.NS,214.02999877929688,259.25,-17.442623421679126,1262287.278884462,-1.8796158308061695,-2.8328893504017683,-10.271244759728926,12.49343264939855,0.011614601786797721,215.86186125912943,217.5952922912588,219.71079986572266,224.1443997192383,215.0133497619629,75,-21.03760589629038,29.103719041600563,False,36
ARSSBL.NS,502.04998779296875,787.8320712122298,-36.274492225168096,737532.7418032787,2.406932747163437,0.8841543153720322,-9.3445289167009,10.017851714009307,0.01621306148384203,499.7428836576634,504.07649926818664,514.0929968261719,529.6253985595703,543.8540321350098,211,-47.663079648044146,73.70666615437335,False,36
SHREDIGCEM.NS,68.51000213623047,95.81184545661685,-28.49526923343578,213614.188,-3.452645123805098,-1.18514098907041,-8.907886905803498,11.200322960737608,0.01225470402359402,69.23089540884678,70.39905156629388,71.67838241577148,72.11987823486328,73.75018936157227,229,-44.51878409053176,1.5789394350486763,False,36
HEROMOTOCO.NS,5285.5,6175.521739453033,-14.412089812056305,660013.1626984127,1.2257014267930577,-7.92613883808031,7.812609091665146,1.6632754502068803,0.015464352826455394,5286.03066768876,5348.043708201642,5372.24419921875,5134.496201171875,5275.108857421875,198,-25.451131509188663,15.20181467814754,False,36
ASIANPAINT.NS,2451.300048828125,2960.0187763517797,-17.18633447827821,1174861.5357142857,-0.8574297743933257,-6.62425360270642,-7.887415684466681,12.624931141419783,0.012731540532472923,2470.904281589983,2519.419729744332,2634.88400390625,2635.6952465820314,2564.5368469238283,199,-29.16233802048599,25.884696438067877,False,36
APTUS.NS,237.67999267578125,329.6445669998864,-27.89810102471274,1483396.2738095238,-4.588337644641049,-6.166604890559302,-9.524179051629423,14.87954776832745,0.014024106492661882,246.00018253921155,250.56789650303458,264.3506008911133,266.230651550293,258.757667388916,250,-41.98558980961224,0.9711749784694801,False,36
GMBREW.NS,953.9500122070312,1315.8571912096693,-27.50353012623933,400995.90476190473,4.726093604033088,8.010643005223983,3.2636961260514186,-4.246003112009166,0.013554455544598646,922.124063834455,913.3277923103534,903.46,914.8716278076172,962.4923083496094,177,-35.209535389686295,-0.9214727108137755,False,36
BHARTIARTL.NS,1893.300048828125,2147.4734560986562,-11.835927775903288,7531200.674603174,3.396869317432216,-2.492656103459201,0.8165601640946596,3.847445315245701,0.016251018863780598,1850.5792593302958,1863.1552179446192,1904.2537890625,1868.0260803222657,1901.0442224121093,208,-19.958609598845133,11.55412772838913,False,36
BAJAJHFL.NS,85.58000183105469,115.98999786376953,-26.2177744570971,6886887.031746032,1.7477127690357142,-0.011677190400238846,-2.339376339856414,5.070601642179229,0.014988635937382913,83.9079476172799,84.04066038636854,85.02919982910156,85.4181997680664,87.26404972076416,251,-37.365287642123704,0.0,False,36
DELTACORP.NS,58.34000015258789,85.68642021255008,-31.914532071859025,2609373.503968254,7.737762712170082,-1.9825273792010933,-9.3313126347493,9.15910518758174,0.012415190799846959,55.990150628515714,56.856745099609164,60.107032470703125,64.04940593719482,64.08297853469848,82,-39.71040017862046,46.24684715810965,False,36
JMFINANCIL.NS,126.30000305175781,177.98981701911703,-29.04088269375964,3485782.653386454,-0.7387573308655138,0.0,-1.925761570932516,4.711229003143602,0.01232887396891135,125.47863722369219,126.65491076709024,126.36980010986328,127.15611671447753,129.3935994338989,231,-38.026894261154,-0.56208285376812,False,36
DEEPAKNTR.NS,1586.300048828125,1895.7415042243763,-16.32297729973772,210737.592,-3.6152629866772923,-10.29237091977765,-4.663761258432453,12.753495301348394,0.012822692603863622,1621.5510046383708,1658.7988019093796,1699.2035302734375,1694.3455297851563,1626.5142431640625,245,-32.78723241352862,3.0029194468348175,False,36
PRESTIGE.NS,1435.0999755859375,1802.9302554788078,-20.401803052286393,740292.3625498008,-7.029023174142923,-9.274248875568702,-4.99791431343416,13.320708020013882,0.012711568214472724,1492.6232811823984,1532.5571602441485,1602.1366162109375,1530.6208911132812,1490.11849609375,220,-39.61887418585771,9.312454466127296,False,36
PTC.NS,156.22999572753906,203.5447632528218,-23.245386798044688,1458467.0634920634,2.2581469929358944,-0.522131364714784,-5.524245176782716,6.647000413830839,0.011229150388481535,154.39808857115847,155.30305044383803,156.8558023071289,163.41154724121094,155.45035430908203,96,-28.630558405319672,43.793075759369394,False,36
UNIONBANK.NS,176.55999755859375,199.59697275189,-11.541745786862446,14640934.317460317,-0.8646875306825064,-4.396791985714843,3.799036504655695,2.3322953033239724,0.011068019225150782,179.40456353870906,180.98491108548393,179.37559997558594,171.0470492553711,169.95962814331054,140,-23.981703326548644,31.703346076638827,True,35
POLYCAB.NS,8400.0,10126.0,-17.04523010073079,370007.09126984124,1.9293775027302562,-7.9452054794520555,-15.326848445138852,17.69427265265151,0.010835511819015629,8344.1814276814,8535.497236048986,8927.7,9157.104609375,8344.292048339843,64,-20.284416353940347,24.853453176609584,False,35
PICCADIL.NS,589.4000244140625,808.3517449655756,-27.086193840137916,233538.86454183268,-1.684753227634106,-16.358563894333578,2.25740296208492,8.997149651051517,0.008358926474159565,603.4934470090908,624.7370414979725,687.0946667480468,639.315523071289,606.0253790283203,27,-29.35654978078981,34.64533106668233,True,35
BSE.NS,3266.39990234375,4435.115403617064,-26.351411291804638,4270189.035714285,-3.47518019078753,-0.7505148606719692,-16.91599719782212,16.71020889189552,0.011116634061984237,3304.0957754281467,3333.0866613011017,3451.73400390625,3709.209250488281,3299.4775549316405,82,-29.393043584703538,52.83113289432863,False,35
CUMMINSIND.NS,5099.5,6049.821052103703,-15.708250606408392,549716.5158730159,0.5818540433925046,-2.026897214217094,-10.351376235463327,11.407645092262108,0.01110451127761677,5047.954781688024,5104.272457893443,5304.11927734375,5410.783056640625,4963.660657958984,80,-19.931516018716,27.595401647633988,False,35
DLINKINDIA.NS,430.04998779296875,521.5413716552077,-17.54249784094294,138740.06772908368,-0.8644536896090682,-3.5221564121214244,-12.8954430917119,14.242337399650996,0.010374253809616367,431.5430921755163,435.749890141688,443.9199993896484,454.7970684814453,423.7212968444824,50,-22.09630723953868,11.155212207506793,True,35
UNITDSPR.NS,1371.0,1563.4000244140625,-12.306512818827098,914790.7857142857,-1.7204301075268824,-11.204663212435229,3.278612095072475,6.265514671737082,0.010768138439768416,1404.2460114933594,1434.3256146080544,1470.5980029296875,1386.06009765625,1365.9755920410157,20,-12.492007533473103,13.219914621978734,True,35
MAITHANALL.NS,1009.0999755859375,1210.0999755859375,-16.610197839453278,88360.832,-6.304551941881387,2.1718170041660656,-9.188263145463837,9.537535987245406,0.008624436579040853,1026.8712235944752,1020.9267109445633,998.95099609375,1003.0352325439453,988.0707208251953,64,-21.05197960000359,13.517161760568207,False,35
LAXMIDENTL.NS,197.9499969482422,360.8500061035156,-45.14341316334715,252722.82470119523,-2.275869207106429,1.113547851154606,-12.21340541665683,11.716233546359888,0.010175944430671848,198.4847219520466,199.56042832827703,207.4854000854492,214.47359970092774,214.06989936828614,249,-56.801994666422196,-0.07207726556169858,True,35
LICI.NS,407.70001220703125,457.74492274879265,-10.9329253159681,4740823.718253968,0.8908700938236258,-2.696894461329058,-5.201181622268313,7.436621748054217,0.009640023296577439,404.03939148214806,407.44926831397424,415.11699951171875,410.8810131835937,407.7155651855469,218,-22.994827548864862,3.9071313237585947,False,35
COLPAL.NS,1917.800048828125,2326.3191128118538,-17.560749156634238,415604.1513944223,6.043685309821667,2.0323512310261194,-3.2391499077636277,2.6833818091812622,0.011124465285308072,1845.1229812457202,1861.8253178691302,1959.7800122070312,2011.45115234375,2035.889108276367,249,-24.290788752035887,-1.170956380613497,False,35
GRAVITA.NS,1598.4000244140625,1913.5999755859375,-16.471569564864875,264614.21428571426,-4.184146313442794,-10.843374560433183,-6.509909922002654,13.748938226269303,0.009595127704760094,1653.8333166798272,1690.8025496708506,1743.2619946289062,1711.5239990234375,1667.7335009765625,183,-33.79493935109702,10.576921464625011,False,35
SURYODAY.NS,146.6300048828125,218.0,-32.738529870269495,882776.8685258965,-0.9591341706685963,-5.118408662458574,-13.959941214212668,15.986995080336875,0.01087220518312376,148.24690263327741,151.1707828465506,162.27332702636718,165.62585540771485,149.744114112854,40,-34.857800684937644,19.001336801846392,True,35
GICRE.NS,351.0,402.400829796409,-12.773539712235383,729460.3147410358,2.123941674046703,1.380142126159467,-1.282695112829224,1.0289582426941557,0.0051519735586545885,345.4208247877184,345.0543041391305,345.1010406494141,354.75110595703126,359.3741914367676,110,-17.047494696581033,1.832750752723511,False,34
SUNDARMFIN.NS,4730.60009765625,5612.405266256894,-15.71171586453788,69592.784,0.05499360525063057,2.402805386906026,6.257292784564594,-4.889102378521237,0.004076073218671513,4679.497028813217,4640.809546150496,4565.826015625,4505.218825683593,4765.437310791016,136,-29.103155711844707,1.7322053458177944,False,34
ZENTEC.NS,1687.4000244140625,2042.629425992547,-17.39079037333817,591450.8247011952,-3.571632614893383,-12.641809058716602,-13.95523489919518,19.136575802982758,0.005825347782018915,1724.790981564645,1759.667563070435,1781.2156640625,1749.4797131347657,1573.8159826660155,21,-22.374565087082864,4.873010637174691,False,34
PRINCEPIPE.NS,269.79998779296875,350.96745230751316,-23.126778275561154,266258.292,-3.6084338419996254,-4.2618438094248035,-5.662900462625798,8.733933381693394,0.005814910678046948,271.29060536132613,275.6315148203173,274.28081787109375,271.7042398071289,259.8461711883545,237,-41.794434608649325,0.14829591857403734,False,34
BANDHANBNK.NS,175.0,218.86288600994448,-20.04126273284703,10770312.9561753,0.5747126436781658,3.4278978465537513,-15.27053432504516,11.67715051886622,0.00832750743711507,172.4441279824084,171.88214399046885,177.05368377685548,189.23956497192384,173.5516522216797,46,-27.242115647726283,12.682804297095451,False,34
ENRIN.NS,3228.0,3968.0,-18.6491935483871,618827.6507936508,1.4679517950241028,-6.034408810922953,-14.909323152055155,15.649185170153658,0.007267905397627368,3149.295949786771,3200.388197416716,3315.5720068359374,3406.511005859375,3077.4274633789064,80,-25.20161290322581,48.13498000379954,True,34
TTKPRESTIG.NS,530.8499755859375,762.9636442781316,-30.422638147038516,258303.62151394424,-1.7308471695314132,-9.271919716912025,-4.8447271835713295,10.760787750640421,0.008234282848492237,546.280062781892,561.9761757720248,606.7366577148438,576.419176940918,560.8938919067383,224,-45.15041604845462,6.316816711613749,True,34
SWIGGY.NS,273.04998779296875,474.0,-42.394517343255536,13659213.412698412,-1.8511948914761156,-2.132620862735213,9.285563787355322,-3.4476663440090927,0.007949589369083056,275.652103276085,276.6131460472635,276.72659881591795,266.41029968261716,296.0608988952637,250,-50.26371308016877,3.1383604515256014,True,34
VGUARD.NS,325.3999938964844,390.34213160745503,-16.63723499268055,564052.544,-1.0190132634268045,-2.3848843742221293,5.263611493052789,-1.5066215362525726,0.003975566322277013,327.5783715603672,328.56428795452535,319.91533630371094,314.83003509521484,319.20197158813477,244,-26.364103269458607,-0.040554999267727876,True,34
DIGITIDE.NS,83.44999694824219,192.0,-56.53645992279053,732929.692,-5.471230060990218,-11.87031915023904,-5.062576223421999,12.922862280346493,0.007291852089651672,88.65039976430326,92.11409201318496,98.23400039672852,94.66500030517578,101.35560012817383,249,-63.59374920527141,0.0,True,34
SAMHI.NS,161.97999572753906,217.3000030517578,-25.457895327798173,1005325.828685259,1.1111103702904357,1.567594724714616,-9.553856139496464,7.720955634336213,0.006468553938575131,157.52884418932493,158.22782673299477,165.05820037841798,164.74370056152344,165.8648003387451,223,-41.555454111176246,-4.644346959341361,False,34
DDEVPLSTIK.NS,254.9499969482422,357.58900945974756,-28.703066871818685,137444.64940239044,-0.23162686238661356,-7.3399075972455545,-8.17348900449668,11.636240600629645,0.00711305333215081,257.9110867823673,263.72008057304487,275.2599411010742,264.8448661804199,265.8190058135986,239,-48.47634506647248,0.21611243370645017,True,34
RUPA.NS,137.16000366210938,208.29375509813576,-34.150688484401435,217856.616,-0.21098093311854305,-6.732096943889331,-13.405206351139165,14.795381017761212,0.005290730196730149,137.3975192802053,140.90912846471744,151.45593017578125,151.82417877197267,147.89077365875244,248,-48.68915525218659,0.9637677048822457,False,34
AAVAS.NS,1284.5999755859375,1771.9000244140625,-27.501554383084724,179292.872,-0.4417633904117424,-7.46957210940975,-12.725052362349532,14.318771149385956,0.0037190199012639893,1285.8076446461212,1302.4270968505539,1371.5220092773438,1388.1030041503907,1368.3505029296875,212,-40.15463571288572,5.242741906784265,False,33
PLATIND.NS,214.0500030517578,331.95001220703125,-35.51739865029477,118077.99206349206,-3.166704321809477,1.4118518141526204,-5.850012181526898,4.99338214469407,0.002080491340691351,219.4519689213436,221.62463132841847,224.4306005859375,226.5741000366211,227.3738500213623,250,-44.72059248319763,3.6977491961414755,False,33
INGERRAND.NS,4155.7001953125,4955.0,-16.131176683905146,19379.123505976095,-9.752858504681027,-10.464508925119508,-11.091051486366311,16.348100186889724,0.0014373699335399268,4477.095185540019,4552.127462427603,4519.799990234375,4417.311428222656,4020.531423339844,11,-16.548940464177598,12.504586728712464,False,33
JINDALPHOT.NS,1125.5999755859375,1616.5999755859375,-30.372386948851513,23222.052208835343,12.380191995058688,6.864133998498478,1.7353534660344172,-6.944444584608222,0.0035367420517260027,1062.7436480626711,1051.0584435058756,1064.0819921875,1072.5364923095703,1194.9802490234374,192,-39.9294822311276,2.220709757003392,False,33
ASHOKLEY.NS,163.0,211.80679384961218,-23.04307286963899,19924447.55952381,-0.45801526717557106,-6.214040772221141,7.61916860860421,-1.8410734735880063,0.00260711511984275,163.0136959905438,165.89380911061747,166.62320007324217,160.8843913269043,169.93769233703614,152,-34.832119276919215,23.696201712048826,False,33
VTL.NS,578.0499877929688,682.2146139481268,-15.268600822303458,579328.2310756972,0.4256449463079459,-2.2138651309608015,-11.162444678031825,10.146825279138994,0.0030978817668468523,574.3563336693046,581.0943912053451,598.0287353515625,607.7948077392579,548.4881915283203,53,-20.35497855411642,9.27927640431534,True,33
SHK.NS,137.0399932861328,253.44275782107633,-45.928621332758965,467426.7051792829,-4.554957836410434,-14.350004196166989,-2.0163072443244556,10.160764955958946,0.0013391718621180073,141.29675197797917,145.97683232540436,150.90639892578125,142.57020011901855,147.32591037750245,250,-55.81645168334681,0.0,True,33
SUNPHARMA.NS,1837.300048828125,2046.9000244140625,-10.239873617957318,2554305.8214285714,-0.14673647673233425,-3.5031486960018343,-1.3856894491816818,3.6585045856565968,0.0033239161263453397,1861.1535453549102,1879.804648089395,1922.222001953125,1881.9705139160155,1801.0692858886719,35,-10.694221593784192,11.980515353409537,False,33
ABREL.NS,1266.199951171875,1961.880003431885,-35.459867629165295,228033.7380952381,-1.2016248991438827,-12.404015830378757,-2.400177797917835,8.83878995750731,0.0021449698763743377,1288.8491949519605,1322.0978769399899,1381.79,1349.7294897460938,1379.868246459961,251,-45.04147379455392,0.0,False,33
NHPC.NS,76.94999694824219,87.39771312453149,-11.954221458177672,16281481.238095239,0.7462682840024826,0.7858526340697392,-0.9492033699695313,0.46949563386591286,0.001348345977697019,76.12407969371733,76.29751813832847,77.36683166503906,77.6199648284912,77.3509593963623,250,-18.276412207615156,0.8382198713618783,False,33
CEATLTD.NS,3468.89990234375,4393.1588210528225,-21.038595606420017,171146.10358565737,5.255331302544364,-1.8643245890590743,-0.1792522745859615,0.6811200092173619,0.003713405337537779,3348.2038405016797,3391.6381282240827,3505.6084521484377,3423.031120605469,3542.7505151367186,227,-31.02298777874257,25.056683344437026,True,33
EIHAHOTELS.NS,303.5,402.25836376124147,-24.550978340840423,20142.741035856572,5.583575269222463,3.0035656836377767,-4.172085946616278,1.2166551575510498,0.003941069426853384,293.61535688561946,295.3651522878717,303.21124755859375,308.4117150878906,318.1922709655762,250,-34.44376604705563,0.0,False,33
ATULAUTO.NS,446.45001220703125,592.5698687930867,-24.65867137046037,343729.7619047619,0.19075540661419588,-7.7770266909555685,-3.9126314263587147,7.768537642442186,0.003972958315395656,448.1039012031854,458.9345357406755,484.2042694091797,480.53168548583983,461.4857336425781,32,-27.90723344115885,29.214852878872776,True,33
GOCOLORS.NS,306.0,744.0,-58.87096774193547,526786.5179282868,-5.773672055427248,-7.314855169755474,-18.78980628626493,18.996697360677437,-0.0007860118110232309,314.91669971298484,321.1612412716767,330.1419989013672,333.71299865722654,347.0512483978271,249,-68.13844045003255,1.4407245027263649,True,32
SBICARD.NS,651.1500244140625,961.6311031378486,-32.286921430751505,1485373.5515873015,-0.6181299935154816,0.633650675905062,7.2381441573565075,-5.4591616095735045,0.0005269573920701466,644.8159662126865,646.852908717007,646.8919995117187,630.5340014648438,696.9015261840821,228,-41.19886405899928,4.138163199519962,False,32
EVEREADY.NS,331.0,433.67991637013836,-23.67642874255279,145647.44578313254,-5.26616892327012,-6.576344509101095,-9.62635806790092,11.710187761387658,-0.00045718109962443725,340.174918746493,341.40906278514296,346.66773986816406,341.34003509521483,328.72884979248045,248,-40.549511355940226,0.0,False,32
RELTD.NS,147.58999633789062,196.4499969482422,-24.87146926412246,416366.625498008,-4.829768767557619,-7.7965954990244395,-8.889442969912809,11.523349268548921,-0.000997891601149238,151.5348391359237,155.03810024395838,164.40399932861328,153.3646152496338,149.91995792388917,50,-26.999233448757455,39.40502250733709,True,32
KAYNES.NS,3515.0,7705.0,-54.38027255029202,1550345.2817460317,0.28530670470756636,-7.863695937090432,9.26668863520006,-2.9166462687941985,0.0006913956609500879,3520.0007597106614,3579.549044366711,3603.480009765625,3488.531008300781,3675.9595056152343,239,-61.129136924075276,5.057073676928403,False,32
PSPPROJECT.NS,810.0999755859375,1143.0,-29.12511149729331,169048.27710843374,-6.352235475689339,-11.835446796486194,-16.012649853475757,19.466156135154034,-0.00019645408847285533,843.3887319727628,867.9916030710198,943.702001953125,917.0475012207031,841.9672506713868,53,-30.293088363954503,34.352078239608794,True,32
OLECTRA.NS,1198.800048828125,1714.199951171875,-30.066498484695924,664542.4780876494,-0.6546699812225998,-8.18014160193914,-21.297263179018135,19.784179001820256,-0.0017700267148742371,1207.6450521928025,1238.277730733759,1310.4359985351562,1321.0359997558594,1209.8387503051758,247,-49.44580560782856,0.4086076810263517,False,32
AWFIS.NS,275.75,639.4000244140625,-56.87363317624307,467206.07936507935,-5.951572810546013,4.8479087452471425,-7.868355747898892,4.609254026994636,-0.0014238064557698582,270.2770006951214,268.5826396404986,272.7839999389648,296.9279997253418,336.40039978027346,216,-64.17735465968177,7.743647110556839,False,32
LTTS.NS,3347.5,4673.3032272251885,-28.369723999535868,134553.0517928287,-0.8999645703727688,-5.461885613195028,0.2785947206326078,2.165294501556203,-0.0023267736286401884,3380.611936598255,3428.875983605305,3480.74798828125,3442.7124487304686,3600.7251721191406,198,-36.30977749224521,9.377000075622455,True,32
BALMLAWRIE.NS,167.41000366210938,210.18768856097418,-20.35213631765842,166558.609561753,-1.4249532725982728,-1.1580884886741138,-6.367960335739098,5.814543490905777,0.00041316270645931565,168.03071109146163,169.41185426534258,171.14861267089844,174.938076171875,171.28751251220703,250,-31.138721150430083,0.0,False,32
JAMNAAUTO.NS,125.02999877929688,152.60000610351562,-18.0668454924679,2654514.1587301586,-7.6996954212483315,2.964669739828407,-5.13657368414655,4.470252724330681,0.0007009339032915578,127.93873844995166,127.21094534661664,128.8802005004883,127.28190010070801,127.0613998413086,149,-28.427262875327695,15.589167547398075,False,32
FORTIS.NS,886.0,1103.1298326042547,-19.683071401637054,1958045.952191235,-1.8228169964562446,-2.776252401170498,-9.111039413430888,8.381486792460713,-0.0011824928692470498,892.4867685366517,902.4965492226345,926.6593933105469,943.4568640136719,911.6330145263672,230,-30.56235538406893,12.030157257172046,False,32
MGL.NS,1081.699951171875,1338.4156723667068,-19.1805674795248,278059.07569721114,-0.2397950326627818,-4.930576133656361,-9.899701197153444,9.922365880682825,-0.0001105873687045244,1082.4665123905559,1087.6105015678638,1092.8546826171876,1097.806893310547,1082.0008532714844,250,-33.8283089272807,0.0,True,32
ULTRACEMCO.NS,11014.0,12847.756783521221,-14.272972429500165,278323.1031746032,0.12727272727273142,-4.846652267818574,-0.6030442869957131,2.787754531781461,-0.00022414654222571161,10964.271073656042,11141.248528961225,11520.84740234375,11374.8834765625,11537.233032226562,153,-21.24332769282121,11.08931527576189,False,32
AWL.NS,186.97999572753906,281.42985528309595,-33.560710700201966,3296570.0595238097,1.0593402928430473,-0.8799849806405691,1.7190666289914613,-2.1568196593400146,-0.004170708418823766,186.0099361465208,187.97270033675926,190.50240020751954,191.0800927734375,198.29472305297853,208,-39.48744889504835,5.382544848446669,True,31
AXISBANK.NS,1257.0,1417.2070248903838,-11.304419331591674,6541201.992063492,0.882825040128421,0.47961630695443347,-7.739680664703674,4.491184909935297,-0.003412244700332543,1246.4695774145146,1248.7299082011596,1252.2080102539062,1279.1615612792968,1286.6782250976562,158,-18.895855493345447,5.7465776807786195,False,31
JUBLINGREA.NS,624.9000244140625,792.3323631991859,-21.131578938551108,340240.86904761905,-5.0880921564079635,-13.256523703990009,-0.4597666730315253,7.492536000274663,-0.0030102955823839072,649.4442231306515,668.1533351589205,710.553642578125,691.7056311035157,668.1673040771484,42,-22.759686663695177,9.30266569850431,False,31
BBTC.NS,1512.0999755859375,2114.6666501437494,-28.494641201101413,168182.328,4.369127873029344,2.6405121981655677,-1.6584287464158298,-1.8626734379983745,-0.002775827721880509,1460.7221005122524,1469.455154456917,1484.439990234375,1506.0869921875,1595.6973815917968,226,-37.834174691478,7.591965851046112,False,31
BHARTIHEXA.NS,1540.0999755859375,1934.317756973946,-20.380197615759066,185449.94422310757,0.05847352147960727,-3.520645963986846,3.4512619595416183,-2.158803567991441,-0.005264246799834994,1527.3944289561748,1538.3014838202794,1570.5957006835938,1527.2693273925781,1573.4655194091797,223,-26.876663921886223,11.881946691475331,False,31
BANCOINDIA.NS,604.0,848.8263047717415,-28.842921501776264,538230.068,-2.5020177562550483,-1.7583541677917758,-8.611568394838997,6.641068046946086,-0.005289159088571248,607.5898058482543,612.736289167444,626.3412878417969,631.8912951660157,622.5301214599609,238,-41.61349674228154,9.074479774269584,False,31
GKENERGY.NS,119.7699966430664,238.62838915412897,-49.808990846555346,1117498.3224489796,-6.3199076476252,-3.010191580056343,-18.49148351537092,16.26961349307301,-0.0027362873815586003,124.14391927664269,126.524025563092,130.80066833496093,132.9303756713867,128.59182971954345,227,-63.606012832461765,39.04255322063956,True,31
ROTO.NS,62.68000030517578,84.3499984741211,-25.69057327913734,2237265.0595238097,-2.5042784063216805,-4.349150812164371,-11.280963975328062,10.605262626466615,-0.002624421450768139,63.67061250740092,64.35268869274842,66.06839996337891,64.48160011291503,62.354050159454346,251,-43.687017357121604,0.0,False,31
BLKASHYAP.NS,52.7400016784668,67.5,-21.866664180049188,611771.74,-4.818621505681186,0.7257468748770535,-3.1760593050597974,2.6269747126914655,-0.0023874068203406087,54.02440387156118,54.54158420194782,55.015599975585936,55.149099845886234,52.553749866485596,248,-40.26666711877893,0.556886068018736,False,31
AVANTEL.NS,147.22999572753906,214.72640412746412,-31.43367890604567,2375913.587301587,-5.899278147934572,-9.65268184723852,-14.37627313720975,15.730570089879858,-0.005411180894521425,150.78724838293854,154.0942858101614,161.08180084228516,164.87465866088868,155.8924842453003,236,-45.558137802783016,15.061538135117392,True,31
SBFC.NS,92.36000061035156,123.0,-24.910568609470275,1986248.916,-7.259761013555021,-1.3985241637680113,-3.1865837179286483,3.9973011477853593,-0.0036273559037355504,96.11437484489075,96.34727900857052,94.45579986572265,93.36519966125488,94.92654972076416,219,-35.28455408608041,9.854451638785001,True,31
NAVA.NS,562.2999877929688,732.5560380476754,-23.24136877070232,475915.05976095615,0.7074437861103178,2.385283192783172,-8.76814677708565,4.224281831474697,-0.0039293028336815005,554.3241626114691,557.7144541088805,565.7435424804687,591.931841430664,581.6085266113281,93,-27.118200289912043,29.26290066122348,False,31
CAMS.NS,708.0499877929688,837.8765073351432,-15.49470815873406,1419149.3386454184,-0.5547769953695547,-6.131512759972912,-12.832959201116578,11.577624209517223,-0.005006183280596215,719.4679241212666,732.6668587719157,760.0658947753906,768.0345141601563,737.6684579467774,94,-18.723106085655406,28.839937389346627,False,31
KNRCON.NS,124.80000305175781,213.57424392742635,-41.56598625526892,2264256.2430278882,1.1067120579397516,-1.8224189320638629,-10.243482690614925,5.526403202450192,-0.01116296106823198,123.09791605800757,123.70887908688289,125.65797317504882,127.94667793273926,132.45996490478515,248,-49.228969241665986,1.0553177218198373,False,30
DBL.NS,425.5,585.0,-27.264957264957268,397686.80241935485,8.269720101781175,1.0208897598168232,-3.1854379977246827,-1.572978946329584,-0.005536730157077566,406.19732017325686,407.57042373203217,416.6460009765625,430.4895007324219,439.04225036621096,243,-34.77777986444978,-6.817781270433743,False,30
HEIDELBERG.NS,145.9199981689453,207.42435265801188,-29.651462666233343,107250.73306772909,-3.867181880772752,-3.4476404828358564,-1.4020927101571878,1.9156666323147054,-0.0073060744476572065,148.29747726380998,149.77685254630234,150.70654846191405,149.64310119628905,153.12837799072267,248,-37.27820989390898,2.052324938296568,False,30
COCHINSHIP.NS,1398.0,1968.5122412143382,-28.98189959247599,1325992.011904762,1.3449217968088734,-6.00581491976272,-5.663695878447328,4.328994982606238,-0.010341815747633598,1402.8700940513536,1435.519594086454,1449.5640283203124,1481.6701623535157,1497.4755108642578,249,-39.76844419325123,0.812620139783915,False,30
POCL.NS,469.95001220703125,647.5999755859375,-27.4320522044757,784013.136,0.6424670567670709,-6.1695105360741405,-12.518614756487112,9.382272643198352,-0.011723307712049134,464.343026090599,476.05320301859444,508.04199951171876,527.7233990478516,511.5245001220703,89,-33.97158396792243,46.620469259202714,False,30
UTIAMC.NS,895.0,1362.8249046583157,-34.32758698929176,163356.51394422312,-2.870477167142138,0.2857289212941705,-0.5622181890482025,-1.2319202445169486,-0.008913354869766198,900.0641393490563,898.5540411233259,907.7744409179687,910.0611419677734,953.8131881713867,247,-36.77715007604236,1.6199646044601668,True,30
GSFC.NS,151.9199981689453,205.14848863222346,-25.94632347436039,846489.4126984127,-2.5841608580693842,-2.3668148160932545,-4.051476798453757,1.8568810740845487,-0.01204469658927897,153.27466176359576,154.06562089722942,154.6227993774414,157.88752563476564,161.31507095336914,250,-34.436834236725076,0.28511157034318835,False,30
LINCOLN.NS,604.8499755859375,767.8152546425441,-21.224543022719054,70023.57661290323,-4.8516082078392415,-2.0237372799631115,-1.314408804829148,0.7091199627970557,-0.010005829331064687,613.4444568736931,613.8268080020551,604.2614599609375,626.8173754882813,583.3234289550782,80,-26.01298188573985,26.833958153132965,False,30
AMBER.NS,7125.0,8974.0,-20.60396701582349,325926.374501992,-2.1291208791208827,-1.7241379310344862,-9.884272434073226,6.709600119814296,-0.008391813564152344,7193.377009460836,7277.4877946090555,7409.67,7579.875,7240.025,95,-23.930242924002677,12.32137186408384,True,30
ITCHOTELS.NS,158.8000030517578,241.7151903023464,-34.30284507435183,3436209.265873016,3.3248750921841763,-4.40644851949693,-10.961593710521578,7.268766102502733,-0.009297738668363486,155.99619264445775,158.18649406446684,164.14219940185546,163.62070388793944,169.1787671661377,251,-43.56760960749059,0.0,False,30
SPANDANA.NS,229.25,319.3999938964844,-28.22479512185008,315009.224,-1.4444781400348994,-4.618267452314939,-9.992146546202708,7.679664900068195,-0.009938793083000115,232.77386012635387,237.7433780992172,257.7157995605469,258.73199905395506,250.07389961242677,52,-30.385093815756946,12.099768675368772,True,30
JINDALSTEL.NS,1119.5,1303.865138167474,-14.139893212160825,1320188.6135458166,-1.5391380826737078,0.5833783828098849,-0.927148654908494,-1.4581616371089456,-0.008986473830215204,1124.7374518174033,1129.2434160017938,1103.7717724609374,1131.6597033691405,1130.552110900879,107,-22.668811109341537,6.424449136954391,False,30
MAPMYINDIA.NS,899.4000244140625,1992.1530909053106,-54.85286605130629,316478.472,-4.308968927333289,-10.738383663512375,1.3015625336207703,2.46958616828139,-0.012002703980370167,926.0742131871169,953.2150640070313,1035.0007775878905,966.104736328125,1108.6377786254882,232,-60.21021203648602,18.140489453139953,True,30
SRF.NS,2512.0,3198.0092293385956,-21.451133506593234,475674.1746031746,1.1923984378303887,-2.427655855505928,-8.036214730344692,2.5370902936908246,-0.017623196289452248,2513.6934192161107,2538.702792725473,2621.910302734375,2666.0054907226563,2702.122637939453,231,-26.50008833670603,7.89446615536511,False,29
INSECTICID.NS,605.5999755859375,786.8318054449394,-23.033109313180155,28445.409638554218,-2.8864657961359175,-2.2437488965395436,-12.040671665078072,6.987013275483722,-0.01554792548251433,605.3709935352446,608.3757396997022,623.5899987792968,664.807998046875,655.872221069336,246,-34.09011023738695,1.3356632694387693,True,29
FDC.NS,352.5,521.1543090908798,-32.36168369884275,197198.732,2.070361595517456,2.262833628298222,-12.639405204460964,4.5838934183618285,-0.012986613087821668,347.24292374228384,349.39751892553915,373.43800048828126,383.3709997558594,379.5926347351074,248,-39.950604504651906,2.505524427934236,False,29
PRSMJOHNSN.NS,117.05000305175781,176.0,-33.49431644786488,1008342.716,3.26422993157911,6.525305767712708,-2.967747892872241,-6.382464852795334,-0.018118261622793532,113.68260895505846,112.46303321294785,110.20199966430664,115.65749992370606,121.88554996490478,249,-44.82954632152211,0.0,True,29
EMBDL.NS,53.880001068115234,105.69999694824219,-49.02554151018709,3119075.535714286,-2.5325574205800394,-14.58465519322517,-10.646763267286353,12.743251801464606,-0.01266915040303101,55.87228672141629,57.68754490296969,61.06880004882812,61.780099868774414,60.12869985580444,251,-62.667927886700966,0.0,False,29
GREENLAM.NS,231.50999450683594,278.54998779296875,-16.8874512107662,154040.15725806452,-2.0063515314980185,-9.442597287689747,-8.080121948833085,7.855567660957252,-0.013709641309547757,235.14740481509264,239.85763036547579,248.7324005126953,244.63130950927734,240.8377799987793,29,-20.420029480058453,13.271053891766948,True,29
STYRENIX.NS,2067.89990234375,2625.9669159348305,-21.251867653192104,39644.21912350597,-3.499930160898812,-2.760283674264574,-12.358926481131615,6.923989274676012,-0.018401319854118754,2078.0101272354123,2095.3231645764467,2208.869365234375,2223.6459619140624,2092.6184967041017,32,-25.19326833503741,15.34111713786337,True,29
M&M.NS,3052.0,3799.9943064302024,-19.684090188358326,2526394.853174603,-1.770196330865792,-10.885308441749386,1.5392123066806151,0.5854493692626139,-0.016581378817272265,3108.172754415976,3172.417151087393,3270.2639990234375,3177.08984375,3276.2371228027346,178,-24.581367931307206,2.712592571001249,False,29
HINDCOPPER.NS,497.3999938964844,755.9652099609375,-34.20332214465449,16308384.38095238,-2.956824999967256,-10.857495734245258,-0.19247121627283814,2.0098352213631987,-0.017209889231823493,503.9861588227963,513.4710441848428,515.0450219726563,521.2255093383789,520.9288552856445,161,-41.26510268243748,124.46841652852302,True,29
SHILCTECH.NS,4067.89990234375,5383.97700521774,-24.444329936746545,32488.947115384617,-2.5512649121183784,5.189800209607909,-10.523119744908382,2.5633137158224795,-0.01348776886433779,4092.9656551213575,4099.416709787555,4215.017846679688,4231.308764648437,4089.045927734375,103,-30.17966174845892,38.69751856061312,True,29
ZOTA.NS,1144.5,1740.0,-34.224137931034484,62667.609561752986,5.27042415393435,6.297023488700981,-16.848301387729414,4.291960501011083,-0.015512591027807592,1112.0377597821428,1116.282340213749,1190.2659985351563,1231.74599609375,1284.9354962158204,207,-41.26436781609195,14.92975253744242,False,29
SKFINDIA.NS,1552.5999755859375,4953.039658667183,-68.65359289281912,57601.82071713147,1.3711151955304812,-4.730930717062176,-4.047009266602208,1.507225474006746,-0.014202872142373512,1538.9484354748206,1544.327393282645,1536.4260107421876,1576.7248974609374,1628.1232397460938,233,-72.32952540999959,4.494056390403056,False,29
JSWENERGY.NS,526.0,615.2574202859911,-14.50732934590231,2916764.9206349207,-0.08548051982080196,-2.9520295202952074,-7.540872310252988,4.090122550101616,-0.012251666290763718,521.6931294447589,528.7983224024799,545.2730041503906,553.2844812011718,522.3966645812989,80,-18.23747732142178,22.906120245378283,False,29
INDIANB.NS,839.7999877929688,980.0229061203939,-14.308126621501549,2251189.645418327,-1.9497971053159646,-3.819508181709519,-2.473578956784328,-0.1699376138428521,-0.017689300794459396,852.9999639159647,860.8583779008125,860.3330041503906,841.6707556152344,849.7432382202148,111,-21.506936705671333,5.427393952934256,True,29
CHOLAHLDNG.NS,1507.699951171875,2062.371871375786,-26.894854798125976,224027.148,-1.4961469214251122,-3.5565851672510806,-4.735769344625417,0.8953661781851086,-0.019235160577063093,1517.7613463224586,1526.3212892558793,1552.5448388671875,1581.5726892089845,1631.7149890136718,217,-36.773252632936874,1.0863969588172262,False,28
360ONE.NS,1073.0999755859375,1229.0652744329707,-12.689749038673948,985647.7211155378,-1.6406988463852024,-10.798007016962796,-3.9215729134846167,3.7218201957760932,-0.020114150837660272,1086.8803032345809,1112.9040125569861,1140.6000024414063,1120.3720043945314,1106.1433364868165,169,-26.706839290450546,7.013944273369632,True,28
AJMERA.NS,115.5999984741211,219.46418351965167,-47.32625769718373,491783.15537848603,-1.7856919460681908,0.1801095718904966,-16.173324924067657,6.902257806631384,-0.022336416347964627,115.3717933841803,116.2712487981488,120.70115631103516,122.69139228820801,135.47834815979004,220,-55.72267370583466,6.644022857072551,False,28
IGIL.NS,330.95001220703125,385.54534889912713,-14.160548648294036,701536.3650793651,5.297494451393359,-0.700871788434021,-6.11109009216716,-1.4783735773871487,-0.020351013711524757,319.9612731792364,324.8213616712606,337.6287957763672,345.38448638916014,334.6385458374023,251,-26.68283980952857,0.0,False,28
TECHNOE.NS,1030.449951171875,1449.548429569916,-28.912347448949205,242178.47410358567,6.138948043951609,4.105487164444499,-5.138499912234429,-5.251075872694077,-0.02206988085463899,979.997105079269,980.1866428316101,992.4185522460938,1056.979510498047,1068.7647674560546,248,-40.41095575980474,-0.1537675807271155,False,28
JAYBARMARU.NS,111.1500015258789,205.8889662970584,-46.01459052181033,646819.588,-5.428398978714033,-11.504774780088468,-31.571984285934374,25.95784146225588,-0.019322535547670557,116.08349783039108,120.96597743139105,141.22840515136718,136.71769248962403,114.15511825561524,47,-47.495972990532444,131.44316513559903,True,28
GODREJPROP.NS,1691.0999755859375,2340.6858887816,-27.751947252255714,877063.4023904382,-9.663462842631542,-15.752506628333274,-5.538147210030697,9.482268302422735,-0.019853844519699237,1784.752973767203,1867.178967360631,2010.1303369140626,1899.9873803710936,1844.3227734375,225,-39.03061453359808,11.146768555375242,False,28
SUBROS.NS,720.2999877929688,1208.590392245295,-40.401645386671504,165627.496,1.5078935421602768,-1.87937811516935,-15.497053809339922,7.369039812100908,-0.01926586486779456,703.7576819199788,714.8825762763729,756.9985656738281,760.0745819091796,772.2655517578125,242,-48.74351449396115,16.832160988193912,False,28
BOMDYEING.NS,111.30000305175781,188.36662248591605,-40.91309724466734,918215.6653386455,-1.0754591249652168,-0.24199752962706933,-19.117660756565147,9.548992719894711,-0.02071646557433594,110.98468071785376,112.4694438245932,117.05142395019531,122.00915023803711,119.49943752288819,249,-51.322752236397065,-0.16204950192976186,False,28
JKCEMENT.NS,5064.5,6974.042464956463,-27.38071175436102,85183.1507936508,4.562816145349435,-3.82643372578807,-7.885298897981963,1.667001894133202,-0.020077940423639782,4947.197674778946,5026.003111945441,5288.19,5296.707939453125,5410.089833984375,250,-33.26428198974868,0.9117636502200543,False,28
ZFCVINDIA.NS,2387.0,3038.7327548607846,-21.447518009547462,135595.6015936255,-5.592465899586396,-8.785200463259857,-7.985989844830299,7.177844161649793,-0.018409459713997833,2495.3983425127503,2520.3767781410456,2499.9419970703125,2480.325322265625,2453.7898095703126,61,-25.62689178951708,8.372382671390222,False,28
GHCL.NS,421.70001220703125,649.6824619687275,-35.09136587600701,171311.81746031746,0.130599149594679,-4.840343446888018,-3.512178472639338,-0.0875753359741882,-0.020436924505996122,424.45492791566664,428.5367865857274,434.5170001220703,439.53883972167966,469.74209823608396,223,-37.559951241813884,10.908934403783977,False,28
CCL.NS,1065.5999755859375,1238.748718225596,-13.977713162656546,342135.2589641434,-2.8446455008388494,-4.982319282186909,-6.97581608536908,3.31322313912652,-0.020483839764813827,1082.0289297953182,1094.1641914262389,1134.4397143554688,1131.183631591797,1070.1883261108399,48,-15.753698855018206,12.775114675551812,False,28
HDFCAMC.NS,2425.0,2903.739155124938,-16.486989001060582,952281.9561752988,-0.3615764915594566,-4.965315420948602,-9.847946464957257,3.208655778122993,-0.02700142361583646,2434.1081975015027,2474.510095455109,2549.383994140625,2594.845693359375,2568.1914404296876,231,-25.66854515890078,-0.7948662114948157,False,27
JAIBALAJI.NS,64.4800033569336,104.9800033569336,-38.578775676258445,2007649.733067729,-4.516504483187312,-2.87693334880893,-9.641251674008465,3.615625632730657,-0.02473162367190794,65.84498376899148,66.63722369905328,65.5808000946045,69.11960018157959,67.87995025634766,250,-48.89502780499245,0.0,False,27
CSBBANK.NS,336.1499938964844,574.4000244140625,-41.478067616834394,749301.1388888889,9.960739441786902,4.752259361188815,-5.721496170217133,-6.960972805483667,-0.025543121568421534,321.1748417072932,322.8030705508584,332.0990008544922,345.02700073242187,378.2637501525879,178,-48.642063464233765,29.18887884288093,False,27
ARE&M.NS,796.0,1027.7670143394755,-22.550540259207217,794793.7063492064,-2.1992903154105403,-14.486757170622921,-5.082641801103637,5.4824803337479855,-0.024490808724975357,816.8412832293313,843.6240043474687,890.3269372558593,868.0884533691407,854.6550796508789,250,-35.19847141156439,-1.1057761674256206,True,27
IOC.NS,137.0,184.95879041358242,-25.929446395244472,14038019.638888888,1.398859729931523,0.8094232177475291,-3.456703092140112,-4.411457680682984,-0.02499823383372569,135.31809001560976,136.08462516864924,138.2261798095703,138.91516632080078,147.4422119140625,140,-30.217076594446233,13.015429027404313,False,27
SAFARI.NS,1501.0,2504.019782423858,-40.05638411741892,57329.1129032258,-2.1639911503396725,1.2274042738438462,-10.304597795056502,1.24950110943709,-0.025624971550073122,1520.254964516839,1519.795623058867,1541.7153857421874,1545.2011376953126,1721.562213745117,201,-45.63041226466643,13.85606329846465,False,27
ARVINDFASN.NS,428.1000061035156,572.9978283228661,-25.287673889351137,274298.448,-4.024208537314089,-2.2714260853160195,-11.249686830164517,4.97150133620341,-0.022430115853626042,437.163662385527,442.0391118002686,451.816259765625,454.58159606933594,456.91295013427737,249,-36.31304081164909,0.0,False,27
TATASTEEL.NS,185.5399932861328,219.86575104195882,-15.61214404387854,27993972.507936507,1.387974473296616,1.1117129624701905,-4.143420321150371,-3.7625947263269954,-0.023869239470522094,185.11652661130668,185.3884643645557,186.145400390625,193.29566543579102,191.1230396270752,90,-18.13186039800756,15.994436404826518,False,27
JBMA.NS,599.0999755859375,788.908731607289,-24.05965968137319,1489080.733067729,-0.8523002753930475,-3.0261626180934753,-17.603531420888874,9.286580424164015,-0.022568898077590556,609.5355880214363,619.2891546891726,643.7081677246093,654.3296868896484,616.9330239868164,247,-39.62025152178654,0.3329906095568269,True,27
ERIS.NS,1321.300048828125,1730.7126256991257,-23.65572254987263,108779.20080321285,-2.6020881168426935,-2.002521621464526,-8.025889511155382,1.5511375715632214,-0.024480249606985006,1325.462255695345,1330.2883854107474,1368.0219946289062,1378.96658203125,1398.7561633300782,193,-31.0344839039846,6.5977497580480104,True,27
PRAJIND.NS,316.04998779296875,422.8048706122484,-25.24920837943323,1896143.4940239044,-3.3042735532721523,-7.180620325119314,-6.405575724055157,3.0368242575035564,-0.02473494434566202,324.2752286816015,329.40342117216437,331.2788146972656,346.3347317504883,332.3576281738281,105,-29.66211212865213,29.190298527783675,True,27
AADHARHFC.NS,461.6499938964844,563.0,-18.001777283040077,392508.45019920316,-0.22693284695161076,-2.687605430868134,-6.793861240826393,-0.2377106652654004,-0.02693457009222866,465.2755310480512,470.97722682467764,489.6640008544922,491.10949951171875,483.50524963378905,53,-21.82060499174345,11.54540124437582,False,27
SUPREMEIND.NS,3580.300048828125,4503.728907796383,-20.503651038358793,242937.70916334662,2.0028503939636844,-0.8227133288608024,0.4994163253731365,-6.186772835026444,-0.022891418627744287,3451.278041546361,3482.0954973354974,3489.4319921875,3479.4963891601565,3549.7476037597658,250,-30.279995437461583,0.0,False,27
LEMONTREE.NS,106.47000122070312,177.8000030517578,-40.11811057747307,3673338.619047619,1.612905574627832,-1.3801388258661396,-10.461695448900443,0.7666075435545538,-0.02946602824958756,105.05375676090677,106.01199915272096,108.9450001525879,111.81720008850098,120.7752000427246,250,-43.97637857106507,0.4473299203100023,True,26
CAPILLARY.NS,484.04998779296875,798.9500122070312,-39.41423363198632,1402655.7846889952,4.784062128357092,-4.5172154773931545,-2.063735398488875,-4.601893256679723,-0.02884914804861474,468.50606566191345,478.4227744220213,500.5229962158203,507.837998046875,547.2112495422364,205,-45.159273145746326,13.652100213185282,True,26
IREDA.NS,114.31999969482422,161.41304312978065,-29.175488251647852,7727667.023809524,2.3364073330427004,0.1581030257147953,-9.605168476314674,-0.5827567226716845,-0.02849391893515847,111.48462957633087,112.73252452473717,116.49593673706055,121.50451919555664,124.41451477050781,249,-33.486381700114755,2.2696597977551525,False,26
RHIM.NS,368.70001220703125,504.94444206371475,-26.98206347214174,842743.684,-1.9936203499835603,-1.0002191971647756,-4.588645431855875,-2.636367819645269,-0.028305466318461814,369.4771900987473,372.22889091867694,386.0677154541016,385.76707244873046,403.12241790771486,237,-36.445013116387784,1.1823235668315668,True,26
APOLLOTYRE.NS,409.29998779296875,533.7087547028075,-23.310235369684918,1037974.9404761905,-1.9992831858116067,-4.6587469295818025,-2.800301224705559,-2.188259098091916,-0.02847071711145955,416.25804685238086,422.6028676617832,431.0660009765625,418.8762780761719,442.4260969543457,213,-31.94363447076932,7.047769914931767,False,26
BOROSCI.NS,119.55999755859375,180.8000030517578,-33.87168388245703,137488.22310756973,-4.5657736880888145,-6.374314474688392,-23.018479532531455,14.389591847088013,-0.028811473846707906,122.87782666717264,126.34914397165859,138.66340042114257,142.21050010681154,127.4320499420166,59,-36.09513331564956,48.67021011991817,True,26
GODFRYPHLP.NS,2018.0,3528.1993261690777,-42.80368501200451,744969.1912350598,2.33265720081135,-4.703442248915978,-10.494909271055263,2.5759561418133847,-0.02825513054293286,1981.9477291330559,2021.9668748748386,2093.9861157226565,2162.735382080078,2183.60506652832,250,-48.82128543245571,0.0,True,26
BERGEPAINT.NS,458.6499938964844,590.094751424942,-22.27519516332742,469040.15079365077,0.13099140257739617,-13.22485961798262,-15.402694182036624,10.898202028658721,-0.02893400226486283,462.4002694213304,477.0058184416962,502.56166381835936,504.8280499267578,490.35258514404296,208,-34.21915381636437,8.815251002542634,False,26
5PAISA.NS,321.3500061035156,416.95001220703125,-22.928409474670232,174723.256,-3.3533816230028157,-20.7716959398906,-4.869740166934234,8.071296286318198,-0.02722080885831393,329.15952714559705,341.13288617335735,362.32799926757815,347.2783999633789,335.6361001586914,21,-26.322100200708242,15.555557294448885,True,26
KRSNAA.NS,541.1500244140625,891.0938798130117,-39.2712668470332,93104.88095238095,-1.2530090638896096,-1.2440339545260581,1.848462681533336,-7.571211079359353,-0.02848053324577913,545.4473799240601,548.9759842613704,549.8989184570313,551.3838275146485,605.50025390625,247,-42.419499884669065,-0.7850947218321691,False,26
BANKINDIA.NS,140.0,172.71800537071604,-18.943019461399658,9820696.916666666,0.0,-1.9607864089071114,-3.120887605197853,-3.9316645611999768,-0.02901089387820769,139.921273735078,140.94442838336343,142.1252001953125,141.38405990600586,144.5473250579834,140,-24.57950652458566,19.77005739989055,False,26
GULPOLY.NS,169.99000549316406,225.86168963286522,-24.737123073204547,318944.628,-3.7864995811346502,-5.96063950173712,-17.364030004357865,10.167131594090417,-0.027131342221320815,175.81192881989165,180.73893422797659,187.68971588134767,189.85914154052733,169.35344108581543,29,-26.919878343734926,-0.7412780193047697,True,26
UPL.NS,580.0,804.4134581804076,-27.897775192378482,2502772.162698413,1.230471706565095,1.4163271970894398,-1.8742842745370525,-6.384097181352244,-0.027096115448276156,568.4829019255013,571.4611253137348,582.5842810058593,598.9476019287109,645.2425811767578,179,-31.652064967110004,9.722516339473831,False,26
DREDGECORP.NS,992.2999877929688,1286.0,-22.838259114077076,450872.1626984127,-4.55900409781499,-11.267106816922045,-18.590535079365733,12.998913648618494,-0.030869168375282308,1020.1273446541264,1045.3344672690175,1069.357998046875,1069.9630023193358,1018.2689999389648,76,-25.264387590518076,35.47188463603379,True,25
KSB.NS,813.0999755859375,1023.2461180887996,-20.537203981322616,247900.74900398406,1.1066853076116434,0.7434023270344037,-14.211860512964503,2.1586485316519965,-0.031407497450605074,799.4939761080386,804.4443459422001,831.9149963378907,850.2024346923828,813.0416430664062,102,-26.703850936582462,39.22437674565224,False,25
JKIL.NS,486.54998779296875,672.0,-27.596728006998696,115061.548,0.6204115553166911,-3.251144621584756,-2.7289132508882874,-4.222443347840798,-0.03095839083188088,483.9393864586557,487.7102437070056,492.73999938964846,494.06050079345704,514.8302503967285,219,-36.75595238095239,1.2834370861758426,True,25
INTERARCH.NS,1705.800048828125,2742.1363509030452,-37.7930259278913,94406.86,-1.2961406652373109,1.7905530297153138,-10.231408331018542,-0.8349740891277269,-0.03174915595537322,1703.44219187566,1708.941358621883,1744.2252954101561,1795.1800659179687,1907.0750415039063,215,-42.08354486453572,20.809498973239226,False,25
SIYSIL.NS,527.4000244140625,827.1630742532699,-36.23989744825368,92136.45634920635,-1.4481920296061879,-18.554546466506917,-14.459605235582707,12.617503467278034,-0.031466086800256,533.4244225425159,551.171042636213,595.8732165527343,598.4073510742187,576.359649963379,220,-48.385894053549386,19.578897014813368,True,25
ELECTCAST.NS,73.37999725341797,101.72752200650129,-27.866131204170753,2151203.5714285714,-5.462516546162799,2.0726079794404217,-8.814580242643776,-0.7111012375725756,-0.03060544626550359,76.47547065970458,77.07693581234547,74.82942962646484,76.77101989746093,75.11146711349487,251,-41.601938492840205,0.0,False,25
MFSL.NS,1559.0,1892.5,-17.6221928665786,705154.0996015937,5.344954002366187,0.8343590076814733,-7.565515085555974,-4.232448146738122,-0.03261266582589127,1501.4331031115541,1514.3076437948635,1536.0340014648436,1581.812003173828,1629.2170007324219,143,-24.776751620293926,11.842105263157897,False,25
HDFCBANK.NS,731.0,1003.8961237048558,-27.18370130743596,31063905.40873016,3.212142605012347,0.8206347572176309,-5.634805788211128,-4.786941504808951,-0.031198771264421582,714.4518265783105,715.7061711277777,735.7380004882813,751.9748742675781,814.6779885864257,228,-32.0746431515717,3.2654254986387743,False,25
PGEL.NS,529.1500244140625,644.0957170393084,-17.84605759429866,2854741.3174603176,-2.8623775540856156,-12.067099089603362,-5.867712861580731,3.2471990652773064,-0.031610918056925306,539.005074956124,554.0249870698909,586.4019458007813,550.0236312866211,554.9972807312012,178,-32.25481559209491,19.364002802263023,True,25
REPCOHOME.NS,354.5,453.7097447808215,-21.86634647416441,141620.80555555556,-1.418244164892346,-2.2877585645634357,-9.508615188257819,0.9540100133116347,-0.030703566805546135,353.7529561379407,357.66640249355936,373.2229998779297,384.48999969482423,388.5776820373535,219,-26.472814405899214,16.51278409965218,False,25
HMT.NS,61.31999969482422,72.94999694824219,-15.942423221305157,15716.362903225807,-7.427533707147571,0.590552191204452,-5.282666484082865,-2.5738782447276787,-0.032389941755897975,63.51182376047659,63.612940072817366,62.39400016784668,61.39330013275146,56.93350004196167,60,-23.454417424847584,14.315887922534753,False,25
GRSE.NS,2411.800048828125,3329.438873827357,-27.56136573681439,1247840.1706349207,-0.3614378357181036,-7.604628030533666,-13.684749031122479,6.047261922883451,-0.03243589329861907,2412.292497904469,2464.9821944096993,2551.9341552734377,2635.470007324219,2542.0241619873045,102,-31.416588754442166,26.79815891321118,False,25
GATEWAY.NS,52.869998931884766,62.56269306520406,-15.492769985488597,922804.6653386455,-1.4538724544451265,-2.8660690144120315,-13.670370260788046,4.513957097672949,-0.030141292874941526,53.1874762734159,53.654902091543875,55.212766342163086,56.02809478759766,55.88563526153565,250,-24.772942352307837,0.0,True,25
DALBHARAT.NS,1761.4000244140625,2476.9749175281954,-28.889064965914724,283592.3,0.92247608637539,-6.058665364583337,3.2413134997632875,-7.7994725497566915,-0.03266880434252819,1740.6108563547218,1766.0198265510596,1811.0579907226563,1780.9537976074218,1896.7727618408203,249,-35.392563591570806,0.0,True,25
INDIASHLTR.NS,681.8499755859375,911.9719209725083,-25.233446347906575,138855.1935483871,2.0427960385425825,1.9131586617604945,-13.0681460050316,-0.49074851663791774,-0.035298318719582895,664.8660841644742,668.3743832457994,706.8040002441406,742.8756048583984,755.5062814331054,207,-31.999000171765466,1.569499416320519,False,24
KIOCL.NS,340.6499938964844,634.5499877929688,-46.31628706174896,526748.9282868525,-7.406904172895235,-9.761591020798843,-16.476648572116325,10.780485819994912,-0.03323808865086225,354.8921699692189,365.36131770938334,374.9569982910156,385.13949920654295,370.43949920654296,239,-54.195886929665626,44.50840276908205,True,24
DELHIVERY.NS,428.0,524.0,-18.3206106870229,3052867.322709163,-4.400270643263083,-4.8888888888888875,-11.533689375959034,3.531689965910223,-0.03465235668527706,437.9333434699628,446.3699259598807,465.1170001220703,465.4175003051758,444.4277505493164,49,-20.877861430626787,9.364159283861007,False,24
CRAMC.NS,234.0,348.31533559533113,-32.81949541496543,1160400.801724138,-2.5203095083707883,-6.679960119641082,-7.066141322584052,0.5695482647035455,-0.034800460656590926,238.7370888239877,244.73687239976496,255.25806671142578,250.2520281982422,257.11009574890136,225,-39.086548415299625,16.69162330772331,True,24
HGS.NS,379.3999938964844,545.0,-30.38532222082856,39576.884,-1.1593101826944285,-7.009805417528336,-12.459621772144658,4.60435101389538,-0.034140382278603554,385.836089217004,392.03834840095215,410.2169982910156,412.8559994506836,411.065499420166,224,-37.23853434991399,0.7357148827920046,True,24
BAJEL.NS,171.91000366210938,225.91705733944445,-23.905699867623763,668545.1832669323,-3.105622006369957,-4.611029576243908,-16.904395566058728,7.228309057690874,-0.03412763162627046,177.25048041991943,180.97188576374865,183.4793130493164,186.2079476928711,175.1448836517334,249,-40.40319105894648,4.015749829550819,True,24
SBIN.NS,996.2000122070312,1212.8384373028666,-17.86210087285822,12312374.067460317,0.050215927876884336,-4.942746926809994,-2.7338352177039837,-4.143985512251113,-0.03461272562785951,998.569695346827,1011.8014281487534,1034.277999267578,1018.5220709228515,1031.401662902832,143,-22.998810419392115,26.76027645629917,False,24
ANURAS.NS,1207.699951171875,1415.0,-14.65018012919611,324814.224,-1.9007411971497579,-1.444432258000894,-5.817678765935163,-2.63625222497349,-0.03278765091085099,1212.0988304744305,1222.6569657457403,1233.1700122070313,1274.6330041503907,1279.667504272461,95,-21.14487287433745,9.860961693880288,False,24
JSWCEMENT.NS,117.44000244140625,151.28872630343636,-22.37359298943432,2953390.3928571427,-1.2029950972781478,-6.145604555906492,-8.891868527163648,1.503238218628944,-0.034156856916066305,118.99603979329285,121.53141119725669,128.73959899902343,128.76681243896485,124.22748275756835,251,-29.766220086620766,0.0,False,24
SARDAEN.NS,505.95001220703125,621.6151182855507,-18.607189992021155,645895.62,-7.309694085096552,-2.3545327862962706,-3.0094333573738252,-3.6168259897736754,-0.03551436368890527,511.938490467038,511.46641696767085,506.90260986328127,520.8030899047851,519.0527110290527,101,-21.810897507163386,16.03929164706839,True,24
VBL.NS,421.95001220703125,555.1842484654879,-23.99820179097516,6048582.246031746,1.3085263402235814,-3.730316231188313,-16.236769834313503,5.455272383028675,-0.03304132609297885,414.24038569187945,417.24358774418175,434.4424822998047,474.4799337768555,466.607578125,67,-28.636301677845545,10.025350523661626,True,24
TRUALT.NS,421.70001220703125,542.0,-22.195569703499775,366307.34439834027,1.284978029323125,-8.841330167931783,-9.719544702044624,3.042153257674096,-0.033387703381977926,421.808926373212,427.7717298463574,438.2170013427734,459.05050079345705,432.30350051879884,72,-26.199261992619927,24.786013112334015,False,24
JARO.NS,465.3999938964844,884.5923950482344,-47.38819862100358,267535.3429752066,2.4997261113661517,5.7607105571474415,-15.874044632981843,-0.4898436878580603,-0.03556036142471673,460.58899675914193,458.2757892892617,463.4227612304687,489.60683502197264,478.50328079223635,241,-56.910111653822035,0.0,False,24
DHANUKA.NS,973.2999877929688,1617.2853743124303,-39.81890869403579,55107.17741935484,-0.2153000377824732,-2.318349664300523,-8.71717628967341,-1.2581567896837398,-0.036036155394138715,978.9078795331559,987.2221703692557,1005.3577062988281,1047.5435260009765,1066.2298294067382,240,-45.099978203876134,-2.438553943734667,False,23
BAJAJELEC.NS,323.04998779296875,647.9607286405871,-50.14358532642507,395343.5856573705,-4.3523352204385635,-8.62678575960244,-1.2986501982008014,-3.433198769098955,-0.03923465241064166,331.00512588097473,334.77320999821507,339.5990264892578,338.67763458251954,371.87165145874025,246,-53.96145269075225,-1.2640274360817827,True,23
BIOCON.NS,385.0,447.1499938964844,-13.899137816128915,3802041.884920635,-1.4463058965211495,-6.666666666666665,-8.917673957143723,1.1839934347439351,-0.036796687362309906,387.71277391242944,395.6001716818204,415.5850006103516,414.73414154052733,395.0828303527832,46,-17.141897560716266,2.4085063791248196,False,23
TEAMLEASE.NS,1219.0,1939.5,-37.148749677752,47503.02,-2.7833179467694036,-1.3115245962004418,-15.867211024931438,4.339634430618244,-0.035649462491491625,1241.2885885344906,1250.187860005875,1280.0279956054687,1335.6100012207032,1351.0840020751953,249,-45.07863103006574,0.0,True,23
VMM.NS,102.6500015258789,153.39999389648438,-33.083438324549086,14010301.92063492,0.9241986529028967,0.04873591861740412,-13.104203917257918,0.34212948551333167,-0.03692242331958272,102.6776973284966,104.27898382917068,107.75259994506835,113.75499984741211,117.90569995880126,250,-35.61277667995395,4.09976067630371,True,23
TIRUMALCHM.NS,158.5399932861328,327.0,-51.51682162503584,419259.632,0.6475298285972597,9.883556021267538,-9.281301058903768,-7.427304466131702,-0.03713847917010577,156.6930958212703,157.83479781916577,162.4925994873047,175.67009963989258,188.6993495941162,248,-56.11620795107033,0.5573580197962169,False,23
ATUL.NS,6170.5,7144.769440445724,-13.636121481128505,34643.628,-0.8197380053041825,-6.627827797533481,-4.336215645149988,-2.3629868316728975,-0.0365359878625127,6247.83013544059,6350.560332869107,6464.9010546875,6587.884990234375,6401.568894042969,94,-16.545962098750323,9.641468150538635,True,23
DABUR.NS,395.25,533.0345152047178,-25.849079426273192,2142677.3095238097,5.119680851063824,-1.187499999999997,-4.626566808779375,-7.040250695679074,-0.039296022357990595,383.5688656971604,386.21481225690104,403.861826171875,419.7935336303711,448.539305267334,250,-30.95194076660962,-0.15849509854255484,False,23
JYOTHYLAB.NS,195.07000732421875,320.99418594937697,-39.22942661803144,637293.8087649402,-0.2964408844155053,-6.162207647539308,-2.9346456685141353,-4.595162349915327,-0.03980544258469784,196.35245658727055,198.9679707562167,202.27100036621093,205.04932464599608,225.668911819458,250,-41.400805890864234,0.0,True,23
RIIL.NS,703.1500244140625,959.630048784558,-26.7269688663195,101635.88,-3.007102203723133,-4.806064959946433,-18.08597339054976,7.299406381572737,-0.03767952676897432,716.965739950558,730.0392633006861,749.1890063476562,769.0822766113281,756.803198852539,236,-35.95954711981661,0.054100960992031766,True,23
KANSAINER.NS,183.9600067138672,260.8927950067185,-29.4882763208812,469162.6305220884,-3.7412976158491484,-8.645770882195503,-13.55888369385111,6.365894881830747,-0.036245910934470486,188.60577873499446,192.53941264360114,199.3113998413086,204.90808822631837,205.6881381225586,182,-40.1856042357826,-2.917837314852234,False,23
JIOFIN.NS,229.88999938964844,320.84859669700336,-28.349382931305943,13791943.345238095,-0.004347328012732632,-6.013902840068552,-3.1039954331879227,-3.7073209765767556,-0.03617342321402063,230.4372427227066,234.1378917031882,241.70835052490236,239.9260189819336,251.23468215942384,250,-30.5659166365325,-0.11029792005092798,False,23
NMDC.NS,79.1500015258789,97.48999786376953,-18.81218252104031,22643736.746031746,-3.944174684243529,-5.717683855691657,-7.166315338098228,-0.7896681662791116,-0.04003716107503798,81.95097570525023,83.21377904474001,84.40619995117187,86.50269996643067,83.44730278015136,77,-18.81218252104031,17.49449893012067,True,23
DRREDDY.NS,1185.0,1405.9838095385528,-15.717379392233555,1943262.139442231,3.6745406824147064,1.2820512820512775,-7.607123169182883,-6.432730500794703,-0.042313648264210205,1158.7872723786427,1163.2243308963868,1177.422001953125,1237.840439453125,1244.3693334960938,58,-21.691843637847384,6.875395341149115,False,22
NCC.NS,137.1300048828125,214.1936174256928,-35.978482211130725,2873330.214285714,-2.703276211576411,-2.0989521579741544,-10.79642040312253,-0.9554046765345214,-0.0431120604430304,140.03990718263623,142.0487328824527,141.82799865722657,146.287109375,148.0413516998291,250,-40.22988780906325,0.570078736990931,False,22
NATIONALUM.NS,350.5,443.3731066930094,-20.94694181740584,12046079.087301588,-2.908587257617734,-8.87167083435555,-1.1280689084567364,-4.167923477748337,-0.040707829562692394,361.2220635574103,367.8036721486009,369.1938208007812,376.37911010742187,366.88192657470705,78,-25.444315581408794,7.040294247627155,True,22
MSUMI.NS,35.66999816894531,52.823297143452564,-32.47298048799174,9288390.773809524,-1.7355401690257732,-8.958657756229748,-4.290583488402088,-2.14242365541637,-0.04109430076835702,36.123021469173864,36.83048684684919,38.89020011901855,38.92338264465332,40.54857583999634,177,-34.195704923274185,11.532593259555446,False,22
TATAPOWER.NS,374.79998779296875,462.0369390979878,-18.880947370859026,5313994.253968254,2.7834893915741343,-0.11992330633744386,-5.900075500934987,-6.281691544498102,-0.04028334990189812,366.7077936506323,367.03964057685516,372.8319995117188,388.00994873046875,385.7187565612793,103,-24.89777967159267,21.60631324535467,False,22
HUDCO.NS,174.9199981689453,239.21868833933843,-26.878623328618712,3787755.76984127,1.2502915783688007,-5.982265358907957,-15.024543689590985,3.605416213157042,-0.0413662053555919,173.81823288434262,177.71444800750916,188.5892007446289,197.84156585693358,195.96290939331055,211,-34.47656694805909,9.370942136351346,False,22
ESCORTS.NS,2798.199951171875,3923.3920175282797,-28.679062946793444,124240.58167330678,-5.415087765685733,-8.40289238200349,-4.085459090595656,-1.9859149232493878,-0.042420909494477244,2895.703213764309,2946.7153995636722,3004.42,2951.8434521484373,3178.3794262695315,176,-31.951986379110377,11.272044719039954,True,22
METROBRAND.NS,940.8499755859375,1314.8995083731934,-28.447005296247596,69074.578313253,-1.1815986018775537,2.080963815656367,-9.592699047675346,-3.8559086610032156,-0.04122140275760372,940.8227571022712,941.0109353647848,974.4044445800781,1001.775259399414,1025.1174331665038,248,-33.066595503097595,0.0,False,22
DCMSHRIRAM.NS,995.0,1395.1299395484884,-28.680478298529245,136374.53784860557,-0.5000000000000004,-7.8447675282326434,-3.37780113800501,-4.055362526758078,-0.042544388577512623,999.3764753329655,1009.3823153627698,1022.5595227050782,1049.781033935547,1096.5829571533204,223,-32.5138332207488,1.2405801202794553,True,22
GMDCLTD.NS,556.4500122070312,771.9000244140625,-27.91164728496751,4078105.198412698,-3.2849507570863246,-0.9787347416185699,-7.474228530473637,-3.3437553572740586,-0.04104012726084061,560.130849136738,564.4459421628403,571.7969995117187,604.2109973144532,592.5779974365234,110,-30.684030202082578,29.0317030145234,True,22
VAIBHAVGBL.NS,209.89999389648438,286.0804190389319,-26.629024593284147,576559.3172690764,-2.030341238513711,-6.085013916561799,-13.00386713958408,2.5510953005362325,-0.04300758928824462,213.65452273276705,218.44741315253282,236.5737225341797,231.8348908996582,226.28829528808595,220,-39.893532870852866,7.577237877199283,True,22
AIAENG.NS,3973.300048828125,5160.600958593338,-23.007028043664977,79994.34274193548,-4.764987516474117,-10.328359251724573,-14.908557205939378,6.74578208656289,-0.043164249291489834,4059.5233023429664,4170.904790370913,4440.1861181640625,4399.780524902344,4112.940052490234,56,-26.791471956208046,31.08553632877622,False,22
KEI.NS,4650.0,5899.0,-21.173080183081883,371557.8531746032,1.572739187418093,-18.06167400881057,-16.60688665710186,11.031518624641823,-0.04024519430294134,4691.243394972215,4898.562166832728,5179.0119921875,5218.165004882812,4820.465960693359,23,-24.614341413798947,3.837876614060254,True,22
BATAINDIA.NS,638.2999877929688,1211.1011570713083,-47.295898111722614,277928.4603174603,-1.5956272614717215,-10.25028447171078,-8.843520989972697,0.8314571489975053,-0.045300930578821355,648.3678418545231,660.5664516913193,675.3965600585938,668.8614178466797,726.1646493530274,251,-52.32466995391392,0.0,False,21
ORIENTELEC.NS,167.36000061035156,215.64378647408492,-22.39052961052318,611937.236,-4.425789488314269,-9.152101019776126,-6.891531200291478,-0.7857910837239412,-0.04654774946363672,172.8408684403783,175.901839076668,178.19019958496094,179.90231002807616,176.6108797454834,220,-31.181035018015855,1.9077884716402593,True,21
SIRCA.NS,406.25,536.351054042588,-24.25669774711723,353646.7182539682,-4.937406295111801,-9.672040022234574,-0.254967245685378,-4.890759764361718,-0.04460942713408396,418.76713085968623,424.8235661205994,423.0127239990234,418.327900390625,436.873575592041,210,-28.57143017732211,8.760462104953849,False,21
SANDUMA.NS,185.39999389648438,272.33215508462166,-31.921372326057085,2982573.848605578,-5.763958158003457,-5.624842567276344,-12.969027883936779,3.040779741127131,-0.04375760797985796,190.14826949061336,194.50177541341165,200.17272552490235,208.93732864379882,209.63571380615235,177,-37.54212581763986,26.838912494470502,False,21
ICICIPRULI.NS,492.0,704.3556293706895,-30.148922009811972,1475869.988095238,4.347826086956519,-1.9920318725099584,-1.3237075857847835,-10.57644595162609,-0.045913144221922116,480.08805498909396,485.48588893680216,499.98499877929686,502.5623937988281,557.242642211914,172,-35.359359845003425,8.06375745810104,False,21
NDRAUTO.NS,726.0,1180.8825022330911,-38.520555717685035,31644.024096385543,1.5526612402951168,-8.593012275731827,-14.711509939139699,3.44797176980125,-0.04597600604938264,706.4369463966716,725.3049937880187,780.1975439453125,797.9038012695313,771.7752993774415,248,-49.00977548360572,0.0,False,21
MRPL.NS,165.3800048828125,212.0,-21.990563734522407,12105455.535714285,-5.959283345369315,-4.943091766822749,7.887019457370803,-13.49965857472265,-0.04618304280579301,170.24153754705156,171.67439401810967,171.30020050048827,162.60540069580077,166.05496589660643,129,-32.49056834094929,35.25520435847738,True,21
IEX.NS,115.45999908447266,155.89996069995715,-25.939686856826516,8153359.365079365,1.3874270013711776,-6.396432498784154,-7.4839773548816435,-2.6911785849223824,-0.044622084400531586,115.13467496729494,117.39999640512893,122.5731999206543,123.4771036529541,125.3112440109253,174,-29.217430216997208,-0.06500072795829759,True,21
MEDIASSIST.NS,324.8500061035156,571.9867367161792,-43.20672399354834,177234.70517928287,2.6706739475462316,-8.155751746925844,-11.739250878301288,1.1053819004328114,-0.044437054579478066,322.33351475418993,328.60732418902427,343.0577667236328,354.2774365234375,373.03188522338866,220,-49.09217138133324,6.013919146926439,True,21
ASHOKA.NS,113.43000030517578,214.5,-47.118880976608025,1580435.5317460317,-0.3776570374764976,1.213527807669279,-15.65288228073064,-0.2637853186518213,-0.045964389538937146,112.52617541778237,113.84400601919623,117.78000061035156,123.08790031433105,133.22430038452148,220,-52.91375291375291,5.914443805879799,True,21
YATRA.NS,104.83000183105469,202.0,-48.10395948957689,2521720.2103174604,-9.175183248911145,-8.557220525839915,-3.9666559965110038,-2.21081640359726,-0.04703285790451303,108.94248495368161,110.55059371220744,110.84399932861328,107.4695997619629,123.12479976654053,212,-55.4950487495649,24.35627988250413,True,21
EUROPRATIK.NS,231.75,389.6640172803993,-40.52568630343036,365811.4193548387,-5.677654506109264,-12.793979303857006,-17.35021218097621,9.798733465904675,-0.044121315793133206,244.1188062194883,253.7258569889445,281.71600036621095,276.86399993896487,269.0531510925293,211,-47.41025562751934,53.71607928475299,False,21
SAMMAANCAP.NS,143.9199981689453,192.9499969482422,-25.41072793717064,16790970.94047619,-2.294640062990927,-4.200224813983033,-16.659913061396015,4.312529459736902,-0.043424711036197425,146.126367097507,148.8233878213317,155.66760009765625,160.57530014038085,153.13285011291504,221,-33.14330031598624,36.45376057503456,True,21
DOMS.NS,2105.300048828125,2750.437480198048,-23.455811521426373,119493.52208835342,-3.902683864085843,-4.949419317205694,-7.269147917561003,-2.221343081140792,-0.04449433857574341,2146.806929101861,2174.707854774185,2228.9867333984375,2240.352785644531,2320.934072265625,153,-26.537202663272673,-2.4637333982421628,True,21
NITCO.NS,87.0,123.58999633789062,-29.605953088512827,882511.670682731,-5.976438833082732,-5.239078190285296,-23.50975766308435,9.599399105867224,-0.04858627177943749,90.89843452916007,93.02736233072147,98.84699905395507,99.95699951171875,92.07044967651368,246,-48.21587353637725,1.9070708535041225,True,20
NAVNETEDUL.NS,126.88999938964844,164.1333558091885,-22.690912664234396,222633.432,-0.08661465382012734,-5.36952579974651,-8.915367444265055,-2.799709048881349,-0.04877060478163372,128.10339917818197,130.25517128242356,136.15019973754883,139.37803428649903,140.51993118286134,152,-26.763108049160834,13.875601980424301,True,20
INDUSTOWER.NS,375.8999938964844,464.0362575162202,-18.99340023374252,6304104.258964144,1.0483854560441763,0.9398496394639855,-5.649064820116467,-8.579213432567856,-0.04833596345564869,378.29583981868535,378.16283118149494,379.0932794189453,388.5574838256836,402.0725453186035,145,-22.866041412433734,14.13055706024986,False,20
CANBK.NS,123.77999877929688,157.68821233301085,-21.503328024358325,25516727.896825396,-0.17742033927671264,-4.490746180652283,-5.054841286115708,-6.286118686941034,-0.049467911306692536,124.15472902641608,125.23930271415317,127.0642010498047,127.61010650634766,134.29078674316406,141,-25.231749242517367,2.562775113784843,True,20
MASFIN.NS,288.95001220703125,357.9301909358125,-19.27196433148928,149416.756,0.017313365041049522,-4.376121849139647,-9.201509959117104,-3.516212009876729,-0.05040430825009647,292.74471884567026,295.57680227150166,305.37596435546874,310.7587683105469,312.42480712890625,97,-21.49307124237764,10.020615311953108,False,20
SILVERTUC.NS,146.27999877929688,1116.9160935696195,-86.9032240092636,616981.3928571428,-4.072402446169221,-25.11135135000012,-23.022340819243936,18.983678509196224,-0.047427413567116376,154.76410170228698,163.6441895307611,184.82040710449218,178.8680746459961,224.18772247314453,181,-91.00630912740624,42.85809103639539,True,20
SIGNATURE.NS,756.9500122070312,1158.0,-34.6329868560422,408800.4717741936,-3.7938454561582846,-5.493476412935838,-5.239105686714673,-4.8160940324387,-0.04976249147192879,768.4775552774387,777.6027185647215,797.025,805.6965002441407,876.0380020141602,247,-39.101898773140654,0.0,True,20
VSTIND.NS,208.9199981689453,273.7888347519297,-23.693017519052496,348832.7410358566,1.191509917214817,-1.1403982592287254,-16.650853289275837,0.29018108116918295,-0.04988112214439341,206.11785355548224,208.56406181521382,218.2386001586914,232.88057662963868,230.30242492675782,109,-26.585757164962942,10.548502825580597,False,20
SBILIFE.NS,1731.0,2129.040438508761,-18.695766943137983,1021787.7896825396,2.7482667638186076,-2.8619528619528656,-3.090356773084668,-8.74584966412807,-0.047230107935853416,1715.9839020022462,1731.4889003493101,1796.0260009765625,1804.0349951171875,1890.5835412597655,144,-22.364085034862015,4.482202095158927,False,20
SURYAROSNI.NS,210.6199951171875,308.0746845932235,-31.63346238744461,626002.8366533865,-2.5133107418977785,-2.5845264910224874,-19.15863837935794,4.327391322421792,-0.0478487135723294,213.562927284553,216.90187652212728,227.86885620117187,239.18041961669923,238.26020309448242,215,-39.88253189981289,3.89408566645546,False,20
NLCINDIA.NS,268.79998779296875,387.79998779296875,-30.68592154353792,3423242.845238095,1.66414296446884,-1.1946333930635045,-17.835857310753468,0.9198354170492973,-0.05055335408572138,265.73292016026187,269.44944822273976,282.12799560546875,305.30899841308593,283.47184684753415,91,-34.42495846917906,42.92870670384754,False,20
REDTAPE.NS,117.3499984741211,161.05605346448013,-27.13716997914526,743411.6812749004,1.990266786127104,-6.894638510222107,-12.203759804750348,-0.2004516813408741,-0.04921209637393164,118.04872566213321,119.84761393525369,125.52015701293945,128.8895977783203,124.56544952392578,249,-34.23241516119647,0.8197149549999061,False,20
ELECON.NS,421.20001220703125,632.5128493651639,-33.40846551500442,701629.9404761905,-0.21321816713351094,-6.752269022747049,-22.409499649990885,8.349311369160151,-0.047549009685959646,418.77064625090475,423.03354494698783,434.0310009765625,478.99334899902345,456.2395350646973,250,-44.50702747962576,-0.16064849120035474,True,20
ACC.NS,1259.699951171875,1975.569036609613,-36.23609563481932,210923.93253968254,1.0589611850681857,-3.181924924363977,-5.2429721650492755,-8.282267504979634,-0.05416287517872614,1250.2206602291649,1267.6279123035101,1319.6300048828125,1338.3798107910156,1459.4423889160157,207,-38.29119848536882,2.837328263483685,False,19
ORIENTCEM.NS,124.55000305175781,236.37657618219657,-47.30865254780745,447970.17529880477,-0.8201933144439288,-4.8219452309055,-5.9999976967865525,-5.913685742720287,-0.05211881983749573,124.73803106223387,126.86447162637471,132.2969999694824,134.41275901794432,144.17540153503418,245,-48.97971684759327,3.0789561576454183,False,19
SDBL.NS,68.05999755859375,142.60000610351562,-52.27209351647018,980169.1354581673,-3.965013516418703,-6.907403925042221,-4.837806553236312,-4.691228023690974,-0.05105815312097599,69.93775163107522,71.03995443155225,71.6847998046875,75.29869979858398,82.57075002670288,247,-56.661993974811665,5.670139844573896,True,19
INDRAMEDCO.NS,362.8999938964844,633.800908786859,-42.74227302843391,384971.5,3.362290809153756,-2.617799717979541,-7.140041465424007,-7.3978207215388725,-0.05288471590923284,355.8163902523937,357.20157972125014,363.27244384765623,372.7546224975586,391.5395196533203,219,-46.63337777487535,31.07439674954402,True,19
AMRUTANJAN.NS,493.79998779296875,765.1662977284217,-35.46501077492154,38795.75,0.580502192703003,-4.778999266165396,-10.339284509082026,-3.652339912184077,-0.05460470951561017,494.130063715283,498.59781176936036,510.26676574707034,528.9982150268555,561.709383392334,249,-37.7259555975474,1.2128512744356446,True,19
VIPIND.NS,299.1000061035156,454.29998779296875,-34.162444609217125,606972.208,-0.8124628713748083,-3.7644730209084654,-5.0023819897344275,-7.556786466361432,-0.05357570074784075,301.2233686688699,303.42090215744145,303.53999877929687,305.8469989013672,328.9657498168945,249,-38.751924394327155,0.0,False,19
TVSHLTD.NS,12812.0,16198.418191454739,-20.905857296863704,6971.133064516129,-2.3401173869959546,-9.108967082860387,-2.4367956137678948,-5.795714054707823,-0.051051294612851704,13028.335601960898,13303.572268209578,13983.18,13847.11,14084.120161132812,207,-23.597478138150585,15.56140115139495,False,19
TCS.NS,2105.0,3287.1616459496977,-35.96299097144515,3745606.0992063493,-4.352964681145677,-8.39860748476936,2.764692610438546,-10.263540899962365,-0.05391026541921822,2206.7814865886103,2244.726166540391,2299.99009765625,2246.6829748535156,2509.651498413086,158,-40.19093885631243,1.412282527853126,False,19
POWERGRID.NS,270.29998779296875,324.95001220703125,-16.81797887708465,12331529.525896415,-0.5335831488615495,2.5806405286408873,-6.712687560666519,-8.897884505525766,-0.051101902795682407,266.9196756222187,267.7314879351,274.16699951171876,284.0659991455078,283.8301932525635,103,-19.464532273875513,5.785392266311673,False,19
INTELLECT.NS,647.4500122070312,1232.7256944645226,-47.478176603735534,509361.5833333333,-5.149423474375869,-5.57824111405314,-12.556130958965806,0.4821481566452901,-0.05204570595279841,667.6971454711461,677.8799460130973,706.0275378417969,718.7760345458985,757.7510046386719,221,-52.17740616621753,15.186762861984104,True,19
NFL.NS,66.79000091552734,96.91663259430945,-31.085099504944026,1368681.5793650793,-2.4821097988987795,-3.5485516856446853,-11.665756009454686,-2.2836536985780254,-0.053711095992864305,67.75919059430014,68.54852091523901,69.9646272277832,72.28521896362305,75.16295543670654,249,-35.613376179884824,0.0835540363266496,True,19
BHARATWIRE.NS,173.0500030517578,262.0,-33.950380514596254,514239.38645418326,-0.08660155838755568,-7.127139295226237,-18.94613440198697,4.815261450237407,-0.051918237553851304,173.4286720872236,177.95379667822513,190.47199981689454,204.79379959106444,191.1119499206543,93,-37.549620184279576,54.13644071974824,False,19
COALINDIA.NS,409.8999938964844,478.7148709533388,-14.37491944209144,9539149.13095238,-3.8696060591421277,3.1274444736889784,-5.3374096584068,-10.149902648368425,-0.054226556680458275,418.1971349757451,415.3276613274014,410.72083374023435,426.52619110107423,421.09544509887695,101,-18.353677344753216,11.061138469360543,True,19
BIKAJI.NS,580.25,792.5493679998831,-26.786895122464394,162784.47410358567,5.836753305973552,-4.406919275123555,-11.87794632246214,-4.706566322787065,-0.05743718950280824,564.4466921281215,577.6016489889054,610.8572192382812,633.6185162353515,651.2479403686524,249,-32.780212626441894,1.4478757641369855,True,18
NAVKARCORP.NS,88.91000366210938,132.0,-32.64393661961411,569623.9721115538,-5.263713257676727,-8.716630113721058,-18.640186076801648,5.34360433020562,-0.0572431143947013,92.02752764081158,94.28385761846678,99.72820022583008,100.40870025634766,98.08995014190674,249,-43.901512839577414,0.7864666603263348,False,18
RESPONIND.NS,159.17999267578125,240.7572086823752,-33.88360267717536,663559.3333333334,-6.11065295541624,1.6864695942735208,-18.421228582387794,0.5076048231996477,-0.055970980221233986,161.74768372536522,161.07961906755787,168.14762908935546,174.89275360107422,175.1901390838623,43,-40.612371895302665,10.46991343442012,True,18
CAMPUS.NS,212.1199951171875,287.0823175835567,-26.11178671586105,607258.7579365079,-1.0449736363062345,-4.9258237923442305,-8.748615376435453,-5.0782842349539,-0.05745560429011666,214.58091079287482,217.26817314326107,220.89727569580077,229.44901092529298,240.3699343109131,251,-27.574780669509813,0.0,True,18
ROUTE.NS,464.3999938964844,871.6507729376511,-46.72178258600561,515659.3888888889,-5.906188758475272,-7.738156697075915,-11.912123633512694,0.35055360286990744,-0.05571665864168557,488.55444823994236,496.9330974390825,522.3155017089844,522.7008303833007,542.3397735595703,251,-53.408276646870775,0.0,True,18
VHLTD.NS,126.30999755859375,155.36000061035156,-18.69850858498402,29930.86693548387,5.964765765420954,3.8792008110703824,-10.46289714276567,-9.77213186496969,-0.05675405150061406,121.66563820732048,120.97345588578332,124.25900146484375,130.26570167541504,134.45040096282958,180,-27.27843449696332,12.651994868800731,False,18
SHREECEM.NS,22600.0,30121.125232344428,-24.96960247775921,28730.93650793651,0.13291980505094614,-6.995884773662553,-9.491736560818964,-3.7232042121098208,-0.057226876273170336,22591.457921663536,23197.02012677747,24967.371328125,25013.3173828125,25336.70947265625,232,-28.073736180559873,0.16688605924930489,False,18
DMART.NS,3749.89990234375,4818.0,-22.168951798593817,497331.0238095238,1.6784138379541735,-5.30555802162247,-14.637255896883495,-0.5542629206995553,-0.05506152157873946,3730.13285904611,3775.881065187285,3893.663994140625,4050.1080151367187,4007.026005859375,251,-25.280199252801992,0.0,False,18
CHAMBLFERT.NS,414.8999938964844,544.9579688890108,-23.865689175565528,831107.4325396825,-0.9312306614517651,-4.389910767293259,-12.462325257121876,-1.8814051510619878,-0.05462364857165187,415.9809243165868,419.82907918573034,431.73780700683596,444.5276754760742,441.7915713500977,251,-27.620419683292553,0.0,False,18
RSYSTEMS.NS,242.14999389648438,442.74500307791476,-45.30711985158858,802552.18,-0.46039805825059954,-0.061910504904694186,-8.32860136601835,-7.805063954457758,-0.05679027898394608,243.75639606544075,245.08204721156417,248.1386004638672,254.44320068359374,292.51235137939454,249,-51.77359365140357,0.0,True,18
KRISHNADEF.NS,1030.0,1398.6358552528313,-26.356814310769483,121111.59437751005,-5.261217231496385,-8.444444444444443,-23.663213289311624,9.390412431605544,-0.05557809626189796,1041.0064646155113,1055.367784589269,1145.2100061035155,1167.7160638427733,1047.358446044922,61,-30.982751216650918,23.211790387760843,False,18
ADVENZYMES.NS,287.79998779296875,417.20001286678644,-31.01630419055994,266714.68253968254,-1.9086592433575134,-5.016505678888206,-22.798692004140598,6.031436501812482,-0.05621200060630579,291.9577151513834,295.6186688087935,306.33513610839844,332.4435855102539,313.3472724914551,94,-32.39454000615566,33.83612311139934,False,18
IXIGO.NS,165.64999389648438,339.1499938964844,-51.15730594792692,2299589.884920635,4.425385360643386,-2.8160769361675886,-12.405481803262719,-4.546502071507752,-0.056609222207510954,162.63634536516324,165.29701450117653,178.88739868164063,178.26609909057618,190.67554908752442,232,-55.397314759017306,23.092435906090493,False,18
INDIACEM.NS,344.79998779296875,485.79998779296875,-29.024290560519606,516854.1468253968,-0.605363545824178,-6.9742362145391095,-9.275095680098367,-4.182303197243109,-0.05910833580416993,347.9121161179843,355.21531214777,376.6419989013672,382.66899932861327,400.450750579834,175,-31.731164629460185,21.402170097394844,False,17
BLUESTARCO.NS,1531.800048828125,2022.9788267608074,-24.279976213055953,488570.9920318725,1.1756967521879158,2.585058861404077,-7.532142117101381,-11.202058262913962,-0.06105884492796392,1509.1785502574123,1510.2867430370598,1571.34064453125,1602.9979479980468,1701.374761352539,226,-29.19846565465427,2.2947480913432905,False,17
HITECH.NS,76.13999938964844,127.5,-40.28235341988358,1099898.1035856574,-1.6279097046389412,-1.1938725643558135,-19.496724555308266,0.8343229182822265,-0.05916853682614646,75.87176559988212,77.21876167923617,81.47840011596679,85.20760025024414,85.2527501296997,248,-44.98823577282476,2.5385772447557464,False,17
MAZDOCK.NS,2280.0,3039.7424286023584,-24.993644904041425,1212292.400793651,-2.522445489525438,-11.284046692607008,-8.879561312724892,-1.7204147180279405,-0.058610881685025894,2322.1955867514944,2385.1331891414507,2429.3534228515623,2455.774191894531,2442.8843432617186,249,-32.43860062109647,-0.1841199985124664,False,17
TATACONSUM.NS,996.0,1271.9371979227803,-21.694247040924463,1484623.5515873015,0.5045408678102881,-5.708609868476556,-9.766265995600687,-4.358419613245779,-0.057645155308928,1003.9866595110655,1017.8707404585023,1059.0399951171876,1102.7912634277343,1115.3902926635742,93,-22.480449379871004,16.731878656956802,False,17
ARVSMART.NS,550.0999755859375,705.4097122162362,-22.016954677637056,158351.01204819276,-9.11194124974184,-17.06062275312885,-9.611436520022886,3.4488465929216394,-0.058272109944381645,593.1409659461483,614.0146426248408,622.9950830078125,611.8913580322265,588.4541186523437,17,-23.399130146892755,16.556237028888134,True,17
BIRLACORPN.NS,823.5999755859375,1328.8254130627743,-38.02045268778809,89872.00398406375,-0.1878505462356017,-7.616379631414749,-17.57492365798582,2.3563594260521237,-0.058719943078814056,829.9651806379229,849.2856052290899,898.2668701171875,937.0130822753906,957.8790365600586,239,-42.82742408541239,-7.162884663282043,False,17
STARCEMENT.NS,194.25,278.0264879976168,-30.132556290224745,292370.5381526104,1.0035319271424648,-2.3967461411219415,-8.909730363423208,-7.075197933961064,-0.0588199431812153,191.02500807508517,192.09828694942016,198.14319946289064,206.88599945068358,211.59124305725098,247,-35.214807619793596,1.22155100958794,False,17
BEL.NS,393.29998779296875,472.8081629796919,-16.81615957847542,14037633.063492063,-2.732785493693801,-3.9325858191357144,-6.230021139557018,-7.572422909687915,-0.05957771218938795,397.5458571462697,401.31417536740145,403.6957403564453,410.604973449707,417.36435592651367,136,-19.273416941841724,13.182803026751166,False,17
AMBUJACEM.NS,388.29998779296875,597.8407381419596,-35.0495938099211,2440861.904761905,-0.9059635715838343,-5.523117325311744,-6.399907899223212,-7.211501508163309,-0.05999792795253019,390.59941275861627,397.86542823972366,416.85599914550784,423.72161987304685,460.1983233642578,249,-36.51319430445987,1.6006810654062287,True,17
IPL.NS,134.6699981689453,238.9654263634813,-43.644568079022505,481751.6374501992,0.7330359111696216,-1.9310914513015254,-18.422647800339632,0.010289155875620182,-0.05835593376894985,135.96869865582806,137.18446275855436,142.79660858154296,152.38634704589845,154.7717191696167,250,-47.970864947759786,0.0,False,17
PREMIERENE.NS,902.0,1134.0,-20.458553791887123,1654004.5357142857,-7.411210357456632,-13.269230769230766,-13.766730401529637,4.38446940734647,-0.0577119854711212,940.9932426674201,969.197327356261,1018.3200012207031,1028.6015930175781,933.8980969238281,50,-22.548501958292,13.814178785507302,False,17
RAMCOCEM.NS,869.75,1211.1945755050306,-28.190728592279136,261529.9236947791,0.33454744139576054,-4.402065105553987,-1.4883502411775273,-11.225202601447126,-0.057835443899033306,871.0183889681124,881.1718119976655,906.5667053222656,904.7432751464844,973.8918627929687,152,-30.975715035779604,18.03488018778763,False,17
IRCTC.NS,476.75,729.6618113637422,-34.66151132276589,1279519.0952380951,2.992008270929647,-1.883102286770899,-8.060936992955325,-8.817056084639773,-0.06022523162003722,466.64414606488685,473.1332116414518,490.1239984130859,507.23349731445313,553.3068879699707,250,-38.80726755241734,0.16318188623063445,False,17
INOXWIND.NS,76.80000305175781,159.3000030517578,-51.78907622066718,11417811.55952381,0.3921608519710018,3.924223905277402,-15.28788887104826,-6.158349843179767,-0.062256457323338045,75.18959421955009,74.94449445351536,75.7395997619629,83.68619979858398,93.50854984283447,224,-57.313246266601595,5.057165048280687,True,16
HDFCLIFE.NS,550.9500122070312,794.0698543036143,-30.61693386028298,3414653.869047619,3.9528324918926883,1.651293765134909,-7.7830779228248765,-11.34231156165838,-0.061463059992945636,537.4183216957612,537.8489152256612,545.1990002441406,565.9997180175782,627.4145666503906,249,-35.9376244482732,0.4078542726058787,False,16
JINDALPOLY.NS,718.4500122070312,1026.449951171875,-30.006327986396908,182945.26693227093,6.075597985488357,12.54798146542897,7.295405974044011,-28.696900593984264,-0.06172982353745872,699.3569539912428,682.5988013872527,658.5799963378906,670.4099981689453,631.7564985656738,126,-40.96156375591977,164.91388442667994,False,16
TIMKEN.NS,3124.199951171875,3921.832239688061,-20.338256196793083,55176.71314741036,-5.396074262399431,-1.6402763232482354,-16.99919488060033,-1.1562810413998648,-0.06429933571629635,3190.013893988003,3189.518344882779,3180.0649267578124,3360.1827026367187,3284.004880371094,64,-22.672608860384212,5.770847032011628,False,16
SHRIRAMPPS.NS,71.22000122070312,99.44000244140625,-28.378922493823755,700853.873015873,-0.8492281704047477,-8.304360886184591,-21.25165933421471,4.397537300379839,-0.06362277874389873,72.54457862017847,74.42223857988395,80.23060043334961,84.22860023498535,81.49425004959106,220,-39.088899630192266,1.12801696799405,True,16
TMPV.NS,303.79998779296875,733.6144341409002,-58.588602724436036,11554563.246031746,0.8967059564007007,-5.1366158335772845,-14.313919545143039,-2.476891829181216,-0.06222585166290786,306.0844587266565,310.3742862511927,324.52799926757814,343.16092498779295,345.36883712768554,241,-60.213601761595555,0.6889666771860536,False,16
INFY.NS,1051.4000244140625,1691.3991593070652,-37.838444661117045,11273204.265873017,1.320234546288268,-6.955750051852871,2.14708778175019,-14.471558520676652,-0.06403623629487352,1065.983799170738,1084.8594713973218,1113.2199975585938,1113.0602032470704,1263.158595275879,158,-41.91790749047472,2.462568892644179,False,16
IGL.NS,148.55999755859375,219.28693712723197,-32.253147631681266,2888748.738095238,-2.2502949500515124,-1.32182361529406,-12.265991878499927,-5.152274195647621,-0.062301014598729894,150.40398194064906,150.87559139165856,151.52059997558592,156.67030044555665,163.60704765319824,238,-35.36322438991183,0.8117629813111149,False,16
IMFA.NS,1252.199951171875,1670.7880501060147,-25.053333300269863,213074.992,-3.7657548292920007,-11.717433050020166,-11.900561385801712,0.042043314854489644,-0.06273413182731952,1272.1613542525665,1306.5256938006962,1370.0711767578125,1394.975771484375,1356.5749047851561,100,-28.18957205541448,30.04403365581061,False,16
ALLTIME.NS,208.39999389648438,314.70001220703125,-33.77820596988583,139511.16334661355,-0.8374618076495199,-1.0117346198464716,-14.400727778911149,-4.561278020712289,-0.06430822646692506,209.64790845034614,210.07520589710313,217.88819915771484,228.7691993713379,233.6185996246338,219,-40.89609380833566,8.390378579735414,False,16
ASIANTILES.NS,50.650001525878906,79.05999755859375,-35.93472920570145,4476542.523809524,0.6158152013336471,11.514759065995438,-6.995955972536983,-16.19787776848789,-0.06213404565823799,50.089342706245596,49.936377417738996,50.39659996032715,54.41510013580322,61.6257000541687,108,-46.2433578137895,4.823832130270644,True,16
PANACEABIO.NS,367.8999938964844,647.0,-43.137558903170884,544098.6932270917,-5.338994037274237,-8.63032423364043,-29.803470514346696,12.045069912531158,-0.06382977439747055,382.3272405222295,390.90408392329033,426.4279992675781,451.3484994506836,402.5802490234375,72,-44.37403494644755,84.11087208808365,False,16
TCIEXP.NS,485.3500061035156,770.6064470343156,-37.01713657193129,71159.16532258065,-10.128688626213368,-12.581052695919059,-9.710721397980448,0.7786544751816171,-0.06130834031126636,516.6101563352021,530.0309859807818,550.5419995117187,536.4469998168945,536.3267457580566,243,-41.92236653153265,5.118219027845128,True,16
BRITANNIA.NS,4998.0,6168.271363350723,-18.972436431768934,340346.26587301586,0.7255139056831839,-9.91348233597693,-3.048295870278994,-9.562359352511308,-0.0664957757871529,5025.8385935218175,5113.400757173969,5304.591962890625,5264.914438476562,5518.440437011719,176,-20.02621627009127,3.9408481930573336,False,15
TTML.NS,35.72999954223633,60.08000183105469,-40.52929684870967,4659975.51984127,0.36517155530142453,-4.592793553171937,-17.843186564126256,-1.2164740088009052,-0.06721587127862484,36.23926152822739,36.846972699209445,38.433599853515624,40.74389991760254,42.27105005264282,239,-48.03595479050532,1.5224932175275763,False,15
THERMAX.NS,3551.89990234375,5256.332008959298,-32.426264241116854,199333.268,-2.5648763511483486,-11.765000562818283,-26.675989887457085,10.162675776758533,-0.06547214403212204,3639.731391173546,3751.44000238375,4097.333994140625,4366.440187988282,3761.8895751953123,58,-33.76369506869159,22.615918458359374,False,15
FACT.NS,764.2000122070312,1058.5999755859375,-27.810312693041126,650812.3505976095,-3.2596999306395813,-2.9155829886576834,-15.674481411637931,-3.0141505973807603,-0.06817091253239178,776.8883555209782,791.1086992330136,815.2759985351563,852.3904986572265,839.2169995117188,67,-30.09162999617968,9.467908699173755,True,15
ONGC.NS,232.8000030517578,306.19702215663295,-23.970520218622315,14683535.11904762,0.12903357064852905,-1.974575346634111,-4.321408174293695,-11.910081518265425,-0.06442466771856248,234.16774648480452,234.77696258848047,238.49916595458984,250.62085479736328,254.71973167419435,102,-25.967481071816923,8.632172088706014,False,15
HINDUNILVR.NS,1932.0,2619.7497080594576,-26.25249679172208,1694678.242063492,0.2594706798131785,-4.7337278106508895,-10.55970035387448,-6.292243241495809,-0.06605605896909529,1949.0771076583799,1972.0002274635915,2046.3880029296874,2111.411376953125,2186.215647583008,228,-26.4738938515359,0.5721418252172761,False,15
MARUTI.NS,12103.0,17197.28603290768,-29.622616168385896,428225.876984127,-2.3951612903225783,-12.354261713375337,-9.117900092601905,-2.9874546021983472,-0.06640720340367236,12433.789361602514,12744.952841441687,13375.32927734375,13350.311337890626,13986.116328125,178,-29.758203199063303,10.827564479510855,False,15
GLOBUSSPR.NS,819.75,1243.6605977695654,-34.085714263990106,126664.67330677291,-2.3816612086930644,-8.764310192476366,-5.824911594176885,-6.928798450243601,-0.06510021017715086,844.1963127040036,861.0930385358837,885.4667932128906,892.5884747314453,919.6746786499024,214,-36.1390535358173,9.507763366374355,True,15
EFCIL.NS,178.6699981689453,335.8500061035156,-46.80065656634954,469994.68253968254,-3.515495606608987,-6.288684182768057,-4.4800880759642165,-8.772023180581312,-0.064621220922363,184.09111914587302,187.58037008005294,190.71600006103515,188.7216812133789,216.77959632873535,237,-48.95935832851816,-2.446999964041008,True,15
SUNTECK.NS,294.04998779296875,469.97910852813845,-37.43339172801476,385702.624,1.3463154606449868,-1.0618409315851896,-9.344614807075413,-9.233281064335708,-0.06574433508109448,289.1555649654491,293.0761365713415,300.99108032226565,304.75860076904297,339.79752166748045,219,-42.69841235778584,2.6094079069505005,True,15
ROSSARI.NS,437.95001220703125,689.6347499019316,-36.49536769002588,108305.45019920319,-2.569518975076479,-11.748108371379097,-20.397229901040316,5.39066140401705,-0.06569477980488742,449.08404519463113,463.20326514032683,494.3740008544922,507.26462493896486,509.9473179626465,231,-45.67578974953036,4.069633112484117,True,15
DSSL.NS,1013.4000244140625,1923.9611771253476,-47.32741822118177,135269.7751004016,-0.8414848909919281,-11.624656181557002,-30.04610409680495,11.484702059663011,-0.06829030130586873,1035.9460091078752,1063.1876786529087,1155.7089331054688,1281.088848876953,1116.128561706543,82,-48.5436602479063,113.7491603662136,False,15
RAILTEL.NS,265.0,398.2637357690495,-33.4611775565547,1557830.134920635,1.962295584180307,-5.609973285841496,-16.418872399002403,-1.9653400547913535,-0.06637562840367532,262.09870778453075,267.56084005406564,281.18146240234375,299.1462142944336,308.993023147583,251,-38.75202933332417,0.0,False,15
TIINDIA.NS,2600.0,3398.9671392904984,-23.50617427437899,377164.00793650793,-0.23406996767837418,-11.262798634812288,-20.143144852578708,2.5269757160791384,-0.07308119893072253,2623.544384953699,2680.2995948768576,2784.025400390625,2917.3993286132813,2750.99748046875,251,-36.395695782856116,0.0,True,14
TARIL.NS,279.8500061035156,551.5000163898602,-49.25657338409085,4624772.055555556,-2.9103213815132922,-1.7696855098121356,-18.822273306542392,-1.7696855098121356,-0.06999525436001328,285.44155616713203,291.1225214658712,301.03614685058596,311.9537109375,297.45044006347655,248,-59.41123415410525,3.075449841505251,True,14
BORORENEW.NS,459.5,721.0,-36.269070735090146,685581.4342629482,-8.502590834153189,-16.408952192829783,-23.96789632455939,11.057401812688816,-0.06899457694273567,481.8480479458835,500.3935299412746,548.582001953125,551.0415023803711,520.1945013427735,214,-48.07212289923933,22.304092404853073,False,14
CANFINHOME.NS,778.5,962.6932158005569,-19.133116633359194,234209.0,-1.06748305419323,-5.539043021507862,-11.264269522937786,-6.679126088431264,-0.07265488201974736,786.9894080838035,796.6073250980395,824.3530017089844,838.5289477539062,858.1326736450195,182,-20.535254610257425,8.06258402211386,False,14
ASHAPURMIN.NS,525.3499755859375,924.9000244140625,-43.199268924362464,735616.8884462152,-3.0808989176492108,-10.904781847846134,-26.282192157661434,8.330747986796428,-0.07041404713914007,537.3415222211628,557.9263868223399,627.1700012207032,649.9989984130859,651.0684996032714,175,-50.79468114493477,39.37451925977315,True,14
SOBHA.NS,1215.199951171875,1724.929636640264,-29.550752369309187,168793.592,-1.6589787820707524,-4.62287305099236,-13.944495255022037,-3.953010203062668,-0.06855025146137225,1221.543214569271,1246.8820920578332,1329.4099926757813,1360.7409924316407,1383.8883227539063,215,-34.75750608977764,1.1415930801324636,True,14
ORIENTTECH.NS,236.35000610351562,466.7272644042969,-49.360145821954745,1503243.9642857143,-5.323663402750311,-2.796622645963831,-5.8366509547746475,-10.1159934849413,-0.06889083549876711,238.73674070169105,241.15153077629103,253.06740051269531,259.37670135498047,284.0177690887451,239,-52.69185670274182,35.46953997735092,True,14
RUSTOMJEE.NS,353.75,634.0,-44.20347003154574,140383.3815261044,0.9272467902995629,-4.353117706589805,-10.533635442439671,-8.508986012112164,-0.0734158389986477,352.4229225882436,361.2553234844362,383.6839996337891,392.9895007324219,426.71825088500975,235,-47.649843233993,3.3833312988281294,True,14
SANOFI.NS,3087.39990234375,4926.456133539469,-37.330206163318216,21879.03187250996,0.266301354309717,-7.034028836382111,-9.465722052960523,-7.583642861872153,-0.0725334939248247,3110.326290473976,3146.125623332286,3261.9919921875,3273.578986816406,3540.6852954101564,249,-38.00817631951959,0.00992333177960436,False,14
PRAKASH.NS,118.51000213623047,174.33366994189188,-32.021162535193746,537314.7609561753,-2.7932265528021416,-8.416396269192894,-17.138949466917495,-0.1969609608019729,-0.07183071133514832,120.9626674023134,122.6970711911423,124.3248191833496,133.19628997802735,131.10667640686034,244,-37.71751547117894,1.4575867780954876,False,14
PARKHOTELS.NS,107.37999725341797,160.97999572753906,-33.29606155838136,283316.34,-3.8158385520606353,-7.7491444623869254,-11.248864245518831,-4.686673386348572,-0.07180741375878527,109.79477981595855,112.09188285878137,118.76919967651367,119.88119979858398,121.78339996337891,248,-40.924337807115364,-0.7860152232880058,False,14
WIPRO.NS,166.8300018310547,263.220498300555,-36.619677073720155,15994633.492063493,-0.3404970646427641,-7.828728270135532,-3.297998602719854,-11.610614515384231,-0.07233440747461031,169.12547391528622,172.29312593904442,177.74214660644532,181.82071701049804,201.67403244018556,187,-37.96075757546217,12.21911191269831,False,14
SWANCORP.NS,294.95001220703125,505.7501702925763,-41.68068949212558,1399301.828685259,-1.0732791396816599,-2.6729163276387413,-9.673795002252328,-9.173366653303338,-0.07213396341492949,291.9497207720227,293.54301110618616,302.8832116699219,312.49154571533205,353.6540022277832,248,-45.89225867424267,1.304654460716681,False,14
BDL.NS,1196.5999755859375,1648.1319119869795,-27.396589624715016,1465296.9126984128,0.554619797137601,-9.141991223543089,-13.95081284380556,-4.264344970559653,-0.07663918106360387,1191.7634357873656,1226.9771368838249,1274.93,1295.9440014648437,1329.2242041015625,249,-34.10721604857927,1.127642146600416,False,13
TENNIND.NS,517.9000244140625,657.0,-21.171990195728696,2001184.6587677726,2.2810344961634366,-8.916629150331767,-13.69051996502163,-5.233298368881522,-0.0775569771750911,516.3867158967404,523.4551951705803,541.6500036621094,568.344501953125,551.7825018310547,97,-24.231356500309175,20.542242068140236,True,13
ITC.NS,262.29998779296875,406.5707642578344,-35.48478866359748,18164586.805555556,0.9428445764504412,-3.441931276861565,-9.551728347252153,-10.169725530526197,-0.07527510514113393,262.6874031280424,264.86164488339597,273.6769989013672,282.21635375976564,301.1613456726074,222,-37.15731123304038,2.1382606961057427,False,13
BRIGHOTEL.NS,56.22999954223633,87.79000091552734,-35.949425953029035,171425.16,-0.4954853788947666,-6.142547679099586,-14.244319347351075,-5.670191299290606,-0.0781943039763096,56.734606683068826,57.58365936453088,59.63220001220703,61.29270015716553,62.815350170135495,224,-38.07950786712322,-1.7188204572680665,True,13
FINPIPE.NS,154.6300048828125,215.32316516115463,-28.18700915571135,752274.332,0.7689853098976185,-0.7721084122343957,-12.442087178851791,-9.926537447236283,-0.07780764284007168,153.85654537379082,155.01636645231383,158.5190301513672,164.8158888244629,168.08649040222167,248,-32.679327770868674,0.33302616769634863,False,13
AFCONS.NS,263.3999938964844,476.09320955207187,-44.67470053935406,1264256.4087301588,3.7825022574049516,-5.995723618360815,-15.666301983369701,-4.850406374106708,-0.07460947642585261,266.8122589115595,271.9041805704385,278.7485101318359,298.3798568725586,315.43474822998047,236,-52.666830447858274,1.8351683485970272,False,13
UGROCAP.NS,83.73999786376953,192.5,-56.49870240843141,501026.40562249,0.3595342924084255,-7.775335848792797,-16.033294851034796,-3.62527511567019,-0.07779212242096231,84.32998733897251,86.01485591156343,91.34879959106445,95.07609977722169,114.66385005950927,237,-58.37921935242492,11.290136570995578,True,13
SJVN.NS,63.95000076293945,93.44222215601812,-31.561986340432114,4540591.615079365,-3.3695973586478245,-2.456952806206314,-11.88236319410585,-8.261093883576399,-0.07697496808768359,65.06433042240057,65.48353677434312,66.81530540466309,70.17471576690674,71.53789037704468,251,-32.91457817674448,0.0,False,13
NTPCGREEN.NS,88.55000305175781,119.94999694824219,-26.177569566786495,7186358.853174604,1.8518525018867305,-3.624286353073747,-7.500261206933034,-12.41344768721806,-0.07755129457393212,87.87550884328576,88.69900831259528,90.93840072631836,95.90660034179687,95.2710001373291,104,-29.003746703840694,31.569631866919835,True,13
LATENTVIEW.NS,255.35000610351562,517.5,-50.65700365149457,1348952.892857143,1.1487459656686072,-9.37000670682675,-12.70085261418269,-4.488498120831796,-0.07364781777386015,257.1326664650523,263.8214310445692,284.5019998168945,293.4849989318848,334.5075000762939,197,-52.07729468599034,16.420878251868597,False,13
RECLTD.NS,312.0,381.3442016302781,-18.184149997253375,6673486.5776892435,-0.5736098989768901,-7.41839762611276,-14.290787472906775,-3.998927271667041,-0.0742784766565909,313.948769341476,319.34465346768695,338.26812927246095,341.36788452148437,342.38018356323244,107,-19.101956006899567,7.937843388155552,False,13
RELAXO.NS,291.25,497.2890630718666,-41.432454154353785,652324.4661354582,-9.359539663226723,-21.268062280502818,-19.172284242936755,8.007391466134074,-0.07738295108850633,317.03655369229614,333.55775715218766,373.46095275878906,355.1640328979492,350.0677522277832,250,-52.97275655817397,0.0,True,13
GOPAL.NS,256.75,380.8046783906154,-32.57698380043658,118485.859437751,-1.9476822549698403,-6.346888303435239,-9.531356221446218,-8.197080506224253,-0.07602384955107598,260.0329970303462,264.8978143748983,269.0089987182617,279.52028945922854,288.106590423584,248,-35.07991643036672,0.0,False,13
JKLAKSHMI.NS,530.2000122070312,906.9575015300427,-41.540809650663824,163642.8650793651,4.803324491741168,-4.965049470310268,-10.476438892738638,-9.547751094417611,-0.07474709550476573,513.8129162954397,520.9371593070707,546.7795477294922,575.282140197754,636.8372578430176,251,-45.399865884385335,0.0,True,13
JTEKTINDIA.NS,117.7699966430664,186.9514017866663,-37.00502081420287,329274.0753968254,-2.306102312994396,-8.89611452720006,-11.793884179005687,-6.970167123267523,-0.08336065239748168,119.65664960784308,122.33958061665393,130.17366271972656,131.7114572906494,134.36981227874756,248,-38.58296937198287,5.303328402244056,True,12
HAVELLS.NS,1132.4000244140625,1597.129719423989,-29.09780522884097,915243.1593625498,1.4695362378192245,-12.012430115457462,-4.13950921804942,-12.072585117584623,-0.08326419211758244,1130.037189223185,1164.152962971492,1219.4980029296876,1204.8174682617187,1275.1064263916016,249,-32.309820396063984,-0.21952593758924888,False,12
BUTTERFLY.NS,585.7999877929688,823.8499755859375,-28.894822461293778,77789.86454183266,-0.07676114405650303,-9.466038351830964,-9.037268976247093,-8.590152124549244,-0.08048125327465668,593.7119570264715,611.5208842905151,673.1250024414062,668.223999633789,646.4869985961914,218,-31.322448921533162,10.586725969152333,False,12
EIDPARRY.NS,700.7000122070312,1118.0,-37.32558030348557,305210.41035856574,-2.8222697358647575,-13.52051685195541,-1.3515381882190924,-11.955766325035434,-0.08174098330457459,725.8545509430161,747.2509777648804,773.6939990234375,765.8370007324219,836.2647509765625,224,-38.93112701252236,-2.1661595558653324,False,12
WAAREERTL.NS,819.6500244140625,1358.0,-39.64285534506167,618911.0952380953,-1.4784527450560248,-6.900272412013086,-16.638695711765827,-3.598938616399583,-0.07959083916997801,826.2697662715229,844.4429591707866,898.7480041503907,942.2205010986328,930.6639990234376,226,-42.59941089837997,21.57346220019909,False,12
EMAMILTD.NS,368.45001220703125,602.0840578111723,-38.804223857628564,679829.3864541833,-0.6471602688377653,-8.025460161420161,-9.42723125288165,-9.181661049837754,-0.08170641854967405,370.00582277515235,376.0831937572125,395.0729998779297,403.80999938964845,439.00592437744143,250,-40.01668218729859,0.0,False,12
LUPIN.NS,2083.0,2523.699951171875,-17.462454320975706,969843.6746031746,-0.5727923627684928,-5.382693617987733,-11.014360825813196,-9.661855390662055,-0.08302868363883177,2093.165682787055,2129.943882562485,2269.4067236328124,2290.4324389648436,2248.030469970703,43,-19.423860231254974,11.784392410319056,False,12
FIEMIND.NS,1937.300048828125,2674.800048828125,-27.572154424145133,69974.54581673307,-2.49144346604967,-13.551983541806113,-14.706710639092824,-1.5345065908642375,-0.0798535688303973,1993.9067046681823,2060.273309392062,2225.1685400390625,2220.125068359375,2195.7392590332033,26,-28.704951204278284,16.6624164465756,True,12
DBREALTY.NS,95.68000030517578,183.89999389648438,-47.97172187018496,1688079.4183266931,-4.5014492727136535,-6.002554824046102,-19.27100656834755,-1.1468133070070996,-0.0789068318538769,98.53730918649606,101.41229034407525,108.86779968261719,113.19880027770996,111.50419982910157,248,-54.59488701940829,7.3395095663815635,False,12
SPMLINFRA.NS,168.22999572753906,288.1000061035156,-41.60708359475242,617173.6055776892,-2.7572279031566116,-13.975251673270272,-19.618710342475943,1.6556832095145246,-0.08294112943906687,172.99074969005449,177.33993388432114,188.65080078125,194.8904002380371,187.66600006103516,249,-47.58417517958075,2.263672532356531,True,12
VINATIORGA.NS,1234.9000244140625,1837.434362046269,-32.79215574052892,55169.21428571428,-3.9420657614548715,-6.5555915799080156,-8.629528872607196,-10.310350113469635,-0.08418323599297102,1272.120527398465,1288.4434938749057,1306.4896923828126,1314.8841137695313,1385.3333508300782,244,-34.969454957637765,4.453788913177892,False,12
ASTRAL.NS,1427.699951171875,1765.9224658214252,-19.15273865051741,747751.3174603175,1.1548764684611301,-6.80809718199249,-6.134607630631416,-12.370056030270826,-0.0803453649085014,1430.1199392106712,1453.7678418503233,1461.1741284179689,1479.944462890625,1504.3909393310546,133,-25.843842031787247,21.380421135752048,True,12
DCXINDIA.NS,163.10000610351562,283.3999938964844,-42.44883217496114,1823908.7848605579,-2.6617280496906925,-6.623914917683171,-20.64418475540576,-0.7061904554441223,-0.0806668739730508,166.39358051012033,169.7080093058327,177.4961999511719,188.18629959106445,183.11019981384277,249,-45.9068432063013,1.8971111177171318,False,12
MMTC.NS,60.27000045776367,78.3499984741211,-23.075939206724073,6507069.996,-3.967491922183819,-5.14636514108796,-19.154932272879943,-3.8295799925057383,-0.08704333899302252,61.65946002713995,62.40465437214748,63.17279991149903,65.08719978332519,63.22784994125366,65,-24.607529233922108,12.35407246425504,True,11
DOLATALGO.NS,67.31999969482422,95.63547251598347,-29.607709436921436,375948.8072289157,-2.969151974839934,-5.369693179081003,-12.514616810050372,-9.357745068500712,-0.08868336903715589,69.17213031495115,70.11971553063236,70.45239974975586,72.84740005493164,76.08805759429931,175,-32.07541367705801,20.4743066931792,False,11
KALPATARU.NS,274.45001220703125,410.70001220703125,-33.17506597280481,120839.18,2.636506533831895,0.31067473850641125,-15.851596706103876,-10.617155799373723,-0.0867655573049618,266.7445831175535,271.1309819534942,278.4300003051758,301.47449935913085,314.1974996185303,226,-39.128319315954485,0.5967511874965137,True,11
LAOPALA.NS,162.60000610351562,252.7650542172862,-35.67148488661782,132166.67330677292,0.12316023063321246,-10.776996706348951,-7.919770383430502,-10.104842424232196,-0.08560951402928499,163.4781600282805,167.8742150447589,177.12746520996095,175.0325425720215,181.81632011413575,247,-38.67823205230092,0.33739497944969,False,11
RELIANCE.NS,1226.4000244140625,1604.3820104615531,-23.55935080191729,13532922.92063492,-2.4731590923210756,-6.609802770732198,-6.345931698047924,-12.890951259203787,-0.08629436476474439,1256.777237828215,1273.7523645348515,1295.3960009765624,1312.1740686035157,1370.754207763672,178,-23.55935080191729,6.7726641073238,False,11
SUZLON.NS,43.13999938964844,61.5,-29.85365952902693,70315361.77380952,-2.2212138847720997,-8.212767256067155,-25.990738184811445,2.836707044258935,-0.08527213477430501,43.80894664563123,44.94244998021658,47.794199829101565,51.6133999633789,49.6959499168396,219,-37.90244125738377,0.8970865993072508,False,11
SERVOTECH.NS,72.80000305175781,141.5,-48.55123459239731,1073253.3784860559,-6.2097391448964645,-10.278526498183105,-29.21041847126632,6.901622148233644,-0.08679155896212705,76.05065954706626,78.40804639027415,85.51140060424805,91.90060028076172,84.10305017471313,238,-59.35689164555957,1.0278203698540933,False,11
GRINFRA.NS,825.9000244140625,1341.5660703794995,-38.43761834402733,68849.35458167331,-2.8981204788290804,-6.498354372485271,-13.88801528125365,-7.3583820062745335,-0.08699240309265871,846.7362232591739,859.2725451759757,879.407998046875,899.2549981689453,920.5381665039063,248,-41.48629595425436,-0.448256412821757,False,11
GMRP&UI.NS,92.30999755859375,136.3000030517578,-32.274398025111964,1750954.6865079366,-1.870949443967418,-6.341315092144139,-8.277028896635198,-11.681974240938365,-0.08611256328191474,93.107154773595,93.85347616349455,96.08360015869141,100.8972996520996,104.07579978942871,209,-36.316947095887556,7.123177315102347,False,11
FORCEMOT.NS,17488.0,26374.965142944882,-33.69469910113638,98159.45238095238,-1.2256424738774307,-1.941553422343012,-2.676176453516743,-18.750276765290696,-0.08813838574027649,17559.847698608657,17628.94296399114,17818.7526171875,18327.00359375,19543.211982421875,147,-36.10586353917847,37.426484116644154,False,11
GILLETTE.NS,7073.0,10255.650929658823,-31.033144083080654,26840.171314741037,-4.2312639631710836,-4.9959753406072505,-9.107631769269297,-10.701331715225015,-0.08435143681309354,7291.225791342096,7357.878385148114,7542.142119140625,7643.073833007813,7816.933830566406,249,-31.43779904145081,4.144873698424378,False,11
GALLANTT.NS,547.1500244140625,948.0,-42.28375269893856,953284.8554216868,-1.7860261367647734,-5.0581231990895255,-23.2985150150682,-1.565161743994703,-0.08805846455612723,550.2657919390189,561.7371785639505,591.1100012207031,654.5629998779297,624.5984997558594,109,-45.87553000148339,60.717693477274096,False,11
CROMPTON.NS,227.1199951171875,315.2091305009053,-27.94625119003804,3337981.912350598,-1.2521760360054368,-7.4867636997199565,-16.795854655351373,-5.196350942521589,-0.08739867117158583,229.29284059405296,233.5814033589241,245.99914916992188,259.7317674255371,253.56669860839844,250,-31.84952643321037,0.0,True,11
NBCC.NS,82.4000015258789,124.82730179011317,-33.98879864885029,11151188.738095239,-0.6031362977043098,-6.141591992873241,-23.908978217150747,-1.120680136910679,-0.08909597548254575,83.13780992226263,84.94810036710825,90.1485984802246,95.21715309143066,96.51349002838134,183,-38.595077402583456,3.331433910063164,False,10
TORNTPOWER.NS,1258.800048828125,1817.8039543841724,-30.751605760777668,501564.4365079365,-2.990130046842221,0.8088490471046539,-13.472641835411158,-12.927553266180391,-0.09350057052358794,1281.1129333862273,1283.2126420472173,1329.5360009765625,1398.4765844726562,1405.220498046875,104,-34.04129212568514,15.367088246298843,False,10
GPIL.NS,233.47000122070312,318.68479368531104,-26.739522610782064,2419066.780876494,-7.437654055666176,-5.132061994951764,-15.321107802326539,-6.4884265700481,-0.08961880773274174,240.98639376117896,242.4065940168664,243.58235595703124,260.75667587280276,261.2688604736328,86,-28.653123700973737,21.99840010746623,False,10
NACLIND.NS,146.75,245.0,-40.102040816326536,709022.5119047619,-6.896330068469969,-13.727222378408266,-28.66517639062144,6.348281874131745,-0.09495317650062383,155.22291738097408,161.6584939287611,179.62000030517578,179.9286994934082,165.98789806365966,49,-41.59183424346301,50.84104236347855,True,10
NATCOPHARM.NS,813.4000244140625,1224.7250830949197,-33.58509304320162,1050923.266932271,-0.641299681601748,-8.126724250967253,-7.861792128175971,-13.141288518502492,-0.09304527864207414,823.2946883416732,839.9778098804513,892.4048303222656,950.5379333496094,944.8833859252929,92,-34.59756715557363,16.31156883122791,False,10
INA.NS,91.69999694824219,161.80999755859375,-43.32859629700181,1378730.6074074074,-1.3978527438256005,-1.725432057096099,-23.532356280514875,-4.677754826147352,-0.09415680500415183,90.23966863786606,92.41735001577065,102.72260025024414,113.04610008239746,,102,-47.963662184870785,61.58454356028964,False,10
EKC.NS,101.06999969482422,154.5500030517578,-34.60368961560194,579512.344,-1.2891881069370004,-9.702493148165736,-19.90649200458332,-2.5737403353830124,-0.09070861175855048,102.1635528014399,104.58108904525149,109.08740051269531,112.8268000793457,112.90799987792968,224,-41.604659839588706,8.312478964771186,False,10
APEX.NS,345.3500061035156,511.1200184186195,-32.43269806336059,910646.4581673307,-7.832934386801938,-13.10241639227443,-15.959443725484457,-2.85489005703925,-0.09333565857596117,362.9540421078598,370.35028639390015,381.7239019775391,404.8265264892578,376.5137062072754,107,-33.273991332180486,13.696819201703825,True,10
SHALBY.NS,137.66000366210938,274.70001220703125,-49.88715051153324,193887.95219123506,-5.686491278414863,-11.44419018036782,-21.22910964229594,-0.8141722593024592,-0.09551888960324816,143.43556022096575,147.85266734820786,156.8942007446289,163.055400390625,165.59855018615724,248,-54.19730829862566,12.876078042621387,False,10
CESC.NS,141.52999877929688,197.1955548334318,-28.228605914141834,2216712.8366533862,-4.099473490103134,-11.35538298068768,-15.754506937827273,-4.705559266178216,-0.09289599732967317,144.7555315332416,147.64180252777143,154.14916931152345,161.97908294677734,158.49158897399903,98,-28.64950882534375,29.46770992958223,False,10
DBCORP.NS,184.05999755859375,274.93113815723916,-33.05232765110593,184450.316,-2.957769106611452,-11.262173761724092,-7.007963010888174,-11.15516239692942,-0.09112665525044183,189.89749327429527,194.45474607096565,203.4693444824219,202.56595245361328,214.25946189880372,249,-34.45469806178748,0.0,True,10
RCF.NS,109.08000183105469,154.10414270944614,-29.21669728456404,1991508.3452380951,-0.9177489609496714,-6.7495641522835275,-17.708354677512006,-5.302147776861387,-0.0887505324054983,110.07286501986042,112.69721329186879,119.7978108215332,123.81275321960449,126.27717227935791,211,-32.05449165892607,-0.2851380123137903,False,10
JAICORPLTD.NS,94.41999816894531,173.39999389648438,-45.54786534461369,1028975.9243027888,-2.498965572552836,-4.3169863427807815,-22.268875261316335,-4.210207506064156,-0.09478039406632002,95.69389592481089,97.54653586400195,101.57340011596679,108.48140029907226,111.64115024566651,223,-49.250286564292566,6.47151298980615,False,10
PRECAM.NS,116.41000366210938,221.6117278703434,-47.47118991364192,452295.70634920633,-0.34243121722841163,-10.919796306597519,-22.12268058874858,-0.17513407547506965,-0.08925060189856947,117.2480872155801,121.34707195568889,132.26768661499023,141.7317407989502,143.0813098526001,249,-53.413976512350736,0.9008605409863257,False,10
BHARATRAS.NS,1168.800048828125,2986.2093471005855,-60.86007667336004,23756.844621513945,0.9849896940531844,-10.288077025421538,-16.034383527995654,-8.203395017401915,-0.10050789501038451,1168.496111901934,1196.6669777868474,1272.0723803710937,1335.9406884765624,1559.0009869384767,226,-63.14644296340087,17.246186479943248,False,9
PROTEAN.NS,490.29998779296875,922.9244479133125,-46.87539279065439,322701.268,-0.6182260611763191,-9.512447526326806,-17.674157295310277,-5.994142739651265,-0.09664216395836582,497.2710970504014,511.60861440895366,550.9177264404296,565.7970608520508,593.0467564392089,245,-52.755906671032335,-0.8042825791097052,False,9
ITI.NS,256.29998779296875,372.8500061035156,-31.259223924536748,2546438.577689243,-2.7324524504862446,-8.447945484129004,-17.65462239583333,-6.647241235268919,-0.09918117554731992,262.20628509826787,267.2054971918441,276.49000061035156,286.92230041503905,287.18050048828127,237,-36.43556494023474,12.63224404579535,True,9
ZEEL.NS,78.62000274658203,118.95785852711808,-33.909366123416284,19349425.361111112,-0.9324569784252335,-25.485147546896446,-29.916079912505968,10.605107621461475,-0.09923056132389013,81.46016151769618,86.00932870192527,95.60650619506836,96.38952896118164,90.31190113067628,249,-44.17077342436381,3.6924963797366317,True,9
ZENSARTECH.NS,436.45001220703125,845.3898333433813,-48.3729286782476,1719935.619047619,2.633747726521163,-10.001030782383967,0.8115766724045237,-20.862283626737376,-0.09838271832798272,442.5573569364976,452.4657200895367,484.286240234375,475.7530322265625,543.4515539550781,251,-51.15020428245687,0.0,False,9
HPL.NS,284.29998779296875,503.18343725777174,-43.499732554327494,188293.39682539683,-2.2855013898914533,-9.31945069983412,-26.443323857075242,0.6264673884395888,-0.09774850480702706,288.6916865491594,296.75515500113005,318.48799072265626,339.59092041015623,342.36670684814453,246,-49.39604036341694,-0.5511810973526154,False,9
MBEL.NS,252.25,533.8789199375677,-52.75145907062628,318699.2738095238,-0.7671113185100609,-8.951839930613426,-17.266804019368177,-6.583671902380006,-0.09680589084736146,257.0430641804628,262.9595361852404,281.96123107910154,293.1510433959961,310.4753955078125,217,-58.37842943780414,23.262217337633516,False,9
SHAKTIPUMP.NS,460.95001220703125,882.7953093552329,-47.78517654973776,1581790.1035856574,-8.396263707286455,-6.3870800323496235,-16.59771882399791,-6.215838537662465,-0.09582693439462929,476.60647334656215,483.73370386678056,509.27712890625,525.8124200439453,562.1793031311036,250,-48.459173357828746,0.0,False,9
HEMIPROP.NS,120.7699966430664,190.69000244140625,-36.66684404171862,743018.6533864542,-0.1488220832719933,-7.377868541769283,-13.046297664490114,-11.074295844117444,-0.09834063553675068,121.55218966541688,124.5758797996112,131.48519973754884,136.61379981994628,134.71224998474122,240,-41.68546042029085,8.248031900726494,False,9
BBL.NS,2207.89990234375,3367.0326028562217,-34.425942283100866,35642.344,-1.6744643801491876,-5.637240094530149,-20.162370343585202,-5.8693985443392,-0.09691364977732189,2234.747099640373,2278.0077400365526,2413.8195751953126,2580.88904296875,2577.2387463378905,230,-39.85048773156517,1.8332849547462837,False,9
MUTHOOTFIN.NS,2841.10009765625,4114.708242760882,-30.952574762629293,823964.944,0.9271793128330375,-1.8313119177502335,-9.1167906048074,-16.541716282975184,-0.09625268146899037,2842.145655181413,2890.8618837900963,2960.9639892578125,3091.9639892578125,3341.960275878906,159,-35.08652758797266,8.248898431645957,False,9
SWSOLAR.NS,176.05999755859375,272.79998779296875,-35.461874839888985,2366104.773809524,-2.3082918843258193,-10.392914603511061,-29.17086037296833,2.5691836987590477,-0.10032996741521674,180.42863734763068,185.45808654793504,199.9261996459961,207.5438998413086,201.82094985961913,249,-45.74779815887712,-0.5249435133042657,False,9
NTPC.NS,323.6499938964844,409.97128898871665,-21.05544885964149,10260536.01984127,-2.924415170513539,-3.0677880744099495,-10.272571682823683,-14.123590588008561,-0.09637206871983874,329.4878444783018,331.12026178780127,336.406484375,352.2466226196289,354.2419888305664,104,-21.935326681889357,9.255552441664449,False,9
LINDEINDIA.NS,6241.5,8035.3727195912315,-22.324698333128325,41412.644,0.2248093135287066,-6.8780305856023904,-15.677594340805056,-10.830993354070573,-0.10388800829637354,6248.057640432822,6366.339095287545,6679.9958984375,6938.6999609375,6714.621391601562,95,-25.02525756756093,15.668065158633059,True,8
ISGEC.NS,786.25,1113.9000244140625,-29.414670727421345,73388.036,-2.950073899133443,3.918850828814846,-17.85509272892535,-13.140743548711509,-0.10124062462312583,782.3603892312268,784.9257465626637,811.8509985351562,894.8815008544922,884.208500366211,85,-35.1378055333061,20.83286163038125,True,8
VIKRAMSOLR.NS,165.4199981689453,354.3999938964844,-53.32392747803987,2647459.3095238097,-0.863000381241108,-3.819993670783317,-13.060390784419784,-14.103231594075961,-0.10409708645237095,165.82378843928055,167.68349531252363,174.16460021972657,187.97870025634765,200.65335021972658,231,-56.15688274300676,-1.8472329624574235,True,8
ICRA.NS,4544.7001953125,6839.023714846967,-33.54752981121671,13619.133064516129,-4.852921693447088,-8.660259946267079,-12.820155449582105,-10.946038780739375,-0.10441806305768507,4726.15803745536,4817.815718706576,4961.553154296875,5072.67548828125,5360.4397485351565,244,-33.83412185232486,1.4813127882861155,True,8
BLS.NS,226.5,368.6380196487317,-38.55761263696359,3444831.358565737,-3.6639290145756953,-16.35158932444625,-15.014344141688563,-5.595055499514712,-0.10379036208659273,232.12913459293713,237.38427275781757,243.83756927490234,253.35216552734374,268.8172447967529,250,-40.749189134404006,0.0,True,8
GODREJCP.NS,880.0,1255.1784329498362,-29.89044609921452,1459187.247011952,1.1610501554751185,-5.376344086021501,-13.206286408804392,-13.005255494024947,-0.10123151921908084,873.506993861584,893.8502787774988,973.08953125,1000.5546600341797,1067.116435546875,175,-31.870242352368482,9.601185975977721,True,8
SYNGENE.NS,369.04998779296875,677.034031793237,-45.49018653974031,1263511.298804781,-3.8932323455810547,-7.005170185960741,-16.532610489449816,-9.25723255881138,-0.10453033442109752,383.19603212586895,390.0323186965736,402.19599975585936,425.5239663696289,464.9161459350586,175,-45.84467298854224,1.8374892335727422,False,8
IVALUE.NS,222.02999877929688,340.0,-34.69705918255974,397241.3780487805,-0.5910039346974427,-20.604325540774436,-17.64160325110299,-1.5213376352478103,-0.10080981531054653,229.81113189998538,239.88553398056692,268.10679901123046,261.6847003173828,255.24459991455078,208,-39.01470408720129,13.14528543219593,True,8
BAYERCROP.NS,3779.5,5305.222747660049,-28.758881958971337,28189.86454183267,-4.999494953400097,-7.135308221622749,-8.28040089501194,-14.22123327057635,-0.10099624716398682,3936.175539819144,3982.458981144203,4087.543974609375,4186.275588378906,4347.26086303711,249,-29.105708156832033,2.8763736875240253,False,8
JSLL.NS,510.3999938964844,849.5,-39.91759930588765,705569.0992063492,-0.28328850048660037,0.8297079391881512,-12.796855537092178,-16.505806627082176,-0.10303766574171554,505.4464050391427,511.0396357809339,536.585,580.9739990234375,624.6905001831054,248,-42.89582035273507,1.110573451531116,True,8
RALLIS.NS,203.8000030517578,337.7721846958516,-39.6634737003965,831188.422310757,0.36442701766039587,-3.740788835859332,-12.771784119090658,-14.952099320125544,-0.10524090029183242,204.05727265525204,206.63592372485286,215.16500061035157,227.43375259399414,242.43631820678712,249,-41.73291748821409,-1.1920483169348683,True,8
FAZE3Q.NS,442.95001220703125,650.0499877929688,-31.859084605028222,66415.0,-8.632420924030493,-8.424643161381262,-25.866106743593097,0.4649621998017439,-0.10122017867836534,473.3439701903482,486.4624770374401,522.7290002441406,526.1669995117187,487.15475051879883,59,-32.620566383350734,40.04053432737964,False,8
PATANJALI.NS,367.0,606.7970321970149,-39.51849127026673,2855087.515873016,7.624633431085037,4.857151999960929,-10.899250414113027,-21.87219994303735,-0.10284761358348159,351.03354090206375,349.18330476513813,349.77103515625,391.29290588378905,447.96588607788084,250,-46.26582929641906,0.47856344213765833,False,8
BANKBARODA.NS,234.94000244140625,315.30188105660324,-25.48728169521144,10308732.864541832,-1.1278481318289568,-4.106121452487244,-17.8675013223751,-11.027548183259462,-0.10705278773696658,236.5146823300011,238.67027112501916,243.54040008544922,253.38046432495116,266.84438697814943,140,-26.445095287169927,9.648543849956571,False,7
VIKRAN.NS,56.310001373291016,118.0416404738854,-52.29649372269729,4527176.051587301,-1.348984640965356,-9.803649959195326,-20.66168112866119,-7.27146153591497,-0.11202717408899945,57.12642479984549,58.820676835195414,65.08503692626954,68.39068691253662,73.66003206253052,209,-56.84121788272015,0.3825511668458903,True,7
FRACTAL.NS,764.3499755859375,1118.0,-31.632381432384836,635589.5466666666,-0.01308609058752186,-10.62847406186057,-18.9706365443425,-7.137650557962639,-0.10673254607918671,769.2929158666444,787.7934815853828,817.0109997558594,885.6200012207031,,93,-34.257602862254025,22.702180171516993,True,7
FINOPB.NS,135.47999572753906,339.0,-60.03539949040147,1315206.12,-1.569313914332826,-10.715703952150912,-13.270603735585052,-11.259581219345872,-0.10785085790277328,138.50327900799556,141.58918904801445,152.58940032958984,143.19200088500978,174.01925045013428,227,-67.54277322144635,21.41949442196973,True,7
SCILAL.NS,36.83000183105469,54.244129857072295,-32.10324890804229,555592.176,-4.23816248627017,-7.129538078637765,-18.924854308894535,-9.184788686979362,-0.11201095631814674,38.102583110912875,38.71033548321214,40.03705551147461,42.56860145568848,43.38666313171387,95,-33.26466687119375,19.39922414101232,False,7
SAGCEM.NS,151.7899932861328,282.04998779296875,-46.183300884398484,80525.2048192771,0.5631315959839789,-9.804504520923052,-11.765393034229255,-13.500115693066682,-0.10834251932081664,151.44662863973048,155.84310901912346,167.97679931640624,173.19649963378907,182.9467497253418,248,-49.824495515901276,0.0,False,7
CRIZAC.NS,173.72999572753906,343.8395034688278,-49.473520647027904,382264.42063492065,-6.937003137092068,1.3948870320594775,-15.52562839930216,-14.194698137940897,-0.1075029068226432,176.188272283387,175.83845683264533,180.94879943847656,195.46510025024415,215.1974331665039,251,-53.481204069170275,0.0,True,7
NUCLEUS.NS,686.25,1066.8741885000632,-35.67657673255638,42674.329317269076,-2.8112131811738883,-3.5962599513845173,-11.150376741962376,-15.889524207929618,-0.10701296014154851,705.1239491605563,714.0787523860741,725.0880004882813,741.8852319335938,791.3872213745117,248,-36.39380442319371,0.0,True,7
WHIRLPOOL.NS,717.7000122070312,1428.4580610250364,-49.75701199851661,495986.6865079365,-5.856885263830247,-6.929845230501607,-10.361700100243553,-13.67349163681454,-0.10549564257282228,755.6644535588454,770.4538127701704,781.9970764160156,805.3512927246094,837.7899981689453,222,-50.576077851849085,4.770101693225737,False,7
PASHUPATI.NS,80.26000213623047,118.3499984741211,-32.18419672917828,77013.52777777778,-0.5821890265817253,-7.459934244526789,-7.715302966875603,-18.19386236171091,-0.11142341586310575,80.95656202801015,81.97907489414439,84.48139984130859,87.06679985046387,87.95264995574951,110,-42.7545408757952,10.3957350934621,False,7
SULA.NS,134.49000549316406,289.08028915869943,-53.47659092061732,384615.99601593625,-2.7408109051128005,-7.522510990567522,-15.094690230193875,-10.868705651453903,-0.10654472618264509,138.84162375715644,142.51536229373482,149.9361999511719,154.2105628967285,168.39546577453612,248,-54.31719058296105,-0.7718102334577037,False,7
HUBTOWN.NS,177.69000244140625,339.0,-47.584070076281336,712759.5357142857,-1.9424999404249577,-10.623205762558774,-13.532845527296233,-10.384303240191716,-0.10532466100819808,179.4407298044045,182.20668257574994,188.32659942626952,197.3402993774414,208.27795028686523,211,-50.39823188894266,2.9641185647425905,False,7
ICEMAKE.NS,685.5999755859375,920.0,-25.478263523267664,32108.184,-5.525704278154786,-5.856508673403704,-8.841909607587993,-15.737730594961663,-0.10671537282757283,710.6618182548274,727.8393449088728,774.8290002441406,777.8775024414062,773.6812515258789,81,-27.391304347826086,21.763337264212268,False,7
IRFC.NS,81.5,135.7285614195044,-39.95368465734852,12689561.837301588,0.5056155883901514,-5.747659477901312,-17.40143760775834,-13.92966744252453,-0.11891268596078561,80.93026129231141,82.30852722716695,85.85820007324219,91.35390007019043,100.09437786102295,183,-42.41447574137651,1.9362700730608084,False,6
ANUP.NS,1638.300048828125,2559.3896551627895,-35.98864301403448,44969.308,-4.71676017415289,-9.225398686580832,-29.44535479051439,-0.5588830725980487,-0.11373915420924992,1687.4890386828336,1744.6867971331787,1920.5076196289062,1987.130372314453,1950.6666015625,248,-44.78649271166228,11.32713337396758,False,6
VESUVIUS.NS,405.95001220703125,606.1323605842241,-33.026177349159504,149263.884,-2.4393159691421196,-6.387635669162561,-13.544878551669692,-14.593269609332449,-0.11422230139980613,410.1670737752735,417.55234046200763,438.6109979248047,456.434997253418,469.3324067687988,144,-35.393648059630124,15.959988192283658,False,6
MOIL.NS,243.8800048828125,398.6210131186603,-38.819079562618285,1149831.9603174604,-0.42868894147995995,-3.509394705118696,-14.066238416922616,-16.364883478007506,-0.11510572751451524,245.1235165848381,250.08145057541702,263.7923992919922,278.8016995239258,298.4252953338623,240,-41.28257421067778,10.851580468481137,True,6
TCI.NS,829.7999877929688,1230.6142063952873,-32.570257723286225,33161.25301204819,-4.395417233425025,-8.843238611391513,-12.37901431375411,-13.451684536926855,-0.1130256755451778,853.3961016241578,869.7042005590298,904.1732214355469,915.7359106445313,964.8534631347657,221,-33.24065466467746,3.559977239126866,False,6
PACEDIGITK.NS,156.1699981689453,231.9499969482422,-32.67083413508583,2047341.5850622407,-1.3642415443247402,-10.948279342433786,-24.2187515618453,-4.982965691769681,-0.11584891768180694,158.1135583478051,164.1223308851529,182.0009994506836,187.2118991088867,181.84789939880372,236,-39.72407872469545,3.013896004344896,True,6
PIIND.NS,2366.800048828125,3812.9263498994665,-37.92694031736203,269744.59126984124,4.7720251805278835,-4.660622403700909,-14.156293884662464,-18.360706679500684,-0.12046092799886404,2332.0968876483457,2384.2879722181106,2542.5808154296874,2676.6859545898437,2887.1314892578125,217,-42.537573534359794,3.0979272027837235,False,6
JWL.NS,230.1300048828125,358.25,-35.76273415692604,3587922.5476190476,-3.944401400792241,-7.24304747223804,-16.453078713300517,-12.364813581879208,-0.11724898681268672,235.50196535941967,239.91517264859775,248.95780029296876,262.7808996582031,275.7152504730225,186,-37.0132606011209,3.800985031203652,False,6
JKTYRE.NS,349.3500061035156,605.8045982960336,-42.33288966671039,1304112.549800797,-2.3207012259508164,-6.802720977669696,-14.04018240975815,-14.508772941295256,-0.11608178217574569,355.2442377173833,363.8576156966255,383.79555419921877,385.75574371337893,428.100890045166,151,-43.950576019391065,28.784329403722797,True,6
RVNL.NS,214.2899932861328,398.20450175980454,-46.18594407167408,7050634.384920635,4.582723118279963,-5.971917935431548,-10.482691485053696,-18.745821201462,-0.1137924720135922,206.21105511970416,209.8186510471731,219.8007241821289,236.408046875,271.8809364318848,183,-50.99251941300299,10.873176469302415,False,6
ZAGGLE.NS,178.55999755859375,405.3999938964844,-55.95461266726423,1673059.9880478089,-2.9195864356137635,-4.02063857099516,-17.30653285081083,-13.822393731406567,-0.11817003705566285,181.81333425751077,184.76104122504486,195.34739959716796,206.47469985961914,242.6095997619629,211,-61.92402492986565,12.501753637986157,True,6
ABLBL.NS,81.16999816894531,149.99351685072722,-45.884328954213885,1749325.5952380951,-2.918314105482922,-6.161851827808884,-16.10012580508988,-12.473434421223928,-0.11343613286126605,83.16264497318788,84.58446771651842,89.36117385864257,94.64079376220702,101.98586818695068,240,-46.1243397346197,0.36254596225728797,False,6
UBL.NS,1251.5,1830.970927725064,-31.648286652210377,155597.51792828686,-0.4137782584479277,-7.624744988566945,-5.918817524890163,-19.678459624674225,-0.11213355930894922,1260.2729191891347,1286.0352716854675,1345.9774072265625,1345.3005773925781,1449.9748986816405,223,-33.37414559991087,2.272983791515637,False,6
VENTIVE.NS,557.3499755859375,793.9500122070312,-29.800369416632456,71254.60557768925,-2.1849793741229195,-5.010656056934382,-14.121729493692214,-15.115748353696045,-0.1150344733838525,568.8238825709226,576.6286310501459,597.3579992675782,617.509501953125,655.9857513427735,157,-31.658168997615867,5.702899450851362,False,6
NIITMTS.NS,217.16000366210938,437.79574031188224,-50.39695829214641,245221.596,-3.329770186904546,-6.834266989600401,-7.152479035290648,-23.10532882447818,-0.13087705656989002,225.18378350229526,227.17294472717575,232.8171243286133,235.02458389282228,293.9578392791748,182,-54.20139335924312,32.52463412320239,False,5
ABFRL.NS,50.15999984741211,94.94999694824219,-47.17219435535672,5639402.079365079,-0.5551125831090187,-8.383561922534966,-15.739961572355066,-16.372123657502257,-0.13003061577525318,50.66931114881835,51.8825648687188,55.59519996643066,58.82930004119873,63.32899993896484,249,-48.69931474455469,4.005347367073631,False,5
WAAREEENER.NS,2560.699951171875,3713.7978498601774,-31.0490216566773,1328348.0952380951,-2.4495256696428602,-4.197703732120351,-15.528001784050193,-19.052665642125667,-0.1336396010545368,2557.934684085749,2588.78456408925,2667.7273681640627,2851.2077514648436,2902.864920654297,231,-35.346134230050616,0.9970351336522576,False,5
GREENPANEL.NS,157.8300018310547,313.58497462351295,-49.6691440587854,259847.93625498007,-1.3500866228807418,-1.7614849785554498,-15.847584710144712,-18.680198232773503,-0.1271366036415198,156.51640900793487,160.2096394113805,176.27471954345702,186.9487484741211,200.36671035766602,241,-52.64122756993201,-1.1142601876765523,False,5
WEBELSOLAR.NS,72.94000244140625,137.44541921249123,-46.931659956858454,5126032.166666667,-3.505746824803091,-11.67019817401329,-28.72882788777308,-2.2294753977619486,-0.1219505284271967,74.0905687282619,76.64298800457722,86.68306228637695,96.38878593444824,87.71069925308228,214,-63.45177420888943,5.03921637152458,False,5
ACI.NS,467.1499938964844,716.6142960119245,-34.81151625131533,203133.4578313253,-2.9298713981331215,-8.919872945968955,-11.482710772812055,-18.415246905789672,-0.12887873723166587,475.9960350182979,486.7697522361842,516.5110015869141,530.9341561889648,543.8595518493653,244,-37.76289386325911,1.951322513582543,False,5
BGRENERGY.NS,255.6199951171875,490.79998779296875,-47.91768511106521,126683.83935742972,5.098262410266319,3.6787637206095125,-24.784466521584324,-17.95217296331524,-0.13370630156652857,241.16392380345036,245.4511579888444,263.470400390625,285.5121008300781,307.28719985961914,224,-55.582720981656244,76.28726383299886,False,5
BSOFT.NS,280.3999938964844,467.1017114386881,-39.97024908497049,1708364.9123505976,1.6678775587795291,-8.336057701468647,-10.253579396864476,-21.797160672942194,-0.13295361872651998,283.5755928984945,288.2649703842196,297.1499969482422,306.20999816894533,350.65871658325193,151,-42.99578038947423,6.969524371513258,False,5
PFIZER.NS,4002.39990234375,5489.439888599995,-27.08910228426773,32813.09561752988,-1.4235764130641537,-18.650408488948166,-9.55448640108858,-13.90973483356217,-0.1230267919284749,4154.004942639508,4337.530346383452,4640.006157226562,4581.2763159179685,4681.511766357422,234,-27.943468181253827,6.490135902791017,True,5
IRCON.NS,109.8499984741211,185.56959723526165,-40.80388161059846,3429487.8253968256,-2.3810314799577625,-12.625852949127836,-18.97160849550351,-10.605400037053581,-0.1269691630129383,111.85097236798194,115.2658007989645,122.66025131225587,130.58108589172363,139.5083122253418,251,-42.44746734220759,0.0,False,5
INDIAMART.NS,1646.300048828125,2501.5597622998407,-34.18905781748831,114003.24603174604,-2.873153461467548,-5.882683810665112,-17.412459683698643,-15.070095797400862,-0.12715628332349715,1681.8046449352491,1705.4886584528576,1769.9480029296874,1864.020047607422,1983.8416589355468,251,-35.14446271223645,0.0,False,5
ASALCBR.NS,659.5499877929688,1273.3313070480908,-48.20279811371518,60162.4297188755,-3.953695053361539,-8.37369834393652,-21.615180069981555,-11.125254548983609,-0.1300476501471137,678.5294908749084,695.4119225893241,742.5260009765625,795.0454888916015,824.7014471435547,218,-49.38081045951809,21.207292149115318,False,5
STUDDS.NS,407.1000061035156,596.0022160423393,-31.69488381992934,174691.0913242009,-2.758864913736181,-8.51993289650549,-16.18147626656118,-16.471882460241993,-0.13423068934739865,414.35917523480214,422.25243309971376,435.28711181640625,450.2662042236328,477.406688079834,211,-32.45830687240733,1.9900120509422914,True,5
VOLTAS.NS,1110.9000244140625,1577.544205432766,-29.58041869201944,976901.4404761905,-4.643774728406658,-8.905287050917387,-16.310079555374944,-15.863354697644528,-0.1348380062869444,1146.2345183360283,1172.7751570956752,1254.1100048828125,1273.97041015625,1339.4997821044922,140,-29.58041869201944,12.786243352638337,True,4
SYMPHONY.NS,598.6500244140625,962.0339852805155,-37.77246609021774,116803.25099601594,-1.367491165011725,-0.564731076794811,-14.244941335801231,-22.855500819597406,-0.13665378060439465,589.7873283806839,597.1952388050217,637.1778442382813,673.8004595947266,753.264370727539,157,-41.57171324648816,6.518502885622213,True,4
KSCL.NS,696.3499755859375,1218.7102069676118,-42.8617261425428,142354.27888446214,-2.7240344576444087,-9.962509231428985,-25.175956877628657,-9.134207898483881,-0.13471375514732387,712.8968531459091,731.9209075010045,778.6729956054687,843.0404956054688,863.1624978637695,250,-43.79303659855174,0.0,True,4
HGINFRA.NS,442.45001220703125,1035.9040223621726,-57.28851296492582,265616.1031746032,-8.584708221687753,-13.869962683840631,-23.81035611882392,-9.354704267747138,-0.14517451901682932,470.05774393462667,483.0255502149529,516.6342395019532,549.4114508056641,588.6259149169922,251,-58.69000272090288,0.0,True,4
CIEINDIA.NS,387.1499938964844,518.5450350593709,-25.339176403037477,372121.6104417671,1.4012588461413733,-4.795278566993866,-18.262430299725597,-18.38821410861885,-0.13652944562149855,382.3505774313559,388.21385371335083,411.9619982910156,436.36899841308593,434.90370513916014,142,-29.244333839880255,24.69696810983053,True,4
CAPACITE.NS,195.7100067138672,334.0,-41.404189606626595,498064.9365079365,1.9429164857477144,-3.9365774220098237,-26.755240354469876,-12.582632461389565,-0.13652648926723984,196.0637790322864,201.65161384572605,212.3436001586914,224.57860092163085,231.89935066223146,251,-46.10778443113772,0.0,True,4
PFC.NS,342.54998779296875,476.82888450136187,-28.160814303188385,7108234.8286852585,-2.9053288987115677,-7.528675171251919,-20.73985133829569,-14.466255264857786,-0.1380472543155336,349.11805770997887,355.00915436804627,378.8367126464844,401.33718658447265,392.51288284301756,102,-29.471557046161234,15.693772743565205,False,4
GODAVARIB.NS,241.00999450683594,353.0,-31.725214020726366,328471.05179282866,3.1500110432754136,-1.948742264219272,-16.039015935906807,-22.777959053644146,-0.13997635750746015,238.21492047412895,240.55215552620814,251.99079864501954,270.72089859008787,277.9021491241455,104,-36.54390934844193,15.145223355527882,False,4
AGIIL.NS,270.45001220703125,434.3999938964844,-37.74170902233522,1823338.1195219124,-2.258763904688099,-8.088356089369164,-26.187222513044304,-11.704204053109157,-0.143813959834996,272.3154504533566,279.2065171401318,299.9030017089844,335.30150024414064,313.139750289917,98,-41.114178948926536,33.74384236453203,True,4
EUREKAFORB.NS,385.29998779296875,668.2999877929688,-42.34625245686372,205463.63888888888,-2.245339652558742,-7.4243208812526,-17.793902761244983,-16.691894531249996,-0.1372432678237989,397.7637541691337,408.1175743899279,433.62599975585937,451.09050048828124,490.58425079345704,203,-42.6904074523717,14.238084330355093,False,4
SHARDACROP.NS,743.0999755859375,1282.80960014975,-42.072465352676566,381232.53386454185,-2.932533807720794,-2.6655362231594593,-15.372821266942537,-21.606835319655804,-0.14080941133349056,758.7621257468205,770.1649885761826,807.4716882324219,869.185570678711,924.6954257202149,149,-42.536287198972424,37.71639263665199,False,4
MEDPLUS.NS,659.6500244140625,1022.2000122070312,-35.46761724353607,202977.272,-0.0757403592378525,0.5104428894413537,-21.113368239135767,-19.613691927903243,-0.14084972700937543,660.3392909157006,666.9332261470805,696.8040002441406,781.1350030517578,807.8585012817383,86,-36.90080294487758,16.244217986107557,True,4
AURIONPRO.NS,685.5999755859375,1275.7538371015924,-46.25922684711933,200385.524,3.105491089528223,-3.7821925013998503,-21.770885841278787,-18.04924747867016,-0.1419685413517885,685.463583845572,694.370122130865,742.9140026855468,785.7430029296875,867.9757495117187,249,-48.03072656192974,0.0,False,4
AWHCL.NS,364.8999938964844,608.2235193409729,-40.00560940296033,403248.6150793651,-0.4365637390220001,-4.263413422594287,-23.563630124476987,-16.687757680348025,-0.14640531167903365,366.92034542812803,373.86764089196,401.9401477050781,435.751344909668,461.0996653747559,251,-44.50231254478394,0.0,False,3
PGHH.NS,7486.0,14166.08056390996,-47.15546077669772,12336.665338645418,-0.42564511838254493,-8.55097766821017,-17.103903446145885,-22.296121518541845,-0.15802379686740795,7607.222437200203,7756.562151036458,8233.57208984375,8767.223330078124,10007.511640625,238,-47.53665301795584,6.934773001355765,False,3
CMSINFO.NS,230.92999267578125,413.33458673920575,-44.13000990369892,703491.2549800797,2.548954292883643,-5.083857531097358,-22.696993533492016,-17.682450504422643,-0.14643954338747767,230.94057050667163,236.68286362170872,253.83737365722655,272.51036834716797,292.7145765686035,250,-46.53483821991453,0.0,False,3
OSWALPUMPS.NS,278.1000061035156,802.9500122070312,-65.3652155332665,637530.880952381,-1.5400976864986426,-8.744870843801266,-34.35618786496024,-11.573924927340029,-0.16839410267834204,278.51511440461604,285.76885122692266,317.7850012207031,359.01850067138673,381.87274993896483,250,-66.81611455803424,-0.34608609168055304,True,3
TATAELXSI.NS,3266.699951171875,5845.177388781378,-44.112903101253394,313194.13545816735,-4.174246078853772,-10.738585273204082,-20.62060831021434,-17.67676935472836,-0.15822031897481842,3417.212085547088,3495.341997342343,3604.03599609375,3832.5240576171873,4303.745418701172,174,-44.112903101253394,6.096875295485105,False,3
HAPPSTMNDS.NS,321.54998779296875,574.7140242073417,-44.0504365216322,1505013.849206349,-3.24959172926359,-22.387159723101036,-5.828295046644561,-20.979203751041986,-0.1494256113195673,336.6336276873499,354.2198415717845,382.6422863769531,370.0110562133789,388.3569006347656,251,-44.49413333179544,0.0,True,3
SUNTV.NS,451.70001220703125,653.9340000086492,-30.925749050965855,414324.15537848603,-0.8451269211068868,-6.071944699533216,-13.021996794085645,-23.855241419834517,-0.14747597238176832,462.21161176145944,465.77868324152786,478.43253540039063,498.29369049072267,535.219549407959,108,-31.53743157549388,12.529080929202841,False,3
ICICIGI.NS,1458.0999755859375,2057.089271774458,-29.118293717599762,772707.2788844622,-0.47099142758105783,-9.75428485169103,-21.615954528577717,-18.32842724058881,-0.15814113367905147,1472.5618023774014,1512.0375412296728,1605.5780053710937,1698.0251013183595,1781.3037017822267,213,-30.81972692617455,8.210029775921711,True,3
TRANSRAILL.NS,408.75,792.3245036160992,-48.411288792092,647042.9563492064,-0.38991253313446217,-10.686205303993457,-18.961657514454366,-17.431252044735345,-0.14837230386342587,414.4207822751145,426.32708926649866,459.6447497558594,483.09514251708987,508.4362232971191,249,-49.43359796801019,-1.138518872618366,False,3
POKARNA.NS,746.8499755859375,1145.4889587311654,-34.800770457603726,178020.45816733068,-4.3052131585053495,-17.186894072852365,-26.626064438323215,-10.570989250224205,-0.16084115162007656,784.686134958433,818.7861016659932,903.251083984375,903.2487249755859,889.0506063842773,155,-35.39876623344473,33.77038750936392,False,3
CELLO.NS,322.45001220703125,670.829945323981,-51.932674673414844,409462.4578313253,-4.853933899590956,-10.130985736518983,-16.78375779145003,-20.6668374057303,-0.15813452836990022,333.10806098383205,340.84179662191997,353.5007098388672,369.3576071166992,421.6907064819336,220,-52.379881900956114,5.6147385905938485,True,3
MHRIL.NS,199.2899932861328,368.8999938964844,-45.97723052767119,190745.31474103587,1.383723793339331,-9.199017147088872,-17.896429450840113,-22.93503921791922,-0.1624437557250356,199.47972806654636,204.992881798079,217.05899993896483,223.71339965820312,254.23430015563966,248,-48.98075092766738,-0.4281143060982706,False,3
FLAIR.NS,235.22999572753906,344.31560429688966,-31.681866057772513,132486.976,-1.3876069639288335,-5.511147374529024,-16.374827227811927,-23.474818573261135,-0.15543365768946724,237.49896997340593,241.53131890733928,249.34625854492188,270.9962832641602,288.6847941589356,94,-33.7816825160777,12.874097722138544,True,3
SOLARWORLD.NS,133.55999755859375,388.5,-65.62162225004022,536062.9547325103,-5.597963251425009,-10.853029616022802,-27.793698071487714,-16.368190287517827,-0.17615787784800505,138.5575417101438,144.4489881675172,166.66460021972657,183.16470001220702,202.1458504486084,242,-67.01158206895512,0.0,False,2
RAYMONDLSL.NS,648.3499755859375,1327.2282664155505,-51.15007779807627,169680.5158730159,-6.3078069962518075,-11.288226415258219,-18.091398404972423,-25.314471754245815,-0.18441634205866878,670.196476326131,680.9041130138951,708.1689990234376,738.6609033203125,826.3825262451172,251,-52.66451025062051,0.0,False,2
KALAMANDIR.NS,78.26000213623047,219.27654356882928,-64.30990708695423,1383059.849206349,-5.21981055410361,-9.5050889241716,-26.656578845950072,-20.914442193931603,-0.18785749371602348,80.85367303420347,83.04761356896122,86.71342971801758,96.09005493164062,106.10961029052734,225,-65.08974384315333,21.196541572676942,False,2
KPIGREEN.NS,284.45001220703125,541.6977805031639,-47.48916786352425,1464069.3984063745,-1.0608653192934803,-7.750930249199007,-30.790751287826946,-23.97433733869586,-0.20483232903595577,287.8090019699638,300.13937916042244,343.5340020751953,381.37150115966796,397.7748913574219,220,-49.80596124209221,12.051570072946461,False,2
GODIGIT.NS,239.0,381.3999938964844,-37.33612904438931,535591.9083665338,-6.713509518934835,-6.895212841967457,-24.283223626996588,-26.630851880276285,-0.19987701360496465,251.92299678653652,255.2678831531877,263.8549984741211,285.8304997253418,308.25824989318846,246,-38.175142416033644,1.9460244612260258,False,2
HINDWAREAP.NS,172.0800018310547,392.70001220703125,-56.18029119379446,208033.9641434263,-3.5425965704330875,-13.287979603277634,-30.758088333847954,-13.370921083469279,-0.17587650511240932,177.63956065680773,183.67590197863794,203.3087991333008,219.4423992919922,226.2106999206543,230,-56.58263440284477,8.904316657697775,True,2
KEC.NS,404.25,927.0025895267679,-56.39170757803724,1136154.246031746,-0.5290339391668453,-4.680501253911928,-24.581177155148602,-25.11287795160876,-0.18408507971887153,405.49462632090894,413.20211273636517,442.8663848876953,478.2711376953125,546.5820439147949,248,-58.020614150048466,1.1500872966596187,False,2
KPITTECH.NS,532.0,1313.886868193049,-59.50945146961972,1936485.142857143,-3.9277652370203198,-10.27155032996454,-27.61355352392253,-18.83014978490142,-0.18263212560832268,556.7063748509248,567.846041812739,582.6464929199219,646.8814453125,783.4789965820313,251,-59.50945146961972,0.0,False,2
CAMLINFINE.NS,97.27999877929688,234.24000549316406,-58.46994685024636,1140543.685258964,-4.327302825209511,-10.241740870473247,-29.710980441186297,-18.052396993050635,-0.18615331386191744,100.55542344063012,103.41406162209927,113.64619964599609,121.64259956359864,130.11014999389647,248,-59.16581314771601,-0.49980244988896416,False,2
AHLUCONT.NS,584.7000122070312,1077.949951171875,-45.758148458434036,101903.89243027888,-1.2831294517253955,-16.298042742172314,-30.351398188560896,-20.766989289920335,-0.20800136666143407,595.9375061210333,626.7824164267151,736.8969982910156,779.9529992675781,816.4797497558594,210,-47.67846138061819,6.903933454332223,False,2
KITEX.NS,119.5,232.6999969482422,-48.64632506781702,1310918.864,-5.667824666781618,-7.349973671548938,-26.87106216147218,-27.399759678716286,-0.21057999720916118,123.0703341509764,126.16134694369713,136.50900024414062,148.18189987182618,162.07190002441405,225,-49.763642862496404,2.10545757217675,False,2
FIRSTCRY.NS,172.14999389648438,395.3500061035156,-56.456306756345455,3049884.698412698,1.96647043145326,-12.467587583642281,-20.730305591031982,-31.37880286717074,-0.2106748329776102,172.7844185322808,178.8381319317039,197.4713998413086,210.5936993408203,232.8832494354248,251,-58.677123410891795,0.0,False,2
EPACK.NS,178.83999633789062,394.04998779296875,-54.61489611012196,1555928.9960159364,-4.943129096379439,-13.243428316963858,-29.217132214935248,-23.079571467573924,-0.2113996682454086,183.9376906022955,190.6188673650216,213.09640075683595,225.75910049438477,239.74675010681153,250,-55.579241540771804,0.0,True,2
MIDWESTLTD.NS,980.7999877929688,1859.9000244140625,-47.26598339058804,110207.48672566372,-7.949320713940056,-14.713044539741848,-24.571256559061172,-25.215403141977223,-0.21195079203851613,1016.4876103371399,1055.2698183672178,1156.14,1220.7350036621094,1305.541000366211,173,-48.86821939262029,55.0373405263412,False,2
TCC.NS,49.849998474121094,105.27999877929688,-52.650076888180955,1218566.5035971224,-7.030959591313735,-1.2284579583637933,-27.837294220060095,-32.213764137177634,-0.22185481471693214,50.72341581869802,50.31921748897892,52.96271980285645,62.4025598526001,,138,-62.60448386362747,0.0,False,1
KPEL.NS,216.8800048828125,462.6490430754016,-53.12213261241614,323669.84920634923,0.9166633414610326,-15.495807504173353,-37.01756903189488,-22.320918552828527,-0.23041133297388444,221.21443923745406,233.55234125989875,271.33260162353514,312.68780075073244,313.0492166900635,220,-55.36141112501929,9.16864623247642,True,1
CHEMPLASTS.NS,171.47999572753906,439.8999938964844,-61.018413706118146,429354.577689243,-2.6511486407939766,-4.563667232020907,-17.98747011768731,-37.79293569997522,-0.21691263625779858,171.80190774169986,174.8421099339241,185.3515997314453,200.8804997253418,230.34524955749512,250,-63.40077239512626,0.0,True,1
GUJENERGY.NS,244.63999938964844,428.25011030596914,-42.8745040567854,1014479.5537848605,1.2624707554082848,-5.129345348791247,-31.358135361852778,-28.512578843500837,-0.2171209414017359,244.89749974393146,248.27728331328424,257.08658996582034,305.1710095214844,340.2261241149902,176,-44.529578408365936,8.501674377227687,False,1
GRMOVER.NS,81.63999938964844,185.4499969482422,-55.97735199077216,2191642.673306773,-6.675815892984049,-8.05271027385307,-12.394036644671136,-46.62307877176672,-0.2464556614617705,84.41351960394485,85.93758876062525,89.04699996948243,109.16880004882813,135.18371673583985,184,-57.217580132916446,19.588496279065872,False,1
AVANTIFEED.NS,774.4500122070312,1575.9303166617983,-50.857597952204905,892540.376,-5.0104226907348615,-10.010453848810673,-18.106276183573357,-33.30793777406442,-0.212581910035334,793.6188355909885,813.6162550137628,878.0510656738281,1003.5458666992188,1038.9107586669923,107,-52.1552449351216,7.660600750629398,True,1
TRIVENI.NS,238.8000030517578,487.9415273208757,-51.05970906741039,602128.392,-11.160709115923428,-13.258941452933515,-40.56340359310055,-28.497132803008874,-0.2733573340131276,257.574979804684,267.08660777152835,297.42763854980467,347.27694061279294,359.59744186401366,46,-55.10100044291393,26.270053464978773,False,1
CEINSYS.NS,675.3499755859375,1243.5070930396275,-45.68989759960977,81852.59863945578,-3.9855810039393536,-10.798687438993682,-25.563687725395713,-27.68488695966106,-0.2130135668967581,686.2004066161579,705.3770826607165,782.0588549804687,862.1598321533203,,109,-46.795741409983194,16.422640551164513,False,1
VEDL.NS,267.6000061035156,795.0,-66.33962187377162,17173261.936507937,1.4789509730558814,-0.1492514539120804,-5.005326763405693,-59.52556747502749,-0.25193780212509537,264.4593716696974,267.57810781447176,269.0150015258789,288.3150001525879,470.1132071685791,108,-68.59119535242237,16.67258081966352,True,1
RAJESHEXPO.NS,70.83000183105469,237.8800048828125,-70.22448277401547,472699.7619047619,-9.540231072232919,-11.36278490168574,-34.105495172841024,-24.656951152480033,-0.23321009100404763,76.2173364642191,77.94406372290241,82.33300018310547,92.48230003356933,121.57949974060058,187,-70.67428926168193,27.94387196124408,False,1
JAINREC.NS,276.25,593.9500122070312,-53.489351911367855,2590512.684647303,-2.9680406901024248,-7.839866555462882,-26.18570474281897,-37.386674443161425,-0.24675158580213083,280.54346064799154,285.9058305974743,306.65700073242186,351.9710006713867,381.35625030517576,95,-54.31433613491836,35.44258406599867,True,1
WAAREEINDO.NS,267.95001220703125,725.0,-63.04137762661638,82356.56746031746,6.350472495570592,-7.746599777713947,-34.366194193011324,-30.429698441317544,-0.23396010340416146,259.68385483236887,268.2296140712779,305.703000793457,352.09650131225584,390.6572512054443,235,-66.74482674434267,40.120203402461826,False,1
RAMKY.NS,319.3500061035156,705.0,-54.702126793827574,214921.59437751005,-4.9270580808849385,-18.324806623141786,-25.33317816485542,-34.02540767336954,-0.253677836515213,329.96061973873645,343.55902435141064,371.5959991455078,405.9060006713867,452.67449996948244,236,-56.191488495955234,8.590160608825958,False,1
RELINFRA.NS,49.9900016784668,274.45001220703125,-81.78538915831534,878299.7103174604,-6.839355533696123,-19.279829755969015,-35.48012453203741,-35.463462084538534,-0.2936932369799005,53.4039144805882,56.23624110090537,61.9528002166748,67.97710041046143,91.64824983596802,251,-81.78538915831534,0.0,False,0
INDIAGLYCO.NS,263.70001220703125,1219.0,-78.3675133546324,199643.41832669324,-15.045097489604709,-76.16378915590198,-72.41631671474569,-69.48935359146493,-0.6625790403115055,356.85175635887214,536.9975426308193,927.8180032348632,969.7445051574707,954.4578345489502,17,-82.19852337981952,18.66984629919708,False,0
VMARCIND.NS,346.75,1708.0,-79.69847775175644,112812.5,5.331101805042371,-4.529188230768677,-78.32473824035006,-48.988598749540266,-0.4346558843757062,340.4115315615272,345.9534693505554,324.3320001220703,727.5411688232422,707.3563339233399,65,-85.48009367681499,74.24607841132197,False,0
ORIANA.NS,271.75,3064.0,-91.13087467362925,65517.13147410358,10.715014617540897,-77.24799108796799,-83.07591653087671,-84.34935330889748,-0.7304061303866152,419.48556519810364,671.2495441841174,1157.5164031982422,1443.0221994018555,1710.2108488464355,212,-92.16057451213308,4.751169012893697,False,0
HEG.NS,237.0500030517578,753.9000244140625,-68.55683839034292,2143124.8095238097,-0.06323520169231323,-66.70412262275165,-55.227752627172265,-52.14497157618791,-0.5077346246334641,299.8175185448736,409.7037331790882,585.3386044311524,569.6676890563965,563.4093177032471,13,-71.60100820133069,38.1565049021505,False,0
PNCINFRA.NS,138.8699951171875,319.70001220703125,-56.56240543798976,596451.7658730159,-20.826681898778034,-33.66294184268504,-41.05938001042294,-25.42291492928358,-0.31302236533255123,157.71255768410572,173.7375874921981,210.76199981689453,215.11579971313478,216.82864974975587,249,-63.590867350201854,-0.6430858666190753,False,0
