Ticker,Current_Price,High_52W,Pct_From_High,Avg_Volume,Return_1W,Return_1M,Return_3M,Return_6M,RS_Composite,EMA_10,EMA_20,SMA_50,SMA_100,SMA_200,Days_Since_Peak,Max_Base_DD,Prior_Leg_Gain,Vol_Dry_Up,RS_Percentile
TBZ.NS,594.9500122070312,698.5999755859375,-14.836811766558078,1326995.6411290322,-4.57133682604467,7.140289084401186,162.34250290126235,327.60574458375913,1.8071597283815815,602.1432034409773,577.8840669275284,432.6672769165039,315.2906460571289,232.07033073425293,11,-22.595187675685768,139.50599926048298,True,99
CUPID.NS,366.1000061035156,368.0,-0.5163026892620604,30584233.68145161,17.15200195312501,33.22417116675103,72.49340210524409,298.62807132155007,1.4955928358885595,323.71501702406204,304.67115740188444,280.70879943847655,228.16949935913087,160.44449981689453,0,0.0,26.29799988629735,False,99
STLTECH.NS,1015.2000122070312,1051.0999755859375,-3.4154661033926614,4107157.10483871,6.2647237295826,23.09930849766706,86.94411841034126,406.3089322325129,1.938531424885992,959.9475105756958,901.389694794444,757.9310009765625,658.1364999389648,421.6765996551514,3,-7.240032095283366,59.1328804752278,False,99
PRIZOR.NS,1411.8499755859375,1451.25,-2.7149026297372925,24252.032520325203,20.311033283846402,15.309535073031322,72.37653337744885,259.56959061054977,1.3063380660044548,1262.649131898856,1202.7293276116166,1063.337998046875,930.2304992675781,660.6669993591308,0,0.0,58.75077464928891,False,99
MOREPENLAB.NS,129.5500030517578,150.6999969482422,-14.03450187444153,9937180.008064516,-3.118455078431226,10.759020935532826,111.965484848082,222.79918070144907,1.2454927641426767,131.99602055864847,125.2315926979147,104.12915298461914,78.23139579772949,59.00225288391113,2,-15.633708052884309,85.97044653793695,False,98
CYIENTDLM.NS,952.3499755859375,1014.6500244140625,-6.140052957087527,671892.8991935484,6.538757084181546,-2.4481459066901357,74.53494602306729,210.66710602158477,1.0679157274263422,944.6176433660512,920.2511226418653,826.5480017089844,664.5155014038086,512.0635008239747,2,-7.820434111448094,42.92118406261298,False,98
DIACABS.NS,380.95001220703125,404.0,-5.705442523012072,3065234.056451613,10.420293393342384,13.29368392774164,66.34645707380247,184.9289610339365,0.9757628766059792,365.1659794986256,360.959345649511,353.46739807128904,286.7939991760254,213.61414962768555,16,-17.41336784740486,46.709030830159314,False,98
HFCL.NS,260.3999938964844,275.9100036621094,-5.62140174686061,28505903.77016129,9.24651503175724,3.94131730910372,19.973870267650497,246.73838650876462,1.064004306487975,246.67717679320452,237.6486118987875,226.6574868774414,210.49448013305664,145.6295690345764,2,-11.057957073201596,27.78981506043705,False,98
IBULLSLTD.NS,36.619998931884766,38.88999938964844,-5.836977355077799,8755411.112903226,24.430847951586653,41.11752545373213,23.590955008779414,227.25648172571593,1.086464690788253,31.96325112070903,30.357539936903713,28.074400062561036,26.987299976348876,20.13184998035431,1,-15.710981502298239,24.083956993122957,False,98
BIRLACABLE.NS,385.20001220703125,418.79998779296875,-8.022917040424426,124565.32661290323,0.5744157198515065,13.327454876137157,104.67577036978301,208.4222175945358,1.1749455069596182,377.6737923677486,368.73907950613307,322.7557998657227,258.50514266967775,198.62781326293944,14,-20.964658632314038,108.82228305687218,False,98
NOVARTIND.NS,2049.0,2588.800048828125,-20.851361196183415,69566.73983739837,4.274809160305337,12.458836443468723,37.093538971638054,204.7973224246932,0.9596623886609298,1997.8298738789265,1962.0285932255158,1775.0279907226563,1618.5119958496093,,19,-26.606923510370173,52.123795605254486,False,97
STLNETWORK.NS,46.349998474121094,56.5,-17.964604470582135,2969262.10483871,-1.7592238780965719,46.58443151149774,80.63132794131967,139.78271421138535,0.8924344798143993,47.33118736787345,44.58692694688176,34.13440013885498,30.37000005722046,26.261050062179564,8,-21.380534214256087,114.32688106656985,False,97
YASHO.NS,4125.0,4994.0,-17.400881057268723,34917.44129554656,2.205153617443023,1.1054216705253417,35.80635505581276,180.84826281652778,0.8352281133920431,4134.236250469656,4111.089116554464,4146.939995117187,3433.175108642578,2431.9189270019533,36,-24.44933920704846,71.93872065861501,True,97
SETL.NS,387.95001220703125,468.1499938964844,-17.131257659951327,600627.3266129033,-6.95527021248783,-4.091467933984861,33.45373096535693,189.34218892378993,0.8425917425107731,413.60045438206987,408.3002360767594,362.8479986572266,288.0161993408203,209.521449508667,18,-17.131257659951327,66.54215002901395,False,97
RATNAVEER.NS,343.6000061035156,357.70001220703125,-3.9418522846889847,3166851.927125506,-0.5355351101874906,15.379456073848852,90.87829375522108,138.11503730895453,0.8553184075389917,333.9006216087138,322.85913350083155,279.7818307495117,228.27661514282227,190.27430740356445,4,-8.82024524290097,65.04547692046008,True,97
WELCORP.NS,2640.39990234375,2900.0,-8.951727505387929,1102887.9798387096,1.3278015529696985,1.5733757393248782,63.73557871252986,182.7135442337636,0.9265354661042635,2662.0260279717254,2625.4727261652124,2344.7800024414064,1907.546796875,1403.4953567504883,7,-15.517241379310342,65.68529814603717,False,97
MARINE.NS,455.6499938964844,490.8500061035156,-7.1712359721572305,816654.5846774194,4.375216272500215,9.493239328787606,76.2599721256231,137.62811767022973,0.8026540819878636,448.43693469969213,431.9617726627199,389.78906616210935,322.6822950744629,259.9574306488037,2,-9.137212090419567,34.23901336441651,False,96
FCL.NS,57.939998626708984,62.400001525878906,-7.147440368763847,12242552.129032258,3.984202005331272,-0.8555783910841552,56.79886384330173,152.283178743971,0.7818023517289522,57.01273221052204,55.963000567879334,50.301482391357425,44.80991558074951,34.104611511230466,20,-20.92948886848135,50.20650475261008,False,96
SHILPAMED.NS,1021.7000122070312,1095.0,-6.694062812143264,933436.5725806452,-3.984584564580884,6.438169207328892,63.01387565297447,153.24288144884383,0.8109049066043758,1036.4244587472665,1010.8004977680191,900.8732629394531,734.0520443725586,540.9770455932617,5,-9.461184985017123,47.52588736992851,True,96
TFCILTD.NS,147.0500030517578,154.19000244140625,-4.630650026976757,9561681.725806452,5.951444747602208,4.372207884729384,96.69880254822831,119.38136355342905,0.7823177223754622,143.83594368127808,141.4832850073795,132.582215423584,105.23122817993163,86.87785240173339,1,-5.960180488938338,27.523408948481798,False,96
SHANTIGOLD.NS,380.54998779296875,389.8999938964844,-2.398052385196492,1534813.0483870967,25.36649747866786,44.00589333606797,79.42854182839277,106.30487582236441,0.7768834129254397,329.45200687853924,305.6760636600634,263.23096160888673,241.47311126708985,220.59880561828612,0,0.0,65.31276839179587,False,96
INDSWFTLAB.NS,360.8999938964844,424.75,-15.032373420486312,892458.2388663967,-8.667594718215366,-7.056398340937708,46.44537831567837,140.15171468460466,0.6771626022853631,384.03468615940113,381.6383059788165,342.64360076904296,266.38380081176757,196.24050018310547,6,-17.598587404355502,68.86755078513399,True,96
IOLCP.NS,201.14999389648438,224.0,-10.200895581926616,2977561.931451613,-3.9352430952685813,-4.659210365967215,17.590317296470094,149.7516657684872,0.638523951136156,206.6085780647351,202.91473793106624,185.95219970703124,163.28439994812013,121.73421863555909,2,-10.991069248744424,33.74225453839153,False,95
UNIMECH.NS,1734.800048828125,1901.0,-8.74276439620595,137234.78629032258,-2.1545375731457983,6.455576510693173,46.396628593090725,122.96768537315855,0.641817242720147,1754.6837429749887,1697.7707486023476,1544.08400390625,1335.1645068359376,1117.7970040893554,3,-9.43188052751841,29.473977936383022,False,95
AVALON.NS,2300.5,2618.0,-12.127578304048892,380348.9879032258,0.8902749435501178,0.4453543620668299,30.1114208339734,130.52256845132902,0.61420551997492,2330.2750285548623,2312.4915611889855,2181.67201171875,1921.4800073242188,1456.7527548217774,14,-16.730328495034374,45.777796414941996,True,95
BLUSPRING.NS,146.9600067138672,153.0,-3.947708030152164,520784.1902834008,-0.5817890459613451,18.890062283164653,30.007082027261855,131.7615629514387,0.6542658334079081,141.6098520820836,137.96547576628433,127.69480010986328,113.34480018615723,86.88640018463134,0,0.0,20.944781606623252,False,95
SOTL.NS,764.7999877929688,860.4000244140625,-11.111115052117526,352668.2056451613,4.838929101160905,12.247745680957433,26.824312083067237,128.29879498228428,0.6230025366414147,749.6070748855403,733.2751075629467,704.7090881347656,622.9695617675782,491.41687271118167,6,-18.154347719062937,12.606198016123106,True,95
GANDHAR.NS,296.54998779296875,304.6499938964844,-2.6587908307222463,1467465.3830645161,4.936299146555312,12.308275516938094,47.33423638067842,122.46879035778937,0.6614307207536243,284.7488511046361,276.79541708595235,259.38000030517577,221.94542831420898,182.08207790374755,0,0.0,25.507867498327073,False,95
AIMTRON.NS,1788.300048828125,2010.0,-11.029848317008707,47925.20325203252,-8.304061077906677,10.218801160439138,32.42253422841019,111.65818406364818,0.556033880182795,1837.973739108727,1795.9749503799333,1685.339990234375,1472.0869995117187,1169.3214993286133,5,-11.442786069651746,26.050288362719254,False,94
SMCGLOBAL.NS,115.94999694824219,124.0,-6.491937944965976,2181999.6113360324,17.050272366156726,35.916071113006254,54.43526121530113,84.94322150597722,0.5919610842619816,104.11335520430438,96.89953538887754,85.48340026855469,77.97640113830566,75.51264553070068,0,0.0,46.69786893368306,False,94
MANINDS.NS,867.9000244140625,1039.699951171875,-16.52399103839256,918531.0564516129,-5.8217095208685565,5.622491361895099,53.20388780477714,98.15069050549371,0.557637698639228,896.6841541794747,877.9005384258957,756.2079992675781,653.368996887207,535.6517485046387,9,-18.149462348169386,92.73704732357277,True,94
SALSTEEL.NS,85.88999938964844,102.4000015258789,-16.123048720910415,248126.2064777328,-13.172259422248434,7.861361738225825,52.82917833390452,106.02063377047561,0.5851205341378193,89.45889207821428,87.01508577275575,77.05859992980957,67.44779987335205,56.64259994506836,5,-17.56835702704851,65.44572111430757,False,94
PNGSREVA.NS,687.75,738.0,-6.808943089430897,485205.7583892617,36.350120603122704,25.834784623674235,63.16725978647686,83.69391325101141,0.6122971222139474,592.0847876401442,559.7969679466112,533.8840020751953,465.90450073242187,,1,-15.311653116531165,25.258740475782314,False,94
TIMEX.NS,724.4000244140625,759.7000122070312,-4.6465693333895715,536424.2136752136,-0.6991056320681976,19.321372680819792,27.17697602934146,110.24526195871931,0.560455615652473,717.3612513967073,697.9210821895124,631.6219995117187,561.8445007324219,,3,-8.80611074622849,31.529755215335165,False,94
SBC.NS,62.43000030517578,64.43000030517578,-3.1041440175801682,11945703.387096774,6.64502789342567,33.48300127034229,47.31004891867556,97.12661873943829,0.6040476521478901,58.99355102787606,54.980793757812656,46.45559997558594,43.27210014343262,37.169150047302246,3,-6.254848300804894,49.902820679477664,False,94
AEQUS.NS,273.5,294.70001220703125,-7.193760206612387,5559981.213592233,-0.563529489823289,17.938769813890154,9.936490610980853,118.48538051864156,0.5390650040454659,270.6876459879608,261.148272588475,247.91260040283203,232.69800018310548,190.32544998168945,3,-11.571090835096353,15.218883217138512,False,93
CPPLUS.NS,4185.2001953125,4262.39990234375,-1.8111793543538868,277087.1370967742,10.148438986884534,9.308403205684712,14.326678196762078,120.39688610898618,0.553332824424485,3939.017986226401,3833.3370915816377,3657.9320068359375,3511.07681640625,2632.156446533203,0,0.0,7.337593046873181,False,93
SYRMA.NS,1719.9000244140625,1822.5999755859375,-5.63480481441675,1630762.0887096773,0.11642121029029617,4.923137850540704,18.579743441466956,103.84315845167164,0.4810745610424592,1707.3843334166313,1674.5571397010124,1553.3020581054689,1418.8616131591798,1122.7277914428712,5,-9.053001328333444,19.911952326411875,True,93
UNIVCABLES.NS,1518.800048828125,1774.9000244140625,-14.428980340483255,185057.9516129032,4.651002392958237,-0.38695497689335,34.86288373077133,100.38848793059753,0.5100196953538757,1532.4527730392495,1522.8304719303094,1545.9139990234376,1364.7328814697266,1071.708376159668,41,-24.59293447494877,39.27730571413033,False,93
EMIL.NS,191.1699981689453,212.63999938964844,-10.096877954443928,2642456.915322581,-6.31218068619458,2.768516169336954,42.281927136443386,86.6529990106071,0.47268262910423786,197.77008109746316,194.19735757139995,182.07580108642577,151.81550048828126,126.38915031433106,2,-10.647102828552102,17.021623215372948,False,93
MACPOWER.NS,1898.800048828125,2251.0,-15.646377217764329,38140.08906882591,-11.46960063407353,1.3987778148042196,38.537181696740404,91.85406186543807,0.4743557475475084,2037.2028342601948,2016.8668552122804,1885.7468432617188,1538.4748999023439,1255.7821557617187,4,-17.769880053309638,36.763001912260115,False,93
LAURUSLABS.NS,2036.5999755859375,2065.199951171875,-1.384852617767529,2113944.6733870967,2.6512084468718555,4.607321898764227,32.4359416647126,88.33459199580973,0.462512045221777,2010.1536737202557,1984.3187394680915,1907.1119995117188,1690.2360046386718,1378.692621459961,2,-3.6945539687097573,10.722764230211702,False,92
RAMRAT.NS,584.25,662.8499755859375,-11.857883153191295,222502.6113360324,-5.238827091472553,9.976470588235298,40.25587550800043,80.15087739868085,0.45608525020372276,600.6561826828722,581.1699952850946,527.1980017089844,468.9016619873047,400.5962350463867,4,-12.167151897020789,35.97346045300067,False,92
AEROFLEX.NS,520.5,584.1500244140625,-10.896177651949479,2070387.3064516129,-0.16303359082010527,-9.241499564080213,25.981002406054632,99.14928258593434,0.45589410484292076,534.8462798661518,530.1827947892195,504.43699951171874,469.1427883911133,353.47115562438967,21,-21.79235007962833,39.57167401284472,False,92
TDPOWERSYS.NS,793.75,856.0999755859375,-7.2830250396004885,2626574.504032258,0.20197885963848528,3.245319017064041,38.154270923576306,79.63490388176209,0.4396950451915438,789.6076950933777,773.5856681959084,729.4377966308593,665.9487280273438,549.2872454833985,4,-9.607522759676046,32.42649779991047,False,92
SEDEMAC.NS,3229.800048828125,3650.0,-11.512327429366442,221331.91666666666,-5.913539883259422,12.63470091815606,17.64406511673735,97.65008855532349,0.4628884115245587,3320.1638430539665,3255.571237466842,3082.117998046875,2833.5489892578125,,4,-12.191780821917808,20.684965461830117,False,92
TCPLPACK.NS,4274.7001953125,4410.89990234375,-3.0877986362574106,8793.554655870445,8.85131748650112,10.323386305555026,42.68587445722205,73.45099500296841,0.45135969348115096,4045.553537454053,3991.16093990591,3849.6916455078126,3349.9760131835938,3009.869631347656,40,-17.13709036884059,62.80550037464734,False,92
MANALIPETC.NS,85.87000274658203,93.0,-7.6666637133526505,1685525.3709677418,9.878440268675748,-4.095325309261744,38.26973534082781,75.30627755380432,0.41772210588785297,85.75083708701827,84.23068431693619,77.73285552978516,70.29417175292969,62.397273025512696,2,-8.494625296643987,41.4590515986881,False,91
KOPRAN.NS,251.0500030517578,295.8299865722656,-15.137067083484768,571992.9233870967,-10.990954115539854,4.818174109470208,29.74335317002661,74.5818445126901,0.38620283166424085,267.03960247894145,262.1826216019964,227.7404327392578,207.69167572021485,172.61517623901366,6,-16.134260431739722,49.7403635525973,True,91
WELSPUNLIV.NS,223.75,245.5,-8.859470468431773,4201944.064516129,-6.447296185557905,7.639392531788958,34.65126224080053,81.63592709209635,0.43932898396880704,227.63847112845954,221.44258406476888,197.03679992675782,176.15061645507814,151.75404556274415,2,-10.382894294567846,43.56321763284152,True,91
LLOYDSENGG.NS,94.41999816894531,104.19999694824219,-9.385795648491968,9168251.137096774,-3.956870599381268,15.413764804625574,4.502956414887915,92.20397651896334,0.4091954343303871,96.65357944268948,93.78375374797447,89.89769622802734,85.47519065856933,68.3539938735962,6,-10.748557846700713,6.677396337060171,False,91
JGCHEM.NS,630.75,688.0,-8.321220930232553,262851.9556451613,3.3508131437106403,3.38495374031611,38.4658271032893,78.1473889150389,0.4381077575943664,633.0340546236472,623.159994080708,600.8278283691407,518.8834658813477,438.5680659484863,6,-14.229654711346296,27.783434571264355,True,91
REDINGTON.NS,380.0,419.5,-9.415971394517285,5866920.213709678,-4.5106198407886655,1.726679806667808,35.5206876859937,77.96871372145408,0.4173796577163444,397.23135777432447,393.4869118208028,370.4340008544922,312.44592041015625,276.03109016418455,11,-9.904645481041419,44.12876014883756,True,91
SAKAR.NS,1011.5,1229.8499755859375,-17.754196033699888,124773.80241935483,-5.906976744186043,-12.639804695930156,22.68041237113403,87.17615734690895,0.3855592803649916,1051.347680890291,1062.7743279463532,1002.7850048828125,913.692001953125,707.1210006713867,11,-23.41342089588504,37.283031160431854,False,90
ATHERENERG.NS,1434.4000244140625,1744.0,-17.752292178092745,3974781.8588709678,2.012662635623186,-9.10012519556005,17.017455317069107,86.11651767156626,0.3793308488819754,1447.5232863984884,1478.4292949348012,1505.09400390625,1293.5450006103515,1023.9902496337891,26,-21.525230757687076,51.28879646867253,False,90
APARINDS.NS,17984.0,19265.0,-6.6493641318453145,126244.44758064517,1.903898458748876,2.3330715309526795,28.371296343607266,72.05107639270057,0.37988823612227834,17884.257864505424,17744.99480712214,17125.23490234375,15650.539423828124,12745.07901123047,12,-11.990656631196472,30.213524578644968,False,90
MTARTECH.NS,7781.5,8714.0,-10.701170530181315,696803.1612903225,-0.19879440810568472,-0.23078402461695902,9.58315730178847,87.94078310153417,0.37985224185416255,7632.228705465951,7453.111983950011,7084.64,7103.285,5463.784500732422,77,-40.394767041542345,58.619968275961945,False,90
KISSHT.NS,369.1000061035156,388.1499938964844,-4.907893364040394,3325349.14953271,-0.5523340500284357,11.510575862089322,15.056116006375198,76.91607029911115,0.3753014468897205,367.62036451346694,356.71297595584656,326.97499755859377,309.06019943237305,,4,-5.47468770685261,24.59339727368286,True,90
GMMPFAUDLR.NS,1299.800048828125,1533.5999755859375,-15.245170219077853,182124.51012145748,-9.948730300474452,1.1360176012251921,72.48065255197116,43.884845228649084,0.3853046434724858,1394.5170546020063,1368.6102316571105,1180.03099609375,985.5012689208984,967.3471688842774,13,-16.17761994884923,86.74789791089947,True,90
QUADFUTURE.NS,511.25,567.2000122070312,-9.86424735594138,1261814.6572580645,-3.7918749507549476,15.9297052154195,23.564954682779458,68.78508098442515,0.373902723466123,523.3013758160242,508.5794484222427,439.3880029296875,408.9020013427734,357.3715007019043,6,-11.49506537444024,55.041065631287346,True,89
UFLEX.NS,621.7000122070312,723.5,-14.070488983133211,201240.65182186235,-4.331763397163291,-9.47214966042501,37.78811954503378,70.2106935162183,0.37093106998196124,638.9472114067154,641.7859505610913,607.9239996337891,519.8515048217773,480.99183166503906,25,-15.96406357982032,63.914515426256415,True,89
NEOGEN.NS,2378.199951171875,2499.699951171875,-4.8605833649370656,173603.61290322582,-1.2006208845454558,7.464977459190014,14.112040369048406,79.07356872091017,0.3723597300246205,2389.718665018421,2362.680234485521,2247.253078613281,2107.0108349609377,1729.6938134765626,13,-8.120974675573855,14.453240820997259,True,89
BBOX.NS,892.0999755859375,1101.5073628455477,-19.010983886539222,649074.5483870967,12.093987931473738,15.721876680960722,-3.153864339558732,78.73325831578344,0.34900918153785276,839.0810425418389,815.853814636987,775.5798034667969,859.6250494384766,705.4932173156739,87,-35.62003774699245,127.50211777409422,False,89
FINCABLES.NS,1388.699951171875,1499.0,-7.358242083263844,630168.8185483871,-4.8053259740813985,6.634408285670945,32.630500714320185,64.90846141892628,0.36598883841592617,1433.388196555218,1409.764565220949,1288.839139404297,1171.5961315917968,1009.4374035644531,1,-8.07871751740744,16.91722952255157,True,89
EBGNG.NS,685.5,740.4000244140625,-7.414913911909881,486852.6761133603,-2.724565329139028,3.059456489363277,8.148619768631637,82.12008796910946,0.3563205588319204,691.875278910888,679.6461950482953,626.1620043945312,572.3930014038086,461.3155007171631,1,-10.183687456484424,20.88901216854808,False,89
AEROPLANE.NS,218.41000366210938,220.88999938964844,-1.1227288398712787,1210432.9307692307,4.934180985191117,9.583064742098824,23.3188430407266,66.44566501318545,0.3598394996443104,211.18666968555718,205.8128215088502,194.55000122070314,171.00780006408692,,1,-4.0699015428515395,18.133609501958013,False,89
RAIN.NS,215.4199981689453,250.82236847510148,-14.114518781314544,4653610.153225807,3.309032109681209,-1.0972863580357428,4.530988052704399,83.24562240363642,0.34768991316626857,213.7097731026579,212.9309008218716,212.3650637817383,203.5827328491211,169.82280452728273,43,-23.83454695544952,14.479424869123614,False,88
INDOAMIN.NS,157.72000122070312,168.0,-6.119046892438618,148614.86290322582,15.528857518882088,24.636740277030334,24.382221673495064,49.97958452254336,0.3378673411836014,148.1514897074271,141.28254752251672,130.26629470825196,130.1590648651123,121.29514221191407,3,-13.482139224097844,23.789383522709294,False,88
ACCENTMIC.NS,645.5999755859375,731.7000122070312,-11.767122479797376,48227.64227642276,-4.305943493199327,3.5279026397216695,31.23733457008353,60.2151872342356,0.337322614433437,664.8289004912931,660.3952313658077,613.9779974365234,543.9009677124023,455.0598553466797,16,-14.309144521020844,30.139323984289025,False,88
REMUS.NS,978.25,1006.4907481599214,-2.805862668042547,6670.04048582996,8.309343088866772,11.379227984902741,30.89199858129166,54.13305991135904,0.3402760344479834,905.6631078962718,907.7080025830832,883.5939831542969,817.6828143310547,747.7192050170898,13,-16.839772096244943,35.37748343587985,False,88
DELTACORP.NS,81.30999755859375,88.5999984741211,-8.227992145684581,4285925.802419355,10.655952427799287,46.663058392323876,26.153454254821497,39.19715719457777,0.3392310607552226,77.91907344248554,72.68796635375928,63.73564102172852,64.65765411376952,64.53695457458497,3,-14.221217484333692,34.28447247733726,False,88
DIVISLAB.NS,9340.0,9740.0,-4.106776180698157,390769.8629032258,0.983890150286526,-2.4543080939947726,37.19302516246395,59.44432149565741,0.34543163543231853,9403.754763477758,9349.29972401213,9004.83,7923.917587890625,7095.7933203125,10,-6.796714579055441,23.34767807823239,False,88
ESAFSFB.NS,41.400001525878906,46.0,-9.999996682871949,1231058.6680161944,-4.608294768854848,-0.1687959796569105,15.869023387308157,72.57191296733919,0.33294883530311253,42.259076719294974,41.91482831048164,41.412799758911135,36.78719995498657,31.477349939346315,6,-11.869563227114465,6.050502485050857,True,87
PARAS.NS,1267.9000244140625,1583.9105379095645,-19.95128550079418,1778230.1129032257,-0.634794324916732,-15.698136674596908,1.250670308321844,90.27776174823505,0.3328319902437952,1295.8705229484274,1326.7266803827417,1369.9056787109375,1243.6135760498046,968.005661315918,33,-23.278498242982305,21.548123141014884,True,87
MARKSANS.NS,309.1000061035156,350.95001220703125,-11.924776933424807,2054404.1733870967,-5.067567472573775,-7.978561559970676,13.786011605318516,77.52180268796339,0.330420554975294,322.3075098020963,324.52891495741363,315.6927685546875,283.989443359375,230.7404419708252,10,-13.24975021587088,30.403223114556898,True,87
TATVA.NS,1804.800048828125,2008.699951171875,-10.150839214427965,128505.28629032258,3.5337367704054268,7.545422268762847,36.221502398883906,50.29344225133343,0.32846285750991655,1822.485482669111,1778.3920243137443,1709.4118359375,1505.3786572265626,1373.079116821289,1,-11.280927022163723,4.051492263257672,False,87
VIDYAWIRES.NS,98.05999755859375,117.3499984741211,-16.438006958970107,4176938.0485436893,7.793774038421208,10.06847187049229,1.0302905678483132,75.79777645134942,0.3342126952883484,94.72482680826418,92.4038025176751,90.31539993286133,93.51389999389649,76.07210006713868,92,-30.12356108544538,107.62468512164607,False,87
CHENNPETRO.NS,1487.699951171875,1677.5,-11.314458946535023,2478495.4677419355,10.494646776265814,2.051029039804564,31.496220164417245,56.849607111440584,0.336483793794889,1464.0249891264302,1443.762335351782,1395.6243505859375,1245.122958984375,1069.4664685058594,18,-21.007453020212374,36.72258324378681,False,87
SUDEEPPHRM.NS,1050.300048828125,1378.0,-23.780838256304428,532131.0093457944,-12.460409561244845,-21.86429943607182,27.65025490192443,70.79088609283446,0.30992530064372265,1143.5924122697822,1157.0038534137047,1130.3710107421875,963.6968005371094,793.873910522461,22,-24.833087893459727,56.40847027373459,False,86
ICIL.NS,436.29998779296875,485.95001220703125,-10.217105292078866,805623.3790322581,-1.6567127701190953,-3.2272414580396314,6.176102271196382,75.61220139833304,0.312865916720723,450.6438426268211,447.699976274813,434.30218811035155,404.1114758300781,334.98863708496094,11,-10.896184973131096,16.479378036302748,True,86
MUKANDLTD.NS,175.99000549316406,190.6999969482422,-7.713682061080762,215850.3266129032,1.9286469132546724,27.84396397746496,35.27499091026378,36.86113929666808,0.31088610478564827,173.02656640088554,163.63521140827405,145.80037384033204,140.17897941589356,134.0824475479126,2,-10.073409419241841,31.727362174398,False,86
PRECWIRE.NS,482.70001220703125,524.9000244140625,-8.03962854719591,1015899.6572580645,-3.72955363324432,0.5206163965947974,25.311178204172325,57.887164146565986,0.3047938703587261,495.900932921372,487.6530121732276,457.8040008544922,428.8750915527344,364.8844605255127,27,-19.927611308049965,31.614317126495184,True,86
WELENT.NS,735.9000244140625,841.9000244140625,-12.590568586070884,332226.18548387097,1.5805110102971698,-6.8480981754351244,19.85342417167142,65.10910640703365,0.3078810128025757,738.9850468484484,740.1191479587925,689.9669982910157,628.9103005981445,555.0340144348145,13,-15.310609416334575,31.045428891748106,True,86
APOLLO.NS,388.3500061035156,466.21327810672074,-16.70121286965608,9522923.862903226,-1.4340086031686239,-7.0139119772778535,-4.955648917694377,86.7766679700205,0.3167778925692746,399.2718919036301,398.166945752002,393.69310791015624,399.0426989746094,322.7647017669678,68,-22.529477120049535,43.90087848017941,False,86
MEESHO.NS,232.74000549316406,254.39999389648438,-8.514146589222715,25110098.81553398,6.424620647906498,10.271964458140204,19.901089465429855,52.39654507127729,0.29625799824558563,229.24073538295653,224.28732588066623,209.3674008178711,196.1852001953125,181.73559967041015,199,-50.64465386359866,38.497273441201955,False,85
RAYMONDREL.NS,698.2000122070312,741.9500122070312,-5.896623664694022,790338.2943548387,7.672141115499942,19.862663039833684,-0.2571411132812451,60.314540993776156,0.28788420783042823,678.7590421290915,654.0548307490817,612.5299987792969,621.7298846435547,539.361802520752,9,-14.603414628809263,10.347504612671043,False,85
NAZARA.NS,377.6499938964844,401.8999938964844,-6.0338393551322085,2451209.125,-1.8326015302419063,2.5108578048997243,24.10450510876112,52.579694670089026,0.28582140808619705,378.9626959199164,375.39255593313555,363.4659991455078,329.05349822998045,295.54699913024905,6,-6.942023966208488,12.403435222751247,False,85
BALAMINES.NS,2040.800048828125,2629.800048828125,-22.397140051102614,337244.90725806454,-0.5554966677218887,-17.556753278698068,-15.491319253131241,91.64702134510759,0.2844451243959186,2121.939767981038,2161.806053345415,2198.401989746094,2154.3374291992186,1655.5375723266602,22,-26.382235757326566,9.650141223817377,False,85
BHEL.NS,433.6000061035156,455.95001220703125,-4.901854480786206,13057194.391129032,2.9928755590298506,2.712308983199674,10.056602266770787,63.71798785107454,0.2934592517300397,431.12078262240055,427.9574408811972,422.19000122070315,411.985065612793,349.4783260345459,2,-7.742080790759653,9.657701711491452,False,85
IGPL.NS,566.7999877929688,609.9000244140625,-7.066737972752247,48765.651821862346,-0.4828373380634021,-3.0365238851542964,32.58845541308628,51.48208626996416,0.29713782621074347,573.3485748605917,566.1588089322124,530.5149993896484,482.87139190673827,431.20498794555664,8,-10.132816257467269,23.405832953415118,False,85
GNFC.NS,592.7000122070312,636.0,-6.808174181284398,453496.96774193546,0.6025609175692281,4.3302301845236535,22.322495622543002,46.57987113350903,0.26254999268828166,603.2543960202402,596.0363853776646,567.118232421875,533.4980355834961,488.62118377685545,9,-9.433962264150942,24.01086634508427,False,84
YATHARTH.NS,1022.2000122070312,1184.0,-13.66553950954128,519439.1935483871,-1.1125026127559168,5.392307091090576,23.26666289333572,45.60539732981677,0.26189368956869946,1044.3478571563264,1040.8194058736387,966.02673828125,900.5736798095703,795.9377185058594,14,-15.96283783783784,35.47702076598027,True,84
GALAXYSURF.NS,2502.199951171875,2648.0,-5.506044140034927,25698.975708502025,5.271574486774666,11.115061045458363,26.493325290461335,41.77882223134921,0.27409696137447226,2376.373617463446,2319.413339673745,2228.973991699219,2047.4037060546875,1945.0935736083984,37,-21.499246556953366,24.9680219845009,False,84
CYIENT.NS,1158.800048828125,1219.0,-4.938470153558249,563560.7701612903,4.906760315057679,6.6740308148021565,37.76377758953697,34.861803762365426,0.27099336976273464,1108.791056062622,1089.5861076487643,1009.6060021972656,941.5150030517578,963.5955004882812,26,-15.479897553066035,37.31871349027402,False,84
VINYAS.NS,1444.699951171875,1730.0,-16.491332302203755,10233.333333333334,-0.7726913958096548,-4.969580583991117,2.4210344306550224,67.2977791203714,0.2657423672096588,1449.801493158883,1470.281325749175,1451.8970068359374,1376.113003540039,1210.7652514648437,32,-24.277456647398843,13.05720346692867,False,84
INOXINDIA.NS,2056.89990234375,2339.5,-12.079508341793122,237701.02429149798,-5.137672092226442,-7.175414369206223,3.9888727170753313,67.21123873540411,0.26132307226220364,2079.4685190791906,2086.701297842988,2046.833994140625,1922.0424291992188,1575.5187176513673,19,-17.46954268740649,15.11231551968173,False,84
CONFIPET.NS,83.66999816894531,93.09257068463576,-10.12172340541625,2719689.8629032257,-2.7658393938475023,1.547519937420283,9.570378534952484,55.5553427923595,0.2512617072552885,86.57628644870407,86.10962248181117,82.16687423706054,76.93366737365723,58.677111825942994,13,-10.497691618074988,13.614292853582954,False,83
MOBIKWIK.NS,245.49000549316406,290.6000061035156,-15.523055630729331,2713166.7258064514,25.103200753273946,26.449987774262663,10.855727647871927,36.9005105210078,0.25817240132944624,225.81494522545614,215.3606588284089,203.45800018310547,202.52259994506835,204.23120018005372,246,-47.88024654758091,-1.0343660872250582,False,83
COFORGE.NS,1867.9000244140625,2021.199951171875,-7.584599765546718,2917846.2741935486,2.294634414789831,-4.210255158253206,24.501358691893515,47.374955564080224,0.25687802243028485,1822.5305341603396,1822.0587576433886,1836.3767993164063,1649.8788244628906,1521.3359088134766,27,-15.050463018045413,34.282001170787126,False,83
ENGINERSIN.NS,293.1000061035156,321.3999938964844,-8.805223500434645,5294971.358870967,-6.282971669539372,5.842664806433229,23.31528215447285,43.133161829292966,0.24788085172391752,300.51992321218705,293.38145050557466,265.60288513183593,249.6800215148926,227.50208457946778,8,-13.581205577291655,42.31673315620317,False,83
PAYTM.NS,1636.0,1855.5,-11.829695499865267,3606878.375,-1.2077294685990392,-2.035928143712573,21.925766915034583,46.996726876835936,0.2484846224964233,1682.5552618451197,1691.07542046001,1641.0319995117188,1410.4590014648438,1285.122501220703,16,-15.990296479217193,37.6393694732795,False,83
GHCLTEXTIL.NS,124.05000305175781,144.58999633789062,-14.20568075687142,476527.8178137652,-4.000927194014759,-5.994243149184486,13.443077076142472,57.98316502634886,0.2562724778414392,128.8679242212705,129.49308709225994,126.82939987182617,114.11427261352539,95.94253593444824,25,-19.06079138019281,32.28594166315881,True,83
KROSS.NS,243.0500030517578,283.0,-14.11660669549194,949175.7943548387,-5.94039907403241,15.036919943211412,30.749369976754327,31.755841840629984,0.2434049181051733,252.23248128677443,247.7690860836977,225.01059967041016,207.2029002380371,200.6178500366211,11,-17.296818709626216,42.28941690725545,False,83
RSL.NS,172.0399932861328,202.22000122070312,-14.924343661550976,796661.9420289855,-1.3701768560472338,-9.30293058152386,33.57716457240263,38.38833281700229,0.23430878696612215,174.52729740521912,175.7815785417078,170.45855560302735,150.16243354797362,,12,-18.90020818414978,39.795234586410146,False,82
SMLMAH.NS,5811.5,6898.5,-15.757048633760961,103873.05645161291,-7.030875059990405,-7.951215649006094,39.87099897934421,35.34735066897818,0.23806909325594275,6174.438873790484,6191.36356533657,5835.496005859375,4878.830766601563,4467.306939697266,11,-16.286149162861495,78.5545335085414,True,82
DYNAMATECH.NS,13321.0,14409.0,-7.550836282878759,28080.78629032258,-3.1622564699040456,14.994820441988942,24.723936808459058,34.37998511453972,0.23851913529760993,13422.06689778717,12991.370455447795,11919.57943359375,11212.675556640625,10527.9066015625,3,-9.008258727184405,25.33267594169466,False,82
INDNIPPON.NS,1188.0,1564.0,-24.040920716112534,64866.717741935485,-2.9728866128928555,5.854045113913786,1.6688061617458283,55.24338451486442,0.23471516015962984,1226.0474183636668,1226.5729041451284,1178.9059985351562,1086.1634985351564,930.6004418945313,19,-25.409208722126763,13.515754560530691,True,82
SAILIFE.NS,1487.9000244140625,1697.0,-12.321742815906745,557446.0483870967,-3.458339504701191,-9.665469827673412,17.62055528964921,52.83242186537558,0.24140207417040194,1537.1668296312928,1544.7055127428662,1502.7779956054687,1358.8490014648437,1159.059248046875,20,-13.34119177454699,32.63141934574871,False,82
CARTRADE.NS,2951.0,3290.5,-10.317580914754599,604992.3548387097,5.145011662485732,-7.104855813927746,5.02153466529387,57.67258166778599,0.23669023070165582,2913.300704957857,2931.3751404796435,2926.2360009765625,2682.2709924316405,2394.993494873047,222,-51.37517094666464,32.04040404040405,True,82
NILKAMAL.NS,1776.0,2149.5,-17.37613398464759,37636.34008097166,-5.118070644784012,-15.909090909090907,36.248561565017255,39.710931020366644,0.23065315631355257,1849.89928896896,1885.7648707707742,1923.42400390625,1630.5445275878906,1474.6457971191405,24,-17.655268667131896,63.613114606450736,True,81
CEMPRO.NS,1125.0999755859375,1649.199951171875,-31.779043845685706,642224.7540322581,-4.563580262445477,-12.450393202057953,-28.191221564778058,86.42744341911046,0.23167174231554633,1174.2119871443817,1207.298314698339,1257.9860034179687,1266.0268530273438,968.1240939331054,56,-31.960950229921792,90.51875910636231,False,81
SOMANYCERA.NS,591.4500122070312,631.7000122070312,-6.37169530191628,111084.01619433198,-3.7040051364133686,5.1186326389945025,14.276702844064214,45.10599616312765,0.2297873533262789,605.683135539341,595.3254567493458,555.371216430664,533.9318783569336,469.72883102416995,3,-8.453383470342779,26.05889781929187,True,81
KWIL.NS,37.36000061035156,50.68000030517578,-26.282556461357977,18222366.7375,-2.606882127447485,-9.932495123799711,13.521728300127545,52.98935501076964,0.23005073256841435,38.60844846636538,39.5781131688445,39.84240005493164,36.13200002670288,,32,-28.078136259961827,39.34097118034599,True,81
SENORES.NS,1320.0,1599.0,-17.448405253283305,312881.75,-2.1932406728954246,-12.571204311156558,-6.898014209335168,68.52856686881583,0.2260845755520493,1358.3307272013194,1379.7104213115922,1421.7999975585938,1343.4725,1083.9982501220702,32,-18.69293461001016,14.860562232040353,False,81
SONACOMS.NS,783.2999877929688,844.0,-7.191944574292797,2246646.0725806453,-2.695653690314437,-2.57462838395911,17.16401198043771,47.194418956737174,0.23242480131002918,803.3267676967924,803.8460304358565,802.8720007324218,720.2536932373047,619.0441635131835,34,-10.065167323107971,32.71436147497919,False,81
LXCHEM.NS,180.33999633789062,208.64486389527397,-13.566050478764978,1102370.6572580645,-0.5788649072666185,-2.265341338491489,16.164202227087255,44.033608437500014,0.21951749284701225,181.81350244340868,179.91172702392365,176.6624005126953,168.93731262207032,155.15004932403565,242,-48.51674634925467,2.7041741271938813,False,80
SUNDRMFAST.NS,1127.800048828125,1347.199951171875,-16.285622795109433,146291.95141700405,0.37380503145678645,-10.13545427664343,19.876707425755956,45.25421623669725,0.22074988370222684,1139.4733478671783,1159.0591899033732,1172.1270031738281,1034.8340014648438,952.5199133300781,19,-18.70546386086158,29.448138010974056,True,80
MPSLTD.NS,2473.199951171875,2979.0,-16.97885360282393,37288.336032388666,-5.904731279037212,-10.036016757614396,23.845766207905616,42.44902780365536,0.2153566450440723,2612.94992979941,2632.816738811735,2707.0199853515624,2340.6449951171876,2025.0769927978515,42,-20.439741602677074,57.82687001001705,False,80
PWL.NS,143.69000244140625,161.99000549316406,-11.296995142413325,16930803.68018018,19.572276467371253,13.472325324186007,-2.5367906261785866,45.06814539553539,0.21917913681934906,134.61362122306824,131.9012623234785,126.74640045166015,124.27689987182617,116.28204986572266,221,-52.021730609804266,0.0,False,80
KTKBANK.NS,328.20001220703125,345.3999938964844,-4.979728428891617,3798102.189516129,2.0522406648808333,-0.27747533423797544,20.616069068320364,36.88248711276485,0.2108754456524254,325.7136301453139,324.9913085155063,318.26497131347656,292.294112701416,253.34078628540038,10,-8.396062684555583,23.092406351504312,False,80
BALRAMCHIN.NS,678.1500244140625,780.9500122070312,-13.163452997772197,1272172.7983870967,4.483481575902282,-4.680580114078136,19.624271513303594,41.16362053080893,0.21864961801089253,680.7760196128045,678.3688245727927,668.4199963378907,614.0034991455078,542.4397494506836,34,-18.45829082026419,42.90238320232416,True,80
CARBORUNIV.NS,1202.5999755859375,1368.9000244140625,-12.148443703864153,281249.2914979757,-2.99265766291813,9.736285135035327,10.471720360306701,40.05663140857389,0.20812159932236823,1227.5949421474966,1203.762150912889,1142.6259912109374,1113.8693353271485,982.9050405883789,10,-13.62407748365908,23.06736805074845,True,79
POWERICA.NS,585.4500122070312,676.9500122070312,-13.516507622429385,375839.5307692308,-0.6280254695246956,10.316562792661376,3.20846402944579,44.87750640049741,0.2091405178061251,586.123060724488,575.2875974664873,548.6189953613281,552.4664968872071,,74,-27.52049855249442,42.51722314481019,False,79
LENSKART.NS,677.6500244140625,725.0,-6.531031115301722,6513234.701754386,-1.9532662263080924,-2.6015056537459613,24.64821005837774,34.02887979303577,0.20290387181347627,677.7969701294508,676.0947057278639,648.7600048828125,586.0630044555664,536.1107525634766,14,-10.965517241379308,26.874772377421063,True,79
AGI.NS,770.4500122070312,887.9247110688007,-13.230254479612846,249784.24696356276,-2.5733404021327733,-0.7926572885221583,8.974438552634222,44.38532407065849,0.20030595696135958,786.1567913569355,781.3295185919628,748.6574438476563,703.0178942871094,651.19206741333,243,-48.11136802855987,-1.738580335197215,True,79
SUNTV.NS,635.9000244140625,663.9000244140625,-4.217502480845958,605374.3306451613,6.0009999224724275,40.22051254995866,28.57303374876985,6.955120591326502,0.19998160863400533,594.7629518789494,556.1795475923269,498.8389764404297,500.4467041015625,536.4562445068359,6,-16.546171498945796,21.680046190768444,False,79
TBOTEK.NS,1666.4000244140625,1772.5,-5.985894250264456,202000.20967741936,-0.3051137054105646,-1.6583048442571524,10.731609899659645,43.3339118706084,0.20190875378748768,1678.8121158531274,1679.9706596916965,1669.9779907226562,1526.2469946289064,1435.602999267578,2,-7.700987306064877,6.398252184769038,False,79
MVGJL.NS,207.8699951171875,233.99000549316406,-11.162874380435728,140574.6882591093,0.5708997347928069,-1.352508583430856,33.12200015517745,25.14749396676137,0.1978218589005089,208.84129231535508,205.1685583547078,183.4033996582031,168.9151998901367,168.17870002746582,21,-20.872691333009318,27.307875653409774,False,78
DYCL.NS,420.6000061035156,560.0,-24.892856052943635,595996.8870967742,-1.7289705365617691,-8.68432467866932,15.931648361446582,42.31584710389005,0.19796071360599954,436.4524997022665,443.92779138847243,448.5220013427734,400.8415042114258,356.35048606872556,26,-25.598215375627788,53.25982393201485,True,78
FOSECOIND.NS,6236.5,7389.5,-15.603220786250759,7982.435483870968,-2.287504896200543,2.313181855467139,19.233342892648885,34.53118826674317,0.19816364055965308,6364.446230695063,6341.723354921589,6005.14,5540.781313476563,5163.5502734375,15,-16.435482779619726,32.57887517146776,True,78
ARIS.NS,140.30999755859375,178.3000030517578,-21.306789031369867,1210025.8588709678,1.1899566226069913,10.28925971725303,28.33622538067071,22.584307776416736,0.1971143833047921,139.22932944742246,137.4741527427072,135.2901998901367,125.87590026855469,121.31105018615723,238,-53.909142513407495,9.800230444343484,False,78
AXISCADES.NS,2082.300048828125,2360.0,-11.766947083554024,157603.56048387097,-9.751657575453931,12.642003479855779,29.875880085583972,23.703438984498028,0.19997374557900166,2116.1632913524645,2017.8395580488789,1766.047998046875,1759.4850012207032,1639.1270037841796,4,-14.084746797206037,39.89824780392788,False,78
AEROENTER.NS,123.30999755859375,159.60000610351562,-22.738099722492734,614454.4574898785,1.1317946772443355,-19.220437282026214,-1.0424152268850406,58.00089252851961,0.19156724454661525,126.08315911933899,127.44748417130194,130.916280670166,123.59309234619141,103.01890319824219,21,-32.33082965551277,26.324199242577826,False,78
WOCKPHARMA.NS,1996.4000244140625,2422.300048828125,-17.58246360190212,1270052.2580645161,-4.1988522496342995,-10.233811851885676,10.25570653613832,47.90338955368281,0.19771420186974056,2104.548844754458,2111.0493847350012,2032.6099975585937,1960.5389929199218,1670.6324932861328,91,-26.00421135766394,83.11644056783827,False,78
NETWEB.NS,4721.60009765625,5813.0,-18.77515744613366,1707243.1532258065,4.453250927294783,-7.192135672604428,9.745483789399522,42.6750999351164,0.19000583069075008,4690.222262932804,4736.204723020446,4911.88994140625,4669.572185058594,4045.258428955078,32,-24.514020299329086,22.517284149253094,False,77
UNIPARTS.NS,757.9500122070312,915.9500122070312,-17.249849652743656,183991.02429149798,-7.488096728916371,-15.595767014807215,8.732091266551588,49.972000080672615,0.18740464336381446,811.0455301806417,827.6375651450044,830.0188488769531,736.2789508056641,605.1101985168457,26,-18.156011308112753,39.97751552846851,True,77
KRN.NS,1386.0999755859375,1687.0,-17.836397416364104,629297.8467741936,-2.021628371602513,-16.510058044060315,12.60865611289217,45.629333196360136,0.18530155666439388,1426.4224577414323,1440.2053504266007,1434.2399951171874,1316.8409985351564,1107.1152481079102,20,-19.259041162659308,24.255157435093345,False,77
STYLAMIND.NS,3271.0,4150.0,-21.180722891566262,67917.94354838709,1.5870088886630995,-2.3552913413486753,-0.42011838233648735,46.846240179573506,0.1830010317772503,3293.8811402094434,3312.771167737302,3416.7539794921877,3290.390986328125,2767.267000732422,55,-24.043374670557228,25.70607053626157,False,77
ARFIN.NS,105.13999938964844,113.83000183105469,-7.634193359940255,1542580.0809716599,20.504297294726005,15.234442287077044,17.432445226025916,21.694819613472262,0.1900497960008469,96.85737036146627,93.17201509642967,88.12011840820313,89.07519401550293,84.47700313568116,0,0.0,24.236711381116294,False,77
JTLIND.NS,83.9800033569336,93.86886160930845,-10.53475889963732,4234278.673387097,-2.609300605830356,-6.088972874015575,7.761819883306131,43.73154907859402,0.183424409610433,86.18953877705474,86.53121708657146,83.35947402954102,78.89644287109375,71.47028484344483,25,-15.456521737042273,19.05682896341181,False,77
JASH.NS,560.9500122070312,619.4000244140625,-9.436553100288226,211772.83400809715,-2.6635391134958497,8.363789728661498,5.505957881671675,37.29975014285554,0.17978091456026435,575.6520864079223,561.7770109753641,517.1615185546875,498.255666809082,446.9769609069824,6,-10.881501736752641,19.76667131017735,True,76
KOLTEPATIL.NS,427.8999938964844,554.5999755859375,-22.84529160961357,176158.14979757086,2.1728764013274393,-3.1790967128574654,15.50816029055666,34.58090186134663,0.18066277129266903,429.16383166817405,431.6696054749357,440.5299993896484,407.2554998779297,383.9787501525879,41,-25.495847386130254,43.16196947430353,False,76
TNPETRO.NS,118.51000213623047,145.26368311165538,-18.417322487177323,586140.625,-3.7911983742291766,-13.839353018995082,22.191127309204383,36.14710364016518,0.17969189207605454,123.43521999823518,124.17597602961395,117.98095413208007,104.74325035095215,97.91241802215576,21,-19.993766692964922,45.89097248752631,True,76
MCX.NS,3318.199951171875,3481.39990234375,-4.687768017170491,3098047.4072580645,3.564293107736427,-0.7121498751683109,20.053788306524268,28.11809866321684,0.17477375292983996,3285.9156432890263,3269.5967720578587,3133.0494677734373,3007.671555175781,2769.6965911865236,9,-9.519156420974351,24.506785445600656,False,76
MANYAVAR.NS,500.75,694.9609513325177,-27.945591901262613,501414.3185483871,-3.5535461812882807,-12.348614630024034,29.538082843674786,27.634069601841272,0.17089975149705308,513.6426940756302,523.7104924971959,525.4067279052734,463.1005291748047,455.2197503662109,246,-53.30496283663435,1.0215133976404722,True,76
JNKINDIA.NS,424.3500061035156,557.5936417008903,-23.896189919046908,551797.5101214575,-1.9297448273517648,-3.5960793111825207,-16.627218026665425,57.46783370566288,0.17086777729293845,430.9376929199943,430.1151319480423,431.7647595214844,445.0233868408203,353.2925328063965,60,-31.83691649705125,63.507046887266185,True,76
URBANCO.NS,159.75999450683594,183.97000122070312,-13.159757869884015,7258871.79032258,2.1875388570137932,-6.991913295044672,20.346511869556274,28.259471450040685,0.162281133675756,163.7452106684244,164.39922074447188,159.10140014648437,143.82490043640138,134.74670001983642,23,-17.75289636647237,36.41430985905132,False,75
ARTEMISMED.NS,313.20001220703125,378.79998779296875,-17.317839941903813,336044.5870445344,-6.8965464061786275,-8.434432572878626,13.06859646463221,36.59895041912626,0.16183617951846582,326.61102936754514,330.9675921898328,326.38700012207033,297.97608596801757,270.4929271697998,9,-18.782997938049316,18.38491458966507,True,75
MAYURUNIQ.NS,788.4000244140625,899.9875607705063,-12.398786518883709,133951.1093117409,10.800370731431164,6.461418865686475,-4.679626214348797,39.810493277493464,0.1689263029297316,748.1120423815094,743.1270546513642,746.1187536621094,766.2413293457031,649.2138529968262,68,-22.85449065556443,53.55091390800801,False,75
AYE.NS,156.94000244140625,197.2899932861328,-20.452122367000303,1757908.65,-3.8887813741283472,-15.066563763290741,-7.037083501599994,55.586396518388256,0.16721242666804323,164.25214447803322,168.34213321623236,172.98960021972655,167.01109985351562,,56,-22.702617877417218,34.67921010255106,True,75
KIRLOSENG.NS,2210.39990234375,2714.2611782271474,-18.56347797055037,650618.4777327935,-1.440230504809492,-2.7455185297338036,-11.109053677132518,51.15827571206795,0.16437467425259716,2218.1943632381012,2203.15499333451,2162.5939892578126,2132.269940185547,1759.0781018066407,75,-28.746724319904416,57.40053023070794,False,75
HSCL.NS,659.9500122070312,819.5,-19.469187040020596,5499873.354838709,-0.7817803527274902,-1.5954688462704092,-0.07570595665963298,40.890151279473486,0.15936076920264675,666.0866696752053,669.4829314735887,695.9190026855468,684.4434893798829,586.2816708374023,56,-22.818791946308725,36.404665096166624,True,75
CAPLIPOINT.NS,2460.800048828125,2990.0,-17.698995022470733,126793.81048387097,-6.50100155265243,-11.028602988952718,-4.606107215853228,48.7368979157816,0.15257106248500882,2632.544563311126,2665.2743843836615,2631.8782861328127,2505.4472607421876,2127.708236694336,10,-18.69230442621237,9.896831511555249,False,74
NYKAA.NS,343.0,349.54998779296875,-1.873834364671234,6162482.2822580645,5.554696757933586,0.5865102639296182,3.9079047736942707,35.00216086596073,0.15846007507071855,335.32733274142714,334.34094995956013,333.89100036621096,315.39449920654295,286.40554954528807,27,-9.59805148465338,11.499198658044252,False,74
DPEL.NS,604.1500244140625,655.0,-7.763355051288167,45085.02024291498,-2.1698589011062475,0.5659632815751214,5.2342884699577485,35.91676589742689,0.15833199666162484,614.9068068522764,615.0269741568385,591.6700036621094,555.9820010375977,455.35400024414065,18,-8.3969465648855,9.01834879788832,False,74
SPORTKING.NS,196.4499969482422,240.46267240987245,-18.30332958564561,386238.7975708502,-5.7974473612369515,-8.88219323429842,8.029795288291952,39.65573947251555,0.15915050992510427,202.54201706586812,206.16292986061887,211.3449087524414,196.94044387817382,154.9825866699219,47,-20.153927395128946,27.303468443822144,True,74
KRISHNADEF.NS,1230.300048828125,1398.6358552528313,-12.035713641437873,137917.23481781376,22.91937444485084,10.67830837074455,-6.4552847852603845,32.912421452395236,0.15655982264013973,1161.2488999961965,1114.7919731993456,1086.5120043945312,1161.8956774902344,1067.4955239868164,75,-30.982751216650918,25.76431932435903,False,74
PPLPHARMA.NS,196.8800048828125,231.92999267578125,-15.112313585921466,4861801.524193549,-0.5505866197755171,-13.123286062642503,11.131181312410865,36.940946673203065,0.15436017188498435,201.43480309733118,204.4949043352946,208.75580017089842,190.63329986572265,175.05909957885743,21,-16.46186085520801,31.809460112371713,True,74
IIFL.NS,597.7000122070312,705.0,-15.219856424534573,2392436.4072580645,2.3809566126595794,-4.824838820536426,8.141848924574258,33.74357135155315,0.15213111115152209,597.02569315686,603.8800631880434,620.9440026855468,570.8670004272461,541.2227891540527,32,-19.673760596742017,42.32578005064682,False,73
AARTIPHARM.NS,855.5,1002.4000244140625,-14.654830490445237,368140.62096774194,-11.667527103768716,-1.0871896288174088,20.878715455291896,24.60211630955098,0.1472027052426761,915.2112678884217,900.9182267723264,842.811806640625,759.3884997558594,738.0476379394531,6,-15.203513637496723,38.55974386082737,False,73
SOLARA.NS,644.3499755859375,774.0,-16.75064914910368,270730.0362903226,-9.862209191825688,-8.186094785738163,13.262427128489684,33.35057104879793,0.14695516681735876,687.7288587936636,691.8135652989345,634.39,597.2615002441406,549.5110005187988,17,-17.299744756338818,25.545901454374096,True,73
RBLBANK.NS,418.0,429.6000061035156,-2.7001876021204074,6217002.608870967,1.6042795822637457,-0.11947431302270495,10.096472699104698,29.80709507260826,0.15088312934396547,411.0876859154685,409.01819039543,398.20484252929685,378.587236328125,345.01919525146485,11,-6.890131676670242,17.596082429172966,False,73
IPCALAB.NS,1915.4000244140625,2038.0,-6.015700470360031,290204.6072874494,-1.4306261556381483,-2.6331805634173033,7.503211710928137,33.01383420569772,0.14786798467310255,1941.3496814466855,1944.5866020012052,1898.6145556640624,1786.7508203125,1637.2413372802735,14,-7.71344215759936,13.853717588107827,True,73
SUVEN.NS,282.75,403.3500061035156,-29.899591986758235,836232.7379032258,-8.28737878839172,-23.560420474316935,-20.986448182927063,67.24831662321711,0.15062570220706165,307.83369160757,321.8522346578706,339.6729992675781,315.45390045166016,240.48185050964355,26,-30.40783241366991,19.492719214109556,False,73
OFSS.NS,10510.0,12540.0,-16.18819776714514,231437.64516129033,0.8637236084452882,-10.780984719864172,-9.793150802506222,50.572402311476885,0.15221191100710582,10616.508388908516,10885.522920859667,11457.96,10963.895,9196.256638183593,27,-18.157894736842106,13.26890073164122,False,73
GOODLUCK.NS,500.25,556.330723956048,-10.080465007803275,491677.02419354836,0.1802330801008889,-2.80588394617719,-3.982095611906644,38.645805307267466,0.13720539958109645,503.36711871365105,503.89756072060356,488.1098254394531,483.20427001953124,429.8131283569336,62,-25.124090565481573,23.206055271539185,True,72
STYL.NS,349.04998779296875,431.9715536346741,-19.196070931984,204399.4758064516,-4.631150876238044,-8.947441701953407,-2.2935453790296267,43.57437192559275,0.14489081728513722,362.48379981300906,367.1817227927484,379.1861315917969,346.1612301635742,298.57594688415526,245,-51.895563971633194,4.6261246613444,False,72
LGEINDIA.NS,1757.0,1825.0,-3.7260273972602787,1185433.575510204,2.044369274808222,5.071166804466021,12.289899330801578,22.832771952707652,0.14038748868697562,1737.5198365912918,1714.078369937338,1656.4200048828125,1601.591005859375,1555.1350036621093,4,-6.57534246575342,12.20300130694043,False,72
WABAG.NS,1936.800048828125,2319.0,-16.48123980905024,479787.28225806454,-3.3966768794788105,-3.565025628140306,-12.591148065666713,45.68360559868889,0.13443425006199602,1996.6407660403627,2020.975793241272,2019.7019970703125,1930.3734411621094,1604.412196044922,18,-17.149631357131312,14.404094735293915,False,72
KALYANKJIL.NS,554.0,646.3128397837881,-14.282996422393479,10172718.024193548,4.824976348155152,-9.196781809136423,16.824632914215833,24.84805836847437,0.13629754494642726,559.4983727518705,568.2291468402831,589.2663024902344,504.788649597168,461.3564453125,49,-19.156797167329586,79.77336651129183,False,72
AUROPHARMA.NS,1693.0,1740.0,-2.7011494252873525,1285513.3238866397,0.9661230140824983,0.059101654846327456,8.199658262405851,26.75002335027774,0.13268339451210368,1682.4669123971141,1681.258681705197,1656.6520068359375,1583.5170007324218,1427.2389990234376,10,-6.149425287356324,7.877038578885731,False,72
IDEAFORGE.NS,668.5999755859375,992.25,-32.61779031635802,795503.6774193548,-9.034016927083332,-13.75129449722251,-25.77296968238274,59.627543474524394,0.12465465892942101,703.4481703379389,722.2360368116946,780.1639990234376,819.6520001220703,651.7090002441406,86,-34.577976879409164,124.12557868460317,False,71
SOUTHBANK.NS,47.90999984741211,50.68000030517578,-5.465667800086383,23201669.129032258,0.9907277283067062,2.3280652705950144,5.612400980903143,26.222383336455568,0.12737359455802844,47.56118758500707,47.299058846130784,46.440251693725585,45.51948352813721,42.44648584365845,9,-9.01736319515669,7.573254491751191,False,71
JAMNAAUTO.NS,142.6699981689453,154.0,-7.357144046139408,2863300.879032258,8.362444326746221,11.965035852680694,5.701025715927832,19.22468172341376,0.12629432007354616,140.6176047267954,136.16263764066736,129.09600692749024,127.91560150146485,126.56735012054443,2,-7.792207792207795,19.55167875567392,False,71
MOTHERSON.NS,153.0,173.27000427246094,-11.698507400384816,18929818.06451613,-2.5663878307488064,-6.621913762188636,7.036784992017875,29.765448524202288,0.12436193371773671,157.83377393176926,159.7101182613363,162.48339965820313,152.9527508544922,136.61116024017335,35,-12.639238538273744,18.784227249137132,False,71
SKIPPER.NS,530.25,616.7999877929688,-14.032099465932479,656082.6693548387,-2.0232838063651837,-12.3118919636373,-2.957405488197884,40.61719888453001,0.12694951133988663,538.3254167638238,544.0959796662712,547.5924633789062,541.6774017333985,469.12463638305667,20,-16.990919239146496,8.969694051460998,True,71
KOTAKBANK.NS,441.0,452.4189269358333,-2.523971977293704,16651871.806451613,5.414125389275104,5.187835420393561,16.991885926279025,16.207122216569857,0.13159394287517873,426.3294339304294,420.34850013732995,409.4709991455078,398.6790301513672,399.46470916748046,240,-23.76434350547929,3.226705176703426,False,71
CAPILLARY.NS,566.6500244140625,798.9500122070312,-29.07565983399385,1371655.3333333333,2.154319802425242,23.037680910500626,12.676482658836585,9.518747134922133,0.12433411813962479,559.4639320477258,543.334901120681,519.2839965820312,512.0009970092774,541.4774987792969,215,-45.159273145746326,13.652100213185282,True,70
NUVAMA.NS,1764.4000244140625,2066.0,-14.598256320713332,524378.8306451613,3.702832907957454,-3.9207143891741625,-10.78074200060134,39.05338223591146,0.11973270707145095,1750.1198811360664,1739.8899274300231,1736.3539965820312,1730.575994873047,1529.3359576416015,53,-23.59148230464968,28.81212844668779,False,70
GOCLCORP.NS,357.5,430.87402214509945,-17.02911254194627,196471.6733870968,1.6635877164945079,-12.114860701135942,-5.777090707132693,40.05036024720565,0.12030403518164716,367.1423254734722,375.78720370825357,384.19410217285156,375.95018310546874,318.2033615875244,14,-20.278322120723193,14.150462172808421,True,70
CONCORDBIO.NS,1361.4000244140625,1617.3161369794916,-15.82350578925029,273462.71774193546,-0.9242377845512739,-7.41924349445342,4.970611757537102,30.458313564421392,0.12098236475683875,1383.7471527225794,1414.6917573853095,1454.17,1355.1452868652343,1265.9998849487304,246,-39.33619856924653,0.8112711768590852,True,70
ACUTAAS.NS,3160.60009765625,3737.2044731885353,-15.42876178354603,415640.2379032258,-1.1231003392382255,-0.6013602433634802,-6.993523005704683,35.406662381762,0.11832025968396878,3182.7702286224667,3218.344680806191,3235.8177392578127,3263.861689453125,2698.2472399902344,67,-19.11764548548307,28.95036465180283,False,70
INDGN.NS,580.0999755859375,627.0,-7.480067689643144,374082.62096774194,-2.2577968684182825,-1.5444732573929754,14.401531844291714,20.593395108475086,0.12023143258357127,593.5620804340442,592.2386558728876,578.4190002441406,544.4697396850586,516.130754699707,7,-8.859647175912077,10.985790814133424,True,70
CGCL.NS,241.82000732421875,287.45001220703125,-15.874066079339123,2971442.5887096776,-2.9731527225242194,-10.685131182190677,-4.05275140849104,35.10392477788253,0.10391402979915146,248.50411272493668,251.91591208462336,247.6889761352539,234.3113114929199,205.5288550567627,22,-16.361110468213624,7.5017051980338145,True,69
VINCOFE.NS,173.4600067138672,191.35000610351562,-9.349359194674067,2526521.2620967743,-3.0678906554901353,-2.6525168728643966,7.464873120478455,23.214692364712985,0.10688046441906837,179.3851455109218,177.85460956002223,167.39704315185546,160.26253509521484,151.64298473358156,10,-10.472959449021769,18.55112969335524,True,69
MUNJALAU.NS,101.31999969482422,129.46286953315382,-21.73817862975961,867285.2540322581,-2.642452203386303,-10.177307665201074,0.8683883285011573,33.60776473904703,0.11403915640790316,104.75087550677642,106.1255746650686,108.36726791381835,102.51154708862305,90.11718570709229,37,-23.561095593412407,21.506143104747764,True,69
SUPRIYA.NS,847.6500244140625,1083.7124081428149,-21.78275176652249,321278.6923076923,-8.952736367984693,-7.4264181932954365,-0.6954018587285948,33.23763204058559,0.10705874983158101,903.2522616761277,907.4680237983492,874.2049572753906,881.7132470703125,776.7335733032227,91,-31.755758011856404,87.31089818705212,False,69
PARACABLES.NS,55.849998474121094,75.69999694824219,-26.221927707200553,1862439.5967741935,-1.1679346434533833,-19.116587971389944,-16.579535444493445,50.09406032860322,0.1112365243946993,57.31690173076189,58.997580038624804,62.6152001953125,64.13320003509521,50.81610006332397,69,-27.886390550435138,66.82915434505334,True,69
KPIL.NS,1391.9000244140625,1490.0,-6.58389097892198,204491.60728744938,2.61722201128205,-0.40071381652504456,2.9511852377265058,23.856797063528834,0.1060965383455268,1404.0176129249344,1401.233042949422,1381.6999951171874,1349.3423803710937,1249.4548846435546,3,-7.677853987520978,10.19587411225169,False,69
PARKHOSPS.NS,270.79998779296875,305.0,-11.213118756403684,1205545.2686567164,0.0,-4.056691658824185,-5.3477867822942615,31.35427967725619,0.10126037504449363,272.49784803576813,275.8656957585035,281.04399841308594,280.6141989135742,234.08959953308104,70,-14.688520587858612,23.041998985332455,False,68
TATATECH.NS,715.8499755859375,891.0,-19.657690731095677,1269490.552419355,2.4398952619930636,-10.350660540270818,-0.3757584375339462,29.48135636257252,0.09853672431913967,707.2933711889746,723.2515425700894,775.7319982910157,750.0072021484375,672.5641026306153,41,-23.265991895956084,13.808417243880356,False,68
ARVIND.NS,509.45001220703125,607.1500244140625,-16.091576756719693,696696.9798387097,-4.606305804368638,-12.367758905715775,-2.5013068036138453,34.659928315955746,0.10179396923718129,529.2845480813722,537.3222204492438,543.8017321777344,528.2723843383789,440.5719512939453,20,-17.796263520671328,6.352380087013021,False,68
AJANTPHARM.NS,3410.10009765625,3796.0,-10.165961600204165,115904.07287449393,-4.772407214290697,-4.727179863763354,2.7695027067569544,27.033577961275768,0.10221605302355655,3510.6018618481876,3525.32429795338,3541.5090185546874,3366.7596728515623,3101.5164501953127,36,-11.36986558630796,17.263503936612533,False,68
LLOYDSME.NS,1815.5,2125.0,-14.564705882352946,544350.0685483871,2.178070132168175,0.9003473980021326,0.8835310418853215,22.469156622696307,0.09650598454461363,1827.929583193986,1832.8808497679613,1878.1780004882812,1839.7305297851562,1598.4467083740235,42,-18.070588235294117,16.51058632062874,False,68
NELCO.NS,853.3499755859375,1120.0,-23.808037894112722,269658.7701612903,-4.031717963218695,-12.306032576754955,-4.155669232837389,34.77380230559606,0.09798441840714348,904.4821016085826,924.6329943249893,953.7159948730468,885.7949536132812,769.914691619873,37,-24.857145036969865,15.010371465805704,True,68
GESHIP.NS,1533.699951171875,1766.7331887612222,-13.190063959388388,779085.3467741936,0.20253336177866732,10.832482804917753,9.099862549179981,12.32317066411197,0.098459769275602,1527.1646615598781,1491.769872096771,1395.578447265625,1419.1595056152344,1356.4344799804687,99,-28.625329052420557,20.29585255639588,False,68
SMSPHARMA.NS,444.6499938964844,494.45001220703125,-10.071800400663166,555557.8387096775,-5.65457131057493,11.494825733318281,10.511940701857414,11.480860908865331,0.0947943458970952,460.4542273668374,450.120505121456,403.99724731445315,395.6199560546875,380.1322573852539,12,-11.912230348858898,23.440880545887822,True,67
PERSISTENT.NS,5770.0,6552.654210942315,-11.944079234874883,634702.1532258064,7.50885038196385,3.7769784172661858,14.565795425923088,7.7437344394708285,0.0897351312521488,5490.112393599283,5465.055191164833,5517.67400390625,5246.6821484375,5342.792736816406,196,-35.448917832435654,10.392810588631129,False,67
CUB.NS,231.4199981689453,248.85000610351562,-7.004222425986139,3596918.185483871,0.5998978104194252,-0.6653230216921435,1.8567382197634208,22.075309258277564,0.09314070345943568,225.2013634827267,225.48199234833882,222.23120056152345,213.32244796752929,207.03005294799806,22,-15.334539974347328,6.922306964975933,False,67
EMMVEE.NS,300.04998779296875,370.4085035460425,-18.99484355232358,3741961.1666666665,-1.9123917032490168,-9.139729747188186,-9.685030517008952,34.688367227674235,0.08950652616204469,307.4677272012627,314.0509026297231,321.1640155029297,323.17594757080076,270.9820071411133,59,-21.586570117462824,40.438206882561275,False,67
JAYBARMARU.NS,126.68000030517578,205.8889662970584,-38.47169055072103,677639.7983870967,-3.149849121143933,8.73819768684616,-32.17042533988113,42.864378914009826,0.08927278588894431,126.98794769077026,124.88578569798484,127.41755737304688,140.44588661193848,116.3260595703125,61,-47.495972990532444,132.85010153588837,False,67
BOROLTD.NS,270.20001220703125,363.3999938964844,-25.64666572779344,238610.32258064515,-3.5688792163975025,5.736878494977238,16.480584034637722,8.588196848740903,0.09169941727243375,274.5862614970376,269.57848812803104,255.4556005859375,243.22370010375977,247.9042498779297,230,-41.186021101469606,2.514898557781642,True,67
PARADEEP.NS,146.75,188.14368665058757,-22.001103192722148,5732845.6572580645,-2.9559589899614047,-8.160707074304929,4.504556192314135,22.22507815712431,0.0831366080668684,152.5692625917074,153.2652769368104,152.26198669433595,142.49273567199708,135.14030879974365,247,-47.5263200336517,0.0,True,66
NGLFINE.NS,2925.0,3599.8325981661596,-18.746221657916408,10355.600806451614,0.034199726402195374,4.0332870395857645,-8.355430209250049,25.53663853352819,0.08518103731193635,2957.6988887480466,2914.7954126006894,2979.536953125,2973.5811206054686,2493.5294317626954,40,-30.410650236002436,14.522790588964817,False,66
RSYSTEMS.NS,274.29998779296875,415.00058481042566,-33.90371054096939,1551818.1370967743,4.059173536305316,14.836147341674334,16.749605439271555,0.09591688940180365,0.08436395209507586,255.08984081298553,250.35605636263946,243.54713806152344,244.11108520507813,275.7770124053955,233,-50.0200081067256,2.931719031171154,False,66
LODHA.NS,1064.800048828125,1340.2415520455131,-20.551631368017343,2148737.64516129,-3.690297364215267,-12.145210492728964,-12.468493405265068,37.194692830020124,0.08339257275461212,1107.41909063631,1128.2589714290816,1186.0833520507813,1097.2802264404297,1020.7614962768555,50,-21.84244710207074,45.646166489755814,False,66
WINDLAS.NS,949.2000122070312,1181.9000244140625,-19.68863756664988,72694.64112903226,-12.305987546437525,-17.179998915735272,15.232423689058972,21.405466195420143,0.08465315047094941,1032.261693258254,1051.2369217689343,1014.6420031738281,922.2111950683594,855.949416809082,22,-20.805484333242962,36.517984049999995,True,66
HEXT.NS,538.5,792.7687780924847,-32.0735106022076,951800.8218623481,9.797122356413702,3.7872266240104757,-2.1353930031803747,18.185500723356363,0.08370739948831898,508.36116210094275,510.4976746374218,533.8519970703124,531.7495001220703,542.9046328735352,208,-50.454965468223456,10.619347817913006,False,66
RAJOOENG.NS,59.45000076293945,94.74198483327447,-37.25062772586127,772885.2983870967,11.727122318796868,11.009131769583092,18.536294999998848,-4.037503822315025,0.07320425556869949,57.10856480453581,55.461862108720915,52.53021713256836,52.96359935760498,57.61516292572021,246,-51.578948364559565,0.9369231273143042,False,65
CASTROLIND.NS,194.6699981689453,203.39999389648438,-4.292033426501474,2071725.8064516129,-2.1955362060856576,2.74991622002132,9.426731378622843,12.228782200179378,0.08049961917054302,197.11902402106085,195.50012632708317,189.89071350097657,184.04489379882813,179.81755767822267,8,-4.823007793985634,12.171471008738589,False,65
TRENT.NS,2918.199951171875,4859.319623388584,-39.9463262896688,1310610.439516129,13.10852523921997,4.460189331327724,0.5305188812425143,12.26039606034044,0.07266204478696472,2791.855141528732,2781.7571607734567,2868.47,2907.8379541015624,2838.381501464844,238,-55.12859943851183,2.6261095125415412,False,65
MAHABANK.NS,83.16000366210938,94.5,-11.999996124751988,20058795.258064516,3.304352375291142,-1.9223932489891848,-1.2937641992767035,20.71491033386581,0.07843791461494591,82.04263008300805,82.08497237411633,81.7099998474121,82.40636016845703,74.78907178878784,72,-18.30688153625165,19.68470879390367,False,65
HAL.NS,4655.60009765625,5149.89990234375,-9.598241015568886,1140053.1653225806,1.1867006662953816,-7.463576408963268,3.511006799177663,19.386670538259754,0.07433925039894083,4704.313300640737,4740.378346340432,4824.03830078125,4606.357612304688,4404.628537597656,37,-11.662364493393618,14.998559303635295,False,65
PNB.NS,116.9800033569336,131.33111679644097,-10.927428159886233,18342305.60483871,6.762803397597716,0.8448304801151663,10.976187546593508,8.315254067984812,0.07464204326954782,114.4514990232479,114.74928492264372,115.44380004882812,110.61210609436036,112.41419826507568,178,-27.118014735403897,4.641658773933077,False,65
SANGHVIMOV.NS,392.6000061035156,525.873954285097,-25.343325543240034,389664.34274193546,-8.591383910706485,-11.015413589950285,-14.167177460478841,35.75342751968758,0.06988996660670671,416.6077546195881,427.25569122804416,451.07408447265624,429.6294232177734,361.8829331970215,42,-27.824912281698644,31.821099474384607,False,64
DEVYANI.NS,123.58999633789062,169.75,-27.192932937914215,3935504.7137096776,-2.738650637673168,-10.435545026474259,9.887076550631857,16.594336167821353,0.07242883363255931,129.01187631822762,132.17636827025925,135.89259887695312,124.61979965209962,122.91839981079102,240,-46.06774488850791,0.3515162612452549,True,64
PCBL.NS,312.3999938964844,380.87584044253276,-17.97852194208158,2166352.8225806453,-2.830484013535184,-4.9878328787562936,2.329756843044084,17.42354731028335,0.06387730999921788,324.4739632517706,326.6456330628478,324.54012084960937,313.6470162963867,296.5989474487305,247,-41.35067212704925,0.0,True,64
TTKHLTCARE.NS,1016.5999755859375,1247.0,-18.47634518156075,13176.34677419355,0.35537764915474224,-14.643159060794497,11.580822565514804,15.873852025465007,0.06930693532597021,1028.1315089915852,1044.684259541555,1079.050987548828,1003.3522576904297,958.2458609008789,20,-20.609462710505213,20.17490501033359,True,64
NAUKRI.NS,1219.0,1409.9440640081355,-13.5426694492636,1767196.564516129,1.5833333333333366,-5.6501547987616085,1.5541286700693435,18.40442445778303,0.06856310757715028,1224.851161236871,1243.861992392676,1286.6440087890626,1171.0247381591796,1141.9529547119141,237,-35.777232539615866,2.32454760875489,False,64
GIPCL.NS,166.5800018310547,207.3979831995766,-19.680992427608736,428981.4435483871,-4.718869709772299,-15.44337212574315,3.6533850224145903,24.273457027139056,0.0724483692145414,174.73139878229966,179.4909305641081,179.69182434082032,168.67879058837892,155.09427429199218,24,-21.050338596784222,27.663223868419596,True,64
IKIO.NS,179.27000427246094,238.8000030517578,-24.928809890506688,675976.8387096775,-6.121701943026448,-18.413503955667355,-14.937127272853646,36.29590658878532,0.0574235346822192,191.74069862085003,197.459470919418,202.82579956054687,189.15159973144532,169.86124961853028,18,-26.180905977170475,2.0513288508741123,True,63
GUJTHEM.NS,363.5,478.2203568549891,-23.98901577704602,249368.38306451612,-4.793082341032429,-19.67068615548423,-3.9206764289066998,29.046785544190335,0.06029065823804036,383.9450024111054,393.73750275952244,392.2622991943359,386.6635275268555,361.5061911010742,236,-53.016699842711375,13.106266151867052,True,63
FEDERALBNK.NS,330.0,370.4344787597656,-10.915419886167832,9430119.35483871,3.7083555437739335,-4.11157755264715,0.3872638783481763,16.40969766467728,0.06228578273223329,324.9725969156317,329.0438684376195,343.25700622558594,331.4783966064453,304.6052809906006,47,-15.302160573591394,22.209445923434433,False,63
GODREJAGRO.NS,628.4500122070312,698.4000244140625,-10.01575168410358,281774.46774193546,-0.5459743747011747,-6.70278578018536,13.966303290310368,8.32964747946512,0.06126595385371968,640.446117971798,641.8543041122083,618.0799975585937,588.5275958251954,578.6657702636719,10,-11.225661751635519,20.647812482912652,True,63
SUNDROP.NS,682.0999755859375,809.9500122070312,-15.78492927887184,20705.225806451614,-9.433717921392981,3.4582114689994947,8.900774674389833,8.796548736758725,0.0593712239868104,729.1522357494823,718.0745837980731,682.6990002441406,669.9124993896485,660.1400003051758,234,-31.353788305409537,-2.39821572340172,False,63
IDFCFIRSTB.NS,79.5199966430664,89.61000061035156,-11.25990837915426,30433221.419354837,-1.0822275820219218,-8.0693680426978,-1.3316870383521806,21.077272680806615,0.0630930659407524,80.94558696853676,82.34971131077887,84.53420135498047,80.61384963989258,77.47289262771606,11,-12.944982027799568,2.8084229308643405,False,63
EMCURE.NS,1833.5,2100.699951171875,-12.719567638530084,222025.36693548388,-5.71325604138514,-4.79281579021097,1.2492185558818258,17.354396866097368,0.05786635551022786,1906.7957217231206,1920.937693541862,1924.61880859375,1855.2468127441407,1692.777333984375,14,-13.547864150097855,7.392194693735776,False,63
JAYNECOIND.NS,91.4000015258789,117.0,-21.880340576171875,6066567.181451613,0.13146663911793866,0.7940022257168389,-0.0874528073010028,13.301107723421524,0.0546615435623347,91.9466369536054,91.7953135121416,92.38740020751953,92.16380004882812,88.31735000610351,106,-29.470088339259483,56.296002635873776,True,62
EDELWEISS.NS,127.88999938964844,146.0,-12.404110007090107,5576784.762096774,-7.258879586571998,-6.8382742303435995,7.631494293465169,13.697764733204831,0.05675011376595564,133.53063052644438,133.62414350409972,127.89304748535156,121.86591819763184,116.42265254974365,11,-13.472601485578984,25.881230539574652,True,62
APLAPOLLO.NS,2114.10009765625,2292.568366695916,-7.784643268757884,668733.1532258064,-0.0756181666846878,-3.2448467891876387,15.596931486821596,3.6403888958872033,0.054787038298953636,2131.2628908558736,2145.1822741500628,2114.7757934570313,1965.6032287597657,1987.1082708740234,161,-24.56764896925414,31.1616263151683,False,62
GPTINFRA.NS,121.87999725341797,150.0,-18.746668497721352,378748.56451612903,2.713630112870802,9.387900966047624,-1.6065273666258761,9.144009199903035,0.05324588674470057,120.57843004618523,118.35998912480235,115.33460021972657,118.05296997070313,113.92570499420167,75,-29.059997558593754,18.834946707873534,False,62
IDBI.NS,83.08999633789062,118.37999725341797,-29.810780312810337,16850247.423387095,-4.019872206539532,2.441124044679599,0.24127994898641703,12.940052579252836,0.05334642604679027,84.40051101165997,84.54799045555325,85.0343994140625,82.74949989318847,87.23084983825683,188,-48.46257836032204,10.505878554198556,True,62
NIITLTD.NS,82.08000183105469,109.89657617408741,-25.31159323741663,1076090.1088709678,-3.367083268362825,-13.908113085972573,-17.696072359957004,34.48754919577599,0.05367867026292497,85.18362796239965,87.69526682186928,93.0865086364746,92.13737548828125,82.38757761001587,66,-26.203343818782486,33.889707318158344,True,62
VENKEYS.NS,1595.800048828125,1814.9000244140625,-12.072288976726064,95662.41295546558,-1.0663329926766885,-6.073416065902104,8.043709423050881,10.376490830113028,0.052423926465123866,1634.1191536405418,1638.4562849654917,1605.6334716796875,1525.1504504394532,1487.1591802978517,17,-15.57661961757132,13.229949991179746,True,61
DOLLAR.NS,271.5,380.5180492051346,-28.649902266886617,174785.72469635628,-0.22050940465152546,2.5495750708215192,1.815381889852996,9.918722772480915,0.04999967749647417,275.09093486043247,273.5019511042196,271.6770001220703,265.4272319030762,280.86970100402834,222,-42.72727313845888,0.9928336505481417,False,61
POWERINDIA.NS,30605.0,38775.74235339215,-21.071788333350526,148952.98790322582,-2.189197826781719,-1.7022643327444964,-6.111616244077589,18.12582183322775,0.04857471210840753,31111.501028342256,31336.193336190143,32429.82046875,33278.38583984375,28677.073588867188,91,-23.547562984550773,50.11347516129725,False,61
ANANTRAJ.NS,570.75,712.0799269098843,-19.84748081906963,2814471.2177419355,-1.2286883942044247,-8.804022966422808,-2.4173677476984845,17.825183505551866,0.04521189645206197,594.2960075842205,599.9267070573128,610.8550012207031,578.9994845581055,547.0932318115234,247,-43.49806999676586,0.0,False,61
DIXON.NS,12774.0,17491.53980142949,-26.97040886614197,548107.1290322581,0.5826771653543394,-9.334534389913784,-4.747557188271712,20.193966877728876,0.04844680433162713,12971.57567700438,13208.512116698306,13843.94638671875,13171.963525390625,12097.337993164063,246,-45.15852938689001,2.0294842699193127,True,61
SHARDAMOTR.NS,872.2999877929688,1164.805929175164,-25.11198939288779,65253.82186234818,-6.083118081671845,0.03844950431428629,2.7018316326024694,11.081081207119748,0.04642360065324313,917.5533594659317,921.2056982656225,901.8311352539063,863.7496350097656,859.3274493408203,225,-41.17153048990746,12.565896967299238,True,61
CMPDI.NS,206.17999267578125,281.3180883112053,-26.70930123494345,3922977.0303030303,0.8807064047194002,-12.949129253697379,-22.127939390760964,32.99967134477861,0.04059731510415621,208.40646791458238,212.1363048525171,226.26538299560548,236.8578495788574,,68,-30.160907035824813,38.11467826672998,False,60
ANANDRATHI.NS,2038.699951171875,2268.39990234375,-10.12607833982646,542901.4233870967,-3.721371845484056,-8.557974829698367,-5.0354059622487295,20.21182464465381,0.04490375918698826,2121.7765010619664,2142.6055614483407,2158.145979003906,2037.1344909667969,1816.8031256103516,14,-11.523537012749252,8.798974969242646,False,60
DATAPATTNS.NS,4084.800048828125,5000.0,-18.303999023437502,884681.3870967742,-3.916443523361768,-17.182648853866066,-5.740177201024254,24.777618315200133,0.04360820042663388,4237.881445930675,4336.026688317858,4494.354008789062,4413.229353027344,3764.0307775878905,33,-19.056000976562505,7.407538914952716,True,60
POWERMECH.NS,2419.0,3005.643635770155,-19.518070232562202,89462.2024291498,-2.309989189071937,0.22334289284071662,-8.314615891064536,17.090473862990695,0.041554744375378684,2429.425325828958,2427.8835770558244,2459.2244921875,2544.2002978515625,2370.4522607421877,76,-24.518705081488967,18.35909701451548,False,60
MASTEK.NS,1679.9000244140625,2339.80156593166,-28.203312243482436,124138.58467741935,7.990489250381083,1.5536255592306647,0.8366256185537102,6.846379313182704,0.040993134477234364,1617.1836594255788,1620.2846395703775,1695.25890625,1669.5315661621094,1718.0936669921875,222,-43.45790447471269,10.316833677696202,True,60
STARHEALTH.NS,552.0999755859375,624.9000244140625,-11.6498713368408,660223.6491935484,2.6780664035696233,-3.4958924757016896,-8.479075742074183,17.530596186468863,0.040371438971819135,547.4784913158288,550.7659029762673,566.7279992675781,563.7715002441406,516.7572506713867,49,-17.90686830569187,15.158954527224244,False,60
SHREMINVIT.NS,102.0,107.94999694824219,-5.511808352430969,71659.91902834008,0.0,1.4925373134328401,2.9440596707522637,5.987005847012106,0.035765277027170896,101.82016098109729,101.57792462742938,101.15689239501953,99.78672439575195,96.37866302490234,4,-7.31819742456511,1.0794881821878377,False,59
5PAISA.NS,339.54998779296875,416.95001220703125,-18.563382215619296,186557.6733870968,7.333643509354526,0.6372240472369395,-7.16336629037081,12.15523956828035,0.035738951005837384,333.37085159054635,331.81449027545113,348.7779986572266,346.86149993896487,336.07059997558594,35,-28.28876574021172,20.356084897185657,False,59
ADANIENT.NS,2634.39990234375,3245.0,-18.816643995570104,1824974.3387096773,-6.475438203725503,-10.792055290148772,-16.561623488349053,28.954779312050483,0.03807469799913172,2784.6931018863634,2857.0803380317025,2963.9539990234375,2988.8131713867188,2579.416961669922,67,-21.51001540832049,27.62198059488623,False,59
SIEMENS.NS,3595.0,4149.39990234375,-13.360965811721414,400774.24696356273,-5.49421661409043,-9.017286574675499,3.322342311392834,11.982450420696967,0.03436803885352495,3739.0924401178295,3794.045178619906,3901.28400390625,3762.42033203125,3506.2522204589845,31,-15.602253761515538,14.186523940054329,False,59
IGARASHI.NS,396.1000061035156,556.369872473851,-28.806352446387717,283833.9435483871,-0.714376743028311,-4.692011480659852,-16.418986999336926,24.22155786908342,0.03753087077397489,403.1880193974462,410.64967495969796,430.02599670410154,428.3614056396484,400.591537322998,246,-51.424729443857146,1.5883417282018586,True,59
CGPOWER.NS,855.5499877929688,980.9000244140625,-12.779083851687245,3405227.9112903224,-2.6678057118351806,-6.055783866787201,-6.660483244497417,17.79567701670437,0.036421884887915645,876.7508744255883,880.7545258191925,882.3619982910157,897.0229998779297,798.0338772583008,69,-16.928335681030738,16.02370251396339,False,59
GENUSPOWER.NS,296.54998779296875,362.40129303021683,-18.17082513327496,1488518.3709677418,5.910709926060265,-10.972604608460767,-6.31133424264404,15.36425036120519,0.026488499426027365,296.1979521749701,302.12266220303627,314.3986657714844,315.27817962646486,295.1181011199951,228,-43.15137796906241,16.898147118582397,False,58
TVSSCS.NS,124.54000091552734,146.5,-14.98976046721683,1170410.9596774194,-3.0213341447907216,-2.114283086089108,-12.085276227591413,18.429057225680623,0.03021049990297931,128.32008214529515,128.94613876847285,129.22359970092774,129.93949966430665,119.47534992218017,63,-17.8156986171475,23.054204553791436,True,58
WALCHANNAG.NS,207.3000030517578,315.79998779296875,-34.35718458999468,1595276.185483871,5.722154791884604,-5.3856698872855375,-20.57471147442229,24.474607547026327,0.03112511078215197,206.60800038416022,207.30144207906116,215.83740112304687,234.4225003051758,208.27570053100587,77,-39.3508530136931,45.87228424830312,False,58
BUILDPRO.NS,246.5,276.0,-10.688405797101453,429621.1621621622,-1.3368541413895652,-5.272462207494433,-1.439426635609753,11.467418015720622,0.029669613599674793,252.6391592923178,253.17280454828264,254.39319946289064,238.66613677978515,,46,-15.181157208871154,25.614689375218713,False,58
BHARATSE.NS,210.17999267578125,261.4935961713362,-19.623273474709947,564461.0080645161,2.7021739282797386,-7.34847387225882,-12.422174483276205,19.70092054528816,0.029542384915086116,208.04962284137665,211.30286352609164,220.83080017089844,211.8024560546875,191.52229751586913,62,-24.552648258023048,38.102737865570525,False,58
AGARWALEYE.NS,477.75,568.0,-15.88908450704225,401928.995951417,-1.7884699329246967,-8.071966754220462,-0.7891159566600359,12.570689649097467,0.029983007285044133,484.9580160048099,491.34221065563094,503.24,487.88650085449217,472.0340007019043,241,-29.401408450704224,7.515140784712293,True,58
HIKAL.NS,213.66000366210938,260.3170667043013,-17.923167171820698,1175938.858299595,-2.053725011494456,-13.14986852854373,-12.557237781253928,22.497937797733325,0.02396657577858961,218.3571968791931,219.66232982522865,219.65983093261718,215.13288177490233,205.5562730407715,208,-43.91200819911645,2.405343702127305,True,57
TEXRAIL.NS,110.98999786376953,142.03964797610308,-21.859847271345945,3050111.4677419355,-12.509855486542587,-5.545959313231085,-4.028395498761805,14.800969279808562,0.023516916509944075,116.70031841477653,117.15534484911095,112.5817399597168,110.99466491699219,111.0110865020752,194,-45.4004871389766,2.345121524349736,False,57
RAJRATAN.NS,450.79998779296875,563.9500122070312,-20.06383934122943,210307.37096774194,-0.6063278743279943,-9.259259486771477,-6.104038950152136,15.583617373034242,0.024897505793809623,458.19639251810025,465.8380184893799,490.1889990234375,471.01652557373046,450.687412109375,45,-23.75210733355866,20.932077027576756,True,57
TIPSMUSIC.NS,636.3499755859375,741.0,-14.122810312289136,411909.2580645161,-1.2185713244865504,-1.3257944649472386,-10.568479164799216,15.291233175523256,0.025589334953314356,643.0329265871551,648.4273792472765,655.0639990234375,660.9109979248046,607.9398562622071,57,-17.42915309231613,7.847008290628321,False,57
JUNIPER.NS,214.5800018310547,285.75,-24.906386060873253,191743.9314516129,-0.19070824300361222,-0.5422934734393148,7.872513475899567,0.519979671150117,0.024422163922416928,216.06377243487933,215.92828700748535,210.0638000488281,203.67709991455078,213.61870010375978,227,-34.033245844269466,-0.822588187181772,True,57
NIACL.NS,162.22999572753906,242.60000610351562,-33.128610203613626,3904279.9233870967,1.2608382304605703,-20.94825320994449,-11.793172388726447,25.00280706234548,0.02399604289377415,165.62381233811854,173.29392772423324,183.1291995239258,176.63075057983397,162.3213868713379,22,-35.882110825097925,27.158721611956473,True,57
ADANIGREEN.NS,1255.800048828125,1631.5,-23.027885453378794,3175219.4717741935,-1.5907787121844819,-2.8018538058726783,-18.27410719896293,21.963775948313756,0.02583829587243641,1279.5298099247555,1285.7805751275753,1308.8819995117187,1394.8399987792968,1203.3389996337892,61,-25.957707631014404,16.35242929659173,False,57
MPHASIS.NS,2360.0,2897.3238943204424,-18.545523866825732,570170.7096774194,4.879568536606826,0.2123142250530785,1.6409018156980482,3.082803455217298,0.02255811625467632,2287.4544084840086,2295.7191731526545,2375.1239892578124,2315.191032714844,2353.763704223633,168,-32.33613401454498,-4.546992706631503,False,56
ABCAPITAL.NS,380.70001220703125,430.70001220703125,-11.609008261640286,4878321.1572580645,1.5064723631403876,-4.093714447733721,-6.759729711266182,12.500005636373125,0.023039876879366893,379.42923887597277,385.16852739278767,398.79399963378904,388.9204995727539,365.1567497253418,47,-14.604138061604555,18.6993024065778,False,56
SAIL.NS,171.5500030517578,206.98966102070128,-17.1214628760608,22203824.18145161,-1.6905426637491061,-6.611341919315472,3.480976132379654,5.709071646010089,0.018365988478799267,174.90179367418895,176.80265475493184,177.50406677246093,176.9883590698242,167.07547924041748,102,-24.649502043987827,29.567205777216433,False,56
GLAXO.NS,2540.300048828125,3120.699951171875,-18.598388548242205,92616.25403225806,-8.328823957796827,-13.247042852675117,4.1875194693190565,10.647093515261963,0.020328022805857958,2690.9425784853256,2756.7342112920705,2808.9979736328123,2576.5640112304686,2479.8914892578123,28,-20.370428465356273,29.676472650542674,True,56
SAGILITY.NS,44.0,57.700033807096844,-23.743545546089095,28919632.56048387,1.9226357800768978,-3.7199140799972885,3.6933405984281853,2.9429913787086814,0.017334794930201604,43.66330934223239,44.032077744930426,44.276289520263674,42.55129001617431,43.8653551864624,233,-38.044880206547994,21.911995332405798,False,56
SEAMECLTD.NS,1571.199951171875,1849.0,-15.02434012050433,79488.30769230769,-1.4736314491469615,-11.859083771420764,10.397339746668678,4.0928892485728285,0.02237177724230885,1617.507277519884,1648.0502214793362,1640.12498046875,1564.2853637695312,1442.3286016845702,18,-17.7934018388318,29.709342912856872,True,56
BLACKBUCK.NS,592.0499877929688,748.0,-20.84893211323947,767333.0201612903,-2.3261628397563183,3.2525222505813467,2.2715430686353955,1.5087848766341727,0.01702865037384925,601.4600858921211,602.3028052027627,592.09400390625,568.4645001220703,584.1314996337891,239,-33.68983957219251,8.002646489312571,True,55
VBL.NS,441.0,555.1842484654879,-20.566910675346005,6178785.33467742,3.6915148501424078,8.701007328280518,-7.657588401987447,4.7431833917257915,0.017093497867644275,434.368333951463,430.3461162878284,427.96600036621095,465.17691833496093,463.3778807067871,79,-28.636301677845545,16.722855188826593,False,55
INDOCO.NS,230.6999969482422,317.0754661004704,-27.241296910956446,403952.62903225806,-8.361470924233494,-5.465813227022287,-11.270898279779907,16.486603137856036,0.012840620333806365,245.5058187148594,247.56166700738427,239.31578430175782,234.4754772949219,222.33668869018555,245,-48.892390180618946,2.080468739086272,True,55
NIBE.NS,1213.199951171875,1846.2478464264655,-34.288348472817255,104899.6129032258,-1.725398852014981,-8.798247933938907,-24.48064234660641,26.54105720276656,0.013400407051354224,1245.0292304455756,1270.5563336382195,1344.5790844726562,1443.7364184570313,1246.5442779541015,76,-35.714287319796526,73.26410008640987,False,55
IZMO.NS,858.25,1175.4000244140625,-26.98230541318577,121707.9879032258,0.26870585433351746,-7.4313781588482115,-15.01634030576926,18.19182966943096,0.013124247297053146,875.9287590690982,887.2282718822051,911.3380017089844,936.6250030517579,832.7260000610352,58,-30.372638470716783,60.732163537912975,False,55
PENIND.NS,171.5,279.8999938964844,-38.728115848610564,810222.7903225806,-1.2210547038413289,-5.049272153545559,-0.3891491990886009,6.369785117290538,0.012992093860963908,176.3298318687161,175.36188463161403,168.39159912109375,165.45659957885744,165.9902993774414,228,-53.87638123662812,18.56069267756444,False,55
GROWW.NS,192.38999938964844,227.1999969482422,-15.321301948135025,52949192.18141593,6.818054931809869,-1.4597449412668717,-5.907958017770854,6.286948360955136,0.011322484439784111,190.29931942827943,190.2969877285893,192.5484002685547,195.0613998413086,184.51880004882813,112,-21.65052953438731,29.81634520272365,False,54
GAIL.NS,166.63999938964844,181.85195677766524,-8.365022657751853,10427108.052419355,-2.674922204416441,-4.826087797691936,-3.802519668615234,9.017537169655743,0.012335491872976955,169.82201658420408,170.99771757724608,173.02688354492187,171.46914993286134,164.9752424621582,47,-8.551985912871674,4.121871892415396,False,54
PURVA.NS,207.25999450683594,287.29998779296875,-27.859379285393647,802325.3669354839,1.2802947248836016,-4.219236059228559,-7.497993053117147,9.678781376929479,0.009062968954792963,208.16679888150014,210.24944076951144,213.57999938964844,215.9564993286133,216.85954986572267,238,-44.068914281611086,13.295619139633686,True,54
TANLA.NS,498.3500061035156,732.8993734844271,-32.002942814071766,838407.9516129033,2.173245741366614,-2.8462824361183414,-9.423846774471778,10.66095627586745,0.010852965649184403,493.99288910245855,499.74346249658004,537.7110003662109,538.553998413086,508.10711715698244,247,-50.629775733254434,0.0,True,54
POONAWALLA.NS,447.29998779296875,544.7999877929688,-17.896476171921517,1586803.8588709678,3.207197529357675,-1.7462959268602418,-6.226417653465665,7.835101484193174,0.012375758652012892,448.9729680510252,453.02242542659474,467.1389990234375,448.67149993896487,442.0972499084473,242,-33.70043680245234,1.6106337423652972,False,54
TATACOMM.NS,1656.699951171875,2110.0,-21.48341463640403,514173.00403225806,-1.5626885815879343,-5.482661740025618,-10.747764532266558,13.833907688395207,0.010564325095141991,1675.4625145656921,1691.279371268924,1716.697998046875,1805.1747802734376,1693.6029711914061,76,-23.341232227488153,31.6155934916331,False,54
OLAELEC.NS,35.130001068115234,57.95000076293945,-39.378773760807626,93026770.14112903,-5.258901474234334,-6.643635208711984,-13.066069782811473,16.055502269095822,0.006477627836290577,36.4718042090892,37.20664057829352,38.29419990539551,39.70810005187988,35.979450159072876,241,-61.604832257000666,13.705181202296824,False,53
PTC.NS,148.0,196.42057155396438,-24.65147676278977,1511887.4112903227,-0.9186802679671424,-0.5395743024444233,0.27391147970816654,2.5452977661866605,0.009005096631015154,149.91170572043848,150.12145887893942,152.82138458251953,153.94979385375976,150.73461669921875,107,-28.63055780703786,43.36695497097285,False,53
PIDILITIND.NS,1482.0,1707.5,-13.206442166910692,791993.4274193548,1.2295081967213184,-6.9679849340866244,-6.620502034605014,10.160238762979535,0.008072987276651173,1493.8859527117552,1520.8205195302633,1598.60599609375,1567.919266357422,1492.2406005859375,38,-14.68228118136896,7.848373373309148,False,53
HYUNDAI.NS,1940.0,2463.3752331457113,-21.246265128571785,899341.8991935484,-4.150197628458496,-12.612612612612617,-1.3287067919461992,10.097618279144172,0.0070289298870543585,1999.637095261785,2053.100612845966,2150.838076171875,2035.821416015625,2041.0786810302734,247,-33.33064778801466,0.0,True,53
POLYCAB.NS,8255.0,10126.0,-18.4771874382777,386188.3266129032,3.3166458072590776,-1.4151788380008412,-10.37402964008468,9.126614768250274,0.005870658284004449,8202.305264454515,8291.818271590635,8703.35,9062.668779296875,8383.309956054687,76,-22.150898676673915,26.452627054485255,False,53
ICICIBANK.NS,1355.0,1467.6271961496604,-7.674101191715399,13701341.189516129,3.38776325661172,-3.1727900271155907,-2.4819137305946204,4.370866655916306,0.007079908634261899,1340.8983628584654,1348.9651078517863,1391.92025390625,1365.543203125,1345.097857055664,57,-12.034881652032903,17.492757458866492,False,53
GOLDIAM.NS,305.8999938964844,398.20001220703125,-23.17931076871953,1020877.9556451613,-1.5765746746902676,-9.550566867151444,-19.07407568876075,20.634919679767314,0.004639743243793867,313.8938213960229,320.57557450070266,342.9619982910156,339.47749908447264,301.0246449279785,41,-24.058266040619493,9.18265466751067,True,52
ICICIGI.NS,1690.199951171875,2057.089271774458,-17.835362112705113,809541.0524193548,8.138192653350917,13.86418238837257,-7.447158232192952,-3.078121895967856,0.0012125951496457822,1595.1135399107632,1567.9786873259766,1573.22,1664.8748303222656,1756.937646484375,224,-30.81972692617455,8.37670808276707,False,52
SAIPARENT.NS,493.8999938964844,706.0,-30.04249378236765,235244.23076923078,-5.681281224204449,-6.758545872291688,-16.017681618775704,17.10728960201171,0.0011777405829319154,509.1438244110127,512.9460881724212,527.3290057373047,541.7190014648437,,69,-33.25070821529745,27.4491719757296,False,52
MRPL.NS,172.1300048828125,212.0,-18.806601470371465,12650828.822580645,4.473179547035477,-0.47988078101071086,5.932672203678391,-4.105846861942897,0.004888047148277638,172.3880992823152,171.39355370977066,171.74420043945312,164.41160049438477,167.29603797912597,139,-32.49056834094929,35.25520435847738,False,52
SJS.NS,1994.800048828125,2590.0,-22.980693095439186,145608.9314516129,-7.639596086199118,-12.76893448334654,-8.637897863473121,15.929273602955728,0.004625935768511367,2096.504538432086,2187.653956011658,2357.1900073242186,2252.0532958984377,1989.6210528564452,44,-25.945945945945947,17.511813770351047,False,52
INFOBEAN.NS,156.19000244140625,255.98189583973354,-38.98396528042183,1102219.7540322582,8.782560558251905,-1.5257538362227208,-3.774928835188962,2.2759341609542405,0.0035100030240565426,148.97282411140944,150.18333316832522,156.73242614746093,159.0532974243164,171.4269197845459,186,-53.26990210467386,64.17252502176132,False,52
DRREDDY.NS,1197.0,1405.9838095385528,-14.86388450000301,2004613.2661290322,-0.7627218988806028,3.9965247610773247,-3.8013378583945157,1.1071774908245624,0.0002550240113887506,1201.37113615965,1196.383396121527,1181.1540014648438,1225.8435009765626,1239.753594970703,72,-21.691843637847384,3.45164415981305,False,52
JUBLPHARMA.NS,931.9000244140625,1178.6978642896322,-20.938176555050248,181116.3306451613,-6.744717722629446,-6.599847214827115,-2.8495637273647567,6.724908191729551,-0.0015934705674597411,984.5410450172309,993.1392998626271,956.2579992675782,966.8012969970703,951.1988381958008,239,-33.655473337427246,4.162110497090632,False,51
M&MFIN.NS,319.45001220703125,415.0,-23.024093444088855,3392094.504032258,-0.09381948177287214,-14.66541819190017,-4.169789603114027,10.090079876201298,-0.0015737051701101034,325.66502344732453,336.1426879370022,366.2520007324219,339.01238037109374,338.28143478393554,42,-25.49397296216115,44.846687772513995,False,51
GENESYS.NS,276.04998779296875,612.0,-54.893792844286146,968439.7661290322,-1.8837811251359526,-4.21250374599853,-15.361032359674576,13.516734972934753,-0.002324945804417732,283.36950247282874,277.3352260895912,242.7180389404297,271.1726876831055,288.4404444885254,241,-72.4673202614379,20.103952641794432,True,51
PINELABS.NS,163.07000732421875,284.0,-42.58098333654269,15248783.450892856,-2.6970518004898025,-3.8218788622262356,12.253047792559467,-6.811816557952488,-0.0008289323790738228,172.08544494778673,173.84477197570075,168.2236004638672,158.9672003173828,179.40269996643067,223,-52.55986065931724,0.0,False,51
NEPHROPLUS.NS,616.4000244140625,781.5,-21.126036543306135,357875.25870646763,-5.015792769965232,-17.161665819343476,-5.023108718942604,13.059429679541923,-0.0021707318473122962,651.47417659992,673.9006200810857,696.0830029296875,681.5600018310547,607.6862507629395,18,-22.200895713371715,20.394834181107836,True,51
TEMBO.NS,55.060001373291016,83.55384731237945,-34.10237452329349,1623280.2419354839,-3.6738951709709866,-5.346393146896478,-1.2110868030298039,3.6423555261948515,-0.003430519769073948,56.64973982974504,57.05664384669472,58.13859992980957,57.50664993286133,57.24177360534668,226,-48.13524394339639,44.09210821144325,False,51
AWL.NS,182.17999267578125,281.42985528309595,-35.26628776022262,3194635.9919354836,3.8476886973796587,-2.847702365087834,-4.1157933285361885,2.319628667446305,-0.004916581348619352,182.33998156230834,183.51741963346313,188.60159942626953,188.71898559570312,194.96131546020507,218,-39.48744889504835,2.2189142138892004,False,50
ANGELONE.NS,292.0,359.3387168134344,-18.73962188393857,8413520.762096774,5.491334131994274,-2.0134228187919434,-15.358163476980879,9.447373041641626,-0.0068205097699657385,290.51683460526857,290.8373170900719,292.5769989013672,313.1048217773438,286.35506675720217,77,-25.474218261872352,7.64175464224095,False,50
INDIGRID.NS,167.5800018310547,177.25,-5.455570194045311,761041.5528455285,-1.9885331509203907,-4.452932086078054,-3.8919373970937032,4.733775549098995,-0.0036351073179616273,170.23915391667666,171.5646486548118,173.74993560791015,172.1736395263672,165.26510467529297,36,-5.788431315563292,4.0286225421758415,False,50
GVT&D.NS,4194.39990234375,5636.049839022599,-25.579084249703143,865665.4233870967,-1.3824953039726307,-11.696844161184206,-10.098533226039297,12.877014483976268,-0.0035637253685538595,4247.197721665089,4280.710997921287,4312.941015625,4529.4090649414065,4076.744412841797,75,-29.87257122828283,17.521699336581207,False,50
UNIONBANK.NS,173.05999755859375,199.59697275189,-13.295279395987226,14813032.004032258,3.263918694570922,-5.545248113971379,5.197254475260782,-4.03451273505776,-0.008372865047820536,172.18952523366886,174.49715406776883,179.90419921875,172.6699787902832,171.36500816345216,150,-23.981703326548644,31.703346076638827,False,50
IFCI.NS,67.3499984741211,107.5,-37.348838628724565,42430712.43548387,3.392691288271421,-27.275674300564702,-13.051898695901453,21.658232896636864,-0.003681421814014883,68.34745014610316,72.33855569411025,78.96440017700195,76.71730018615723,66.8776000213623,23,-41.11627977947856,30.880452429207715,False,50
SUPRAJIT.NS,457.6499938964844,557.028538620579,-17.840835403190436,153559.0685483871,-4.864358068865626,-3.774182501403156,-9.729838568898664,7.504702886064085,-0.011583427234111588,472.36904376361616,479.1137476085662,496.6574499511719,483.02674591064454,456.8425914001465,42,-18.783336484553537,14.979361583290164,False,49
SRF.NS,2519.5,3198.0092293385956,-21.216612607429,476818.07258064515,1.3393954421256016,-0.09912767644726372,-9.021582869538946,3.662558116291348,-0.011273376054220375,2489.221035374418,2503.7225384901967,2554.663994140625,2640.624943847656,2678.223515625,241,-26.50008833670603,5.7559420706525755,False,49
CIPLA.NS,1301.0,1657.4505258313652,-21.50595268311687,1524210.1008064516,-3.199404761904767,-5.997109826589597,-9.615118943074986,8.002746229634461,-0.012027996325771076,1337.8361108304325,1357.740060071692,1404.7699975585938,1408.4071337890625,1369.6888000488282,238,-30.322771507030687,8.72380693037822,False,49
NTPCGREEN.NS,92.5999984741211,119.94999694824219,-22.801166460989975,7170725.1572580645,1.657703586493997,4.7037493417878995,-1.5940489100140898,-4.7030974384486,-0.012529334213766874,91.0629019704185,90.89248127324092,90.68320007324219,93.95040016174316,95.18640014648437,114,-29.003746703840694,31.569631866919835,False,49
BAJFINANCE.NS,960.0,1176.4000244140625,-18.39510539978494,8198412.786290322,1.233788079472764,-8.927044660410942,-5.928466438020575,5.557219174391981,-0.012176823857842918,971.1264059210371,991.29923830079,1050.4380041503907,1009.7112109375,972.3242245483399,47,-20.324722174345744,30.43486246298308,False,49
KIOCL.NS,358.75,534.0,-32.81835205992509,308685.69758064515,10.776592014430575,-4.866084806818716,-5.827539439732687,1.9465774999503527,-0.008651885918603507,344.24361866036486,347.13091066930707,367.1679986572266,376.6424987792969,369.42749923706054,246,-45.571162191669586,-0.8683797640799851,False,49
UJJIVANSFB.NS,61.45000076293945,73.94000244140625,-16.8920763674095,15257794.665322581,-6.326216170292742,-5.257477359424934,-5.85260621509891,5.150585569751875,-0.013796647255431836,64.16576561507912,64.82996089296807,67.42340003967286,63.34240013122559,60.63405015945435,34,-17.365436223051546,25.707792329005308,False,48
BALUFORGE.NS,481.20001220703125,677.7972608890275,-29.005317670379927,1054356.177419355,-1.5850291045127363,-11.133768573019498,3.492567524993695,0.10272489187095335,-0.012963964108086838,500.06975226969683,509.1889463912087,520.2515313720703,488.9218276977539,486.1426190185547,246,-49.69764185569263,4.750072904899882,True,48
VIYASH.NS,234.05999755859375,298.0,-21.456376658190013,2308378.0161290322,0.996762700579823,-10.647075147450169,-15.745137565294765,13.143521575472406,-0.014958713988315183,237.6670328592819,242.89951984416908,256.05980041503904,259.18479934692385,232.668999710083,67,-24.080535069408036,30.710262053445604,True,48
APOLLOHOSP.NS,8027.5,9070.5,-11.498814839314264,400873.09274193546,-1.3032519825413424,-9.16548797736917,-9.095744757320778,8.58400625706459,-0.01258543718098365,8158.586852396108,8389.34953396896,8703.76248046875,8634.500776367187,8033.545246582031,11,-16.129210076622012,1.9831275200907106,False,48
LTTS.NS,3270.10009765625,4673.3032272251885,-30.0259380002205,135286.06451612903,0.07038523758360338,-3.511256574637467,-0.24708235117658628,-2.0678069775809216,-0.015964602875544777,3237.7630367136603,3276.639044934242,3429.7520068359377,3392.7984008789062,3525.220627441406,209,-36.30977749224521,10.078087593566298,False,48
ONESOURCE.NS,1461.300048828125,1925.0,-24.088309151785715,324589.00403225806,-3.096813738187998,-7.483377725348217,-10.17886613196034,8.76814654470599,-0.013527581405941489,1518.2163378741134,1538.5279729154065,1554.5099975585938,1624.6169995117189,1576.305496826172,231,-45.09090909090909,-0.634987812993304,False,48
EMBDL.NS,55.5099983215332,97.41999816894531,-43.019914427356056,2942611.814516129,-1.1045835289217987,-4.490710010869792,-16.19867132892101,10.27015922382657,-0.01760138064211814,56.7130385145635,57.29534626064835,59.63359992980957,60.84629989624023,59.564399795532225,246,-59.49497041044764,1.1921264321052005,False,47
PACEDIGITK.NS,165.1300048828125,231.9499969482422,-28.80792970234013,2008795.310483871,-1.326561780541513,3.006679182598715,-23.621643286912597,11.967730991720948,-0.018307209309198078,164.01315388063173,164.47419843174475,172.43819946289062,184.42729904174806,179.66339958190918,246,-39.72407872469545,1.0121002315278016,True,47
BGRENERGY.NS,272.42999267578125,490.79998779296875,-44.49266514841504,113112.73684210527,13.649820635552645,5.979146994150297,-8.977613168422172,-4.427291933916299,-0.019033892617078475,254.64962746968857,252.78484549523805,253.5297998046875,282.3584002685547,299.57704986572264,236,-55.582720981656244,38.939292651059866,False,47
ADANIPOWER.NS,189.0,254.1999969482422,-25.649094308021414,30139510.79032258,-3.674637616409404,-9.30901845713137,-13.481344637061188,11.629556863345925,-0.016218480988472003,196.59655410413203,199.97406604823962,205.19399993896485,214.52170059204101,188.47365043640136,92,-27.596378732753347,58.11460369825387,False,47
INDIGO.NS,4833.0,5970.0,-19.04522613065327,1346693.2862903227,-1.9655551687303485,-3.3399999999999985,-9.017319277108438,4.71238219044523,-0.01684798423827474,4915.234489064856,4943.773993462974,5085.73,5007.894995117187,4824.233504638672,217,-34.753769662112646,1.4149707398026123,False,47
HDFCLIFE.NS,556.6500244140625,785.6996289453043,-29.15231165868183,3581937.693548387,4.202548052045096,4.280636407574434,-1.9464483979857672,-6.629777861454644,-0.019594635772581914,541.9122684813801,540.209523758942,540.3800012207031,557.8214416503906,615.5140188598633,215,-35.25515432788324,4.40114049299023,False,47
SDBL.NS,71.19999694824219,136.0,-47.647061067468975,1151555.4032258065,-4.990666361518048,-1.6438768496196632,5.716404693907218,-6.879416949010475,-0.018646873775077625,72.82947315353357,72.57889948507376,72.39439987182617,73.28529975891114,80.50405004501343,241,-54.558824090396655,5.181678725951366,True,47
BHARTIARTL.NS,1805.0999755859375,2147.4734560986562,-15.943083233015287,7711542.903225807,3.675837166011209,-2.1095457925196626,-4.820998291237322,-1.8146983354342727,-0.022265042634477167,1800.496316609009,1812.5827546519952,1874.4519970703125,1865.4090576171875,1886.9081494140626,218,-19.958609598845133,11.364563326292899,False,46
CARRARO.NS,508.5,659.2363858620107,-22.865301293239348,174604.25506072876,-1.8529195210018168,-5.632360946650394,-9.537483097857013,5.4392647758524815,-0.019973031604463717,521.8000993651907,525.768683465037,526.6011596679688,533.948962097168,525.968579864502,121,-26.260198815337212,3.6956216320578106,True,46
HINDZINC.NS,543.5,719.8477125036038,-24.497919412742586,7753738.979838709,-2.0808914596853967,-8.732157850545763,1.219850571572989,-1.0583277490449072,-0.020118966442237582,556.7704723849865,566.9691333562984,579.4150048828125,570.7100030517578,582.4066958618164,173,-33.96998491730814,49.87633981215025,True,46
BSE.NS,3287.199951171875,4435.115403617064,-25.882425776542473,4488828.318548387,7.918580143528398,-3.1467309613472327,-13.758005379599714,4.180684130377954,-0.02292616139645339,3250.6737954136765,3253.065512160052,3338.3180126953125,3615.125920410156,3313.980751953125,93,-32.35801716561093,46.99328449457714,False,46
LEMONTREE.NS,110.43000030517578,170.67999267578125,-35.299973609123946,3867527.754032258,2.5633901580454532,4.445282132807171,-6.739298294175422,-3.020990918092792,-0.02084790413123764,108.65238959801283,107.68761813158542,107.84080017089843,110.63620010375976,117.900950050354,232,-41.6393221907574,0.8666451730543034,False,46
OIL.NS,443.5,529.9163379046904,-16.307543610824293,4099216.85483871,-0.11261261261261701,-10.47638161806862,4.578643130883919,-3.168771329613984,-0.020004531774554038,453.55778512463075,461.6458945204687,469.8968188476563,458.0117495727539,459.1777577209473,102,-23.898304844901787,7.980387465587158,True,46
GMRP&UI.NS,98.0999984741211,136.3000030517578,-28.026415056741317,1778505.6693548388,-3.700799225302298,2.6043278400522674,-0.6381088437066862,-6.232081916738386,-0.025334797743271367,99.71255985895422,98.66883986555057,96.64100036621093,99.82069984436035,103.41769989013672,219,-36.316947095887556,17.085917320475573,False,45
EICHERMOT.NS,7050.0,8165.0,-13.655848132271897,519818.32258064515,1.8786127167629951,-9.002904162633108,-3.2811551921334448,-0.10059545674412362,-0.026373043011880048,7073.642379940297,7246.63734098584,7678.79,7488.808818359375,7346.610109863282,37,-17.11573790569504,6.875556657029769,False,45
HBLENGINE.NS,719.0499877929688,1117.5594259540492,-35.65890358097753,1968127.1491935484,-7.737215587597024,-1.5317806987190097,-5.98043299910297,0.23649039574171749,-0.02779611439937708,754.3039676380739,750.6073702743072,720.0636181640625,747.0521984863282,756.7293496704101,227,-45.224420422767196,25.50543586557714,True,45
ROTO.NS,60.09000015258789,80.52516439325045,-25.377364199923836,2290212.97983871,-4.101499682544862,-7.896242605847592,-12.93846677799383,7.610612468300348,-0.028266935355020138,62.01713149053289,62.74171501168127,64.55758171081543,64.69772224426269,62.19975040435791,198,-41.19103713547165,5.029092675978064,False,45
TIMETECHNO.NS,176.35000610351562,225.61254472714933,-21.835017500117605,2693162.6975806453,-1.8532873486222456,-4.671741041896594,-3.539282418383205,-1.3232716250554222,-0.027107703187786734,180.39548919305435,181.3929462627797,187.97713653564452,184.52633819580078,182.3708871459961,240,-32.307689722429934,-0.13502176323964,False,45
STYRENIX.NS,1999.199951171875,2625.9669159348305,-23.86804498410178,40028.71370967742,-2.715330843217767,-5.470705778730012,-11.073808412252706,5.1640519671056095,-0.02622195976901347,2023.765806902397,2046.0306549355037,2124.992919921875,2192.5481494140627,2090.8278967285155,46,-25.730212479321036,16.181143018749378,True,45
EPIGRAL.NS,996.4000244140625,1723.2457150283337,-42.178877003754536,67440.21774193548,1.4457352912390364,-16.254834129864836,1.9230819657965803,-1.0960544366716118,-0.029678904817787344,1028.0769924875638,1058.8449937191433,1116.5119958496093,1118.7843212890625,1096.876685180664,247,-53.371466947435984,0.0,False,44
AXISBANK.NS,1259.0999755859375,1417.2070248903838,-11.156242279893814,6438479.314516129,3.4508258025212957,1.1406499231581657,-4.880258213256483,-5.471042946258365,-0.030792820775965277,1238.061678584121,1237.354472307109,1242.3280053710937,1273.1294592285155,1283.5042962646485,168,-18.895855493345447,5.7465776807786195,False,44
KEI.NS,4585.0,5899.0,-22.27496185794202,378097.0120967742,1.8436250555308842,-2.394890899414581,-10.962229342654627,1.726122677408748,-0.028928354061627172,4591.082702423997,4668.129307711065,5080.647998046875,5148.782998046875,4835.739517822266,36,-25.000844290345825,2.287783764685103,True,44
PRINCEPIPE.NS,248.9499969482422,334.82414257915667,-25.647536933694305,262974.8870967742,0.8302969228169754,-12.572433029590101,-6.660090898241733,3.65291822663103,-0.029683168924564303,254.37548326317363,259.8288494641753,271.9639288330078,271.6246069335937,259.7649501800537,247,-38.988094352571345,0.0,True,44
SURYODAY.NS,147.92999267578125,218.0,-32.14220519459575,805063.8669354839,3.051194378898203,-4.475014792236209,-19.084143146535247,7.936609728717237,-0.03140482573031101,148.59390169526458,148.954357072833,152.998798828125,163.1630238342285,150.2401649093628,53,-35.27981819362815,17.41512339951754,False,44
SENCO.NS,334.75,428.75506028088586,-21.925119722039266,1665807.5887096773,5.466290622921077,-7.489292703165806,-7.297533064234374,0.5155584813686165,-0.02934266005063919,328.4736454274676,333.3534038638364,351.9785186767578,351.23292449951174,335.26889434814456,52,-27.66266275824266,20.72501303547789,False,44
TARIL.NS,290.6499938964844,498.4980597076222,-41.694859541287755,5007606.806451613,3.5078370839452866,-2.098766358514137,-15.616094753615705,3.3440478602214885,-0.03416178845304415,283.58891346476963,284.4414543995492,291.3861907958984,307.4404504394531,297.6990383911133,246,-55.095702794943335,0.27551188845922336,False,43
LICI.NS,394.25,457.74492274879265,-13.871245663960806,5052301.693548387,0.6124776978695179,-4.017041996348148,-11.014555724527487,1.6736011126594397,-0.03377086901777148,391.9703166079148,396.89314615616536,406.0620001220703,411.0729638671875,406.29630950927736,228,-22.994827548864862,3.233914736430843,True,43
DCW.NS,44.189998626708984,71.84041979886041,-38.48866870428566,1506885.5040322582,-0.9636941180393155,-6.85111858090589,-9.417464682122489,2.6490282179439495,-0.032322212454442764,45.55999555658409,45.906019797867714,45.88134735107422,46.655885238647464,47.46538248062134,224,-48.571300670518845,3.471832462601676,False,43
TRITURBINE.NS,511.1000061035156,784.8771245029434,-34.88152601884131,1245203.2298387096,-3.566036584242338,-11.97037072078465,-15.381435004467958,10.354619864329063,-0.03223260358189926,531.4397834478376,543.1605363479198,571.6890631103515,614.1954220581055,559.6309097290039,92,-35.80523748572747,64.06682097984327,False,43
FEDFINA.NS,146.38999938964844,178.47999572753906,-17.979603936610367,1272529.1612903227,-2.2567969462453985,-9.802836329606013,-8.127273280953828,3.3608658778021328,-0.03280082593711038,149.11812829878505,151.09518365720882,153.65600036621095,154.4945002746582,149.2337000656128,181,-33.28664133509278,21.665060413671267,False,43
JSL.NS,709.0499877929688,879.2203373423794,-19.354687593303943,702442.6532258064,-3.22779091306743,-4.020306220917935,-0.6109261569700708,-5.491988836135297,-0.0350691371703547,730.3680214405368,734.5601515179593,732.3455444335938,718.6337408447266,743.5796044921875,186,-26.124746460363557,15.392401926539033,False,43
INGERRAND.NS,4026.5,4955.0,-18.738647830474264,19588.645161290322,-3.181201570183334,-15.083201506909383,-9.149368231046928,6.427486760243006,-0.03508576223617086,4128.917221536828,4229.97531406931,4432.286000976563,4382.693383789063,4047.375654296875,25,-20.179614578077697,12.504586728712464,True,42
KIMS.NS,705.5,858.0,-17.773892773892776,495094.94758064515,-4.176570458404072,-7.7174623937213855,-13.424962711557697,6.202019112466295,-0.03507830693065476,722.8315707898398,743.0781491975617,774.6690002441406,782.297001953125,721.1745004272461,67,-20.885782308511804,16.60890266237114,False,42
COALINDIA.NS,411.54998779296875,478.7148709533388,-14.030247906569993,9761096.161290323,-2.105139446242421,-2.0701992164262384,-1.6244042225653899,-5.993005418465447,-0.03509077222065286,416.6445276294691,417.3988250321912,411.93432067871095,422.47685272216796,423.29144638061524,111,-18.353677344753216,11.061138469360543,False,42
OBEROIRLTY.NS,1698.800048828125,1983.9545449282684,-14.373035754730633,527892.8588709678,-3.180207884089281,-7.361762264444838,-11.646036878205724,4.092237083621919,-0.03647289471310844,1742.388899603826,1769.9602148402457,1815.3199975585937,1785.4795544433593,1684.0476306152343,67,-16.328728183637963,16.765159395911255,False,42
NOCIL.NS,164.83999633789062,211.1999969482422,-21.950758181929707,1691205.0241935484,-2.374894652456583,-10.93100458513937,-5.164446848629156,0.7627801989987137,-0.03667912357262794,172.15436017544647,175.5772751132423,173.5224008178711,170.43141998291014,161.27100017547608,11,-22.51420631573715,28.16848561549199,True,42
ASIANPAINT.NS,2339.10009765625,2960.0187763517797,-20.97684932461177,1169344.9798387096,-2.82093487094931,-5.742262830122558,-12.64844069743366,3.3733917489489507,-0.038757215627699605,2382.1203102471636,2422.637803307529,2559.898017578125,2616.237490234375,2541.218873291016,209,-29.16233802048599,26.768326901582174,False,42
AUBANK.NS,982.0,1144.0999755859375,-14.168340096582899,2278382.8991935486,-0.5065856129685908,-8.540556518773268,-8.315111187193436,1.5657862600152006,-0.03626988717203463,1003.0639296150439,1018.8881243744125,1054.9299938964843,1034.3932061767578,1005.0278579711915,31,-14.867579688464094,8.933600808363384,False,42
HEROMOTOCO.NS,4895.5,6175.521739453033,-20.727345695756625,625337.7862903225,-5.272832817337458,-8.212243367394766,0.3719755711080408,-6.0518327465077455,-0.044788723824833857,5078.132378801868,5184.814948952511,5433.85,5155.738588867188,5246.337231445313,208,-25.451131509188663,15.212266225816151,False,41
BAJAJHFL.NS,81.51000213623047,112.4000015258789,-27.482205489593646,6979794.33467742,-1.6885797419385673,-2.975836134304588,-7.448617669268909,-3.527039653077002,-0.044094263630662475,82.57797540912657,82.95523866974072,84.08260009765625,84.99429977416992,86.55874977111816,233,-35.36476820318191,0.5722635150962052,False,41
COLPAL.NS,1817.800048828125,2278.1147610448475,-20.20594923872936,426942.6532258064,4.772337108249269,-0.1153896124933329,-11.430513773057694,-3.553804274964001,-0.04396520053576648,1792.1323904205933,1814.6478264794216,1886.9460107421876,1969.8973596191406,2015.8510021972656,241,-24.670170048902374,3.9255505543133395,False,41
INDUSTOWER.NS,380.8500061035156,464.0362575162202,-17.926670613620498,6343245.471774193,1.2225929843230787,2.0908775139474534,-2.7002134644542597,-10.379166492818559,-0.044212958352419035,378.54901867302175,377.8986386941026,377.12571533203123,385.76237030029296,400.884599609375,156,-23.378834728115905,14.13055706024986,False,41
TITAN.NS,4410.0,5186.7001953125,-14.974842695061607,943853.1330645161,-2.3407265925718845,-11.57008221375576,-3.804203517555027,-1.5142932009850174,-0.04295067437668856,4549.474095151676,4681.2345987740055,4917.37201171875,4642.785788574219,4409.282412109375,29,-16.40927884024288,15.064678257291408,False,41
ELECTCAST.NS,75.18000030517578,97.77694428392327,-23.110707891556537,2448083.9879032257,0.8585985803430729,-5.9073856452610425,-1.487761790160791,-7.676886863163068,-0.04612700553331366,75.59143079321144,75.65790392021209,75.30569030761718,75.3654109954834,75.21996438980102,241,-39.2424243709629,0.9234047216613916,False,41
LTM.NS,4070.0,6344.474916122625,-35.84969514723295,385415.1532258064,1.572248565011236,-8.126410835214449,0.812445487586122,-8.809557177110882,-0.04748146535110282,4025.4885590943954,4116.838186329129,4393.952001953125,4181.466345214843,4570.0937536621095,178,-44.39256129715918,8.116773671372957,False,40
ITCHOTELS.NS,154.52000427246094,225.15377366925506,-31.371346011971912,3383215.2983870967,-2.517185270738831,-1.4792094616169038,-17.452854181767318,2.3648298266657486,-0.0483748474326116,158.0167750661967,158.75660355215524,161.58199981689452,163.63604858398438,167.34034355163575,236,-39.41666728189354,2.67899339919917,False,40
TCS.NS,2156.0,3287.1616459496977,-34.41150049141841,3837757.5161290322,3.903614457831317,-4.411438705386828,4.77628582659293,-14.144463440326549,-0.04716825923446975,2103.06227408442,2130.5674489647417,2254.2220043945313,2219.960458984375,2455.973533935547,168,-40.19093885631243,1.41229046153577,False,40
BANKINDIA.NS,134.4600067138672,172.71800537071604,-22.150556089814256,9778029.532258065,3.8461624580274245,-4.543514034326968,-7.204960401913785,-5.2138267795269755,-0.04771105393447577,133.53291195395406,135.30916845387898,139.78440063476563,140.88416778564454,144.303673248291,150,-26.62606131600198,19.77005739989055,False,40
EQUITASBNK.NS,66.0199966430664,83.9000015258789,-21.311090056771242,3512516.435483871,-3.4936513537518366,-8.988150248376014,-19.722764642542355,8.158577412917856,-0.04800393612645951,68.05895805847055,69.50842524295507,72.81319931030274,74.12199966430664,69.17694978713989,60,-22.967823506555142,19.70332925799734,True,40
TMCV.NS,410.29998779296875,503.3184101990195,-18.481029209575293,10992168.39380531,-1.2515071497066765,-10.03179502786632,-2.8875768537352076,-4.404654971573551,-0.04759644765293915,424.46937590736667,431.87578388759187,449.11899841308593,424.6107534790039,428.4415692138672,150,-29.852655536585495,18.129746373319122,False,40
GOCOLORS.NS,292.75,698.0,-58.05873925501432,534501.0322580645,-0.7458932415595254,-10.59704104854089,-13.909716068499378,3.4635049903437354,-0.049815103582764496,301.53969428381384,307.2218092378316,321.38899963378907,335.39549896240237,336.94299827575685,243,-66.03868151120949,0.45045767805347303,True,39
ITC.NS,266.0,406.5707952146441,-34.574739963905046,18840608.44354839,3.9468567191921267,0.9487666034155628,-5.590062111801242,-9.655577935917902,-0.049548108153052085,263.7600710252737,264.5952105599935,269.54599914550784,277.9493200683594,294.80413192749023,232,-37.73532263604007,5.113793705090375,False,39
NHPC.NS,72.98999786376953,86.59303970157107,-15.709163097498635,16293331.75,1.7282200191909736,-3.8339968426972626,-8.306516964637856,-4.576608756660072,-0.04916575958675741,73.15968405982046,74.10570378469743,75.95299011230469,76.84293594360352,77.18057174682617,112,-18.87338723515738,11.127259102605947,False,39
J&KBANK.NS,138.22999572753906,201.75,-31.484512650538253,4344967.608870967,-1.2501786351002964,-5.985175219219907,-28.248118293835255,12.026903648024167,-0.04985726936294921,140.08650874799713,142.62559973651997,148.43580017089843,154.4638003540039,134.37110019683837,63,-33.07558648205158,43.64002453784481,False,39
JUBLFOOD.NS,422.75,621.1833833605058,-31.944412660720566,2632496.810483871,-4.657193094437728,-12.000415201692672,-3.218289877761382,-2.707455820848814,-0.04914271641450248,449.64284350252706,461.2788426321803,479.21899963378905,453.3556158447266,474.92331466674807,223,-34.37675510775418,2.6954725867832874,False,39
GSFC.NS,147.27999877929688,193.115695395346,-23.73483756574751,854618.8870967742,0.25868270837388074,-5.4664781639298,-5.519352537133182,-5.454718207388276,-0.04905120406043837,149.7773863860474,151.25283267867823,153.85774993896484,155.93085525512694,160.28194877624512,222,-30.351676808326722,1.570578426965863,False,39
JSWSTEEL.NS,1168.0,1351.0,-13.545521835677278,1700696.302419355,-5.271695052716952,-9.966857624411873,-6.214872562771767,-1.640386396555038,-0.050411573576076146,1226.2536011076256,1247.8244076019878,1281.5100024414062,1269.7452416992187,1233.8267974853516,29,-13.893408672973727,9.91848608472976,False,38
HCG.NS,589.2000122070312,804.6500244140625,-26.775617432425936,200863.82258064515,-11.895325277453273,-14.682879664580605,-11.584635260917043,6.324999774209039,-0.05071499129252945,657.1942785474746,674.0252302876751,695.5030017089844,669.4725006103515,632.8791949462891,237,-36.20829277091636,11.020106118601468,False,38
HCLTECH.NS,1216.699951171875,1729.0085007948294,-29.63019264436496,3294180.6532258065,-2.1237249563631266,-4.722008522171106,5.585569896054343,-14.26057879751893,-0.05185334750261803,1215.4187443769588,1234.108675405659,1289.5200024414062,1224.493804321289,1321.149825744629,168,-41.03032324952367,1.4605517079847363,False,38
ULTRACEMCO.NS,10675.0,12847.756783521221,-16.91156534273781,284609.7620967742,-0.32679738562091387,-3.0338813697883604,-6.985791490823445,-6.1200193785484025,-0.051832012111861586,10757.462447111358,10895.216435698681,11332.18,11291.06515625,11507.828627929688,163,-21.24332769282121,11.08931527576189,False,38
PRESTIGE.NS,1406.800048828125,1802.9302554788078,-21.971465920376477,754034.3870967742,-5.336109821719514,-9.912905300842434,-18.73002982541827,6.645290425387196,-0.054770848198110414,1443.959588883398,1469.0303513936694,1541.265732421875,1534.8528039550781,1479.8989819335939,231,-39.61887418585771,12.496049475812821,False,38
BPCL.NS,287.79998779296875,391.6499938964844,-26.516023930020506,8420131.508064516,-4.258156370808264,-5.282217537648803,-7.086363908646087,-3.455222442018391,-0.0499025729401177,296.9902821838501,301.84451015003145,311.31800048828126,308.32250061035154,321.3733934020996,166,-31.92901563685975,10.639946959344737,False,38
JUBLINGREA.NS,625.7999877929688,792.3323631991859,-21.017994864404177,344695.7701612903,-1.9122276186569365,-7.330075654492019,-13.068397491600503,-0.3401405176718275,-0.05713813347312979,636.182597265387,645.0655171636297,684.0829968261719,681.1849536132812,665.445307006836,55,-22.759686663695177,1.632961295121782,False,37
GARUDA.NS,163.6300048828125,249.3000030517578,-34.364218660342,1445526.4677419355,-4.965726656214098,-10.881757889614985,-7.647583447959416,-1.7296196739140512,-0.05659047147497852,171.3417380241055,174.15744598125096,178.26239959716796,176.0017997741699,175.93754989624023,228,-47.85399181362611,23.374903986913086,True,37
LT.NS,3703.300048828125,4397.052414797838,-15.777668777269039,2219129.3024193547,0.26804967634543875,-6.152911553671281,-6.145775178649027,-6.650901211930105,-0.05707870381466463,3739.5474849496563,3799.6021249997316,3941.00599609375,3960.711447753906,3940.2135888671874,153,-25.943690034227284,5.459685306901552,False,37
SUNCLAY.NS,1224.4000244140625,1638.1349924521967,-25.256463596983302,17160.943319838058,3.4995794094727417,-5.334776457210788,-9.034173520500556,-5.510111261273232,-0.05631293911154343,1186.756970986485,1213.279253437617,1250.9140087890626,1298.12900390625,1306.539312133789,245,-33.64405222961378,-3.5091999602540946,False,37
CDSL.NS,1260.0,1658.570789743815,-24.030978491148925,1745231.7580645161,1.4084507042253502,-9.999999999999998,-11.202354558102257,-1.235560181566464,-0.05714085369634727,1275.0996133319502,1299.488716965953,1341.7540014648437,1317.68873046875,1311.332998046875,219,-33.30345469125907,5.229052665389244,False,37
FINPIPE.NS,151.16000366210938,196.89158671473658,-23.226783742103073,747032.2591093117,0.4452110734860293,-2.537996854509972,-9.19882328301107,-6.135373442312475,-0.056768746253817025,151.91132211661738,152.76637115265603,155.95077087402345,162.3937371826172,167.10517059326173,93,-24.806333514769307,18.13256878304703,False,37
CONCOR.NS,442.0,547.7379722645398,-19.304480904871756,1755866.5443548388,0.0,-11.777333805285073,-4.208813054069882,-6.220894865232795,-0.061064686233710974,447.5439302804665,461.045711718346,493.7788781738281,483.89481170654295,488.5623114013672,233,-23.442807690127175,2.2036028884141468,False,36
GKENERGY.NS,113.08000183105469,238.62838915412897,-52.61251092885816,908067.1532258064,-1.4639249511179564,-12.753644550154164,-20.894291968244183,7.631462854325277,-0.05912823853885772,116.41565283327697,119.75517207800969,125.79889297485352,131.65689025878908,126.7158826828003,238,-63.606012832461765,21.259227479708187,True,36
BFUTILITIE.NS,469.1000061035156,831.5999755859375,-43.59066620065829,91983.90725806452,-7.062901217728457,-10.910641538565857,-18.953003455952345,7.002740108221839,-0.05773223422982984,495.5539104725549,507.87326315781115,528.9010009765625,563.1879998779297,548.6209999084473,246,-55.66377789426355,0.24723406512392465,True,36
HOMEFIRST.NS,1076.5999755859375,1311.570558920454,-17.91520720989036,322125.7943548387,-4.361728499217177,-12.973890806519584,-11.948963884877116,1.9060971792502546,-0.05853201304988667,1106.5896918533456,1133.685183275613,1173.53,1161.008582763672,1127.8329360961914,173,-32.17727876349391,12.664268014398106,False,36
MOSCHIP.NS,189.10000610351562,282.739990234375,-33.118761889054774,2468938.556451613,-4.509414094242192,-11.742737351053922,-20.150325033717277,7.5899021470217765,-0.05808625530941476,195.8039440275925,200.13325867750137,206.4574008178711,212.49660034179686,201.87194999694825,247,-48.079504802249886,0.0,True,36
EKC.NS,102.87999725341797,153.47897281057305,-32.96801811385941,663012.3076923077,-2.9525561925658805,0.44398987238885024,-9.930504277314956,-6.533802729137683,-0.057991300196283777,104.97397640536664,105.33434593339527,106.96113220214843,110.30264144897461,111.38078144073486,235,-41.60466023467884,6.500808704157679,True,36
EIHAHOTELS.NS,290.6499938964844,398.99480218003293,-27.154441033209654,19761.09677419355,-1.840598478449862,-1.707818093362523,-8.08587873208564,-7.536444344555182,-0.05965964823965255,293.9485706550862,294.68733244742754,297.7859991455078,305.11345764160154,314.87823318481446,243,-33.90755152654413,1.7857157327777928,True,36
TATAINVEST.NS,599.25,1076.4484254698823,-44.330821075945146,1346517.7540322582,-2.5688949039191167,-3.665298326564237,-13.621621621621626,-2.722779928900654,-0.06165547613751509,623.5274991445219,636.4196942513887,653.8830004882813,660.5081311035157,658.5854956054687,244,-50.19870773419343,14.745014841651184,True,35
GILLETTE.NS,7100.5,9391.700937170743,-24.396016786507356,27351.745967741936,2.920713146832865,-5.710112210344597,-8.760050899733285,-6.854400045913611,-0.06219726415671064,7102.9473527302125,7141.372870452688,7337.92056640625,7529.475717773437,7752.099084472657,232,-26.956788276239763,-5.049484037741713,False,35
ALPEXSOLAR.NS,814.2000122070312,1319.0,-38.27141681523645,64108.9430894309,-3.8838347688712194,-12.817219089605668,-0.20836035741659265,-7.8594477777650384,-0.061581145131392484,834.5117155718275,849.7172837895196,849.665,882.386000366211,866.2577490234376,229,-49.96209249431387,16.78407674556992,True,35
INDUSINDBK.NS,861.6500244140625,1077.8499755859375,-20.05844561571243,3097377.7661290322,-2.8415123037270784,-13.636362246003186,-15.175227921968016,3.2412984676018164,-0.06267472669123023,890.9075224501289,916.9643031896653,975.9160009765625,964.4465753173828,923.1286575317383,55,-20.48986228031222,15.649713777155316,False,35
BASF.NS,3347.39990234375,4667.595517979044,-28.284276359210047,26488.717741935485,-2.0397469585484607,-11.650130405295467,-4.906544729839901,-5.818120395943138,-0.06333212354243165,3438.7182345514525,3518.7959633751734,3746.5740087890626,3639.850212402344,3628.510582275391,246,-33.55607948909264,-1.6093098687035234,True,35
INDIANB.NS,829.7999877929688,980.0229061203939,-15.328510934719986,2214483.245967742,4.620810975323519,-3.5004111834517015,-4.697372670340272,-11.398124621075588,-0.06206462788690306,818.7411822228702,827.688242350777,855.1510046386719,841.2537322998047,852.1071765136719,122,-21.506936705671333,5.427393952934256,False,35
ELECON.NS,416.3999938964844,613.9827918639008,-32.18051068949402,876175.8991935484,-5.363637750799011,-1.1278641977536141,-18.440896317220712,-0.4799568561060896,-0.06486188252239272,437.6563122794492,438.3859106852155,433.53900024414065,469.5029595947266,453.74268661499025,247,-42.83224443139583,0.0,True,34
DLINKINDIA.NS,407.1000061035156,521.5413716552077,-21.942912254207435,138228.64516129033,0.12297097700306736,-8.103836094014527,-19.61694218755442,2.45925663530846,-0.0650985012324554,414.1629518838519,419.6699675740719,431.7680010986328,450.6501702880859,423.6228582763672,64,-23.141283148574733,17.683188196114095,True,34
SBIN.NS,959.0999755859375,1212.8384373028666,-20.92104388455873,12400935.60483871,0.5240540957911044,-4.851192898220491,-7.42278227934966,-8.013767705156905,-0.06350174935932647,960.8691005931001,975.0214870847248,1018.0889978027344,1014.1914978027344,1031.576665649414,153,-22.998810419392115,26.76027645629917,False,34
PNBGILTS.NS,70.44000244140625,97.27916368470422,-27.589835507105665,953787.1975806452,-1.6613079123843355,-11.068986438969974,-17.702596268592597,2.8541725640051308,-0.06549037934008155,71.85381704994299,73.52874009995689,76.62830093383789,80.6576838684082,77.18838382720948,87,-31.331643363766727,45.77866128108181,False,34
BANKBARODA.NS,235.8000030517578,315.30188105660324,-25.214527023571165,10144050.64516129,2.1575234249706865,-0.338124696162434,-6.037056816386022,-11.79552350576143,-0.06381199043955796,233.4653364891774,234.3009612298236,239.52280029296875,249.77518936157227,263.8597297668457,151,-29.014058979229993,9.648543849956571,False,34
BALMLAWRIE.NS,156.97999572753906,198.30264830343748,-20.838174845082037,163747.43951612903,-1.4563761957148036,-8.771731781908576,-10.282454175584343,-3.969666715080844,-0.06572586914660836,159.69648018079292,162.43365122149785,167.73383178710938,171.43209533691407,170.55990547180176,247,-27.01159991269313,0.0,False,34
HINDALCO.NS,900.3499755859375,1169.8969824893504,-23.0402343913958,5694512.685483871,-4.406221911741548,-10.768089634694,-6.935762651759059,-4.912075151730488,-0.06639798974332868,930.878718318932,953.7031818007545,1001.0070031738281,1005.0851727294922,977.0069354248047,92,-24.224097226606034,29.998839046545744,False,33
KNRCON.NS,112.91999816894531,194.39248744564134,-41.91133636246024,2250757.995967742,-0.3265978847135087,-5.491899127760469,-12.324605078196505,-4.55112494457115,-0.06648871115310856,115.42774233365495,117.79026624264263,123.8721533203125,126.15286407470703,130.57991756439208,247,-44.21911746636058,0.0,True,33
NSLNISP.NS,39.22999954223633,53.75,-27.013954340025435,6290684.947580645,-4.200247102949406,-12.860952591413987,-9.441366993076306,-2.2914120764094714,-0.06741190157064418,40.66777142990759,41.54896282034799,42.90379997253418,43.99540004730225,42.344450092315675,90,-27.702324445857563,48.32062880164243,True,33
JMFINANCIL.NS,117.81999969482422,177.98981701911703,-33.80520207952698,3412017.120967742,-4.521881492752233,-8.289874231092199,-5.449001590778646,-7.191934091255603,-0.06621637109229497,123.17273253863875,124.60870969299323,126.5647999572754,125.60755630493163,128.41870037078857,242,-38.026894261154,-0.6748753834942667,True,33
ZYDUSWELL.NS,490.70001220703125,611.8499755859375,-19.80059952815837,1018838.1733870967,-0.5169767446464801,-12.084566739531954,-17.008987701382495,2.0295295206370634,-0.06759495524530962,503.99866465662603,513.7744839333816,525.4669995117188,531.6193331909179,487.61107528686523,57,-21.222518716550866,22.281462683681053,True,33
IGIL.NS,309.04998779296875,385.39286639838434,-19.809105269348503,720286.5685483871,-0.9296439495369735,-2.8450229917951764,-10.238904673458837,-7.161234696585705,-0.06598134273984665,315.799070477906,319.6810702074277,332.3603692626953,342.60387817382815,334.3344026184082,94,-21.09350415708927,16.78663904688196,False,33
SARDAEN.NS,481.1499938964844,621.6151182855507,-22.596799893875975,611294.0967741936,-2.748864295809117,-7.444451958631582,-3.584001436364692,-10.812301925455415,-0.07163898022398801,495.6674748953797,499.998487307038,506.2899053955078,510.61514862060545,518.8858377075195,113,-22.781800847465405,16.03929164706839,True,32
TATACAP.NS,318.70001220703125,390.20001220703125,-18.323935869603137,3417255.963414634,-0.18790341649700393,-13.40849809067166,-11.47193365592778,-2.1960087824617447,-0.07020473569547064,324.6923228601277,334.1668852758356,355.0679998779297,346.14026336669923,339.8316520690918,44,-20.169146526134607,19.30877613001325,False,32
TARC.NS,117.47000122070312,186.3000030517578,-36.945786743724504,1036220.9153225806,-6.4580351107671685,-10.689574765514887,-5.426292499354901,-7.035453740667485,-0.07225787710253159,122.90130201616799,124.87970968581219,126.78959930419921,126.7569994354248,135.97954971313476,186,-41.43854176759677,24.544656446674608,False,32
SBFC.NS,84.4000015258789,123.0,-31.382112580586252,1993882.5282258065,0.24943470528915324,-13.302513766022017,-8.220963064222397,-4.568069656266626,-0.06929076064448858,84.67959634410587,87.61976550605276,92.77580017089844,92.3548998260498,93.73029983520507,231,-35.28455408608041,9.075847446378994,False,32
SCHAEFFLER.NS,3667.60009765625,4445.0,-17.489311638779526,78299.05241935483,-5.610458990144018,-7.257370983480593,-10.217867866432073,-4.811778115901156,-0.07002591702000605,3831.7208131581715,3898.9827319098495,3995.917998046875,4057.1620239257813,3988.0784326171874,114,-18.53318445057649,11.154688771382904,False,32
RICOAUTO.NS,115.18000030517578,157.3196224733626,-26.785992430996274,4271295.737903226,-5.302965628457201,-12.992902208201896,-12.99021438580038,-0.00794141132721693,-0.070291178847571,122.12445603641906,125.02031413934623,131.20449645996095,131.03930267333985,125.19635234832764,45,-27.345361465565997,16.641706300210622,True,32
SHRIRAMFIN.NS,940.4500122070312,1153.699951171875,-18.484003466259512,6595875.75,-0.4814801897321419,-8.605440990570335,-9.927206762047769,-7.567456961427399,-0.07774381030272572,959.1120310931207,982.7346740280776,1049.6689978027343,1019.694349975586,1004.5796472167968,44,-20.49492599281989,27.871426387454832,False,31
EIEL.NS,179.9600067138672,257.6600036621094,-30.156017947642567,2421819.6733870967,-2.1956485250721802,-8.277263245146294,-26.393716442163985,5.190556925280898,-0.07716909664073311,186.8438252198516,191.47741372497126,200.10559997558593,204.84259979248046,192.90554985046387,233,-47.71792098143279,2.6968259814053486,True,31
VSTIND.NS,201.5800018310547,273.7888347519297,-26.373914402426546,352380.9435483871,0.21875432173681375,-2.49589026071686,-18.913919194709138,-4.020688220662338,-0.07759753666647366,202.47394266055267,204.25963029789156,209.89560028076173,226.84372955322266,227.59952980041504,120,-26.951002154191983,10.548502825580597,False,31
CEATLTD.NS,3262.300048828125,4393.1588210528225,-25.74135874181045,170470.24193548388,-0.7393673737627449,-1.5362762010710185,-14.767535432144719,-6.9513091797555155,-0.075919762791361,3290.0749078447684,3323.7268676695944,3453.46798828125,3432.5496240234374,3516.5938317871096,238,-31.02298777874257,22.807973420897888,True,31
SUMICHEM.NS,417.29998779296875,572.0499877929688,-27.051831710903862,489839.5120967742,-0.0718434641192256,-14.25930196700741,-18.569987446731982,1.9264074201122972,-0.07659478005788081,426.0638815213908,442.8992854330475,492.0909991455078,487.09791076660156,455.3748013305664,37,-28.64259751461381,23.956152283770706,False,31
CAMS.NS,672.5,837.8765073351432,-19.73757539295633,1416692.7419354839,-0.7013658176448834,-7.813570938999314,-14.656501060922533,-3.7898448542440955,-0.07545739029538749,684.1987305132131,697.225866511227,737.7293090820312,754.9415856933593,733.3614096069336,106,-21.133964014024485,28.889579645442698,False,31
CANBK.NS,119.58999633789062,157.68821233301085,-24.160471750839076,24631989.60483871,1.0391988181786882,-4.082454246732836,-7.1362032369297275,-11.247220335800757,-0.0735232007292792,119.7172863520176,121.39430077814303,125.61460083007813,126.68417510986328,133.08028053283692,151,-26.113689531731744,2.562775113784843,False,31
HINDPETRO.NS,326.0,483.5386775606495,-32.580367377310715,6132829.008064516,-5.507246376811592,-6.051873198847257,-13.282282423917813,-5.89014705016917,-0.08101842824693622,340.92467591889096,346.89931248446953,359.723154296875,366.6613735961914,378.871411895752,188,-37.81099591194317,2.679597700668701,False,30
AVANTEL.NS,143.97999572753906,214.72640412746412,-32.947232869381615,2130504.669354839,-4.192176672166514,-7.964719074032245,-20.095458251432053,0.41335400653184085,-0.07875457354839979,148.93796922479373,150.56593183648812,155.7152001953125,163.63725036621094,155.70153507232666,246,-45.558137802783016,-1.6455046107482718,False,30
DREDGECORP.NS,884.9500122070312,1286.0,-31.185846640199742,459402.37096774194,-1.144995516111491,-15.646741702307843,-15.622619087801471,-0.39394450468918096,-0.08088211420288832,924.1462277265546,958.2963108908116,1045.1580017089843,1068.0195043945312,1013.9037506103516,88,-31.493001555209954,40.88727528784868,False,30
SONATSOFTW.NS,239.14999389648438,390.5481555478003,-38.7655554124838,1711145.560483871,-5.8649907405188495,-12.798543702284636,-14.7203252361647,-1.0549094850313412,-0.0798426917937076,253.8201488144429,263.96477789791805,291.27482177734373,284.63967910766604,283.2597480773926,224,-47.873654537395915,3.8676845973197205,False,30
GMRAIRPORT.NS,92.30999755859375,115.63999938964844,-20.174681731400177,17471067.55645161,-0.9124152749055203,-4.83505406330541,-17.95396337578765,-3.6631205879872897,-0.07909689588082844,92.834775270692,94.52291806182681,98.61139999389648,102.40030021667481,99.65299987792969,66,-24.17848428921343,13.482040765153268,False,30
EMAMILTD.NS,369.45001220703125,545.3567672057151,-32.25535384845233,801270.3145161291,-0.858709712025929,1.594945251724078,-12.327950270975673,-11.466565297307618,-0.08051893121073526,376.09048860316125,378.2880839343607,386.6509997558594,396.36049987792967,430.7540673828125,235,-33.77729669571436,1.6429676716146702,False,30
GODIGIT.NS,272.8500061035156,374.0,-27.04545291349849,583803.9271255061,6.457284080682624,5.286518437080745,-12.54807496682192,-15.877909366699338,-0.08412554141241901,260.48400615228337,257.7885996753878,257.9839990234375,278.8554991149902,302.99199989318845,233,-38.061498958159255,1.6402540161962964,False,29
ATGL.NS,563.4500122070312,859.5498025483846,-34.44824133092459,3214290.943548387,-3.361628676149997,-7.540205179875425,-22.164664566340132,0.8312636209719226,-0.08161097825103356,583.5787663527286,595.9702896652152,624.8810034179687,667.0627416992188,612.9435420227051,92,-34.849615654646456,46.153846153846146,True,29
IOC.NS,126.3499984741211,184.95879041358242,-31.68748660629076,14148809.548387097,-3.799298007388441,-5.954601612173049,-8.264167030320834,-11.073521775807471,-0.08479508942592694,130.54385619261615,132.632203668941,136.45326095581055,137.94435905456544,146.12666927337648,150,-32.27140144950514,13.015429027404313,False,29
BSOFT.NS,285.29998779296875,467.1017114386881,-38.921228330712864,1767755.0322580645,5.764592323621409,1.2959325317173143,-1.6715513374251367,-21.869275194492953,-0.0841352974031912,277.2729696468781,279.37422993864595,293.2569970703125,297.90802795410156,341.83006256103516,162,-42.99578038947423,6.969524371513258,False,29
SUBROS.NS,676.75,1167.762980752476,-42.04731515260743,127903.21862348178,-1.189958260117585,-2.613575111157329,-17.287031041592694,-6.428317170483866,-0.08399147028914578,685.3639506676237,696.2238437309635,729.2338793945313,750.0972308349609,762.0148724365234,245,-46.95148164147057,-3.668376838164056,False,29
SHILCTECH.NS,3925.300048828125,5383.97700521774,-27.0929269381347,31977.798165137614,-2.670467423056655,-6.817802995178046,-12.221455946311377,-8.19020365315306,-0.08573125586495912,4013.5217070566846,4041.3162603691094,4123.344013671875,4194.911520996094,4084.628850097656,113,-30.17966174845892,38.69751856061312,True,29
GMBREW.NS,885.75,1315.8571912096693,-32.68646431261064,412856.7379032258,-6.959033613445376,-4.527081649151176,-5.756235249376851,-13.163224830407394,-0.08593480198150788,938.3538151701053,938.6510392539607,915.9809997558593,918.7281018066407,961.9760897827149,187,-35.209535389686295,-0.9214727108137755,False,28
BBL.NS,2189.0,3367.0326028562217,-34.98726450872225,35027.70564516129,5.769225778398757,-2.281152423041921,-19.536120531268452,-7.5621332081878485,-0.08764997349424185,2116.137349448386,2154.636015214081,2266.8119873046876,2488.2055078125,2527.1711328125,242,-40.333218089549106,-5.427151925239593,False,28
LAOPALA.NS,154.75999450683594,236.76404386097786,-34.635347503311245,136242.68548387097,-0.8647787446271482,-8.921847825725804,-11.471498422655113,-8.643468207009509,-0.08769684249208212,156.54775787342598,159.49703926769647,170.52958740234374,172.77580993652344,179.15700714111327,246,-35.792613695294285,0.4339340367672362,True,28
IRCTC.NS,458.79998779296875,725.6811213920008,-36.77664000506186,1303584.1330645161,1.0350102678443385,-2.785933756518111,-8.735645204185595,-14.391825506888479,-0.08831109488530259,455.9619899233611,460.51544301618986,479.21570678710935,495.2225289916992,541.2885366821289,234,-38.53695954436037,2.937451989775597,False,28
GRAUWEIL.NS,81.31999969482422,114.80462646484375,-29.166617932660944,538782.9677419355,-0.586801147953353,13.711138806049439,1.0033170041664485,-29.166617932660944,-0.0868210442539989,81.54587809403569,80.36741662259024,74.31995834350586,74.26560859680175,,123,-46.28892719564852,0.0,False,28
DCMSHRIRAM.NS,955.5499877929688,1395.1299395484884,-31.508172772622366,140569.57489878542,5.370239126440413,-5.222180497578788,-9.073506064116133,-14.435006652497407,-0.0900346666710552,964.8820668021523,974.2588220080625,1005.9469995117188,1021.365244140625,1081.1649780273438,233,-36.471868127222216,11.668918902835145,False,28
HDFCBANK.NS,707.25,1003.8961237048558,-29.549483925696418,32119434.096774194,-1.9342778661832205,0.6045519203413896,-14.267532634146196,-11.904482419493256,-0.09114570160591205,710.1589531716115,714.5678929110566,721.4509997558594,746.6029022216796,800.9552938842774,238,-32.0746431515717,3.2442981122387637,False,27
RECLTD.NS,300.0,381.3442016302781,-21.33091345889747,6968147.423387097,4.257167680278018,-5.615858348513713,-13.395833214033537,-11.045266977310863,-0.09134311656809346,299.57592405437043,304.5755650798398,323.670146484375,335.1697671508789,340.04514465332034,118,-24.94968823873487,7.937843388155552,False,27
BAJEL.NS,157.25999450683594,214.7652156206534,-26.775854249782594,667692.7620967742,-3.8929353944214595,-14.355735383572165,-16.66770297801923,-2.316430136405667,-0.09187323564124614,163.67798221922178,168.64192761546553,179.59879974365234,184.32778518676758,174.7189933013916,92,-27.930601642358287,35.34829864222788,True,27
SKFINDIA.NS,1398.800048828125,4953.039658667183,-71.75875532552209,59711.16935483871,-3.5443320972542325,-8.861089110848075,-11.006489033320888,-9.104927487213066,-0.0907056873677653,1454.9139051172997,1485.4150770677486,1531.3620068359376,1552.5694714355468,1608.999598388672,244,-72.32952540999959,2.333373840101971,True,27
ANURAS.NS,1132.4000244140625,1413.2033352966978,-19.869986425108564,348392.9435483871,-2.689690476165496,-8.072016928045011,-10.580459379005703,-10.069819189036465,-0.09085437922541849,1156.4256770276886,1175.1848967417925,1207.8191577148436,1246.4846252441407,1269.74287109375,107,-23.415122099121042,9.86096468269353,False,27
KSB.NS,784.5499877929688,1023.2461180887996,-23.327342862698863,276342.14112903224,-2.715608417455184,-4.7933985298382,-16.559426982933402,-7.48900457061239,-0.09193670470838135,801.0478776276397,804.8946475160537,807.0289965820313,840.5534967041016,815.2552310180664,113,-26.703850936582462,39.22437674565224,True,27
TATACHEM.NS,589.75,930.1982589199833,-36.59953731963167,1117441.3870967743,-2.9697249350911448,-2.9537620283798915,-18.209554124653593,-7.582783179841279,-0.09383704408517685,616.0265246067905,631.3863635914178,648.9300012207032,682.8456909179688,694.8422891235351,244,-38.56008793486494,0.8498460527408325,True,26
BIRLACORPN.NS,817.2999877929688,1228.3319723018817,-33.46261383546365,85986.1052631579,-1.4053952883172016,-4.331031315543765,-14.231352219677607,-11.018887809442045,-0.09683706581620573,819.1675587686732,829.8480892334164,862.8400012207031,915.4246374511719,944.6882189941406,227,-38.14996799017351,2.6742044639688434,False,26
PLATIND.NS,198.44000244140625,299.0,-33.63210620688755,104557.60483870968,-1.7623750290068019,-14.638447369813257,-12.964911209909536,-6.453590782204078,-0.09574836652717823,203.2948745857328,208.51571119602366,217.61640045166016,222.01760009765624,224.73310020446777,238,-38.62876254180602,-4.174538534984229,False,26
TATASTEEL.NS,173.8000030517578,219.86575104195882,-20.951761596288765,28440786.721774194,-2.3595488473270754,-5.620413352033326,-9.095663563777567,-13.123588039410993,-0.09338171840037039,178.6505642379725,181.45751609656907,185.2206005859375,189.8324137878418,191.73836318969725,101,-22.57548302961808,18.162503812533835,False,26
BALKRISIND.NS,2010.300048828125,2765.3795041598637,-27.304731744626697,261653.0564516129,-3.5133165909227215,-10.969882691402788,-10.457914500254295,-9.241292698820269,-0.09379199626977226,2072.1190496851546,2128.188809624659,2281.764560546875,2215.3037145996095,2266.12044128418,163,-29.009007318021307,15.837388334030722,True,26
GRAVITA.NS,1466.4000244140625,1913.5999755859375,-23.36956296390754,271884.9032258064,3.808583445982938,-12.833621717151855,-20.931734944578984,-2.1029440874948846,-0.09306564117203726,1485.728744619163,1533.0445252785948,1664.7260034179687,1680.7580004882811,1648.1035021972657,193,-33.79493935109702,10.576921464625011,False,26
TATACONSUM.NS,955.0,1271.9371979227803,-24.91767663060529,1509873.6814516129,-0.2089864158829724,-5.827825363252781,-14.1109830892165,-9.86608188502216,-0.09366191395012669,965.2932142497696,979.3861495274316,1026.8089965820313,1074.0492175292968,1103.7923037719727,104,-25.70387896955183,13.960892245985224,False,26
MAPMYINDIA.NS,873.0999755859375,1992.1530909053106,-56.173048167238626,329573.8951612903,3.233813252845108,-9.878201219329718,-19.170857803606168,-6.541171323839845,-0.10019984789199221,879.6775547047353,895.7055628203586,965.3324963378906,954.9336437988281,1062.4062789916993,244,-60.21021203648602,14.726306898126595,True,25
JIOFIN.NS,214.6199951171875,316.1097009027144,-32.10584980331282,14140164.754032258,0.9976447610294148,-7.947672856266063,-11.091664611257034,-12.85643283835648,-0.09959842613869975,217.21571318453627,222.17029143633695,237.0444677734375,237.1807453918457,247.0448430633545,222,-34.04188501504807,1.5129312000719874,False,25
FDC.NS,330.1499938964844,467.63676875589033,-29.40033462834378,178933.12096774194,-1.7118190248529785,-4.567139110575158,-23.629423266466677,-4.539543712580452,-0.09989254189572513,334.8226295011868,340.2695639190796,352.24999938964845,378.27449920654294,374.56182388305666,231,-33.07839906609368,2.3920808884414058,True,25
ARE&M.NS,721.0,1017.2999877929688,-29.126117305455914,806036.4959677419,-3.532248267553817,-13.941273513342612,-18.507856359423325,-3.4771662406583026,-0.10084702933514221,747.7139452931674,775.8391121100209,856.9150012207032,855.6240045166015,844.6092095947265,40,-29.715913832733676,16.317918824957346,True,25
TATAPOWER.NS,342.1499938964844,462.0369390979878,-25.947480613899153,5414893.923387097,-2.2847351533483273,-6.401311633947337,-10.267504628859658,-12.831971520496543,-0.09721775838980816,350.220285480305,356.18104437740175,367.1119989013672,379.65474884033205,383.68735794067385,113,-27.79797936615487,21.60631324535467,False,25
NTPC.NS,312.0,409.97128898871665,-23.897109778195478,10291550.370967742,-0.9838165799645249,-5.683188780748905,-8.468913177927572,-15.71017954059828,-0.10059765183763816,318.18629839156984,322.1867168201922,330.4791729736328,343.4113946533203,353.5636616516113,114,-24.76302109645524,9.255552441664449,False,25
RELIANCE.NS,1170.300048828125,1604.3820104615531,-27.056022742897134,13910746.548387097,0.2226683022158671,-9.622362594542277,-10.513839644157308,-12.76814059735788,-0.10163613820877214,1196.2687428167853,1217.1355111974326,1271.7920043945312,1288.6291101074219,1351.6177746582032,188,-27.685554711617254,6.7726641073238,False,24
PREMIERENE.NS,895.3499755859375,1134.0,-21.04497569788911,1695518.7862903227,1.9702736784329655,-9.450850865766547,-19.857678596676475,-6.631610007760003,-0.10303090387416956,896.9931106775203,913.4993356114397,974.1960034179688,1013.1700012207032,931.1190686035156,63,-24.726633546213627,15.484796669148704,False,24
HINDUNILVR.NS,1856.699951171875,2619.7497080594576,-29.126819044587315,1709973.8790322582,1.1274483209082309,-6.2272751933396435,-13.665959878113599,-12.584577247957363,-0.10266329069194129,1874.4151760025536,1902.8235673134614,1984.407998046875,2064.736643066406,2161.5666168212892,238,-30.264329497060515,3.3365107934089755,False,24
MMTC.NS,54.869998931884766,78.3499984741211,-29.968091894720004,6307836.560483871,-2.5226540425421717,-13.16664009438282,-15.714285379442849,-6.508774551386331,-0.1020338885751817,56.449567484190325,57.998181577884296,61.463599853515625,63.895499839782715,63.19209997177124,79,-31.142307832004523,14.039299336161415,True,24
RELIGARE.NS,217.58999633789062,280.0,-22.289287022181924,1365307.6194331984,-3.116790647019141,-14.539886172466332,-19.545207425864685,-3.0779526334562934,-0.10314399580337104,227.73409956799864,234.1572300306665,240.81600067138672,245.92840042114258,237.65260009765626,73,-22.839284624372212,21.059592271482998,False,24
JINDALSTEL.NS,1016.7000122070312,1303.865138167474,-22.02414326101555,1328417.1693548388,-7.614719472327924,-10.525392192356076,-3.117994531954471,-16.039842333898623,-0.10217885678849799,1077.375138865024,1101.4095099392637,1122.8626135253905,1115.4751947021484,1135.2893838500977,118,-23.22058882616187,6.424449136954391,False,24
FACT.NS,729.4000244140625,1058.5999755859375,-31.097672280755727,660340.9879032258,-0.7551517383205808,-7.8109184579736475,-14.744896870880764,-10.809484555933413,-0.10384961749064381,746.3436908538799,761.2018588059004,795.1730029296875,833.6729992675781,832.8167501831055,80,-32.448517657472266,10.528937999774989,True,23
WIPRO.NS,162.57000732421875,263.22052886625846,-38.2380971482585,17183437.56451613,2.0207098194972017,-5.206992813866618,-6.2882269603855345,-19.168869745215734,-0.10393343567025558,161.36346820631385,164.0227813903296,173.9697998046875,177.90902130126952,196.79434951782227,197,-40.43397984136817,12.219132255512521,False,23
AMBER.NS,6445.0,8974.0,-28.181412970804544,322669.6693548387,-0.8461538461538409,-11.808976464148879,-17.14873377040751,-7.186059907834097,-0.10465454771701052,6717.723294313574,6867.354865049369,7178.11,7383.095,7232.2025,107,-28.905727657677737,12.995974698102364,False,23
M&M.NS,2796.199951171875,3799.9943064302024,-26.415680506671958,2585311.6572580645,-2.2307709380463336,-11.512659773041934,-10.647407220864501,-11.978934707969803,-0.10511405097860291,2870.658797872511,2960.01161425458,3201.45400390625,3144.61556640625,3238.2939294433595,188,-27.781469456827146,2.712592571001249,False,23
NAVNETEDUL.NS,121.1500015258789,164.1333558091885,-26.18806766692776,206559.02016129033,-2.1958514251975925,-6.92225098550251,-19.260247209665316,-8.431914191087998,-0.10754875178955055,122.96582091153343,124.56278003040781,129.2561996459961,136.34766448974608,139.2012314224243,164,-26.763108049160834,13.875601980424301,True,23
LTF.NS,261.20001220703125,338.6000061035156,-22.85882826381932,6609526.479838709,-1.1915997063570605,-15.27731996459446,-18.692603204036963,-4.200513795839134,-0.1046261044310134,268.89899194854456,280.4622850503366,303.08799743652344,298.82708251953125,290.7600203704834,66,-24.67513335667667,11.28571161453651,False,23
MAXHEALTH.NS,883.7999877929688,1219.732372328196,-27.541483046318405,2600353.0362903224,-6.073651487608267,-10.996980081272035,-20.241854772568168,-5.9267249710198815,-0.11250007585193637,930.0657440819085,964.2751374404027,1012.9730004882813,1037.9900598144532,1027.983469543457,238,-28.672877777330385,4.77591057604827,False,22
TEJASNET.NS,447.20001220703125,644.75,-30.63978096827743,6313371.754032258,-3.7865697177636104,-24.209809090964573,-20.80049714491895,1.4749262128330498,-0.10870797448311742,473.47181105518683,492.8180876707937,520.5709985351563,536.2684985351563,471.94124908447264,77,-30.872429281577162,55.006730399366944,True,22
CESC.NS,133.22999572753906,197.1955548334318,-32.437627288263926,2206528.754032258,1.223218864974207,-8.777820647956814,-15.717036791066818,-11.44401147011772,-0.10925957868461077,134.04166857205138,137.69502085904006,147.99295837402343,156.24659927368165,156.35564575195312,110,-34.93261160629339,25.652871353225713,False,22
JSWENERGY.NS,462.29998779296875,615.2574202859911,-24.860721293198363,2935014.004032258,-4.680414888047679,-12.193734512256649,-16.469423146379057,-7.604359073135825,-0.10889358964424146,486.5660702386073,499.7284479167439,529.9450006103516,546.1850790405274,522.637073059082,92,-25.072012981864955,22.741332787605927,False,22
FORTIS.NS,786.25,1103.1298326042547,-28.725524706023855,1970793.7016129033,0.15923566878981443,-13.408590308370039,-18.68965950373369,-6.360823311691222,-0.10817021670591623,795.7135132133618,826.5451010811129,888.1889978027343,924.4401214599609,906.8199139404297,241,-32.43315940188791,1.5016223187153122,False,22
POWERGRID.NS,249.14999389648438,323.4425459044702,-22.969319574280235,12273915.766129032,-2.1213942606692737,-6.246474545067027,-11.582054902613137,-15.105579555162906,-0.10978282627929437,255.38345007289587,259.60977604377763,266.5558129882813,276.5178063964844,281.99994819641114,114,-24.360602216894943,5.785390426174897,False,22
CHOLAHLDNG.NS,1400.4000244140625,2062.371871375786,-32.09759869931359,222668.19758064515,2.2488353809255957,-8.242689738079111,-15.168234858182462,-14.218052925879798,-0.1166134603732992,1405.5649570352132,1433.090838361451,1508.1555444335938,1542.0786987304687,1600.2152716064454,229,-36.773252632936874,7.416682976401812,True,21
ADVENZYMES.NS,267.1499938964844,417.20001286678644,-35.96596700446738,272258.83467741933,-2.5888809857850914,-10.607331959046707,-18.6592067787564,-8.382246358799716,-0.11331015067534657,275.0011273943495,281.92471333951556,296.48,321.8620834350586,310.9614883422852,105,-36.72099907525741,34.15807890948508,False,21
ASHOKLEY.NS,145.05999755859375,211.80679384961218,-31.51305729050893,19849756.19354839,-3.601806434629906,-14.165681917991868,-7.892569370130498,-14.462787386132913,-0.11346202792553679,151.29662846979053,155.73610258921786,166.2717999267578,160.35831161499024,169.5396063232422,162,-34.832119276919215,23.696201712048826,False,21
PATANJALI.NS,360.45001220703125,605.9581737112406,-40.51569434249471,3181191.3588709678,1.4923323670650745,5.394740411412635,-12.320276151326471,-22.27577902711484,-0.11378213137254843,364.94651413606726,365.8028035266944,357.6204089355469,382.4942050170898,439.52735244750977,232,-46.19144237166702,1.3203415467390123,False,21
INFY.NS,1023.4000244140625,1691.3991593070652,-39.49387885274045,11567201.951612903,-1.1207705880132868,-5.415894231602358,-4.176027676585903,-22.3335455404816,-0.11381482424290212,1014.6562739342496,1031.1458581133984,1094.5730004882812,1099.048314819336,1233.9549942016602,168,-42.03615278987639,2.462568892644179,False,21
JSWCEMENT.NS,112.43000030517578,143.39999389648438,-21.596928109819025,2979862.6572580645,0.7437292494651304,-7.556324809953619,-18.658660604659595,-10.919548393995782,-0.11402309576040402,113.267992398205,115.40026794913832,122.5959992980957,127.34701873779296,123.90420143127442,56,-23.55648018666373,2.5385892784880904,False,21
WAAREERTL.NS,802.4500122070312,1358.0,-40.90942472702274,622810.6733870967,-0.7851107420593695,-5.063589209460961,-21.04201300349725,-10.15003536635788,-0.11463846963690456,813.122722375777,823.1659306039561,857.5400024414063,918.9120013427735,920.9407495117188,236,-42.59941089837997,19.81089599279604,False,21
KPIGREEN.NS,325.29998779296875,541.0236304500187,-39.87323852705157,1699548.7177419355,-5.873847787047359,11.523831803861562,-19.499422758850947,-19.993776293788954,-0.12129955763103292,331.5028469133947,327.9769297531098,326.4337432861328,366.1300228881836,391.6834394836426,231,-49.8059634002887,27.738272502331718,True,20
PANACEABIO.NS,345.25,647.0,-46.63833075734157,540428.2943548387,-3.8434725698768046,-11.892307101612044,-36.83680654579189,3.8658262152427625,-0.1226752015495055,358.3772585783846,367.85831590843577,389.4140008544922,446.4409994506836,402.4239991760254,85,-47.72024729520865,88.8008734151882,True,20
BEL.NS,368.1499938964844,472.8081629796919,-22.135440391646277,14051827.516129032,-3.902378483124247,-10.327608124997866,-11.136612348711372,-14.88114267965729,-0.11749200249788326,380.71641219581556,387.4312995842742,398.57655944824216,405.0599356079102,416.6231359863281,146,-23.753431470369037,13.182794670012242,False,20
NMDC.NS,71.80000305175781,96.1838663751024,-25.35130291836184,22562013.48387097,-2.498637090088396,-14.089228812579913,-14.301676181144485,-12.224078809243222,-0.12247843849565457,74.2054266238379,76.58630680091731,81.34862075805664,83.68366180419922,82.26331275939941,89,-27.11875586208835,23.00205536521829,False,20
BANDHANBNK.NS,157.0,218.86288600994448,-28.26558999461133,11336936.278225806,-10.795454545454541,-8.49749485689527,-24.59005748264971,-3.8780778365871127,-0.11707292805354265,167.58912996096,171.25776522234457,172.25288146972656,185.78182830810547,174.88161994934083,60,-29.732264757239356,13.754331512940233,False,20
FORCEMOT.NS,16900.0,26374.965142944882,-35.92408593373769,97913.9758064516,0.5952380952380931,-3.8406827880512084,-6.724929090766407,-23.225004117002367,-0.12016093122117302,16969.94807182811,17144.365456101314,17641.3583203125,17958.09365234375,19501.8648828125,157,-37.36484613167732,37.426484116644154,False,20
SAMHI.NS,141.89999389648438,217.3000030517578,-34.6985771267174,1036575.9838709678,-8.077995475245514,-8.810492037846029,-18.01479524191678,-10.917195130023494,-0.12341214579678189,149.19545863387106,152.4583089792389,159.59639953613282,164.16640014648436,164.16955017089845,234,-41.555454111176246,4.056565252469735,True,19
THERMAX.NS,3256.300048828125,5256.332008959298,-38.04995492526279,208624.08502024293,-3.103613812927819,-10.284880945126073,-32.28737681788054,-0.6683942585522296,-0.12320908319103052,3294.6851941083014,3414.2588666889587,3747.533994140625,4218.662651367187,3772.2048974609374,72,-40.54599115258344,28.448620974303918,False,19
LINDEINDIA.NS,5996.0,8035.3727195912315,-25.379939310332034,42199.5991902834,-4.025610244097644,-6.018808777429463,-14.60019435018599,-16.278667675519955,-0.12497848155159434,6120.991226323586,6197.078864627024,6471.718203125,6760.801206054687,6713.760126953125,107,-25.927518141276895,15.967189272293947,False,19
NAVKARCORP.NS,84.58000183105469,131.36000061035156,-35.612057370537556,585773.5080645161,-0.5759937293138839,-10.733507302316958,-22.545783704423272,-8.373952910823611,-0.12317617109051206,85.73880099146714,87.81425227917688,94.08660034179688,98.61950027465821,97.2533500289917,243,-43.62819525906545,3.2990056362207865,True,19
YATRA.NS,94.73999786376953,202.0,-53.09901095852994,2493678.89516129,-4.138423445824502,-16.631469225087415,-17.011216867002865,-9.148447475261534,-0.12502880239805406,100.05005327706496,103.02515747455371,108.74819931030274,107.44399963378906,119.45664966583251,222,-55.4950487495649,16.792103760514763,True,19
RAILTEL.NS,248.14999389648438,387.9339558462079,-36.03292772987867,1558097.9798387096,-3.5186694716258904,-6.815619499988424,-18.946311287079766,-12.405962795760173,-0.12361269351588271,254.96166465256374,259.23954403147263,271.9078567504883,289.96835983276367,304.6897575378418,194,-37.121138177309355,0.8980500335949326,True,19
OLECTRA.NS,1044.800048828125,1573.0040493987628,-33.579316008279136,669486.8629032258,-4.688916678823219,-13.872553345621341,-26.571451220257114,-3.7361911122398173,-0.1270931414797965,1103.7356348281858,1148.1738329935936,1250.5496508789063,1300.9039184570313,1203.4863400268555,232,-44.93582766018483,0.9320870903227307,False,18
DBCORP.NS,172.9499969482422,271.8784658695223,-36.387018958962734,187357.69758064515,0.2492422125738969,-11.443935358051426,-12.998807331266693,-16.553311838113682,-0.12784829784978377,174.1643448132166,179.40408929868596,194.96700012207032,197.55633377075196,209.96839836120606,236,-38.90652370267935,1.8319096896070919,False,18
IREDA.NS,104.4000015258789,156.81816409540926,-33.42607845966031,7588075.673387097,-5.945944571280259,-6.331928828536215,-16.854771431262282,-14.179674633379925,-0.12589281505565922,108.16322574512307,109.89277379980223,113.72162292480469,118.86480766296387,122.97132495880128,243,-34.05738151659905,4.057768974520193,False,18
COCHINSHIP.NS,1230.0,1853.2788605646992,-33.6311428262223,1268151.7177419355,-4.428904428904435,-19.422564202627125,-13.160484993920207,-10.756322839809872,-0.12578077917515879,1282.2134074169705,1330.5072896768709,1427.4238427734374,1437.4663598632812,1479.5414178466797,237,-36.02335976743297,2.190238498765118,False,18
ZFCVINDIA.NS,2082.199951171875,3038.7327548607846,-31.478016688332687,138681.97983870967,-7.086124445699459,-17.28767649377817,-10.780704961532006,-13.326029109037751,-0.12730770875400282,2214.419703897959,2300.487036072033,2474.4679833984374,2455.717604980469,2440.7372497558595,74,-31.71495595718935,7.2004367455243745,False,18
SOBHA.NS,1161.699951171875,1724.929636640264,-32.65232815904427,169450.1093117409,-4.237080656871328,-7.478498426239866,-23.132408281686544,-9.751513925592914,-0.12759735805678235,1196.9654331019888,1213.2088631680765,1265.5619897460938,1332.4513989257812,1366.4196520996093,226,-34.75750608977764,14.262936105596058,False,18
IEX.NS,104.77999877929688,155.89996069995715,-32.79023400079299,8224048.354838709,-1.132293394627648,-10.090957648742915,-12.420595692210679,-17.77087165885063,-0.12965948240414804,106.69691508621338,109.75969387152159,118.35279983520508,121.03459983825684,123.53008460998535,184,-33.611272552406454,-0.06500072795829759,False,17
RELINFRA.NS,59.290000915527344,241.83999633789062,-75.48379018634728,855543.25,27.560244189870488,4.017545465837435,-15.215214276012134,-30.123745454620654,-0.13054528952497366,51.968765687336386,51.81888851481032,57.98360008239746,64.89860023498535,86.44769973754883,246,-82.40158699232379,4.997175537418008,False,17
ONGC.NS,221.27000427246094,306.19702215663295,-27.736069177292066,15016485.213709677,-0.49466693748266843,-6.241523613364008,-9.28658939957181,-22.16757268944868,-0.12950777312072084,225.14611861431032,228.5654787610657,234.05873352050781,243.45020416259766,253.99205627441407,112,-28.630919647706644,8.632172088706014,False,17
HUDCO.NS,159.75,239.21868833933843,-33.220100357130065,3696461.8588709678,-1.1080805747974987,-10.383706427257922,-21.700353850235032,-11.035433376311365,-0.1311182884852639,163.38890165389054,167.94460612581142,180.32629302978515,191.5134242248535,193.2109910583496,221,-34.87130786757299,6.301469235570845,False,17
NCC.NS,125.05999755859375,213.9474194024461,-41.54638653371674,3139994.334677419,-3.844379589310265,-15.86949028354352,-12.877004610881404,-13.658913005576501,-0.12885002601134754,127.91826115357495,131.84856277151383,139.52709228515624,142.25986328125,146.14181755065917,231,-44.37418199825699,2.1039053678711284,False,17
NLCINDIA.NS,243.5500030517578,387.4363949219129,-37.13806801737227,3274140.2620967743,-3.8112140650842785,-10.457829727477252,-22.58539846083526,-9.560909589427325,-0.13072670726025387,252.13995317532934,257.81351929884414,271.3018914794922,295.17124145507813,283.1442512512207,102,-38.18340167854628,39.83034383466786,True,17
RAMCOCEM.NS,807.5499877929688,1211.1945755050306,-33.32615550591898,250454.020242915,-2.804355596994146,-7.332609274079815,-14.047989275373086,-18.474313790454524,-0.13351079713309114,837.786399569925,851.7990616382742,885.9164758300781,893.5265930175781,962.7184576416016,164,-33.701816682495135,18.03488018778763,True,16
TCIEXP.NS,466.1499938964844,696.5096957091798,-33.07343791935951,96904.91902834008,-7.647351382568724,-15.314745470264535,-16.721751871999214,-11.226430095273432,-0.13334781832018916,492.7259674580939,502.431700030865,529.8379986572265,531.4580001831055,531.336332244873,230,-35.74389695504849,1.642349983403557,True,16
SULA.NS,130.9600067138672,260.99582597869863,-49.82294976450865,376736.21774193546,0.01527743400637771,-10.607503949578712,-12.670044778174194,-19.238825534269367,-0.1361651669367511,132.84464574106738,135.29455109129643,144.89680023193358,149.71975799560548,163.4980867767334,246,-50.19077431122978,-0.3476915300086869,True,16
TMPV.NS,279.8999938964844,682.9348304787151,-59.01512393206192,11458976.697580645,0.17895490727364294,-8.663735439047803,-17.177102001400403,-15.691757718765187,-0.1314468528500839,284.1535118072648,291.2464433165762,312.8999993896484,334.95003021240234,341.27900970458984,246,-60.14260804120535,-0.31565864772322705,False,16
HEMIPROP.NS,110.3499984741211,163.85000610351562,-32.651819125105675,570375.5201612903,-1.03139150303041,-11.301346173234162,-20.571507743728766,-11.980540754092328,-0.13327077009705435,113.27028763863025,116.50967828261089,125.64439987182617,132.4096997833252,133.50375003814696,103,-33.99450869867352,9.314280918666284,False,16
UBL.NS,1168.199951171875,1830.970927725064,-36.19778809796098,155978.33467741936,-1.732847982009822,-6.730542820608787,-11.493815966507482,-21.382374406746628,-0.13520487914973636,1189.5256656867075,1215.8179288322708,1298.2270263671876,1318.68587890625,1423.0549157714843,234,-37.72156446826168,4.58627435006751,False,16
JBMA.NS,528.5999755859375,737.4798969586368,-28.323473254541444,1435938.25,-2.946855431686013,-13.97884856209316,-22.69152178475249,-8.775328945012284,-0.13408043369017894,551.6066878939932,570.799557118952,613.0924536132812,643.0507556152344,614.9485025024414,76,-29.04891344728443,16.916899547572783,True,16
RALLIS.NS,198.05999755859375,301.73393695479655,-34.35938974664769,839242.2379032258,-0.8162676462938001,-3.521845177062244,-13.537350492914758,-22.46832938479143,-0.1383453270183283,199.15770766408681,201.1366506440702,207.32860015869142,219.33202911376952,238.62192657470703,246,-35.90379794585119,-0.29659823147231146,True,15
GODREJCP.NS,860.5,1255.178308316206,-31.444003270392574,1442862.2903225806,2.440476190476182,-0.5202312138728349,-20.502193312126295,-19.12244170460208,-0.13659633299205667,861.6525896142324,869.7874562454101,918.1975402832031,976.1819415283203,1049.9109860229491,186,-33.66679697461854,9.601175093067926,True,15
SWIGGY.NS,234.1999969482422,459.95001220703125,-49.08142390855621,13878926.266129032,-1.5966399377133622,-15.052598266707907,-14.29094347731301,-15.649197876244703,-0.137171458408047,246.34616820951678,255.71143450418978,272.89539947509763,264.83829940795897,288.57039909362794,242,-49.472771447198646,2.6321813139518424,True,15
RCF.NS,104.44000244140625,154.10414270944614,-32.22764774187711,2029872.2741935484,-2.2097383360633938,-7.034327151404529,-19.53586804436297,-15.759813722380722,-0.13792525166148425,106.92451858260473,108.68301068746007,115.05984619140625,121.36069717407227,124.50196548461913,221,-33.097192157572444,4.663165272187908,True,15
GLOBUSSPR.NS,780.9500122070312,1243.6605977695654,-37.20553552893605,122524.6008064516,-0.7561331836864138,-9.3447093690044,-15.053546781317618,-18.164035279988745,-0.13726233338560306,799.452377613557,816.9197206289684,860.0516552734375,870.4675817871093,910.169303894043,225,-37.68396286013094,5.6423239627449995,False,15
LUPIN.NS,1956.5,2523.699951171875,-22.47493609168938,972166.3790322581,-3.6776266722918005,-7.041381413505466,-21.05572116749075,-14.09764313229125,-0.13731812553093997,2013.2799195746413,2053.2170946976225,2166.1160009765626,2257.438083496094,2243.0120593261718,56,-23.25157261604467,11.010356426298461,False,15
UGROCAP.NS,79.93000030517578,189.9199981689453,-57.91385790027588,474260.91532258067,-2.9386742122476273,-6.031033859228785,-18.447098701134724,-17.29953539237782,-0.13954017960362067,81.49515352604921,82.64285768594125,87.16939956665038,91.87149963378906,108.6578999710083,221,-58.58255875079751,1.3183106472811623,True,14
BOMDYEING.NS,97.11000061035156,177.76227901011788,-45.37086205739731,901215.7459677419,-5.378541158328409,-15.017061815723842,-23.73471207287874,-9.039838192070949,-0.1427761537766961,102.49149510996189,105.66190874089384,111.96240036010742,119.13574462890625,117.74585006713868,238,-48.41892889650619,1.9236401917096524,False,14
CAMPUS.NS,197.0,285.84084278783837,-31.080527863465377,617987.5846774194,-4.2899488667849095,-9.137031401533967,-14.167537417348496,-18.572091173379757,-0.13935498861541737,205.2538342807037,208.96964960123498,216.95799957275392,224.8698580932617,236.91569046020507,242,-31.507339234718103,2.6832366434110577,False,14
APEX.NS,331.29998779296875,511.1200184186195,-35.1815667838652,924302.9072580645,1.5323322669482886,-13.198638176474164,-14.599017199867648,-17.87962856850004,-0.14018050995960313,338.05219715849864,346.25456234573056,367.3922863769531,388.1630264282227,379.107953338623,118,-37.39239543188615,13.696819201703825,True,14
MOIL.NS,234.9600067138672,386.2164068182817,-39.16363920178617,1112661.5403225806,0.9885683037717419,-6.572825328339416,-14.248172732165266,-21.048386459998948,-0.13909514638939866,237.14026688095024,241.10966289314877,255.49420013427735,270.0561000061035,293.49200576782226,246,-40.78449467429084,-0.7054853525943594,True,14
VMARCIND.NS,320.25,1708.0,-81.25,123537.60162601626,-4.345874648587522,5.693069306930698,21.62932580605006,-52.671249767955466,-0.13875675768839782,325.03476873113755,330.0480255215469,337.4650006103516,618.6221688842774,675.7353340148926,78,-85.48009367681499,83.51806438689,True,14
PFC.NS,327.79998779296875,476.82888450136187,-31.25416717660431,7499694.552419355,3.081757167600241,-7.895478107731768,-17.724849487568363,-19.92134789577664,-0.14556913909367494,327.76749121473193,334.65203392929095,358.367822265625,386.18204376220706,390.9700439453125,113,-34.28460055829091,15.693772743565205,False,13
CIEINDIA.NS,370.75,518.5450350593709,-28.501870631631654,371859.3603238866,-1.4879782151445808,-3.29942464733054,-20.148608712581463,-19.829432073978936,-0.14785038194346578,377.9293840303577,381.9217985797086,393.33099975585935,424.2674987792969,432.8536737060547,154,-29.244333839880255,24.69696810983053,True,13
CROMPTON.NS,205.11000061035156,306.8101698068928,-33.14758740251394,3364091.459677419,1.1889510105541623,-11.552390681860626,-20.68141424774709,-15.6363548042054,-0.14650549231322996,210.78781769795026,216.82898350605132,234.36959930419923,250.10135635375977,250.58914276123048,101,-34.45458270497078,22.61930234045675,False,13
BORORENEW.NS,430.3999938964844,721.0,-40.3051326079772,649220.4838709678,-4.27046529056555,-14.4928998355925,-32.80774301792769,-3.971445298025722,-0.14756527520763651,445.27404160644255,459.8771068420268,505.8220025634766,539.0190023803711,513.4460012817383,225,-48.07212289923933,12.432878975629901,True,13
SHRIRAMPPS.NS,66.83000183105469,99.44000244140625,-32.793644217342596,675176.2540322581,-0.7868152828006791,-10.451555285305936,-25.711424509574353,-11.342525515912772,-0.14419430144578668,68.26814557559804,70.09465954001166,75.6320002746582,81.67390022277831,80.44470006942748,230,-39.088899630192266,5.098430329248638,True,13
DHANUKA.NS,860.0,1502.0074661143396,-42.743293931500816,55624.4048582996,-8.026307552830614,-13.485236098698827,-17.61581300406102,-15.116121457182564,-0.1483087045911416,911.6246091961827,936.0837527585462,980.22099609375,1025.798970336914,1045.7814920043945,245,-43.34249201826418,-0.7918866237734523,False,13
NATIONALUM.NS,315.8999938964844,443.3731066930094,-28.75075435840251,11918798.862903226,-5.673335427373216,-14.863224824374843,-10.750210786164494,-20.45970177145524,-0.14948922452043736,332.5877340309687,344.0678161978477,367.63562744140626,368.68046508789064,369.88465866088865,90,-30.104016410030376,9.291239255004946,False,12
HEIDELBERG.NS,124.2699966430664,197.58796347350884,-37.1064945159336,110512.90322580645,-4.825005995066512,-18.607014751491878,-17.48596356565554,-14.433700068428589,-0.15223172646873123,130.01183940201537,135.19761802824704,145.39748580932618,146.98140098571778,150.9679356765747,234,-37.364604624398936,-0.25901244191580686,False,12
TEAMLEASE.NS,1068.0,1872.199951171875,-42.954811032256366,47637.55060728745,-9.445482627440771,-15.00198965380024,-22.462612090171795,-10.552763819095478,-0.14904835348193854,1126.2694594465097,1162.2653617390222,1222.3979931640624,1308.322998046875,1322.2405017089843,216,-43.59576821166923,-5.496720920596365,False,12
CHAMBLFERT.NS,374.29998779296875,498.83295108869606,-24.964863091729573,836923.5846774194,-6.260956865584011,-10.593576197323829,-16.398787423878293,-18.412629780802813,-0.1502949906550778,396.59450819020157,405.3692791047775,422.8633081054688,439.5497085571289,439.973798828125,247,-25.57628777534604,0.0,False,12
ZEEL.NS,69.97000122070312,115.58836251075492,-39.46622332832791,19991821.54032258,-2.711341765695685,-16.994871409636026,-26.498692524032908,-9.072568971575379,-0.15248743804336795,72.60466261145356,76.42199930455479,87.98859756469727,94.30370559692383,89.0842533493042,75,-41.08403562877299,30.374581851427585,True,12
TENNIND.NS,473.70001220703125,657.0,-27.899541520999804,1949079.7963800905,-4.380295106339349,-9.891572910886936,-19.650577217316535,-16.66080368392896,-0.14975838731577867,490.04229952472946,501.7289846345418,527.6400012207031,552.6445013427734,551.476251373291,108,-29.22374429223744,18.74031356860901,True,12
BDL.NS,1075.9000244140625,1627.0610201098634,-33.87463585468878,1467969.8709677418,-1.1030425343048544,-13.379497399450702,-19.95092485674079,-16.659459834621405,-0.15435265124191425,1097.549896662988,1133.6266954424188,1234.5175732421876,1261.518367919922,1310.0875762939454,223,-35.60782673650853,6.150097956910239,True,11
SWSOLAR.NS,162.1199951171875,260.79998779296875,-37.83742227553958,2394564.915322581,-1.6381580433497023,-11.929599356491583,-31.464809543158122,-8.603004479398136,-0.1543038033033998,167.82808105397646,173.02258951273984,187.61019897460938,202.35819961547853,199.05419960021973,75,-38.995393577313266,16.529937728745935,False,11
ACI.NS,455.04998779296875,672.8212111356986,-32.36687841263798,209705.51821862347,-4.210083257325792,-6.117190771061509,-13.726423876855364,-24.498408960778264,-0.15561737227312797,470.4039558740816,475.56387900473754,492.93400024414063,514.6356823730468,541.1162744140624,231,-33.71195904374542,2.3912660729836333,False,11
MAZDOCK.NS,2010.0,2908.9741195159227,-30.90347602217648,1193352.0887096773,-2.6162790697674465,-18.50469998437991,-16.79564768278341,-15.923646494847654,-0.15370720806626811,2085.081669389967,2166.8266342428287,2370.067998046875,2398.540280761719,2417.975432128906,246,-31.67007097668354,-0.6438828743634217,False,11
ASHAPURMIN.NS,470.79998779296875,921.4245512973316,-48.905204758208384,715941.2983870967,-3.9085669837621184,-13.975464185434848,-26.885465931058803,-10.733706611556382,-0.15545071959403378,492.81304112687195,510.7393111153495,572.8953460693359,626.5020449829102,634.8467700195313,186,-50.794681432964,39.37452170431088,False,11
SWANCORP.NS,261.5,493.35629273111505,-46.99571002684655,1395629.3629032257,-4.142224449637599,-5.527452481107876,-18.035969800603212,-20.862317496743554,-0.15275430880063723,272.81318447440935,280.3849203022618,294.1694445800781,305.296064453125,343.4492755126953,193,-48.43483347740831,0.08395598606949495,True,11
ASHOKA.NS,102.0199966430664,214.5,-52.43823000323245,1602284.322580645,-3.1241107129423407,-10.720224345734497,-22.471312803213216,-16.253491299753353,-0.15699246301306438,105.806299388133,108.48362936009202,113.36040054321289,119.98760032653809,129.929450340271,230,-53.235432373615964,7.424037652262272,True,10
VIKRAN.NS,55.84000015258789,118.0416404738854,-52.69465933511701,4338792.0322580645,-4.170242467969665,-5.579978476696034,-24.657616528040847,-16.689691871649238,-0.15606181649208123,57.52364346559495,58.067739864757144,61.379586639404295,66.52201030731202,71.7176540184021,219,-56.84121788272015,4.060045578627469,True,10
ACC.NS,1133.0,1975.569036609613,-42.649435225791656,208777.04032258064,-4.2103522803761395,-10.278749113810937,-18.16540267244493,-19.23772331576957,-0.1562149517884111,1176.8533509819813,1206.347304035777,1275.9560009765626,1315.5073498535157,1427.7528479003906,217,-43.07463041049034,2.074884445043157,False,10
MFSL.NS,1309.699951171875,1892.5,-30.79524696581902,797640.1733870967,-5.912359829606684,-12.610929883077372,-19.802830766562852,-17.45761697385939,-0.16037317979088755,1373.3902035189117,1420.4516480042382,1499.1740014648437,1551.73900390625,1611.496499633789,154,-31.25495376486129,11.842105263157897,False,10
HAPPSTMNDS.NS,306.1000061035156,523.09418899518,-41.48281274324458,1532627.8991935484,0.45946630797413235,-11.442206998798099,-19.995416816820555,-19.179471750120015,-0.1591290851405638,307.640365818487,319.20313005227825,363.3760021972656,362.25882629394533,378.44287673950197,234,-42.8401220486976,4.7757783057191805,True,10
INTELLECT.NS,584.0999755859375,1232.7256944645226,-52.617197953380725,519545.5685483871,-4.3948008977197865,-15.568085300293767,-22.276588604533377,-13.946248450992837,-0.15814573111587882,603.5298366707682,625.419394520124,673.11,703.4892584228515,735.3809729003906,231,-54.24367397176844,22.87810101672556,False,10
SERVOTECH.NS,69.05000305175781,129.7140931929629,-46.76753978533473,1076361.8830645161,-0.21675419523004003,-12.637084297165824,-30.169734083166833,-10.485853772783871,-0.15794354013019768,70.64976092000913,72.4074424667978,78.04748489379882,88.51334297180176,83.05238216400147,247,-55.676302442981964,0.0,False,10
ORIENTCEM.NS,111.62000274658203,223.86492255761374,-50.13957458303653,432713.8830645161,-3.70114811490575,-11.70700493333724,-19.08662180800118,-19.940465864976353,-0.16413688686548916,115.64198518938727,119.16571367121628,127.39600006103515,131.69426681518556,141.58620822906494,231,-51.18038160382159,-1.5390203441209116,True,9
PRSMJOHNSN.NS,97.47000122070312,165.89999389648438,-41.24773670484828,934141.4574898785,-5.926068288271969,-13.182502774464366,-13.513749902347804,-22.439720982832622,-0.1625912074755746,103.85007281247589,107.28212957743602,109.71879974365234,113.07759979248047,120.51050003051758,237,-42.92947330410832,4.464857243180154,True,9
JAICORPLTD.NS,86.02999877929688,172.48175223782184,-50.12226066634764,828482.5,-3.9200380839194193,-12.016285079082644,-22.244003989812388,-16.97417642543154,-0.16258132591324803,89.79683277087392,92.02986444276381,97.24462005615234,104.46969551086426,108.60912754058837,234,-51.17744457491251,7.139242238255639,False,9
CSBBANK.NS,300.3500061035156,574.4000244140625,-47.710655755995404,748440.6693548387,-1.4438043958931446,-3.9955249340362875,-16.6620390704603,-26.049486490927787,-0.16361891743905776,309.6982606640973,315.6199678478666,323.3110009765625,339.6425006103516,374.09125,188,-48.642063464233765,29.18887884288093,True,9
AFCONS.NS,242.0399932861328,476.09320955207187,-49.161217083130836,1278265.2580645161,-0.1443979142691343,-13.63425752501951,-19.00261747488735,-19.775792663973434,-0.16352393604486393,246.14498793880256,253.06080252068773,268.3733999633789,287.74902908325197,307.0106761932373,246,-52.666830447858274,-0.5046190651963767,True,9
JWL.NS,214.39999389648438,358.25,-40.15352577906926,3671029.419354839,-4.255793815478281,-11.55480769872337,-16.510901834881352,-21.35862155427748,-0.162332600934679,222.5358260707462,227.3926976891066,241.62960052490234,254.64379974365235,272.9378003692627,196,-40.48848654619896,3.800985031203652,False,9
BBTC.NS,1222.0999755859375,2114.6666501437494,-42.208386579375876,168790.1814516129,-8.402037152487985,-17.285957659158203,-19.667393915662124,-17.033267102108795,-0.17010920262622595,1307.903859035993,1360.9058276899973,1444.869990234375,1482.1289892578125,1564.325242919922,238,-42.99337912582802,13.804115431403918,True,8
MUTHOOTFIN.NS,2624.699951171875,4114.708242760882,-36.21176043794646,839772.7258064516,-2.6843700219836064,-9.483739856907004,-16.127691152347843,-24.44572084927883,-0.1678178065899565,2687.835581463884,2749.991087829409,2875.5360009765627,2991.4799951171876,3274.0485119628906,171,-37.79388606326041,8.248898431645957,True,8
SAGCEM.NS,142.50999450683594,256.6400146484375,-44.4708594246086,77786.16599190283,-4.999666871968467,-6.132270035727794,-21.082072731307157,-22.25738017301341,-0.16953994582939916,146.7156425858188,149.44617371385505,158.88299926757813,168.07519927978515,178.77889945983887,245,-45.40991345584441,1.8633801034051656,False,8
AMBUJACEM.NS,351.5,585.8501015513514,-40.001717321680786,2474507.7580645164,-2.9675638371290503,-11.74993452856815,-19.463858364319385,-20.93119523108363,-0.16858378891155804,362.3190888392006,373.5032705071749,400.46699951171877,414.85364654541013,450.7655790710449,230,-41.79398465631051,0.2650650257456144,False,8
IRFC.NS,74.69999694824219,135.7285614195044,-44.963686222708546,13025528.016129032,-3.0625495524537194,-8.902442746046113,-16.90767999960623,-24.476802969871493,-0.1694976869228506,76.94982198854186,78.66084999581867,83.18240005493163,88.27870002746582,98.09660572052002,193,-45.43521512049915,1.9362700730608084,False,8
NBCC.NS,74.45999908447266,124.82730965446994,-40.349592336338304,11102596.657258065,-3.7984526917912986,-13.41860571572947,-25.01025194229838,-15.502367887020895,-0.16767589149822898,77.25973594933623,79.67387700634683,85.74560623168945,93.058461227417,94.68913738250733,193,-40.798210158947676,3.3314471470955676,False,8
SAMMAANCAP.NS,126.44000244140625,192.9499969482422,-34.470067664565384,14387548.822580645,-4.559173823159524,-17.359475528492652,-24.04181344366545,-17.19711527940422,-0.18019202632875803,133.43967897417738,138.02173129843652,148.6097996520996,158.85499992370606,152.21350009918214,231,-34.87431684395569,17.924994135607484,False,7
INOXWIND.NS,66.6500015258789,159.3000030517578,-58.16070291962028,11974617.274193548,-3.0545432350852275,-11.966712017107739,-19.319693701191866,-22.95688373591448,-0.1767745833165342,68.48576380608766,70.69109442212083,73.74579956054687,79.93979988098144,90.38919982910156,234,-60.80979340289667,6.279335589227064,False,7
GRSE.NS,2046.0,3329.438873827357,-38.54820354013526,1162012.822580645,-3.0837049237278813,-18.760127821394377,-22.91977892503263,-17.176249580836757,-0.17806829566496157,2143.27858213541,2240.214602907198,2447.9714111328126,2554.0501733398437,2524.7957830810547,112,-39.92981773229254,26.79815891321118,False,7
UPL.NS,488.45001220703125,804.4134581804076,-39.278736918212346,2545658.459677419,-5.485676520041749,-15.309924194706326,-17.07808493762023,-22.971011493566927,-0.1792238256965828,512.1080505023867,530.9509509541407,561.7619995117187,584.7254553222656,632.9105456542969,189,-40.77050708664589,9.722516339473831,False,7
FAZE3Q.NS,408.29998779296875,650.0499877929688,-37.18944766398392,64971.78542510122,-5.715275533463915,-17.896642305378784,-30.696771471911187,-11.728462097437475,-0.18051272294970494,431.4142397155637,442.8459457886039,483.26599975585935,521.1279995727539,483.5540003967285,73,-37.40481477770968,35.155393900610065,False,7
TATAELXSI.NS,3130.0,5845.177388781378,-46.451582359033374,324573.67741935485,1.2027919873439652,-10.366552119129436,-15.18304857097057,-28.14967800828052,-0.1776781699969487,3125.175476556223,3215.934409784584,3487.369990234375,3698.3752001953126,4189.596186523438,185,-48.74407052641021,6.096875295485105,False,7
WAAREEENER.NS,2323.0,3713.7978498601774,-37.44947641435411,1287522.4637096773,-0.7264957264957239,-9.575074482896252,-20.46170457905302,-25.60560621293917,-0.18368418328120395,2384.26540579226,2440.4599606017787,2571.6409130859374,2756.9947875976563,2866.8187536621094,241,-38.55885158331831,5.698571855948442,False,6
INDIACEM.NS,297.45001220703125,485.79998779296875,-38.77109516647535,515580.9717741936,0.7792710005454229,-15.843824604877454,-21.826540812869577,-21.247020758901126,-0.18137608368342273,305.3734408813532,319.05819404768624,354.037998046875,371.2489993286133,393.8940007019043,185,-40.469324933314255,21.402170097394844,False,6
CMSINFO.NS,213.85000610351562,385.6351549871131,-44.54602923567435,679366.3185483871,-3.099368463556318,-8.604230915459299,-17.597518319503425,-26.963648050315747,-0.18095497745424818,220.70777508020015,226.01071885703982,241.6192562866211,263.2235877990723,285.22441246032713,241,-45.41472755329209,2.3169210322871336,True,6
SJVN.NS,55.27000045776367,89.48512107833052,-38.235541516021144,4646796.862903226,-4.558797093083422,-16.092305824851948,-21.607799063342803,-21.241121979374732,-0.18653129385031467,57.762617184119605,60.04999834011675,64.2983065032959,67.88461116790772,70.66858423233032,246,-40.034723984514706,0.2559174463205638,False,6
KSCL.NS,676.7999877929688,1095.9000244140625,-38.24254286746377,266499.9556451613,-5.355892756336145,-7.096775869187544,-22.20242792158229,-25.248512310239246,-0.18715077750041506,709.051682941044,721.3473338197194,748.5769958496094,813.0974969482422,847.8797473144531,221,-38.92691186398879,0.724686490372628,True,6
MHRIL.NS,188.02000427246094,346.25,-45.69819371192464,194256.2943548387,-3.5052612866874555,-8.599485617640468,-19.553310247113775,-26.26088029534237,-0.1844076844446792,193.5093455660435,197.03186686498375,209.25960052490234,218.22889999389648,247.3155002593994,246,-46.59638883404783,0.5700034068000237,False,6
RVNL.NS,190.64999389648438,398.20450175980454,-52.1225920214524,7161917.600806451,-3.223353352038383,-8.120484869164157,-17.804514093623915,-30.441464652987783,-0.19464372398318955,196.72461391565045,201.32202159688,213.54111328125,225.42202819824217,265.5459422302246,193,-53.06431919516024,10.873176469302415,False,5
PGHH.NS,6942.5,14012.791866734888,-50.455982890312725,12888.582995951418,4.5714716071697525,-10.25723888314375,-21.75506082343457,-27.012751865409225,-0.18925919609105835,6936.555947362631,7131.704841998433,7749.68513671875,8401.800361328125,9692.984833984376,245,-53.050041258245216,0.6904383230933675,False,5
HPL.NS,257.8999938964844,478.17373277491686,-46.0656292431936,190527.8991935484,-3.4805456158965464,-14.57721220553263,-27.437329672313982,-19.417487300259307,-0.192616908244941,267.04336775888584,275.33329746819606,299.8998516845703,327.3370358276367,335.0552911376953,222,-46.985795616814855,4.678357658259902,False,5
SUZLON.NS,37.599998474121094,61.5,-38.861791098990096,72104608.9233871,-3.366747310275675,-17.36264071621738,-30.26706277639223,-14.98982848006607,-0.1888525309921514,38.942907122057704,40.634373821690566,44.585799865722656,49.67599998474121,48.80914993286133,229,-40.95934736050242,12.112098294499507,False,5
SHAKTIPUMP.NS,419.0,828.3504565179403,-49.41754462702763,1614529.060483871,-7.729576223681944,-11.416490486257924,-27.52540317970351,-18.799016299939808,-0.1883348319350676,445.36036528662794,457.36288650060465,483.4690008544922,513.1619799804688,550.384146118164,238,-49.773675559752895,0.8374700769412602,False,5
GMDCLTD.NS,462.1499938964844,758.8901386847265,-39.101858050565596,3608846.5161290322,-5.229160323831151,-17.364361973223918,-20.29287205399717,-21.68716175146278,-0.1875851474381216,491.8778008911709,512.3369435940388,546.9407806396484,574.0160311889648,580.5821696472168,120,-39.6421215082805,29.031707876241807,False,5
TIINDIA.NS,2213.0,3333.3831842009567,-33.61099286488191,394129.7862903226,-5.42735042735043,-16.132942700924257,-25.155278195327313,-18.807300210128574,-0.1883882712556952,2368.569580416691,2461.9059725209113,2665.5703173828124,2847.3017138671876,2730.126700439453,74,-33.61099286488191,5.880980530789515,False,5
KPITTECH.NS,479.0,1271.2449225520793,-62.32040014457743,1979682.6169354839,-2.6422764227642226,-14.768683274021354,-14.010742389839336,-33.017456742221796,-0.20628169710921213,494.9761452474096,514.976248505281,565.5802655029297,617.4711178588867,744.4869035339356,209,-63.02050078911863,9.239508456634372,False,4
SHARDACROP.NS,723.9000244140625,1282.80960014975,-43.569176257368404,381984.375,2.072759722787487,-9.046362330872649,-19.98822123833508,-30.453467640255816,-0.19779849921498635,731.6411259160022,741.3310511361208,770.2194006347656,829.4830725097656,914.5640200805664,160,-45.61936740226277,37.71639263665199,True,4
FIRSTCRY.NS,169.1699981689453,379.6000061035156,-55.43466927057603,3475758.8991935486,-3.1931340950241416,-4.0115791556151414,-20.296820650673585,-31.323835135205957,-0.19740209489909902,173.91915891899973,176.3946919057285,188.41799987792967,203.51079940795898,226.5131494140625,246,-56.96259418061309,-0.06676458588597001,True,4
INDOSTAR.NS,188.9499969482422,292.0,-35.291096935533496,162767.23387096773,-8.4322794478352,-24.80798997312512,-29.901685956162016,-11.76745163038545,-0.1948231237841133,204.77375369944477,216.1357232880407,237.46220001220703,242.3381005859375,229.83650032043457,50,-35.93492899855523,21.01322123657765,False,4
SYMPHONY.NS,540.75,962.0339215323946,-43.79096330214056,118891.85483870968,-5.413680522333664,-11.793489802235335,-24.249326745555944,-27.274100358833664,-0.21084504179880684,561.3495680312061,573.5335047043059,602.5531079101562,645.9407037353516,734.8635418701172,168,-44.46661515333999,6.518495827291115,True,4
WEBELSOLAR.NS,65.56999969482422,137.44541921249123,-52.293790458412644,5230034.754032258,-4.556036961364162,-12.295877022248835,-34.11430976840094,-17.040531974381224,-0.19965284820858956,69.10023936579208,71.38456511828548,78.97482559204101,91.19569595336914,85.94326215744019,224,-63.45177420888943,21.76418014597672,False,4
CAPACITE.NS,172.55999755859375,314.25,-45.088306266159506,494464.20967741933,-4.308769585518224,-13.5990404046192,-28.10000101725261,-24.83338761457219,-0.2151404039048032,181.70280489503293,187.7420430527508,202.75900024414062,217.0092008972168,227.23385063171386,222,-45.47334730198389,10.136346882903835,False,3
ABLBL.NS,72.45999908447266,143.07028425115467,-49.35356460376372,1842016.2540322582,-2.659864712514093,-14.268809793644365,-23.76267260501833,-27.75486998773713,-0.21350498206580634,74.7868979872159,77.53044604811501,84.40170532226563,90.88016098022462,99.00867630004883,247,-50.30414677215037,0.0,False,3
AURIONPRO.NS,601.5999755859375,1235.2944216929336,-51.29906158230173,201084.16129032258,-1.0200744211174784,-10.228185264149591,-29.662354662904143,-28.171867833393016,-0.2231509802717012,621.184428143218,642.8471425718503,685.4738195800782,755.691801147461,835.30162109375,230,-51.96691856077765,7.421145921815531,False,3
PASHUPATI.NS,69.08999633789062,118.27621080086024,-41.58588961374798,117469.32258064517,-12.533234325380016,-14.671559862626681,-20.97268267907493,-30.866900963949384,-0.22826200594365567,73.91083692035876,76.83553237565306,81.72124328613282,85.41102905273438,87.40185550689698,120,-42.754541358633034,10.395737924057435,False,3
KEC.NS,369.8500061035156,882.7184042406384,-58.101020175094185,1172555.3870967743,-0.6714112955607088,-8.836579991331417,-25.88731920302134,-34.08070634203779,-0.23232935425543874,373.2592049583361,385.10028010313295,416.9791564941406,455.8375582885742,528.9877871704101,244,-60.57632894837304,0.22801714969682418,False,3
HGINFRA.NS,401.75,939.5571334930281,-57.240492815333276,326140.02419354836,-4.322456337296066,-17.088017723435854,-28.462320807257726,-21.886448570902683,-0.2114312484895517,420.9909315795736,438.77976537548403,485.47532348632814,525.5015173339843,568.8234548950195,238,-57.58108010832039,1.2588422154579781,True,3
DIGITIDE.NS,69.9000015258789,179.25,-61.004183249160995,737067.3724696357,-3.3729540164956884,-25.1766186085036,-35.3914410310366,-22.169019679268096,-0.24857659304368507,74.6474757595022,79.08944245944538,91.00660034179687,91.86940032958984,97.86345020294189,234,-61.45048899630623,2.304932086862488,False,2
NACLIND.NS,129.11000061035156,245.0,-47.30204056720344,742794.2620967742,-0.9968583814521703,-19.807453037048717,-44.956513491564344,-22.54948831796425,-0.26567925820209964,133.8163233781527,140.6695518814396,160.275,175.1052996826172,163.79109996795654,62,-48.36326443419164,47.10654283401716,True,2
TCC.NS,43.93000030517578,105.27999877929688,-58.27317551810749,1196634.5816993464,-7.457343215705336,-10.47483069414119,-31.605172023654326,-40.17431550782749,-0.2839197827062606,47.10617457883505,48.36672127076245,50.285119705200195,58.61185985565186,,152,-62.60448386362747,0.0,True,2
KPEL.NS,208.1300048828125,462.1511934657059,-54.96495349886901,337033.9556451613,-4.527520695957565,-11.669403898990527,-36.603005090162185,-30.682605186035783,-0.26040576450856834,214.9345517750598,221.4150990606458,246.52550018310546,292.3770686340332,304.3451439666748,230,-55.94948044937562,18.928722165704272,True,2
INOXGREEN.NS,128.9199981689453,279.0,-53.79211535163251,2388515.1088709678,-18.918240145317412,-26.086458248857536,-32.73505389458968,-17.10391291972584,-0.23771197000570488,145.30630730089868,155.98476171330333,170.45739959716798,179.65519958496094,176.45449920654298,231,-61.03942761711749,19.34932409594672,False,2
VEDL.NS,264.0,795.0,-66.7924528301887,17372519.278225806,4.741121524917524,-2.941176470588236,-3.1370347370785368,-63.404492505468546,-0.2641703056493687,260.3565604551025,262.37867003336913,268.5800018310547,281.56650039672854,456.18927055358887,118,-68.8993710691824,16.67258081966352,False,2
RAJESHEXPO.NS,57.61000061035156,237.8800048828125,-75.78190708431667,467729.89919354836,-10.026547386131012,-27.634719044505797,-38.496848792027436,-42.943448634385994,-0.3525603263887689,62.68768301329358,66.74551537563207,75.7381999206543,85.85970008850097,114.48594993591308,197,-76.00891267723877,27.94387196124408,False,1
JSLL.NS,385.1499938964844,827.6381539217471,-53.463963439643436,777313.0887096775,-19.893926024322404,-23.122779681005035,-34.47286162110028,-40.7297254497378,-0.3324769720485845,442.1217015350645,468.31428375447234,507.88767822265623,547.6418853759766,605.4500942993164,228,-56.53293673142885,2.445007977619129,False,1
EUROPRATIK.NS,176.69000244140625,389.6640172803993,-54.655807412091264,299255.1935483871,-7.210374886863235,-31.235651275609765,-43.65752582827342,-23.37481883537699,-0.294153530264411,189.68690700767735,207.08351932812818,252.08179962158204,267.52490005493166,261.6778269195557,222,-56.28284918570425,45.06077909201092,False,1
PNCINFRA.NS,134.74000549316406,290.39664920677535,-53.6013911106725,644913.0282258064,-2.475389460259003,-23.573062275390434,-44.282317983322905,-26.251277401707295,-0.28747357756783776,137.02646852535497,145.23743608295175,181.944267578125,203.0711231994629,208.77258476257325,242,-60.08914580975109,-0.7086098973582478,True,1
TRIVENI.NS,235.6699981689453,487.9415273208757,-51.70118037238382,632738.4919354839,2.0569894498807306,-13.594867765739572,-48.807844063757635,-38.9522810301132,-0.32736540239332407,239.7478308947106,245.27903699314845,255.62530151367187,323.9360650634766,350.33662826538085,61,-55.10100044291393,26.219436413657338,False,1
POLICYBZR.NS,1012.0,1964.199951171875,-48.47775047564665,2369664.898785425,3.2653061224489743,-44.57831325301205,-35.96557932380432,-32.4657991324658,-0.3236512548848513,1118.205332218071,1295.7951267790954,1605.9700012207031,1612.7529986572265,1607.3270028686522,205,-51.88371860909198,12.14048478572689,False,1
RAINBOW.NS,,1610.0,,155530.57894736843,,,,,,1303.9357663022283,1352.6905812882335,1441.249990234375,1427.1291467285157,1327.3002404785157,45,-25.590062111801238,20.777728262236938,False,0
PNGJL.NS,,736.4000244140625,,377310.4879032258,,,,,,590.0262666914826,594.8410166583791,611.6280029296875,589.1274987792968,592.1287490844727,106,-30.87995883691065,34.758861707664494,False,0
PSPPROJECT.NS,,1143.0,,169174.04048582996,,,,,,773.6989887783898,800.2087827813378,873.0209997558594,911.4760009765625,835.181750793457,67,-36.04112092799924,29.149771929566604,False,0
PRUDENT.NS,,4105.5,,37624.532258064515,,,,,,3198.7261745790215,3234.977607796138,3310.1000146484375,3088.234091796875,2798.4556237792967,27,-25.982217785211915,21.793550138190042,True,0
PIRAMALFIN.NS,,2326.39990234375,,404674.8733624454,,,,,,2050.5833748035006,2107.075886298874,2147.2240014648437,2100.0523937988282,1935.8519036865234,20,-23.435349641418448,6.4746543778801735,False,0
RAMCOIND.NS,,394.1233116425528,,361362.7701612903,,,,,,304.239608433491,312.1419015002504,329.3302398681641,322.91584045410156,305.99872924804686,42,-26.634638105668095,29.355291723658162,True,0
PROTEAN.NS,,869.1084401704188,,462860.0080645161,,,,,,645.1042084066027,615.6352080506105,567.1184967041015,578.7983340454101,586.8670027160645,238,-49.83050821108967,1.8203012244812466,False,0
PAISALO.NS,,94.87999725341797,,10412044.495967742,,,,,,82.52322392362349,81.90176194067361,75.80691986083984,68.84865474700928,53.10590616226196,13,-22.618043534670928,32.48101945429733,False,0
PRAJIND.NS,,422.8048706122484,,1856587.7177419355,,,,,,305.90052884016853,312.85731070140616,324.8704132080078,336.16782012939456,331.26642318725584,116,-32.19093909872151,29.190298527783675,False,0
PRIVISCL.NS,,3774.7057070510364,,126902.37651821862,,,,,,3512.598747945887,3510.980080071409,3511.7924951171876,3489.2932055664064,3220.8165063476563,55,-12.488540691856842,11.38580357262069,False,0
PAGEIND.NS,,43614.205560919945,,27964.00809716599,,,,,,37001.476951520955,36771.029785635816,36920.62078125,38187.057578125,36130.89291992188,70,-22.04374798823495,18.472320686595346,False,0
PIIND.NS,,3812.9263498994665,,275477.9193548387,,,,,,2247.4605711121512,2303.0417792050002,2458.3695361328123,2591.790905761719,2833.1241760253906,227,-44.92419188596786,8.17736137848537,False,0
PITTIENG.NS,,1225.3791940785206,,70684.86639676114,,,,,,1118.9849254132387,1121.3978120285276,1077.913846435547,1012.6897204589844,926.5878076171875,22,-14.630509425892468,20.815568600356315,False,0
PIXTRANS.NS,,2089.0,,45903.52631578947,,,,,,1770.138347533491,1766.0543339582293,1782.8880004882812,1734.9962866210938,1582.781328125,41,-18.1474377973163,22.671523364944,True,0
PRIMESECU.NS,,325.0,,43407.396761133605,,,,,,297.2303346465565,294.5813859077235,287.6960009765625,285.84200073242187,282.5945008850098,223,-22.123075045072117,5.348033461767954,False,0
PRICOLLTD.NS,,823.0,,642695.2024291498,,,,,,706.1218184567457,727.8058970014459,754.335,671.1014978027343,631.544998626709,34,-21.5309856873671,36.37367063655847,False,0
PREMIERPOL.NS,,106.69999694824219,,372600.20967741933,,,,,,95.85231961171678,92.87859966362376,85.72274032592773,74.13828193664551,63.12939107894898,1,-8.622302916001868,41.664791967833146,False,0
OSWALPUMPS.NS,,790.0,,656659.3427419355,,,,,,266.11893700910724,272.44096184232967,291.31700103759766,342.5500007629395,368.3719998931885,246,-67.77848062635977,6.1004865659485485,True,0
PRAKASH.NS,,170.29543346775242,,538054.5483870967,,,,,,118.76945415433043,119.84976366947713,123.05895034790039,129.68054656982423,130.17703727722167,231,-36.24060328626155,1.562596321683385,False,0
PRECAM.NS,,197.3754272925148,,444860.50403225806,,,,,,113.83050948095695,116.58569017459364,126.2102001953125,136.63798233032227,140.72342597961426,238,-47.693543713494066,-0.6142261252939485,False,0
ORKLAINDIA.NS,,760.0,,215990.92608695652,,,,,,552.0544213535911,559.0245230895184,567.3169970703125,587.4089978027343,593.4234982299805,229,-30.256580553556745,0.0,False,0
PREMEXPLN.NS,,829.1846454746575,,563667.8870967742,,,,,,682.6260717291401,678.0476669647824,667.3910534667968,679.3265362548829,586.300242767334,71,-23.306814312868518,43.57353342173052,False,0
POCL.NS,,644.7480375604595,,750769.7782258064,,,,,,449.0443147853158,457.980971815495,481.1669219970703,511.3248876953125,505.1912989807129,102,-33.67951801428808,39.90035417041496,True,0
PICCADIL.NS,,808.3517449655756,,233559.84274193548,,,,,,591.1984976855772,602.0687314621172,652.1968493652344,638.6521166992187,607.7420089721679,41,-29.585107504002337,35.72548633678656,True,0
PRABHA.NS,,262.79998779296875,,188007.4939271255,,,,,,221.77479931655776,222.36521025739796,203.81100036621095,179.16730041503905,172.1089875793457,20,-20.09132048916382,65.79036436118015,True,0
PARKHOTELS.NS,,157.25207671824407,,274791.01612903224,,,,,,103.85824275159645,105.81104028482176,112.0616407775879,116.24021110534667,119.22205764770507,247,-39.946959864176065,0.0,False,0
RADICO.NS,,4747.0,,414119.81376518216,,,,,,4418.685843301346,4437.053304968569,4501.003984375,4141.364660644531,3547.5754748535155,35,-10.789976728723405,26.55407555722322,False,0
RACLGEAR.NS,,1927.699951171875,,69980.44758064517,,,,,,1590.178980181718,1606.8777418514946,1532.6439990234376,1423.9580017089843,1320.4503771972657,15,-23.126001870094182,35.75298253650738,True,0
POLYPLEX.NS,,1262.9288373840152,,96011.8870967742,,,,,,1042.6783959766624,1071.513079295405,1128.0088317871093,1055.108871459961,951.5613052368165,40,-21.444506909752945,27.610336696796534,False,0
PAUSHAKLTD.NS,,826.75,,34548.561320754714,,,,,,680.7161784595894,692.3315733153199,716.1739978027343,607.8848385620117,548.652618713379,24,-23.314182038100995,47.60875476212269,True,0
QUESS.NS,,388.75,,708800.5322580645,,,,,,336.2559610891658,341.43482895457424,342.19724609375,297.3416213989258,245.93522041320801,27,-18.456591639871377,31.295430946326054,True,0
PDSL.NS,,416.5630259242535,,272847.6330645161,,,,,,346.184030124366,349.39384566956016,357.2739990234375,345.7228207397461,328.88740867614746,61,-21.944586134341982,36.396068628661894,True,0
PETRONET.NS,,322.6775170144611,,2946267.806451613,,,,,,289.82232852511066,288.58784885388513,286.5810021972656,280.845673828125,279.8906994628906,150,-27.89522139859414,12.252696003715924,False,0
QPOWER.NS,,1681.0,,681970.3024193548,,,,,,1572.8440041183912,1532.27924839847,1386.5973315429687,1270.083442993164,1080.8980197143555,3,-9.518143961927429,46.804806452426305,False,0
PFIZER.NS,,5489.439888599995,,32742.20564516129,,,,,,3883.2209436398825,4019.290691206495,4467.13599609375,4492.902592773437,4625.469743652344,245,-32.03313861313565,4.993829613671075,True,0
PFOCUS.NS,,367.0,,3452826.109311741,,,,,,298.55479650838504,305.6260203641778,301.2207995605469,273.817200012207,273.12014961242676,120,-44.81199093020904,31.79908475237747,False,0
POLYMED.NS,,2090.02010392206,,191589.35887096773,,,,,,1645.2836646609612,1672.0181129749774,1718.8130004882812,1642.2773034667969,1566.2832098388672,226,-43.56109824271459,8.50862574858946,False,0
PARAGMILK.NS,,375.4278281988306,,1070749.9798387096,,,,,,286.83697939053263,275.1102546481323,247.05114624023437,236.30799423217775,234.71818450927734,224,-52.82133155033071,34.61330893128021,False,0
PGEL.NS,,644.0957170393084,,2844128.3911290322,,,,,,510.8773251919803,521.5146618199569,565.1246795654297,549.1623812866211,552.6260725402832,188,-32.25481559209491,19.364002802263023,False,0
PNBHOUSING.NS,,1211.5,,1150286.2137096773,,,,,,1119.511071610203,1123.860215629949,1135.3624096679687,1087.4419482421874,989.2272048950196,30,-12.059428442916841,13.543238860562766,False,0
PVRINOX.NS,,1374.800048828125,,429392.1330645161,,,,,,1270.331175052877,1257.3544411055125,1219.5009985351562,1104.3490008544923,1055.2357525634766,2,-7.1865031509376065,17.465039233227706,False,0
PVP.NS,,72.04000091552734,,1429771.064777328,,,,,,53.923660665621,55.84573316062008,50.566999969482424,39.687799949646,35.00659987449646,10,-36.75735592131133,139.09056051988435,True,0
PANAMAPET.NS,,595.8726432274872,,373809.9193548387,,,,,,494.96164507566914,487.5341159594951,481.15962890625,438.48834899902346,359.5044641113281,40,-26.687353234181156,24.94799081875765,False,0
PGHL.NS,,6920.564352013024,,16547.72064777328,,,,,,5346.6098126861,5439.858469662297,5728.845810546875,5981.956079101563,5544.53287109375,60,-25.79362406324265,30.675550022395992,False,0
PGIL.NS,,1357.9000244140625,,300713.85080645164,,,,,,1263.9100879391913,1240.095962112588,1185.1819995117187,1051.649448852539,911.5917163085937,8,-9.146481405785389,25.54242008290708,True,0
PHOENIXLTD.NS,,2166.9299087704976,,528953.9230769231,,,,,,1885.5170423495088,1902.0412813060298,1910.4367456054688,1908.441826171875,1820.6678057861327,61,-18.262240785774065,22.663210469498818,False,0
POKARNA.NS,,1145.4889587311654,,181127.3991935484,,,,,,709.7382094710753,737.8497398766826,834.7990014648437,881.9347485351562,879.3315356445313,166,-41.06447116402311,33.77038750936392,False,0
PTCIL.NS,,24800.0,,22125.9028340081,,,,,,23127.313146764413,22684.396556756357,21252.2,19422.76,18343.245,2,-4.213709677419352,27.439339184305634,False,0
SIRCA.NS,,536.351054042588,,339930.2056451613,,,,,,407.57567888698065,411.94123305693864,426.07043884277346,416.2331546020508,433.55691055297854,220,-28.57143017732211,11.004582411595809,True,0
RAMCOSYS.NS,,967.5,,705774.3508064516,,,,,,560.7259690276937,568.9635993525944,583.142001953125,611.1230017089844,536.8187507629394,66,-45.540049156169246,113.55252966725473,True,0
STUDDS.NS,,596.0022160423393,,190461.6419213974,,,,,,409.5099854406759,412.64908870167875,426.44348693847655,443.83636077880857,470.8010108947754,221,-34.70661963632035,1.9900120509422914,False,0
TIIL.NS,,3565.300048828125,,21531.2995951417,,,,,,2830.890754441127,2928.6509403740297,3002.8139892578124,2769.499025878906,2510.765348510742,31,-27.80411284469464,34.69920986728321,True,0
TIL.NS,,325.25,,313085.1538461539,,,,,,243.68934701591454,245.63073639177085,244.3750015258789,223.24580078125,223.46278396606445,246,-50.422751729438886,0.0,True,0
TIMKEN.NS,,3921.832239688061,,55376.84210526316,,,,,,3126.002178077606,3149.6037562826864,3184.9420263671873,3312.28091796875,3281.2168933105468,76,-23.372552228014065,4.469316739817786,True,0
TINNARUBR.NS,,1317.7581839116879,,62979.77419354839,,,,,,942.2283946641782,967.6667923127764,1025.4597033691407,969.0684118652343,835.6599432373047,56,-33.523463508331595,55.225291676470015,False,0
TIRUMALCHM.NS,,293.75,,437278.2105263158,,,,,,149.5983185803493,152.81657619807325,158.99819946289062,168.4854997253418,184.30309944152833,236,-52.0,3.093703042796747,True,0
TITAGARH.NS,,969.8369391372275,,991007.4233870967,,,,,,807.5817284412367,818.6888937674416,834.3697473144531,840.2510083007812,796.5485766601563,78,-20.388681392894558,26.54861312769461,True,0
TMB.NS,,954.2000122070312,,348506.0971659919,,,,,,876.0409830730606,882.3821569078483,882.7819982910156,819.1443688964844,715.1618374633789,22,-11.433665397755465,16.895523748093556,False,0
TORNTPHARM.NS,,5250.0,,393862.99596774194,,,,,,4780.961016901922,4836.357324700047,4914.49,4778.443959960938,4444.708186035156,47,-12.527622767857139,14.230136658889991,False,0
TORNTPOWER.NS,,1817.8039543841724,,483992.50403225806,,,,,,1237.6297646347127,1249.6386389080076,1282.287998046875,1356.0105322265624,1399.6976904296876,114,-34.26133785670871,15.367088246298843,False,0
TRANSRAILL.NS,,756.7099518871578,,812642.7016129033,,,,,,466.95919266818066,457.8397877939564,455.7514208984375,474.5414877319336,502.92525299072264,246,-47.053690400489124,0.1119797618749585,False,0
TRAVELFOOD.NS,,1459.2622453212896,,75664.92741935483,,,,,,1203.187127936545,1221.505563884611,1278.82796875,1267.7757507324218,1225.4982312011718,43,-20.404985209202785,17.444912495645326,True,0
TRUALT.NS,,542.0,,355068.8870967742,,,,,,440.7540469981782,438.547034453622,442.4939996337891,455.3240005493164,433.08000030517576,84,-26.199261992619927,22.288795686039542,False,0
TSFINV.NS,,684.5682054144123,,110508.18548387097,,,,,,418.7783830922829,425.18794557078485,427.71600219726565,425.44877349853516,415.169577331543,244,-52.0133152382439,4.085636078819044,False,0
TTKPRESTIG.NS,,762.9636442781316,,264199.9717741936,,,,,,519.3202141293683,530.011965796586,571.451997680664,575.8154113769531,555.193042755127,235,-45.15041604845462,12.416613047741043,True,0
TVSMOTOR.NS,,4484.5,,936055.9112903225,,,,,,4005.659099536384,4067.519433684994,4224.3580078125,3872.0299951171874,3763.4798779296875,30,-14.385106425604866,27.761877504293064,False,0
UDS.NS,,252.75385982490369,,284919.1129032258,,,,,,210.14396106451778,209.19562492742742,210.96613403320313,198.20522384643556,179.0968200302124,247,-50.748031280185145,0.0,True,0
UEL.NS,,284.20001220703125,,13920.907258064517,,,,,,186.58729814454907,190.97772010734585,201.71739990234374,167.93829971313477,159.77845027923584,41,-44.722026968432026,88.46259906709962,False,0
UFBL.NS,,850.0,,194600.07287449393,,,,,,685.1755728023903,695.9926371752127,730.7369946289062,669.0029968261719,458.0772484588623,32,-24.447057387408087,27.668171459742275,True,0
ULTRAMAR.NS,,455.75,,69928.11016949153,,,,,,411.59450198069203,415.6861188298568,412.59299926757814,397.61364898681643,,43,-16.62095447065277,10.954550239588245,False,0
UNICHEMLAB.NS,,687.2000122070312,,283775.17741935485,,,,,,542.2293189939048,542.8818831114958,536.0630035400391,499.1025,435.4102502441406,64,-29.816650287301314,78.61358286504804,True,0
UNITDSPR.NS,,1563.4000244140625,,956145.0524193548,,,,,,1361.9886907895204,1387.7312557697203,1462.3580004882813,1397.307587890625,1364.7384948730469,33,-16.329796906828587,13.219914621978734,False,0
TI.NS,,607.7999877929688,,811552.0927419355,,,,,,551.7773237355567,551.8890483929638,541.4253552246093,489.95005279541016,466.0571078491211,11,-11.977622450654968,35.702629442791654,False,0
THYROCARE.NS,,662.0,,798361.8991935484,,,,,,533.037342541669,546.6704559922489,576.712998046875,551.0792376708985,480.7797203063965,40,-24.77341389728097,22.061217319886552,False,0
THOMASCOOK.NS,,168.23674919231718,,1685215.5120967743,,,,,,101.43739042101195,103.04214373507234,105.2849739074707,103.68382293701171,107.8657430267334,239,-48.90532724157674,10.621993843667399,True,0
SYNGENE.NS,,677.034031793237,,1281487.5443548388,,,,,,363.47424774627103,372.03926063985466,390.39899963378906,413.50590057373046,450.1780665588379,186,-49.01290097741294,1.8374892335727422,True,0
SUDARSCHEM.NS,,1347.0,,240056.41129032258,,,,,,1216.68227999208,1217.1470866767017,1181.6192712402344,1060.3347241210938,970.7320681762695,26,-14.766148805795288,34.889295587351164,False,0
SUNDARMFIN.NS,,5612.405266256894,,68700.375,,,,,,4356.758843008738,4453.238795961453,4562.392001953125,4488.089421386719,4751.850645751953,148,-29.103155711844707,1.7322053458177944,False,0
SUNFLAG.NS,,479.1000061035156,,394955.2419354839,,,,,,439.15555055641283,412.64706937642586,372.09828796386716,363.770615234375,312.3478985595703,2,-5.927779907051011,24.92515406762148,False,0
SUNPHARMA.NS,,2046.9000244140625,,2527957.5887096776,,,,,,1806.5832855306617,1832.3024048799364,1891.87400390625,1879.7409887695312,1802.9317065429686,48,-14.749133851834472,12.112617992512753,False,0
SUNTECK.NS,,469.97910852813845,,376245.2943548387,,,,,,279.0162244253046,283.0151627307362,292.7785534667969,298.51629455566405,332.48634323120115,231,-42.85916481819741,6.805862207018465,True,0
SUPREMEIND.NS,,4240.061325199118,,247338.09677419355,,,,,,3469.616465290702,3473.2344363278503,3503.6919921875,3467.106689453125,3557.7165942382812,244,-25.944467327897858,-0.2632420262956403,False,0
SURAKSHA.NS,,360.0,,66589.40725806452,,,,,,333.58197521756574,334.785900924596,314.9015240478516,294.0824189758301,283.07598960876464,13,-14.722222222222225,38.22494314642295,True,0
SURYAROSNI.NS,,308.07465261661673,,648444.1653225806,,,,,,218.13611438978188,218.09564760096572,221.98519165039062,234.64621505737304,235.91970016479493,226,-39.882525659920645,3.7504194437540495,True,0
SWANDEF.NS,,2814.89990234375,,15263.487903225807,,,,,,2734.769227006957,2688.73602944498,2559.8319970703124,2345.8060046386718,2071.6069995117186,1,-5.147604084362046,8.20965284091637,False,0
TAJGVK.NS,,435.63864952593093,,164002.65322580645,,,,,,320.8270477886084,324.73484040059463,338.2755059814453,338.2127618408203,344.2008068847656,192,-35.80148341924443,2.2140328202036708,False,0
THEMISMED.NS,,146.40048186347136,,244192.84274193548,,,,,,115.08860227335701,117.32270438940513,116.46202728271484,112.44410942077637,100.44047870635987,247,-55.816327306812774,0.0,True,0
TALBROAUTO.NS,,485.79998779296875,,211802.22177419355,,,,,,426.4704948099734,430.1281486100861,424.25397338867185,400.39623474121095,335.47416893005374,13,-17.249894997667525,19.441590844100443,True,0
TARSONS.NS,,375.0,,494926.9435483871,,,,,,331.25735132180586,329.4696744518586,328.29999938964846,291.80949951171874,249.149349899292,38,-23.43999837239583,34.78227514634897,True,0
TCI.NS,,1230.6142063952873,,60425.493927125506,,,,,,871.8020298249708,867.3048798750847,884.3399987792968,905.7240411376953,953.4001327514649,233,-35.235592449840894,3.150997875345607,True,0
TECHM.NS,,1807.040094106148,,2273664.8870967743,,,,,,1519.6023150304986,1536.3333906716757,1584.3380004882813,1517.1646459960937,1492.7796209716796,168,-29.660192536623796,9.275524971533788,False,0
TECHNOE.NS,,1379.6524287751324,,234698.06048387097,,,,,,984.7474659599111,987.6587997685918,987.5444860839843,1028.4709606933593,1061.7780908203124,245,-37.39205346477467,1.9735816110018956,False,0
TEGA.NS,,2198.0,,195472.96370967742,,,,,,2039.5231704777582,1968.3883974332455,1760.7097778320312,1722.2327478027344,1737.418194580078,6,-11.191992720655142,33.50740731113802,False,0
TEXINFRA.NS,,127.0,,163702.65322580645,,,,,,119.82873305188106,118.15958934233683,114.30700317382812,110.07119926452637,103.46166259765624,2,-5.590549979622905,8.604685540804379,False,0
THANGAMAYL.NS,,7430.0,,180860.89516129033,,,,,,4908.68732258628,5014.064477547096,5221.07,5390.655007324219,4519.134986572266,51,-37.94078061911171,67.79607841165122,True,0
THELEELA.NS,,607.25,,431259.64112903224,,,,,,571.327228601127,559.3570852492054,537.3480029296875,496.88550231933596,461.76400115966794,2,-5.063812268423218,18.826432387974613,False,0
UNITEDPOLY.NS,,50.22999954223633,,159617.61538461538,,,,,,47.11469545928808,45.4149153665059,39.136799812316895,35.69510000228882,31.691599941253664,4,-13.39836672022533,66.94243337840358,False,0
UNOMINDA.NS,,1351.9140270993175,,845519.8669354839,,,,,,1137.697226996637,1169.884034047908,1222.5640014648438,1166.9642297363282,1162.3052786254882,188,-26.588402557309653,8.693173451559888,False,0
USHAMART.NS,,542.5999755859375,,718126.7862903225,,,,,,509.4413382002768,507.83792703762197,502.88515625,495.8836410522461,461.7721057128906,13,-11.35274204895006,8.515450679528946,False,0
WHIRLPOOL.NS,,1428.4580610250364,,731825.2419354839,,,,,,849.077516590032,832.9956161520873,802.4697448730469,800.3795660400391,834.2988961791992,232,-50.576077851849085,22.28825379652035,True,0
VRLLOG.NS,,310.20001220703125,,238623.2943548387,,,,,,286.11490173291304,287.46766681349914,288.8094006347656,263.39350036621096,262.24923377990723,40,-9.445524551105333,25.87324411425971,True,0
VSSL.NS,,428.25,,164752.60483870967,,,,,,391.82291522702445,389.38076191742624,363.06679382324216,320.82882049560544,288.9181653594971,15,-12.410973472617481,35.19894510761343,True,0
VSTTILLERS.NS,,6334.462184822329,,16002.125506072874,,,,,,4324.0519038162265,4308.067295850269,4327.224409179687,4428.731989746094,4945.897559814453,189,-37.64269349552063,1.5977108618526303,False,0
VTL.NS,,682.2146139481268,,599642.6088709678,,,,,,540.2136238436152,551.1092126225498,576.7986059570312,599.6944158935547,552.8315661621094,67,-24.283359337088996,10.964873083371396,True,0
WAKEFIT.NS,,224.0,,2060613.5792079207,,,,,,138.3519327765065,141.07560869390136,139.35540100097657,132.89220054626466,151.38260021209717,161,-50.26785646166121,11.78428647006642,True,0
WEL.NS,,183.39952737494264,,1607169.8185483871,,,,,,74.395689065614,77.85173064074003,100.68240020751954,99.67919998168945,113.89612644195557,212,-62.917024318612015,39.799327171319064,True,0
WESTLIFE.NS,,675.3828643122594,,243055.04453441297,,,,,,583.4260330462034,577.0735082556038,566.7475439453125,518.4242123413086,504.8549723815918,246,-41.05200474584317,0.0,True,0
WEWORK.NS,,794.5,,331914.4756097561,,,,,,663.7081041663595,667.0220141257628,687.2409997558593,670.766498413086,604.126999053955,44,-20.08810265398836,16.225244614684463,True,0
WHEELS.NS,,2498.0,,185680.9435483871,,,,,,2228.9784848682366,2147.3245603605565,1791.6060083007812,1668.3378186035156,1306.4447180175782,19,-18.658926164368992,55.9676331759946,True,0
WINDMACHIN.NS,,343.8999938964844,,104851.96761133603,,,,,,295.68872391642543,297.85891298736834,300.09599853515624,301.22049926757813,280.76119941711426,84,-22.76824343781101,26.695257907202308,True,0
VOLTAMP.NS,,12724.746990128295,,48609.81451612903,,,,,,10549.92195271767,10621.521254469171,10534.62,10031.54666015625,9268.033107910156,110,-30.42058661625352,37.50686033538935,True,0
WONDERLA.NS,,596.5340089656181,,89604.7004048583,,,,,,508.616080983579,509.8273774713136,504.9578491210938,491.2707797241211,501.2673789978027,244,-24.04007173688042,1.549320531015952,True,0
WSTCSTPAPR.NS,,777.0,,146911.3036437247,,,,,,727.0931547050731,715.3731072193284,657.8656127929687,586.0652337646484,508.45471115112304,13,-10.682110682110679,38.03200107092817,False,0
XPROINDIA.NS,,1572.6395438881225,,63815.971774193546,,,,,,1147.7717226014424,1176.2211325972137,1196.6079931640625,1244.691707763672,1112.8784567260743,68,-36.70513829551298,34.22517255775301,True,0
YUKEN.NS,,1333.9000244140625,,12497.41935483871,,,,,,1154.4389632335885,1118.685713327303,979.3791125488282,845.8039428710938,799.8369250488281,3,-15.818276942658072,55.065784753195324,False,0
ZAGGLE.NS,,405.3999938964844,,1694165.4919354839,,,,,,172.76290587887664,176.34367947990103,186.75679962158202,197.40489974975586,233.0352498626709,222,-61.92402492986565,18.11360227241905,True,0
ZENSARTECH.NS,,799.7128098861871,,1801515.1572580645,,,,,,438.81415907899594,441.6854093686276,465.90100158691405,469.2085592651367,530.4094656372071,238,-48.360061074438335,2.0639544201007,False,0
ZENTEC.NS,,2042.629425992547,,584731.8508064516,,,,,,1602.57378788833,1648.5059862932872,1738.9506958007812,1751.0673193359376,1584.9673590087891,35,-27.583538533764763,0.5201284309453769,False,0
ZOTA.NS,,1738.4797432169696,,70054.3927125506,,,,,,1297.4851506297834,1260.735799966201,1191.421904296875,1240.1713623046876,1272.388236694336,217,-41.264369686282244,9.13860735233747,False,0
ZYDUSLIFE.NS,,1232.0999755859375,,1138077.8266129033,,,,,,1152.231645365046,1153.48055458699,1143.8619995117188,1121.9190618896484,1014.8978582763672,7,-9.98295612671416,7.0918822479928645,False,0
VOLTAS.NS,,1577.544205432766,,970607.4233870967,,,,,,1074.622186047612,1104.9745737522844,1192.3420043945312,1246.2691052246093,1323.9429888916015,150,-35.08264478046767,12.786243352638337,False,0
VMM.NS,,150.94000244140625,,14402318.95564516,,,,,,100.52746225097425,101.98482983381624,105.3415998840332,111.37059989929199,116.23534999847412,247,-35.86855605800402,0.0,False,0
UTIAMC.NS,,1354.175046192178,,163373.46774193548,,,,,,889.5667824653848,893.4833944484142,897.8890002441407,905.9927172851562,944.237307434082,241,-36.37331107073366,9.387432400448613,True,0
VESUVIUS.NS,,606.1323605842241,,193262.66801619434,,,,,,403.18218310800364,405.3695153080326,422.2279992675781,443.77399871826174,464.04126525878905,155,-36.81248108402539,15.959988192283658,False,0
UTLSOLAR.NS,,494.25,,604507.0136363637,,,,,,416.6427938024948,420.25590319186864,423.9169989013672,377.32799865722654,299.2556994628906,34,-22.28629112726037,55.284552845528445,False,0
UTTAMSUGAR.NS,,356.11921220364263,,183152.3064516129,,,,,,289.9598182743901,284.50405024834157,276.7671664428711,254.96807495117187,242.0019376373291,32,-31.455535747975915,46.051938731738296,False,0
V2RETAIL.NS,,259.25,,1320169.4637096773,,,,,,184.60327072647178,196.98573916334,213.06619995117188,221.29969985961915,213.3344997406006,88,-40.790742526518805,31.84552490720518,False,0
VAIBHAVGBL.NS,,286.0804190389319,,580743.0201612903,,,,,,202.8768499963344,206.91476382272998,222.1486376953125,229.5753788757324,224.39901748657226,233,-39.893532870852866,25.130146271387808,False,0
VALIANTORG.NS,,505.0,,68826.35627530364,,,,,,450.90110689664715,422.5602817225199,350.08599975585935,315.8580010986328,285.24345077514647,2,-11.782178217821782,61.158692226201715,False,0
VARROC.NS,,912.2000122070312,,280730.96774193546,,,,,,828.0141306725087,832.8232978023318,816.7355639648438,715.1927575683594,630.7464517211914,12,-13.067310963812817,30.127842349817936,True,0
VENTIVE.NS,,793.9500122070312,,63744.36693548387,,,,,,566.7057737055854,568.9202585304882,583.7,606.7015008544922,647.6000012207031,168,-31.658168997615867,5.702899450851362,False,0
VENUSPIPES.NS,,2347.89990234375,,106516.88306451614,,,,,,2174.7110181155617,2100.6351712051737,1827.4687377929688,1704.211463623047,1424.7381442260742,13,-11.346305780660447,31.280492582949783,False,0
VENUSREM.NS,,2031.2182849222206,,66751.36032388663,,,,,,1716.0511757603335,1688.3716939190251,1649.3967993164063,1621.9120526123047,1223.5818124389648,72,-28.766886594393416,106.79310982130588,False,0
VGUARD.NS,,382.1809668907202,,553429.6451612903,,,,,,303.0206473978622,310.19585513130113,322.2543927001953,312.472848815918,317.6785200500488,234,-24.791668390841902,9.159641646078963,True,0
VMART.NS,,886.8128854091074,,586443.3588709678,,,,,,786.1546085474923,789.7775693179483,804.2309997558593,766.0260028076171,688.8168852233887,244,-48.43468856895955,2.607932735195817,False,0
VHLTD.NS,,155.36000061035156,,32163.975708502025,,,,,,129.39529512714734,127.25538048080048,123.78740173339844,129.0408016204834,134.5311010360718,193,-27.27843449696332,12.651994868800731,False,0
VIDHIING.NS,,387.8500061035156,,27396.497975708502,,,,,,347.98505601889696,347.45041786328795,337.66200073242186,315.84349945068357,314.0107502746582,220,-33.32473842104407,3.4238470079125394,True,0
VIJAYA.NS,,1593.5999755859375,,213902.004048583,,,,,,1462.6792142989048,1474.4162321747283,1465.231982421875,1392.5415112304688,1202.6025979614258,11,-12.198796899616237,15.72944948622197,True,0
VIKRAMSOLR.NS,,354.3999938964844,,2661871.379032258,,,,,,153.73729144300643,158.38451518277458,166.51800018310547,181.42800033569335,196.15235023498536,241,-59.65011217190697,2.166948339928476,True,0
VIMTALABS.NS,,755.5113327960355,,289852.2983870968,,,,,,580.5308770206271,593.9576201886796,618.4030029296875,577.7789831542968,531.7401141357421,247,-50.40880955967169,0.0,True,0
VINATIORGA.NS,,1727.281615658806,,55070.19758064516,,,,,,1175.3564353015004,1207.2170160745727,1275.5364770507813,1295.3053344726563,1365.2746313476562,246,-35.314540564830054,1.9360473932573452,False,0
VINDHYATEL.NS,,2952.60009765625,,58987.8185483871,,,,,,2728.6692293348856,2701.9576323411948,2556.829987792969,2271.4721496582033,1759.7791961669923,22,-15.779317587038044,42.12350749448062,False,0
VIPIND.NS,,447.29998779296875,,610378.2914979757,,,,,,287.03490855876083,292.5868207294946,302.06099975585937,304.59850006103517,325.75824996948245,240,-38.78828632570942,0.19953194918207462,True,0
VISHNU.NS,,744.0,,116319.42338709677,,,,,,679.4423903909866,682.4884469601581,656.9943029785156,632.3028125,581.7314140319825,22,-13.9717758342784,20.779124844244024,False,0
STYLEBAAZA.NS,,447.1000061035156,,912231.1451612903,,,,,,377.6043853193007,379.9963270348609,370.4059979248047,343.7279974365234,328.0369987487793,33,-20.811902715340892,49.214006074949815,False,0
STOVEKRAFT.NS,,873.3447454599583,,225889.44939271256,,,,,,811.0443691760942,813.2006579811223,804.3033959960937,750.6999005126953,638.53517578125,24,-9.880950004633194,5.311007175167082,True,0
RAMKY.NS,,656.2472782008135,,165030.06072874495,,,,,,288.81468006370636,304.53135526792653,347.32169067382813,381.1662866210938,435.63564056396484,237,-59.695070930402814,1.217194789105891,False,0
STEELCAS.NS,,390.8999938964844,,137313.1935483871,,,,,,362.12745704518704,353.5790129148637,340.59842895507813,317.8544146728516,276.80827461242677,9,-12.01073993925058,18.535542497836044,True,0
RPSGVENT.NS,,1179.0,,355011.09274193546,,,,,,843.6924816179788,844.201950572144,866.6819982910156,880.8069995117188,827.924001159668,127,-31.955046649703135,51.21830821103717,False,0
RPTECH.NS,,1004.7000122070312,,512355.7983870968,,,,,,916.2920126765781,890.4548139704057,853.7191467285156,762.2727850341797,575.1225675964356,6,-11.456159572273993,9.736198633192128,True,0
RRKABEL.NS,,2983.800048828125,,465847.1612903226,,,,,,2617.826776769022,2582.956769983328,2645.76599609375,2441.089722900391,1962.7509338378907,32,-21.569813228906586,14.690478613377289,False,0
RUBICON.NS,,1899.0,,491429.2603305785,,,,,,1613.268984507194,1656.413327836817,1690.7637548828125,1496.4138958740234,1137.827685546875,28,-19.905213270142173,38.19180533390922,True,0
RUBYMILLS.NS,,523.7999877929688,,46459.072874493926,,,,,,493.599240395504,477.34658041129785,423.9440856933594,376.8155767822266,294.4324661254883,2,-8.266511798790454,36.74083522030989,False,0
RUSTOMJEE.NS,,631.0,,145746.42105263157,,,,,,364.81258904016636,363.9941462922995,371.07099975585936,387.36150024414064,416.8740005493164,246,-47.40095183890898,0.0,True,0
SAATVIKGL.NS,,567.0,,268087.77419354836,,,,,,409.2354175823909,413.7155066794476,419.14599975585935,437.24849884033205,421.69574981689453,246,-42.15167548500882,-3.162953021738002,True,0
SAFARI.NS,,2504.019782423858,,58704.03643724696,,,,,,1372.166949337107,1421.1788122317043,1487.4079907226562,1537.460965576172,1663.7190216064453,214,-48.88219298487423,9.981239714684897,False,0
SAKSOFT.NS,,222.25710155729428,,1818546.1129032257,,,,,,139.94200213835,143.33963051963246,155.01185943603517,155.92473876953125,155.7585319519043,219,-51.75120241744098,13.13048903848193,False,0
SAMBHV.NS,,171.6999969482422,,1817930.020242915,,,,,,157.73439141828692,151.32828832056325,134.1840005493164,122.84340019226075,111.82005020141601,4,-10.745484726947208,38.848139595986275,False,0
SANATHAN.NS,,544.2999877929688,,45748.33064516129,,,,,,510.810455756221,499.6100360165278,477.27800048828124,455.57100006103514,439.6312496948242,10,-10.196582995535564,12.18865924748278,True,0
SANDHAR.NS,,758.3330403781767,,318958.5806451613,,,,,,565.2519964701249,581.2353791060632,615.6794921875,636.5456204223633,572.7865992736816,82,-30.103271310895863,42.49974628296085,True,0
SANDUMA.NS,,272.33215508462166,,2676239.556451613,,,,,,181.6153029811202,184.89107181929882,195.95240570068358,203.65993545532226,207.97661514282225,188,-37.54212581763986,26.838912494470502,False,0
SANGAMIND.NS,,672.5,,67860.92712550607,,,,,,617.5757868345804,607.2485854859951,593.4809985351562,571.980908203125,517.0226904296875,57,-18.141263940520446,28.590063762391793,False,0
SANOFI.NS,,4756.042904691189,,22586.0971659919,,,,,,3044.6288024041182,3078.3483827823734,3184.3919921875,3243.6979858398436,3483.7397912597658,233,-37.61620617271012,0.326726888966844,False,0
SANSERA.NS,,4743.5,,240105.06451612903,,,,,,4294.421103088859,4249.064531901375,3980.4314697265627,3502.1762646484376,2798.9101385498047,11,-13.873723994018128,45.60177245799708,False,0
SANSTAR.NS,,137.49000549316406,,463993.1129032258,,,,,,104.5241288435244,106.72063946217071,109.63300018310547,112.17079986572266,100.43374980926514,74,-29.376685871942264,44.29849827662591,False,0
SAPPHIRE.NS,,310.5,,1414403.439516129,,,,,,215.07484243174483,219.51973704284367,223.71620056152344,202.61530029296875,199.8272501373291,233,-54.940417500125804,5.145648112354939,True,0
SAREGAMA.NS,,574.5,,1349599.6113360324,,,,,,496.1136936646173,497.06142950052146,506.02099975585935,485.1979989624023,413.98899856567385,45,-17.667536988685818,24.026266445565337,True,0
SASKEN.NS,,2760.488858956468,,80860.18218623482,,,,,,1677.2260036141884,1718.5059386361615,1826.7319995117186,1949.5385437011719,1614.1269555664062,77,-42.47395729029304,99.08392629085738,False,0
SATIN.NS,,274.1400146484375,,489820.2348178138,,,,,,224.65387489675746,224.74966049631232,225.9627993774414,233.57659988403321,195.95569999694825,52,-27.01904259369343,20.057846374219857,False,0
RPGLIFE.NS,,3127.800048828125,,25818.245967741936,,,,,,2902.9925403157,2868.245595321186,2756.0899951171873,2592.018798828125,2326.504549560547,9,-10.640067895414651,9.808861827185256,False,0
RPEL.NS,,1943.699951171875,,108007.83467741935,,,,,,1767.447642795456,1736.0063632329686,1600.87,1380.8281555175781,1066.721032409668,23,-22.457169880404127,39.584461213281074,False,0
ROUTE.NS,,759.7072974129758,,528127.5806451613,,,,,,439.3987745053561,456.5762681550491,493.82689208984374,512.574060974121,530.9443966674804,247,-46.54294909164754,0.0,False,0
REPCOHOME.NS,,449.9512792158306,,139190.00403225806,,,,,,339.6444511384507,344.85972218693405,357.41209289550784,374.81593048095704,382.20698776245115,229,-27.625498817555737,12.858072921885299,False,0
RATEGAIN.NS,,1050.0,,468454.4574898785,,,,,,844.5746507981763,853.3823839448481,894.6030041503906,868.323003540039,726.0532514953613,44,-22.471429734002978,20.590868000020567,True,0
RATNAMANI.NS,,3330.2583637320286,,61319.70161290323,,,,,,2631.505321556372,2664.4904473753804,2568.15439453125,2562.909365234375,2448.088013305664,105,-35.5874364768606,31.420683079854726,True,0
RAYMOND.NS,,1339.0,,1085020.7298387096,,,,,,1188.0114140365358,1098.1431166318023,828.76599609375,702.654997253418,555.0957493591309,3,-15.145634714572441,110.47239989197388,True,0
RAYMONDLSL.NS,,1244.832144824717,,181672.76612903227,,,,,,638.2209685785253,653.3771912074501,690.2429992675782,721.9836865234375,803.9673999023438,238,-52.29075446973707,-0.43607059993371333,False,0
RBA.NS,,111.1500015258789,,6120347.983870967,,,,,,93.74774721452641,94.22365934938253,94.1820004272461,82.44630012512206,73.17355009078979,32,-19.478183741489353,33.41270300390076,True,0
REDTAPE.NS,,156.6134844830799,,720556.6612903225,,,,,,115.80101558789843,117.41884830534387,122.41160446166992,127.22499610900879,123.98320426940919,93,-29.495216498503495,22.738324588248027,True,0
REFEX.NS,,380.78286948297676,,1341307.3064516129,,,,,,269.46517917433255,273.96159478669347,285.1979992675781,302.51054229736326,269.30354019165037,229,-50.78534318317385,2.9300984989405032,True,0
RELAXO.NS,,449.6268680011895,,610911.2419354839,,,,,,289.9466188110407,301.58319554505346,347.30570617675784,353.12337982177735,343.68863891601563,57,-37.614938082557394,48.75767149080996,True,0
RELTD.NS,,196.4499969482422,,411450.98387096776,,,,,,147.2152339478482,149.33324232751124,157.34459930419922,154.90141494750978,149.5881576538086,64,-29.498599057504705,40.01564070653505,False,0
RESPONIND.NS,,240.7572086823752,,703178.8906882592,,,,,,159.19278507524848,159.95824816763025,161.32647583007812,173.63959762573242,172.39779541015625,57,-40.612371895302665,16.49845471619511,True,0
ROSSTECH.NS,,1699.0,,235919.97177419355,,,,,,1524.9239173851904,1435.0768563181462,1216.725089111328,1104.3907702636718,922.6310330200196,3,-10.23543404438273,47.57317018661303,False,0
RGL.NS,,173.8000030517578,,1752262.2862903227,,,,,,161.95521767885126,158.24552579841057,141.27360000610352,126.29499984741211,118.9053498840332,11,-11.73187516203683,46.63684207383294,True,0
RHIM.NS,,496.30188362940186,,760946.9395161291,,,,,,375.81057343401454,376.5005014679335,380.08353820800784,383.4375811767578,399.39594604492186,186,-35.33827202583056,3.299647237348524,True,0
RIIL.NS,,950.670901344192,,99514.28629032258,,,,,,687.3855975896122,697.9866864188153,727.8890002441407,756.2860900878907,747.8452621459961,246,-35.35602821680809,1.83226451682319,False,0
RISHABH.NS,,852.0,,170764.8987854251,,,,,,693.8056784772436,711.0333665764381,704.1729992675781,642.0331121826172,528.9728947448731,20,-24.882629107981224,26.995991387111175,False,0
RITES.NS,,252.6160882566492,,1913674.4314516129,,,,,,201.9325942115594,203.9939743280384,211.3094805908203,209.71035125732422,211.17213836669922,218,-32.049693888880796,-1.3089185844988527,True,0
RKFORGE.NS,,772.7999877929688,,757268.7016129033,,,,,,709.4495751032499,710.2626598617192,715.1439990234375,643.2605010986329,590.3523677062989,35,-14.712734731239562,30.397707444908217,False,0
RML.NS,,1440.0,,57185.96370967742,,,,,,1338.4971625850997,1320.3821419466851,1220.5559985351563,1132.7500555419922,953.4752142333984,19,-14.59721883138021,15.147173510573865,True,0
ROLEXRINGS.NS,,199.0,,2907252.7016129033,,,,,,183.73221743656296,181.7834087037688,173.03819946289062,158.20310028076173,144.54525020599365,4,-17.02512808181532,24.195026493671158,True,0
ROSSARI.NS,,689.6347499019316,,107195.45161290323,,,,,,427.80871078975844,438.617462161981,472.4870001220703,496.82248657226563,500.91667373657225,242,-45.67578974953036,1.7319617810661825,False,0
SBCL.NS,,1215.699951171875,,363311.8178137652,,,,,,1089.5191709480696,1087.6920792044257,1026.548310546875,876.6215972900391,673.618623046875,23,-21.271694165707565,50.37057036367079,True,0
SBICARD.NS,,961.6311031378486,,1499743.9435483871,,,,,,577.573047156636,598.8372413137813,634.4980029296875,624.4640020751954,683.7063079833985,238,-43.04988444871904,0.5958223825861975,True,0
SBILIFE.NS,,2129.040438508761,,1058117.7862903227,,,,,,1720.4751326406765,1728.5094989103013,1769.8780004882813,1790.9629968261718,1876.8781719970702,154,-22.364085034862015,4.482202095158927,False,0
SPAL.NS,,1218.4508944923061,,119198.79435483871,,,,,,951.8327148748717,966.7631974913976,987.4744299316407,965.845791015625,843.7918661499024,64,-28.979458638176368,45.201428542019805,True,0
ORIENTHOT.NS,,148.08615521805814,,844103.5564516129,,,,,,141.14411356865963,140.63734132483054,136.9255986022949,128.4014119720459,114.2191408920288,57,-19.560337986237265,46.74700161153251,True,0
SIS.NS,,480.95001220703125,,197355.93548387097,,,,,,414.87738475375585,417.33572290360394,422.86199951171875,422.6864990234375,372.33172424316405,74,-21.301592599384378,29.03697439011892,True,0
SIYSIL.NS,,827.1631369466097,,90531.5,,,,,,542.6568948047507,544.9049151889053,574.9750012207031,594.4968463134766,570.9335580444335,230,-48.385897965547564,11.895733343103366,True,0
SKFINDUS.NS,,3218.699951171875,,45744.46859903382,,,,,,2766.9070295159827,2813.643228792291,2819.202958984375,2673.331228027344,2520.103889160156,14,-18.87407988367538,8.847949978298587,True,0
SKMEGGPROD.NS,,370.1242358872688,,516856.7419354839,,,,,,213.66618713278396,222.56434583305528,241.59310424804687,253.27675079345704,214.7229441833496,62,-46.15321458915218,97.91608758484172,True,0
SKYGOLD.NS,,901.7999877929688,,1150342.2661290322,,,,,,837.9023909602175,819.5936897012914,783.7380004882813,667.4919998168946,515.1739994812011,1,-6.326235148061022,11.954941290598665,False,0
SMARTWORKS.NS,,619.0,,101932.72874493928,,,,,,506.1162075167706,515.0365435738345,514.0310009765625,488.8970001220703,462.55699996948243,229,-41.59935379644588,0.24787241832344709,False,0
SOLARINDS.NS,,22700.0,,160318.55870445343,,,,,,19727.930850226177,19806.013968773943,19793.98,18986.5072265625,16356.673349609375,17,-18.59030837004405,1.226477502425638,False,0
SOLARWORLD.NS,,350.0,,490914.0809716599,,,,,,129.82521321022054,134.27640367080863,149.22020111083984,173.72360031127928,194.08920051574708,233,-64.88000052315847,1.8970152596158085,True,0
SPANDANA.NS,,319.3999938964844,,313386.50403225806,,,,,,219.18860443895755,224.67352320004366,238.4518002319336,253.4318992614746,247.47649978637696,67,-34.843455044711504,11.288300081693725,False,0
SILVERTUC.NS,,1116.9160935696195,,653153.5967741936,,,,,,139.03658157097635,147.08986192646844,171.95054580688478,176.90540641784668,195.10302249908446,191,-91.00630912740624,42.85809103639539,False,0
SPARC.NS,,289.0,,3327734.6733870967,,,,,,196.08233264019222,197.66536608132685,200.49120025634767,213.23020065307617,174.12205032348632,65,-37.0242214532872,60.27308749033813,False,0
SPECTRUM.NS,,3988.0,,18930.995951417004,,,,,,3702.881394660023,3419.499093594345,2752.33201171875,2263.3580078125,1768.8360028076172,2,-6.970912738214641,54.28424735222435,False,0
SPIC.NS,,92.50620002799114,,553720.7570850202,,,,,,63.35662058420594,64.3997187058471,65.82316802978515,66.23595222473145,67.4598345375061,246,-42.17044647703452,0.0,True,0
SPLPETRO.NS,,899.0,,157312.11290322582,,,,,,813.8085320120495,811.4503398228674,762.8780004882813,734.5385656738281,695.2009465026855,11,-14.916571255387934,19.151807552300703,True,0
SPMLINFRA.NS,,246.60000610351562,,614676.0,,,,,,160.99266859550158,165.57282492387984,178.8992007446289,188.67880050659178,186.01050018310548,247,-38.76318298084459,0.0,False,0
SSWL.NS,,434.0,,755534.8542510121,,,,,,401.9776673521916,384.47683893309863,342.4159240722656,289.6911682128906,245.89800903320312,3,-6.4976986652145685,38.23452459542034,False,0
STALLION.NS,,423.79998779296875,,1588134.7459677418,,,,,,224.43642656103168,223.75723808775106,229.88739959716796,211.94379974365233,186.7340537261963,241,-76.5644165748907,18.67650871558815,True,0
STAR.NS,,1260.9000244140625,,394821.8548387097,,,,,,1121.5118816495221,1129.29648266315,1076.4891931152345,1079.0830950927734,1005.9853997802734,13,-15.377906309754207,21.65523782281502,True,0
STARCEMENT.NS,,271.7552325198695,,288738.0850202429,,,,,,178.41246251889203,182.8234328879357,191.63440002441405,200.75089965820314,208.92903129577635,242,-38.31949671661542,-2.7260785840552915,True,0
SIMPLEXINF.NS,,318.0,,148583.06882591094,,,,,,249.89134638886983,251.16686468442424,251.91960052490234,251.80900024414063,233.52110008239745,220,-56.91823899371069,9.09251045143904,False,0
SIGNPOST.NS,,336.17116076159675,,222059.8137651822,,,,,,263.5356642625788,264.325077797462,266.55049072265626,275.99178634643556,255.78880599975585,61,-28.696554009035392,14.202126500394696,True,0
SCHNEIDER.NS,,1548.0,,362622.21774193546,,,,,,1231.3037453589818,1227.8694237982274,1251.4180029296874,1281.9460034179688,1082.5985021972656,65,-26.68604493449208,13.645679082725358,False,0
SHANTIGEAR.NS,,743.0,,118746.2620967742,,,,,,601.7559256294052,610.2187585798802,543.1840002441406,490.43669342041017,470.7813804626465,19,-25.067294751009417,67.96712721901623,True,0
SCI.NS,,367.499792159746,,6541816.838709678,,,,,,280.26952681649493,280.39598265462104,286.2738653564453,292.2137759399414,270.21405647277834,105,-29.437287731132457,46.42167265888774,False,0
SCILAL.NS,,54.244129857072295,,548162.987854251,,,,,,37.33891014505519,37.692140750974545,38.96839668273926,41.27100784301758,42.82914442062378,107,-33.35684133724618,18.045794825055683,False,0
SESHAPAPER.NS,,290.5599780055542,,50522.532258064515,,,,,,236.7429885879352,238.65649291874237,236.3195999145508,231.39818374633788,240.55637107849122,157,-27.739529664386996,15.395735455857796,False,0
SFL.NS,,832.4500122070312,,252680.39112903227,,,,,,625.8645069938159,638.0945109171838,670.9319982910156,687.1860229492188,617.1235688781738,46,-27.80347273866931,14.558540538148979,True,0
SGFIN.NS,,727.4500122070312,,359478.18951612903,,,,,,640.6199287138197,640.6821499837586,661.8290014648437,637.0895007324219,534.9250003051758,45,-21.13547287373513,14.534351569332982,False,0
SGMART.NS,,860.5999755859375,,364354.7044534413,,,,,,742.8540383824123,746.4583943304563,756.7460009765625,686.3055023193359,565.505251159668,30,-21.206135856063124,38.4109776828264,False,0
SHADOWFAX.NS,,296.3500061035156,,4998741.664739884,,,,,,282.29918165567614,274.5817895156945,257.7731991577148,235.2543002319336,,2,-4.083011929916768,18.304118141026503,False,0
SHAILY.NS,,3611.994309186523,,299333.2943548387,,,,,,3082.0639009446318,3125.757877623919,3219.5106396484375,3041.866281738281,2603.23607421875,41,-17.696435975347768,17.29249190407396,True,0
SHALBY.NS,,257.70001220703125,,119205.97177419355,,,,,,136.70790769234935,140.22043737823145,149.82579986572264,159.65960006713868,162.27865005493163,245,-51.17578822862343,1.271612272856859,True,0
SHAREINDIA.NS,,233.35000610351562,,2231094.5725806453,,,,,,203.86484385214317,201.76879597742152,186.19156341552736,168.39859924316406,155.71166065216065,14,-21.324194756417157,18.598256565640536,True,0
SIGNATURE.NS,,1153.9000244140625,,419624.5182186235,,,,,,736.07692880834,750.7589190882616,781.5200012207031,789.7654998779296,853.6160006713867,196,-39.76947869873621,3.0267436322820584,False,0
SHK.NS,,229.95778802186322,,480698.3830645161,,,,,,139.59516000880458,141.33219157384815,151.93799896240233,141.97519996643067,146.07929431915284,238,-51.30410484454342,0.12294604464482273,False,0
SHOPERSTOP.NS,,541.0,,146008.47177419355,,,,,,398.26904064470904,398.4575478462052,401.23499877929686,381.19299865722655,361.5209991455078,236,-48.99260402827519,0.6712020474761049,True,0
SHREECEM.NS,,30121.125232344428,,30307.032258064515,,,,,,22038.675955384475,22398.623788750792,23856.7,24657.79123046875,25113.19033203125,242,-29.10291419967026,1.7805697801984044,False,0
SHREEJISPG.NS,,809.75,,1105800.1532258065,,,,,,772.9008970607316,744.5404758970138,684.8699951171875,597.0489971923828,483.94641876220703,1,-2.5625192960790355,27.153632393807058,False,0
SHREEPUSHK.NS,,542.9660166810689,,117384.59677419355,,,,,,498.76692192023353,492.62095798301334,454.7440661621094,419.3147952270508,381.03353088378907,21,-13.793103860086209,25.814012305934963,True,0
SHRINGARMS.NS,,266.5,,1120594.072874494,,,,,,218.7386774218039,217.75747182668627,220.9163998413086,218.7984996032715,217.09249954223634,156,-37.71106941838649,11.426314616815603,False,0
SHRIPISTON.NS,,4843.0,,100184.625,,,,,,4458.913556927998,4485.7421819439105,4489.932001953125,4155.4632177734375,3650.7834997558593,8,-12.035926127271324,5.690289367063017,False,0
SHYAMMETL.NS,,1148.0,,408846.4516129032,,,,,,1063.5217049722578,1065.1350705796842,1045.2323510742187,1009.8332244873047,920.1476638793945,10,-11.585365853658535,6.504156789707394,False,0
SIGMAADV.NS,,1165.0,,287052.67741935485,,,,,,1029.979620385996,959.567937374542,796.3450024414062,644.0179992675781,419.8932501983643,3,-10.978542868159868,59.69755402235997,False,0
ORIENTTECH.NS,,464.0,,1437031.8508064516,,,,,,232.8385429205539,234.8124126662016,244.00619995117188,253.05810104370119,280.1041827392578,188,-52.41379244574185,11.826143197635153,False,0
360ONE.NS,,1229.0652744329707,,1012338.6923076923,,,,,,1056.1297099196502,1072.3333235638506,1128.362001953125,1116.0620043945312,1102.7292660522462,179,-26.706839290450546,7.013944273369632,True,0
ORIENTELEC.NS,,215.64378647408492,,620306.2258064516,,,,,,161.28931528106017,164.7099831492673,174.93539947509765,176.50420120239258,175.32396018981933,232,-31.181035018015855,3.4165134200029534,True,0
DIAMONDYD.NS,,1244.434253384608,,55548.113360323885,,,,,,1073.9740958264906,1089.025816757953,1136.1605493164063,1130.0258288574219,1089.430280456543,41,-16.612713901956468,8.198920171527657,True,0
COMSYN.NS,,314.8814145022618,,349820.9516129032,,,,,,268.7054353403458,276.025954261639,273.8336114501953,222.17699081420898,189.51498428344726,13,-18.890102072172365,70.34505508486075,True,0
COROMANDEL.NS,,2486.7668094210435,,308751.7580645161,,,,,,1796.4385013102353,1852.5982815879015,1961.5460034179687,1953.3033630371094,2049.003338012695,198,-33.15818978785309,8.987983928989696,False,0
CORONA.NS,,2292.39990234375,,141738.93103448275,,,,,,2059.226865197153,2087.82873265769,2111.0539990234374,1993.1759094238282,1767.0833837890625,17,-13.601463097212152,8.396458081605452,True,0
COSMOFIRST.NS,,996.0,,100272.82995951417,,,,,,835.980671834369,854.0891910550066,895.725,843.236630859375,754.1774984741211,26,-19.774097611147713,11.876745842191983,True,0
CRAFTSMAN.NS,,11999.0,,74333.57894736843,,,,,,10393.007519691193,10592.775806577962,10707.01,9914.075166015626,8729.79625,20,-16.826402200183345,28.058139219567746,False,0
CRAMC.NS,,348.31533559533113,,1130944.7818930042,,,,,,225.2576823885162,230.23465980293003,246.3263998413086,247.79850341796876,253.96081314086913,236,-39.086548415299625,16.69162330772331,False,0
CREDITACC.NS,,1634.0,,539915.6008064516,,,,,,1274.0230080036972,1314.1342983782051,1427.1659985351562,1420.2950024414063,1346.9415014648437,48,-26.003673464752907,25.043176932947574,False,0
CRISIL.NS,,5005.771680286142,,57444.334677419356,,,,,,4499.5148893925425,4537.1476827196275,4562.743994140625,4320.312915039062,4311.5155346679685,235,-26.686528212982253,8.165479430443856,True,0
CRIZAC.NS,,322.394908081455,,350665.58467741933,,,,,,169.1575327143421,171.84586573445117,176.57080017089845,190.44940017700196,210.19432357788085,236,-50.67539831234444,14.285723887129919,True,0
CUMMINSIND.NS,,6049.821052103703,,567245.6774193548,,,,,,4864.093522520786,4933.853038885219,5146.357998046875,5354.210654296875,4972.010455322265,92,-21.981163420383886,26.97830457990802,False,0
DABUR.NS,,527.1610207391882,,2066994.4032258065,,,,,,381.8226176331547,383.58176295209165,393.65199951171877,411.14576843261716,442.78868225097654,188,-30.182624793296185,0.4916594675262731,False,0
DALBHARAT.NS,,2308.784934113526,,270408.0080645161,,,,,,1664.9703784270391,1696.2780753761201,1775.0439916992189,1760.5738134765625,1878.443125,241,-31.344840649068615,0.46540552556542103,True,0
DALMIASUG.NS,,520.0,,476037.92712550604,,,,,,425.30297150712926,422.9500404790914,428.1170001220703,386.2021713256836,352.2982719421387,32,-27.38461421086238,48.04048508272694,False,0
DATAMATICS.NS,,1003.5294156461148,,166655.24193548388,,,,,,773.9017967669422,778.2081536230585,798.4442919921875,802.0343701171874,768.5687637329102,232,-37.42574516652382,6.7897375273790805,True,0
DBL.NS,,530.3319401112885,,374926.4736842105,,,,,,404.3412988999996,406.3218816408342,414.09824340820313,421.273186340332,434.8969625854492,245,-28.232866061418203,1.5000459508316633,True,0
DBREALTY.NS,,161.1999969482422,,1701204.0282258065,,,,,,92.0960188018407,95.34403141869757,103.31540008544921,109.05630020141602,109.96694988250732,244,-48.20099157519834,-0.2721958267262181,False,0
DCAL.NS,,303.0,,384651.8467741936,,,,,,155.98467413327688,161.47228864995998,174.04860137939454,180.77680130004882,188.81115058898925,245,-57.590759075907584,3.1569707961309534,True,0
DCBBANK.NS,,234.8000030517578,,2408738.3629032257,,,,,,203.75617485158372,207.82096060153106,205.29319976806642,194.21093231201172,187.5108293914795,21,-18.253833072099145,22.505068347777257,False,0
DCXINDIA.NS,,246.0,,1819984.060483871,,,,,,158.93822472686273,162.0181659850652,170.33640045166015,182.27269973754883,182.24454986572266,246,-38.21138211382114,0.008254630999116053,False,0
DDEVPLSTIK.NS,,329.5778653396278,,133928.31578947368,,,,,,250.43002252047697,254.78253950949383,268.16606201171874,265.63477508544923,264.42528442382815,246,-44.09729939709444,0.0,False,0
DEEDEV.NS,,758.7487929742209,,1439063.5951417005,,,,,,644.7732086278024,650.7071314920958,648.5230603027344,648.5108245849609,466.82795234680174,78,-24.013162684211807,75.04290672510365,False,0
DEEPAKFERT.NS,,1669.6119086916185,,398003.12096774194,,,,,,1361.189549874563,1363.1013455815203,1420.9843530273438,1465.3951220703125,1287.5919830322266,46,-23.988325132368026,10.161200452427742,False,0
DEEPAKNTR.NS,,1889.2710718186147,,212504.3064516129,,,,,,1557.9979208252214,1584.465712795791,1670.5560131835937,1664.9467236328126,1627.074645385742,104,-22.028130448854565,24.03866419002454,False,0
DEEPINDS.NS,,825.0,,393182.5766129032,,,,,,766.0108170813533,754.8667639356581,707.2976318359375,592.972682800293,502.6194592285156,20,-16.606060606060602,73.45421727657877,True,0
DELHIVERY.NS,,524.0,,3061113.181451613,,,,,,408.424443185334,419.5676523496552,445.77700073242187,458.10600036621094,444.0500007629395,63,-25.0,11.84436245487801,False,0
COHANCE.NS,,917.8499755859375,,1791973.064516129,,,,,,450.56782132833206,450.26392662016247,447.6860003662109,441.10599914550784,415.0707504272461,239,-70.94296243383619,1.90584092943491,True,0
CNL.NS,,1327.4007679287436,,83826.0931174089,,,,,,1082.828609521682,1101.5715801227075,1140.753056640625,950.3350115966797,803.3853442382813,27,-21.00351296148809,63.08946799795721,True,0
CLSEL.NS,,321.4957959945291,,209124.82995951417,,,,,,289.3158557723518,290.21164221829184,289.5378662109375,284.5671553039551,271.0499794769287,31,-15.609597855147639,11.49745463290428,True,0
CCL.NS,,1238.748718225596,,346493.9879032258,,,,,,1048.4075892907529,1057.6492543001243,1093.8779040527343,1119.409027709961,1072.5357635498046,62,-19.967624601528534,10.604408756031614,False,0
BOSCHLTD.NS,,50000.0,,32717.71370967742,,,,,,45465.22551300253,46275.807243389405,46418.02609375,42790.505625,39000.45041015625,27,-14.000000000000002,19.47543934992666,False,0
BRIGADE.NS,,799.2478861619728,,692214.9233870967,,,,,,573.9352799538443,592.4085850524668,612.171904296875,565.9195513916015,567.796515045166,232,-43.79763359693989,12.903925998914257,True,0
BRIGHOTEL.NS,,87.79000091552734,,168505.92307692306,,,,,,56.512575862989635,56.82230093651013,58.385399932861326,60.47860004425049,61.88345016479492,235,-38.07950786712322,2.3453912798123033,True,0
BRITANNIA.NS,,6168.271363350723,,343429.02419354836,,,,,,4836.080066860981,4918.760677846384,5196.59029296875,5196.779008789063,5467.715148925781,186,-23.250780992154716,3.9408481930573336,False,0
CAMLINFINE.NS,,206.8000030517578,,1160513.4089068826,,,,,,93.64738077292422,96.5009758551167,106.42539978027344,117.461499710083,126.92359996795655,246,-57.32108276896844,0.0,True,0
CANFINHOME.NS,,962.6932158005569,,237732.91129032258,,,,,,733.83772954169,749.881436096441,788.9230029296875,822.3340637207032,848.1635772705079,194,-27.287323883559978,8.06258402211386,False,0
CANHLIFE.NS,,166.24617118007782,,1912305.305785124,,,,,,146.76975553820856,148.7121027252348,150.80630615234375,146.12454788208007,145.1638339996338,56,-18.638731017556886,11.190219482452424,False,0
CANTABIL.NS,,319.66775310854337,,225009.54251012145,,,,,,231.40872636563955,233.97609279207222,237.3260467529297,235.62479888916016,248.1365997314453,165,-34.974465114244765,8.966197763770346,False,0
CAPITALSFB.NS,,318.27334486330085,,42383.99190283401,,,,,,275.5419102904487,277.80846861049343,283.73900024414064,283.6378063964844,269.1630472564697,106,-18.473896855927087,15.640917043122492,False,0
CARERATING.NS,,1822.6696635954045,,53543.86234817814,,,,,,1601.695547757852,1625.276520526752,1674.1939916992187,1665.144852294922,1626.351007080078,101,-16.0462270407575,13.898906860625292,False,0
CARYSIL.NS,,1277.592736162673,,122320.0120967742,,,,,,1039.5251955619517,1066.8125197683712,1130.0943664550782,1132.8553283691406,998.5228768920898,60,-22.400934479966406,32.72756412762199,False,0
CEIGALL.NS,,405.164930099543,,433709.17741935485,,,,,,377.72013653172905,374.34862985119685,352.07000915527345,354.9756829833984,321.82676651000975,71,-25.486819158991516,15.72652446692695,False,0
CLEANMAX.NS,,1536.0,,468852.86666666664,,,,,,1356.478797465043,1349.074060626408,1316.1600024414063,1297.152999267578,,74,-23.763020833333336,29.71810210603949,True,0
CEINSYS.NS,,1243.5070930396275,,84528.26751592357,,,,,,681.0674312754371,689.2682280435527,733.8578076171875,824.0184912109376,,119,-48.938770372836395,16.422640551164513,False,0
CELLO.NS,,670.829945323981,,562924.8056680162,,,,,,352.8695538036497,345.8000341505265,349.5175769042969,360.8185287475586,409.1634780883789,232,-53.19231018401362,9.472809318622065,False,0
CENTENKA.NS,,659.4200186323656,,113023.1129032258,,,,,,559.10486877594,562.2998431808962,574.1007800292969,541.507568359375,482.4200871276855,50,-19.542935791769366,20.97971246846655,True,0
CENTUM.NS,,4999.5,,69643.8016194332,,,,,,4490.78133617646,4420.137071277784,3977.1022021484373,3739.7481274414063,3162.8103100585936,11,-19.557956772239727,39.851014854651254,False,0
CENTURYPLY.NS,,857.8455599050699,,91477.95546558705,,,,,,680.9640848721994,695.9605221400127,735.8773742675781,750.8329187011718,754.9282458496094,168,-27.997670208857517,4.581008620831439,True,0
CERA.NS,,6663.070811519553,,17567.012145748988,,,,,,5154.81922669158,5317.827335018032,5690.82,5853.4968359375,5450.123061523437,76,-26.077627878658095,21.786902655890117,True,0
CHALET.NS,,986.7771784047611,,159051.8185483871,,,,,,844.0473353950389,853.9451510089964,858.6739880371093,831.5021392822266,821.1090634155273,241,-30.01861280253565,3.7029092866587066,False,0
CHEMPLASTS.NS,,412.6499938964844,,509962.53225806454,,,,,,202.40633868777647,194.3439686218298,184.91419982910156,196.82349960327147,226.73849937438965,235,-60.98388407091853,7.941018836264702,False,0
CHOICEIN.NS,,860.5,,639601.5241935484,,,,,,730.6077236831946,742.5737369266524,777.1610046386719,755.1870007324219,743.2049993896485,188,-33.91051572259951,5.029295430016378,False,0
CHOLAFIN.NS,,1952.5,,1671235.9637096773,,,,,,1619.469441169943,1679.116096799827,1801.9199975585936,1735.0755017089843,1679.2062335205078,44,-20.96799100712228,31.79152192800563,False,0
CLEAN.NS,,1089.3569153777173,,367489.26612903224,,,,,,807.3833676720603,812.4447964375419,811.5089440917968,787.6142498779296,787.8576498413086,245,-40.42885503547714,2.6792636652104074,True,0
DHAMPURSUG.NS,,199.9199981689453,,551286.9395161291,,,,,,177.60018550043625,173.1319774950243,166.34219909667968,154.21029174804687,140.38973621368407,32,-25.665265120317528,31.359432443579173,False,0
DIFFNKG.NS,,519.9000244140625,,182349.41295546558,,,,,,444.4166937676477,442.0975009019567,426.38459838867186,397.36142395019533,340.3728658294678,23,-20.15772521431568,18.16564275324819,True,0
GCSL.NS,,701.25,,319505.6234817814,,,,,,673.8433884939193,647.3614698222192,575.6199981689454,512.2461157226562,427.9905615234375,2,-2.823527671011583,33.314012709847816,True,0
DIVGIITTS.NS,,1326.0175300078042,,107207.92307692308,,,,,,1119.8141321715239,1138.6293191522027,1144.9825695800782,1002.7813549804688,835.074819946289,26,-23.03269357382245,31.679737729211553,True,0
EUREKAFORB.NS,,668.2999877929688,,215197.01209677418,,,,,,357.05239868369466,371.71495547263197,410.695,433.6975,476.22300064086915,213,-49.423910493215764,18.933228800387457,False,0
EVEREADY.NS,,391.23043353188547,,142312.17813765182,,,,,,321.6054401476751,326.315448922541,339.15368225097654,340.8290264892578,328.63420654296874,242,-34.098984297911436,3.5259050953950766,False,0
EXCELINDUS.NS,,1151.3884695931245,,14501.028340080971,,,,,,930.6561717868075,946.2753021715705,989.4143969726563,951.8991101074218,933.7282528686524,245,-31.502571955352398,2.024516037946844,True,0
EXICOM.NS,,189.1699981689453,,2146335.25,,,,,,154.59562105900974,158.33894968168707,161.01979949951172,159.16879920959474,131.2541994857788,21,-22.625153811934638,11.400709319408953,True,0
EXIDEIND.NS,,496.3999938964844,,2801076.330645161,,,,,,408.3913403015028,415.789332212723,439.0560015869141,418.0689392089844,375.8654957580566,41,-20.860191189801323,23.00019616769402,True,0
EXPLEOSOL.NS,,1032.5221988494377,,71354.94736842105,,,,,,864.786429646151,867.9698269824944,862.606376953125,798.3107550048828,771.8002557373047,222,-45.53655044607734,8.078478448762638,True,0
FIEMIND.NS,,2674.800048828125,,69665.3991935484,,,,,,1830.735754160551,1897.968306250872,2117.1380029296874,2176.3578491210938,2171.222170410156,40,-34.85494361481641,14.323620606046926,True,0
FILATEX.NS,,114.58000183105469,,2452134.129032258,,,,,,106.95763167124528,100.95868503238339,87.1255728149414,71.27783802032471,58.00598875045776,2,-7.4794899265759,32.12365991923891,True,0
FINEORG.NS,,5666.0,,18538.53629032258,,,,,,5306.899110661102,5239.665372528244,5144.42974609375,5014.066821289062,4708.15107788086,2,-5.497705612424985,11.887907604341263,False,0
FINOPB.NS,,339.0,,1430621.3951612904,,,,,,132.5004125749761,133.93061198996602,143.5395999145508,143.42270057678223,165.5860502243042,239,-67.54277322144635,11.316358335366484,False,0
FIVESTAR.NS,,663.5913003653413,,1503596.2741935484,,,,,,514.0594808728466,520.1321254980835,531.785874633789,512.6617279052734,485.05241119384766,232,-49.22672388434163,24.487457768099553,False,0
FLAIR.NS,,344.31560429688966,,135200.46963562752,,,,,,229.86365713308237,233.8685761240238,243.58977630615234,259.5341033935547,284.91049667358396,106,-37.02870139534441,7.0907262670638405,True,0
FLUOROCHEM.NS,,4955.618691060383,,113874.59677419355,,,,,,4478.785673277392,4507.751778542682,4575.227041015625,4239.907770996094,3814.2409802246093,39,-14.735168991793103,28.263244582621127,False,0
FMGOETZE.NS,,542.9031499790809,,385851.36437246966,,,,,,447.1510965863714,450.9921132933909,442.16831359863284,412.9395852661133,389.9047601318359,27,-20.57515005693995,35.807421025539334,True,0
FRACTAL.NS,,1118.0,,623742.44375,,,,,,732.9257970715436,750.3802411459744,790.7890026855468,853.9570013427734,,104,-37.567084078711986,22.622146134173548,False,0
FSL.NS,,363.80970663815475,,2843975.9919354836,,,,,,260.15057957881305,261.91423408878836,272.7554006958008,263.0812010192871,262.4678879547119,220,-44.476467693340226,11.814866808645274,False,0
FUSION.NS,,243.0,,563562.8056680162,,,,,,171.5401422393179,178.0333098276839,192.91660064697265,194.3136003112793,184.3644002532959,62,-33.806581850405095,16.273597910290285,False,0
GABRIEL.NS,,1596.6964052725275,,467651.90725806454,,,,,,1341.3696841417434,1349.912150122427,1395.9988208007812,1295.9262774658202,1130.474800720215,45,-20.573507463028584,50.59280127040362,True,0
GAEL.NS,,184.66065065257942,,1054500.8185483871,,,,,,160.7012748758381,161.95130434851077,167.82528137207032,162.2250648498535,151.29226207733154,33,-17.340267755892746,12.124852084950266,False,0
GALAPREC.NS,,1260.0,,39963.82995951417,,,,,,1135.3044419894115,1111.7163998382239,1067.3279919433594,1055.8019958496093,909.2182479858399,67,-23.722224159846228,51.970443349753694,False,0
GALLANTT.NS,,944.5255741327327,,950788.1659919028,,,,,,526.7889484804086,537.3447932722128,565.316654663086,612.729157409668,615.9734269714355,121,-47.01572663434269,60.71770411654218,False,0
GANDHITUBE.NS,,1046.5999755859375,,12171.2995951417,,,,,,964.1325762777772,949.0845716318303,912.4905383300782,879.9119122314453,837.7106384277344,12,-13.419640210983596,16.480868608814212,True,0
GANECOS.NS,,1263.6510864598436,,331478.57258064515,,,,,,991.0043160320145,1002.9938335130921,1042.9911779785157,1027.0940618896484,943.1547799682617,56,-26.205895757789698,29.546871972709088,True,0
GANESHHOU.NS,,898.0206467513179,,81879.00809716599,,,,,,711.93484642637,728.0943727219252,764.2866552734375,768.101060180664,728.1265815734863,213,-44.42591940520663,3.5625606398739462,False,0
GARFIBRES.NS,,862.339096096681,,99194.97570850202,,,,,,773.3888037686988,780.1018973286782,784.982763671875,746.1398028564453,695.6707684326171,44,-14.402366316430726,21.590074541387505,True,0
ETHOSLTD.NS,,3245.89990234375,,46634.95161290323,,,,,,2595.1028099637265,2623.084778486629,2729.952001953125,2595.105002441406,2551.340997314453,214,-40.866937300557815,18.179463897976355,False,0
ETERNAL.NS,,368.45001220703125,,37576163.89919355,,,,,,325.03891528364807,325.4657788462718,322.42099914550784,294.0743002319336,277.4743502807617,242,-42.29881963362342,0.6801754279350591,False,0
ESCORTS.NS,,3923.3920175282797,,117610.87096774194,,,,,,2781.713522612963,2819.6976012432892,2959.17,2914.7107080078126,3131.8394165039062,187,-35.002668959325604,11.272044719039954,False,0
EIDPARRY.NS,,1118.0,,316055.10080645164,,,,,,693.9226094017205,708.3515507621381,755.4209997558594,751.7675018310547,819.0380004882812,235,-39.8658329344393,3.190974069974417,True,0
DLF.NS,,776.7480127911251,,3753216.625,,,,,,658.6653164594716,660.5529675988719,663.3059985351563,638.857036743164,622.1646873474122,234,-37.774956933709134,6.817564497314299,False,0
DMART.NS,,4644.0,,512989.4233870968,,,,,,3681.8717361684653,3727.5648446925106,3838.9019873046873,3977.636003417969,3992.3425024414064,120,-24.181739879414298,18.400185659792044,False,0
DODLA.NS,,1364.067741274408,,38819.02024291498,,,,,,1019.9506894487854,1036.376782369984,1064.5780017089844,1075.7031060791016,1101.947805480957,238,-29.627740824709026,0.6580957734211079,True,0
DOLATALGO.NS,,95.63547251598347,,374329.7862903226,,,,,,63.47580805072155,65.54105231709866,69.09639999389648,71.15090019226074,75.16862022399903,188,-38.046000671876634,20.4743066931792,False,0
DOLPHIN.NS,,749.5,,125217.32258064517,,,,,,645.2263865572071,645.6401241824555,587.4249975585938,488.082998046875,454.58324905395506,11,-19.946631087391598,93.07538033167945,True,0
DOMS.NS,,2750.437480198048,,115784.65322580645,,,,,,2079.577408662421,2103.589667392359,2175.045263671875,2212.2629125976564,2291.437265625,166,-26.5571381082784,-2.4637333982421628,True,0
DPABHUSHAN.NS,,2344.5,,57845.903225806454,,,,,,1932.6436945029352,1738.8214073842098,1508.6569946289062,1274.881997680664,1235.2512509155274,2,-8.969931705187673,53.47621761054844,False,0
DSSL.NS,,1923.9611771253476,,125242.06477732793,,,,,,1008.6666237854834,1020.3973460723067,1092.0817517089845,1235.8161260986328,1115.5815692138672,95,-51.087891014567056,117.39030788090128,False,0
E2E.NS,,753.3499755859375,,1399483.9879032257,,,,,,671.275986044682,648.6071346946165,616.6950036621093,511.5981021118164,377.83860107421873,1,-7.347179581825514,13.826904147958397,False,0
ECLERX.NS,,2496.1160957516863,,296237.60080645164,,,,,,1869.3162815504745,1878.7226106047501,1886.0325244140624,1716.1416516113281,1776.7252795410157,168,-47.14714646071957,2.375717872141192,True,0
EFCIL.NS,,335.8500061035156,,442586.9314516129,,,,,,173.01424601974878,177.35668138133263,185.9854006958008,187.47300094604492,211.96055389404296,247,-50.59103783661678,0.0,False,0
EIHOTEL.NS,,403.1704605141466,,575011.2822580645,,,,,,297.29093274277875,297.82950029480725,301.77666442871094,309.3368115234375,318.39891708374023,230,-33.049384459332686,2.215394235246837,True,0
ERIS.NS,,1730.7126256991257,,110466.34817813765,,,,,,1200.0734709893443,1238.1238656747316,1310.7119970703125,1360.2485656738281,1377.3030548095703,205,-34.07339941608791,6.5977497580480104,False,0
EIMCOELECO.NS,,2448.39990234375,,56509.63562753036,,,,,,2271.5681909908476,2258.0173202707992,2138.1540014648435,1916.74841796875,1757.2593176269531,2,-10.227083496615597,24.82919446072154,False,0
ELGIEQUIP.NS,,653.4000244140625,,572488.2620967742,,,,,,596.5400553877304,602.1604859959933,605.7669970703125,595.7511596679688,544.012592010498,22,-12.029389911881083,12.595286696390161,True,0
ELLEN.NS,,473.54998779296875,,501651.9919354839,,,,,,354.27279182206286,352.39568857163255,330.3009997558594,302.05450088500976,281.308150100708,233,-63.045084043691666,7.105840501490657,False,0
EMSLIMITED.NS,,556.8987553631933,,572879.1451612903,,,,,,337.3004751232854,349.3210711675288,373.73643371582034,370.981916809082,357.0243933105469,246,-54.211374812384484,0.92702275029799,True,0
EMUDHRA.NS,,686.4765699745266,,349068.1733870968,,,,,,602.6935365567614,596.754562944463,556.1559991455078,506.9019091796875,499.36685455322265,239,-47.040020447559904,-0.8465175219654952,True,0
ENDURANCE.NS,,3072.0,,110964.35887096774,,,,,,2569.1908457877266,2636.6678739248605,2793.875712890625,2719.239951171875,2586.21517578125,33,-21.061197916666664,12.69912658583776,False,0
ENRIN.NS,,3968.0,,618407.7016129033,,,,,,3255.074504950514,3243.9162420105704,3292.48,3406.367998046875,3084.8653149414063,92,-25.20161290322581,47.26174189802026,False,0
ENTERO.NS,,1920.0,,157261.12903225806,,,,,,1729.961655800388,1734.3608305129512,1609.4600048828124,1399.0220068359374,1268.313504333496,22,-16.10416412353516,52.87485503045073,True,0
EPACK.NS,,358.0,,1560199.052419355,,,,,,173.3854501945633,178.60887562050522,196.9868005371094,215.28120056152343,234.29505027770995,246,-54.441339077230275,2.7745460355255824,False,0
EPACKPEB.NS,,344.0,,2597531.35483871,,,,,,249.73822519637147,244.68417532406977,239.82979949951172,236.3502995300293,219.56564926147462,228,-61.57848890437636,71.07460481367443,False,0
EPL.NS,,274.0299987792969,,1631273.3805668016,,,,,,235.79332613102278,237.71781803507807,241.08480041503907,234.00620025634765,223.36324981689452,33,-17.27547952734114,15.8755710396413,True,0
BODALCHEM.NS,,207.6999969482422,,715168.5927419355,,,,,,185.69954801010687,178.07512795490362,130.39880096435547,98.70910034179687,76.75865026473998,8,-16.706787413621992,185.7769349141202,True,0
BLUESTONE.NS,,969.9000244140625,,1624902.9879032257,,,,,,812.0563920513129,819.2215236671224,827.8650048828125,694.5735040283203,586.0162518310547,11,-23.66739282915279,12.974579068999681,True,0
BLUESTARCO.NS,,2022.9788267608074,,502200.51612903224,,,,,,1526.8437736263838,1524.7474499311847,1531.7140014648437,1581.5341723632812,1688.1690057373046,237,-29.19846565465427,6.008556035889634,False,0
BLUEJET.NS,,691.4547089915617,,667260.1935483871,,,,,,543.6284781205338,554.9626230242457,576.948798828125,548.3706588745117,489.16497268676756,246,-53.095683314913664,3.7184320514803915,True,0
AKUMS.NS,,838.7999877929688,,272235.8178137652,,,,,,806.0907847888162,796.7728066138368,758.4429968261719,682.6671966552734,580.0197172546386,11,-7.820693435933713,24.337379360743515,False,0
ALEMBICLTD.NS,,117.72000122070312,,524518.7580645161,,,,,,104.08600467460313,103.72801819121258,97.88087905883789,92.3218423461914,90.77556827545166,24,-17.261297557012423,26.694622928524492,True,0
ALGOQUANT.NS,,76.19999694824219,,1255421.652406417,,,,,,68.8274836604245,68.38842416920882,67.03859939575196,62.96529975891113,,14,-14.973748674117305,10.470801996097844,False,0
ALICON.NS,,1014.642243796537,,39419.4048582996,,,,,,826.4830660982489,786.0457733274242,730.4708874511718,688.7671765136719,707.4262118530273,235,-43.248528066614845,14.257514929573233,False,0
ALIVUS.NS,,1488.4866814641196,,110927.48178137651,,,,,,1367.4443585151785,1369.8920349197335,1353.9364770507811,1221.7854193115234,1088.421096496582,27,-11.507441243865335,22.18165780250212,False,0
ALKEM.NS,,5875.534417311879,,135238.7165991903,,,,,,5264.278962345385,5272.63387033406,5366.34615234375,5415.4280859375,5461.698068847656,181,-14.033351840854547,2.4550063836559,False,0
ALKYLAMINE.NS,,2115.0,,143770.69758064515,,,,,,1841.6465311229765,1857.382195209665,1908.3420092773438,1851.0352392578125,1673.0970690917968,32,-19.309693825723993,24.235377581012308,False,0
ALLTIME.NS,,314.70001220703125,,137741.30241935485,,,,,,188.9481524276907,195.706589196423,207.3235986328125,221.54109939575196,229.2229995727539,230,-44.61391919581772,17.172675521821624,False,0
AMAGI.NS,,727.4000244140625,,762362.9209039548,,,,,,562.425940992321,567.2396015898122,592.57,545.8779998779297,,39,-26.972780536414596,29.964914728226823,True,0
AMRUTANJAN.NS,,753.4212146329061,,40884.89112903226,,,,,,511.4179175050294,508.290443622901,506.7585180664062,524.0141925048828,554.429919128418,234,-36.755165537491806,4.902027404936327,True,0
ANDHRAPAP.NS,,80.8426384470123,,433813.48387096776,,,,,,70.55179074726172,70.18033910952782,65.68332908630371,63.724741744995114,64.29301404953003,247,-28.834359388485776,0.0,True,0
ANDHRSUGAR.NS,,105.85510736650535,,477225.9516129032,,,,,,92.917893837812,93.72055309381639,94.18512924194336,88.59856582641602,82.67834804534913,108,-29.497343842813894,42.20245214046354,True,0
ANTELOPUS.NS,,1290.9000244140625,,652302.6129032258,,,,,,1121.1542540442344,1096.3114219060562,957.272998046875,886.5644970703125,718.6069975280761,9,-17.112093906290593,58.18705990368138,True,0
ANTHEM.NS,,977.5499877929688,,509838.5362903226,,,,,,877.3855392009973,885.7817505408494,885.69,827.3005450439454,752.2487265014648,20,-15.03248059352983,25.5927047866505,True,0
ANUP.NS,,2463.909094057672,,39488.10080645161,,,,,,1578.067054213919,1629.758224921202,1783.3923120117188,1928.8520141601562,1912.7235626220704,223,-42.64687779275709,2.3179069606583225,True,0
APCOTEXIND.NS,,712.0,,119768.06072874494,,,,,,593.9721739864798,598.9790831660197,612.9170007324219,566.4483215332032,469.510025177002,49,-21.22893601321103,29.248920582680537,True,0
APLLTD.NS,,983.3745824758901,,138601.12903225806,,,,,,829.4034885652652,830.7275369687803,825.2400024414062,797.1992895507813,773.5760034179688,230,-36.29258259721105,3.3066236249100545,False,0
APOLLOPIPE.NS,,668.7999877929688,,690815.3548387097,,,,,,522.2851596347131,532.237128610496,551.3389947509766,522.9571496582031,443.37095077514647,31,-25.762558453620265,35.67519834997177,True,0
APOLLOTYRE.NS,,533.7087547028075,,1041737.9274193548,,,,,,403.9194607402107,408.32398505611536,424.83500122070313,418.59929412841797,437.3442842102051,223,-31.94363447076932,6.981533525459649,True,0
APTUS.NS,,317.5903860314055,,1508295.060483871,,,,,,228.02182180575028,235.47703916706098,249.8578009033203,261.88240158081055,255.9174388885498,231,-39.78364595371271,-2.6332805822136374,False,0
ARIHANTCAP.NS,,119.26117337467782,,1203292.7459677418,,,,,,91.97901534505924,88.44870893719319,80.80545028686524,75.50407207489013,76.14086719512939,237,-52.524998491718335,-11.153784349927287,False,0
ARKADE.NS,,180.0,,475350.2701612903,,,,,,120.55916247955909,121.86829061234417,127.30899978637696,125.2626000213623,121.93250007629395,242,-48.54444291856554,2.6255574337300303,True,0
ARMANFIN.NS,,2158.60009765625,,43420.93951612903,,,,,,1775.378336286111,1834.6685015263072,1936.246005859375,1839.1860034179688,1697.2660028076173,39,-22.811087010466167,21.54542857917672,False,0
ARROWGREEN.NS,,952.75,,62779.63967611336,,,,,,872.1349273590879,856.9631004115095,792.0219592285156,694.2991329956054,581.9312091064453,16,-13.198635528732616,30.316900448607843,False,0
ARSSBL.NS,,787.8320712122298,,612937.1411290322,,,,,,529.9602730025028,519.8329092075387,510.8909979248047,524.5571658325196,539.7652648925781,221,-47.663079648044146,73.882280218773,False,0
AJMERA.NS,,219.46418351965167,,475434.45967741933,,,,,,117.69652018738243,117.76192903792412,118.31303680419921,121.94141555786133,131.56244285583497,231,-55.72267370583466,4.708646975602382,False,0
AJAXENGG.NS,,678.0,,90986.25403225806,,,,,,582.6396390761332,581.3451537183175,577.8090014648437,572.1194995117188,544.3357489013672,222,-41.769913304871864,6.583014303929757,True,0
AIIL.NS,,683.0,,649450.7620967742,,,,,,548.1244911116996,546.0801744281376,548.9550012207031,531.4390017700196,521.3599510192871,182,-41.434846266471446,19.961924832788046,True,0
ACE.NS,,1268.0,,329716.1532258064,,,,,,1218.7251271083658,1202.7544446407917,1151.3326708984375,1052.0294055175782,966.0460040283203,13,-8.123028391167198,18.59340134401597,False,0
63MOONS.NS,,955.732564747902,,380395.6129032258,,,,,,803.2389571095426,818.4228621289841,828.3444750976563,750.4629852294922,695.9713204956055,47,-22.845666657474762,41.51285054677398,True,0
AADHARHFC.NS,,563.0,,387739.40725806454,,,,,,450.4378133003008,454.81682609798764,473.09,485.3174996948242,480.92374938964844,67,-24.103021706399865,11.199917359534695,True,0
AARTIDRUGS.NS,,531.1493690336815,,177485.12903225806,,,,,,422.89776819357223,424.4937763498292,422.2569989013672,404.6999996948242,388.52519607543945,227,-39.950975977379755,2.3800205656873574,False,0
AARTIIND.NS,,550.655353408149,,1129284.6088709678,,,,,,480.6277390933821,485.59659483357416,500.879267578125,487.4779296875,453.72478775024416,31,-16.544897829705185,17.586740664728207,True,0
AAVAS.NS,,1771.9000244140625,,177219.49193548388,,,,,,1230.016333549501,1253.630659037148,1312.9520068359375,1366.1250061035157,1351.2370037841797,224,-40.15463571288572,6.901432753561365,False,0
ABB.NS,,7832.294844565128,,329146.62096774194,,,,,,6954.142227312873,7054.563191381034,7330.77650390625,7144.357436523437,6514.545671386719,59,-14.961066556096814,21.148677509035995,False,0
ABDL.NS,,753.7999877929688,,543238.2419354839,,,,,,693.9316291097864,677.224201718629,637.0620043945313,621.6334033203125,562.5083757019042,9,-10.59299242226418,10.27064142681735,False,0
ABFRL.NS,,86.11000061035156,,5611110.536290322,,,,,,45.794496541831705,47.66533795130325,52.88360015869141,56.68800006866455,61.76304996490479,230,-50.00580776690256,-0.5320999761925349,False,0
ABREL.NS,,1910.6691914062499,,234164.5564516129,,,,,,1111.9180144143809,1176.8908805993867,1313.16400390625,1318.1479235839843,1351.5787512207032,231,-47.05520033840074,16.452390850875066,False,0
ABSLAMC.NS,,1194.9557175378152,,379224.41532258067,,,,,,1010.9123632316451,1019.5704873419048,1026.2240063476563,1047.3539654541016,965.3386492919922,76,-21.12678435130597,12.692739635188044,False,0
ACCELYA.NS,,1391.3137786433447,,15347.193548387097,,,,,,1066.5155889685848,1073.313186141524,1090.273994140625,1089.151094970703,1130.0397985839843,239,-29.561360957968784,0.03335749882917849,False,0
ACMESOLAR.NS,,476.8999938964844,,1731279.6129032257,,,,,,434.07529250688043,429.32691269949316,403.97899963378904,376.08249938964843,312.32416931152346,12,-12.738519768818946,26.559051219932627,True,0
AIAENG.NS,,5160.600958593338,,74916.78947368421,,,,,,3864.8196308496217,3943.3284546426503,4224.15900390625,4385.977814941406,4112.318092041016,71,-27.78166860319272,28.656054503517957,False,0
ADANIENSOL.NS,,1789.0,,2370421.3427419355,,,,,,1323.655027930854,1356.94304445514,1475.9,1514.1820031738282,1289.6232513427735,56,-30.620461085976803,27.319244425918377,False,0
ADANIPORTS.NS,,1891.0999755859375,,2463349.2741935486,,,,,,1759.6143483885276,1756.8875951162313,1720.1340014648438,1764.7701196289063,1628.9870477294921,68,-15.758024633661572,7.653067234479849,False,0
ADFFOODS.NS,,346.1881784193172,,279067.50403225806,,,,,,281.1290629899042,276.45230870326395,270.6663055419922,282.4474118041992,245.17983909606934,69,-28.131571624493446,20.777002607187246,False,0
ADOR.NS,,1766.4000244140625,,38396.57258064516,,,,,,1554.6784244360078,1573.0351120874354,1574.0460009765625,1399.2608557128906,1198.6334796142578,27,-16.757246145203542,31.390316488080906,False,0
ADVAIT.NS,,2482.5844584508545,,56279.926966292136,,,,,,1908.7228650215905,1953.8386707839827,2082.046818847656,2138.6154724121093,,79,-26.624853813729853,29.552652499311826,False,0
AEGISLOG.NS,,1528.699951171875,,1310027.020242915,,,,,,1386.0078025900311,1369.8316860482148,1336.1919970703125,1190.4879229736327,935.1542611694335,12,-16.281802204085082,10.315182075053443,False,0
AEGISVOPAK.NS,,320.95001220703125,,1238797.8387096773,,,,,,293.5457250269613,293.3794359304561,286.5863983154297,262.9529330444336,236.7041803741455,13,-12.681106296633315,8.768443090517808,False,0
AETHER.NS,,1814.0999755859375,,347183.19758064515,,,,,,1723.461880650966,1694.6993983048535,1640.3999975585937,1454.6139978027343,1245.1642529296876,3,-9.547431426205332,13.081180977370899,False,0
AFFLE.NS,,1993.699951171875,,308819.5282258064,,,,,,1476.4100965755974,1517.9886391534815,1602.6180053710937,1539.1869995117188,1536.3894989013672,246,-37.23729350082871,0.5108817755835826,True,0
AGIIL.NS,,434.0773702031007,,1829811.435483871,,,,,,260.85366151884233,266.61767848083156,282.936725769043,319.95570541381835,311.0428276062012,110,-42.82125400084511,33.19705834613127,True,0
AHLUCONT.NS,,1076.649454434594,,104153.52016129032,,,,,,566.3642816129161,582.0675179789079,664.8826989746094,743.6581323242187,790.7458001708984,221,-49.79331614700531,9.390079762235871,False,0
ARVINDFASN.NS,,567.0187417779242,,279272.5483870968,,,,,,401.242681672877,412.2134597030011,434.88381530761717,449.1761791992187,451.7353890991211,231,-35.64147598898143,11.565851702382425,False,0
ARVSMART.NS,,705.4097122162362,,187275.4516129032,,,,,,602.9636971688603,605.4657541900627,623.1575085449218,609.9934173583985,588.7224374389648,32,-23.399130146892755,16.556237028888134,True,0
ASAHIINDIA.NS,,1071.7996569938532,,216435.56048387097,,,,,,954.4262302334856,954.2218633204933,940.7153210449219,908.7252209472656,905.4061462402344,212,-27.830539250545883,22.229929405778968,True,0
BHAGERIA.NS,,415.79998779296875,,207808.6008064516,,,,,,372.21666864913726,351.8239744656511,279.28059967041014,238.7026187133789,199.60604049682618,5,-13.900911373222069,81.30694076487721,False,0
BANSALWIRE.NS,,370.0,,133605.987854251,,,,,,320.39311188981185,319.1518579347518,318.645,318.72149963378905,300.25454986572265,68,-20.932435731630072,17.318794776815484,False,0
BATAINDIA.NS,,1147.1579822818433,,282157.3266129032,,,,,,618.5742001520535,630.6700929085603,666.0161767578124,661.7924505615234,711.8827188110351,247,-49.66722258453029,0.0,True,0
BAYERCROP.NS,,4992.8592352646965,,29271.415322580644,,,,,,3570.945158199465,3689.0802941323664,3949.208310546875,4076.1244921875,4297.171267089844,121,-32.577709680820575,2.031911984631374,False,0
BECTORFOOD.NS,,278.33899243412714,,1975751.7419354839,,,,,,212.10251510777996,217.01431840455047,227.69576751708985,204.84451705932617,206.57945732116698,203,-40.88883560893357,6.914769576540669,True,0
BELRISE.NS,,267.55305639788776,,5668900.931451613,,,,,,239.0796333452511,238.33093203816622,237.54739959716798,232.5932745361328,210.34447128295898,40,-16.745484802558007,10.074557371772919,False,0
BEML.NS,,2256.187906504501,,343745.3669354839,,,,,,1991.4232364075128,1998.511625920786,1941.9144165039063,1858.8801770019531,1781.8528356933593,237,-40.373538782066895,1.8122977419408048,True,0
BEPL.NS,,137.34641029083173,,1560713.1612903227,,,,,,125.92194602007521,126.14976597952105,124.83599990844726,112.86233139038086,99.39898269653321,56,-19.029555378269503,32.29520144412894,False,0
BERGEPAINT.NS,,590.094751424942,,473605.3830645161,,,,,,461.13044167250956,464.5006378169973,494.05701171875,499.6650979614258,485.8235638427734,218,-34.21915381636437,8.733582132431184,False,0
BETA.NS,,2807.89990234375,,22756.24193548387,,,,,,2018.3581632847026,2069.486525986491,2224.9239794921873,2052.7229858398437,1702.6204956054687,40,-32.689908268367404,35.37533375119097,False,0
BFINVEST.NS,,584.7000122070312,,59504.777327935226,,,,,,436.17803249693895,439.932759649885,451.0660009765625,444.5448641967773,416.5787040710449,62,-27.321702867253496,30.3298418593301,True,0
BHAGCHEM.NS,,316.8999938964844,,156002.65182186235,,,,,,236.62547800233378,244.11449456901866,265.31280120849607,265.9169647216797,242.57298027038576,47,-30.514357466295607,22.61550687167777,False,0
BHARATFORG.NS,,2295.0,,1195101.3400809716,,,,,,1883.2484716487975,1924.0365750379237,2024.1239965820312,2033.6485522460937,1855.143770751953,42,-22.527233115468416,7.935352885778291,False,0
BALAJITELE.NS,,133.22999572753906,,430921.97975708504,,,,,,90.40474122124958,91.45847295126562,91.28320007324218,89.99490036010742,93.78615009307862,246,-47.81956100543775,0.0,True,0
BHARATRAS.NS,,2986.2093471005855,,24882.33064516129,,,,,,1019.5745508870003,1072.0088106584915,1205.026668701172,1290.6369244384766,1480.8008645629882,237,-67.91919491745763,22.698363981203507,False,0
BHARATWIRE.NS,,262.0,,521108.17741935485,,,,,,166.58131968141942,169.29585536024084,180.98739929199218,195.87569992065428,189.87465003967284,105,-41.05343418266937,60.8845126634846,False,0
BHARTIHEXA.NS,,1934.317756973946,,184149.24596774194,,,,,,1451.0480838700637,1472.070302658285,1532.5658911132812,1523.0733776855468,1560.491209716797,234,-29.73233346633737,9.557604730801605,False,0
BIKAJI.NS,,766.9994067456643,,187913.08870967742,,,,,,508.46425884660835,533.637484477579,584.69900390625,617.5879162597656,640.600539855957,193,-39.14597639906995,3.02165943943431,False,0
BIL.NS,,1150.0,,9646.27822580645,,,,,,1040.824440072382,1016.2646003288309,919.897998046875,825.8084991455078,790.7277499389648,19,-17.134781547214672,48.40168952407653,False,0
BIOCON.NS,,447.1499938964844,,3812288.3225806453,,,,,,369.14089577574214,378.4174514036614,401.32999938964844,411.99373748779294,394.2160266113281,59,-22.35267428240011,3.054315603358937,False,0
BLISSGVS.NS,,739.9000244140625,,2425053.9032258065,,,,,,683.088203845319,676.1291383518122,607.583998413086,528.4060400390625,370.3833492279053,8,-10.798759532051172,58.4129784350528,True,0
BLKASHYAP.NS,,63.790000915527344,,629863.2137096775,,,,,,52.72986442852337,53.03348918464103,53.878800048828126,54.539699935913085,52.713249912261965,238,-36.79260210668881,6.127709598992537,False,0
BLS.NS,,345.9510897219776,,3438572.495967742,,,,,,220.68763741431624,225.31597298955725,240.55094268798828,246.67379425048827,263.32714691162107,246,-38.71966116066492,-0.04446651280711755,True,0
BLSE.NS,,169.89999389648438,,1219169.1209677418,,,,,,159.89891551943833,159.76122530733082,158.2365365600586,139.19568672180176,112.55478713989258,12,-8.652146837155572,13.975569714536862,False,0
BLUEDART.NS,,6999.5885406940915,,54118.67741935484,,,,,,4614.449856419128,4703.853014838027,4927.323037109375,4881.317084960938,5127.094436035156,233,-36.309112003686764,21.742287295696826,False,0
BANCOINDIA.NS,,834.5473868842978,,395021.16532258067,,,,,,597.2751987424599,601.3729031999384,615.5134765625,629.6568322753906,617.0713012695312,223,-40.614516817529214,-0.012398993327300545,True,0
BAJAJHLDNG.NS,,13011.97571177054,,60792.782258064515,,,,,,10750.009913844613,10870.827886249448,11125.9890625,10741.07787109375,10533.66630859375,229,-35.18491171149385,10.328324404314815,False,0
ASALCBR.NS,,1273.3313070480908,,60832.95951417004,,,,,,610.7033571635889,635.5907803598839,692.4728601074219,760.3457904052734,802.7476126098633,230,-55.47113332865021,18.890314738970826,False,0
ATUL.NS,,7144.769440445724,,35689.665322580644,,,,,,5984.52090709945,6077.714913079194,6402.98,6463.139375,6402.337238769531,107,-18.849725686343575,7.201647506288977,False,0
ASHIANA.NS,,434.28772937264273,,139513.49193548388,,,,,,380.095692988501,376.5589829470064,370.9380578613281,372.479264831543,341.74947494506836,56,-23.617800360962114,5.9643453520267675,True,0
ASIANENE.NS,,564.2688840142267,,310910.7701612903,,,,,,472.4165984801947,477.383876471305,463.3428594970703,409.0874526977539,345.5718897247314,21,-20.029260378528548,56.5690941627061,True,0
ASIANHOTNR.NS,,423.79998779296875,,30849.32793522267,,,,,,347.8878506026445,355.8746273929303,341.6310009765625,323.05950103759767,312.4335003662109,21,-23.312881226705862,31.672889189250487,True,0
ASIANTILES.NS,,79.05999755859375,,4617723.677419355,,,,,,48.16609817140682,48.931631374307585,50.36319984436035,52.909300003051754,60.86160001754761,118,-46.2433578137895,4.823832130270644,True,0
ASKAUTOLTD.NS,,687.7000122070312,,382477.27419354836,,,,,,620.723808311072,624.8523749984686,622.8702032470703,540.8849554443359,490.84290466308596,44,-14.49760221569062,59.196401259147045,True,0
ASTEC.NS,,941.75,,520719.6693548387,,,,,,718.8468383443538,704.9029658417302,649.7759997558594,690.7950024414063,667.909501953125,215,-45.48446780843509,16.782350512220546,True,0
ASTERDM.NS,,891.2999877929688,,1215182.0120967743,,,,,,706.8731459099984,728.4815682959387,775.2180041503906,777.9785034179688,708.1082955932617,42,-24.368901063811354,6.4053023406508425,True,0
ASTRAL.NS,,1765.9224658214252,,751042.7620967742,,,,,,1394.815318277131,1407.5974987049524,1456.7577880859376,1459.9362915039062,1500.1847351074218,143,-25.843842031787247,21.380421135752048,True,0
ASTRAMICRO.NS,,1957.2277658555508,,524372.1129032258,,,,,,1651.453460863719,1652.6049050307881,1692.6879638671876,1630.7329528808593,1307.4489779663086,48,-21.46545218695921,35.12375828016563,False,0
ASTRAZEN.NS,,9805.695125484928,,10290.141700404858,,,,,,6104.202432555502,6376.939764507521,7105.461953125,7713.866826171875,8106.7431127929685,230,-42.12546966455527,6.329458382879283,True,0
ATLANTAELE.NS,,2152.60009765625,,191065.09677419355,,,,,,1766.5912083027558,1742.9043527812744,1714.6660083007812,1749.168006591797,1420.7725021362305,88,-30.642017454817648,77.78053931638604,False,0
ATULAUTO.NS,,592.5698687930867,,333929.64112903224,,,,,,430.675069232935,440.698001129892,474.6529193115234,474.53222900390625,461.02420761108397,45,-31.299239542389444,25.92391581214326,True,0
BAJAJHCARE.NS,,487.7947758948368,,252025.71370967742,,,,,,325.8380833533324,328.39647209305764,328.15199157714846,323.43257690429687,335.12484329223633,241,-44.418365174299964,-0.13824332272168727,False,0
AURUM.NS,,264.6400146484375,,155989.19758064515,,,,,,226.1657288771558,225.04531295580338,224.85159912109376,215.62989974975585,196.85064979553223,60,-22.40402254499797,45.175667721042466,False,0
AVADHSUGAR.NS,,978.7999877929688,,126961.01612903226,,,,,,846.6349180451739,811.8076636422703,744.0429986572266,611.5015203857422,503.52407272338866,1,-6.395584017843115,48.0072472999779,False,0
AVANTIFEED.NS,,1575.9303166617983,,901720.7327935223,,,,,,726.3810815109678,750.4401398323829,816.2068835449219,927.8830926513672,1028.4673175048829,118,-55.89906529165718,7.660600750629398,True,0
AVL.NS,,703.5025243881884,,209720.36437246963,,,,,,604.3688229760764,606.9402534960067,610.6537316894531,602.4204736328124,547.82329788208,73,-20.270360806187902,21.706274440810702,False,0
AVTNPL.NS,,102.0,,244736.64777327934,,,,,,89.10761393245885,89.09331903186907,84.56090209960938,77.14315879821777,70.6333909034729,11,-16.666666666666664,38.186384202451066,False,0
AWFIS.NS,,639.4000244140625,,486689.37096774194,,,,,,247.07860803013807,253.13783433138866,263.4651989746094,284.50659942626953,323.91059928894043,226,-64.17735465968177,5.416488168428213,False,0
AYMSYNTEX.NS,,330.0,,51819.6129032258,,,,,,283.04357810097264,284.1488895040435,274.95420166015623,251.44750061035157,219.36320030212403,21,-20.833333333333336,32.65095078615234,True,0
AZAD.NS,,3127.89990234375,,420979.99596774194,,,,,,2901.4088873561714,2844.685216223712,2721.09599609375,2448.5050048828125,2070.6350048828126,6,-9.680610446025161,24.797846742114736,False,0
BAJAJCON.NS,,692.0,,1185650.0766129033,,,,,,492.1600166099013,496.4398380929967,503.8129998779297,541.000500793457,454.24400115966796,62,-35.281791025503516,27.389332945621668,False,0
BAJAJELEC.NS,,555.940065373127,,335670.84274193546,,,,,,304.80777201419136,313.9020859121873,334.3779992675781,328.8694424438477,363.11849166870115,242,-48.0069874800319,0.9010717024377612,True,0
BAJAJFINSV.NS,,2193.128599829014,,1132397.5241935484,,,,,,1756.2178488560344,1802.3503248315744,1928.6080029296875,1864.0567150878906,1880.1223370361329,238,-27.24373511558571,8.041307661127073,False,0
GATEWAY.NS,,62.377023562447356,,936828.5120967742,,,,,,51.56882712929055,52.17946319426747,53.824599761962894,55.357885932922365,55.57452863693237,161,-24.54902383889378,2.6459848468631364,False,0
GEOJITFSL.NS,,86.5,,970401.6234817813,,,,,,77.58100532719094,78.55040192279056,79.47139999389648,77.73656784057617,71.86931983947754,24,-13.757227197547872,6.579954596950688,True,0
ORIANA.NS,294.8999938964844,3064.0,-90.37532656995808,87395.64777327936,-6.306594472919979,-75.76529565573733,-80.24782358362462,-84.3167496622755,-0.7358476551843705,314.4219748353183,415.6665914380621,883.6904025268555,1250.2987010192871,1597.8250994110108,222,-92.16057451213308,2.2701234766323797,False,0
MASTERTR.NS,,149.89999389648438,,929807.4717741936,,,,,,83.12759610797242,84.12425114509601,83.56379989624024,83.33109985351562,86.46750017166137,246,-62.90860524482977,1.777813618997226,False,0
LAXMIDENTL.NS,,344.79998779296875,,242723.22177419355,,,,,,193.73658540337686,195.20196958719004,200.6379998779297,212.10579971313476,210.07244941711426,226,-54.791180277996745,5.846484706147259,True,0
LGBBROSLTD.NS,,2019.894362671753,,66789.93145161291,,,,,,1700.7265787542476,1701.8257988052767,1650.9164379882814,1589.7042114257813,1678.1638641357422,161,-29.443359419448868,7.766626335999027,False,0
LGHL.NS,,395.0,,61438.05668016194,,,,,,203.54605938310817,195.5350176981226,188.31339935302734,205.68910018920897,239.62680015563964,245,-57.46835443037974,-2.1912350597609542,False,0
LICHSGFIN.NS,,586.4255760885916,,1895299.9758064516,,,,,,530.001092324591,535.9779261093878,526.881498413086,531.3878219604492,524.4889884948731,105,-17.218819914891625,17.073162534804553,False,0
LINCOLN.NS,,767.8152546425441,,70722.31578947368,,,,,,577.9449977110753,588.3721951259827,601.5612243652344,615.0548852539063,587.9550205993652,93,-28.557034458979867,26.833958153132965,True,0
LLOYDSENT.NS,,84.69999694824219,,3915189.7651821864,,,,,,76.80442655336621,75.55736348584946,75.55820037841796,74.54997367858887,66.53551891326904,42,-22.18417232956319,23.421571821356647,False,0
LOTUSDEV.NS,,248.10000610351562,,1502737.1491935484,,,,,,229.66406213162114,219.7703446679402,196.96483001708984,170.90980239868165,155.99195156097412,3,-6.960904412575997,32.18768271115455,False,0
LTFOODS.NS,,489.53692311570376,,1260039.072580645,,,,,,411.22371464902216,416.8375584832645,424.61180786132815,404.16856262207034,399.4607269287109,32,-20.51671942801534,22.41631884502546,True,0
LUMAXIND.NS,,6868.719019600016,,24220.084677419356,,,,,,5526.432187236038,5655.901423184185,5803.88630859375,5544.832553710938,5435.522565917969,162,-33.37659386113599,19.632341529524844,True,0
LUMAXTECH.NS,,2190.0,,253597.48987854252,,,,,,1928.2814936797429,1959.687255943389,1928.5596655273437,1749.1082983398437,1668.5024774169922,11,-19.47032074950057,37.7523286658324,True,0
LUXIND.NS,,1819.8519348314312,,97413.40725806452,,,,,,1138.793126765411,1142.3280730303386,1179.2291796875,1234.1327075195313,1165.2840786743163,115,-43.510575118536885,77.27881865775474,False,0
MAHLIFE.NS,,423.03422522089073,,195734.875,,,,,,352.6986144121983,356.49013970316986,369.2019982910156,360.54140502929687,356.53620132446287,212,-32.84159313359011,18.22260246938403,False,0
MAHLOG.NS,,447.10758500270833,,272396.70967741933,,,,,,410.7454084935345,408.9789492612625,405.34,386.5745883178711,375.17041213989256,115,-26.544449545759573,-2.1207450713510267,False,0
MAHSEAMLES.NS,,768.0,,209199.86290322582,,,,,,690.6219392872221,690.2881405968936,650.2973266601563,625.2980938720704,593.3972491455078,6,-16.516923904418945,29.328778982355107,False,0
MAITHANALL.NS,,1202.9048357348615,,90930.1491935484,,,,,,927.0144319938328,953.4640930595332,981.629619140625,992.2340393066406,982.9866952514649,78,-26.760623631395408,13.109453215277789,True,0
MANAKCOAT.NS,,182.7466119542093,,717579.2874493927,,,,,,127.86095050375229,127.36367587923841,123.86706344604492,118.25950775146484,117.95767505645752,235,-48.47391471782986,23.415462974165834,True,0
MANAPPURAM.NS,,380.45671483079525,,4728475.5322580645,,,,,,312.6173786075916,318.75402492894904,338.6763397216797,331.2115200805664,309.42363052368165,49,-20.266880757137418,18.079811912244146,False,0
MANGLMCEM.NS,,1120.0,,92659.1902834008,,,,,,987.3338721169433,1000.4798935801571,993.4737658691406,943.9716033935547,884.7276736450195,24,-15.357142857142858,16.454330970557617,True,0
MANINFRA.NS,,148.59305664130227,,1424455.2145748988,,,,,,123.41320932890986,123.46708664850718,117.61720001220704,112.74699989318847,111.27625022888184,231,-48.4138277309749,3.0296602065722933,True,0
MANKIND.NS,,2642.0,,499297.73387096776,,,,,,2460.688352042329,2437.5743946569305,2409.8379931640625,2439.145,2301.0099975585936,50,-15.897047691143074,12.775117493339504,False,0
MANORAMA.NS,,2148.6752714346185,,216345.63306451612,,,,,,1944.3177466141367,1931.3131179163659,1859.5411791992187,1694.4850732421876,1522.417388305664,21,-15.110485784007777,35.19903643853812,True,0
MARATHON.NS,,676.4127737312596,,123474.08467741935,,,,,,385.165334312494,395.89425654354375,399.2585693359375,408.6014828491211,440.23667373657224,239,-49.2589040201514,14.506542133580247,True,0
MARICO.NS,,889.0999755859375,,1802127.7096774194,,,,,,793.7377641492782,803.6419397126049,831.052001953125,830.0399279785156,796.1908688354492,49,-13.81734101443165,9.633115826714732,False,0
MARSONS.NS,,175.39999389648438,,2306250.8380281692,,,,,,122.6742331877987,122.61568648871166,118.58380020141601,120.65400024414062,,107,-42.844923894829535,23.256823142872342,False,0
MARUTI.NS,,17197.28603290768,,431592.4233870968,,,,,,11675.25933050837,12005.03449612559,12966.12083984375,13165.498349609376,13769.5715625,188,-34.72807291499064,10.827564479510855,False,0
LATENTVIEW.NS,,517.5,,1387255.1330645161,,,,,,236.97837580936448,244.972337312092,268.9125997924805,285.9412986755371,322.6161499786377,207,-55.87053234450483,16.420878251868597,False,0
LANDMARK.NS,,659.9164650856485,,439973.28340080974,,,,,,478.81833647636677,485.27581996016625,507.41766174316405,470.81288055419924,442.1721318054199,242,-48.71600884489807,10.879092087097831,True,0
LALPATHLAB.NS,,2038.5999755859375,,387391.2419354839,,,,,,1945.9074633240546,1938.0029240603224,1921.30400390625,1784.9813220214844,1597.916923828125,16,-8.515646898114039,11.802153283589,False,0
KFINTECH.NS,,1198.7685004367224,,1038355.0887096775,,,,,,861.8373289079334,879.0280515288163,919.8600012207031,889.2649536132812,926.8158734130859,235,-35.395062913969596,11.800538198113664,False,0
KALAMANDIR.NS,,219.27654356882928,,1218932.2137096773,,,,,,76.57548171278671,78.39996734612416,83.37968658447265,92.0994595336914,102.3626957321167,235,-66.66310163212896,7.8193902691015005,False,0
KALPATARU.NS,,410.70001220703125,,124609.02016129032,,,,,,270.02530500611186,271.5648502915147,277.76899871826174,291.9684983825684,310.0194994354248,238,-39.128319315954485,7.255986828238381,True,0
KAMDHENU.NS,,43.70000076293945,,1415145.0967741935,,,,,,38.02191286699609,38.22812962610018,36.715520248413085,32.88425132751465,27.54939624786377,12,-16.910753456818373,14.07686415177376,False,0
KANSAINER.NS,,260.8927950067185,,451325.0,,,,,,182.33405038094375,184.29122350875892,194.28440002441405,201.24739028930665,202.97129722595216,194,-40.1856042357826,-2.917837314852234,False,0
KAPSTON.NS,,616.2000122070312,,49918.13306451613,,,,,,550.5017075716875,554.4573085129058,548.5600018310547,459.8410018920898,394.9311668395996,9,-16.423240863719744,15.452588837722248,True,0
KARURVYSYA.NS,,358.6499938964844,,3324863.1733870967,,,,,,326.75026966944404,328.61323941172077,335.4470007324219,316.088193359375,301.38943496704104,30,-13.174404239258841,18.99565126761338,False,0
KAYNES.NS,,7272.0,,1607495.564516129,,,,,,3417.2119076859026,3482.2044542822096,3648.2060107421876,3433.810009765625,3641.4350061035157,247,-58.81463146314631,0.0,False,0
KCP.NS,,206.48051439200756,,182649.04032258064,,,,,,155.58149162838814,157.56171702506978,159.66962127685548,162.33926651000976,163.4432260131836,227,-39.8460047960286,1.5193285226156261,False,0
KDDL.NS,,4270.0,,32257.7975708502,,,,,,3953.3680327191196,3942.891783024173,3862.6094873046877,3424.844541015625,2878.5755078125,11,-10.063230706601288,36.34711516472755,True,0
KENNAMET.NS,,5136.0,,27956.0,,,,,,4207.403876454294,4234.719510270829,4000.5220166015624,3445.1750146484374,,19,-22.934188129745912,80.59985281407147,True,0
KERNEX.NS,,2580.0,,272651.0080645161,,,,,,1714.3104141869171,1733.5941481909522,1899.2920068359374,1934.1219995117187,1552.8922512817383,44,-38.25581395348837,26.370199446615427,True,0
KINGFA.NS,,6997.0,,8837.02024291498,,,,,,6610.558895939348,6393.043826876374,5949.654580078125,5544.267265625,4953.120787353516,1,-4.030298699442614,19.61159728261275,False,0
KSL.NS,,1032.9000244140625,,61995.98387096774,,,,,,943.7549636945646,941.539239409367,908.4246850585937,877.3988153076172,799.5065182495117,11,-13.825156883807011,11.3921622899835,True,0
KIRIINDUS.NS,,779.0,,1006410.25,,,,,,548.247121982712,541.1172646629067,497.97200073242186,446.2220001220703,452.3524998474121,190,-57.15019412157012,26.560316180547684,True,0
KIRLOSBROS.NS,,2180.905610301624,,114681.17741935483,,,,,,1743.2771721172212,1772.8684368726497,1849.1260034179688,1826.5029711914062,1709.4489538574219,76,-23.779367572069056,21.586907341826446,True,0
KIRLPNU.NS,,1093.5391904117103,,270070.8467741936,,,,,,689.6012974629183,699.5027904361117,723.4680029296875,786.7343377685547,686.3785614013672,76,-38.92765970879412,57.48060810500741,False,0
KITEX.NS,,231.73507903347866,,1281644.6572580645,,,,,,117.60797704526753,119.56450543200008,127.29414398193359,141.14667098999024,156.30485763549805,237,-50.65054410953898,24.661839465000867,False,0
KKCL.NS,,568.0499877929688,,38962.67611336032,,,,,,473.7482228744732,480.0730264439535,500.8589978027344,487.80449829101565,480.6656652832031,45,-22.269166925165774,25.286562289369606,False,0
KMEW.NS,,3307.0,,165784.4758064516,,,,,,3078.1664668031844,2998.2283108361016,2828.4460107421874,2497.1240051269533,2118.896497192383,1,-4.203205322044146,24.249354463187768,False,0
KPRMILL.NS,,1331.0754095910231,,482217.7016129032,,,,,,1090.3348571012855,1102.6952250774839,1111.5680029296875,1093.2358221435547,993.1529776000976,74,-23.74586798866176,30.371286180988633,False,0
KRBL.NS,,447.6467343412539,,611110.8387096775,,,,,,389.4141212019902,393.3058993508377,394.1327520751953,375.30452117919924,360.20584686279295,30,-18.239099735956575,18.21904964267698,True,0
KRISHANA.NS,,206.38999938964844,,1019629.875,,,,,,188.03356867390298,186.86847721467836,186.62879943847656,163.0681495666504,135.21595932006835,29,-17.045395988089584,34.49194272832072,False,0
KRSNAA.NS,,844.9649771158203,,93289.24193548386,,,,,,548.4034823064451,549.8586615417483,551.9242065429687,547.9390112304687,597.1051028442383,243,-39.27602606147931,1.2097249618222783,True,0
KSHINTL.NS,,1198.0,,421814.1116751269,,,,,,1035.2496590902927,1035.7490861184267,1002.3740026855469,913.8020007324219,,20,-18.564275827551125,30.61051695162311,False,0
MASFIN.NS,,357.9301909358125,,159160.8266129032,,,,,,273.740633330032,280.3344947067329,294.49237854003906,303.0258612060547,309.70267135620117,110,-27.150599026512346,6.967785668185189,False,0
MATRIMONY.NS,,566.3557799316015,,40839.907258064515,,,,,,518.8079604984244,520.6194246292844,511.67747497558594,461.2761328125,464.75722869873044,174,-36.465971889817816,14.545091016677315,True,0
GHCL.NS,,649.6824619687275,,172780.9314516129,,,,,,404.71682942804915,412.5122664804538,428.18399841308593,431.3278256225586,461.68805541992185,233,-40.74028120855569,1.9808952732466967,False,0
MAXESTATES.NS,,652.7999877929688,,125478.84274193548,,,,,,563.2838195844912,562.0387367028222,513.922001953125,472.42150115966797,435.58050018310547,10,-18.872551242464684,58.0727751145504,True,0
NELCAST.NS,,172.2559904918423,,262734.05263157893,,,,,,126.73352832053465,121.22865567742281,117.73399993896484,126.83008766174316,121.87715423583984,106,-40.600034052418124,39.82024112584575,False,0
NESCO.NS,,1408.9268057764925,,53646.906882591094,,,,,,1044.6336140807869,1054.1950149319161,1056.2320043945313,1087.0938726806642,1120.2759384155274,246,-29.760225216368575,0.0,False,0
NESTLEIND.NS,,1553.0,,1561030.939516129,,,,,,1332.806288417629,1355.2919760230682,1428.593994140625,1423.6520837402343,1357.6283178710937,43,-16.748227661683035,8.78051586001689,False,0
NEULANDLAB.NS,,24225.0,,56983.625,,,,,,21700.83923861867,22012.707929133438,22299.42,20056.461904296873,17049.09062011719,20,-14.489164086687312,21.57511300567192,True,0
NEWGEN.NS,,1030.4143551726484,,2501475.2338709678,,,,,,463.5797826786103,479.067726682355,515.6739990234375,499.6284786987305,531.981107788086,234,-61.50966780822025,14.106454901858712,False,0
NFL.NS,,96.82798291770169,,1375844.6129032257,,,,,,64.36263943914425,65.70738097935237,68.52521545410156,71.00454109191895,74.1061477279663,242,-36.846767139770996,3.4015057385428094,False,0
NH.NS,,2092.89990234375,,400427.70967741933,,,,,,1764.895576355482,1807.850154577999,1866.9840014648437,1906.1298974609374,1848.5646490478516,50,-19.719048708909092,7.28928821610475,True,0
NIITMTS.NS,,437.79574031188224,,248788.38461538462,,,,,,205.0301652013719,211.05012421623871,225.74947875976562,225.96865676879884,284.32505226135254,193,-57.742850611518634,32.52463412320239,False,0
NITCO.NS,,119.4000015258789,,909303.2753036438,,,,,,84.41581765180422,87.09683388388957,93.19039947509765,98.26969955444336,92.01339977264405,68,-34.13735478671338,15.306119055436529,True,0
NITINSPIN.NS,,665.0,,290379.1781376518,,,,,,607.3556864110531,609.9939508824276,598.3999584960937,566.5254870605469,467.82331298828126,17,-12.932330827067673,17.543115011849263,True,0
NIVABUPA.NS,,91.4000015258789,,1838936.0282258065,,,,,,76.7358789866081,77.77573572984137,81.38420013427735,83.13750015258789,79.58495006561279,48,-21.247262412185798,6.434253377651955,False,0
NORTHARC.NS,,334.0,,816003.5725806452,,,,,,293.0640481613309,296.38057989312733,294.2340008544922,295.0045004272461,273.38625061035157,62,-18.218564701651385,12.284042522565763,True,0
NPST.NS,,2055.78100588124,,56217.27530364373,,,,,,1792.0523521546397,1766.9016630511137,1670.6697338867189,1571.0657110595703,1397.2717919921874,238,-58.86297472148496,4.90056971555608,False,0
NRAIL.NS,,706.4000244140625,,17434.10931174089,,,,,,653.7420699626662,634.8202617446966,564.925341796875,506.06184967041014,478.21671295166016,8,-10.39071657379197,37.32703362612173,False,0
NRBBEARING.NS,,559.9000244140625,,535337.9112903225,,,,,,527.3973735136011,517.8664256820816,484.65700073242186,446.2085012817383,356.7486990356445,8,-11.037688089980136,32.10539352599984,True,0
NRL.NS,,167.25999450683594,,79763.80645161291,,,,,,157.06650011588337,150.85665578210566,131.0152001953125,107.03940017700195,80.24345008850098,10,-8.23866987436358,59.7289401020906,False,0
NUCLEUS.NS,,1047.2047100200728,,43350.48178137652,,,,,,646.9314610485952,666.4203217359712,700.6910009765625,724.8873040771484,776.4971420288086,228,-41.81653482237587,2.6537252507347286,False,0
NUVOCO.NS,,439.8500061035156,,751891.0806451613,,,,,,327.26754381506794,328.8749202160496,332.3040008544922,329.1185006713867,327.42300079345705,246,-37.194498995872124,0.04622956427895453,True,0
OAL.NS,,570.0,,34921.94736842105,,,,,,523.0210379716708,515.4066932063068,452.4859887695313,392.1991622924805,336.2600372314453,12,-13.087720369037825,42.09011574171764,True,0
OCCLLTD.NS,,217.9600067138672,,121019.91093117409,,,,,,192.7420894445192,180.42484928827892,165.0985092163086,144.51905044555664,118.61780883789062,2,-5.285375260418357,40.65858685706429,False,0
OMAXE.NS,,138.88999938964844,,1535640.677419355,,,,,,108.6112379358136,111.66010144778363,107.89380020141601,94.71940040588379,85.97980014801026,23,-30.441355724023445,50.72944277511626,True,0
OMNI.NS,,764.8499755859375,,1117580.1486486488,,,,,,607.7854956805016,586.1751206464768,574.7389978027344,540.8684997558594,,44,-32.92802296201943,27.3715221087244,False,0
ONEPOINT.NS,,81.0,,1784843.7044534413,,,,,,74.07494276459464,69.215372558582,60.835199966430665,59.1926000213623,55.29520009994507,4,-8.271601170669364,37.18039216157856,False,0
OPTIEMUS.NS,,924.9000244140625,,361278.5020242915,,,,,,797.6019192882712,740.5445477513238,631.6490002441407,558.9549996948242,486.6437503051758,3,-14.163692998385457,58.31703665996848,False,0
ORCHPHARMA.NS,,1143.5,,118847.70967741935,,,,,,1008.0414031611734,1010.1653571423846,1004.2130053710938,961.8994982910157,803.5147482299805,12,-16.047223436816793,12.070442582256291,False,0
NDRAUTO.NS,,1046.931092871152,,30275.61943319838,,,,,,712.1833947897685,720.5154740036736,752.4599987792968,787.329486694336,764.7965823364258,228,-42.48574301942393,-1.0062352644081396,False,0
NAVINFLUOR.NS,,8949.5,,222845.4008097166,,,,,,8397.210961891089,8401.871118198456,8310.67,7854.131840820312,7049.1123559570315,20,-10.218447957986477,15.19427671304805,True,0
NAVA.NS,,732.5560380476754,,477808.68951612903,,,,,,556.9619835516056,556.643754209425,560.8422546386719,576.5643768310547,581.1899182128906,105,-27.118200289912043,33.956896910161106,False,0
MINDACORP.NS,,769.0,,430101.64919354836,,,,,,660.4596582504458,673.2530855451927,700.2463671875,674.8049987792969,610.6164434814453,38,-18.20546163849155,10.748167191041613,True,0
MBAPL.NS,,174.94000244140625,,1093459.947580645,,,,,,165.71660366792378,164.8570455688591,163.7870001220703,141.68115425109863,117.38864528656006,32,-13.021606528745034,50.20898910282252,True,0
MBEL.NS,,533.8789199375677,,347945.77419354836,,,,,,261.34569305222334,260.9402965881084,269.05924743652344,286.55759063720706,304.61920822143554,227,-58.37842943780414,40.563064720717094,False,0
MEDANTA.NS,,1544.0,,231362.69758064515,,,,,,1355.4533693602827,1392.956481207127,1428.95228515625,1356.6653894042968,1238.0964163208007,29,-18.471499428230242,12.200630837055915,False,0
MEDIASSIST.NS,,571.9867367161792,,191445.80241935485,,,,,,305.41901924582703,313.5084019486054,333.6907690429687,346.8664291381836,364.6587091064453,231,-49.09217138133324,7.927063780778187,False,0
MEDPLUS.NS,,1022.2000122070312,,203837.02429149798,,,,,,648.6357122887698,654.7856662284048,669.3110009765625,753.66900390625,797.9022518920898,97,-38.710624875915975,16.244217986107557,False,0
MENONBE.NS,,330.0,,109216.90322580645,,,,,,295.15743566505296,294.1197127530867,275.0932009887695,221.73568756103515,170.1080298614502,13,-18.74242609197443,42.65332184694943,False,0
METROBRAND.NS,,1268.7835308862811,,67296.33603238866,,,,,,850.839428835074,877.3194329641002,928.0794311523438,980.783119506836,1009.4069244384766,246,-36.39576962066274,0.0,True,0
METROPOLIS.NS,,609.0499877929688,,287670.14919354836,,,,,,552.4061913984233,562.9812056765003,571.8700024414062,559.0415014648438,516.6377627563477,49,-14.440524418322076,9.148556478491932,False,0
MGL.NS,,1294.2042296516877,,271587.1733870968,,,,,,1051.8426039096428,1062.898888956161,1087.9079565429688,1092.3223120117189,1078.9462698364257,242,-31.567811038160976,0.5422092448802651,True,0
MIDHANI.NS,,480.94770175684044,,1326667.314516129,,,,,,438.04095693666005,431.26186708764527,423.07062377929685,420.16382476806643,383.90787841796873,21,-19.68283245494281,14.470843919167976,True,0
MIDWESTLTD.NS,,1859.9000244140625,,108214.92857142857,,,,,,971.3531645307913,985.7718183664657,1073.3090014648437,1175.9965026855468,1275.9652508544923,185,-53.76095549700679,55.0373405263412,False,0
MMFL.NS,,687.9500122070312,,165999.625,,,,,,581.0319799453648,595.1248826655362,612.30099609375,546.0790158081055,488.2734848022461,36,-20.343049600079777,50.6700617598161,True,0
NATCOPHARM.NS,,1224.7419352225772,,1063146.1290322582,,,,,,816.8128227202789,824.5924210016753,859.1047998046874,908.9173522949219,936.9216979980469,104,-35.32515276844946,13.731726338311411,False,0
MMP.NS,,515.4500122070312,,49087.15789473684,,,,,,471.959727667029,458.1546930580225,403.7958447265625,339.183949432373,292.2902123260498,1,-7.818414464283752,43.63547470957945,False,0
MODISONLTD.NS,,546.0,,119017.16599190283,,,,,,470.4050986768702,462.7521877798922,410.6469995117188,348.3726119995117,245.71517478942872,25,-22.390109890109887,83.39199285207374,True,0
MOL.NS,,83.44999694824219,,1145180.1209677418,,,,,,58.517800808613245,59.316890864971896,59.937000122070316,54.68330009460449,54.193300094604496,238,-56.26123267249701,0.8603698905984558,False,0
MOLDTKPAC.NS,,404.36533554514307,,190786.9193548387,,,,,,331.97082607927814,333.65727913778306,338.9295294189453,341.85345062255857,310.72787063598633,234,-42.95705754241899,-1.6701346309444087,False,0
MONARCH.NS,,405.91149198853304,,144004.31578947368,,,,,,346.75152718148104,354.96813177876646,373.0739764404297,358.5773223876953,323.33960609436036,38,-19.933284369987437,12.112516846711795,True,0
MONTECARLO.NS,,829.8154199938156,,48368.4979757085,,,,,,521.9377304223525,523.7330017700077,518.3593273925782,523.3418188476562,539.367502746582,218,-46.10604840582142,24.530121733791454,True,0
MOTILALOFS.NS,,1090.25,,1165047.9233870967,,,,,,1026.1337782654305,1017.5626907475192,976.2530017089844,943.5555017089844,861.4307989501954,2,-7.246044485209813,21.07710027370324,False,0
MSTCLTD.NS,,795.731978165477,,514819.22580645164,,,,,,704.6985357937033,710.5279453059816,685.261611328125,632.9761090087891,539.160041809082,21,-16.645964643388965,19.22663888693732,True,0
MUFIN.NS,,141.5,,1489480.2258064516,,,,,,133.13003089038406,133.27387961468557,134.50779998779296,130.33160018920898,121.29769992828369,33,-11.646645481931872,8.891490122525326,False,0
MUTHOOTMF.NS,,262.7699890136719,,560613.9395161291,,,,,,176.99082634754336,183.57154686695412,202.7784002685547,205.50580001831054,190.90755012512207,52,-36.2902878329081,41.69908036078161,True,0
MWL.NS,,48.0,,918195.5080645161,,,,,,42.05172811353428,41.75677904658849,40.68479995727539,38.93605068206787,33.50441584587097,17,-19.749999046325684,11.58780757597544,True,0
KAJARIACER.NS,,1278.9528521893533,,305721.5362903226,,,,,,1214.9248571289086,1214.7015598552691,1213.2678125,1181.5255151367187,1092.1421881103515,241,-32.3460821254564,2.7938491060993442,False,0
KABRAEXTRU.NS,,888.7000122070312,,128745.7741935484,,,,,,783.7968364439165,743.2148298138513,611.345,441.2032989501953,334.97049934387206,8,-15.944639390195137,118.54665090163428,True,0
JYOTICNC.NS,,1134.5999755859375,,1079924.9233870967,,,,,,1045.2122207178224,1034.1935752331703,965.122001953125,842.668002319336,832.6797512817383,13,-12.903222856434615,40.098106117572115,True,0
JYOTHYLAB.NS,,319.32386836316425,,649630.5322580645,,,,,,187.53655085937152,190.6292453327842,199.15899993896485,198.95708923339845,220.55799667358397,239,-43.630897081802985,2.657271853377119,True,0
GUJALKALI.NS,,793.5892698217052,,1270641.6113360324,,,,,,616.3369158903324,631.690135600822,660.80072265625,642.4820086669922,587.9636715698242,108,-29.07362110864654,72.30617631861165,True,0
GUJENERGY.NS,,428.25011030596914,,1101699.3724696357,,,,,,231.09419007784226,236.22845459457642,249.25739318847656,289.2446585083008,331.49813079833984,186,-48.85232063813441,8.501674377227687,False,0
GULFOILLUB.NS,,1231.8793020953658,,63687.62903225807,,,,,,1094.199045845091,1090.840245687641,1099.8546240234375,1032.1998034667968,1023.326643371582,230,-31.67559848242942,3.5293222780510725,True,0
GVPIL.NS,,1073.741134374155,,504470.22580645164,,,,,,682.6642099823036,676.9161605601427,687.873759765625,770.97927734375,597.6154183959961,76,-44.330157347617416,93.64282399231743,False,0
HAPPYFORGE.NS,,2470.0,,84300.2620967742,,,,,,2012.889642946235,2060.5593333572233,2083.6299951171877,1781.0633068847656,1499.2380548095703,26,-22.72064579643218,62.230663067052895,False,0
HARIOMPIPE.NS,,479.1048963615911,,285904.2782258064,,,,,,337.93757309858296,344.36197700534575,359.6044140625,376.47322357177734,364.1357695007324,239,-44.1678831485412,1.8573887695784386,False,0
HARSHA.NS,,484.79998779296875,,123613.82591093118,,,,,,458.96805950786757,456.01137676115246,439.86999755859375,426.02238708496094,399.73497589111327,5,-10.158828638632711,13.043478260869556,False,0
HATSUN.NS,,1349.699951171875,,76822.81854838709,,,,,,1136.3587063526015,1136.6910898572744,1074.4419982910156,992.8744329833985,959.7098263549805,17,-20.108165678461166,37.03046733007125,True,0
HAVELLS.NS,,1507.8490924045077,,932897.875,,,,,,1056.8607724889443,1086.060331371264,1183.739998779297,1184.2919635009766,1255.974524230957,246,-32.678941102309025,0.6797702870368516,False,0
HDBFS.NS,,794.4312900037413,,842146.6411290322,,,,,,622.2074937856737,641.3984721285856,670.537001953125,684.3559979248047,688.0265942382813,198,-30.299990325111704,4.171714514932989,False,0
HDFCAMC.NS,,2903.739155124938,,976830.0241935484,,,,,,2321.964575233126,2365.8188961234177,2477.5920068359374,2550.51802734375,2553.2310571289063,242,-25.66854515890078,5.922618879577102,False,0
HEGAM.NS,233.55999755859375,753.9000244140625,-69.01976522150686,2217961.7741935486,-2.390505370229057,-9.68291104173391,-56.906686768974765,-58.409898639909756,-0.4261159823202602,244.18712397760424,286.2037381372227,488.91059967041014,523.9721058654785,544.1649105072022,26,-71.60100820133069,38.1565049021505,False,0
HERITGFOOD.NS,,500.02281355138234,,357444.1733870968,,,,,,399.44935396109804,398.33512118118614,379.58499816894533,352.7947619628906,359.5875610351562,235,-41.93132412585273,1.0618558112783782,True,0
HGS.NS,,537.9468144906148,,39892.54435483871,,,,,,366.8653858563934,373.17085582399426,391.18704895019533,402.1009362792969,401.0033184814453,236,-37.23853707562482,7.911489583542242,False,0
HINDCOPPER.NS,,755.9652099609375,,15717641.177419355,,,,,,480.5855786295964,490.5923765344384,514.6428021240234,512.3762109375,525.5959707641601,171,-41.26510268243748,124.46841652852302,True,0
HINDOILEXP.NS,,201.44000244140625,,1062178.7903225806,,,,,,170.74615392065877,172.19002333593144,168.34880096435546,165.73660018920899,156.76590049743652,20,-18.581218963923384,22.669758569137734,True,0
HINDWAREAP.NS,,392.70001220703125,,207949.35887096773,,,,,,171.27897896738213,174.82542313998044,189.97619903564453,212.72549926757813,219.77455009460448,241,-57.98319458339816,5.174173045215835,True,0
HIRECT.NS,,1397.5377365248423,,139049.3185483871,,,,,,1146.2481045087586,1176.705146087001,1236.32119140625,1181.5241345214845,964.1224142456055,59,-22.12016921127945,29.74470216236802,False,0
HITECH.NS,,123.80000305175781,,889282.5120967742,,,,,,72.91962265007552,74.09671449726794,77.99559997558593,83.06990028381348,83.89945014953614,247,-43.57835480430603,0.0,False,0
HLEGLAS.NS,,660.3165096389808,,322264.7701612903,,,,,,440.576733802563,423.4491355192056,385.1696435546875,382.11993927001953,367.7353992462158,231,-62.23279835285147,24.31339668343582,True,0
HMT.NS,,72.94999694824219,,15785.55870445344,,,,,,58.975319275456236,60.46551762589338,61.852000045776364,61.38880012512207,57.60910005569458,74,-25.140503228400135,11.897565880890792,False,0
HNDFDS.NS,,677.75,,65962.6491935484,,,,,,587.0741242453681,597.5622778479084,607.9920007324218,577.4,537.1217503356934,35,-17.88270191177148,17.11424670004551,True,0
HONASA.NS,,506.64561650495574,,1772962.2429149798,,,,,,461.55168457793957,463.4173306209096,468.09766662597656,446.7242114257813,373.39971801757815,37,-18.3156840557669,15.392915067711922,False,0
HUBTOWN.NS,,339.0,,704605.9879032258,,,,,,168.68826501726068,173.07877398294727,180.99019989013672,192.02809951782226,203.45375022888183,221,-54.572271386430685,7.984291037029423,False,0
HUHTAMAKI.NS,,330.0,,509418.5967741936,,,,,,234.2033961195607,240.8027260067833,261.79120056152345,231.8572998046875,206.52158241271974,52,-32.40908998431582,91.28067023274626,True,0
GUFICBIO.NS,,467.79998779296875,,117014.21774193548,,,,,,421.9287398162214,424.2720899478579,420.8480224609375,392.2478909301758,347.6014404296875,22,-14.493371005168676,11.957206298556834,False,0
GSPCROP.NS,,666.5340937074551,,395157.05185185187,,,,,,480.2130869813172,494.6478290068805,552.1157611083985,497.935549621582,,31,-32.186514648358724,61.752273506282386,False,0
GRWRHITECH.NS,,7975.480119830348,,83258.90322580645,,,,,,6854.510252061705,6827.064779163927,6954.784384765625,6695.96966796875,5237.968054199218,44,-21.760196173208747,18.210368390529254,False,0
GOPAL.NS,,363.21223889936397,,121352.75303643725,,,,,,255.170099946562,257.758549850516,266.99699920654297,272.9224995422363,284.09352142333984,227,-31.935466657895795,2.4925780717130808,False,0
GICRE.NS,,402.400829796409,,724534.3709677419,,,,,,322.67013770565865,329.90404160634324,339.71803588867186,348.50929077148436,356.8605679321289,121,-23.459402368571226,1.832750752723511,False,0
GKSL.NS,,209.8000030517578,,1061840.176165803,,,,,,183.60869433276963,178.75510942523252,160.61020080566405,146.0800005340576,,5,-14.204005061146797,44.36352359289639,False,0
GLAND.NS,,3171.0,,396875.03643724695,,,,,,2989.5287278269093,2949.619288552346,2850.928681640625,2590.3517919921874,2162.621473388672,2,-4.79344055502996,19.01182486099071,False,0
GLENMARK.NS,,2535.0776323504288,,660359.4758064516,,,,,,2318.2667126042893,2355.1538516422734,2358.893525390625,2293.9288330078125,2204.910245361328,28,-13.959244350653343,13.749431595487426,False,0
GNA.NS,,648.0,,321662.0564516129,,,,,,583.7522478164215,576.5977129756524,555.8950012207031,493.75046813964843,440.4475300598144,10,-16.234569785035692,16.59306280972057,False,0
GODAVARIB.NS,,353.0,,333090.35080645164,,,,,,229.19810797848655,233.3583928153101,243.35039947509765,262.40319900512696,276.60164909362794,115,-38.52691218130312,15.145223355527882,True,0
GODFRYPHLP.NS,,3398.5380990474796,,720541.6008064516,,,,,,1879.472204586764,1926.1790155252158,2052.0261108398436,2111.9631701660155,2136.7495037841795,243,-47.91878306451576,0.6010654022510886,False,0
GODREJIND.NS,,1443.0,,214870.26209677418,,,,,,1047.5614923409532,1079.1055575349978,1169.6680078125,1175.1810015869141,1072.6550003051757,63,-32.46708246708246,32.10640813673149,True,0
GODREJPROP.NS,,2340.6858887816,,887709.3508064516,,,,,,1617.945459778254,1687.441348362438,1890.73798828125,1878.8182580566406,1821.5436572265626,236,-39.03061453359808,14.216103956577196,False,0
GOKEX.NS,,954.9000244140625,,691553.0766129033,,,,,,681.6728639609603,703.5147919951131,758.285,765.8284997558594,722.4090002441407,219,-44.39208436235745,29.268783227965134,False,0
GOKULAGRO.NS,,259.79998779296875,,1063190.8870967743,,,,,,212.78812127299696,217.8054699671199,228.31159942626954,224.47409957885742,204.7748996734619,30,-21.43956285857862,20.354112572579155,True,0
GPIL.NS,,318.68479368531104,,2319148.560483871,,,,,,218.70690727357484,225.8126724114456,237.61513153076172,251.84502853393553,259.7738677215576,98,-35.823732940826616,17.58938105978278,False,0
GRMOVER.NS,,185.4499969482422,,2163828.310483871,,,,,,79.93354867474525,81.31826453564956,85.82759994506836,99.03380027770996,130.58878337860108,195,-58.47937381121113,19.588496279065872,False,0
GPPL.NS,,194.17086460013374,,1885797.2661290322,,,,,,166.3604510710092,164.42766954488357,158.50988647460937,153.66540649414063,157.92774291992188,185,-29.25682589206965,6.138084090019613,False,0
GPTHEALTH.NS,,175.0,,129642.36842105263,,,,,,150.39558536524058,153.8025379112848,157.10399993896485,152.85592391967774,141.7682836151123,48,-21.057146344866073,12.860631592216865,True,0
GRANULES.NS,,923.6500244140625,,1104523.2550607286,,,,,,839.6306378005481,847.9686853679892,852.1080004882813,829.1044036865235,721.5679055786132,17,-13.387107794697739,-0.19201793219201235,False,0
GRAPHITE.NS,,874.3499755859375,,1714161.3427419355,,,,,,811.852797107947,799.4254163603774,751.7009985351563,703.9426153564453,675.8431591796875,20,-13.432830611468482,36.605738671653356,True,0
GRASIM.NS,,3411.10009765625,,769182.1733870967,,,,,,3008.2649399492693,3088.2516638599723,3208.999560546875,3160.4485986328127,2970.4075219726565,42,-16.346635445830927,9.194365419685546,True,0
GREAVESCOT.NS,,269.68934059737177,,1709007.3709677418,,,,,,217.6424322787885,213.10704745926992,204.27159973144532,206.08756378173828,183.393597946167,61,-33.734864597162805,58.45802717494806,False,0
GREENLAM.NS,,278.54998779296875,,151399.38461538462,,,,,,214.93110279776576,221.9748426977735,239.54400024414062,243.34785568237305,239.00304740905761,44,-26.332792697605022,14.140631161959982,True,0
GREENPANEL.NS,,313.1860419174955,,225439.88306451612,,,,,,159.1341481485913,160.47785804511895,167.74546936035156,179.75084671020508,196.01476684570312,241,-52.58090252120533,1.6882605216507196,True,0
GREENPLY.NS,,333.81821311913393,,454060.7943548387,,,,,,302.0641266333643,297.81746093494536,290.8802252197266,291.0435609436035,260.89226638793946,55,-18.383718593029986,26.205953292747107,False,0
GRINDWELL.NS,,2455.0,,62160.04838709677,,,,,,1986.6398270824934,1974.3852446082738,2014.2440063476563,2010.299766845703,1786.2680535888671,59,-26.126273906886453,28.063939175442542,False,0
GRINFRA.NS,,1306.4560020406548,,70813.91129032258,,,,,,803.8534575614044,817.8292837751856,856.4720007324219,879.6459985351562,907.3731237792969,247,-40.67921163900908,0.0,True,0
ICEMAKE.NS,,917.0517088569006,,33656.83064516129,,,,,,654.4568993101873,671.466390420966,728.4331298828125,757.6197961425781,765.5196469116211,94,-34.35484671301803,24.3613036266612,False,0
ICICIAMC.NS,,3597.034549503453,,690019.8743718592,,,,,,3102.7866211236337,3111.6787712620903,3109.2799951171874,3179.3918041992188,,92,-18.452269266275245,23.112523441246637,False,0
ICICIPRULI.NS,,704.3556293706895,,1506779.9677419355,,,,,,459.01327945754747,466.751391769561,489.36499755859376,493.2714990234375,548.9710293579102,182,-37.27600527766103,8.06375745810104,False,0
JINDWORLD.NS,,61.9900016784668,,7194270.427419355,,,,,,46.0853232874756,46.714013610833575,43.39360000610352,36.96130006790161,31.27220003128052,22,-31.117922879856973,96.57373045992794,True,0
ITI.NS,,358.5,,2273610.1532258065,,,,,,245.69644557159117,251.5170150434173,267.2560009765625,280.50550048828126,283.55085037231447,247,-34.12831411534606,0.0,False,0
IVALUE.NS,,340.0,,332197.0887096774,,,,,,227.35060995394696,230.70019150095976,251.44059814453124,258.83629989624023,251.77014976501465,219,-40.9176456227022,9.118902958591747,False,0
IXIGO.NS,,339.1499938964844,,2150507.5080645164,,,,,,159.16798583988586,161.12997756054546,169.92339904785158,177.33679916381837,186.42234924316406,242,-55.397314759017306,7.307315220317001,False,0
JAGRAN.NS,,68.81048404363386,,265073.74089068826,,,,,,61.88047330132545,61.98503637904394,62.19259979248047,62.897392654418944,60.29302299499512,89,-11.641372558131891,25.165673641678342,False,0
JAGSNPHARM.NS,,260.14646303072993,,256588.68548387097,,,,,,233.6083276534715,233.41798648917018,232.2888739013672,223.2048831176758,203.14207817077636,71,-19.001891669883765,13.181543440932098,True,0
JAIBALAJI.NS,,99.04000091552734,,1991942.8185483871,,,,,,64.98886033106258,65.12604911487887,65.81220024108887,66.98570007324219,67.7858002281189,246,-45.82996664990162,0.030595388437704152,False,0
JAINREC.NS,,593.9500122070312,,2408600.568548387,,,,,,287.5585323910282,287.70888929267767,295.3040008544922,326.47100006103517,375.18250061035155,106,-54.37326468047308,37.76063434777828,True,0
JAYKAY.NS,,273.0,,433325.1990521327,,,,,,221.9250756103752,203.6574127942406,170.6258917236328,172.9238459777832,167.42637298583983,2,-13.406595642313412,72.75410636526641,False,0
JINDALPOLY.NS,,1026.449951171875,,183294.625,,,,,,664.0624738827012,674.0376614953057,664.1369970703125,666.9999981689454,640.9874983215332,137,-40.96156375591977,164.91388442667994,True,0
JINDALSAW.NS,,320.0,,4219495.939516129,,,,,,279.2638918744371,283.7002385542402,284.27800018310546,267.4615866088867,229.0707553100586,19,-18.56249809265137,18.448056130942447,True,0
JINDRILL.NS,,704.4000244140625,,1349280.810483871,,,,,,593.2191969151484,601.2250851125187,614.1648986816406,606.3343109130859,561.3263600158691,19,-18.781948359268654,10.025392734354144,True,0
JKCEMENT.NS,,6739.416026951673,,83556.27016129032,,,,,,4993.6809830428765,5015.896736192857,5166.13,5248.451303710937,5380.593994140625,244,-30.94094065841977,2.188114159239962,False,0
ISGEC.NS,,1105.399615026135,,80592.26612903226,,,,,,889.0761764558347,860.7129656396547,808.2050500488281,865.7450573730468,880.9640148925781,97,-35.13780280979228,20.832861752605126,False,0
JKIL.NS,,666.3511778387405,,115492.0120967742,,,,,,453.9301583532527,463.9736316588117,481.3044128417969,484.3453610229492,504.92129608154295,231,-36.75595317438922,1.755476906647413,False,0
JKLAKSHMI.NS,,874.9722477555258,,167138.64112903227,,,,,,483.6188793668859,495.9308173391291,527.6750012207032,556.8405377197265,622.8774978637696,231,-47.26118303857747,2.961122508823455,False,0
JKPAPER.NS,,442.0,,382580.4314516129,,,,,,389.9085963594845,396.3530245184292,395.62634643554685,378.45887084960935,361.49723663330076,15,-17.12669959435096,8.511120822616824,False,0
JKTYRE.NS,,605.8045982960336,,1315632.8830645161,,,,,,339.3105867625777,346.3005744603812,369.05300048828127,378.8973077392578,421.5560205078125,162,-45.82411339726207,28.784329403722797,False,0
JLHL.NS,,340.0,,228262.84677419355,,,,,,257.60762551112975,266.71554049446013,292.7459991455078,287.32652557373046,272.5864199829102,49,-28.749999999999996,25.994990777172177,False,0
JSFB.NS,,606.9500122070312,,640141.7782258064,,,,,,500.55486975113575,510.7686972517434,538.2099963378906,509.5099978637695,454.22324920654296,33,-23.27209772784706,29.84391874825809,True,0
JSWDULUX.NS,,3687.5560372755367,,103940.89112903226,,,,,,3046.59656574456,3079.7435940712294,3098.960009765625,3075.3525903320315,3007.134892578125,211,-28.785044619648016,4.601153486709575,False,0
JSWHL.NS,,22790.0,,4703.4838709677415,,,,,,11229.509299153686,11261.812811594104,11471.62,11751.91,13874.735,210,-53.795524352786316,35.22532451628704,False,0
JSWINFRA.NS,,375.5,,2500967.22983871,,,,,,351.5106514219451,349.2312799160249,340.01900085449216,322.6399038696289,293.63413444519045,12,-11.731022048726702,14.232448740803715,False,0
JTEKTINDIA.NS,,170.3998031780798,,313219.19758064515,,,,,,115.4831236407861,117.52060199943689,125.44746597290039,129.1282344055176,132.87110710144043,231,-34.859079688022184,7.35741877795999,True,0
JUSTDIAL.NS,,878.5999755859375,,577668.4959677419,,,,,,656.6657847056387,664.6671955478892,679.9740014648437,632.9665008544922,620.8594996643067,245,-45.310720082873324,4.642967147618515,True,0
ITDC.NS,,818.4899820798453,,926625.9233870967,,,,,,669.690078610443,669.2571995426373,674.806201171875,651.6489935302734,591.2407885742188,57,-23.710464572979163,41.081035719258296,True,0
IRMENERGY.NS,,364.9332849694256,,1446554.177419355,,,,,,262.8931862145154,266.99656382823554,276.0340805053711,270.28732025146485,259.08554611206057,111,-34.040177929745965,53.69477230346362,True,0
ICRA.NS,,6484.436750270345,,14982.493927125506,,,,,,4362.548558452,4473.538305901848,4788.7599609375,4949.595444335938,5258.7833959960935,233,-35.257288227270145,3.90581436469013,True,0
INDIANHUME.NS,,426.6626968523802,,103915.62753036438,,,,,,349.3347159554502,356.5136381253241,373.56699829101564,353.5929638671875,353.1795350646973,60,-21.81177108648499,34.51298233561253,False,0
IFBIND.NS,,2019.800048828125,,83752.2379032258,,,,,,1205.939075186246,1229.4275127726567,1307.84,1284.7880017089844,1244.9564978027345,232,-56.27289875948571,10.853213577364084,True,0
IFGLEXPOR.NS,,286.80975594938076,,69811.41935483871,,,,,,187.28729145276176,193.00509208555417,206.0188003540039,199.70859848022462,187.35209609985353,247,-58.73103442046494,0.0,False,0
IGL.NS,,214.49353471687365,,2835086.919354839,,,,,,143.57619459802876,144.94808521893978,148.199013671875,152.84368270874023,159.8749730682373,247,-35.77147459779153,0.0,False,0
IIFLCAPS.NS,,407.5051309315702,,695791.1411290322,,,,,,345.09723840492796,343.66629083064464,338.9259997558594,339.83699981689455,329.6742035675049,186,-41.00687926384582,23.942339007899193,False,0
IKS.NS,,1970.0,,246531.28744939272,,,,,,1770.1829146677082,1778.8437287809409,1786.3980053710939,1763.232001953125,1659.2110034179686,11,-14.045682800602787,6.495937284464159,False,0
IMAGICAA.NS,,62.0,,946181.3991935484,,,,,,49.90657496842134,50.858232302632196,50.95100021362305,48.21570003509522,47.204300003051756,28,-24.596774193548388,21.33305255801512,True,0
IMFA.NS,,1670.7880501060147,,210339.60483870967,,,,,,1195.5691042723186,1226.673095926279,1328.7730810546875,1360.8243615722656,1345.0961767578126,112,-31.774708088094496,30.04403365581061,True,0
INA.NS,,161.80999755859375,,1322766.308219178,,,,,,85.15695423185562,87.80446952881003,95.07640014648437,107.30310005187988,,113,-51.17730598111346,61.58454356028964,False,0
INDHOTEL.NS,,757.4000244140625,,2637618.5362903224,,,,,,724.3119463084755,724.9124244064925,727.212001953125,712.7866040039063,687.0260598754883,48,-7.373915344708404,12.136520647538118,False,0
INDIAGLYCO.NS,329.6000061035156,1219.0,-72.96144330570012,294086.8266129032,10.3079048088474,14.843207701573391,-69.13135040004536,-63.987980758971254,-0.42335165402402697,327.82792549271016,370.40054765363175,693.4100033569335,863.8545030212402,902.6158394622803,31,-82.19852337981952,18.66984629919708,False,0
INDIAMART.NS,,2455.004088492464,,113282.7620967742,,,,,,1616.6848825499897,1641.2721933835078,1709.826005859375,1820.8748168945312,1952.1988482666015,224,-36.24857966949402,2.690498532081409,True,0
INDIASHLTR.NS,,911.9719209725083,,134535.44534412955,,,,,,644.9248284473632,651.9803220725698,669.15599609375,720.1213482666016,742.4712692260742,220,-31.999000171765466,3.660462747114712,False,0
IRISDOREME.NS,,68.0,,599591.4372469636,,,,,,60.695530135521196,61.06792000523099,58.99539978027344,49.79449993133545,41.742549953460696,12,-15.676470363841332,37.17124996464947,True,0
INDIGOPNTS.NS,,1340.211918083566,,134229.3306451613,,,,,,1071.1505007859519,1089.6982922432142,1117.4760888671874,1066.5876586914062,1014.2241909790039,221,-47.39207785097419,26.406103009317427,True,0
INDIQUBE.NS,,232.00999450683594,,98745.93117408907,,,,,,195.53144157725197,195.4075462632528,190.60939971923827,178.82690032958985,176.65050025939942,214,-43.47226541888472,2.2359524489589333,False,0
INDOBORAX.NS,,542.7999877929688,,268250.7419354839,,,,,,476.86370565885164,475.83861655285216,464.08,408.26695388793945,320.57576278686525,22,-19.85998345933735,16.292099936605453,True,0
INDORAMA.NS,,112.30000305175781,,563667.5967741936,,,,,,94.85148978242965,91.45232968297012,74.88780014038086,60.05710006713867,49.618250122070314,12,-23.06322424046764,108.22275070340667,True,0
INDOTECH.NS,,4018.066930770861,,38653.396761133605,,,,,,3268.8849503946494,3331.4203414009785,3518.6495458984373,3211.3146044921873,2416.7235693359376,32,-24.090361106277236,24.942414570124804,False,0
INDRAMEDCO.NS,,633.800908786859,,330214.8306451613,,,,,,340.48038577252737,348.21301563542136,359.1918011474609,366.8745068359375,385.81023345947267,229,-49.96062809320792,12.155587249155664,False,0
INNOVACAP.NS,,1353.5,,76954.06854838709,,,,,,1176.224830346899,1174.0585195740077,1099.8040002441405,1016.3979986572266,865.1382205200196,11,-17.620982637606208,35.55497263890703,False,0
INTERARCH.NS,,2742.1363509030452,,96124.86639676114,,,,,,1689.1265243304524,1694.2127712144277,1713.900517578125,1756.9418884277343,1872.15337890625,226,-42.08354486453572,33.85566992533262,False,0
IONEXCHANG.NS,,484.3644916198611,,450610.4129554656,,,,,,408.15343191188566,411.10877201364974,401.6018768310547,397.62036071777345,383.9507879638672,62,-25.520964843326343,15.009547163282889,True,0
IPL.NS,,206.60935059147548,,476196.49596774194,,,,,,131.620624717448,133.23057818749888,138.08479095458983,148.52214599609374,152.57240505218505,246,-39.82283761364906,-0.4079856279619043,True,0
IRCON.NS,,183.78538352585957,,3822161.6612903224,,,,,,107.36991186810968,109.58649966384361,117.77813934326171,125.5987303161621,137.02428150177002,194,-44.71812908896238,3.7684391725042454,False,0
KIRLFER.NS,,509.728293793752,,166970.37096774194,,,,,,470.39988965758494,469.06040270552,458.97200073242186,454.6789730834961,,76,-16.033697714810625,15.973914767997721,False,0
