Ticker,Current_Price,High_52W,Pct_From_High,Avg_Volume,Return_1W,Return_1M,Return_3M,Return_6M,RS_Composite,EMA_10,EMA_20,SMA_50,SMA_100,SMA_200,RS_Percentile,Sector,Industry
CYIENTDLM.NS,968.0,1009.0,-4.063429137760155,643552.8247011952,12.925803338207164,39.98553868402024,124.15190142847136,221.38112907334167,1.3508771012850285,869.2681488960536,811.6204545236585,682.2710009765625,556.9630001831055,460.16125030517577,99,Electronic Technology,Electronic Production Equipment
TBZ.NS,542.9500122070312,583.0499877929688,-6.877622232311298,1247123.952191235,49.03926170746651,98.03514131973516,229.144440972571,301.6133259322448,2.138996170993629,427.48405224165526,366.2964670669395,280.8907229614258,219.75281372070313,186.50032493591308,99,Consumer Durables,Other Consumer Specialties
BODALCHEM.NS,186.3000030517578,189.67999267578125,-1.7819431434715538,548832.508,46.97065313357995,170.54894191178929,178.6836309710285,323.1206182530194,2.216601902882322,142.83342380868035,118.27572860227635,81.33540077209473,75.31370018005371,63.643300189971924,99,Process Industries,Industrial Specialties
SIGMAADV.NS,767.7999877929688,801.0,-4.144820500253587,281532.7250996016,-0.6662816912774816,9.45897418651045,60.12512779832508,391.3605623859021,1.764069299620327,754.6932566748586,728.4954933119251,644.5060009765625,522.9761997985839,350.9884003448486,99,Technology Services,Information Technology Services
SETL.NS,418.6499938964844,419.6499938964844,-0.2382938197412865,555430.545816733,11.654882055404192,40.81735993478086,163.4675959580052,239.89607868812817,1.5432767045514941,383.9401049084444,356.87072825541026,306.7809997558594,232.5704997253418,183.35354972839355,99,Health Technology,Medical Specialties
STLTECH.NS,856.0,864.4000244140625,-0.9717751245734263,3998702.151394422,23.39627864162861,34.2218737749902,50.59816383407287,375.1859680805512,1.7443783900160326,747.8344118916837,702.9722986126395,613.7130023193359,547.3100994873047,344.5572495651245,99,Technology Services,Information Technology Services
MODISONLTD.NS,506.45001220703125,546.0,-7.243587507869731,115989.73306772909,-2.7273622474159875,64.72596913282833,67.77278418531345,297.3771988174958,1.5195517238441643,471.8137907508262,432.93697171568436,343.114365234375,292.6581956481934,216.34648071289064,99,Industrial Services,Engineering & Construction
HFCL.NS,246.88999938964844,256.70001220703125,-3.821586424184087,29047679.198412698,9.113004255021862,15.239914609471095,43.657627436769374,242.6172741525506,1.1410348123944747,239.16622079914237,233.48745851019768,219.5225988769531,191.87269950866698,131.13524984359742,98,Producer Manufacturing,Electrical Products
BLISSGVS.NS,703.5,725.9000244140625,-3.0858277532286205,2402875.665338645,11.59580786087082,46.62359689420348,61.46541410892545,216.06010743194705,1.1534796737038424,646.5141482050731,603.6300644133213,529.4530053710937,448.28744140625,320.5882395172119,98,Health Technology,Pharmaceuticals: Major
NOVARTIND.NS,2067.10009765625,2069.800048828125,-0.130445024069048,39268.333333333336,29.0727504000156,29.70447141799031,58.81224158180469,207.4897876766456,1.0948775686879928,1707.0313049492488,1637.369220967138,1583.557998046875,1433.6549987792969,,98,Health Technology,Pharmaceuticals: Major
JINDWORLD.NS,55.15999984741211,61.9900016784668,-11.017908769354323,6482515.599206349,37.24807596971287,51.62176533237199,84.6668841567658,152.10238557193568,1.0029018013924968,49.01625672868074,44.2773719403165,37.27920021057129,32.889900093078616,29.615900049209596,98,Process Industries,Textiles
PRIZOR.NS,1224.4000244140625,1224.4000244140625,0.0,25116.129032258064,10.395821059071974,36.19577579689237,48.09797694757334,217.57231569970546,1.0973705662943987,1125.3681174525354,1050.0625892741593,911.5209997558594,817.8184997558594,570.6867496490479,98,Distribution Services,Wholesale Distributors
PVP.NS,61.900001525878906,71.9000015258789,-13.908205546283202,1344719.282868526,0.1456077505068265,79.62856404651053,99.03537223993317,138.53564433909966,1.0106514299197262,61.77801439443976,55.4438670969733,39.02100009918213,34.43950006484985,32.73574995040894,98,Technology Services,Information Technology Services
KABRAEXTRU.NS,650.1500244140625,677.75,-4.072294442779412,105390.77290836653,16.10858295216564,27.806174329216216,174.0242937986456,172.94291886801818,1.2855654884786074,606.5291335005804,570.0684058626126,451.1780010986328,344.9522998046875,285.84209983825684,98,Producer Manufacturing,Industrial Machinery
IOLCP.NS,214.3000030517578,219.0399932861328,-2.163983920590762,3298904.6706349207,13.7594211153512,30.559281009277694,59.63944746908601,199.2180882902647,1.0506686787022232,199.39381806415898,187.95558393965212,167.39919982910158,143.12849990844725,110.45358375549317,98,Process Industries,Chemicals: Specialty
WELCORP.NS,2621.10009765625,2676.0,-2.051565857389759,942279.8844621514,2.6433269665815384,41.79605613504194,89.27617991665768,224.14685966884323,1.2506514176620114,2493.0942706063065,2318.5309855473597,1897.2920092773438,1617.550460205078,1218.7374603271485,98,Producer Manufacturing,Industrial Machinery
CUPID.NS,268.54998779296875,299.0,-10.183950570913458,29011552.638888888,-4.328473062231719,-2.927889492940472,67.87521769313668,209.03335221805986,1.029574809903537,277.40417905437823,274.1881439859754,248.21539825439453,194.4478987121582,139.56104944229125,98,Consumer Non-Durables,Household/Personal Care
INDSWFTLAB.NS,382.8500061035156,401.45001220703125,-4.633206012688684,825917.82,3.9929410432543833,61.37666381673863,141.34778687445987,168.42178573721034,1.2244767722489527,364.4737148222093,340.7242958608558,275.57900177001954,214.5665005493164,166.51805019378662,98,Health Technology,Pharmaceuticals: Major
MOREPENLAB.NS,114.81999969482422,122.55000305175781,-6.307632121126017,8534469.57142857,2.5453232500225464,49.330212779637804,129.09018783274428,186.26277224536256,1.2335274012889812,110.49859832561289,101.5255025739605,77.93160026550294,62.1134001159668,50.91980009078979,98,Health Technology,Pharmaceuticals: Major
SHILPAMED.NS,965.25,980.0999755859375,-1.5151490619168428,867886.1354581673,8.55974636486836,19.603260963278313,79.24396955313728,185.207756232687,1.0263292018815848,922.9284208773872,873.3153156468338,733.624375,614.0194607543946,472.2849517822266,98,Health Technology,Pharmaceuticals: Major
VINDHYATEL.NS,2914.800048828125,2952.60009765625,-1.2802292074070687,52594.900398406375,13.121438431451171,19.537408364660248,47.71178893644483,159.73551795922515,0.8342736938070068,2682.3348050550812,2557.9425630297346,2234.4658154296876,2036.2817687988281,1640.6040490722655,97,Industrial Services,Engineering & Construction
SBCL.NS,1143.300048828125,1215.699951171875,-5.955408838666154,345558.0401606426,6.850471853095796,24.398715756750853,60.33419527021764,176.9796344462205,0.9445690269621324,1082.5660540564763,1030.9558611762784,876.0923181152343,773.6865435791016,608.2725834655762,97,Non-Energy Minerals,Other Metals/Minerals
E2E.NS,614.7999877929688,698.0,-11.919772522497318,1447982.9641434264,-0.982450697574111,1.990710060220069,66.6124628165227,153.82930958722022,0.8181535962213149,612.213020811425,604.9376377523316,532.8930029296876,448.27720123291016,338.3005005645752,97,Technology Services,Information Technology Services
YASHO.NS,4098.10009765625,4994.0,-17.939525477447937,32368.36144578313,-4.021258955578045,-2.4563756891642807,60.53411597352814,184.45809264595158,0.9105007081704841,4170.090122970277,4148.161346335008,3714.1997216796876,2925.4836547851564,2181.814602661133,97,Consumer Non-Durables,Food: Specialty/Candy
FCL.NS,59.40999984741211,60.189998626708984,-1.2958943297778247,12376637.734126983,20.901452426708133,38.33780825268871,51.82901416757859,163.96547663650085,0.9089260179808247,53.172354316400835,49.87902128745412,43.10830383300781,38.804816513061525,31.038627595901488,97,Process Industries,Industrial Specialties
CONFIPET.NS,86.5199966430664,88.2699966430664,-1.982553604342363,2446226.8095238097,4.809198600294962,10.328996000064606,22.86282148928125,192.49491841184016,0.8640353287156286,82.02868195225244,80.07177409766531,77.24560028076172,71.13850017547607,53.98840015411377,97,Retail Trade,Specialty Stores
INDOTECH.NS,3666.300048828125,4030.0,-9.024812684165628,37883.3453815261,-0.9991088896971312,-3.330170478721861,42.66314596473029,177.53974631552802,0.8304889733091622,3676.074822101034,3660.973704768935,3511.72599609375,3059.0829956054686,2260.841996459961,97,Producer Manufacturing,Electrical Products
KSHINTL.NS,1169.25,1198.0,-2.3998330550918157,428902.2011173184,22.69150052465898,29.83011677734908,42.87896803110656,195.48899770774972,0.9929446290036757,1042.2875848216463,1003.9996319523335,925.1990002441406,834.0649993896484,,97,Producer Manufacturing,Electrical Products
WHEELS.NS,2332.300048828125,2417.39990234375,-3.520305160644621,136770.56175298805,51.27123978241115,65.21216473033415,44.60456450918069,152.83200009951204,0.9268372631686695,1739.778609205432,1624.0110121516905,1499.0400024414062,1478.2800390625,1178.7468276977538,97,Producer Manufacturing,Auto Parts: OEM
UFBL.NS,710.0,850.0,-16.470588235294116,201264.58467741936,-2.4189082155705366,-12.08518803076063,26.695212182111305,198.8970363170624,0.8490844975374917,731.086290775716,742.5430135385079,730.9719946289063,600.0286972045899,408.3029485321045,97,Consumer Services,Restaurants
BLUSPRING.NS,128.99000549316406,139.8000030517578,-7.732473049082545,538890.5418326693,-2.604950834071851,9.452700180975594,45.98235016088559,169.74070747876908,0.8332103299256125,129.49171150211407,126.20466784043397,117.885400390625,99.7258003616333,80.32095016479492,97,Commercial Services,Miscellaneous Commercial Services
BIRLACABLE.NS,356.8500061035156,376.54998779296875,-5.2317042432847956,77986.24899598393,15.164920600715504,40.37606572473664,85.5751952777063,158.19623933526276,0.9854275952243589,329.0877604803724,302.78231561747754,241.14971435546875,212.0773747253418,173.25439765930176,97,Producer Manufacturing,Electrical Products
SUDEEPPHRM.NS,1351.0,1378.0,-1.9593613933236553,553479.3673469388,9.75708613241013,28.263546698121633,85.44655522226701,127.78572517196265,0.833766745883305,1255.9132029596342,1180.8901247421757,995.4886560058594,861.5789764404296,,97,Health Technology,Pharmaceuticals: Other
AEROFLEX.NS,566.0,584.1500244140625,-3.1070827108614862,1979207.310756972,2.5269472901904733,34.52168746286392,38.67033051003457,156.94481696166335,0.8153605815926754,540.6618707804928,516.0279676454938,461.54528076171874,430.95569305419923,319.8721363830566,97,Producer Manufacturing,Industrial Machinery
INDORAMA.NS,76.0999984741211,78.0,-2.435899392152441,347486.81746031746,13.973344765808893,31.09388367663748,67.80595597494327,118.61532741136584,0.7540402896893771,70.19594409954044,66.0428114929822,57.159000091552734,49.31510005950928,45.116250114440916,96,Process Industries,Textiles
SKYGOLD.NS,822.9000244140625,868.7999877929688,-5.283145030366187,1104965.111111111,9.268364239929516,4.157969385312121,61.68582467374464,141.03691831452502,0.7667894502898877,796.8376638435844,782.7798249795483,710.8809985351562,600.4109991455078,471.4972491455078,96,Consumer Durables,Other Consumer Specialties
MARINE.NS,425.1000061035156,450.0,-5.533331976996525,654627.812749004,-1.733703165553202,19.69590691515528,82.6030930115599,126.20125720799793,0.7902724185314287,412.77812884684784,389.9825966422844,322.07000122070315,282.7087005615234,238.75620018005372,96,Distribution Services,Wholesale Distributors
DEEPINDS.NS,813.6500244140625,825.0,-1.375754616477276,372535.1633466135,22.35338712993422,26.051556274351807,62.18250036041659,135.27324431812616,0.8020969780323921,741.7143478360572,700.6457509850754,589.8119555664063,535.4760940551757,471.53656326293947,96,Industrial Services,Oilfield Services/Equipment
DIACABS.NS,334.6499938964844,379.0,-11.701848576125496,3269476.372,-3.6423824765652535,-8.075812356077828,69.87309334846923,148.27510242996144,0.7829256825765324,337.8016905536931,337.5784482331486,302.0413998413086,244.98949981689452,190.05409980773925,96,Producer Manufacturing,Electrical Products
TFCILTD.NS,140.99000549316406,147.64999389648438,-4.510659450476884,8933024.529880479,-0.05671073006384697,23.00595851814893,91.62718901975116,112.89990934395506,0.7724364107413076,140.21402975574713,133.13582000617583,107.82543869018555,91.37377647399903,79.10807577133178,96,Finance,Finance/Rental/Leasing
BHAGERIA.NS,323.0,342.0,-5.555555555555558,210127.36947791165,28.849533045006236,55.715186523126306,57.12245560842424,114.43140566392094,0.7693728955722153,271.08591724775823,248.40216605049685,220.22916076660155,199.62010696411133,181.44321090698242,96,Process Industries,Chemicals: Specialty
MMP.NS,467.79998779296875,483.0,-3.147000456942284,39196.16129032258,19.500542898322415,44.114907064416784,80.38554987580957,101.90445632559091,0.7565048319569483,404.1345376599909,383.19613491927,325.94179870605467,297.7895529174805,270.44613677978515,96,Non-Energy Minerals,Other Metals/Minerals
MENONBE.NS,277.0,323.95001220703125,-14.49298053337509,105778.772,-8.095552219839973,12.350434626378771,68.13411183216405,139.90712149995872,0.7806361385292446,289.008686954129,275.0003321532506,229.8588540649414,188.0181867980957,151.2408445739746,96,Producer Manufacturing,Metal Fabrication
AVADHSUGAR.NS,819.0,884.7999877929688,-7.436707583721747,110736.86746987952,-4.244123501818098,36.261545068378574,83.1216973926866,117.24846644167113,0.7866379245796834,809.7630576884267,767.0480284238477,628.4641534423828,545.3941128540039,459.63884216308594,96,Process Industries,Agricultural Commodities/Milling
RPEL.NS,1691.0999755859375,1943.699951171875,-12.995831760639941,99244.63745019921,-4.705285762918487,29.894764872367197,42.342412970301304,142.63817673847385,0.7526641898466152,1716.9588650072085,1647.8809822786313,1433.5619946289062,1199.5023114013673,997.6264666748046,96,Process Industries,Chemicals: Major Diversified
RATNAVEER.NS,293.04998779296875,314.8999938964844,-6.93871277453828,2565746.424,0.5834843500394982,40.963965872983074,83.27079360783631,109.29151467723935,0.7694898556284719,288.3510227246955,270.801855657231,219.83782928466798,196.1203143310547,172.99755699157714,96,Non-Energy Minerals,Steel
INDOBORAX.NS,517.0999755859375,542.7999877929688,-4.734711272107395,223877.312,0.2034662954764066,20.395803396027357,57.12415755134439,131.6115082857175,0.7388135788844342,504.33862007374324,485.4426334898595,434.56220153808596,364.18306777954103,297.1930204772949,95,Process Industries,Chemicals: Specialty
MANINDS.NS,810.2999877929688,844.4000244140625,-4.038374660725063,819726.1274900398,6.234020031854315,47.461326258957,59.17886400628276,101.76792218078488,0.6857649532917561,769.122848646248,720.848470119148,613.627998046875,579.9379983520507,490.8372491455078,95,Producer Manufacturing,Industrial Machinery
UTLSOLAR.NS,438.8500061035156,494.25,-11.208901142434879,630128.1881188119,-0.06831100925381861,10.056427862950624,44.168861663234104,139.259628439914,0.7095896434660057,436.5553376287226,433.26597613031277,401.8939984130859,350.5354986572266,279.17604934692383,95,Electronic Technology,Semiconductors
RUBICON.NS,1839.699951171875,1899.0,-3.1226987271261164,507039.5714285714,0.5960138917720625,11.153403317560052,42.14599889798058,133.42645616786086,0.6830466418922774,1801.3734712819048,1759.2817753707475,1602.4673461914062,1363.5535565185546,1044.7029043579103,95,Health Technology,Biotechnology
OAL.NS,538.7999877929688,545.9500122070312,-1.3096481828360318,31318.844,20.725969645983767,42.40781792020228,67.34144838127929,110.95163808229867,0.7513725029594208,478.86036936116153,439.2235249561917,379.1648693847656,348.4836831665039,313.8495748901367,95,Process Industries,Chemicals: Specialty
BHAGYANGR.NS,402.3999938964844,432.29998779296875,-6.916491959468585,230733.192,4.600982876997595,2.3397714658790703,27.664967738699843,158.5785930615552,0.7265898012710761,384.03088365688865,384.0437110687644,386.5090002441406,347.3159002685547,251.872850151062,95,Producer Manufacturing,Electrical Products
AVALON.NS,2269.60009765625,2400.0,-5.433329264322917,368682.2948207171,-2.1133441704557665,17.98098223549158,44.72644868788811,138.6540586389327,0.7226442009199227,2237.0625918682126,2164.6691374059415,1928.1600146484375,1688.9800073242188,1315.6642556762695,95,Electronic Technology,Electronic Production Equipment
SUVEN.NS,362.3999938964844,403.3500061035156,-10.152475911087965,796580.4422310757,-5.031449659312348,8.959707530400362,37.71613235873457,150.91740793064062,0.7297059942002546,369.8949445560497,361.21312082770095,338.34700073242186,292.6035008239746,225.1066007232666,95,Health Technology,Pharmaceuticals: Major
UNIHEALTH.NS,724.0,820.0,-11.707317073170731,37811.740890688256,0.8426753520583752,-6.881028938906752,57.15215559287763,127.49410840534172,0.6685135178742447,721.7639582716439,724.2535870258823,720.5580004882812,599.2120001220703,461.7427505493164,95,Health Services,Medical/Nursing Services
PAISALO.NS,79.54000091552734,80.0,-0.5749988555908248,10306150.603174603,19.573068144190977,14.759780287519542,34.13153783957801,143.01864353186193,0.723561816365412,73.67155120743162,71.68972962394405,70.87360000610352,61.966599731445314,48.85324984550476,95,Finance,Finance/Rental/Leasing
ANTELOPUS.NS,1198.199951171875,1200.0,-0.15000406901041208,450234.81673306774,51.163806757919474,51.26877769255509,39.382297114289976,107.19349411448205,0.7006222299438278,950.3234633797706,892.4545270716351,840.8789990234375,800.2014959716797,650.8572477722169,95,Energy Minerals,Integrated Oil
MACPOWER.NS,1913.5,2050.0,-6.658536585365848,32260.5140562249,-3.8103879237713745,13.824283373334811,96.42764995575945,108.0230527571754,0.7452133397188782,1909.217571210229,1846.9272621553544,1599.470009765625,1351.6120068359376,1145.3502532958985,95,Producer Manufacturing,Industrial Machinery
RISHABH.NS,833.5499877929688,842.0,-1.0035643951343487,152439.45381526105,19.81457139099707,24.05863335395393,55.890204961362144,121.04020726197024,0.7197632820308724,748.2835032532993,716.4520994477631,666.5697143554687,594.5796853637695,498.1586723327637,95,Producer Manufacturing,Electrical Products
KENNAMET.NS,4674.39990234375,4860.0,-3.8189320505401247,25248.83653846154,6.330606640096148,41.22481163354195,70.349850668504,91.33061741844986,0.6651522515864915,4456.3667613384905,4143.389454945067,3374.730009765625,3115.282282714844,,94,Producer Manufacturing,Metal Fabrication
SIGACHI.NS,34.9900016784668,46.62345355852283,-24.951930824801426,6408307.984,10.308961021117025,37.701699679586454,69.6073829465274,86.41449560537538,0.6401924916413737,33.191037500358206,31.523521852930408,27.289200019836425,24.435699977874755,25.128699979782105,94,Health Technology,Pharmaceuticals: Major
UNIVCABLES.NS,1542.800048828125,1774.9000244140625,-13.076791503372664,177444.04780876494,-6.189950642650544,-8.893349085550351,36.51087783392306,139.123320431434,0.642049266413754,1586.9775198456612,1578.316699923343,1417.4400268554687,1254.7244403076172,1012.6467471313476,94,Electronic Technology,Electronic Components
BLSE.NS,327.0,330.7814213322901,-1.1431782707322702,581195.4841269841,1.4442101795109075,3.104875138838592,43.39432611310021,131.2289072387864,0.6627525677516344,321.8301790045681,317.3394745425913,297.3244418334961,254.94770050048828,215.23106979370118,94,Technology Services,Internet Software/Services
PARAS.NS,1495.0,1583.9105379095645,-5.613356043890461,1749374.9322709164,8.32548557688948,18.02984573481121,51.251476216131934,112.76090465564752,0.6491832243174979,1448.9522865736471,1421.4916268793713,1325.5842993164063,1135.5214880371093,903.1230728149415,94,Electronic Technology,Aerospace & Defense
COMSYN.NS,303.70001220703125,314.8500061035156,-3.541366898629983,303608.476,-0.21356789336265392,12.887043669868392,79.30098208294987,98.49674000459558,0.657450425713606,295.8565198919636,282.95453980035535,235.6970001220703,196.5638998413086,175.55559982299803,94,Process Industries,Containers/Packaging
KODYTECH.NS,1569.949951171875,1596.0,-1.6322085731907854,15180.645161290322,10.629975208311349,14.473732696580432,77.4255517306504,96.48935559097309,0.6578115181573158,1494.9636497014365,1448.6489642753731,1325.6549926757812,1093.833995361328,963.0974978637695,94,Technology Services,Packaged Software
ATHERENERG.NS,1583.800048828125,1744.0,-9.185777016735951,3892081.6587301586,-6.0672515413721095,3.8285055381781063,53.96132244624787,125.61254256810899,0.6659238971461636,1592.138908000206,1548.3096275723287,1390.3039990234374,1178.8294995117187,945.4477490234375,94,Consumer Durables,Motor Vehicles
SSWL.NS,375.04998779296875,379.04998779296875,-1.0552697873148942,627611.5060240964,22.705707600958867,21.572119219762964,65.15478173460632,99.95200359761509,0.6611223056347642,339.78282051099023,324.1486716989907,293.0831997680664,255.28029983520508,227.3693504333496,94,Producer Manufacturing,Auto Parts: OEM
CPPLUS.NS,3881.39990234375,4094.0,-5.192967700445772,265221.4880952381,4.299457306354837,1.994479105078173,15.025983960682442,145.3194692202509,0.6346442442795621,3723.503403586943,3652.8926664736327,3582.999306640625,3254.222626953125,2428.80436340332,94,Consumer Durables,Electronics/Appliances
ASIANENE.NS,557.0499877929688,565.7000122070312,-1.529083299877465,294869.22310756973,14.056100482064027,38.32877350562009,53.881212097505184,104.01025918204168,0.6683983205139865,511.9138250980745,481.98570534798114,409.8869958496094,375.73719787597656,327.5824490356445,94,Energy Minerals,Oil & Gas Production
GANDHAR.NS,267.54998779296875,300.3749196686875,-10.927986901144916,1389419.6706349207,0.6016076377135082,9.917416608879147,69.32508417653108,107.46746059082146,0.6582815357483509,262.82729020443384,256.6081330810022,235.78854522705078,196.12847381591797,167.8183263015747,94,Process Industries,Industrial Specialties
PCCL.NS,430.3500061035156,444.95001220703125,-3.2812688398629275,13453.225806451614,7.052240324257619,44.70410724127554,54.24731401559699,97.36299017678292,0.6486543575607314,402.3551984973728,371.9231910230541,303.71000091552736,290.5260006713867,254.0167505645752,94,Process Industries,Industrial Specialties
IRISDOREME.NS,61.15999984741211,64.12999725341797,-4.631213992212613,538425.7580645161,4.582763895612185,12.179015652783075,71.268556189926,96.59273110737803,0.6291173882004685,59.60114475022192,57.88290664184459,51.927399978637695,44.36930004119873,38.77124995231628,93,Consumer Non-Durables,Apparel/Footwear
ENTERO.NS,1877.699951171875,1920.0,-2.203127543131511,150707.13147410357,4.467560123906722,31.56530377051192,65.18870694382188,81.6835946949081,0.5898986672760286,1797.9977240978353,1680.5821403134748,1403.1619995117187,1295.9600048828124,1200.776502380371,93,Distribution Services,Medical Distributors
RUBYMILLS.NS,463.29998779296875,474.45001220703125,-2.3500946627011743,45005.33064516129,20.541168319427538,22.404223987574312,31.15357050048655,115.91014252937643,0.6224508979135416,411.2932243991944,399.48892252388447,382.49300048828127,328.41120010375977,269.51914993286135,93,Process Industries,Textiles
SHANTIGEAR.NS,704.0,727.0,-3.1636863823933936,107953.84,32.66747717148388,76.2864628121518,60.649632925446404,59.47238217616913,0.6050788302768032,585.1950315981553,533.2124259662877,456.21504150390626,452.59150451660156,452.1654048156738,93,Producer Manufacturing,Auto Parts: OEM
SAKAR.NS,1120.050048828125,1178.949951171875,-4.9959629147279365,111724.956,29.73302606141508,21.132322419813356,33.49821797713051,113.99503182713873,0.6284724521409881,979.1814265612271,942.3719110311235,888.3340014648437,810.1005004882812,633.3562495422364,93,Health Technology,Pharmaceuticals: Major
AEGISLOG.NS,1338.0,1497.800048828125,-10.668984084568045,1364317.232,9.735089511884954,0.32241500978886783,45.27804753782454,108.11162681192785,0.5786605693926478,1288.5305207008837,1295.9926687753396,1311.5662890625,1060.0733990478516,874.541517944336,93,Distribution Services,Wholesale Distributors
RPTECH.NS,797.8499755859375,965.4798808795799,-17.36234059490983,490582.7619047619,-1.0234462535497868,-9.925136835234882,43.210000705534156,128.84092941603518,0.6241199998567236,819.1161848493256,822.9053651563391,811.5625146484375,692.6620700073242,527.177176361084,93,Distribution Services,Electronics Distributors
SYRMA.NS,1638.9000244140625,1660.0,-1.2710828666227414,1492645.4621513945,13.191518528863488,8.188898079761287,32.77569174377541,115.5533381712627,0.5901097426047631,1515.962363288405,1483.9596088823805,1426.8182788085937,1284.6862799072267,1033.5334884643555,93,Electronic Technology,Electronic Production Equipment
RAYMOND.NS,783.3499755859375,869.0,-9.856159311169444,642793.3386454183,23.303949415660185,24.936200252940587,41.1314283062598,109.08847947355812,0.6329245527345533,720.8881367010075,681.8782485033905,630.2299963378906,577.9989984130859,492.24850006103514,93,Process Industries,Textiles
ARROWGREEN.NS,803.4000244140625,821.5999755859375,-2.2151839961893183,57822.17269076305,14.477064461144696,2.815459343822879,35.9390904253913,117.16448112034774,0.5965831789063554,758.2118890858584,743.1002381479897,714.1719982910156,629.0139987182617,549.9929997253417,93,Process Industries,Containers/Packaging
KAPSTON.NS,569.8499755859375,600.0,-5.02500406901042,33271.976,-2.888550197620565,8.357092438024182,69.7244901223939,95.48884239654802,0.6049544746318016,562.0386653627867,545.1276799627807,485.15500305175783,413.2410012817383,368.59591659545896,93,Commercial Services,Miscellaneous Commercial Services
BALAMINES.NS,2403.60009765625,2629.800048828125,-8.601412539811637,309524.76892430277,-0.25313747102242434,17.472270482185802,17.600200723663505,135.10883443270058,0.627927343395142,2407.585258791048,2331.429775360154,2239.943903808594,2004.4982763671876,1554.8078652954102,93,Process Industries,Chemicals: Specialty
EMIL.NS,181.6999969482422,196.74000549316406,-7.644611225470587,2377819.3984063747,3.4149118407597268,0.5144618320523708,78.9090205948584,92.13280906691867,0.6097021335571143,179.87541971187503,176.59794846917964,155.97500076293946,135.83320030212403,118.2508501815796,93,Retail Trade,Electronics/Appliance Stores
VENUSPIPES.NS,1973.699951171875,1998.0,-1.216218660066315,83480.012,22.8803798522248,21.901643165887876,46.126782362099576,99.12445119637174,0.6015618180557863,1726.3224320782117,1673.3804861990632,1677.2188500976563,1555.452110595703,1340.807712097168,93,Non-Energy Minerals,Steel
DOLPHIN.NS,696.9000244140625,714.9000244140625,-2.5178345762056686,117575.288,19.48564499169525,69.5414292932825,77.4863199406514,45.59699849589429,0.5734154573837916,627.4089536665903,585.7970643615848,468.3319989013672,435.7164981079102,423.2927490234375,92,Industrial Services,Oilfield Services/Equipment
MTARTECH.NS,7750.0,8714.0,-11.062657792058761,717557.123505976,11.56697617505218,11.671469740633999,22.89882651443069,108.81608567985018,0.538870737919013,7241.441329333316,7065.355351503689,6692.54,6901.411005859375,5022.8575,92,Electronic Technology,Aerospace & Defense
MPSLTD.NS,2754.10009765625,2979.0,-7.549509981327629,36787.95564516129,2.619421996762439,-6.041889208029683,52.43815642270127,97.76677767766442,0.5389172235594646,2693.2977019423665,2697.077187444178,2505.612001953125,2133.562999267578,1962.0059973144532,92,Consumer Services,Publishing: Books/Magazines
CEMPRO.NS,1282.699951171875,1649.199951171875,-22.222896607508112,666151.8373015873,3.795104425527729,0.6354915848961973,14.281889101124667,131.58337605230832,0.5742452591079275,1280.7231190127413,1286.870470286687,1377.6640014648438,1194.6921630859374,930.546138305664,92,Industrial Services,Engineering & Construction
AEROENTER.NS,146.30999755859375,159.60000610351562,-8.327072704685268,556502.1952191235,4.1648800833703925,13.386856588964413,33.66180840273909,101.89038814417417,0.5394855710462132,144.99320459411106,140.40601478876073,129.81409759521483,118.48949195861816,99.20286617279052,92,Producer Manufacturing,Industrial Machinery
MARKSANS.NS,333.54998779296875,344.5490677430362,-3.1923116269379936,1900852.044,3.7157902558020206,22.136407049913508,35.457051232676264,98.569541977646,0.5486379259642418,326.83338154688107,317.43330296887694,287.2923699951172,255.57148239135742,216.08095489501954,92,Health Technology,Pharmaceuticals: Major
PRABHA.NS,250.16000366210938,262.79998779296875,-4.809735433023321,171951.2390438247,15.670226439239897,56.38909299972079,55.659257800605765,65.66887659742342,0.5581016922301925,229.06983880579048,211.8266029426278,173.11640075683593,166.80460037231444,168.14593757629393,92,Energy Minerals,Oil & Gas Production
UNIPARTS.NS,895.3499755859375,915.9500122070312,-2.249035028828361,207919.43373493975,0.2126546928140849,11.153700262793897,41.048056809927026,103.22254283810027,0.558554397000584,869.7327820461177,839.9384330407609,753.4639526367188,667.9295013427734,566.0872822570801,92,Producer Manufacturing,Auto Parts: OEM
GMMPFAUDLR.NS,1337.0999755859375,1352.0,-1.1020728116910128,151301.744,23.371462940207177,34.571256888108714,81.34806719475236,53.618835493554954,0.5510335202749015,1145.6212191754566,1075.2131764523047,920.8894152832031,877.0750982666016,931.5638717651367,92,Producer Manufacturing,Industrial Machinery
PAUSHAKLTD.NS,767.0,826.75,-7.227094042939219,33623.010309278354,-4.316364351264646,10.327961238813476,70.45139168880242,85.08900166677675,0.5680497398598765,772.1054061228967,751.2027456767282,659.5365167236328,565.2289715576172,,92,Process Industries,Chemicals: Major Diversified
OMAXE.NS,125.0,138.88999938964844,-10.000719598738561,1482818.0240963856,-0.41427394596343925,44.59225495963612,67.6052519858624,64.77721987118332,0.5506948714156294,122.82630423645544,113.75416509283049,96.68280014038086,87.9328003692627,81.07635021209717,92,Finance,Real Estate Development
KMEW.NS,3024.0,3175.0,-4.7559055118110205,176187.53174603175,2.4529035082103468,15.371404651963406,57.287009175083156,88.88194878201124,0.5605845354654316,2964.0740523536465,2869.2131416243224,2608.5800048828123,2310.4739965820313,1991.5389947509766,92,Producer Manufacturing,Trucks/Construction/Farm Machinery
MANALIPETC.NS,91.18000030517578,92.0,-0.8913040161132812,1350853.486055777,8.495953488654994,41.69386552797605,53.96825130982865,81.1643095329986,0.5784456766060874,83.4855621755368,78.64599095943422,69.45800025939941,64.63250011444092,60.39379995346069,92,Process Industries,Chemicals: Specialty
KOPRAN.NS,233.8000030517578,249.99000549316406,-6.476259884657254,394941.4940239044,7.454729793272796,33.82175838082691,33.754027399541876,88.54726427849585,0.5305493858675356,221.68153310895494,211.17809419896403,196.87838928222655,185.1863299560547,159.05168319702148,91,Health Technology,Pharmaceuticals: Major
SHREEJISPG.NS,701.9000244140625,704.25,-0.33368485423322936,1062753.908366534,10.171095795213114,5.923186984669049,54.94481775144868,83.79157780356381,0.5220182342331525,667.7087390879697,653.4592697591619,618.2459967041016,532.2244982910156,444.7810804748535,91,Transportation,Other Transportation
SMLMAH.NS,6505.5,6579.5,-1.124705524735925,102185.40476190476,22.318322835385906,24.901603148699248,68.49173419807939,64.6798253412422,0.5363160330919915,5917.783536301123,5604.60171809589,4898.786015625,4357.469467773438,4179.182706298828,91,Consumer Durables,Motor Vehicles
EBGNG.NS,670.0,689.5,-2.8281363306744023,450632.2111553785,4.393894163819767,17.020350062826072,54.913294797687854,79.02471609886439,0.5192733430779931,631.4873045395556,613.0654184391583,588.9919995117187,520.9674996948243,426.3844998931885,91,Technology Services,Information Technology Services
DEEDEV.NS,678.0499877929688,760.0,-10.782896343030423,1416510.564,9.39819315057122,8.280098143593628,8.409940772137414,119.36265752317526,0.5286388418468718,650.0095559800565,645.912512367622,659.307998046875,611.1765014648438,428.20810050964354,91,Producer Manufacturing,Industrial Machinery
TNPETRO.NS,143.14999389648438,146.99000549316406,-2.6124304055885395,478694.6626984127,7.044042825020025,37.94930955705029,58.17678883589434,68.84878032274912,0.5328681497378002,131.14301085111202,123.13122236329541,106.74039932250976,98.3038996887207,96.63164993286132,91,Process Industries,Chemicals: Specialty
RML.NS,1382.800048828125,1423.5,-2.8591465522918913,48638.458167330675,23.77372979453245,31.021415277664843,57.38028924723668,69.90438067923218,0.5375749508085008,1229.2669117494638,1181.1893200944644,1159.455888671875,1033.3212585449219,896.1790921020507,91,Producer Manufacturing,Auto Parts: OEM
HAPPYFORGE.NS,2265.39990234375,2470.0,-8.283404763410928,78214.66932270916,-6.403900440167288,17.622009467484425,68.45383139381893,73.22054211469533,0.5270837811350397,2268.5936635050166,2193.0637551682676,1880.97751953125,1639.05478515625,1401.0970043945313,91,Producer Manufacturing,Metal Fabrication
CNL.NS,1175.199951171875,1328.0,-11.506027773202188,83120.64112903226,-8.158801688493078,5.224513306303757,69.34936674102528,79.22829484420024,0.5272515045239913,1221.6793623226915,1195.4668663631562,1045.5059973144532,852.2369989013672,762.4862487792968,91,Distribution Services,Electronics Distributors
EXICOM.NS,173.6199951171875,187.60000610351562,-7.452031200155773,2109341.653386454,6.528408190312995,13.314184658633144,27.878021399166975,101.90719784904125,0.5244196331012452,169.29205891840067,164.95465489360546,162.6351983642578,150.89839935302734,126.5908995437622,91,Producer Manufacturing,Electrical Products
VENUSREM.NS,1694.0,2031.2182849222206,-16.601774778486366,65872.4297188755,5.815477179470507,11.257062075552904,-0.5941323148180633,125.50228081966507,0.5285563276647824,1663.1982535231916,1663.1397703934047,1670.7084326171876,1493.8909973144532,1140.3547967529296,91,Health Technology,Pharmaceuticals: Major
SHADOWFAX.NS,250.5500030517578,268.6499938964844,-6.737387402175344,4919685.826923077,-1.1831985659205846,0.6103699473604562,15.116016576100112,123.10774376050739,0.5378165660991303,252.7831947621656,250.76942221177077,237.44700042724608,215.84820037841797,,91,Technology Services,Packaged Software
WELSPUNLIV.NS,208.30999755859375,216.0,-3.560186315465852,4232355.749003984,4.989664691173523,26.794087328127315,53.7699522531361,78.19540623346974,0.5326693210407155,200.4384410800006,191.3825444751273,173.8219158935547,158.06710174560547,142.98417488098144,91,Consumer Non-Durables,Consumer Sundries
AIMTRON.NS,1622.5,1780.0,-8.84831460674157,45407.25806451613,-0.8130607917302024,-2.0466085434920456,26.752856381309865,106.43806537312055,0.5011045527576976,1622.4138956113486,1614.1278238377272,1493.5609936523438,1326.2164978027345,1079.9349990844726,90,Electronic Technology,Electronic Components
MSTCLTD.NS,774.2000122070312,795.0,-2.61635066578223,515674.52589641436,6.120214537887603,32.966940696785095,38.06509357236403,81.71576913252716,0.5131124531786585,741.3153854703778,712.7768673986083,661.1360009765625,584.848498840332,520.3977926635743,90,Retail Trade,Internet Retail
DPEL.NS,600.75,603.0,-0.3731343283582045,53925.70281124498,4.080039378883771,8.067993095199256,22.60204081632653,107.08375986232693,0.5163571874675696,579.8019532194495,573.8226427167099,562.4810015869141,526.8774993896484,420.17549949645996,90,Producer Manufacturing,Electrical Products
FILATEX.NS,75.87999725341797,87.2699966430664,-13.051449327119203,1912262.316,2.9020876751338687,-10.497760856364003,54.41595074460346,89.98497712184424,0.5050943266835932,76.99989370761865,77.56480669778352,73.64339950561524,60.466599769592285,53.41179988861084,90,Process Industries,Textiles
KAMDHENU.NS,39.849998474121094,40.88999938964844,-2.5434114234558436,1416205.156,8.939301474529548,13.274582514026445,46.399704185775484,82.7981645355982,0.5058802372023017,37.45881689598087,36.299346733071694,34.34339984893799,30.031399974823,26.390500011444093,90,Non-Energy Minerals,Steel
PAYTM.NS,1735.800048828125,1753.0,-0.9811723429478003,3400378.3824701197,6.26262925179828,9.576420401501217,69.66084353916816,66.8076195995235,0.5016284790703992,1665.5985637654235,1622.109518824203,1460.0280004882814,1286.694501953125,1238.313500366211,90,Finance,Finance/Rental/Leasing
NEULANDLAB.NS,23880.0,24225.0,-1.4241486068111486,57204.41832669323,3.7133550488599454,7.490097227223624,40.954065213343796,89.91928334151294,0.5012328785093904,23284.590715194754,22848.80872481301,20970.9560546875,18829.17796875,16482.292075195313,90,Health Technology,Pharmaceuticals: Major
NILKAMAL.NS,2077.0,2149.5,-3.372877413351938,35705.47389558233,2.1140609636184804,19.967650980306438,67.87599100137747,60.65153498518381,0.48828347586909904,2059.4033729871176,1995.6341835063554,1734.67873046875,1500.2274279785156,1419.0485455322266,90,Consumer Durables,Home Furnishings
GHCLTEXTIL.NS,132.5,144.58999633789062,-8.361571785116906,433125.2489959839,-1.6843542335071349,8.972780648657297,41.70243080262856,86.17980229845281,0.4860877086655044,133.08262611384094,128.75609840847474,118.39319976806641,105.11195098876954,90.09666996002197,90,Process Industries,Textiles
TDPOWERSYS.NS,776.0499877929688,798.8499755859375,-2.8541013318859387,2455267.126984127,5.5778519394449555,21.676074419254498,30.249465139161135,93.56078816312152,0.5139215488479234,750.9826968232234,732.3806598023915,648.3894958496094,631.3685247802734,512.9832121276855,90,Producer Manufacturing,Electrical Products
SPORTKING.NS,218.80999755859375,240.46267240987245,-9.004588793046175,369101.4257028112,-3.0642653169326795,2.5300958360643167,29.24954510073401,106.31150753928983,0.5149905918145574,223.22541617690982,218.7316008864413,204.9368408203125,184.0408380126953,143.3771887588501,90,Process Industries,Textiles
UFLEX.NS,689.5,723.5,-4.699378023496892,190034.444,6.890940709745075,40.01421117035668,70.94858513950066,54.63421795495229,0.5183019902887696,662.6189151464935,624.3176966564431,523.7699981689453,471.39509185791013,462.2535952758789,90,Process Industries,Containers/Packaging
QUESS.NS,342.6499938964844,388.75,-11.858522470357713,685736.1075697211,-9.710146535840746,5.837835952582049,42.88042128259997,85.13842648525622,0.4711604951581482,355.4527410384092,348.87639017612753,320.3941412353516,269.6060932922363,231.74695137023926,89,Commercial Services,Personnel Services
ATLANTAELE.NS,1897.300048828125,2152.60009765625,-11.860077917217204,256566.09745762713,4.041460530207952,18.04267972314426,3.9502574832942505,106.91422908228807,0.47963450875553154,1844.7346972610017,1791.1755383164277,1698.8860107421874,1746.6300048828125,1349.9192514038086,89,Producer Manufacturing,Electrical Products
PARACABLES.NS,68.80999755859375,75.69999694824219,-9.101716865800258,1770832.353174603,7.24749630778232,1.3551306189665269,7.314402075975779,110.87954430327062,0.4754191409867252,65.68926314217472,64.9233547588166,65.17660011291504,62.08679992675781,48.95284999847412,89,Producer Manufacturing,Electrical Products
ACCENTMIC.NS,623.5999755859375,624.2000122070312,-0.09612890249267592,43715.72580645161,4.516877577997436,14.653419303986027,35.55170482730696,82.16488737385868,0.46913838016332515,605.3220207888085,589.2453305672694,542.0268200683594,494.49168975830077,419.8179261779785,89,Health Technology,Pharmaceuticals: Major
WELENT.NS,785.4000244140625,825.0,-4.799997040719695,294862.29365079367,5.891871577161734,37.23572272697362,42.918495214593854,64.17418547277225,0.4658155445659795,746.2537611848919,700.8267333842988,631.2959985351563,580.687416381836,531.1820448303223,89,Industrial Services,Engineering & Construction
KALYANKJIL.NS,608.75,648.9500122070312,-6.194623846344339,9863645.733067729,6.239092495636989,1.4160766347355302,84.02358599268945,54.957360453647276,0.48097144555776544,601.9229885415602,598.3015908289981,561.7409936523437,468.57499633789064,452.20074859619143,89,Retail Trade,Specialty Stores
ADOR.NS,1667.699951171875,1766.4000244140625,-5.587639938746469,35989.032,-2.199155587251145,12.424155569945494,51.87926409395265,71.81602108103833,0.4655510321586512,1659.4000701298785,1614.0402346503797,1481.02544921875,1287.7406091308594,1144.6857302856445,89,Producer Manufacturing,Miscellaneous Manufacturing
SALSTEEL.NS,80.13999938964844,86.25,-7.084058678668481,220164.6814516129,1.700502901009382,29.78137552979505,35.3487597176209,78.485515960302,0.4812515969546702,78.7093179898203,74.85757412474108,64.43719985961914,61.27279983520508,51.65274997711182,89,Non-Energy Minerals,Steel
QPOWER.NS,1537.4000244140625,1570.0,-2.0764315659832833,708604.3253968254,5.619679183849757,24.078170626460537,25.92751497956165,86.46708057631893,0.47742688768073155,1459.4947140161305,1393.431987463735,1243.7658276367188,1224.6339752197266,1012.6106652832032,89,Producer Manufacturing,Electrical Products
KRISHANA.NS,182.82000732421875,206.38999938964844,-11.420123133452487,1018471.484,-4.297749833817144,2.322723007669869,37.45634969529969,91.69573391789427,0.47949968093899875,188.83644727285247,187.49649143592427,169.50579986572265,151.7660496520996,126.89936904907226,89,Process Industries,Chemicals: Agricultural
LAURUSLABS.NS,1943.300048828125,1955.0,-0.5984629755434789,2095935.482071713,4.388701886207991,4.8166153628977915,39.72533654032664,87.40220825870959,0.48280677526782184,1891.4621574135542,1859.6373317838918,1733.6340063476562,1527.5444836425781,1280.7757568359375,89,Health Technology,Pharmaceuticals: Major
SENORES.NS,1486.300048828125,1599.0,-7.048152043269229,308932.2111553785,2.172275982465921,4.507108694767736,28.05204715719296,95.64302026404113,0.47791471589974477,1467.8828376746312,1461.5035721210288,1424.0740063476562,1254.1700012207032,1025.607000732422,89,Health Technology,Pharmaceuticals: Major
BETA.NS,2125.0,2807.89990234375,-24.320664058349607,20855.67469879518,-5.969286613263036,-10.477312056609932,41.3556795701904,93.53369763205828,0.4712779185123214,2224.070369445134,2269.0222621130947,2296.0319775390626,1907.07798828125,1659.7537451171875,89,Health Technology,Pharmaceuticals: Major
ORCHPHARMA.NS,1000.9000244140625,1133.0,-11.659309407408426,117852.124,3.0899164945541013,-0.094819703051785,17.621483054935226,100.60126263685815,0.4581697768006889,970.1986570057195,981.1623530765247,999.81,887.4519958496094,785.0212484741211,88,Health Technology,Pharmaceuticals: Major
SANSERA.NS,3974.800048828125,4094.300048828125,-2.9186918050669863,219684.3984063745,1.8396118070234335,4.259787814613469,38.906169800039315,81.94634583659007,0.45486308018272853,3893.4275761264007,3833.054779008626,3557.89201171875,3158.5010107421876,2559.369002075195,88,Producer Manufacturing,Auto Parts: OEM
CHENNPETRO.NS,1528.699951171875,1532.0,-0.2154078869533338,2288944.638888889,8.111736292211802,7.194444803477573,40.227113748686946,77.34665925828736,0.4525686041783773,1436.3558008606933,1395.4326608502813,1267.2827807617186,1158.7949096679688,1015.2383724975585,88,Energy Minerals,Oil Refining/Marketing
INOXINDIA.NS,2215.800048828125,2320.0,-4.491377205684266,213649.88446215139,5.544448504281019,14.334367844588503,22.541760240181887,85.89448200078039,0.4454163929171252,2160.78012996763,2094.54074847834,1987.2359887695313,1802.890380859375,1488.3693518066407,88,Producer Manufacturing,Industrial Machinery
BLUESTONE.NS,838.0,926.0,-9.503239740820735,1587090.374501992,3.024339174769297,0.017905880340629565,60.99903938520652,66.73298643522207,0.4529892148319584,835.3885276968598,822.8400419123117,757.401005859375,632.8290036010742,558.2822518920898,88,Retail Trade,Specialty Stores
DIFFNKG.NS,461.95001220703125,519.9000244140625,-11.146376127283709,193149.65863453815,-3.256541946171465,17.22454086304033,27.947486783197782,83.38210805533721,0.4485634323508514,452.24140022318295,435.0071012031532,408.54910766601563,371.5246014404297,326.54137763977053,88,Producer Manufacturing,Industrial Machinery
ICIL.NS,457.54998779296875,474.6499938964844,-3.6026559198155006,814388.856,-2.5348863786618603,7.6801998903303526,40.973987178915785,81.63849379714698,0.4623014501273342,442.2577366161758,433.2979920044079,418.1946752929687,369.4655325317383,319.2674159240723,88,Process Industries,Textiles
SGMART.NS,805.9500122070312,860.5999755859375,-6.350216701051837,349802.65991902835,-3.4848183954649836,12.736044857124472,39.53428778965018,79.63892191492721,0.4591458223474434,811.7603230984216,793.877089587973,722.0319995117187,652.9310021972656,529.7895008850097,88,Utilities,Electric Utilities
WSTCSTPAPR.NS,677.6500244140625,693.0,-2.2150036920544736,130192.772,3.6796281711247936,15.590622501332629,40.52624287828102,74.3179925186543,0.4537115718832503,648.2772106147386,629.1132531043584,581.3325354003906,539.4323007202148,478.2611053466797,88,Producer Manufacturing,Office Equipment/Supplies
MBAPL.NS,164.27999877929688,174.94000244140625,-6.093519785836177,1090854.4262948206,2.176887689123852,-0.09730215259902142,46.93953702172078,77.46932829213209,0.45267820761761657,163.46973736229424,162.4014576561799,151.66320068359374,130.423296585083,109.44021854400634,88,Process Industries,Chemicals: Agricultural
IGPL.NS,580.4500122070312,587.9500122070312,-1.2756186485729848,42008.89919354839,8.535906031421693,17.76222750956933,33.84578456401639,75.65630584733067,0.44822293813193226,541.8802360707446,519.0612671950809,473.28973083496095,454.14203002929685,411.779990234375,88,Process Industries,Chemicals: Specialty
WINDLAS.NS,1157.699951171875,1181.9000244140625,-2.0475567088836355,67278.564,14.811323370058327,37.87886827964533,43.77502527162065,59.45957238425308,0.45973242528122327,1081.1864046573428,1025.822646007147,918.2352380371094,869.4732415771484,824.3214248657226,88,Health Technology,Pharmaceuticals: Major
UNIMECH.NS,1581.4000244140625,1652.800048828125,-4.319943266258175,116773.41434262948,8.919346912488813,11.25650747515332,36.38048879496589,79.61269833479292,0.45902462158686486,1522.5935900603156,1484.2745783831635,1353.596005859375,1200.2585095214845,1045.8692538452149,88,Producer Manufacturing,Industrial Machinery
RSL.NS,187.72000122070312,191.75,-2.101694278642441,828764.55,6.212512949120486,21.164403340249827,46.46173355894325,66.07980469613774,0.4522457390910009,179.10526078056205,171.55696618025323,150.47280014038085,141.2125,,88,Non-Energy Minerals,Steel
SOTL.NS,680.3499755859375,850.0999755859375,-19.9682396041711,316473.1904761905,-9.60005346050532,-2.103197245890709,20.158952099316597,96.42492093427732,0.43237009208277244,705.5233796073429,697.4728936544172,649.177666015625,557.9756643676758,456.4658749389648,87,Process Industries,Chemicals: Specialty
NRBBEARING.NS,492.95001220703125,503.8999938964844,-2.1730466009298177,458241.3107569721,8.687030200527168,8.281166876887692,15.75672305783764,88.7178345226006,0.4273908712182179,473.6495905857845,467.8499287013625,445.18400024414063,406.9147869873047,335.2481852722168,87,Producer Manufacturing,Auto Parts: OEM
VARROC.NS,838.25,896.0,-6.4453125,276715.132,-4.4184720638540504,1.4891927612061817,49.591729102352986,73.7244167396111,0.44223276772406167,835.6407018458824,818.3480758361526,740.6256384277344,655.6036584472656,610.7015420532226,87,Producer Manufacturing,Auto Parts: OEM
LOTUSDEV.NS,200.0,207.5,-3.6144578313253017,1566433.6175298805,11.619604964429087,13.288777390992434,54.7149326138044,55.82391156156075,0.4256376038340702,188.15591881240798,183.04533207197446,170.74760040283203,156.2202003479004,150.44170032501222,87,Finance,Real Estate Development
NITINSPIN.NS,651.0,663.0,-1.8099547511312264,283421.616,3.210463733650415,16.51006711409395,21.96721311475409,81.46341463414635,0.42798589584268604,628.1243945902202,610.6597424264544,572.2910021972656,540.6165014648437,442.9102510070801,87,Process Industries,Textiles
KRN.NS,1607.300048828125,1687.0,-4.724359879779194,629709.9482071713,5.231113207865334,31.058383629439778,33.807868312021164,68.9671536218791,0.4446400998903248,1556.615601621491,1500.6819960910389,1344.042001953125,1272.0669982910156,1043.5772491455077,87,Producer Manufacturing,Industrial Machinery
AYMSYNTEX.NS,316.20001220703125,328.0,-3.597557253953887,44269.586345381525,12.747369742886283,27.525717321559707,44.60146103935752,59.753460267632065,0.44061702857460644,292.83131314253154,278.2217996469855,255.13680145263672,239.29520050048828,206.86000022888183,87,Process Industries,Textiles
GCSL.NS,600.2999877929688,613.2000122070312,-2.1037221391488115,270808.5,4.975083224910581,28.875054427820302,39.260959316571295,63.34780358632859,0.43389928437557945,577.0369778950804,555.3204611061951,521.9491339111328,459.9967315673828,400.46223693847656,87,Finance,Investment Banks/Brokers
TARSONS.NS,320.20001220703125,375.0,-14.613330078124998,458902.588,-3.4524293382097615,2.5296268725119475,54.90300508299028,66.95345086608488,0.43412964312012453,334.6483984578124,332.476491655321,315.6817993164062,269.4416996765137,238.74100006103515,87,Process Industries,Containers/Packaging
DIVGIITTS.NS,1179.699951171875,1329.800048828125,-11.287418570071829,96440.80241935483,-0.5898710953082476,12.647405220518015,51.52526744186137,63.60862230686231,0.43371523089876113,1213.4030582042164,1186.147466456586,1069.7719946289062,918.7774987792968,782.2812478637695,87,Producer Manufacturing,Auto Parts: OEM
AETHER.NS,1666.5,1717.0,-2.941176470588236,329094.956,-1.4663305216190636,4.705957876537958,48.186024913589605,68.90487597055268,0.42812316385443644,1654.9225541596834,1633.0729602161339,1537.7539990234375,1350.7829992675781,1166.0202529907226,87,Process Industries,Chemicals: Major Diversified
SHREEPUSHK.NS,508.45001220703125,535.4000244140625,-5.0336217740231,210785.0,9.473570641308694,23.590184674374683,43.873803335707784,59.73924967214934,0.4272323486857788,474.49381407644785,451.7381402905073,418.39300048828125,397.2959997558594,371.60875030517576,87,Process Industries,Chemicals: Specialty
WABAG.NS,2172.800048828125,2248.015501662673,-3.3458600609701072,433052.626984127,9.306771076349651,11.419931082008961,38.04670603055822,73.98363048910596,0.4422212732884661,2043.560060232379,2025.7620784929925,2028.01349609375,1818.4401684570312,1537.804019165039,87,Industrial Services,Engineering & Construction
BEPL.NS,134.0,137.34641029083173,-2.4364745199715765,1465098.4841269841,5.271426691972114,9.360973912489046,40.45127313106261,67.83324127993089,0.41668015902986155,128.7388878243883,126.06928669551957,118.06910873413086,106.9213761138916,95.82001697540284,86,Process Industries,Industrial Specialties
RADHIKAJWE.NS,89.76000213623047,99.6500015258789,-9.92473581355644,853337.788,25.363134146815767,25.46827087997503,58.72679636997316,43.112245518582306,0.42492904709101453,80.39471231667272,75.50691214621985,68.32340026855469,63.711400184631344,66.43455009460449,86,Consumer Durables,Other Consumer Specialties
IKIO.NS,220.75,248.8800048828125,-11.302637548588034,664815.6613545817,6.370163975552412,11.653428002497158,46.551147078392276,63.627599145933104,0.42384085779945596,210.361013871809,206.2808653768114,202.97599975585936,180.18339950561523,167.39864974975586,86,Producer Manufacturing,Electrical Products
CARTRADE.NS,3111.0,3290.5,-5.4550980094210555,617734.812,3.994651512619085,11.38560687432868,26.90707856460366,76.36054421768708,0.4129292778258357,3010.6674397783518,2962.461263767571,2850.045986328125,2428.6129931640626,2377.4284936523436,86,Technology Services,Internet Software/Services
APOLLO.NS,418.6000061035156,466.5,-10.267951531936625,9790911.174603175,9.395011833387489,7.692305880494521,2.247194026426258,96.84002581351388,0.4188813089277108,398.68836444711,394.3324695759173,395.97399963378905,382.3142993164063,310.1344497680664,86,Electronic Technology,Electronic Production Equipment
TCPLPACK.NS,3847.0,4410.89990234375,-12.784237113250274,7910.281124497992,-1.5634220242437658,22.169650332061952,55.77668766023343,53.08855905975931,0.4224601778596177,3934.923604567241,3858.3009908032054,3472.2122509765627,3068.662751464844,2906.6796350097657,86,Commercial Services,Commercial Printing/Forms
RAIN.NS,224.02999877929688,250.82236847510148,-10.68181034199277,4350977.0159362545,8.462839733369009,10.021423484872383,15.610367871249897,86.55767173655143,0.42156747726306926,211.5168248788776,209.94878909939882,210.44486450195313,188.99143264770507,159.56252334594726,86,Process Industries,Industrial Specialties
THEMISMED.NS,132.61000061035156,148.0,-10.398648236248942,248491.972,6.292079464337741,20.00905032611,28.572815003972995,72.46716304201793,0.42189727729654847,123.24749318234271,119.14712299496422,113.74539993286133,108.32699966430664,99.24569972991944,86,Health Technology,Pharmaceuticals: Major
ACMESOLAR.NS,416.1000061035156,430.5,-3.344946317417974,1628054.107142857,4.482110760455904,12.932553214222708,23.93149846716771,80.72445977068475,0.42503955167314345,406.5605179880276,398.1462736990517,382.59600036621094,350.8805001831055,294.05485305786135,86,Industrial Services,Engineering & Construction
HIRECT.NS,1306.9000244140625,1397.5377365248423,-6.485528779792538,138989.988,6.9563792701256455,-0.2518643627532513,24.206533586476887,84.4448766752485,0.41685175800504376,1248.4971973787738,1249.7342748003405,1231.1925561523437,1128.7009075927735,921.6158908081055,86,Producer Manufacturing,Electrical Products
REDINGTON.NS,376.25,381.6000061035156,-1.4019931912853112,6640420.430278884,7.622995832727009,6.526043883446353,66.42710660764597,48.28893451126135,0.41311214146760306,365.86139207713677,354.9694891821747,318.5823846435547,274.51270431518554,262.3839071655273,86,Distribution Services,Electronics Distributors
KDDL.NS,3982.60009765625,4147.172141618966,-3.9682954635799184,30198.991967871487,2.9194256833170007,4.035599603315054,41.918193634150704,71.45424997692955,0.42256220570011743,3920.7013628067425,3861.826273208164,3560.0030615234373,3127.4487036132814,2729.9259924316407,86,Consumer Durables,Other Consumer Specialties
INNOVACAP.NS,1176.0,1200.0,-2.0000000000000018,67499.976,10.102052886469814,21.72653242090794,23.691822245595585,72.75064267352185,0.4156331551591599,1117.9846919605664,1080.8812256454246,1013.3039965820312,940.3119995117188,819.2717984008789,86,Health Technology,Pharmaceuticals: Major
SEDEMAC.NS,2841.699951171875,3368.89990234375,-15.649023908519844,209017.19047619047,-4.915349718404228,-2.290000912494772,7.538314140846736,95.83074901675394,0.39644258694616225,2935.1994795662995,2965.4920762144648,2881.3819873046873,2566.6529833984373,,85,Producer Manufacturing,Auto Parts: OEM
AZAD.NS,2792.5,2986.60009765625,-6.499032053490228,360995.10714285716,0.240503663380065,12.960636288454296,29.877674208936035,73.27500882994968,0.4088948341868955,2806.0793408655004,2756.3517131163467,2543.296015625,2324.6840100097656,1965.291007080078,85,Producer Manufacturing,Metal Fabrication
ARVIND.NS,595.5,597.4000244140625,-0.31804893478637464,659491.1952191235,7.747989113299325,9.010074357716125,21.695697020039063,79.18329559589495,0.4075884112724285,560.534592670704,551.2397683219048,538.723267211914,502.717776184082,420.6788236999512,85,Process Industries,Textiles
ESAFSFB.NS,40.75,44.9900016784668,-9.424319893938026,1179531.0,-1.7598831974263152,2.258473175258402,53.31076040995797,61.770540436888076,0.4097715061305167,41.93162799707493,41.62369089372957,38.96119995117188,33.87319995880127,29.93324993133545,85,Finance,Regional Banks
GLAND.NS,2942.199951171875,3042.0,-3.2807379627917466,368183.008,2.3373896059782684,11.13964782625576,28.524948048783227,75.59696040430026,0.41257937102204056,2905.476562713907,2849.019376919134,2650.0557373046877,2371.543602294922,2046.8400579833985,85,Health Technology,Pharmaceuticals: Major
SAILIFE.NS,1664.5999755859375,1672.0,-0.44258519222861725,548952.7261904762,4.889727510140984,15.245080825943734,36.655447742310486,64.16173329249877,0.401993165558955,1572.2663411205035,1515.5305294431791,1382.297998046875,1264.2039978027344,1094.9194982910155,85,Commercial Services,Miscellaneous Commercial Services
SKIPPER.NS,610.0499877929688,616.6979610926131,-1.077995018479716,606724.9721115538,13.590413230278632,15.943177390390261,12.02624637850256,78.32849645789422,0.3948694929781437,577.2644021288094,563.2084441511498,546.9355084228515,527.6946844482422,460.7402581787109,85,Producer Manufacturing,Metal Fabrication
DYCL.NS,458.0,560.0,-18.214285714285715,561647.015936255,-15.56047577712356,8.312638852813325,51.21519827332834,63.47733374464792,0.4086197317270798,483.17570011766065,469.3620024168118,423.5891143798828,384.12258178710937,344.9880423736572,85,Producer Manufacturing,Electrical Products
STOVEKRAFT.NS,833.4000244140625,873.3447454599583,-4.573763253691798,223095.93975903615,-1.449827445143026,4.932366690523038,28.347235460104937,79.20515922565417,0.4102772492188345,823.2529035987255,808.2198548576567,785.5257495117188,695.7318408203125,616.0698913574219,85,Consumer Durables,Electronics/Appliances
SUDARSCHEM.NS,1251.5999755859375,1595.8711433648984,-21.572616887668282,230028.188,0.8785383124878088,11.819880370444613,46.73954096320416,57.96833548284914,0.3966102638743861,1234.047381853241,1199.940661389444,1089.4152734375,996.1923101806641,947.507594909668,85,Process Industries,Chemicals: Specialty
GKSL.NS,173.25,177.94000244140625,-2.6357212414620634,853471.1028571428,6.648201449458191,29.571454117676055,37.56550471769666,58.58123569794049,0.4128125666296623,166.3521543663075,158.26438935023666,140.65939987182617,135.66680030822755,,85,Health Services,Hospital/Nursing Management
LLOYDSENGG.NS,82.26000213623047,99.47641802454628,-17.30703239039787,8100927.112,-4.835724418227794,-14.85730521445735,19.07931509958358,88.79889515174635,0.3778831910585937,85.37048837957225,87.1044610713422,88.6264437866211,79.51580627441406,64.45916851043701,84,Industrial Services,Engineering & Construction
JGCHEM.NS,606.2000122070312,675.0,-10.192590784143519,229202.1235059761,0.8904113902769906,-2.5949970293967173,41.239514204538594,68.48249938125142,0.39334895747010507,605.9280715167866,598.040083428254,539.0830010986328,477.63850158691406,415.76400039672853,84,Process Industries,Chemicals: Specialty
SHAILY.NS,3398.300048828125,3615.199951171875,-5.9996654479219425,306055.0876494024,4.041269878049292,0.9176262808248126,15.615962724969146,80.18558053171394,0.37346673274146214,3302.0594759145056,3273.9099962144915,3100.2179931640626,2929.561004638672,2544.5075048828126,84,Process Industries,Chemicals: Specialty
AEQUS.NS,230.1999969482422,274.3900146484375,-16.104819906370793,5480321.53968254,-6.277989770982728,-4.3741947269483,26.116254033718977,82.58248223751355,0.3936523118263318,240.2615600502278,243.05378658063557,241.75540008544922,221.27399993896483,,84,Electronic Technology,Aerospace & Defense
YUKEN.NS,1020.2000122070312,1032.5999755859375,-1.2008486996012202,9169.63453815261,3.1442763511009275,27.72333167798171,52.16297748255241,40.2966271982939,0.37626638094789716,977.6769461498263,931.6903959902281,819.1321154785156,761.9699456787109,771.2271484375,84,Producer Manufacturing,Industrial Machinery
RPGLIFE.NS,2912.300048828125,3082.0,-5.506163243733775,22776.14,10.775962298521291,9.431480682177318,39.50686010008331,58.61738786446335,0.38262905542097925,2684.158343857257,2674.4890448577653,2698.9187646484374,2457.3852380371095,2261.88560546875,84,Health Technology,Pharmaceuticals: Major
MANORAMA.NS,2106.60009765625,2149.5,-1.9958084365550133,207829.0438247012,14.863691257156496,25.84229974051673,37.309357626243965,53.10706157980931,0.39090460993615905,1971.2003282256426,1895.652725227344,1718.0680053710937,1602.5979992675782,1464.7764990234375,84,Consumer Non-Durables,Food: Specialty/Candy
PANAMAPET.NS,484.54998779296875,595.8726432274872,-18.6822900329087,347396.3027888446,-1.0617686997511533,-10.617610123223443,29.246114920264187,76.94828305022583,0.37323448801549786,483.7880284192081,481.5259472412713,465.1085986328125,402.6498114013672,341.7407221984863,84,Process Industries,Industrial Specialties
NRAIL.NS,637.2000122070312,650.0,-1.9692288912259603,17463.412,28.493651955971245,21.206240611201977,44.085133169459986,46.7460359684962,0.39014567656074,557.9114160049346,532.2352263971375,483.8158215332031,473.9115643310547,461.1449269104004,84,Process Industries,Containers/Packaging
OFSS.NS,11654.0,12540.0,-7.065390749601274,232682.88095238095,-4.145418654383947,-2.0342972427706774,24.94237469847227,76.49989166292602,0.3726126776071956,11911.666440916493,11857.47185139924,11591.46,10638.8175390625,8917.2865234375,84,Technology Services,Packaged Software
ROSSTECH.NS,1222.9000244140625,1241.699951171875,-1.5140474750014898,206355.42460317462,7.839508325755062,14.64866605012567,22.855133054062037,72.22731433531506,0.3946114969294528,1153.5368899789619,1120.2606117100418,1049.563992919922,1013.7104998779297,859.6247494506836,84,Electronic Technology,Telecommunications Equipment
NELCO.NS,988.0,1120.0,-11.785714285714288,260951.59760956175,6.885922658646182,-1.9452139798375567,40.06237110931177,64.8942718887592,0.3827596955819432,950.7230040838051,950.2558806483157,942.6289990234375,836.2978912353516,754.8419792175293,84,Electronic Technology,Electronic Production Equipment
RAMRAT.NS,534.4500122070312,602.4500122070312,-11.287243525962765,199997.1,-6.269729785102096,16.743125045413066,46.57704300158203,54.11912282424769,0.38342414060746083,539.0183387059958,519.4315409852607,461.86589904785154,438.4073205566406,374.44524002075195,84,Producer Manufacturing,Electrical Products
ASTRAMICRO.NS,1766.0,1960.0,-9.897959183673466,557793.7142857143,7.564864628949541,3.656750050692459,22.316106127949766,71.5812484819043,0.368151677041801,1716.3601324289702,1714.1233613682246,1747.30599609375,1543.6039916992188,1248.0279968261718,83,Electronic Technology,Telecommunications Equipment
GOCLCORP.NS,434.0,459.8999938964844,-5.6316578039168235,181375.408,12.043369862247433,1.3545043502157794,13.627434514848424,78.56407922265245,0.36989099899783406,415.1464975715711,409.8969359249682,405.27300048828124,384.67450134277345,329.7740007019043,83,Process Industries,Industrial Specialties
WOCKPHARMA.NS,2214.699951171875,2422.300048828125,-8.570370865355182,1248926.2261904762,16.299947192395713,15.98931197518445,14.277603259642667,69.65680325967189,0.36973859396038017,2065.825877807447,2000.4965668070936,1925.0139916992186,1840.9059899902343,1595.8419921875,83,Health Technology,Pharmaceuticals: Major
COFORGE.NS,1835.199951171875,2021.199951171875,-9.202454210042843,2836026.484126984,-6.638856551947359,0.8905965460074272,34.85203907544738,66.27857900322824,0.3648127697793226,1923.3196972017836,1888.275794901256,1717.2164233398437,1539.9177490234374,1518.0677227783203,83,Technology Services,Information Technology Services
PGIL.NS,2343.5,2539.60009765625,-7.721692003289304,145743.676,-0.19165247018739784,-3.515991015576392,44.43759630200308,60.75891662387678,0.3691248209001762,2343.972202408624,2326.8569132800644,2195.3920092773437,1929.1839111328125,1743.9340173339845,83,Consumer Non-Durables,Apparel/Footwear
TVSSRICHAK.NS,5300.0,5760.0,-7.986111111111116,15348.963855421687,-3.97855086910186,33.67298369542795,34.56557834226126,51.074627266601325,0.37136266061494316,5222.221428811682,4977.325517023641,4408.573979492187,4156.631987304688,4103.033497314453,83,Consumer Durables,Automotive Aftermarket
APARINDS.NS,17491.0,18465.0,-5.274844300027082,118940.82,-1.1919557112190726,5.171066081414222,24.18175363862265,72.46105304673634,0.37153964955442265,17338.029271380274,16968.421683195087,15521.4,14539.195,11885.39,83,Electronic Technology,Electronic Equipment/Instruments
SANGHVIMOV.NS,445.0,525.873954285097,-15.37896175045248,444037.19920318725,-2.849031359185872,-12.632169086797019,20.33372155117359,84.13314881832481,0.3694203903940402,451.5052988399266,458.1632797871828,456.6192022705078,407.49796600341796,351.0466268920898,83,Finance,Finance/Rental/Leasing
CGCL.NS,269.8500061035156,287.45001220703125,-6.122805829223454,2828570.619047619,5.241142669434229,14.689876903306075,29.53223739418629,59.56558551776083,0.3614799507296486,263.4437460342855,254.02248793920037,243.05330383300782,221.13757202148437,198.6611422729492,83,Finance,Finance/Rental/Leasing
MVGJL.NS,207.67999267578125,233.99000549316406,-11.244075473194282,97946.17269076305,27.905400579640414,20.380238541956054,44.31240872135571,40.45718369978266,0.3634318386267503,178.11397518968374,169.0084189858994,161.31279907226562,160.20989990234375,165.45904998779298,83,Retail Trade,Specialty Stores
CENTUM.NS,4366.0,4420.0,-1.2217194570135703,63477.91164658635,27.65708240504314,13.073657288194006,28.98526306071343,57.482441761528506,0.3706899532096855,3827.191539349282,3693.000578330205,3623.9429833984377,3429.38685546875,2956.065584716797,83,Electronic Technology,Electronic Components
RBA.NS,97.29000091552734,111.1500015258789,-12.469636005470097,5986640.148,-2.6710666200476796,7.824445634414623,42.96840051796915,54.64950111509101,0.3604810306630531,98.293209823026,96.72215599338823,84.59479995727538,76.89749980926514,70.14214996337891,83,Consumer Services,Restaurants
AVTNPL.NS,91.98999786376953,97.0,-5.164950655907696,164672.60483870967,-0.07603703745447943,28.819483470465123,31.17428123919217,52.02773724937808,0.3591967226185646,88.85020871670383,85.38217718260141,76.18392044067383,72.44716606140136,68.27709197998047,82,Consumer Non-Durables,Food: Specialty/Candy
FINCABLES.NS,1350.0,1364.285193926858,-1.0470826767342234,549917.2817460317,14.138111325528314,12.564730674489644,31.26212200213192,53.13545720990969,0.34559576752054216,1268.0097102347784,1238.3833124693306,1127.043768310547,1094.150864868164,945.7505364990234,82,Producer Manufacturing,Electrical Products
JYOTICNC.NS,1029.8499755859375,1058.8499755859375,-2.738820481527826,992203.0357142857,7.764343564723841,27.93167398583074,51.07084599452429,33.58193907251423,0.3511679858100151,1007.0647528392909,971.5573706868927,869.8809997558594,786.9615020751953,822.8035015869141,82,Producer Manufacturing,Metal Fabrication
EIMCOELECO.NS,2253.89990234375,2373.76648551747,-5.049636680989266,72789.54838709677,2.6646625946164404,21.8983181364927,46.14360343302295,43.845870087274584,0.36027558951576905,2213.6114270476683,2141.5155971977633,1949.7700024414062,1777.128428955078,1687.1650701904298,82,Producer Manufacturing,Trucks/Construction/Farm Machinery
DIVISLAB.NS,9527.0,9615.0,-0.915236609464376,384670.1673306773,3.329718004338389,11.056711546307628,44.11398829171933,50.130048922524885,0.3583053016622112,9254.378049950044,8975.655757496344,8089.717158203125,7364.464541015625,6797.18216796875,82,Health Technology,Pharmaceuticals: Major
SUNDRMFAST.NS,1233.9000244140625,1278.0,-3.4507023150185834,130483.664,2.423846138101271,10.041913019054638,47.62218824605322,46.96784669563634,0.35324562369691553,1218.1742415866186,1192.3502581326939,1075.9839978027344,964.6510620117188,926.7809042358399,82,Producer Manufacturing,Auto Parts: OEM
SOLARINDS.NS,22375.0,22625.0,-1.104972375690605,148034.884,11.540378863409773,18.889479277364508,30.612095984384922,52.093889831104214,0.34953118469571043,21106.999110868932,20472.05107893312,19220.4812890625,18209.299814453127,15728.016484375,82,Process Industries,Industrial Specialties
URBANCO.NS,169.10000610351562,201.17999267578125,-15.945912983487009,9628309.951219512,-1.5945008686960915,21.001793276218695,33.72875459437987,51.91807547610547,0.34926765137130283,170.4266596163897,163.78158297604864,145.95200164794923,138.2399008178711,131.28670024871826,82,Technology Services,Packaged Software
AYE.NS,182.00999450683594,197.2899932861328,-7.744943635907598,1853304.7394366197,6.004657974281513,2.287283359327752,29.79391004223779,61.313472970927975,0.34521484670336233,179.24508108900244,176.6453672685591,172.64179962158204,160.15609962463378,,82,Finance,Finance/Rental/Leasing
ORIENTHOT.NS,140.57000732421875,148.78278132938067,-5.5199761234333895,807204.203187251,1.384791570324806,11.457345593840241,36.70889269295519,55.541939561080596,0.35659391908119326,139.31517511485987,137.30288531989427,134.3934895324707,120.62459503173828,111.28383777618409,82,Consumer Services,Hotels/Resorts/Cruise lines
GIPCL.NS,202.80999755859375,211.7100067138672,-4.203867967045172,417687.88047808764,2.0170998215688796,23.116616778184373,30.30711793493015,52.50017984924331,0.3491724065797014,199.48834194968435,191.29234373210508,172.57979919433595,165.307099609375,154.94709995269776,82,Utilities,Electric Utilities
RGL.NS,148.0,159.0,-6.91823899371069,1702239.9601593625,8.060742366344398,26.744886747231035,44.15116649409436,39.58313845505585,0.35233656916331296,142.0044783291435,136.09109849633325,124.97639953613282,115.29759956359864,115.17464973449707,82,Consumer Durables,Other Consumer Specialties
SOLARA.NS,694.5,712.0,-2.4578651685393305,240796.36653386455,7.933792341982793,35.06417415649048,19.59703554343939,54.4019606153614,0.3544610897467275,646.8890259959705,616.6870450960158,566.2919995117187,554.8854989624024,532.5810005187989,82,Health Technology,Pharmaceuticals: Major
GUJTHEM.NS,452.8999938964844,479.0,-5.448853048750657,231293.04761904763,9.64774416686085,25.093221700498013,16.93777644490455,55.84996021478241,0.33404735776170025,426.2425088097666,409.4002904519999,380.1009997558594,381.77760009765626,361.4315000915527,81,Health Technology,Pharmaceuticals: Major
GRWRHITECH.NS,6930.5,7990.0,-13.260325406758444,81559.94,-2.9001751313485147,-0.6094937616520912,11.638208762886592,76.3755324538538,0.33629759344942234,7103.130667147806,7107.643853234687,7047.75,6284.4769995117185,4959.6080004882815,81,Process Industries,Chemicals: Specialty
CAPLIPOINT.NS,2731.800048828125,2877.300048828125,-5.056824020117734,117666.84738955823,8.516729752979014,6.126410985938846,18.290472172259655,64.41682805479066,0.3333082804607983,2677.9074200484156,2623.6267032914125,2582.0840087890624,2320.129040527344,2047.8738708496094,81,Health Technology,Pharmaceuticals: Major
UNICHEMLAB.NS,540.9500122070312,687.2000122070312,-21.282013591690617,257621.65338645419,-2.7680352394528818,6.664698554141335,16.93687960868364,66.75401429867097,0.32838805788956454,548.8709372968843,542.548529046315,539.6939971923828,466.39399810791014,425.8897492980957,81,Health Technology,Pharmaceuticals: Major
MAHASTEEL.NS,1242.300048828125,1421.0,-12.575647513854681,19435.483870967742,-9.519297244856151,18.732676178264885,38.1715140208436,49.53058101605316,0.34058292123841705,1266.0012840887537,1202.6865898913422,1001.5579931640625,929.5059979248047,882.8292489624023,81,Non-Energy Minerals,Steel
JINDALSAW.NS,306.79998779296875,319.5,-3.974964697036387,4214392.166666667,-0.7601507843802535,12.15499962850104,28.63731144359276,56.34548743746728,0.3348437325532692,304.6033440948392,296.0267515857007,275.3519989013672,257.8168817138672,218.41826721191407,81,Non-Energy Minerals,Steel
CLEANMAX.NS,1421.5999755859375,1536.0,-7.447918256123865,352650.7633587786,13.77350744985495,10.03095786268866,10.66479858350542,65.90033085341662,0.329431142339415,1317.5619823497923,1297.516383781204,1302.7380004882812,1258.2594995117188,,81,Utilities,Alternative Power Generation
JTLIND.NS,89.0999984741211,94.0,-5.212767580722244,4006189.273809524,-3.5714318152187063,16.030729797926856,18.815843462196757,63.30644470573379,0.3381633369901605,88.01245712689648,84.84807982271501,79.22699996948242,76.89439994812011,69.30109991073608,81,Non-Energy Minerals,Steel
NIACL.NS,203.14999389648438,242.60000610351562,-16.26134015437668,3472867.365079365,2.0290258016918417,13.257512084872802,34.046596604926435,49.79025531303516,0.3298448610383574,203.41702631622343,195.7977101407462,183.22963256835936,173.825203704834,161.11301208496093,81,Finance,Multi-Line Insurance
TALBROAUTO.NS,419.0,451.6000061035156,-7.2187789333295616,209500.1952191235,1.9961081915035983,-0.7226603201478832,17.416279342434926,69.63562753036436,0.33134213569997006,415.14554985507175,414.1566877486283,411.7669995117187,377.96299896240237,321.504098815918,81,Producer Manufacturing,Industrial Machinery
TINNARUBR.NS,1075.3499755859375,1317.7581839116879,-18.395500121742813,65935.104,5.745095303044634,-3.7463065990948174,24.194030337867602,66.81791360650573,0.3381062275444807,1030.176749299845,1035.458987406986,1040.7301623535157,926.2032000732422,819.6914984130859,81,Process Industries,Industrial Specialties
SONACOMS.NS,799.5,844.0,-5.2725118483412325,2210706.3214285714,2.1529387414959134,-0.06249999999999867,35.20339640137682,55.28688757800497,0.3287856782576463,799.9327977435258,796.8881590479664,757.8249987792968,676.8775170898438,589.6334461975098,81,Producer Manufacturing,Auto Parts: OEM
ALIVUS.NS,1412.5999755859375,1488.4866814641196,-5.098245541810131,120805.80722891567,0.8495769850000112,6.605691234791644,37.44837231676501,54.133462550205344,0.3429399266056997,1390.3469641914612,1362.2235228635502,1254.3463793945311,1157.0407446289062,1039.9497247314453,81,Health Technology,Pharmaceuticals: Major
KIRLOSENG.NS,2249.0,2714.2611782271474,-17.141356254118424,614042.392,5.177007372400477,5.527404820150772,25.35485543864009,56.81568908633481,0.3195591396739615,2187.986409351587,2164.7960858936895,2205.1068139648437,2033.8284301757812,1661.3118890380858,80,Producer Manufacturing,Electrical Products
TTKHLTCARE.NS,1230.199951171875,1247.0,-1.3472372757117101,9859.546184738956,6.079158658992778,13.403382724846002,40.999871141611166,41.44118091016655,0.3216502611741845,1134.2922794676867,1113.276028491101,1043.5728698730468,970.4093853759765,958.9409786987304,80,Health Technology,Pharmaceuticals: Major
AGI.NS,788.9000244140625,939.0,-15.98508792182508,243114.72,0.8501149778283867,9.844056113250389,27.705386388354913,54.68627929687499,0.32239950355689395,759.9868803013643,745.8376661516926,716.4060021972656,671.7885003662109,651.2015003967285,80,Process Industries,Containers/Packaging
MEESHO.NS,213.35000610351562,254.39999389648438,-16.136001878078677,24593725.01058201,0.8270321122504587,12.047687621557035,27.815725164085457,53.048791567340416,0.3205647491169825,209.06568570102775,205.00404889843168,194.83260070800782,189.39989990234375,,80,Retail Trade,Apparel/Footwear Retail
GOODLUCK.NS,527.0,557.3666381835938,-5.448233909829225,562453.2063492064,11.005792522380208,18.82750845546788,20.392932173591017,52.20949084622508,0.3186775693389894,484.7557774786474,477.0857809583705,488.1903326416016,469.1503332519531,417.68556823730466,80,Non-Energy Minerals,Steel
HUHTAMAKI.NS,251.4499969482422,330.0,-23.803031227805395,510996.84,-4.355267103106353,-8.54701371720401,47.12421248633352,51.66234691828395,0.326572730594622,260.7423174344552,265.3753418217427,260.89440032958987,218.56842346191405,203.0125933074951,80,Process Industries,Containers/Packaging
OPTIEMUS.NS,551.1500244140625,713.0,-22.699856323413393,217131.6746987952,-4.005921627099507,-1.9480433459298174,30.6352292930562,59.63795059060464,0.322555481922628,568.2842702778115,570.2381656595817,571.4409991455078,500.08849945068357,468.3515007019043,80,Distribution Services,Electronics Distributors
AKUMS.NS,762.5999755859375,796.5499877929688,-4.26213203531618,259910.04417670684,-2.111547713855144,4.451445156386602,25.793131416292002,59.75936434010596,0.3232081942082179,764.0802223266961,752.4246122958574,707.9516162109375,631.5891073608399,544.0952801513672,80,Health Technology,Biotechnology
SBC.NS,47.4900016784668,47.72999954223633,-0.5028239389718747,11246347.589641435,12.963845490608715,15.547453629150887,28.455504761716078,47.62202170191714,0.31991335384172725,43.992102614408616,42.62912902608841,41.7176000213623,39.278600196838376,34.573450040817264,80,Distribution Services,Wholesale Distributors
ASKAUTOLTD.NS,610.5999755859375,687.7000122070312,-11.211289116261192,383589.26587301586,-2.1239080738209903,-6.671765290647691,42.734767015373265,51.44736510450954,0.31852632280904153,620.1245978600258,616.7238509562455,564.9427062988282,505.58287200927737,475.7881234741211,80,Producer Manufacturing,Auto Parts: OEM
AEGISVOPAK.NS,292.5,311.489990234375,-6.096500956607409,1137283.3373015872,2.1655649568223634,4.259494823378751,34.36422202681708,51.4526131060495,0.3195876731082291,282.8366902401452,279.49409745956655,280.3669009399414,244.44821365356447,232.04333549499512,80,Transportation,Air Freight/Couriers
XPROINDIA.NS,1349.4000244140625,1572.6395438881225,-14.195212141374292,62490.07171314741,18.806124881428012,26.336490521293165,15.137516208046687,52.76173211362946,0.3279385830026723,1261.4579998445936,1228.4351650040792,1281.3695092773437,1222.147935180664,1094.592705078125,80,Process Industries,Industrial Specialties
BHEL.NS,427.79998779296875,446.5,-4.188132633153696,12767773.36904762,0.07017258315058506,6.153843124806135,13.314844894185374,67.81230840670453,0.32357162714213705,426.1464243664526,423.4829911111621,413.17893981933594,402.49352172851565,336.5497504425049,80,Producer Manufacturing,Electrical Products
VIJAYA.NS,1544.0,1578.0,-2.154626108998736,207369.1235059761,4.246845280594824,8.10811180417057,19.950284226963543,60.48228242181111,0.32224305125707103,1501.6043909198338,1481.9298417875284,1417.9820043945313,1340.4385021972657,1162.8737506103516,80,Health Services,Medical/Nursing Services
TATVA.NS,1687.0,1838.0999755859375,-8.22044380571687,124158.26294820716,5.109034267912782,-4.989861275296537,46.30127792195693,45.89638750856435,0.31761869551744787,1650.3735148456362,1646.0284126055017,1588.3319995117188,1409.8519982910157,1337.6254974365233,79,Process Industries,Chemicals: Specialty
SGFIN.NS,670.5,727.4500122070312,-7.828718296979476,329135.18253968254,-0.6077639689174852,1.5601314151049817,9.603596240294232,70.17766497461928,0.31203394748065233,677.9285611831759,678.330167111864,672.175,625.4225,515.4130001831055,79,Finance,Investment Banks/Brokers
ASIANHOTNR.NS,400.79998779296875,419.20001220703125,-4.389318673248333,32003.798387096773,9.388644778799616,28.173959752712953,33.444308189836704,36.95540616848228,0.31389111352766474,361.04650187950966,340.3257264086853,316.05,307.72700073242186,307.57300048828125,79,Consumer Services,Hotels/Resorts/Cruise lines
GRAPHITE.NS,854.0,865.0,-1.2716763005780396,1521417.6454183266,16.52339630944266,18.135284431923893,38.27273908658737,35.740125156615534,0.31057268305951463,744.7161591477877,725.7431684743517,678.7286743164062,686.1775909423828,651.1633166503906,79,Process Industries,Industrial Specialties
STYL.NS,378.0,434.70430029318214,-13.044338474438478,269983.83050847455,-2.275074475358796,-7.941059346012569,46.05012841861047,47.24300598027782,0.30896521600955873,386.0017822175561,386.8063889604221,376.94769287109375,322.165407409668,291.1272510528564,79,Technology Services,Packaged Software
QUADFUTURE.NS,436.5,481.25,-9.298701298701296,1143295.7738095238,5.180722891566258,22.30316824454832,27.538349159970778,44.80012682839718,0.3116026141741639,422.07783713546905,409.24152322620057,395.8120007324219,368.4064999389648,334.9055000305176,79,Producer Manufacturing,Electrical Products
DPABHUSHAN.NS,1393.5,1670.0,-16.556886227544908,38689.180722891564,-5.531826787097904,-3.457116777749747,55.35982842245133,38.601548255592945,0.30803961794712836,1423.2898001877695,1425.665133585154,1338.775,1158.125,1220.3260025024415,79,Retail Trade,Specialty Stores
IFCI.NS,89.38999938964844,107.5,-16.846512195675867,36362000.94444445,-9.082587808069198,18.084548207797702,5.699420258031762,66.74127657515474,0.31114987568224045,92.4520072863604,88.3664246167701,79.2770004272461,74.66230014801026,64.82615003585815,79,Finance,Finance/Rental/Leasing
GABRIEL.NS,1368.5,1596.6964052725275,-14.291784243954531,455922.76,-4.826484681530118,-8.565716613188135,35.159817571803956,56.786311585108876,0.31066678114794094,1381.0400292011593,1395.2668540607704,1383.8068408203126,1237.2889965820314,1095.6420703125,79,Producer Manufacturing,Auto Parts: OEM
APCOTEXIND.NS,607.5499877929688,712.0,-14.669945534695405,115233.076,-4.951505602257611,-2.4172804984139318,17.685227659654966,67.8804286322165,0.31479133090874545,624.0411684575148,619.4865854152697,587.25599609375,534.706780090332,449.2631378173828,79,Process Industries,Chemicals: Specialty
ARTEMISMED.NS,342.25,350.0,-2.214285714285713,233747.9314516129,6.719671647239278,9.240348973828127,34.57336096514467,47.318823469526826,0.3181957463684369,331.7063099914186,324.15453786661936,300.9302673339844,281.2628385925293,264.60210624694827,79,Health Services,Hospital/Nursing Management
PARADEEP.NS,159.1699981689453,200.0165475038783,-20.42158503617855,6678623.2350597605,2.0509557978587223,7.253258021170028,32.285774704195155,48.68230976179022,0.30814403499994514,156.61869440673203,153.86720280789754,146.338671875,136.93568580627442,134.9115270614624,79,Process Industries,Chemicals: Agricultural
VISHNU.NS,726.0,741.0,-2.0242914979757054,113022.364,11.324077715444304,23.823476045734004,25.20012121318016,45.8384795103024,0.3179253114876624,673.7085427501298,652.5365436217845,623.3909716796875,610.3086383056641,563.0552638244629,79,Process Industries,Chemicals: Specialty
SHRIPISTON.NS,4412.5,4785.7998046875,-7.800155040373147,96960.868,-4.038540894800679,0.04307582418907607,26.179520835336124,57.16105582149642,0.30323039654557155,4518.3511109661185,4506.827301503163,4391.366884765625,3963.608039550781,3492.2107385253908,78,Producer Manufacturing,Auto Parts: OEM
PPLPHARMA.NS,223.3800048828125,231.92999267578125,-3.6864519738595947,4805572.5458167335,4.774863077057967,4.5737578973573,38.478710720749106,43.77293679795034,0.3044502582258213,217.2073701162159,212.9083274806599,197.07499938964844,182.94489944458007,172.0572994995117,78,Health Technology,Pharmaceuticals: Major
GNA.NS,553.5999755859375,601.6500244140625,-7.986378605223221,239530.084,2.547003912536283,5.00758019112848,56.07221438626564,29.546462934779804,0.29896465919270937,544.9143091091429,543.2110876494806,526.1200006103516,460.7490411376953,414.212587890625,78,Producer Manufacturing,Auto Parts: OEM
APOLLOPIPE.NS,582.4000244140625,668.7999877929688,-12.91865504723243,673540.1075697211,-4.501099003160802,14.815184704595863,21.8447121389846,52.63274327435943,0.3011943799204225,603.2545341548714,590.2033874788528,536.6333331298828,510.7306521606445,422.96931610107424,78,Producer Manufacturing,Miscellaneous Manufacturing
NAZARA.NS,363.75,379.3999938964844,-4.12493256411447,2509389.876,-2.401398420684675,3.2354175390975293,29.93391110517123,51.688905492419515,0.30062679194270214,363.9839286211864,357.546181537804,332.58499816894533,306.9135989379883,281.5585493469238,78,Technology Services,Packaged Software
MMFL.NS,625.0499877929688,687.9500122070312,-9.14310971697947,160913.152,-3.853251612629438,-0.6437749086218969,43.181148186019655,43.94909051551159,0.3001990051902321,636.9912402487349,628.268850927001,577.0859967041016,519.7538552856445,462.6242835998535,78,Producer Manufacturing,Metal Fabrication
TMB.NS,921.5999755859375,949.9500122070312,-2.984371414999798,335608.0883534137,-1.1794982080166716,5.211480420428005,20.947620315876115,57.747132484137786,0.3030748535170189,910.2963497107297,891.444143259425,841.8059973144532,777.2930932617187,677.8141235351562,78,Finance,Regional Banks
VSSL.NS,354.6499938964844,374.3999938964844,-5.275106923602291,129942.3935742972,-0.42117086219464195,4.768458892260008,35.355624461165355,46.78318291888735,0.3023153519813709,356.2027796840448,348.0098635925078,316.68623413085936,294.87521881103515,276.70561988830565,78,Non-Energy Minerals,Steel
GUJALKALI.NS,714.4000244140625,815.0,-12.343555286618102,1252431.592,0.15421795036019148,4.650992289534006,15.636134433441494,61.66554294667215,0.30302677761644126,711.2653658596105,701.9688333887846,663.3499963378906,675.9024993896485,593.1494996643066,78,Process Industries,Chemicals: Specialty
BOSCHLTD.NS,48425.0,50000.0,-3.1499999999999972,32581.741035856572,2.4867724867724927,7.170521190660617,24.791762906119597,51.944090242297555,0.2989794645556427,48071.90440167412,47391.159280209766,44310.781171875,40891.5955078125,38012.02677734375,78,Producer Manufacturing,Auto Parts: OEM
TIIL.NS,3129.199951171875,3565.300048828125,-12.23179232276934,19542.850806451614,-4.6411716845383255,16.175977396394092,25.969156964499017,48.362041634010055,0.29906642053778715,3227.1035686670216,3147.5260817701806,2809.5259912109377,2664.5540795898437,2440.979671020508,78,Producer Manufacturing,Metal Fabrication
RATEGAIN.NS,856.4000244140625,1050.0,-18.438092912946423,530466.848,-6.019201710390942,-8.165778175508587,10.824978895381744,72.62648939281955,0.3006301361960153,887.9558217906099,906.0336215725928,928.06900390625,824.337001953125,710.0102510070801,78,Technology Services,Packaged Software
CRAFTSMAN.NS,11357.0,11539.0,-1.5772597278793654,70644.55645161291,1.4153681296602327,8.337308022512646,26.532679937677894,52.465256819763376,0.30754905126677273,11090.305294758178,10820.621587316904,10045.458125,9346.842421875,8343.757358398438,78,Producer Manufacturing,Trucks/Construction/Farm Machinery
HONASA.NS,470.20001220703125,506.64561650495574,-7.193510238841272,1530031.188,-0.6969351199511586,-0.83263821307753,13.28324734377404,63.68361364646815,0.29222198507108854,473.1702638095518,472.51327942698305,466.33256469726564,424.3305892944336,356.150837097168,77,Retail Trade,Specialty Stores
JNKINDIA.NS,437.29998779296875,558.0,-21.630826560399864,538160.6812749004,3.8964110559045917,4.417383127801178,-13.242734176479454,81.20415384536592,0.2978195901635323,438.4590198363397,441.02373291821846,457.1630004882812,433.81339935302736,337.2573998260498,77,Producer Manufacturing,Building Products
VMART.NS,818.0499877929688,886.8128854091074,-7.753935328129192,631031.0200803212,-3.469234053993986,2.339402361690679,18.570618221167944,58.45731088649772,0.2907506688788821,832.6724609177854,824.5364018843129,793.987919921875,736.1519409179688,686.4040885925293,77,Retail Trade,Specialty Stores
MUNJALAU.NS,111.69999694824219,129.46286953315382,-13.720437874554282,954399.744,-3.2565409371600462,10.352665929512028,17.978334183609945,53.57926449330852,0.28570085144592794,113.38178283032926,112.1138954414007,106.73707717895508,98.10945793151855,87.52923950195313,77,Producer Manufacturing,Auto Parts: OEM
CORONA.NS,2226.0,2270.10009765625,-1.9426499167054745,150069.04347826086,9.477201915326571,6.952383019130193,32.97235051268543,42.79638088845239,0.29348454304545285,2112.287515984347,2103.1447749777453,2079.8499975585937,1909.8727624511719,,77,Health Technology,Pharmaceuticals: Major
BRIGADE.NS,676.3499755859375,799.2478861619728,-15.376695103467464,705224.5976095618,4.844210383300029,11.296686193831862,39.5511332678856,34.770921548328836,0.2851746687679359,667.4307434369346,645.0448633039799,587.5746508789063,559.0145196533203,571.8620558166504,77,Finance,Real Estate Development
VADILALIND.NS,7555.5,8379.661952680708,-9.83526492279385,18340.479838709678,-0.9551246690591375,5.670686414780168,28.50468341394048,49.28193770889215,0.2930280492378913,7563.1394944389995,7455.131313421547,7024.788505859375,6047.768278808594,5412.811029052735,77,Consumer Non-Durables,Food: Specialty/Candy
GUFICBIO.NS,442.6499938964844,453.95001220703125,-2.4892648984869536,110913.09561752988,5.130033661023736,2.2534416742297614,25.356002368019624,52.85944734237691,0.2971427134830497,432.0473983332868,424.15017182718736,405.275400390625,366.3569741821289,339.7679913330078,77,Health Technology,Pharmaceuticals: Major
PITTIENG.NS,1181.0,1199.9000244140625,-1.5751332635643323,61071.60642570281,9.891137401859297,22.434172702794463,26.95511959150767,40.128146310570315,0.29613742682425254,1119.1800611604572,1086.4325511960217,1002.6000024414062,978.6750018310547,900.1900021362304,77,Producer Manufacturing,Industrial Machinery
HESTERBIO.NS,2310.0,2683.60009765625,-13.921600986023863,13547.578313253012,2.262167420664829,-4.462546288171776,19.638390052792953,59.759507046177454,0.2912902731874099,2302.8593186235157,2334.217851526097,2361.831689453125,2112.0329296875,1813.8945697021484,77,Health Technology,Pharmaceuticals: Major
LENSKART.NS,682.4000244140625,697.5999755859375,-2.178892159379453,6277788.819905213,2.0182388260227,15.818060128329204,38.10969762892442,36.72611021217451,0.2948878928181524,672.5489145729738,651.7922474068527,593.8310083007813,550.3665051269531,510.4692529296875,77,Health Technology,Medical Specialties
MAXESTATES.NS,533.9500122070312,579.0,-7.780654195676817,119386.76,6.15308393777958,26.693557181518358,24.376898995983744,38.508433776142994,0.2867046303933395,528.0841674371949,507.7848247758402,452.122001953125,438.69149993896485,424.20074996948244,77,Finance,Real Estate Development
SPAL.NS,1024.9000244140625,1218.4508944923061,-15.884995526134094,118098.55823293173,-2.1374666321341884,-0.8488097992207511,28.72456147155995,49.923600574482265,0.28203300048203317,1022.6414888396412,1006.7290888642176,1027.3465051269532,930.778032836914,821.7622128295899,76,Consumer Non-Durables,Apparel/Footwear
ARMANFIN.NS,2050.89990234375,2158.60009765625,-4.989353768186988,41649.57429718875,3.5441991670844164,0.9301133043184029,27.9014594539289,48.272120788190165,0.2821972872902686,2000.5156395070856,1983.0254983362968,1929.6900048828124,1791.5510021972657,1665.5030017089844,76,Finance,Finance/Rental/Leasing
RRKABEL.NS,2443.60009765625,2983.800048828125,-18.10442865915349,436761.780876494,-14.851207189361936,-11.364206746177164,15.114871783429628,68.29897903969399,0.2809609108273486,2629.9259357280403,2683.393123901311,2583.333994140625,2295.8486535644533,1860.4322619628906,76,Producer Manufacturing,Electrical Products
MOTILALOFS.NS,1038.0,1088.3156211947492,-4.623256361928618,1133523.8452380951,2.004719428409585,16.891891891891888,16.83268453353568,48.487235265844106,0.28023549787617685,1028.8671465303669,1002.6605300492107,949.5010009765625,910.5065014648437,849.4194299316406,76,Technology Services,Internet Software/Services
KWIL.NS,40.93000030517578,50.68000030517578,-19.23835821091,18802798.09090909,-5.647765566193663,17.479908512961153,10.921405454334554,53.9300491549348,0.2777964644424715,42.4322987238705,41.659418151482434,36.79999992370605,33.725199909210204,,76,Consumer Non-Durables,Food: Meat/Fish/Dairy
RADICO.NS,4428.60009765625,4747.0,-6.707392086449337,403761.85657370515,-1.0634041280391582,-2.5610539569581925,25.31908980138915,53.36647845688156,0.28323767118973814,4501.922871667694,4510.566100728923,4366.848056640625,3947.3742602539064,3436.9345556640624,76,Consumer Non-Durables,Beverages: Alcoholic
ANTHEM.NS,963.5,977.5499877929688,-1.4372654051880929,473377.03187251,4.218496484586254,12.954279015240333,23.83975812547241,44.14862463298497,0.27824082742342404,927.8561099813444,904.0574988718689,834.8060021972656,802.3015014648438,729.7228460693359,76,Health Technology,Biotechnology
LXCHEM.NS,182.0,240.59049253763015,-24.35278797580339,1128660.346613546,10.369925249512214,2.264425887315258,23.365671840158917,48.97024261342187,0.28087676299830694,175.19748982619265,174.42044793089534,173.24101654052734,163.18139389038086,154.48652072906495,76,Process Industries,Chemicals: Specialty
AEROPLANE.NS,200.80999755859375,206.89999389648438,-2.9434492593255257,1207471.2857142857,15.282160137831035,5.158143327616083,70.97488529274855,11.561109754774312,0.2847675416904061,187.8217481262691,184.93649908759718,182.21720001220703,155.6773996734619,,76,Process Industries,Agricultural Commodities/Milling
VIDYAWIRES.NS,89.52999877929688,117.3499984741211,-23.706859869247708,4405239.191489362,-1.874177032561808,-8.558885271552196,5.528055921557873,70.89139114780521,0.2811577847802283,89.0839295869498,89.44072063607898,91.8347999572754,93.54870010375977,,76,Non-Energy Minerals,Other Metals/Minerals
PNGSREVA.NS,537.3499755859375,644.0,-16.560562797214672,356236.3484848485,2.9998012291967857,-4.11314200998214,42.02457167105737,37.729074456555956,0.27176353004862847,534.8416184135427,530.8569381900094,484.8220007324219,440.35350006103516,,75,Consumer Durables,Other Consumer Specialties
KTKBANK.NS,334.29998779296875,345.8999938964844,-3.353572219774914,3664790.0634920634,1.1956959638182552,10.384672628569591,21.254977508645535,46.154852462456915,0.2703493835967217,333.2128487501922,326.64203934091853,300.9039990234375,282.59609954833985,246.03764961242675,75,Finance,Regional Banks
63MOONS.NS,863.0,1006.4004873759529,-14.248849158434872,352075.20717131475,11.275870489778894,0.22065084983535765,34.33996998788229,40.748587725279585,0.2777314330542148,829.3900966834514,813.4076353713491,774.7930017089843,724.6625036621094,690.7142526245117,75,Technology Services,Packaged Software
SMARTWORKS.NS,547.3499755859375,619.0,-11.575125107279883,108107.62948207172,4.167849057024564,14.484410917875667,22.62797537836223,41.124137417146756,0.2655171466964496,538.0045971951643,526.899131739615,496.1179992675781,474.6174990844727,457.6404995727539,75,Finance,Real Estate Development
INDNIPPON.NS,1138.0,1278.199951171875,-10.968546121703204,50980.63453815261,8.319058294791803,-2.401372212692965,29.908675799086758,43.777637397346815,0.2683528908560534,1103.6459997825414,1105.5737973012538,1124.3479956054687,984.8809967041016,882.3947747802735,75,Producer Manufacturing,Auto Parts: OEM
GRANULES.NS,892.0,908.1083439738012,-1.7738350363914246,1065591.1633466135,7.243763149984961,3.600464576074325,16.623145370757463,52.483468860023265,0.2742480038544991,862.3622572005469,854.8582983927513,855.1525231933593,803.6418780517578,695.9706936645508,75,Health Technology,Pharmaceuticals: Other
ROLEXRINGS.NS,174.4199981689453,189.39999389648438,-7.909184905109501,2719180.645418327,-2.3841474599597623,12.340592773411307,27.51864287583665,43.01410255680431,0.2769093769415901,175.92374531476642,173.55418069127046,159.02420013427735,151.83890060424804,138.38285037994385,75,Producer Manufacturing,Metal Fabrication
RSWM.NS,221.60000610351562,238.0,-6.89075373801864,75308.01204819277,11.68791997045604,6.728315220426784,7.651202104934507,56.80724215865425,0.2753271253607301,209.24481574838504,206.61923810391406,205.9917999267578,191.94150024414063,169.1264001083374,75,Process Industries,Textiles
NUVAMA.NS,1798.9000244140625,2066.0,-12.928362806676553,544760.38,2.5832601196854377,9.508740359476908,18.17764302443765,50.28994622270355,0.27729345480276646,1794.673240904776,1779.206945046835,1805.5099926757812,1665.8590576171875,1498.052626953125,75,Finance,Investment Managers
ETERNAL.NS,319.04998779296875,368.45001220703125,-13.407524162682005,37001808.37848605,-2.6544659670575843,2.8364183055499703,35.650506774104464,40.78633601063524,0.27311523500889673,323.6836499852429,321.3354369212889,306.84300048828123,279.06340057373046,273.78305038452146,75,Technology Services,Internet Software/Services
FLUOROCHEM.NS,4715.39990234375,4958.89990234375,-4.910363282084262,132805.9561752988,-0.5210901627312303,5.160568740940019,28.118459512124705,43.09036966924924,0.26651690453251986,4678.779323407453,4643.954182990184,4437.29203125,4061.31701171875,3712.6420068359375,75,Process Industries,Chemicals: Specialty
POLYPLEX.NS,1152.4000244140625,1264.0,-8.829111992558348,96134.012,-2.553691171599426,3.2709023390482983,29.54137320597734,45.010696704739075,0.2726550199433855,1179.156164912216,1170.534586258451,1120.0390002441407,1022.1945001220703,927.3850015258789,75,Process Industries,Chemicals: Specialty
NPST.NS,1677.0,2197.7059983294785,-23.693159991612976,36888.342741935485,0.38309736068431466,11.398961923939677,1.593266469139576,58.83689358239468,0.26330839494556113,1671.2896630038276,1640.1415013279009,1597.4799951171874,1453.471498413086,1372.1717504882813,74,Technology Services,Packaged Software
ACE.NS,1158.199951171875,1193.8073393073244,-2.9826745876859517,336091.284,4.486914762098904,6.0337362097372615,32.185834175983175,36.69402547647644,0.25988799161542875,1131.6039675611328,1122.6872338171381,1069.9687670898438,990.6844049072265,940.8190020751953,74,Producer Manufacturing,Trucks/Construction/Farm Machinery
SAREGAMA.NS,501.70001220703125,574.5,-12.671886473971927,1330590.1004016064,4.54261691765081,-3.3705700286119966,14.530310737993846,55.27700486836118,0.26250042854785305,495.67957327288866,500.9259610397324,503.82599975585936,456.9419989013672,401.8397485351563,74,Consumer Services,Movies/Entertainment
SOMANYCERA.NS,557.4000244140625,576.7999877929688,-3.3633779107966055,103335.57661290323,0.017950228473884167,12.424372355332958,11.684969706367854,50.520409180773164,0.262003240781336,555.3560531201433,543.1753310934195,521.603095703125,505.3730844116211,451.6809747314453,74,Producer Manufacturing,Building Products
DALMIASUG.NS,436.0,520.0,-16.153846153846153,449608.8032128514,-6.807738738485458,4.069695022360609,35.339054130324364,38.59404560197135,0.26172499610509425,455.1055816559077,449.9128980472636,406.16400390625,378.36565856933595,341.0670246887207,74,Process Industries,Agricultural Commodities/Milling
TBOTEK.NS,1686.5,1764.800048828125,-4.436766016644111,198459.67729083664,-2.084302363283763,5.274656679151057,34.31825683279255,38.18107333060221,0.2641440748158049,1700.6784899878169,1679.6050224349256,1587.4359936523438,1434.5189978027345,1429.4755017089844,74,Technology Services,Internet Software/Services
AARTIPHARM.NS,854.2999877929688,944.0989338759356,-9.511603377656963,317390.664,1.0527517295820576,24.56076666957967,37.29208321301225,25.43866134722932,0.26380518009669546,850.796435911067,830.723934369393,758.8550024414062,724.565,719.9710733032226,74,Health Technology,Pharmaceuticals: Major
LODHA.NS,1204.5,1340.2415520455131,-10.128140844338152,2079026.736,0.4922429946803808,-1.1651720473296656,40.22407682601552,35.988251326356455,0.26278713468349346,1224.04318867933,1224.4127851190203,1193.7972045898437,1046.399453125,1016.0221362304687,74,Finance,Real Estate Development
PNBHOUSING.NS,1159.199951171875,1211.5,-4.31696647363805,1197931.107569721,0.6249957614474777,0.8613853583182562,22.470531527130923,47.63635543888438,0.2603047828150143,1159.4570207633055,1152.5334200257173,1115.78072265625,1070.7832006835938,968.12302734375,74,Finance,Finance/Rental/Leasing
EMMVEE.NS,337.45001220703125,371.54998779296875,-9.177762537012468,3782523.0975609757,3.9267014230570663,5.983046066495934,-1.7755714750930185,63.516993841769384,0.26463405449784744,328.0382394480659,326.46439048913453,328.7510021972656,314.39110107421874,262.0563505554199,74,Electronic Technology,Semiconductors
KRBL.NS,436.3500061035156,473.8573799313211,-7.915329678571559,687897.9196787148,3.3392554419219955,15.238350227678943,27.643702885114017,37.00157177504415,0.2647533516527985,424.5534269345844,413.1111568622152,382.372998046875,372.2539987182617,364.13324905395507,74,Process Industries,Agricultural Commodities/Milling
SAMBHV.NS,131.14999389648438,141.32000732421875,-7.19644275449417,1292394.7450199204,3.9388124736791097,10.563135103504617,20.94244830670222,43.41169849432704,0.2615392215781032,129.00169637587337,126.9870861292839,121.79360000610352,116.86150001525878,107.19810012817383,74,Non-Energy Minerals,Steel
ANANDRATHI.NS,2205.5,2242.0,-1.6280107047279224,518378.104,0.05898053066528686,4.948846062336432,26.935251798561154,40.26192848413652,0.2518101419875677,2197.4374385570695,2176.1734285535267,2113.333994140625,1956.9833239746094,1744.2656134033202,73,Finance,Investment Managers
BLUEJET.NS,580.7000122070312,743.0927273812581,-21.853627305237787,689260.2896825396,0.060314747276479785,-1.6929066858551445,13.307319455030498,54.97731339442278,0.25650571331834876,579.9373723639034,582.7742045766976,586.8290014648437,530.275,488.8937498474121,73,Health Technology,Pharmaceuticals: Major
PWL.NS,124.12999725341797,161.99000549316406,-23.371817368907845,17088288.710784312,7.99547121699129,-2.658406115816625,17.15903806401895,48.99772043098982,0.2501466549013742,122.69673114294504,122.76397862648949,128.30379913330077,119.6819994354248,116.17774955749512,73,Commercial Services,Miscellaneous Commercial Services
NEOGEN.NS,2250.5,2483.89990234375,-9.39650998510525,156124.08366533864,4.484892615071634,3.151394080810377,10.98677906076393,51.19452153161647,0.2485261040854501,2188.203398735865,2175.040774080935,2123.70775390625,1963.1838623046874,1605.0913143920898,73,Process Industries,Chemicals: Specialty
IMAGICAA.NS,53.86000061035156,62.0,-13.129031273626513,922696.284,-2.0727261629971627,9.694505670380615,32.56214421470614,35.565067281447746,0.25726298694767347,54.122936250535496,52.590820942700596,49.16620010375976,47.16569999694824,46.938849983215334,73,Consumer Services,Movies/Entertainment
NETWEB.NS,4955.5,5813.0,-14.75141923275417,1921324.3187250996,-3.5238002530906254,1.0707729961248136,18.303880335344537,49.17085892273503,0.25021282243613274,5148.067684434423,5111.030700243501,4747.18345703125,4538.292446289062,3905.022551269531,73,Electronic Technology,Computer Peripherals
JSFB.NS,535.4000244140625,606.9500122070312,-11.788448200667133,570225.657370518,1.0570095791097023,-0.8059241474640988,15.6871301936099,50.6047888647152,0.248925707323872,539.8957269158867,544.3632234583462,532.3119970703125,500.53299896240236,447.78074966430665,73,Finance,Regional Banks
ALKYLAMINE.NS,1983.0,2115.0,-6.241134751773048,127489.372,-1.038030158762071,4.704576505483882,10.97967921876688,52.70647364705929,0.2521360550967435,2004.236577387115,1983.0201010395947,1903.2820043945312,1798.259512939453,1651.876039428711,73,Process Industries,Chemicals: Specialty
ENGINERSIN.NS,277.3999938964844,289.6499938964844,-4.22924227796736,4901775.019920318,-0.9462574583089856,11.87287723241166,23.866933546150126,38.72773783881192,0.24931124900021237,270.19797066168377,260.3338189630055,242.00300079345703,242.68260040283204,219.77951194763185,73,Industrial Services,Engineering & Construction
NAVINFLUOR.NS,8906.5,8936.0,-0.3301253357206768,215848.72908366533,4.261047702663157,9.201814615007354,21.956730110913327,41.20689333504366,0.2533624406055925,8630.867533599238,8468.024850582704,8025.78,7567.509267578125,6826.101955566406,73,Process Industries,Chemicals: Specialty
AMAGI.NS,565.2000122070312,727.4000244140625,-22.298598675149496,802598.962264151,-3.2605884112911876,-12.744112357077386,32.629360624682626,46.86241477023796,0.2565889278295537,573.6301451698158,583.6380754195104,596.9729992675781,514.8234991455079,,73,Technology Services,Packaged Software
DATAPATTNS.NS,4875.10009765625,5000.0,-2.497998046875005,870035.5657370518,7.97085149662653,10.054854340144082,16.1885199161933,41.952672182148376,0.2444568086540881,4692.612862715025,4635.877886516758,4493.2285986328125,4349.813698730469,3615.627821044922,72,Electronic Technology,Electronic Production Equipment
MONARCH.NS,379.0,405.91149198853304,-6.629891619154571,149181.8795180723,-0.42039045660983154,-2.733990008890874,13.187265280647932,52.048693988381615,0.24186820132107864,378.9037779518475,379.41751645645314,372.2534295654297,347.01847198486325,317.8524329376221,72,Finance,Investment Banks/Brokers
YATHARTH.NS,975.9000244140625,1024.8499755859375,-4.776304077471327,497272.4302788845,0.11284741843138324,8.648428339306701,18.239117704195774,43.30462337596224,0.24534555071348108,961.552581852721,933.8510894240909,874.7965649414062,847.7458624267579,761.1012963867188,72,Health Services,Hospital/Nursing Management
UTTAMSUGAR.NS,281.5,359.29998779296875,-21.653211922121653,153795.60557768925,-4.994933649241262,8.804885077232294,21.75078579032652,39.66757416903195,0.2365374905523307,292.8807841157932,289.2036952017151,260.79239959716796,251.97890045166017,239.87560012817383,72,Process Industries,Agricultural Commodities/Milling
LALPATHLAB.NS,1936.0,1988.9000244140625,-2.659762872175897,374223.74,0.07236764352995806,0.22779169961046897,24.041860899465295,42.67813522228461,0.24336607463028523,1915.35335148074,1904.014377116524,1822.7550805664061,1696.9283911132814,1552.4023406982421,72,Health Services,Medical/Nursing Services
ECLERX.NS,1914.0999755859375,2496.1160957516863,-23.3168690012585,296429.08,-3.1766932091944478,8.256240819025273,40.84137601485991,27.732765802567627,0.24679097968370636,1929.860676950206,1900.8566488123886,1796.8000610351562,1636.5458093261718,1806.8935675048829,72,Commercial Services,Miscellaneous Commercial Services
ZYDUSWELL.NS,558.7000122070312,611.8499755859375,-8.686763994393765,1025403.623015873,4.508050452991386,10.3932040049723,10.635597980631694,45.671644213756664,0.23988782925985774,541.49789527878,535.2208158512777,548.2789404296875,527.8945434570312,479.1264097595215,72,Consumer Non-Durables,Food: Major Diversified
PRUDENT.NS,3300.10009765625,4105.5,-19.617583786231883,37675.49397590361,-10.186692103076467,-2.12645916524008,21.368594835328892,47.49301773205812,0.2396382450006625,3355.6345990585114,3336.581934787751,3176.8559326171876,2992.845388183594,2726.091961669922,72,Finance,Investment Managers
PRICOLLTD.NS,749.2999877929688,823.0,-8.955044010574875,625544.68,-5.984945069891001,2.251637592093081,36.112622669022485,33.54126187770734,0.241021245632192,769.8341751533667,765.5688186922166,708.3219982910156,642.1129992675782,618.9349995422364,72,Producer Manufacturing,Auto Parts: OEM
NYKAA.NS,340.6499938964844,349.54998779296875,-2.546129082331894,6216987.676,-2.546129082331894,2.6054198483386637,29.820884839985663,36.42370767312997,0.2378221958268223,336.6403975809266,334.45174651589997,328.5359997558594,301.03139923095705,278.28879959106445,72,Retail Trade,Internet Retail
FMGOETZE.NS,468.3500061035156,542.9031499790809,-13.732310059066332,365979.48,-9.689405181688148,13.4719173715796,24.144136011215522,38.50792701004635,0.24371854563530304,481.9011388198152,464.89932952391973,423.04150634765625,400.7929248046875,385.14592315673826,72,Producer Manufacturing,Industrial Machinery
THYROCARE.NS,572.4500122070312,662.0,-13.527188488363862,791667.072,-5.3019003793165815,-5.10567555623187,8.8402855069603,54.57843437069092,0.22932134251186428,583.3789884869145,586.6045122773598,574.3799993896484,527.0953155517578,470.80524993896483,71,Health Services,Medical/Nursing Services
STYLEBAAZA.NS,389.5,447.1000061035156,-12.883025121269998,838842.0436507936,-1.504618036000016,10.19945863571019,16.686642973030242,41.584875084821896,0.23529372849379865,394.8017475465127,385.4310692031656,338.5659973144531,345.302497253418,319.5689987182617,71,Retail Trade,Apparel/Footwear Retail
JAGSNPHARM.NS,236.6999969482422,260.14646303072993,-9.012794488663921,217194.896,-0.07425325778358527,4.087692723194891,17.665462910210252,43.02082972224823,0.2331808398082299,236.264422947364,233.74956229500802,229.01114440917968,217.33728637695313,200.05430625915528,71,Health Technology,Pharmaceuticals: Generic
GREENPLY.NS,295.8500061035156,333.81821311913393,-11.37391715714089,440429.4860557769,3.3717657179915816,4.651571746963401,1.3215767407176005,53.94816388825943,0.2324322949871089,293.43331058875464,291.82349160910206,297.8542657470703,284.28214172363283,259.13966926574705,71,Producer Manufacturing,Building Products
RANEHOLDIN.NS,1677.0,1846.1341245121132,-9.161529612958708,23713.35714285714,4.4729660486039435,-5.584954053535829,18.6851590420132,44.4221985735006,0.2270473293615743,1644.1535971647033,1643.6825168150963,1683.0906469726563,1520.0544287109376,1370.882735900879,71,Producer Manufacturing,Auto Parts: OEM
STEELCAS.NS,330.1499938964844,364.0,-9.299452226240557,134121.08835341365,-5.617494163011338,-0.43727749708744046,16.23955565240076,46.01053608658581,0.22626876214635933,334.819172978596,336.06750681039125,324.25481567382815,306.21149353027346,263.93862564086913,71,Non-Energy Minerals,Steel
NOCIL.NS,183.07000732421875,202.60776684401816,-9.643144398724345,1539379.5357142857,7.719923866766654,10.309713134593345,14.379300124306704,40.76312380555487,0.23452974573109295,174.25680739653725,170.84435308867398,168.10261779785156,169.38474700927733,159.58695407867432,71,Process Industries,Chemicals: Specialty
ADANIENT.NS,3046.10009765625,3245.0,-6.129426882704159,1803271.406374502,6.361961015585482,1.19933879256644,4.766985302020643,52.640218976990425,0.233622470414742,2978.044136516439,2995.6183476488736,3056.8240087890626,2907.91248046875,2520.488875732422,71,Distribution Services,Wholesale Distributors
GALAPREC.NS,1047.0999755859375,1260.0,-16.896827334449405,36717.24,3.714342403607551,5.025072776924522,13.716332479075334,42.37541072895867,0.22441512831051727,1037.0515344967057,1045.1699559277781,1097.9419921875,1000.2229974365234,875.6634985351562,70,Producer Manufacturing,Metal Fabrication
LLOYDSME.NS,1816.300048828125,2125.0,-14.527056525735293,524458.3306772908,1.4692764708449824,-11.520849297281044,8.552480386819617,55.22595930400873,0.22498885625277668,1826.2711832685302,1854.3400981726584,1891.5039990234375,1822.1470092773438,1544.9146881103516,70,Non-Energy Minerals,Steel
POWERICA.NS,539.0,676.9500122070312,-20.378168213230207,396340.48214285716,5.2015274097719555,0.41918956683744124,22.23607780442314,38.205128205128204,0.22556865277722904,521.8379661186202,526.9080156386669,545.7259973144531,538.0329965209961,,70,Producer Manufacturing,Electrical Products
STYLAMIND.NS,3346.39990234375,4150.0,-19.363857774849404,69518.244,-3.408864126316924,-5.375373891029267,7.359637547120634,51.24287058870263,0.212890783087797,3402.1226400407236,3448.8234018080393,3417.435986328125,3102.679987792969,2648.4375030517576,69,Non-Energy Minerals,Forest Products
SHYAMMETL.NS,1089.9000244140625,1111.0,-1.8991877215065234,375397.187250996,1.1038983686514348,8.653180235342228,12.91976748936088,38.289627775698,0.2103280724102105,1067.191376244275,1048.182106853984,1016.3484106445312,970.5476080322265,895.2547311401368,69,Producer Manufacturing,Metal Fabrication
INDIANHUME.NS,383.6000061035156,426.6626968523802,-10.092912051264635,99945.69879518072,0.7088506826715912,-2.1678142993336147,35.779985482010225,27.90997155612578,0.21535306475453814,384.9049454471074,383.36434863656007,378.6414855957031,346.7454516601563,355.8088088989258,69,Producer Manufacturing,Building Products
CENTENKA.NS,577.4500122070312,659.4200186323656,-12.43062147178058,109727.47791164658,5.605344750970853,-3.619865250338794,17.046722420810024,40.9610036497968,0.21334979611191054,579.4319489197213,574.5850173833293,560.4913922119141,513.8481597900391,469.90082885742186,69,Process Industries,Chemicals: Specialty
CMPDI.NS,235.7899932861328,281.3180883112053,-16.183849143289898,4220947.539130434,5.74964882954816,-5.717942845037838,-0.277624456197767,54.3411945194096,0.21084566784851758,235.53008978374746,236.47224320173453,246.0925357055664,236.6229521179199,,69,Commercial Services,Miscellaneous Commercial Services
RBLBANK.NS,415.8500061035156,419.1000061035156,-0.7754712366187078,6791460.083665338,9.290408962816187,6.63085170491462,16.10321146587306,35.19022417160282,0.21162264345667592,401.23157839747563,393.5284544263338,378.83497436523436,362.0385720825195,334.56301193237306,69,Finance,Major Banks
COSMOFIRST.NS,906.1500244140625,996.0,-9.021081886138305,101017.0562248996,-2.4806271513299394,1.5294145001750747,21.893155036168043,35.54772462771621,0.20844856546838916,929.4032700470884,924.4741428721172,886.8071228027344,816.7679724121094,740.0611950683593,68,Process Industries,Containers/Packaging
GNFC.NS,560.7000122070312,596.9341143631162,-6.070033741453029,365306.8373015873,0.7758852477917078,6.022325314930366,15.396741623286946,36.7579633541419,0.2060426141640809,564.6626204598159,557.5076024244779,525.1086999511718,509.1006774902344,477.0772998046875,68,Process Industries,Chemicals: Specialty
UDS.NS,211.74000549316406,263.3715158058594,-19.604060125755886,281534.7911646586,-5.7802654213209514,0.8141726057257603,17.339770114864784,39.44815219498352,0.205659998914659,224.86925646351867,220.157654358164,206.1839892578125,189.5233660888672,176.2881368637085,68,Commercial Services,Miscellaneous Commercial Services
GEOJITFSL.NS,80.44999694824219,86.5,-6.994223181222903,993761.0120481928,-3.4445544372227244,4.453389320531165,13.515903380477589,40.01004857252646,0.20605012863537822,81.97974743563084,81.20301872174943,79.40191009521484,75.27151031494141,70.94793153762818,68,Finance,Investment Banks/Brokers
GANECOS.NS,1021.2999877929688,1355.2448855960902,-24.640926621629657,325004.696,-0.03915282463375913,-4.040219774724485,11.953958650914643,44.79336827715492,0.20691575668728088,1026.4911143678708,1047.557105058429,1093.7519921875,1035.4419976806641,935.3939987182617,68,Process Industries,Textiles
AURUM.NS,224.0,264.6400146484375,-15.356715688829581,208680.504,-3.1351351351351364,-0.8893387707131439,22.08415370394472,36.618681890463,0.20781337599712474,226.77864937374864,227.1239381276721,227.53419982910157,206.93130004882812,191.45609977722168,68,Technology Services,Packaged Software
AVL.NS,623.25,703.5025243881884,-11.40756736558709,232768.412,3.170009135572016,0.044313573150467356,19.799874584318577,35.0874067880862,0.20300788718717347,603.5165213922936,604.8551205699885,619.4172509765625,588.3285565185547,539.3127073669434,67,Retail Trade,Electronics/Appliance Stores
NIITLTD.NS,93.9800033569336,115.13916690922679,-18.37703374124169,1072716.753968254,-3.4418970626714063,-0.4514542981620351,8.86803430318528,45.518656537895176,0.20433392340214107,97.4537031606533,97.51401085328402,97.04598037719727,88.68281940460206,82.53734495162963,67,Commercial Services,Miscellaneous Commercial Services
WEWORK.NS,665.5999755859375,794.5,-16.2240433497876,345081.3157894737,0.6806837341071681,-7.549140315239644,4.105732541233453,50.96393395328755,0.20175533654047847,671.9697358166136,681.3864283944212,707.005,646.620997619629,597.7444990539551,67,Finance,Real Estate Development
ACUTAAS.NS,3238.5,3740.0,-13.409090909090903,399152.748,2.464718722293169,-1.8011432761053658,0.9822263797941932,50.306314546388656,0.20303436949501963,3209.476653166784,3229.39857886394,3345.347998046875,3135.4650024414063,2549.8649993896483,67,Health Technology,Pharmaceuticals: Major
SUPRIYA.NS,907.4000244140625,1083.7124081428149,-16.269296393025833,311287.848,13.114368309988556,-1.5573400983390884,-3.0439577424464903,50.211330704463975,0.20171313770382682,850.549433301509,838.5605292312587,851.3231494140625,835.7688336181641,758.7419500732422,67,Health Technology,Pharmaceuticals: Major
VERANDA.NS,232.44000244140625,272.5,-14.700916535263763,409309.052,-6.762936383458939,-9.889516789458652,4.8633035284658455,52.559727953698854,0.19828685243781674,242.17817966741816,243.56330330049653,242.48839935302735,231.6405990600586,207.4426000213623,66,Commercial Services,Miscellaneous Commercial Services
CEIGALL.NS,372.1000061035156,405.70001220703125,-8.281983015166716,425447.552,7.948939056035664,16.353977581889325,0.5811579471664441,37.12916813481313,0.19091704060056616,350.7576655083264,342.447629982583,342.4129986572266,348.4724993896484,308.9783499145508,66,Industrial Services,Engineering & Construction
MINDACORP.NS,706.2000122070312,769.0,-8.166448347590215,567317.952,-0.8702992693087941,-3.9540332665045863,11.70710839306941,42.06657951408446,0.19460927743322812,708.635634187513,710.4157364194226,704.4204724121093,647.029140625,602.3108206176757,66,Producer Manufacturing,Auto Parts: OEM
POLYMED.NS,1744.4000244140625,2103.492450651864,-17.071248633505686,197963.4501992032,-0.6832156589159255,-1.3782289203156828,18.194078106661582,36.17734385221847,0.19585193622931132,1737.768813054316,1737.59714488348,1714.003310546875,1614.3856506347656,1581.834478149414,66,Health Technology,Medical Specialties
ADANIPOWER.NS,211.11000061035156,254.1999969482422,-16.95121827505931,36085227.71825397,1.6417928320716868,1.0095696700246792,-5.361548536860916,52.04176545225687,0.19574334837056578,207.58529297419759,207.72858106618227,211.3418002319336,218.79710083007814,184.08285041809083,66,Utilities,Electric Utilities
ADFFOODS.NS,271.20001220703125,346.1881784193172,-21.661099623528223,275164.14,0.3700962082983761,4.428186160743142,-2.9989958994406263,47.98911532498196,0.1921859421313906,269.2350981135275,270.998252915688,285.289755859375,280.370099029541,239.30652183532715,66,Consumer Non-Durables,Food: Specialty/Candy
ADANIGREEN.NS,1317.300048828125,1631.5,-19.2583482177061,3421421.892430279,4.134391211709487,-3.776475615184438,-9.432791417798214,53.72855774264662,0.18319729669853246,1297.656045267354,1313.9350506966437,1399.0419995117188,1402.8065002441406,1181.6067495727539,65,Utilities,Alternative Power Generation
SIS.NS,429.95001220703125,480.95001220703125,-10.604012622011616,171933.88353413655,0.3032820084119203,-1.1495573881303955,3.490191256216457,44.32696240887881,0.18578259063631578,428.2051159068033,427.0353398950971,428.9379998779297,412.9800003051758,363.1694987487793,65,Commercial Services,Miscellaneous Commercial Services
TITAGARH.NS,896.5499877929688,971.0,-7.667354501239054,1054498.8964143426,7.506442193131924,6.802069778498621,8.976537558061114,35.144702260876805,0.18861900346781973,859.0352011903956,849.5611012589505,845.192998046875,835.7390014648438,795.7297491455079,65,Producer Manufacturing,Trucks/Construction/Farm Machinery
SJS.NS,2271.199951171875,2590.0,-12.308882194136094,139345.06,-7.71981162723222,-4.2495804733610925,8.633294645975642,42.22506755542985,0.17858118158569192,2383.744053217283,2412.2577743422257,2356.12,2173.0838427734375,1935.639881591797,64,Producer Manufacturing,Auto Parts: OEM
EIEL.NS,207.35000610351562,276.1000061035156,-24.900397855921884,2418528.595238095,7.792683221876318,-3.09388936739744,11.754884987921832,35.45205358199273,0.17867777377881786,198.94671852825795,200.624455368575,213.19279998779297,207.8679998779297,194.23569984436034,64,Industrial Services,Environmental Services
KPRMILL.NS,1134.300048828125,1331.0754095910231,-14.78318653812093,493417.564,-3.6769639653115527,5.3496888890501415,8.726724615649605,36.70763350905963,0.1800331216959761,1152.2057935352905,1137.2162379465617,1115.0552026367188,1058.7857391357422,983.4715856933594,64,Consumer Non-Durables,Apparel/Footwear
PFOCUS.NS,311.20001220703125,367.0,-15.204356346857972,3397956.904,8.621295709260469,9.945248411263762,36.563105818374076,11.12302295013512,0.1826932017874507,299.1907715390791,293.88879728174794,281.03239868164064,269.1770994567871,260.86959953308104,64,Consumer Services,Movies/Entertainment
LLOYDSENT.NS,71.25,84.69999694824219,-15.87957193960834,3726458.676,-0.12615130713543588,-13.68867672200188,10.60871938116119,44.5628149291236,0.18257391310883875,72.90275278213966,74.38068260454911,77.10280044555664,73.78777435302734,65.05896301269532,64,Distribution Services,Wholesale Distributors
CARBORUNIV.NS,1097.9000244140625,1303.7913206843634,-15.791736990719352,239397.836,-0.23625402870853796,-2.060657947006017,10.294432520607554,37.85767960187718,0.17795644604661082,1104.3300456961701,1107.1525513982035,1100.5317456054688,1074.9273852539063,951.3126458740235,64,Process Industries,Industrial Specialties
MWL.NS,37.7400016784668,43.939998626708984,-14.110143700536016,766287.636,-0.47467431215734157,-10.780136266760431,0.7107450047055597,48.765524548311845,0.17515938636168588,38.966997579946266,39.35188209447567,38.655658645629885,37.2218635559082,31.999609069824217,63,Non-Energy Minerals,Steel
IDEAFORGE.NS,752.6500244140625,992.25,-24.1471378771416,802485.404,-5.356802965851937,-17.44090338857752,-17.895711313235918,67.9272654875343,0.1777833182674224,783.7917965448017,801.8263250264993,839.7759985351563,814.6785000610352,625.8887496948242,63,Electronic Technology,Aerospace & Defense
GOKULAGRO.NS,232.25999450683594,259.79998779296875,-10.600459807595941,1125639.564,-4.850475747902561,1.5122340073987717,-0.3047631498248382,44.48522208823387,0.17520059117035594,236.8038831383841,236.04843601160582,224.93259979248046,227.19869995117188,203.21329963684082,63,Process Industries,Agricultural Commodities/Milling
PARKHOSPS.NS,283.54998779296875,305.0,-7.032790887551233,1252801.5923913044,2.45708682672765,0.35391967552753645,3.259279493999445,39.405111259381265,0.17056320969730612,283.90758160673704,283.4396527302135,283.5289990234375,274.2404992675781,,62,Health Services,Hospital/Nursing Management
HSCL.NS,668.7000122070312,819.5,-18.401462817933954,5447719.301587301,1.3796296176345368,-11.489078463662306,-1.7340173097676326,49.80025572462956,0.1724004436595253,673.7902551275022,688.7585430838178,715.9920056152343,671.8084466552734,567.8618154907226,62,Process Industries,Industrial Specialties
RAYMONDREL.NS,567.4500122070312,734.9000244140625,-22.78541388545191,561748.1071428572,12.133193537232522,-6.86853379687864,-4.069842009482294,45.27232170446005,0.16727588673286856,555.4635915044947,568.6590495293439,626.855,597.3266598510742,524.3962054443359,62,Finance,Real Estate Development
SUNFLAG.NS,337.5,428.0,-21.144859813084118,342503.0637450199,-0.6330027778948311,-11.382435449333572,0.686153851196214,48.052285514987794,0.17086972993697783,344.08534601046716,348.7338095989613,352.97499755859377,353.97769958496093,300.26169998168945,62,Non-Energy Minerals,Steel
TATATECH.NS,790.8499755859375,891.0,-11.240182313587265,1264512.3864541834,-2.9572410896499646,-10.043797574478297,9.78130051495334,41.37242459540034,0.17178876368785484,804.118725687673,805.7636073683018,776.7099975585937,725.26888671875,665.5856581115722,62,Technology Services,Packaged Software
SCHNEIDER.NS,1222.0,1548.0,-21.0594315245478,343159.196,0.22966280678027307,-9.80218807513289,12.845135511119965,35.76269671649701,0.16221148005586244,1211.6677321186833,1236.9235144282839,1322.9740063476563,1288.6420056152344,1040.2812527465821,61,Producer Manufacturing,Electrical Products
PREMEXPLN.NS,672.5999755859375,829.7999877929688,-18.944325683245477,689671.593625498,1.3028034068638616,3.612408578901527,2.7105445005350948,37.23729181996285,0.16560842134612358,668.3198290175314,666.9532673511125,674.8799975585938,657.0349963378907,573.4607501220703,61,Process Industries,Chemicals: Specialty
SATIN.NS,217.64999389648438,274.1400146484375,-20.606266044158872,448372.8915662651,-2.843500693906398,-6.096300352588758,-6.919560282200477,48.87140796147689,0.1596908496002222,221.1367079742525,224.97151555478797,240.56299987792968,227.80159957885743,188.90029975891113,61,Finance,Finance/Rental/Leasing
NAHARSPING.NS,279.54998779296875,347.8088684400749,-19.62539970681244,28159.63453815261,-3.0895355186082774,-11.302025115051917,6.031886330057867,42.14419025606468,0.16097883426572024,290.63836103204403,292.4591340835156,286.24171936035157,272.4420783996582,234.25231651306152,61,Process Industries,Textiles
MAYURUNIQ.NS,745.3499755859375,899.9875607705063,-17.18219139075422,125347.70564516129,-0.6001200435438614,-2.83824533318906,-7.4073925237988725,45.347817077486006,0.15289248002862543,743.0678468412307,749.8713203792465,782.4039831542968,735.5638342285156,625.0516050720215,60,Process Industries,Textiles
SFL.NS,690.0,832.4500122070312,-17.112140082665263,235910.564,7.518504090377864,1.8600494732541772,-0.8063711578126687,36.292171906931344,0.15398817719117358,657.3485407418132,668.8815944777236,719.4150659179687,668.2861877441406,612.1862979125976,60,Process Industries,Industrial Specialties
SIMPLEXINF.NS,256.1000061035156,330.0,-22.39393754438921,143700.9193548387,-4.73532756931786,7.213133226663837,-1.5946182119056185,37.142550374879676,0.1534772857478117,261.98988268741107,258.6925544976723,254.11219970703124,246.89620025634767,236.20509994506835,60,Industrial Services,Engineering & Construction
GOLDIAM.NS,336.20001220703125,398.20001220703125,-15.57006481651364,1035572.171314741,-1.8107423481226848,-8.901226574315945,5.773165251266188,39.69045723237428,0.15646812918654113,345.23770928732466,350.8329615307663,354.77024841308594,334.905,297.5375764465332,60,Consumer Durables,Other Consumer Specialties
CARYSIL.NS,1173.9000244140625,1280.9000244140625,-8.353501285078535,127388.81746031746,3.0460037508333926,-1.8724419877776621,-0.4241241747776736,38.65233456131754,0.1526380854962152,1150.7991878192079,1153.5894723431577,1165.0460034179687,1109.210501098633,991.4500003051758,59,Consumer Durables,Home Furnishings
DEEPAKFERT.NS,1353.800048828125,1669.6119086916185,-18.915285535485758,395685.844,-3.7810910569918255,-11.364676429955322,-8.821057647548047,46.22475143520794,0.1319253888812852,1404.09211729656,1438.8941561334932,1517.6909375,1453.0365234375,1284.6235314941407,57,Process Industries,Chemicals: Agricultural
ADANIENSOL.NS,1421.5,1789.0,-20.542202347680274,2394120.996031746,1.7829031110798699,-12.36128236744759,-4.571695535853526,43.29637096774193,0.13653073563959184,1440.3709196286702,1489.881500566624,1596.9740014648437,1521.017001953125,1262.293500366211,57,Utilities,Electric Utilities
M&MFIN.NS,367.45001220703125,415.0,-11.45782838384789,3350650.721115538,0.8369973550035992,-10.877995855885969,36.277558607738555,4.1633497258408925,0.10456708036981091,373.9704807011882,376.5471629359583,366.4050012207031,332.88432525634767,338.5721783447266,53,Finance,Finance/Rental/Leasing
