Ticker,Sector,Industry
20MICRONS.NS,Process Industries,Chemicals: Specialty
21STCENMGM.NS,Finance,Investment Banks/Brokers
360ONE.NS,Finance,Investment Managers
3BBLACKBIO.NS,Process Industries,Chemicals: Agricultural
3IINFOLTD.NS,Technology Services,Information Technology Services
3MINDIA.NS,Producer Manufacturing,Industrial Conglomerates
3PLAND.NS,Finance,Real Estate Development
5PAISA.NS,Finance,Investment Banks/Brokers
63MOONS.NS,Technology Services,Packaged Software
A2ZINFRA.NS,Industrial Services,Engineering & Construction
AAATECH.NS,Technology Services,Information Technology Services
AADHARHFC.NS,Finance,Finance/Rental/Leasing
AAKAAR.NS,Distribution Services,Medical Distributors
AAKASH.NS,Energy Minerals,Oil & Gas Production
AARADHYA.NS,Process Industries,Containers/Packaging
AAREYDRUGS.NS,Health Technology,Pharmaceuticals: Major
AARNAV.NS,Finance,Investment Banks/Brokers
AARON.NS,Producer Manufacturing,Building Products
AARTECH.NS,Commercial Services,Miscellaneous Commercial Services
AARTIDRUGS.NS,Health Technology,Pharmaceuticals: Major
AARTIIND.NS,Process Industries,Chemicals: Major Diversified
AARTIPHARM.NS,Health Technology,Pharmaceuticals: Major
AARTISURF.NS,Process Industries,Chemicals: Major Diversified
AARVI.NS,Commercial Services,Personnel Services
AASTHA.NS,Process Industries,Textiles
AATMAJ.NS,Health Services,Hospital/Nursing Management
AAVAS.NS,Finance,Finance/Rental/Leasing
ABAN.NS,Industrial Services,Contract Drilling
ABANSENT.NS,Distribution Services,Wholesale Distributors
ABB.NS,Producer Manufacturing,Electrical Products
ABBOTINDIA.NS,Health Technology,Pharmaceuticals: Major
ABCAPITAL.NS,Finance,Multi-Line Insurance
ABCOTS.NS,Consumer Non-Durables,Apparel/Footwear
ABDL.NS,Consumer Non-Durables,Beverages: Alcoholic
ABFRL.NS,Retail Trade,Apparel/Footwear Retail
ABH.NS,Health Services,Hospital/Nursing Management
ABHAPOWER.NS,Non-Energy Minerals,Steel
ABINFRA.NS,Industrial Services,Engineering & Construction
ABLBL.NS,Retail Trade,Apparel/Footwear Retail
ABMINTLLTD.NS,Industrial Services,Engineering & Construction
ABMKNO.NS,Technology Services,Packaged Software
ABREL.NS,Process Industries,Textiles
ABSLAMC.NS,Technology Services,Internet Software/Services
ABSMARINE.NS,Transportation,Marine Shipping
ACC.NS,Non-Energy Minerals,Construction Materials
ACCELYA.NS,Technology Services,Packaged Software
ACCENTMIC.NS,Health Technology,Pharmaceuticals: Major
ACCORD.NS,Industrial Services,Engineering & Construction
ACCPL.NS,Health Technology,Pharmaceuticals: Major
ACCURACY.NS,Transportation,Air Freight/Couriers
ACE.NS,Producer Manufacturing,Trucks/Construction/Farm Machinery
ACEINTEG.NS,Technology Services,Data Processing Services
ACETEC.NS,Commercial Services,Miscellaneous Commercial Services
ACGL.NS,Producer Manufacturing,Auto Parts: OEM
ACI.NS,Process Industries,Chemicals: Major Diversified
ACL.NS,Non-Energy Minerals,Construction Materials
ACMESOLAR.NS,Industrial Services,Engineering & Construction
ACSTECH.NS,Process Industries,Textiles
ACTIVEINFR.NS,Industrial Services,Engineering & Construction
ACUTAAS.NS,Health Technology,Pharmaceuticals: Major
ADANIENSOL.NS,Utilities,Electric Utilities
ADANIENT.NS,Distribution Services,Wholesale Distributors
ADANIGREEN.NS,Utilities,Alternative Power Generation
ADANIPORTS.NS,Transportation,Other Transportation
ADANIPOWER.NS,Utilities,Electric Utilities
ADDICTIVE.NS,Technology Services,Internet Software/Services
ADDIND.NS,Process Industries,Textiles
ADFFOODS.NS,Consumer Non-Durables,Food: Specialty/Candy
ADISOFT.NS,Producer Manufacturing,Industrial Machinery
ADL.NS,Commercial Services,Miscellaneous Commercial Services
ADOR.NS,Producer Manufacturing,Miscellaneous Manufacturing
ADROITINFO.NS,Commercial Services,Miscellaneous Commercial Services
ADSL.NS,Technology Services,Information Technology Services
ADVAIT.NS,Producer Manufacturing,Electrical Products
ADVANCE.NS,Process Industries,Chemicals: Agricultural
ADVANIHOTR.NS,Consumer Services,Hotels/Resorts/Cruise lines
ADVENTHTL.NS,Industrial Services,Engineering & Construction
ADVENZYMES.NS,Consumer Non-Durables,Food: Specialty/Candy
ADVIKCA.NS,Finance,Investment Managers
AEGISLOG.NS,Distribution Services,Wholesale Distributors
AEGISVOPAK.NS,Transportation,Air Freight/Couriers
AEPL.NS,Producer Manufacturing,Electrical Products
AEQUS.NS,Electronic Technology,Aerospace & Defense
AEROENTER.NS,Producer Manufacturing,Industrial Machinery
AEROFLEX.NS,Producer Manufacturing,Industrial Machinery
AERON.NS,Producer Manufacturing,Miscellaneous Manufacturing
AERONEU.NS,Process Industries,Containers/Packaging
AEROPLANE.NS,Process Industries,Agricultural Commodities/Milling
AESTHETIK.NS,Consumer Durables,Home Furnishings
AETHER.NS,Process Industries,Chemicals: Major Diversified
AFCONS.NS,Industrial Services,Engineering & Construction
AFFLE.NS,Technology Services,Packaged Software
AFFORDABLE.NS,Producer Manufacturing,Industrial Machinery
AFIL.NS,Technology Services,Internet Software/Services
AFSL.NS,Finance,Investment Managers
AGARIND.NS,Process Industries,Chemicals: Specialty
AGARWALEYE.NS,Health Services,Medical/Nursing Services
AGARWALFT.NS,Distribution Services,Wholesale Distributors
AGARWALTUF.NS,Process Industries,Industrial Specialties
AGI.NS,Process Industries,Containers/Packaging
AGIIL.NS,Finance,Real Estate Development
AGL.NS,Transportation,Air Freight/Couriers
AGNI.NS,Utilities,Electric Utilities
AGRITECH.NS,Process Industries,Agricultural Commodities/Milling
AGROPHOS.NS,Process Industries,Chemicals: Agricultural
AGSTRA.NS,Commercial Services,Miscellaneous Commercial Services
AGUL.NS,Non-Energy Minerals,Steel
AHCL.NS,Health Technology,Pharmaceuticals: Major
AHIMSA.NS,Process Industries,Containers/Packaging
AHLADA.NS,Producer Manufacturing,Building Products
AHLEAST.NS,Consumer Services,Hotels/Resorts/Cruise lines
AHLUCONT.NS,Industrial Services,Engineering & Construction
AHLWEST.NS,Consumer Services,Hotels/Resorts/Cruise lines
AIAENG.NS,Producer Manufacturing,Industrial Machinery
AIIL.NS,Finance,Financial Conglomerates
AILIMITED.NS,Transportation,Other Transportation
AIMTRON.NS,Electronic Technology,Electronic Components
AIRAN.NS,Technology Services,Information Technology Services
AIROLAM.NS,Non-Energy Minerals,Forest Products
AISL.NS,Commercial Services,Personnel Services
AJANTPHARM.NS,Health Technology,Pharmaceuticals: Major
AJAXENGG.NS,Producer Manufacturing,Trucks/Construction/Farm Machinery
AJMERA.NS,Finance,Real Estate Development
AJOONI.NS,Miscellaneous,Miscellaneous
AKANKSHA.NS,Producer Manufacturing,Electrical Products
AKASH.NS,Industrial Services,Engineering & Construction
AKCAPIT.NS,Finance,Investment Banks/Brokers
AKG.NS,Distribution Services,Wholesale Distributors
AKI.NS,Process Industries,Textiles
AKIKO.NS,Finance,Finance/Rental/Leasing
AKSHAR.NS,Process Industries,Textiles
AKSHARCHEM.NS,Process Industries,Chemicals: Specialty
AKSHOPTFBR.NS,Electronic Technology,Telecommunications Equipment
AKUMS.NS,Health Technology,Biotechnology
ALANKIT.NS,Technology Services,Internet Software/Services
ALBERTDAVD.NS,Health Technology,Pharmaceuticals: Major
ALCODIS.NS,Consumer Non-Durables,Beverages: Alcoholic
ALEMBICLTD.NS,Health Technology,Pharmaceuticals: Major
ALFREDHE.NS,Producer Manufacturing,Industrial Machinery
ALGOQUANT.NS,Finance,Investment Banks/Brokers
ALICON.NS,Producer Manufacturing,Auto Parts: OEM
ALIVUS.NS,Health Technology,Pharmaceuticals: Major
ALKALI.NS,Process Industries,Chemicals: Specialty
ALKEM.NS,Health Technology,Pharmaceuticals: Major
ALKYLAMINE.NS,Process Industries,Chemicals: Specialty
ALLCARGO.NS,Transportation,Air Freight/Couriers
ALLDIGI.NS,Commercial Services,Miscellaneous Commercial Services
ALLETEC.NS,Technology Services,Information Technology Services
ALLTIME.NS,Producer Manufacturing,Miscellaneous Manufacturing
ALMONDZ.NS,Finance,Investment Banks/Brokers
ALOKINDS.NS,Process Industries,Textiles
ALPA.NS,Health Technology,Pharmaceuticals: Major
ALPEXSOLAR.NS,Electronic Technology,Semiconductors
ALPHAGEO.NS,Industrial Services,Oilfield Services/Equipment
ALPINETEX.NS,Process Industries,Textiles
ALUFLUOR.NS,Non-Energy Minerals,Aluminum
ALUWIND.NS,Producer Manufacturing,Building Products
AMAGI.NS,Technology Services,Packaged Software
AMAL.NS,Process Industries,Chemicals: Specialty
AMANTA.NS,Health Technology,Pharmaceuticals: Major
AMARJOTHI.NS,Process Industries,Textiles
AMBAAUTO.NS,Retail Trade,Specialty Stores
AMBALALSA.NS,Health Technology,Pharmaceuticals: Major
AMBANIORGO.NS,Process Industries,Chemicals: Specialty
AMBER.NS,Producer Manufacturing,Industrial Machinery
AMBICAAGAR.NS,Process Industries,Chemicals: Major Diversified
AMBIKCO.NS,Process Industries,Textiles
AMBUJACEM.NS,Non-Energy Minerals,Construction Materials
AMCL.NS,Non-Energy Minerals,Aluminum
AMDIND.NS,Producer Manufacturing,Miscellaneous Manufacturing
AMEYA.NS,Producer Manufacturing,Industrial Machinery
AMIABLE.NS,Transportation,Air Freight/Couriers
AMJLAND.NS,Finance,Real Estate Development
AMNPLST.NS,Process Industries,Chemicals: Specialty
AMRUTANJAN.NS,Health Technology,Pharmaceuticals: Other
ANANDRATHI.NS,Finance,Investment Managers
ANANTAM.NS,Miscellaneous,Investment Trusts/Mutual Funds
ANANTRAJ.NS,Consumer Durables,Homebuilding
ANAWIL.NS,Producer Manufacturing,Metal Fabrication
ANDHRAPAP.NS,Process Industries,Pulp & Paper
ANDHRSUGAR.NS,Process Industries,Chemicals: Specialty
ANDREWYU.NS,Producer Manufacturing,Industrial Machinery
ANGELONE.NS,Finance,Investment Banks/Brokers
ANIKINDS.NS,Distribution Services,Wholesale Distributors
ANKITMETAL.NS,Non-Energy Minerals,Steel
ANLON.NS,Distribution Services,Wholesale Distributors
ANMOL.NS,Distribution Services,Wholesale Distributors
ANNAPURNA.NS,Consumer Non-Durables,Food: Specialty/Candy
ANNU.NS,Industrial Services,Engineering & Construction
ANONDITA.NS,Producer Manufacturing,Miscellaneous Manufacturing
ANSALAPI.NS,Finance,Real Estate Development
ANSALBU.NS,Consumer Durables,Homebuilding
ANTELOPUS.NS,Energy Minerals,Integrated Oil
ANTGRAPHIC.NS,Process Industries,Containers/Packaging
ANTHEM.NS,Health Technology,Biotechnology
ANUHPHR.NS,Health Technology,Pharmaceuticals: Major
ANUP.NS,Producer Manufacturing,Industrial Machinery
ANURAS.NS,Health Technology,Pharmaceuticals: Major
ANYA.NS,Process Industries,Chemicals: Agricultural
ANZEN.NS,Miscellaneous,Investment Trusts/Mutual Funds
APARINDS.NS,Electronic Technology,Electronic Equipment/Instruments
APCL.NS,Non-Energy Minerals,Construction Materials
APCOTEXIND.NS,Process Industries,Chemicals: Specialty
APEX.NS,Consumer Non-Durables,Food: Meat/Fish/Dairy
APEXECO.NS,Utilities,Water Utilities
APLAPOLLO.NS,Non-Energy Minerals,Steel
APLLTD.NS,Health Technology,Pharmaceuticals: Major
APOLLO.NS,Electronic Technology,Electronic Production Equipment
APOLLOHOSP.NS,Health Services,Hospital/Nursing Management
APOLLOPIPE.NS,Producer Manufacturing,Miscellaneous Manufacturing
APOLLOTYRE.NS,Consumer Durables,Automotive Aftermarket
APOLSINHOT.NS,Consumer Services,Hotels/Resorts/Cruise lines
APOORVA.NS,Finance,Financial Conglomerates
APRAMEYA.NS,Distribution Services,Wholesale Distributors
APS.NS,Electronic Technology,Semiconductors
APSISAERO.NS,Producer Manufacturing,Industrial Machinery
APTECHT.NS,Commercial Services,Miscellaneous Commercial Services
APTUS.NS,Finance,Finance/Rental/Leasing
AQYLON.NS,Consumer Services,Movies/Entertainment
ARABIAN.NS,Process Industries,Industrial Specialties
ARCHIDPLY.NS,Producer Manufacturing,Building Products
ARCHIES.NS,Retail Trade,Specialty Stores
ARCIIL.NS,Non-Energy Minerals,Steel
ARCL.NS,Process Industries,Chemicals: Specialty
ARDEE.NS,Non-Energy Minerals,Other Metals/Minerals
ARE&M.NS,Producer Manufacturing,Electrical Products
ARENTERP.NS,Non-Energy Minerals,Construction Materials
ARFIN.NS,Non-Energy Minerals,Aluminum
ARHAM.NS,Consumer Durables,Electronics/Appliances
ARIES.NS,Process Industries,Chemicals: Agricultural
ARIHANT.NS,Finance,Real Estate Development
ARIHANTACA.NS,Commercial Services,Miscellaneous Commercial Services
ARIHANTCAP.NS,Finance,Investment Banks/Brokers
ARIHANTSUP.NS,Finance,Real Estate Development
ARIS.NS,Technology Services,Packaged Software
ARISTO.NS,Process Industries,Chemicals: Agricultural
ARKADE.NS,Consumer Durables,Homebuilding
ARMANFIN.NS,Finance,Finance/Rental/Leasing
ARMOUR.NS,Commercial Services,Miscellaneous Commercial Services
AROGRANITE.NS,Non-Energy Minerals,Construction Materials
ARROWGREEN.NS,Process Industries,Containers/Packaging
ARSHIYA.NS,Commercial Services,Miscellaneous Commercial Services
ARSSBL.NS,Finance,Investment Banks/Brokers
ARTEMISMED.NS,Health Services,Hospital/Nursing Management
ARTNIRMAN.NS,Consumer Durables,Homebuilding
ARUNAYA.NS,Process Industries,Chemicals: Specialty
ARVEE.NS,Process Industries,Chemicals: Specialty
ARVIND.NS,Process Industries,Textiles
ARVINDFASN.NS,Retail Trade,Apparel/Footwear Retail
ARVINDPORT.NS,Transportation,Other Transportation
ARVSMART.NS,Finance,Real Estate Development
ARYAMAN.NS,Finance,Investment Banks/Brokers
ASAHIINDIA.NS,Consumer Durables,Home Furnishings
ASAHISONG.NS,Process Industries,Chemicals: Specialty
ASAL.NS,Producer Manufacturing,Auto Parts: OEM
ASALCBR.NS,Consumer Non-Durables,Beverages: Alcoholic
ASCOM.NS,Finance,Finance/Rental/Leasing
ASHALOG.NS,Transportation,Air Freight/Couriers
ASHAPURMIN.NS,Non-Energy Minerals,Other Metals/Minerals
ASHIANA.NS,Finance,Real Estate Development
ASHIKAG.NS,Miscellaneous,Miscellaneous
ASHIMASYN.NS,Process Industries,Textiles
ASHOKA.NS,Industrial Services,Engineering & Construction
ASHOKAMET.NS,Producer Manufacturing,Metal Fabrication
ASHOKLEY.NS,Producer Manufacturing,Trucks/Construction/Farm Machinery
ASHUTOSH.NS,Process Industries,Textiles
ASHWINI.NS,Transportation,Trucking
ASIANENE.NS,Energy Minerals,Oil & Gas Production
ASIANHOTNR.NS,Consumer Services,Hotels/Resorts/Cruise lines
ASIANPAINT.NS,Process Industries,Industrial Specialties
ASIANTILES.NS,Producer Manufacturing,Building Products
ASIANTNE.NS,Non-Energy Minerals,Forest Products
ASKAUTOLTD.NS,Producer Manufacturing,Auto Parts: OEM
ASMS.NS,Electronic Technology,Semiconductors
ASPINWALL.NS,Transportation,Air Freight/Couriers
ASPIRE.NS,Distribution Services,Wholesale Distributors
ASSAMENT.NS,Finance,Investment Banks/Brokers
ASTAR.NS,Commercial Services,Miscellaneous Commercial Services
ASTEC.NS,Process Industries,Chemicals: Agricultural
ASTERDM.NS,Health Services,Hospital/Nursing Management
ASTRAL.NS,Producer Manufacturing,Miscellaneous Manufacturing
ASTRAMICRO.NS,Electronic Technology,Telecommunications Equipment
ASTRAZEN.NS,Health Technology,Pharmaceuticals: Major
ASTRON.NS,Process Industries,Containers/Packaging
ATALREAL.NS,Consumer Durables,Homebuilding
ATAM.NS,Producer Manufacturing,Industrial Machinery
ATCENERGY.NS,Producer Manufacturing,Electrical Products
ATGL.NS,Utilities,Gas Distributors
ATHERENERG.NS,Consumer Durables,Motor Vehicles
ATL.NS,Transportation,Marine Shipping
ATLANTAA.NS,Industrial Services,Engineering & Construction
ATLANTAELE.NS,Producer Manufacturing,Electrical Products
ATLASCYCLE.NS,Consumer Durables,Motor Vehicles
ATLPP.E1.NS,Transportation,Marine Shipping
ATMASTCO.NS,Producer Manufacturing,Metal Fabrication
ATUL.NS,Process Industries,Chemicals: Agricultural
ATULAUTO.NS,Consumer Durables,Motor Vehicles
AUBANK.NS,Finance,Regional Banks
AUGMONT.NS,Retail Trade,Specialty Stores
AURIONPRO.NS,Technology Services,Information Technology Services
AUROIMPEX.NS,Producer Manufacturing,Industrial Machinery
AUROPHARMA.NS,Health Technology,Pharmaceuticals: Other
AURUM.NS,Technology Services,Packaged Software
AURUS.NS,Consumer Durables,Other Consumer Specialties
AUSL.NS,Non-Energy Minerals,Steel
AUSOMENT.NS,Finance,Investment Banks/Brokers
AUSTENG.NS,Producer Manufacturing,Metal Fabrication
AUTOAXLES.NS,Producer Manufacturing,Auto Parts: OEM
AUTOIND.NS,Producer Manufacturing,Auto Parts: OEM
AVADHSUGAR.NS,Process Industries,Agricultural Commodities/Milling
AVALON.NS,Electronic Technology,Electronic Production Equipment
AVANA.NS,Producer Manufacturing,Electrical Products
AVANCE.NS,Technology Services,Packaged Software
AVANTEL.NS,Electronic Technology,Telecommunications Equipment
AVANTIFEED.NS,Process Industries,Agricultural Commodities/Milling
AVATAR.NS,Producer Manufacturing,Building Products
AVG.NS,Transportation,Air Freight/Couriers
AVIANSH.NS,Process Industries,Textiles
AVIENCE.NS,Health Technology,Medical Specialties
AVL.NS,Retail Trade,Electronics/Appliance Stores
AVONMORE.NS,Finance,Investment Managers
AVPINFRA.NS,Industrial Services,Engineering & Construction
AVROIND.NS,Consumer Durables,Home Furnishings
AVSL.NS,Process Industries,Agricultural Commodities/Milling
AVTNPL.NS,Consumer Non-Durables,Food: Specialty/Candy
AWFIS.NS,Finance,Real Estate Development
AWHCL.NS,Transportation,Trucking
AWL.NS,Process Industries,Agricultural Commodities/Milling
AXISBANK.NS,Finance,Major Banks
AXISCADES.NS,Commercial Services,Miscellaneous Commercial Services
AXITA.NS,Process Industries,Agricultural Commodities/Milling
AXTEL.NS,Producer Manufacturing,Industrial Machinery
AYE.NS,Finance,Finance/Rental/Leasing
AYMSYNTEX.NS,Process Industries,Textiles
AZAD.NS,Producer Manufacturing,Metal Fabrication
AZADIND.NS,Non-Energy Minerals,Steel
BABAFP.NS,Process Industries,Agricultural Commodities/Milling
BAFNAPH.NS,Health Technology,Pharmaceuticals: Major
BAGDIGITAL.NS,Consumer Services,Broadcasting
BAGFILMS.NS,Consumer Services,Broadcasting
BAGMANE.RR.NS,Finance,Real Estate Investment Trusts
BAHETI.NS,Producer Manufacturing,Metal Fabrication
BAIDFIN.NS,Finance,Finance/Rental/Leasing
BAJAJCON.NS,Consumer Non-Durables,Household/Personal Care
BAJAJELEC.NS,Consumer Durables,Electronics/Appliances
BAJAJFINSV.NS,Finance,Life/Health Insurance
BAJAJHCARE.NS,Health Technology,Pharmaceuticals: Major
BAJAJHFL.NS,Finance,Finance/Rental/Leasing
BAJAJHIND.NS,Process Industries,Agricultural Commodities/Milling
BAJAJHLDNG.NS,Finance,Financial Conglomerates
BAJAJINDEF.NS,Producer Manufacturing,Trucks/Construction/Farm Machinery
BAJAJST.NS,Process Industries,Agricultural Commodities/Milling
BAJAJ_AUTO.NS,Consumer Durables,Motor Vehicles
BAJEL.NS,Industrial Services,Engineering & Construction
BAJFINANCE.NS,Finance,Finance/Rental/Leasing
BALAJEE.NS,Process Industries,Containers/Packaging
BALAJIPHOS.NS,Process Industries,Chemicals: Agricultural
BALAJITELE.NS,Consumer Services,Movies/Entertainment
BALAMINES.NS,Process Industries,Chemicals: Specialty
BALAXI.NS,Distribution Services,Medical Distributors
BALCO.NS,Producer Manufacturing,Miscellaneous Manufacturing
BALKRISHNA.NS,Process Industries,Pulp & Paper
BALKRISIND.NS,Consumer Durables,Automotive Aftermarket
BALMLAWRIE.NS,Producer Manufacturing,Industrial Conglomerates
BALPHARMA.NS,Health Technology,Pharmaceuticals: Major
BALRAMCHIN.NS,Process Industries,Agricultural Commodities/Milling
BALUFORGE.NS,Producer Manufacturing,Trucks/Construction/Farm Machinery
BANARBEADS.NS,Consumer Durables,Other Consumer Specialties
BANARISUG.NS,Process Industries,Agricultural Commodities/Milling
BANCOINDIA.NS,Producer Manufacturing,Industrial Machinery
BANDHANBNK.NS,Finance,Major Banks
BANG.NS,Consumer Non-Durables,Apparel/Footwear
BANKA.NS,Industrial Services,Environmental Services
BANKBARODA.NS,Finance,Major Banks
BANKINDIA.NS,Finance,Major Banks
BANSALWIRE.NS,Non-Energy Minerals,Steel
BANSWRAS.NS,Process Industries,Textiles
BARFLEX.NS,Process Industries,Containers/Packaging
BASF.NS,Process Industries,Chemicals: Specialty
BASILIC.NS,Consumer Services,Movies/Entertainment
BASML.NS,Process Industries,Textiles
BATAINDIA.NS,Consumer Non-Durables,Apparel/Footwear
BATLIBOI.NS,Producer Manufacturing,Industrial Machinery
BAWEJA.NS,Consumer Services,Movies/Entertainment
BAYERCROP.NS,Process Industries,Chemicals: Agricultural
BBL.NS,Producer Manufacturing,Electrical Products
BBOX.NS,Technology Services,Information Technology Services
BBTC.NS,Consumer Non-Durables,Food: Major Diversified
BBTCL.NS,Process Industries,Containers/Packaging
BCG.NS,Technology Services,Packaged Software
BCLIND.NS,Consumer Non-Durables,Food: Major Diversified
BCONCEPTS.NS,Consumer Durables,Home Furnishings
BCPL.NS,Industrial Services,Engineering & Construction
BDL.NS,Electronic Technology,Aerospace & Defense
BEACON.NS,Miscellaneous,Investment Trusts/Mutual Funds
BEARDSELL.NS,Process Industries,Industrial Specialties
BECTORFOOD.NS,Consumer Non-Durables,Food: Specialty/Candy
BEDMUTHA.NS,Non-Energy Minerals,Steel
BEEKAY.NS,Non-Energy Minerals,Steel
BEL.NS,Electronic Technology,Aerospace & Defense
BELLACASA.NS,Consumer Durables,Home Furnishings
BELRISE.NS,Producer Manufacturing,Auto Parts: OEM
BEML.NS,Producer Manufacturing,Trucks/Construction/Farm Machinery
BENARAS.NS,Consumer Services,Hotels/Resorts/Cruise lines
BENGALASM.NS,Consumer Durables,Automotive Aftermarket
BEPL.NS,Process Industries,Industrial Specialties
BERGEPAINT.NS,Process Industries,Industrial Specialties
BESTAGRO.NS,Process Industries,Chemicals: Agricultural
BETA.NS,Health Technology,Pharmaceuticals: Major
BEWLTD.NS,Producer Manufacturing,Industrial Machinery
BFINVEST.NS,Finance,Financial Conglomerates
BFUTILITIE.NS,Industrial Services,Engineering & Construction
BGLOBAL.NS,Commercial Services,Miscellaneous Commercial Services
BGRENERGY.NS,Industrial Services,Engineering & Construction
BHADORA.NS,Producer Manufacturing,Electrical Products
BHAGCHEM.NS,Process Industries,Chemicals: Agricultural
BHAGERIA.NS,Process Industries,Chemicals: Specialty
BHAGYANGR.NS,Producer Manufacturing,Electrical Products
BHANDARI.NS,Consumer Non-Durables,Apparel/Footwear
BHARATCOAL.NS,Energy Minerals,Coal
BHARATFORG.NS,Producer Manufacturing,Metal Fabrication
BHARATGEAR.NS,Producer Manufacturing,Trucks/Construction/Farm Machinery
BHARATRAS.NS,Process Industries,Chemicals: Agricultural
BHARATSE.NS,Producer Manufacturing,Auto Parts: OEM
BHARATWIRE.NS,Producer Manufacturing,Metal Fabrication
BHARTIARTL.NS,Communications,Wireless Telecommunications
BHARTIHEXA.NS,Communications,Wireless Telecommunications
BHEL.NS,Producer Manufacturing,Electrical Products
BI.NS,Process Industries,Containers/Packaging
BIGBLOC.NS,Non-Energy Minerals,Construction Materials
BIKAJI.NS,Consumer Non-Durables,Food: Specialty/Candy
BIKEWO.NS,Retail Trade,Specialty Stores
BIL.NS,Consumer Non-Durables,Consumer Sundries
BILVYAPAR.NS,Consumer Durables,Home Furnishings
BIMETAL.NS,Producer Manufacturing,Auto Parts: OEM
BIOCON.NS,Health Technology,Pharmaceuticals: Major
BIOFILCHEM.NS,Health Technology,Pharmaceuticals: Major
BIOPOL.NS,Process Industries,Chemicals: Major Diversified
BIRET.RR.NS,Finance,Real Estate Investment Trusts
BIRLACABLE.NS,Producer Manufacturing,Electrical Products
BIRLACORPN.NS,Non-Energy Minerals,Construction Materials
BIRLAMONEY.NS,Finance,Investment Banks/Brokers
BIRLANU.NS,Non-Energy Minerals,Forest Products
BIRLAPREC.NS,Producer Manufacturing,Industrial Machinery
BLACKBUCK.NS,Technology Services,Packaged Software
BLACKROSE.NS,Distribution Services,Wholesale Distributors
BLAL.NS,Finance,Investment Managers
BLBLIMITED.NS,Finance,Investment Banks/Brokers
BLEL.NS,Non-Energy Minerals,Steel
BLIL.NS,Commercial Services,Miscellaneous Commercial Services
BLISSGVS.NS,Health Technology,Pharmaceuticals: Major
BLKASHYAP.NS,Industrial Services,Engineering & Construction
BLS.NS,Technology Services,Data Processing Services
BLSE.NS,Technology Services,Internet Software/Services
BLUECHIP.NS,Finance,Finance/Rental/Leasing
BLUECLOUDS.NS,Process Industries,Agricultural Commodities/Milling
BLUECOAST.NS,Consumer Services,Hotels/Resorts/Cruise lines
BLUEDART.NS,Transportation,Air Freight/Couriers
BLUEJET.NS,Health Technology,Pharmaceuticals: Major
BLUEPEBBLE.NS,Commercial Services,Miscellaneous Commercial Services
BLUESTARCO.NS,Producer Manufacturing,Industrial Machinery
BLUESTONE.NS,Retail Trade,Specialty Stores
BLUEWATER.NS,Transportation,Air Freight/Couriers
BLUSPRING.NS,Commercial Services,Miscellaneous Commercial Services
BMETRICS.NS,Industrial Services,Engineering & Construction
BMLL.NS,Health Technology,Pharmaceuticals: Major
BMWVENTLTD.NS,Distribution Services,Wholesale Distributors
BNAGROCHEM.NS,Process Industries,Agricultural Commodities/Milling
BNALTD.NS,Process Industries,Agricultural Commodities/Milling
BODALCHEM.NS,Process Industries,Industrial Specialties
BOHRAIND.NS,Process Industries,Chemicals: Agricultural
BOMDYEING.NS,Process Industries,Textiles
BONLON.NS,Producer Manufacturing,Electrical Products
BORANA.NS,Process Industries,Textiles
BOROLTD.NS,Producer Manufacturing,Miscellaneous Manufacturing
BORORENEW.NS,Process Industries,Industrial Specialties
BOROSCI.NS,Process Industries,Containers/Packaging
BOSCHLTD.NS,Producer Manufacturing,Auto Parts: OEM
BOSCH_HCIL.NS,Consumer Durables,Electronics/Appliances
BOSS.NS,Producer Manufacturing,Industrial Machinery
BPCL.NS,Energy Minerals,Oil Refining/Marketing
BPL.NS,Electronic Technology,Telecommunications Equipment
BPLPHARMA.NS,Health Technology,Pharmaceuticals: Major
BRACEPORT.NS,Transportation,Air Freight/Couriers
BRAHMINFRA.NS,Industrial Services,Engineering & Construction
BRANDMAN.NS,Retail Trade,Apparel/Footwear Retail
BRIGADE.NS,Finance,Real Estate Development
BRIGHOTEL.NS,Consumer Services,Hotels/Resorts/Cruise lines
BRIGHTBR.NS,Process Industries,Industrial Specialties
BRITANNIA.NS,Consumer Non-Durables,Food: Specialty/Candy
BRNL.NS,Industrial Services,Engineering & Construction
BROOKS.NS,Health Technology,Pharmaceuticals: Major
BSE.NS,Finance,Investment Banks/Brokers
BSHSL.NS,Process Industries,Chemicals: Agricultural
BSL.NS,Process Industries,Textiles
BSOFT.NS,Technology Services,Packaged Software
BTML.NS,Consumer Services,Movies/Entertainment
BTTL.NS,Process Industries,Textiles
BUILDPRO.NS,Distribution Services,Wholesale Distributors
BULKCORP.NS,Process Industries,Containers/Packaging
BURNPUR.NS,Non-Energy Minerals,Construction Materials
BUTTERFLY.NS,Consumer Durables,Electronics/Appliances
BVCL.NS,Non-Energy Minerals,Construction Materials
BYKE.NS,Consumer Services,Hotels/Resorts/Cruise lines
C2C.NS,Technology Services,Packaged Software
CADSYS.NS,Technology Services,Packaged Software
CALSOFT.NS,Technology Services,Information Technology Services
CAMLINFINE.NS,Process Industries,Chemicals: Specialty
CAMPUS.NS,Consumer Non-Durables,Apparel/Footwear
CAMS.NS,Technology Services,Information Technology Services
CANARYS.NS,Technology Services,Information Technology Services
CANBK.NS,Finance,Major Banks
CANFINHOME.NS,Finance,Finance/Rental/Leasing
CANHLIFE.NS,Finance,Life/Health Insurance
CANTABIL.NS,Consumer Non-Durables,Apparel/Footwear
CAPACITE.NS,Industrial Services,Engineering & Construction
CAPILLARY.NS,Technology Services,Packaged Software
CAPINVIT.NS,Industrial Services,Engineering & Construction
CAPITALSFB.NS,Finance,Regional Banks
CAPLIPOINT.NS,Health Technology,Pharmaceuticals: Major
CAPTRUST.NS,Finance,Finance/Rental/Leasing
CARBORUNIV.NS,Process Industries,Industrial Specialties
CARERATING.NS,Commercial Services,Financial Publishing/Services
CARRARO.NS,Producer Manufacturing,Auto Parts: OEM
CARTRADE.NS,Technology Services,Internet Software/Services
CARYSIL.NS,Consumer Durables,Home Furnishings
CASTROLIND.NS,Energy Minerals,Oil Refining/Marketing
CBAZAAR.NS,Retail Trade,Apparel/Footwear Retail
CCAVENUE.NS,Commercial Services,Miscellaneous Commercial Services
CCCL.NS,Industrial Services,Engineering & Construction
CCHHL.NS,Consumer Services,Other Consumer Services
CCL.NS,Consumer Non-Durables,Food: Specialty/Candy
CDSL.NS,Finance,Investment Banks/Brokers
CEATLTD.NS,Consumer Durables,Automotive Aftermarket
CEDAAR.NS,Process Industries,Textiles
CEIGALL.NS,Industrial Services,Engineering & Construction
CEINSYS.NS,Industrial Services,Engineering & Construction
CELEBRITY.NS,Consumer Non-Durables,Apparel/Footwear
CELLECOR.NS,Consumer Durables,Electronics/Appliances
CELLO.NS,Consumer Durables,Home Furnishings
CELLPOINT.NS,Retail Trade,Electronics/Appliance Stores
CEMPRO.NS,Industrial Services,Engineering & Construction
CENTENKA.NS,Process Industries,Chemicals: Specialty
CENTEXT.NS,Producer Manufacturing,Metal Fabrication
CENTRALBK.NS,Finance,Major Banks
CENTRUM.NS,Finance,Investment Managers
CENTUM.NS,Electronic Technology,Electronic Components
CENTURYPLY.NS,Producer Manufacturing,Building Products
CERA.NS,Consumer Durables,Home Furnishings
CEREBRAINT.NS,Electronic Technology,Computer Peripherals
CESC.NS,Utilities,Electric Utilities
CEWATER.NS,Industrial Services,Environmental Services
CFEL.NS,Process Industries,Textiles
CGCL.NS,Finance,Finance/Rental/Leasing
CGPOWER.NS,Producer Manufacturing,Electrical Products
CGRAPHICS.NS,Commercial Services,Commercial Printing/Forms
CGVAK.NS,Technology Services,Information Technology Services
CHALET.NS,Consumer Services,Hotels/Resorts/Cruise lines
CHAMBLFERT.NS,Process Industries,Chemicals: Specialty
CHAMUNDA.NS,Industrial Services,Engineering & Construction
CHANDAN.NS,Health Services,Medical/Nursing Services
CHAVDA.NS,Consumer Durables,Homebuilding
CHEMBOND.NS,Process Industries,Chemicals: Major Diversified
CHEMBONDCH.NS,Process Industries,Chemicals: Major Diversified
CHEMCON.NS,Process Industries,Chemicals: Specialty
CHEMCRUX.NS,Process Industries,Chemicals: Major Diversified
CHEMFAB.NS,Process Industries,Chemicals: Specialty
CHEMPLASTS.NS,Process Industries,Chemicals: Major Diversified
CHENNPETRO.NS,Energy Minerals,Oil Refining/Marketing
CHETANA.NS,Consumer Services,Publishing: Books/Magazines
CHEVIOT.NS,Process Industries,Textiles
CHOICEIN.NS,Commercial Services,Miscellaneous Commercial Services
CHOLAFIN.NS,Finance,Finance/Rental/Leasing
CHOLAHLDNG.NS,Finance,Finance/Rental/Leasing
CIEINDIA.NS,Producer Manufacturing,Auto Parts: OEM
CIFL.NS,Finance,Finance/Rental/Leasing
CINELINE.NS,Consumer Services,Movies/Entertainment
CINEVISTA.NS,Consumer Services,Movies/Entertainment
CIPLA.NS,Health Technology,Pharmaceuticals: Other
CKKRETAIL.NS,Distribution Services,Food Distributors
CLASSICEIL.NS,Producer Manufacturing,Industrial Machinery
CLAYCRAFT.NS,Consumer Durables,Home Furnishings
CLCIND.NS,Process Industries,Textiles
CLEAN.NS,Process Industries,Chemicals: Specialty
CLEANMAX.NS,Utilities,Alternative Power Generation
CLEDUCATE.NS,Commercial Services,Miscellaneous Commercial Services
CLSEL.NS,Process Industries,Agricultural Commodities/Milling
CLSL.NS,Process Industries,Chemicals: Agricultural
CMICABLES.NS,Producer Manufacturing,Electrical Products
CMLL.NS,Energy Minerals,Coal
CMNL.NS,Non-Energy Minerals,Steel
CMPDI.NS,Commercial Services,Miscellaneous Commercial Services
CMRGREEN.NS,Producer Manufacturing,Metal Fabrication
CMRSL.NS,Technology Services,Data Processing Services
CMSINFO.NS,Finance,Investment Managers
CNL.NS,Distribution Services,Electronics Distributors
COALINDIA.NS,Energy Minerals,Coal
COASTCORP.NS,Transportation,Marine Shipping
COCHINSHIP.NS,Producer Manufacturing,Trucks/Construction/Farm Machinery
COCKERILL.NS,Non-Energy Minerals,Steel
COFFEEDAY.NS,Consumer Services,Restaurants
COFORGE.NS,Technology Services,Information Technology Services
COHANCE.NS,Health Technology,Pharmaceuticals: Major
COLPAL.NS,Consumer Non-Durables,Household/Personal Care
COMFINTE.NS,Commercial Services,Miscellaneous Commercial Services
COMMITTED.NS,Transportation,Trucking
COMPEAU.NS,Retail Trade,Specialty Stores
COMPINFO.NS,Technology Services,Information Technology Services
COMPUSOFT.NS,Technology Services,Information Technology Services
COMSYN.NS,Process Industries,Containers/Packaging
CONCOR.NS,Transportation,Railroads
CONCORDBIO.NS,Commercial Services,Miscellaneous Commercial Services
CONFIPET.NS,Retail Trade,Specialty Stores
CONNPLEX.NS,Consumer Services,Movies/Entertainment
CONSOFINVT.NS,Finance,Financial Conglomerates
CONTI.NS,Non-Energy Minerals,Forest Products
CONTROLPR.NS,Electronic Technology,Computer Peripherals
COOLCAPS.NS,Producer Manufacturing,Miscellaneous Manufacturing
CORALFINAC.NS,Finance,Investment Managers
CORDELIA.NS,Consumer Services,Hotels/Resorts/Cruise lines
CORDSCABLE.NS,Producer Manufacturing,Electrical Products
COROMANDEL.NS,Process Industries,Chemicals: Specialty
CORONA.NS,Health Technology,Pharmaceuticals: Major
COSMOFIRST.NS,Process Industries,Containers/Packaging
COUNCODOS.NS,Finance,Real Estate Development
CPCAP.NS,Consumer Services,Other Consumer Services
CPEDU.NS,Commercial Services,Miscellaneous Commercial Services
CPL.NS,Producer Manufacturing,Miscellaneous Manufacturing
CPPLUS.NS,Consumer Durables,Electronics/Appliances
CPS.NS,Consumer Non-Durables,Apparel/Footwear
CRAFTSMAN.NS,Producer Manufacturing,Trucks/Construction/Farm Machinery
CRAMC.NS,Finance,Investment Managers
CRAVATEX.NS,Retail Trade,Apparel/Footwear Retail
CRAYONS.NS,Commercial Services,Advertising/Marketing Services
CREATIVEYE.NS,Consumer Services,Movies/Entertainment
CREDENT.NS,Transportation,Air Freight/Couriers
CREDITACC.NS,Finance,Finance/Rental/Leasing
CREST.NS,Finance,Investment Managers
CRISIL.NS,Technology Services,Internet Software/Services
CRIZAC.NS,Technology Services,Internet Software/Services
CROMPTON.NS,Producer Manufacturing,Industrial Machinery
CROWN.NS,Finance,Finance/Rental/Leasing
CRSL.NS,Technology Services,Information Technology Services
CSBBANK.NS,Finance,Major Banks
CSLFINANCE.NS,Finance,Investment Banks/Brokers
CSM.NS,Technology Services,Information Technology Services
CSSL.NS,Commercial Services,Miscellaneous Commercial Services
CTE.NS,Technology Services,Information Technology Services
CUB.NS,Finance,Regional Banks
CUBEINVIT.NS,Miscellaneous,Investment Trusts/Mutual Funds
CUBEXTUB.NS,Non-Energy Minerals,Other Metals/Minerals
CUDML.NS,Commercial Services,Advertising/Marketing Services
CUMMINSIND.NS,Producer Manufacturing,Auto Parts: OEM
CUPID.NS,Consumer Non-Durables,Household/Personal Care
CURAA.NS,Technology Services,Information Technology Services
CURIS.NS,Health Technology,Pharmaceuticals: Major
CURRENT.NS,Industrial Services,Engineering & Construction
CYBERMEDIA.NS,Consumer Services,Publishing: Books/Magazines
CYBERTECH.NS,Technology Services,Information Technology Services
CYIENT.NS,Technology Services,Packaged Software
CYIENTDLM.NS,Electronic Technology,Electronic Production Equipment
DABUR.NS,Consumer Non-Durables,Household/Personal Care
DAICHI.NS,Process Industries,Chemicals: Specialty
DALBHARAT.NS,Producer Manufacturing,Miscellaneous Manufacturing
DALMIASUG.NS,Process Industries,Agricultural Commodities/Milling
DAMCAPITAL.NS,Finance,Regional Banks
DAMODARIND.NS,Process Industries,Textiles
DANGEE.NS,Consumer Non-Durables,Food: Specialty/Candy
DANISH.NS,Producer Manufacturing,Electrical Products
DATAMATICS.NS,Technology Services,Packaged Software
DATAPATTNS.NS,Electronic Technology,Electronic Production Equipment
DAVANGERE.NS,Process Industries,Agricultural Commodities/Milling
DBCORP.NS,Consumer Services,Publishing: Newspapers
DBEIL.NS,Industrial Services,Engineering & Construction
DBL.NS,Industrial Services,Engineering & Construction
DBOL.NS,Process Industries,Agricultural Commodities/Milling
DBREALTY.NS,Finance,Real Estate Development
DBSTOCKBRO.NS,Finance,Investment Banks/Brokers
DCAL.NS,Health Technology,Pharmaceuticals: Major
DCBBANK.NS,Finance,Regional Banks
DCCL.NS,Finance,Finance/Rental/Leasing
DCG.NS,Non-Energy Minerals,Other Metals/Minerals
DCI.NS,Electronic Technology,Telecommunications Equipment
DCM.NS,Technology Services,Information Technology Services
DCMFINSERV.NS,Finance,Finance/Rental/Leasing
DCMNVL.NS,Process Industries,Textiles
DCMSHRIRAM.NS,Producer Manufacturing,Industrial Conglomerates
DCMSIL.NS,Process Industries,Textiles
DCMSRIND.NS,Process Industries,Agricultural Commodities/Milling
DCW.NS,Process Industries,Chemicals: Specialty
DCXINDIA.NS,Producer Manufacturing,Electrical Products
DDEVPLSTIK.NS,Process Industries,Chemicals: Major Diversified
DECCANCE.NS,Non-Energy Minerals,Construction Materials
DECCANTRAN.NS,Transportation,Air Freight/Couriers
DECNGOLD.NS,Non-Energy Minerals,Precious Metals
DEEDEV.NS,Producer Manufacturing,Industrial Machinery
DEEM.NS,Non-Energy Minerals,Steel
DEEP.NS,Process Industries,Chemicals: Specialty
DEEPA.NS,,
DEEPAKFERT.NS,Process Industries,Chemicals: Agricultural
DEEPAKNTR.NS,Process Industries,Chemicals: Specialty
DEEPINDS.NS,Industrial Services,Oilfield Services/Equipment
DELAPLEX.NS,Technology Services,Information Technology Services
DELHIVERY.NS,Transportation,Air Freight/Couriers
DELPHIFX.NS,Commercial Services,Miscellaneous Commercial Services
DELTACORP.NS,Consumer Services,Movies/Entertainment
DELTAMAGNT.NS,Producer Manufacturing,Metal Fabrication
DELTIC.NS,Consumer Durables,Motor Vehicles
DEN.NS,Consumer Services,Cable/Satellite TV
DENEERS.NS,Distribution Services,Wholesale Distributors
DENORA.NS,Electronic Technology,Electronic Equipment/Instruments
DENTA.NS,Industrial Services,Engineering & Construction
DENTALKART.NS,Retail Trade,Specialty Stores
DEVIT.NS,Technology Services,Information Technology Services
DEVX.NS,Finance,Real Estate Development
DEVYANI.NS,Consumer Services,Restaurants
DGCONTENT.NS,Commercial Services,Commercial Printing/Forms
DHABRIYA.NS,Producer Manufacturing,Miscellaneous Manufacturing
DHAMPURSUG.NS,Process Industries,Agricultural Commodities/Milling
DHANBANK.NS,Finance,Major Banks
DHANLAXMI.NS,Process Industries,Agricultural Commodities/Milling
DHANSA.NS,Process Industries,Chemicals: Agricultural
DHANUKA.NS,Process Industries,Chemicals: Specialty
DHARAN.NS,Finance,Real Estate Development
DHARARAIL.NS,Industrial Services,Engineering & Construction
DHARIWAL.NS,Consumer Non-Durables,Household/Personal Care
DHARMAJ.NS,Process Industries,Chemicals: Agricultural
DHATRE.NS,Non-Energy Minerals,Steel
DHOOTTRANS.NS,Producer Manufacturing,Electrical Products
DHRUV.NS,Industrial Services,Engineering & Construction
DHTL.NS,Technology Services,Internet Software/Services
DHUNINV.NS,Process Industries,Chemicals: Specialty
DIACABS.NS,Producer Manufacturing,Electrical Products
DIAMINESQ.NS,Process Industries,Chemicals: Major Diversified
DIAMONDYD.NS,Consumer Non-Durables,Food: Specialty/Candy
DICIND.NS,Process Industries,Industrial Specialties
DIFFNKG.NS,Producer Manufacturing,Industrial Machinery
DIGIDRIVE.NS,Retail Trade,Specialty Stores
DIGIKORE.NS,Consumer Services,Movies/Entertainment
DIGISPICE.NS,Technology Services,Packaged Software
DIGITIDE.NS,Commercial Services,Miscellaneous Commercial Services
DIGJAMLMTD.NS,Process Industries,Textiles
DIL.NS,Producer Manufacturing,Trucks/Construction/Farm Machinery
DISAQ.NS,Producer Manufacturing,Industrial Machinery
DISHTV.NS,Communications,Specialty Telecommunications
DIVGIITTS.NS,Producer Manufacturing,Auto Parts: OEM
DIVINEHIRA.NS,Consumer Durables,Other Consumer Specialties
DIVISLAB.NS,Health Technology,Pharmaceuticals: Major
DIVYADHAN.NS,Process Industries,Textiles
DIXON.NS,Electronic Technology,Electronic Production Equipment
DJML.NS,Commercial Services,Commercial Printing/Forms
DKEGL.NS,Process Industries,Containers/Packaging
DLF.NS,Finance,Real Estate Development
DLINKINDIA.NS,Electronic Technology,Telecommunications Equipment
DMART.NS,Retail Trade,Specialty Stores
DMCC.NS,Process Industries,Chemicals: Major Diversified
DNAMEDIA.NS,Consumer Services,Publishing: Newspapers
DODLA.NS,Consumer Non-Durables,Food: Meat/Fish/Dairy
DOLATALGO.NS,Finance,Investment Banks/Brokers
DOLLAR.NS,Consumer Non-Durables,Apparel/Footwear
DOLLEX.NS,Process Industries,Agricultural Commodities/Milling
DOLPHIN.NS,Industrial Services,Oilfield Services/Equipment
DOMS.NS,Producer Manufacturing,Office Equipment/Supplies
DONEAR.NS,Process Industries,Textiles
DPABHUSHAN.NS,Retail Trade,Specialty Stores
DPEL.NS,Producer Manufacturing,Electrical Products
DPSCLTD.NS,Utilities,Electric Utilities
DPWIRES.NS,Producer Manufacturing,Metal Fabrication
DRAGARWQ.NS,Health Services,Medical/Nursing Services
DRCSYSTEMS.NS,Technology Services,Packaged Software
DREAMFOLKS.NS,Transportation,Other Transportation
DREDGECORP.NS,Transportation,Marine Shipping
DRONE.NS,Electronic Technology,Aerospace & Defense
DRREDDY.NS,Health Technology,Pharmaceuticals: Major
DRSDILIP.NS,Transportation,Trucking
DSFCL.NS,Process Industries,Chemicals: Major Diversified
DSKULKARNI.NS,Finance,Real Estate Development
DSSL.NS,Technology Services,Information Technology Services
DTIL.NS,Process Industries,Agricultural Commodities/Milling
DTL.NS,Technology Services,Information Technology Services
DUCOL.NS,Process Industries,Chemicals: Specialty
DUCON.NS,Distribution Services,Electronics Distributors
DUGLOBAL.NS,Commercial Services,Miscellaneous Commercial Services
DURLAX.NS,Producer Manufacturing,Miscellaneous Manufacturing
DVL.NS,Consumer Non-Durables,Food: Major Diversified
DWARKESH.NS,Process Industries,Agricultural Commodities/Milling
DYCL.NS,Producer Manufacturing,Electrical Products
DYNAMATECH.NS,Producer Manufacturing,Industrial Machinery
DYNAMIC.NS,Commercial Services,Miscellaneous Commercial Services
DYNPRO.NS,Consumer Non-Durables,Food: Specialty/Candy
E2E.NS,Technology Services,Information Technology Services
E2ERAIL.NS,Industrial Services,Engineering & Construction
EASEMYTRIP.NS,Consumer Services,Other Consumer Services
EASTSILK.NS,Process Industries,Textiles
EASTWEST.NS,Transportation,Air Freight/Couriers
EBGNG.NS,Technology Services,Information Technology Services
EBIX.NS,Distribution Services,Wholesale Distributors
ECLERX.NS,Commercial Services,Miscellaneous Commercial Services
ECOLINE.NS,Consumer Durables,Home Furnishings
ECORECO.NS,Industrial Services,Environmental Services
ECOSMOBLTY.NS,Finance,Finance/Rental/Leasing
EDELWEISS.NS,Finance,Investment Banks/Brokers
EDUCOMP.NS,Commercial Services,Miscellaneous Commercial Services
EEPL.NS,Producer Manufacturing,Electrical Products
EFACTOR.NS,Commercial Services,Miscellaneous Commercial Services
EFCIL.NS,Distribution Services,Wholesale Distributors
EFFWA.NS,Industrial Services,Environmental Services
EFORCE.NS,Producer Manufacturing,Building Products
EICHERMOT.NS,Consumer Durables,Motor Vehicles
EIDPARRY.NS,Process Industries,Chemicals: Agricultural
EIEL.NS,Industrial Services,Environmental Services
EIFFL.NS,Consumer Non-Durables,Food: Specialty/Candy
EIHAHOTELS.NS,Consumer Services,Hotels/Resorts/Cruise lines
EIHOTEL.NS,Consumer Services,Hotels/Resorts/Cruise lines
EIMCOELECO.NS,Producer Manufacturing,Trucks/Construction/Farm Machinery
EKC.NS,Producer Manufacturing,Industrial Machinery
EKI.NS,Utilities,Electric Utilities
ELANTAS.NS,Process Industries,Industrial Specialties
ELCIDIN.NS,Finance,Financial Conglomerates
ELDEHSG.NS,Finance,Real Estate Development
ELECON.NS,Producer Manufacturing,Electrical Products
ELECTCAST.NS,Non-Energy Minerals,Steel
ELECTHERM.NS,Non-Energy Minerals,Steel
ELGIEQUIP.NS,Producer Manufacturing,Industrial Machinery
ELGIRUBCO.NS,Producer Manufacturing,Miscellaneous Manufacturing
ELGNZ.NS,Industrial Services,Engineering & Construction
ELIN.NS,Electronic Technology,Electronic Production Equipment
ELITECON.NS,Process Industries,Textiles
ELLEN.NS,Process Industries,Chemicals: Specialty
ELPROINTL.NS,Electronic Technology,Electronic Components
EMAMILTD.NS,Consumer Non-Durables,Household/Personal Care
EMAMIPAP.NS,Process Industries,Pulp & Paper
EMAMIREAL.NS,Finance,Real Estate Development
EMAPARTNER.NS,Commercial Services,Personnel Services
EMBASSY.RR.NS,Finance,Real Estate Investment Trusts
EMBDL.NS,Finance,Real Estate Development
EMCURE.NS,Health Technology,Pharmaceuticals: Major
EMIL.NS,Retail Trade,Electronics/Appliance Stores
EMKAY.NS,Finance,Investment Managers
EMKAYTOOLS.NS,Producer Manufacturing,Industrial Machinery
EMMBI.NS,Process Industries,Containers/Packaging
EMMIL.NS,Producer Manufacturing,Industrial Machinery
EMMVEE.NS,Electronic Technology,Semiconductors
EMPIND.NS,Distribution Services,Food Distributors
EMPOWER.NS,Distribution Services,Electronics Distributors
EMSLIMITED.NS,Industrial Services,Engineering & Construction
EMUDHRA.NS,Technology Services,Packaged Software
ENCOMPAS.NS,Consumer Durables,Home Furnishings
ENDURANCE.NS,Producer Manufacturing,Metal Fabrication
ENERGYDEV.NS,Utilities,Electric Utilities
ENFUSE.NS,Technology Services,Information Technology Services
ENGINERSIN.NS,Industrial Services,Engineering & Construction
ENIL.NS,Consumer Services,Broadcasting
ENKEIWHEL.NS,Producer Manufacturing,Auto Parts: OEM
ENRIN.NS,Producer Manufacturing,Electrical Products
ENSER.NS,Commercial Services,Miscellaneous Commercial Services
ENTERO.NS,Distribution Services,Medical Distributors
ENVIRO.NS,Producer Manufacturing,Industrial Machinery
EPACK.NS,Producer Manufacturing,Industrial Machinery
EPACKPEB.NS,Industrial Services,Engineering & Construction
EPIGRAL.NS,Process Industries,Chemicals: Agricultural
EPL.NS,Process Industries,Containers/Packaging
EPWINDIA.NS,Technology Services,Information Technology Services
EQUIPPP.NS,Technology Services,Internet Software/Services
EQUITASBNK.NS,Finance,Regional Banks
ERIS.NS,Health Technology,Pharmaceuticals: Major
ESABINDIA.NS,Producer Manufacturing,Electrical Products
ESAFSFB.NS,Finance,Regional Banks
ESCONET.NS,Technology Services,Information Technology Services
ESCORTS.NS,Producer Manufacturing,Auto Parts: OEM
ESDS.NS,Technology Services,Information Technology Services
ESFL.NS,Producer Manufacturing,Miscellaneous Manufacturing
ESPRIT.NS,Non-Energy Minerals,Construction Materials
ESSARSHPNG.NS,Transportation,Other Transportation
ESSENTIA.NS,Consumer Non-Durables,Apparel/Footwear
ESTER.NS,Process Industries,Industrial Specialties
ETERNAL.NS,Technology Services,Internet Software/Services
ETHOSLTD.NS,Retail Trade,Catalog/Specialty Distribution
ETL.NS,,
ETML.NS,Consumer Durables,Automotive Aftermarket
EUREKAFORB.NS,Producer Manufacturing,Industrial Machinery
EUROBOND.NS,Non-Energy Minerals,Aluminum
EUROPRATIK.NS,Producer Manufacturing,Office Equipment/Supplies
EUROTEXIND.NS,Process Industries,Textiles
EVEREADY.NS,Producer Manufacturing,Electrical Products
EVERESTIND.NS,Distribution Services,Wholesale Distributors
EXCELINDUS.NS,Process Industries,Chemicals: Agricultural
EXCELLENT.NS,Producer Manufacturing,Electrical Products
EXCELSOFT.NS,Technology Services,Packaged Software
EXICOM.NS,Producer Manufacturing,Electrical Products
EXIDEIND.NS,Producer Manufacturing,Auto Parts: OEM
EXIMROUTES.NS,Distribution Services,Wholesale Distributors
EXPLEOSOL.NS,Technology Services,Information Technology Services
EXXARO.NS,Producer Manufacturing,Building Products
FABTECH.NS,Health Technology,Biotechnology
FACT.NS,Process Industries,Chemicals: Agricultural
FAIRCHEMOR.NS,Process Industries,Chemicals: Specialty
FALCONTECH.NS,Industrial Services,Engineering & Construction
FASCINATE.NS,Consumer Non-Durables,Apparel/Footwear
FAZE3Q.NS,Process Industries,Textiles
FCL.NS,Process Industries,Industrial Specialties
FCONSUMER.NS,Consumer Non-Durables,Food: Major Diversified
FCSSOFT.NS,Commercial Services,Miscellaneous Commercial Services
FDC.NS,Health Technology,Pharmaceuticals: Major
FEDDERSHOL.NS,Finance,Financial Conglomerates
FEDERALBNK.NS,Finance,Major Banks
FEDFINA.NS,Finance,Finance/Rental/Leasing
FEL.NS,Process Industries,Textiles
FELDVR.NS,Process Industries,Textiles
FELIX.NS,Industrial Services,Environmental Services
FERMENTA.NS,Health Technology,Biotechnology
FIBERWEB.NS,Producer Manufacturing,Industrial Conglomerates
FIDEL.NS,Technology Services,Information Technology Services
FIEMIND.NS,Producer Manufacturing,Auto Parts: OEM
FILATEX.NS,Process Industries,Textiles
FILATFASH.NS,Process Industries,Textiles
FINBUD.NS,Finance,Finance/Rental/Leasing
FINCABLES.NS,Producer Manufacturing,Electrical Products
FINEORG.NS,Process Industries,Chemicals: Major Diversified
FINKURVE.NS,Finance,Finance/Rental/Leasing
FINOPB.NS,Finance,Regional Banks
FINPIPE.NS,Producer Manufacturing,Miscellaneous Manufacturing
FIRSTCRY.NS,Retail Trade,Apparel/Footwear Retail
FISCHER.NS,Process Industries,Chemicals: Specialty
FIVESTAR.NS,Finance,Finance/Rental/Leasing
FLAIR.NS,Producer Manufacturing,Office Equipment/Supplies
FLEXITUFF.NS,Process Industries,Containers/Packaging
FLFL.NS,Retail Trade,Apparel/Footwear Retail
FLUOROCHEM.NS,Process Industries,Chemicals: Specialty
FLYSBS.NS,Transportation,Airlines
FMGOETZE.NS,Producer Manufacturing,Industrial Machinery
FMNL.NS,Transportation,Air Freight/Couriers
FOCE.NS,Consumer Durables,Other Consumer Specialties
FOCUS.NS,Producer Manufacturing,Electrical Products
FONEBOX.NS,Retail Trade,Electronics/Appliance Stores
FOODSIN.NS,Consumer Non-Durables,Food: Specialty/Candy
FORCAS.NS,Consumer Non-Durables,Apparel/Footwear
FORCEMOT.NS,Consumer Durables,Motor Vehicles
FORGEAUTO.NS,Producer Manufacturing,Metal Fabrication
FORTIS.NS,Health Services,Hospital/Nursing Management
FOSECOIND.NS,Process Industries,Chemicals: Major Diversified
FRACTAL.NS,Technology Services,Packaged Software
FREDUN.NS,Health Technology,Pharmaceuticals: Major
FRESHARA.NS,Consumer Non-Durables,Food: Specialty/Candy
FROG.NS,Electronic Technology,Telecommunications Equipment
FRONTSP.NS,Producer Manufacturing,Metal Fabrication
FSL.NS,Commercial Services,Miscellaneous Commercial Services
FUSION.NS,Finance,Finance/Rental/Leasing
FWSTC.NS,Commercial Services,Miscellaneous Commercial Services
GABRIEL.NS,Producer Manufacturing,Auto Parts: OEM
GAEL.NS,Consumer Non-Durables,Food: Specialty/Candy
GAIL.NS,Utilities,Gas Distributors
GAJA.NS,Finance,Investment Managers
GAJANAND.NS,Process Industries,Agricultural Commodities/Milling
GALAPREC.NS,Producer Manufacturing,Metal Fabrication
GALAXYSURF.NS,Consumer Non-Durables,Household/Personal Care
GALLANTT.NS,Non-Energy Minerals,Steel
GANDHAR.NS,Process Industries,Industrial Specialties
GANDHITUBE.NS,Non-Energy Minerals,Steel
GANECOS.NS,Process Industries,Textiles
GANESHBE.NS,Process Industries,Chemicals: Specialty
GANESHCP.NS,Process Industries,Agricultural Commodities/Milling
GANESHHOU.NS,Consumer Durables,Homebuilding
GANESHIN.NS,Industrial Services,Engineering & Construction
GANGABATH.NS,Producer Manufacturing,Building Products
GANGAFORGE.NS,Producer Manufacturing,Metal Fabrication
GANGESSECU.NS,Consumer Non-Durables,Food: Specialty/Candy
GARFIBRES.NS,Producer Manufacturing,Miscellaneous Manufacturing
GARUDA.NS,Industrial Services,Engineering & Construction
GATECH.NS,Finance,Investment Banks/Brokers
GATECHDVR.NS,Finance,Investment Banks/Brokers
GATEWAY.NS,Transportation,Railroads
GAUDIUMIVF.NS,Health Services,Medical/Nursing Services
GAYAHWS.NS,Industrial Services,Engineering & Construction
GAYAPROJ.NS,Industrial Services,Engineering & Construction
GCHOTELS.NS,Consumer Services,Hotels/Resorts/Cruise lines
GCSL.NS,Finance,Investment Banks/Brokers
GEECEE.NS,Finance,Real Estate Development
GEEKAYWIRE.NS,Non-Energy Minerals,Steel
GEMAROMA.NS,Process Industries,Chemicals: Major Diversified
GENCON.NS,Industrial Services,Engineering & Construction
GENESYS.NS,Technology Services,Packaged Software
GENSOL.NS,Industrial Services,Engineering & Construction
GENUSPAPER.NS,Process Industries,Pulp & Paper
GENUSPOWER.NS,Electronic Technology,Electronic Equipment/Instruments
GENXAI.NS,Technology Services,Packaged Software
GEOJITFSL.NS,Finance,Investment Banks/Brokers
GESHIP.NS,Transportation,Marine Shipping
GFLLIMITED.NS,Consumer Services,Movies/Entertainment
GFSTEELS.NS,Non-Energy Minerals,Steel
GGBL.NS,Electronic Technology,Semiconductors
GHCL.NS,Process Industries,Textiles
GHCLTEXTIL.NS,Process Industries,Textiles
GICHSGFIN.NS,Finance,Finance/Rental/Leasing
GICL.NS,Transportation,Trucking
GICRE.NS,Finance,Specialty Insurance
GILLANDERS.NS,Consumer Non-Durables,Food: Major Diversified
GILLETTE.NS,Consumer Non-Durables,Household/Personal Care
GINNIFILA.NS,Process Industries,Textiles
GIPCL.NS,Utilities,Electric Utilities
GIRIRAJ.NS,Industrial Services,Engineering & Construction
GJL.NS,Consumer Durables,Other Consumer Specialties
GKB.NS,Health Technology,Medical Specialties
GKENERGY.NS,Industrial Services,Engineering & Construction
GKSL.NS,Health Services,Hospital/Nursing Management
GKWLIMITED.NS,Transportation,Other Transportation
GLAND.NS,Health Technology,Pharmaceuticals: Major
GLAXO.NS,Health Technology,Pharmaceuticals: Major
GLENMARK.NS,Health Technology,Pharmaceuticals: Major
GLFL.NS,Finance,Finance/Rental/Leasing
GLOBAL.NS,Commercial Services,Miscellaneous Commercial Services
GLOBALE.NS,Process Industries,Textiles
GLOBALPET.NS,Producer Manufacturing,Industrial Machinery
GLOBALVECT.NS,Industrial Services,Oilfield Services/Equipment
GLOBE.NS,Process Industries,Textiles
GLOBECIVIL.NS,Industrial Services,Engineering & Construction
GLOBUSSPR.NS,Consumer Non-Durables,Beverages: Alcoholic
GLOSTERLTD.NS,Process Industries,Textiles
GLOTTIS.NS,Transportation,Marine Shipping
GMBREW.NS,Consumer Non-Durables,Beverages: Alcoholic
GMDCLTD.NS,Distribution Services,Wholesale Distributors
GML.NS,Health Technology,Medical Specialties
GMMPFAUDLR.NS,Producer Manufacturing,Industrial Machinery
GMRAIRPORT.NS,Transportation,Other Transportation
GMRP&UI.NS,Industrial Services,Engineering & Construction
GNA.NS,Producer Manufacturing,Auto Parts: OEM
GNFC.NS,Process Industries,Chemicals: Specialty
GNRL.NS,Energy Minerals,Integrated Oil
GOACARBON.NS,Process Industries,Industrial Specialties
GOCLCORP.NS,Process Industries,Industrial Specialties
GOCOLORS.NS,Consumer Non-Durables,Apparel/Footwear
GODAVARIB.NS,Process Industries,Agricultural Commodities/Milling
GODFRYPHLP.NS,Consumer Non-Durables,Tobacco
GODIGIT.NS,Finance,Multi-Line Insurance
GODREJAGRO.NS,Process Industries,Agricultural Commodities/Milling
GODREJCP.NS,Consumer Non-Durables,Household/Personal Care
GODREJIND.NS,Process Industries,Agricultural Commodities/Milling
GODREJPROP.NS,Finance,Real Estate Development
GOKEX.NS,Consumer Non-Durables,Apparel/Footwear
GOKUL.NS,Process Industries,Agricultural Commodities/Milling
GOKULAGRO.NS,Process Industries,Agricultural Commodities/Milling
GOLDENTOBC.NS,Finance,Real Estate Development
GOLDIAM.NS,Consumer Durables,Other Consumer Specialties
GOLDKART.NS,Retail Trade,Specialty Stores
GOLDSTAR.NS,Producer Manufacturing,Electrical Products
GOLDTECH.NS,Technology Services,Information Technology Services
GOODLUCK.NS,Non-Energy Minerals,Steel
GOODYEAR.NS,Consumer Durables,Automotive Aftermarket
GOPAL.NS,Consumer Non-Durables,Food: Specialty/Candy
GOYALALUM.NS,Distribution Services,Wholesale Distributors
GOYALSALT.NS,Consumer Non-Durables,Food: Specialty/Candy
GPECO.NS,Distribution Services,Wholesale Distributors
GPIL.NS,Non-Energy Minerals,Steel
GPPL.NS,Transportation,Marine Shipping
GPTHEALTH.NS,Health Services,Hospital/Nursing Management
GPTINFRA.NS,Industrial Services,Engineering & Construction
GRADIENTE.NS,Commercial Services,Advertising/Marketing Services
GRANDOAK.NS,Finance,Finance/Rental/Leasing
GRANULES.NS,Health Technology,Pharmaceuticals: Other
GRAPHISAD.NS,Commercial Services,Advertising/Marketing Services
GRAPHITE.NS,Process Industries,Industrial Specialties
GRASIM.NS,Non-Energy Minerals,Construction Materials
GRAUWEIL.NS,Process Industries,Chemicals: Specialty
GRAVISSHO.NS,Consumer Services,Hotels/Resorts/Cruise lines
GRAVITA.NS,Non-Energy Minerals,Other Metals/Minerals
GRCL.NS,Producer Manufacturing,Miscellaneous Manufacturing
GREAVESCOT.NS,Producer Manufacturing,Trucks/Construction/Farm Machinery
GREENCHEF.NS,Consumer Durables,Electronics/Appliances
GREENLAM.NS,Non-Energy Minerals,Forest Products
GREENLEAF.NS,Industrial Services,Engineering & Construction
GREENPANEL.NS,Non-Energy Minerals,Forest Products
GREENPLY.NS,Producer Manufacturing,Building Products
GREENPOWER.NS,Utilities,Electric Utilities
GRETEX.NS,Consumer Non-Durables,Apparel/Footwear
GRINDWELL.NS,Process Industries,Industrial Specialties
GRINFRA.NS,Industrial Services,Engineering & Construction
GRMOVER.NS,Process Industries,Agricultural Commodities/Milling
GROBTEA.NS,Consumer Non-Durables,Food: Major Diversified
GROWW.NS,Miscellaneous,Investment Trusts/Mutual Funds
GRPLTD.NS,Producer Manufacturing,Miscellaneous Manufacturing
GRSE.NS,Producer Manufacturing,Trucks/Construction/Farm Machinery
GRWRHITECH.NS,Process Industries,Chemicals: Specialty
GSFC.NS,Process Industries,Chemicals: Agricultural
GSLSU.NS,Non-Energy Minerals,Construction Materials
GSMFOILS.NS,Non-Energy Minerals,Aluminum
GSPCROP.NS,Process Industries,Chemicals: Agricultural
GSS.NS,Technology Services,Information Technology Services
GSTL.NS,Distribution Services,Electronics Distributors
GTECJAINX.NS,Commercial Services,Miscellaneous Commercial Services
GTL.NS,Technology Services,Information Technology Services
GTLINFRA.NS,Industrial Services,Engineering & Construction
GTPL.NS,Communications,Specialty Telecommunications
GUFICBIO.NS,Health Technology,Pharmaceuticals: Major
GUJALKALI.NS,Process Industries,Chemicals: Specialty
GUJAPOLLO.NS,Producer Manufacturing,Trucks/Construction/Farm Machinery
GUJENERGY.NS,Utilities,Gas Distributors
GUJRAFFIA.NS,Producer Manufacturing,Miscellaneous Manufacturing
GUJTHEM.NS,Health Technology,Pharmaceuticals: Major
GULFOILLUB.NS,Energy Minerals,Oil Refining/Marketing
GULFPETRO.NS,Energy Minerals,Oil Refining/Marketing
GULPOLY.NS,Consumer Non-Durables,Food: Specialty/Candy
GURUNANAK.NS,Producer Manufacturing,Trucks/Construction/Farm Machinery
GVKPIL.NS,Industrial Services,Engineering & Construction
GVPIL.NS,Industrial Services,Engineering & Construction
GVPTECH.NS,Commercial Services,Miscellaneous Commercial Services
GVT&D.NS,Producer Manufacturing,Electrical Products
GYFTR.NS,Finance,Investment Banks/Brokers
HAL.NS,Electronic Technology,Aerospace & Defense
HALDER.NS,Distribution Services,Food Distributors
HALDYNGL.NS,Process Industries,Containers/Packaging
HALEOSLABS.NS,Health Technology,Biotechnology
HAMPTON.NS,Finance,Investment Banks/Brokers
HAPPSTMNDS.NS,Technology Services,Data Processing Services
HAPPY.NS,Producer Manufacturing,Auto Parts: OEM
HAPPYFORGE.NS,Producer Manufacturing,Metal Fabrication
HARDWYN.NS,Distribution Services,Wholesale Distributors
HARIOMPIPE.NS,Non-Energy Minerals,Steel
HARRMALAYA.NS,Process Industries,Agricultural Commodities/Milling
HARSHA.NS,Producer Manufacturing,Metal Fabrication
HATHWAY.NS,Consumer Services,Cable/Satellite TV
HATSUN.NS,Consumer Non-Durables,Food: Meat/Fish/Dairy
HAVELLS.NS,Producer Manufacturing,Electrical Products
HAVISHA.NS,Distribution Services,Wholesale Distributors
HAWKINCOOK.NS,Producer Manufacturing,Miscellaneous Manufacturing
HAZOOR.NS,Finance,Real Estate Development
HBESD.NS,Consumer Services,Hotels/Resorts/Cruise lines
HBLENGINE.NS,Producer Manufacturing,Electrical Products
HBPOR.NS,Finance,Investment Banks/Brokers
HBSL.NS,Finance,Investment Banks/Brokers
HCC.NS,Industrial Services,Engineering & Construction
HCG.NS,Health Services,Hospital/Nursing Management
HCLTECH.NS,Technology Services,Information Technology Services
HCL_INSYS.NS,Technology Services,Information Technology Services
HDBFS.NS,Finance,Finance/Rental/Leasing
HDFCAMC.NS,Finance,Investment Managers
HDFCBANK.NS,Finance,Major Banks
HDFCLIFE.NS,Finance,Multi-Line Insurance
HDIL.NS,Finance,Real Estate Development
HEADSUP.NS,Retail Trade,Apparel/Footwear Retail
HEALTHX.NS,Retail Trade,Internet Retail
HECPROJECT.NS,Industrial Services,Engineering & Construction
HEG.NS,Electronic Technology,Electronic Components
HEIDELBERG.NS,Non-Energy Minerals,Construction Materials
HEMIPROP.NS,Finance,Real Estate Development
HERANBA.NS,Process Industries,Chemicals: Agricultural
HERITGFOOD.NS,Consumer Non-Durables,Food: Meat/Fish/Dairy
HEROMOTOCO.NS,Consumer Durables,Motor Vehicles
HESTERBIO.NS,Health Technology,Pharmaceuticals: Major
HEXAGON.NS,Health Technology,Pharmaceuticals: Major
HEXATRADEX.NS,Distribution Services,Wholesale Distributors
HEXT.NS,Technology Services,Packaged Software
HFCL.NS,Producer Manufacturing,Electrical Products
HGINFRA.NS,Industrial Services,Engineering & Construction
HGM.NS,Technology Services,Data Processing Services
HGS.NS,Commercial Services,Miscellaneous Commercial Services
HIGREEN.NS,Industrial Services,Environmental Services
HIKAL.NS,Health Technology,Pharmaceuticals: Major
HILINFRA.NS,Transportation,Other Transportation
HILTON.NS,Producer Manufacturing,Metal Fabrication
HIMATSEIDE.NS,Process Industries,Textiles
HINDADH.NS,Process Industries,Industrial Specialties
HINDALCO.NS,Non-Energy Minerals,Other Metals/Minerals
HINDALUMI.NS,Non-Energy Minerals,Aluminum
HINDCOMPOS.NS,Producer Manufacturing,Auto Parts: OEM
HINDCON.NS,Non-Energy Minerals,Construction Materials
HINDCOPPER.NS,Non-Energy Minerals,Other Metals/Minerals
HINDOILEXP.NS,Energy Minerals,Integrated Oil
HINDPETRO.NS,Energy Minerals,Oil Refining/Marketing
HINDUNILVR.NS,Consumer Non-Durables,Household/Personal Care
HINDWAREAP.NS,Producer Manufacturing,Building Products
HINDZINC.NS,Non-Energy Minerals,Other Metals/Minerals
HIRECT.NS,Producer Manufacturing,Electrical Products
HISARMETAL.NS,Non-Energy Minerals,Steel
HITECH.NS,Non-Energy Minerals,Steel
HITECHCORP.NS,Producer Manufacturing,Miscellaneous Manufacturing
HITECHGEAR.NS,Producer Manufacturing,Auto Parts: OEM
HLEGLAS.NS,Producer Manufacturing,Industrial Machinery
HLVLTD.NS,Consumer Services,Hotels/Resorts/Cruise lines
HMAAGRO.NS,Distribution Services,Food Distributors
HMT.NS,Producer Manufacturing,Industrial Machinery
HMVL.NS,Consumer Services,Publishing: Newspapers
HNDFDS.NS,Consumer Non-Durables,Food: Specialty/Candy
HOACFOODS.NS,Process Industries,Agricultural Commodities/Milling
HOLMARC.NS,Electronic Technology,Electronic Equipment/Instruments
HOMEFIRST.NS,Finance,Finance/Rental/Leasing
HOMESFY.NS,Technology Services,Internet Software/Services
HONASA.NS,Retail Trade,Specialty Stores
HONAUT.NS,Electronic Technology,Electronic Equipment/Instruments
HONDAPOWER.NS,Producer Manufacturing,Electrical Products
HORIZONIND.NS,Finance,Real Estate Development
HPAL.NS,Non-Energy Minerals,Construction Materials
HPIL.NS,Process Industries,Chemicals: Specialty
HPL.NS,Electronic Technology,Electronic Equipment/Instruments
HPTL.NS,Distribution Services,Wholesale Distributors
HRHNEXT.NS,Commercial Services,Miscellaneous Commercial Services
HRYNSHP.NS,Distribution Services,Wholesale Distributors
HSCL.NS,Process Industries,Industrial Specialties
HTEL.NS,Producer Manufacturing,Industrial Machinery
HTMEDIA.NS,Consumer Services,Publishing: Newspapers
HUBTOWN.NS,Finance,Real Estate Development
HUDCO.NS,Finance,Finance/Rental/Leasing
HUHTAMAKI.NS,Process Industries,Containers/Packaging
HVAX.NS,Producer Manufacturing,Building Products
HYBRIDFIN.NS,Finance,Investment Banks/Brokers
HYUNDAI.NS,Consumer Durables,Motor Vehicles
IBLFL.NS,Finance,Finance/Rental/Leasing
IBULLSLTD.NS,Finance,Real Estate Development
ICDSLTD.NS,Finance,Finance/Rental/Leasing
ICELCO.NS,Electronic Technology,Semiconductors
ICEMAKE.NS,Producer Manufacturing,Industrial Machinery
ICICIAMC.NS,Finance,Investment Managers
ICICIBANK.NS,Finance,Regional Banks
ICICIGI.NS,Finance,Specialty Insurance
ICICIPRULI.NS,Finance,Life/Health Insurance
ICIL.NS,Process Industries,Textiles
ICRA.NS,Commercial Services,Financial Publishing/Services
IDBI.NS,Finance,Major Banks
IDEA.NS,Communications,Wireless Telecommunications
IDEAFORGE.NS,Electronic Technology,Aerospace & Defense
IDEALTECHO.NS,Process Industries,Containers/Packaging
IDENTICAL.NS,Consumer Services,Movies/Entertainment
IDFCFIRSTB.NS,Finance,Regional Banks
IEML.NS,Process Industries,Chemicals: Major Diversified
IEX.NS,Finance,Investment Banks/Brokers
IFBAGRO.NS,Consumer Non-Durables,Beverages: Alcoholic
IFBIND.NS,Consumer Durables,Electronics/Appliances
IFCI.NS,Finance,Finance/Rental/Leasing
IFGLEXPOR.NS,Producer Manufacturing,Industrial Machinery
IGARASHI.NS,Producer Manufacturing,Auto Parts: OEM
IGCL.NS,Process Industries,Chemicals: Agricultural
IGIL.NS,Commercial Services,Miscellaneous Commercial Services
IGL.NS,Utilities,Gas Distributors
IGPL.NS,Process Industries,Chemicals: Specialty
IIFL.NS,Finance,Finance/Rental/Leasing
IIFLCAPS.NS,Finance,Investment Banks/Brokers
IITL.NS,Finance,Financial Conglomerates
IKIO.NS,Producer Manufacturing,Electrical Products
IKS.NS,Commercial Services,Miscellaneous Commercial Services
IL&FSENGG.NS,Industrial Services,Engineering & Construction
IL&FSTRANS.NS,Industrial Services,Engineering & Construction
IMAGICAA.NS,Consumer Services,Movies/Entertainment
IMFA.NS,Non-Energy Minerals,Other Metals/Minerals
IMPAL.NS,Distribution Services,Wholesale Distributors
IMPEXFERRO.NS,Non-Energy Minerals,Other Metals/Minerals
INA.NS,Electronic Technology,Semiconductors
INCREDIBLE.NS,Non-Energy Minerals,Steel
INDBANK.NS,Finance,Investment Banks/Brokers
INDGN.NS,Health Technology,Pharmaceuticals: Major
INDHOTEL.NS,Consumer Services,Hotels/Resorts/Cruise lines
INDIACEM.NS,Non-Energy Minerals,Construction Materials
INDIAGLYCO.NS,Process Industries,Chemicals: Specialty
INDIAMART.NS,Retail Trade,Internet Retail
INDIANB.NS,Finance,Major Banks
INDIANCARD.NS,Producer Manufacturing,Industrial Machinery
INDIANHUME.NS,Producer Manufacturing,Building Products
INDIASHLTR.NS,Finance,Finance/Rental/Leasing
INDIFRA.NS,Electronic Technology,Semiconductors
INDIGO.NS,Transportation,Airlines
INDIGOPNTS.NS,Process Industries,Industrial Specialties
INDIGRID.NS,Finance,Financial Conglomerates
INDIQUBE.NS,Finance,Real Estate Development
INDNIPPON.NS,Producer Manufacturing,Auto Parts: OEM
INDOAMIN.NS,Process Industries,Chemicals: Major Diversified
INDOBORAX.NS,Process Industries,Chemicals: Specialty
INDOCO.NS,Health Technology,Pharmaceuticals: Major
INDOFARM.NS,Producer Manufacturing,Trucks/Construction/Farm Machinery
INDOKEM.NS,Process Industries,Industrial Specialties
INDOMIM.NS,Producer Manufacturing,Industrial Machinery
INDORAMA.NS,Process Industries,Textiles
INDOSTAR.NS,Finance,Finance/Rental/Leasing
INDOTECH.NS,Producer Manufacturing,Electrical Products
INDOTHAI.NS,Finance,Investment Banks/Brokers
INDOUS.NS,Process Industries,Agricultural Commodities/Milling
INDOWIND.NS,Utilities,Electric Utilities
INDPRUD.NS,Finance,Investment Banks/Brokers
INDRAMEDCO.NS,Health Services,Hospital/Nursing Management
INDSWFTLAB.NS,Health Technology,Pharmaceuticals: Major
INDTERRAIN.NS,Consumer Non-Durables,Apparel/Footwear
INDUSINDBK.NS,Finance,Major Banks
INDUSINVIT.NS,Finance,Real Estate Investment Trusts
INDUSTOWER.NS,Finance,Finance/Rental/Leasing
INFINIUM.NS,Health Technology,Pharmaceuticals: Major
INFLUX.NS,Health Technology,Pharmaceuticals: Other
INFOBEAN.NS,Technology Services,Packaged Software
INFOLLION.NS,Commercial Services,Commercial Printing/Forms
INFOMEDIA.NS,Consumer Services,Publishing: Books/Magazines
INFY.NS,Technology Services,Information Technology Services
INGERRAND.NS,Producer Manufacturing,Trucks/Construction/Farm Machinery
INM.NS,Producer Manufacturing,Industrial Conglomerates
INNOMET.NS,Non-Energy Minerals,Steel
INNOVACAP.NS,Health Technology,Pharmaceuticals: Major
INNOVANA.NS,Technology Services,Packaged Software
INNOVISION.NS,Transportation,Other Transportation
INOXGREEN.NS,Utilities,Alternative Power Generation
INOXINDIA.NS,Producer Manufacturing,Industrial Machinery
INOXWIND.NS,Producer Manufacturing,Electrical Products
INSECTICID.NS,Process Industries,Chemicals: Agricultural
INSPIRE.NS,Consumer Services,Movies/Entertainment
INSPIRISYS.NS,Technology Services,Information Technology Services
INTEGRITY.NS,Industrial Services,Engineering & Construction
INTELLECT.NS,Technology Services,Packaged Software
INTENTECH.NS,Technology Services,Information Technology Services
INTERARCH.NS,Producer Manufacturing,Building Products
INTLCONV.NS,Producer Manufacturing,Miscellaneous Manufacturing
INVENTURE.NS,Finance,Investment Banks/Brokers
INVICTA.NS,Health Services,Medical/Nursing Services
INVPRECQ.NS,Producer Manufacturing,Metal Fabrication
IOB.NS,Finance,Major Banks
IOC.NS,Energy Minerals,Integrated Oil
IOLCP.NS,Process Industries,Chemicals: Specialty
IONEXCHANG.NS,Producer Manufacturing,Industrial Machinery
IPCALAB.NS,Health Technology,Pharmaceuticals: Major
IPHL.NS,Process Industries,Industrial Specialties
IPL.NS,Process Industries,Chemicals: Agricultural
IPRINGLTD.NS,Producer Manufacturing,Industrial Conglomerates
IPSL.NS,Commercial Services,Personnel Services
IRB.NS,Industrial Services,Engineering & Construction
IRCON.NS,Industrial Services,Engineering & Construction
IRCTC.NS,Consumer Services,Other Consumer Services
IREDA.NS,Finance,Finance/Rental/Leasing
IRFC.NS,Finance,Finance/Rental/Leasing
IRIS.NS,Technology Services,Data Processing Services
IRISDOREME.NS,Consumer Non-Durables,Apparel/Footwear
IRMENERGY.NS,Energy Minerals,Integrated Oil
ISFT.NS,Retail Trade,Internet Retail
ISGEC.NS,Industrial Services,Engineering & Construction
ISHAN.NS,Distribution Services,Wholesale Distributors
ISHANCH.NS,Distribution Services,Wholesale Distributors
ISTLTD.NS,Producer Manufacturing,Auto Parts: OEM
ITALIANE.NS,Consumer Non-Durables,Food: Specialty/Candy
ITC.NS,Consumer Non-Durables,Tobacco
ITCHOTELS.NS,Consumer Services,Hotels/Resorts/Cruise lines
ITDC.NS,Consumer Services,Hotels/Resorts/Cruise lines
ITI.NS,Communications,Major Telecommunications
ITL.NS,Producer Manufacturing,Industrial Machinery
ITTL.NS,Consumer Durables,Automotive Aftermarket
IVALUE.NS,Technology Services,Information Technology Services
IVC.NS,Finance,Investment Banks/Brokers
IVP.NS,Process Industries,Chemicals: Specialty
IWARE.NS,Transportation,Other Transportation
IWP.NS,Consumer Non-Durables,Food: Specialty/Candy
IXIGO.NS,Technology Services,Internet Software/Services
IZMO.NS,Technology Services,Packaged Software
J&KBANK.NS,Finance,Regional Banks
JAGRAN.NS,Consumer Services,Publishing: Newspapers
JAGSNPHARM.NS,Health Technology,Pharmaceuticals: Generic
JAIBALAJI.NS,Non-Energy Minerals,Steel
JAICORPLTD.NS,Process Industries,Containers/Packaging
JAINAM.NS,Producer Manufacturing,Metal Fabrication
JAINIK.NS,Non-Energy Minerals,Aluminum
JAINREC.NS,Non-Energy Minerals,Other Metals/Minerals
JAIPURKURT.NS,Consumer Non-Durables,Apparel/Footwear
JALAN.NS,Transportation,Air Freight/Couriers
JAMNAAUTO.NS,Producer Manufacturing,Auto Parts: OEM
JARO.NS,Technology Services,Internet Software/Services
JASH.NS,Producer Manufacturing,Industrial Machinery
JAYAGROGN.NS,Process Industries,Agricultural Commodities/Milling
JAYBARMARU.NS,Distribution Services,Wholesale Distributors
JAYBEE.NS,Non-Energy Minerals,Steel
JAYESH.NS,Transportation,Air Freight/Couriers
JAYKAY.NS,Commercial Services,Miscellaneous Commercial Services
JAYNECOIND.NS,Non-Energy Minerals,Steel
JAYSREETEA.NS,Process Industries,Agricultural Commodities/Milling
JBMA.NS,Producer Manufacturing,Auto Parts: OEM
JENBURPH.NS,Health Technology,Pharmaceuticals: Major
JETFREIGHT.NS,Transportation,Airlines
JETKNIT.NS,Consumer Non-Durables,Apparel/Footwear
JEYYAM.NS,Consumer Non-Durables,Food: Major Diversified
JFLLIFE.NS,Health Technology,Pharmaceuticals: Major
JGCHEM.NS,Process Industries,Chemicals: Specialty
JHS.NS,Consumer Non-Durables,Household/Personal Care
JINDALPHOT.NS,Finance,Financial Conglomerates
JINDALPOLY.NS,Process Industries,Containers/Packaging
JINDALSAW.NS,Non-Energy Minerals,Steel
JINDALSTEL.NS,Non-Energy Minerals,Steel
JINDRILL.NS,Industrial Services,Contract Drilling
JINDWORLD.NS,Process Industries,Textiles
JIOFIN.NS,Finance,Financial Conglomerates
JISLDVREQS.NS,Producer Manufacturing,Trucks/Construction/Farm Machinery
JISLJALEQS.NS,Producer Manufacturing,Trucks/Construction/Farm Machinery
JITFINFRA.NS,Transportation,Trucking
JIWANRAM.NS,Consumer Non-Durables,Apparel/Footwear
JKCEMENT.NS,Non-Energy Minerals,Construction Materials
JKIL.NS,Industrial Services,Engineering & Construction
JKIPL.NS,Distribution Services,Wholesale Distributors
JKLAKSHMI.NS,Non-Energy Minerals,Construction Materials
JKPAPER.NS,Process Industries,Pulp & Paper
JKTYRE.NS,Consumer Durables,Automotive Aftermarket
JLHL.NS,Health Services,Hospital/Nursing Management
JMA.NS,Producer Manufacturing,Auto Parts: OEM
JMFINANCIL.NS,Finance,Investment Banks/Brokers
JNKINDIA.NS,Producer Manufacturing,Building Products
JNPR.NS,Utilities,Alternative Power Generation
JOCIL.NS,Process Industries,Chemicals: Specialty
JPOLYINVST.NS,Finance,Investment Managers
JPPOWER.NS,Utilities,Electric Utilities
JSFB.NS,Finance,Regional Banks
JSL.NS,Non-Energy Minerals,Steel
JSLL.NS,Health Services,Medical/Nursing Services
JSWCEMENT.NS,Non-Energy Minerals,Construction Materials
JSWDULUX.NS,Process Industries,Industrial Specialties
JSWENERGY.NS,Utilities,Electric Utilities
JSWHL.NS,Finance,Investment Banks/Brokers
JSWINFRA.NS,Industrial Services,Engineering & Construction
JSWSTEEL.NS,Non-Energy Minerals,Steel
JTEKTINDIA.NS,Consumer Durables,Automotive Aftermarket
JTLIND.NS,Non-Energy Minerals,Steel
JUBLCPL.NS,Process Industries,Chemicals: Agricultural
JUBLFOOD.NS,Consumer Services,Restaurants
JUBLINGREA.NS,Process Industries,Chemicals: Major Diversified
JUBLPHARMA.NS,Health Technology,Pharmaceuticals: Major
JUNIPER.NS,Consumer Services,Hotels/Resorts/Cruise lines
JUSTDIAL.NS,Technology Services,Internet Software/Services
JWL.NS,Producer Manufacturing,Trucks/Construction/Farm Machinery
JYOTHYLAB.NS,Consumer Non-Durables,Household/Personal Care
JYOTICNC.NS,Producer Manufacturing,Metal Fabrication
JYOTIGLOBL.NS,Producer Manufacturing,Miscellaneous Manufacturing
JYOTIRES.NS,Process Industries,Industrial Specialties
JYOTISTRUC.NS,Utilities,Electric Utilities
K2INFRA.NS,Industrial Services,Engineering & Construction
KABRAEXTRU.NS,Producer Manufacturing,Industrial Machinery
KAJARIACER.NS,Producer Manufacturing,Building Products
KAKATCEM.NS,Non-Energy Minerals,Construction Materials
KALAMANDIR.NS,Retail Trade,Apparel/Footwear Retail
KALANA.NS,Non-Energy Minerals,Steel
KALPATARU.NS,Finance,Real Estate Development
KALYANI.NS,Distribution Services,Wholesale Distributors
KALYANIFRG.NS,Producer Manufacturing,Auto Parts: OEM
KALYANKJIL.NS,Retail Trade,Specialty Stores
KAMAHOLD.NS,Process Industries,Industrial Specialties
KAMANWALA.NS,Finance,Real Estate Development
KAMATHOTEL.NS,Consumer Services,Hotels/Resorts/Cruise lines
KAMDHENU.NS,Non-Energy Minerals,Steel
KAMOPAINTS.NS,Process Industries,Industrial Specialties
KANANIIND.NS,Consumer Durables,Other Consumer Specialties
KANCHI.NS,Process Industries,Chemicals: Specialty
KANCOTEA.NS,Process Industries,Agricultural Commodities/Milling
KANDARP.NS,Commercial Services,Miscellaneous Commercial Services
KANORICHEM.NS,Process Industries,Chemicals: Specialty
KANPRPLA.NS,Producer Manufacturing,Miscellaneous Manufacturing
KANSAINER.NS,Process Industries,Industrial Specialties
KAPSTON.NS,Commercial Services,Miscellaneous Commercial Services
KARMAENG.NS,Utilities,Electric Utilities
KARNIKA.NS,Consumer Non-Durables,Apparel/Footwear
KARURVYSYA.NS,Finance,Regional Banks
KATARIA.NS,Producer Manufacturing,Electrical Products
KAUSHALYA.NS,Industrial Services,Engineering & Construction
KAVDEFENCE.NS,Electronic Technology,Telecommunications Equipment
KAYA.NS,Consumer Non-Durables,Household/Personal Care
KAYNES.NS,Electronic Technology,Electronic Production Equipment
KAYTEX.NS,Process Industries,Textiles
KCEIL.NS,Industrial Services,Engineering & Construction
KCK.NS,Process Industries,Agricultural Commodities/Milling
KCP.NS,Producer Manufacturing,Industrial Conglomerates
KCPSUGIND.NS,Process Industries,Agricultural Commodities/Milling
KDDL.NS,Consumer Durables,Other Consumer Specialties
KDGREEN.NS,Consumer Non-Durables,Apparel/Footwear
KDL.NS,Communications,Specialty Telecommunications
KEC.NS,Industrial Services,Engineering & Construction
KECL.NS,Producer Manufacturing,Electrical Products
KEEPLEARN.NS,Commercial Services,Miscellaneous Commercial Services
KEI.NS,Producer Manufacturing,Electrical Products
KELLTONTEC.NS,Technology Services,Packaged Software
KEN.NS,Process Industries,Textiles
KENNAMET.NS,Producer Manufacturing,Metal Fabrication
KERNEX.NS,Electronic Technology,Computer Communications
KESORAMIND.NS,Non-Energy Minerals,Construction Materials
KEYFINSERV.NS,Finance,Investment Banks/Brokers
KFINTECH.NS,Technology Services,Packaged Software
KHADIM.NS,Consumer Non-Durables,Apparel/Footwear
KHAICHEM.NS,Process Industries,Chemicals: Agricultural
KHAITANLTD.NS,Consumer Durables,Electronics/Appliances
KHANDSE.NS,Finance,Investment Banks/Brokers
KHFM.NS,Commercial Services,Miscellaneous Commercial Services
KICL.NS,Finance,Financial Conglomerates
KILITCH.NS,Health Technology,Pharmaceuticals: Major
KIMS.NS,Health Services,Hospital/Nursing Management
KINGFA.NS,Process Industries,Chemicals: Specialty
KIOCL.NS,Non-Energy Minerals,Steel
KIRANVYPAR.NS,Finance,Investment Banks/Brokers
KIRIINDUS.NS,Process Industries,Chemicals: Specialty
KIRLFER.NS,Non-Energy Minerals,Steel
KIRLOSBROS.NS,Producer Manufacturing,Industrial Machinery
KIRLOSENG.NS,Producer Manufacturing,Electrical Products
KIRLOSIND.NS,Non-Energy Minerals,Steel
KIRLPNU.NS,Producer Manufacturing,Industrial Machinery
KISSHT.NS,Finance,Finance/Rental/Leasing
KITEX.NS,Process Industries,Textiles
KJMCFIN.NS,Finance,Investment Banks/Brokers
KKCL.NS,Consumer Non-Durables,Apparel/Footwear
KKJEWELS.NS,Retail Trade,Specialty Stores
KKVAPOW.NS,Utilities,Electric Utilities
KLBRENG_B.NS,Producer Manufacturing,Industrial Machinery
KLL.NS,Transportation,Air Freight/Couriers
KMCSHIL.NS,Health Services,Hospital/Nursing Management
KMEW.NS,Producer Manufacturing,Trucks/Construction/Farm Machinery
KMSUGAR.NS,Process Industries,Agricultural Commodities/Milling
KNACK.NS,Process Industries,Containers/Packaging
KNAGRI.NS,Process Industries,Agricultural Commodities/Milling
KNRCON.NS,Industrial Services,Engineering & Construction
KODYTECH.NS,Technology Services,Packaged Software
KOHINOOR.NS,Process Industries,Agricultural Commodities/Milling
KOKUYOCMLN.NS,Consumer Durables,Tools & Hardware
KOLTEPATIL.NS,Finance,Real Estate Development
KONSTELEC.NS,Industrial Services,Engineering & Construction
KONTOR.NS,Finance,Real Estate Development
KOPRAN.NS,Health Technology,Pharmaceuticals: Major
KORE.NS,Distribution Services,Electronics Distributors
KOTAKBANK.NS,Finance,Major Banks
KOTARISUG.NS,Process Industries,Agricultural Commodities/Milling
KOTHARIPET.NS,Process Industries,Chemicals: Specialty
KOTHARIPRO.NS,Distribution Services,Wholesale Distributors
KOTIC.NS,Process Industries,Chemicals: Agricultural
KOTYARK.NS,Process Industries,Industrial Specialties
KOVAI.NS,Health Services,Hospital/Nursing Management
KPEL.NS,Utilities,Alternative Power Generation
KPIGREEN.NS,Utilities,Alternative Power Generation
KPIL.NS,Industrial Services,Engineering & Construction
KPITTECH.NS,Technology Services,Packaged Software
KPL.NS,Health Technology,Pharmaceuticals: Major
KPRMILL.NS,Consumer Non-Durables,Apparel/Footwear
KRBL.NS,Process Industries,Agricultural Commodities/Milling
KREBSBIO.NS,Health Technology,Pharmaceuticals: Major
KRIDHANINF.NS,Non-Energy Minerals,Steel
KRISHANA.NS,Process Industries,Chemicals: Agricultural
KRISHCA.NS,Producer Manufacturing,Metal Fabrication
KRISHIVAL.NS,Process Industries,Agricultural Commodities/Milling
KRISHNADEF.NS,Electronic Technology,Aerospace & Defense
KRITI.NS,Producer Manufacturing,Miscellaneous Manufacturing
KRITIKA.NS,Producer Manufacturing,Metal Fabrication
KRITINUT.NS,Process Industries,Agricultural Commodities/Milling
KRMAYURVED.NS,Health Services,Hospital/Nursing Management
KRN.NS,Producer Manufacturing,Industrial Machinery
KRONOX.NS,Process Industries,Chemicals: Specialty
KROSS.NS,Producer Manufacturing,Auto Parts: OEM
KRSNAA.NS,Health Services,Medical/Nursing Services
KRT.RR.NS,Finance,Real Estate Investment Trusts
KRYSTAL.NS,Commercial Services,Miscellaneous Commercial Services
KSB.NS,Producer Manufacturing,Industrial Machinery
KSCL.NS,Process Industries,Agricultural Commodities/Milling
KSE.NS,Process Industries,Agricultural Commodities/Milling
KSHINTL.NS,Producer Manufacturing,Electrical Products
KSHITIJPOL.NS,Process Industries,Containers/Packaging
KSL.NS,Non-Energy Minerals,Steel
KSOLVES.NS,Technology Services,Packaged Software
KSR.NS,Consumer Non-Durables,Apparel/Footwear
KTKBANK.NS,Finance,Regional Banks
KUANTUM.NS,Process Industries,Pulp & Paper
KUSUMGAR.NS,Process Industries,Textiles
KWIL.NS,Consumer Non-Durables,Food: Meat/Fish/Dairy
LADDERUP.NS,Finance,Investment Managers
LAGNAM.NS,Process Industries,Textiles
LAHOTIOV.NS,Process Industries,Textiles
LAKPRE.NS,Producer Manufacturing,Metal Fabrication
LAKSHMIMIL.NS,Process Industries,Textiles
LAKSHYA.NS,Industrial Services,Engineering & Construction
LAL.NS,Consumer Non-Durables,Apparel/Footwear
LALITHAA.NS,Retail Trade,Specialty Stores
LALPATHLAB.NS,Health Services,Medical/Nursing Services
LAMBODHARA.NS,Process Industries,Textiles
LAMOSAIC.NS,Distribution Services,Wholesale Distributors
LANCER.NS,Transportation,Marine Shipping
LANCORHOL.NS,Finance,Real Estate Development
LANDMARK.NS,Retail Trade,Specialty Stores
LANDSMILL.NS,Commercial Services,Miscellaneous Commercial Services
LAOPALA.NS,Consumer Durables,Home Furnishings
LASA.NS,Health Technology,Pharmaceuticals: Major
LASERPOWER.NS,Producer Manufacturing,Electrical Products
LATENTVIEW.NS,Commercial Services,Miscellaneous Commercial Services
LATTEYS.NS,Producer Manufacturing,Industrial Machinery
LAURUSLABS.NS,Health Technology,Pharmaceuticals: Major
LAXMICOT.NS,Process Industries,Textiles
LAXMIDENTL.NS,Health Services,Medical/Nursing Services
LAXMIINDIA.NS,Finance,Finance/Rental/Leasing
LCCINFOTEC.NS,Technology Services,Information Technology Services
LCL.NS,Producer Manufacturing,Industrial Machinery
LEAPIND.NS,Transportation,Air Freight/Couriers
LEENEE.NS,Technology Services,Information Technology Services
LEMERITE.NS,Process Industries,Textiles
LEMONTREE.NS,Consumer Services,Hotels/Resorts/Cruise lines
LENSKART.NS,Health Technology,Medical Specialties
LEXUS.NS,Producer Manufacturing,Building Products
LFIC.NS,Finance,Financial Conglomerates
LGBBROSLTD.NS,Producer Manufacturing,Electrical Products
LGEINDIA.NS,Consumer Durables,Electronics/Appliances
LGHL.NS,Consumer Durables,Other Consumer Specialties
LIBAS.NS,Consumer Non-Durables,Apparel/Footwear
LIBERTSHOE.NS,Consumer Non-Durables,Apparel/Footwear
LICHSGFIN.NS,Finance,Finance/Rental/Leasing
LICI.NS,Finance,Life/Health Insurance
LIKHITHA.NS,Industrial Services,Engineering & Construction
LINC.NS,Consumer Non-Durables,Consumer Sundries
LINCOLN.NS,Health Technology,Pharmaceuticals: Major
LINDEINDIA.NS,Process Industries,Chemicals: Specialty
LKPSEC.NS,Finance,Investment Banks/Brokers
LLOYDS.NS,Retail Trade,Specialty Stores
LLOYDSENGG.NS,Industrial Services,Engineering & Construction
LLOYDSENT.NS,Distribution Services,Wholesale Distributors
LLOYDSME.NS,Non-Energy Minerals,Steel
LMW.NS,Producer Manufacturing,Industrial Machinery
LODHA.NS,Finance,Real Estate Development
LOKESHMACH.NS,Technology Services,Information Technology Services
LORDSCHLO.NS,Process Industries,Chemicals: Specialty
LOTUSCHO.NS,Consumer Non-Durables,Food: Specialty/Candy
LOTUSDEV.NS,Finance,Real Estate Development
LOTUSEYE.NS,Health Services,Medical/Nursing Services
LOVABLE.NS,Consumer Non-Durables,Apparel/Footwear
LOYALTEX.NS,Process Industries,Textiles
LPDC.NS,Finance,Real Estate Development
LRRPL.NS,Process Industries,Chemicals: Specialty
LT.NS,Industrial Services,Engineering & Construction
LTF.NS,Finance,Finance/Rental/Leasing
LTFOODS.NS,Process Industries,Agricultural Commodities/Milling
LTM.NS,Technology Services,Data Processing Services
LTTS.NS,Commercial Services,Miscellaneous Commercial Services
LUMAXIND.NS,Producer Manufacturing,Auto Parts: OEM
LUMAXTECH.NS,Producer Manufacturing,Auto Parts: OEM
LUMINO.NS,Producer Manufacturing,Electrical Products
LUPIN.NS,Health Technology,Pharmaceuticals: Other
LUXIND.NS,Consumer Non-Durables,Apparel/Footwear
LXCHEM.NS,Process Industries,Chemicals: Specialty
LYKALABS.NS,Health Technology,Pharmaceuticals: Other
M&M.NS,Consumer Durables,Motor Vehicles
M&MFIN.NS,Finance,Finance/Rental/Leasing
MAANALU.NS,Non-Energy Minerals,Aluminum
MACOBSTECH.NS,Retail Trade,Electronics/Appliance Stores
MACPOWER.NS,Producer Manufacturing,Industrial Machinery
MADHAV.NS,Non-Energy Minerals,Construction Materials
MADHAVBAUG.NS,Health Services,Medical/Nursing Services
MADHAVIPL.NS,Utilities,Electric Utilities
MADHUCON.NS,Industrial Services,Engineering & Construction
MADHURKNIT.NS,Process Industries,Textiles
MADHUSUDAN.NS,Consumer Non-Durables,Food: Major Diversified
MADRASFERT.NS,Process Industries,Chemicals: Agricultural
MAFATIND.NS,Process Industries,Textiles
MAGADSUGAR.NS,Process Industries,Agricultural Commodities/Milling
MAGNUM.NS,Process Industries,Pulp & Paper
MAGSON.NS,Retail Trade,Food Retail
MAHABANK.NS,Finance,Major Banks
MAHAPEXLTD.NS,Finance,Finance/Rental/Leasing
MAHASTEEL.NS,Non-Energy Minerals,Steel
MAHEPC.NS,Producer Manufacturing,Trucks/Construction/Farm Machinery
MAHESHWARI.NS,Transportation,Air Freight/Couriers
MAHICKRA.NS,Process Industries,Chemicals: Specialty
MAHLIFE.NS,Finance,Real Estate Development
MAHLOG.NS,Transportation,Air Freight/Couriers
MAHSCOOTER.NS,Producer Manufacturing,Industrial Machinery
MAHSEAMLES.NS,Non-Energy Minerals,Steel
MAITHANALL.NS,Non-Energy Minerals,Other Metals/Minerals
MAITREYA.NS,Health Services,Hospital/Nursing Management
MAJESAUT.NS,Commercial Services,Miscellaneous Commercial Services
MAKERSL.NS,Health Technology,Pharmaceuticals: Major
MAKS.NS,Producer Manufacturing,Electrical Products
MAL.NS,Non-Energy Minerals,Steel
MALLCOM.NS,Consumer Non-Durables,Apparel/Footwear
MALUPAPER.NS,Process Industries,Pulp & Paper
MAMATA.NS,Producer Manufacturing,Industrial Machinery
MANAKALUCO.NS,Non-Energy Minerals,Other Metals/Minerals
MANAKCOAT.NS,Non-Energy Minerals,Steel
MANAKSIA.NS,Non-Energy Minerals,Steel
MANAKSTEEL.NS,Non-Energy Minerals,Steel
MANALIPETC.NS,Process Industries,Chemicals: Specialty
MANAPPURAM.NS,Finance,Finance/Rental/Leasing
MANAV.NS,Industrial Services,Engineering & Construction
MANBA.NS,Finance,Finance/Rental/Leasing
MANCREDIT.NS,Finance,Finance/Rental/Leasing
MANDEEP.NS,Producer Manufacturing,Building Products
MANGALAM.NS,Health Technology,Pharmaceuticals: Major
MANGLMCEM.NS,Non-Energy Minerals,Construction Materials
MANILAM.NS,Non-Energy Minerals,Forest Products
MANINDS.NS,Producer Manufacturing,Industrial Machinery
MANINFRA.NS,Finance,Real Estate Development
MANIPALHOS.NS,Health Services,Hospital/Nursing Management
MANKIND.NS,Health Technology,Pharmaceuticals: Major
MANOMAY.NS,Process Industries,Textiles
MANORAMA.NS,Consumer Non-Durables,Food: Specialty/Candy
MANORG.NS,Process Industries,Chemicals: Specialty
MANUGRAPH.NS,Producer Manufacturing,Industrial Machinery
MANYAVAR.NS,Retail Trade,Internet Retail
MAPMYINDIA.NS,Commercial Services,Miscellaneous Commercial Services
MARALOVER.NS,Process Industries,Textiles
MARATHON.NS,Finance,Real Estate Development
MARC.NS,Industrial Services,Engineering & Construction
MARCO.NS,Producer Manufacturing,Electrical Products
MARICO.NS,Consumer Non-Durables,Household/Personal Care
MARINE.NS,Distribution Services,Wholesale Distributors
MARKOLINES.NS,Industrial Services,Engineering & Construction
MARKSANS.NS,Health Technology,Pharmaceuticals: Major
MARSONS.NS,Producer Manufacturing,Electrical Products
MARUSHIKA.NS,Technology Services,Information Technology Services
MARUTI.NS,Consumer Durables,Motor Vehicles
MASFIN.NS,Finance,Finance/Rental/Leasing
MASKINVEST.NS,Finance,Finance/Rental/Leasing
MASON.NS,Industrial Services,Engineering & Construction
MASTEK.NS,Technology Services,Information Technology Services
MASTER.NS,Producer Manufacturing,Miscellaneous Manufacturing
MASTERTR.NS,Finance,Investment Banks/Brokers
MATRIMONY.NS,Technology Services,Internet Software/Services
MAWANASUG.NS,Consumer Non-Durables,Food: Specialty/Candy
MAXESTATES.NS,Finance,Real Estate Development
MAXHEALTH.NS,Health Services,Hospital/Nursing Management
MAXIND.NS,Health Services,Medical/Nursing Services
MAXPOSURE.NS,Commercial Services,Advertising/Marketing Services
MAXVOLT.NS,Producer Manufacturing,Electrical Products
MAYASHEEL.NS,Industrial Services,Engineering & Construction
MAYURUNIQ.NS,Process Industries,Textiles
MAZDA.NS,Producer Manufacturing,Industrial Machinery
MAZDOCK.NS,Producer Manufacturing,Trucks/Construction/Farm Machinery
MBAPL.NS,Process Industries,Chemicals: Agricultural
MBECL.NS,Industrial Services,Engineering & Construction
MBEL.NS,Producer Manufacturing,Building Products
MBLINFRA.NS,Industrial Services,Engineering & Construction
MCCHRLS_B.NS,Finance,Real Estate Development
MCL.NS,Non-Energy Minerals,Other Metals/Minerals
MCLEODRUSS.NS,Consumer Non-Durables,Food: Specialty/Candy
MCLOUD.NS,Technology Services,Information Technology Services
MCON.NS,Non-Energy Minerals,Construction Materials
MCX.NS,Finance,Investment Banks/Brokers
MDL.NS,Consumer Durables,Home Furnishings
MEDANTA.NS,Health Services,Hospital/Nursing Management
MEDIASSIST.NS,Finance,Investment Managers
MEDICAMEQ.NS,Health Technology,Pharmaceuticals: Major
MEDICAPQ.NS,Health Technology,Pharmaceuticals: Major
MEDICO.NS,Health Technology,Pharmaceuticals: Major
MEDIORG.NS,Health Technology,Pharmaceuticals: Major
MEDISTEP.NS,Consumer Non-Durables,Household/Personal Care
MEDPLUS.NS,Retail Trade,Drugstore Chains
MEESHO.NS,Retail Trade,Apparel/Footwear Retail
MEGAFLEX.NS,Process Industries,Containers/Packaging
MEGASTAR.NS,Process Industries,Agricultural Commodities/Milling
MEGATHERM.NS,Producer Manufacturing,Industrial Machinery
MEIL.NS,Electronic Technology,Electronic Components
MENNPIS.NS,Producer Manufacturing,Auto Parts: OEM
MENONBE.NS,Producer Manufacturing,Metal Fabrication
MEP.NS,Transportation,Other Transportation
MERCANTILE.NS,Finance,Real Estate Development
MERCURYEV.NS,Distribution Services,Wholesale Distributors
METALIC.NS,Producer Manufacturing,Metal Fabrication
METROBRAND.NS,Retail Trade,Apparel/Footwear Retail
METROGLOBL.NS,Distribution Services,Wholesale Distributors
METROPOLIS.NS,Health Services,Medical/Nursing Services
MFML.NS,Process Industries,Textiles
MFSL.NS,Finance,Life/Health Insurance
MGEL.NS,Process Industries,Agricultural Commodities/Milling
MGL.NS,Utilities,Gas Distributors
MGSL.NS,Industrial Services,Engineering & Construction
MHHL.NS,Health Technology,Medical Specialties
MHLXMIRU.NS,Process Industries,Industrial Specialties
MHRIL.NS,Consumer Services,Other Consumer Services
MICEL.NS,Health Technology,Medical Specialties
MICROPRO.NS,Technology Services,Packaged Software
MIDHANI.NS,Non-Energy Minerals,Other Metals/Minerals
MIDWESTLTD.NS,Non-Energy Minerals,Construction Materials
MIEL.NS,Industrial Services,Engineering & Construction
MIIL.NS,Finance,Investment Managers
MILKYMIST.NS,Consumer Non-Durables,Food: Meat/Fish/Dairy
MILTON.NS,Non-Energy Minerals,Forest Products
MINALIND.NS,Consumer Durables,Other Consumer Specialties
MINDACORP.NS,Producer Manufacturing,Auto Parts: OEM
MINDPOOL.NS,Commercial Services,Personnel Services
MINDSPACE.RR.NS,Finance,Real Estate Investment Trusts
MINDTECK.NS,Technology Services,Information Technology Services
MIRZAINT.NS,Consumer Non-Durables,Apparel/Footwear
MITCON.NS,Commercial Services,Miscellaneous Commercial Services
MITTAL.NS,Process Industries,Textiles
MKEXIM.NS,Process Industries,Textiles
MKPL.NS,Process Industries,Agricultural Commodities/Milling
MLKFOOD.NS,Consumer Non-Durables,Food: Specialty/Candy
MMEL.NS,Finance,Finance/Rental/Leasing
MMFL.NS,Producer Manufacturing,Metal Fabrication
MMP.NS,Non-Energy Minerals,Other Metals/Minerals
MMTC.NS,Distribution Services,Wholesale Distributors
MMWL.NS,Technology Services,Information Technology Services
MOBIKWIK.NS,Commercial Services,Miscellaneous Commercial Services
MOBILISE.NS,Technology Services,Packaged Software
MODINATUR.NS,Process Industries,Agricultural Commodities/Milling
MODIRUBBER.NS,Consumer Durables,Automotive Aftermarket
MODIS.NS,Finance,Real Estate Development
MODISONLTD.NS,Industrial Services,Engineering & Construction
MODTHREAD.NS,Process Industries,Textiles
MOHITE.NS,Process Industries,Textiles
MOHITIND.NS,Process Industries,Textiles
MOIL.NS,Non-Energy Minerals,Other Metals/Minerals
MOKSH.NS,Consumer Durables,Other Consumer Specialties
MOL.NS,Process Industries,Chemicals: Specialty
MOLBIO.NS,Health Technology,Medical Specialties
MOLDTECH.NS,Industrial Services,Engineering & Construction
MOLDTKPAC.NS,Producer Manufacturing,Miscellaneous Manufacturing
MOMSBELIEF.NS,,
MONARCH.NS,Finance,Investment Banks/Brokers
MONEYBOXX.NS,Finance,Regional Banks
MONOLITH.NS,Non-Energy Minerals,Construction Materials
MONOPHARMA.NS,Distribution Services,Medical Distributors
MONTECARLO.NS,Consumer Non-Durables,Apparel/Footwear
MORARJEE.NS,Process Industries,Textiles
MOREPENLAB.NS,Health Technology,Pharmaceuticals: Major
MOS.NS,Technology Services,Internet Software/Services
MOSCHIP.NS,Electronic Technology,Semiconductors
MOTHERSON.NS,Producer Manufacturing,Auto Parts: OEM
MOTILALOFS.NS,Technology Services,Internet Software/Services
MOTISONS.NS,Retail Trade,Specialty Stores
MOTOGENFIN.NS,Finance,Real Estate Development
MOXSH.NS,Technology Services,Internet Software/Services
MPDL.NS,Industrial Services,Engineering & Construction
MPEL.NS,Process Industries,Containers/Packaging
MPHASIS.NS,Technology Services,Packaged Software
MPSLTD.NS,Consumer Services,Publishing: Books/Magazines
MPTODAY.NS,Consumer Services,Publishing: Newspapers
MRF.NS,Consumer Durables,Automotive Aftermarket
MRIL.NS,Industrial Services,Engineering & Construction
MRPL.NS,Energy Minerals,Oil Refining/Marketing
MSL.NS,Process Industries,Agricultural Commodities/Milling
MSPL.NS,Non-Energy Minerals,Steel
MSTCLTD.NS,Retail Trade,Internet Retail
MSUMI.NS,Producer Manufacturing,Auto Parts: OEM
MTARTECH.NS,Electronic Technology,Aerospace & Defense
MTEDUCARE.NS,Consumer Services,Other Consumer Services
MTNL.NS,Communications,Major Telecommunications
MUFIN.NS,Finance,Finance/Rental/Leasing
MUFTI.NS,Retail Trade,Apparel/Footwear Retail
MUKANDLTD.NS,Non-Energy Minerals,Steel
MUKESHB.NS,Finance,Investment Banks/Brokers
MUKKA.NS,Consumer Non-Durables,Food: Meat/Fish/Dairy
MUKTAARTS.NS,Technology Services,Packaged Software
MUNISH.NS,Producer Manufacturing,Industrial Machinery
MUNJALAU.NS,Producer Manufacturing,Auto Parts: OEM
MUNJALSHOW.NS,Producer Manufacturing,Auto Parts: OEM
MURUDCERA.NS,Producer Manufacturing,Building Products
MUTHOOTCAP.NS,Finance,Finance/Rental/Leasing
MUTHOOTFIN.NS,Finance,Finance/Rental/Leasing
MUTHOOTMF.NS,Finance,Finance/Rental/Leasing
MVELECTRO.NS,Producer Manufacturing,Trucks/Construction/Farm Machinery
MVGJL.NS,Retail Trade,Specialty Stores
MVKAGRO.NS,Process Industries,Agricultural Commodities/Milling
MWL.NS,Non-Energy Minerals,Steel
MYMUDRA.NS,Finance,Finance/Rental/Leasing
MYSORPETRO.NS,Distribution Services,Wholesale Distributors
NACLIND.NS,Process Industries,Chemicals: Agricultural
NAGAFERT.NS,Process Industries,Chemicals: Agricultural
NAGREEKCAP.NS,Finance,Investment Banks/Brokers
NAGREEKEXP.NS,Process Industries,Textiles
NAHARCAP.NS,Finance,Investment Managers
NAHARINDUS.NS,Process Industries,Textiles
NAHARPOLY.NS,Process Industries,Textiles
NAHARSPING.NS,Process Industries,Textiles
NAMAN.NS,Producer Manufacturing,Office Equipment/Supplies
NAMOEWASTE.NS,Industrial Services,Environmental Services
NAM_INDIA.NS,Finance,Investment Managers
NARMADA.NS,Process Industries,Agricultural Commodities/Milling
NATCAPSUQ.NS,Health Technology,Pharmaceuticals: Other
NATCOPHARM.NS,Health Technology,Pharmaceuticals: Major
NATHBIOGEN.NS,Process Industries,Agricultural Commodities/Milling
NATIONALUM.NS,Non-Energy Minerals,Aluminum
NATIONSTD.NS,Finance,Real Estate Development
NAUKRI.NS,Technology Services,Internet Software/Services
NAVA.NS,Utilities,Electric Utilities
NAVINFLUOR.NS,Process Industries,Chemicals: Specialty
NAVKARCORP.NS,Transportation,Other Transportation
NAVKARURB.NS,Non-Energy Minerals,Construction Materials
NAVNETEDUL.NS,Producer Manufacturing,Office Equipment/Supplies
NAZARA.NS,Technology Services,Packaged Software
NBCC.NS,Commercial Services,Miscellaneous Commercial Services
NBIFIN.NS,Finance,Financial Conglomerates
NCC.NS,Consumer Durables,Homebuilding
NCLIND.NS,Non-Energy Minerals,Construction Materials
NDGL.NS,Finance,Finance/Rental/Leasing
NDL.NS,Process Industries,Textiles
NDLVENTURE.NS,Consumer Services,Cable/Satellite TV
NDRAUTO.NS,Producer Manufacturing,Auto Parts: OEM
NDRINVIT.NS,Miscellaneous,Investment Trusts/Mutual Funds
NDTV.NS,Consumer Services,Broadcasting
NEAGI.NS,Consumer Non-Durables,Food: Major Diversified
NECCLTD.NS,Transportation,Other Transportation
NECLIFE.NS,Health Technology,Pharmaceuticals: Major
NEELAM.NS,Consumer Durables,Home Furnishings
NELCAST.NS,Non-Energy Minerals,Steel
NELCO.NS,Electronic Technology,Electronic Production Equipment
NEOCHEM.NS,Process Industries,Chemicals: Major Diversified
NEOGEN.NS,Process Industries,Chemicals: Specialty
NEPHROCARE.NS,Health Services,Medical/Nursing Services
NEPHROPLUS.NS,Health Services,Medical/Nursing Services
NEPTUNE.NS,Non-Energy Minerals,Construction Materials
NESCO.NS,Producer Manufacturing,Industrial Machinery
NESTLEIND.NS,Consumer Non-Durables,Food: Major Diversified
NETWEB.NS,Electronic Technology,Computer Peripherals
NETWORK18.NS,Consumer Services,Broadcasting
NEUEON.NS,Industrial Services,Engineering & Construction
NEULANDLAB.NS,Health Technology,Pharmaceuticals: Major
NEWGEN.NS,Technology Services,Packaged Software
NEWJAISA.NS,Retail Trade,Electronics/Appliance Stores
NEXTMEDIA.NS,Consumer Services,Broadcasting
NFL.NS,Process Industries,Chemicals: Agricultural
NFPSAMPOOR.NS,Consumer Non-Durables,Food: Specialty/Candy
NGIL.NS,Consumer Non-Durables,Food: Specialty/Candy
NGLFINE.NS,Health Technology,Pharmaceuticals: Major
NH.NS,Health Services,Hospital/Nursing Management
NHIT.NS,Miscellaneous,Investment Trusts/Mutual Funds
NHPC.NS,Utilities,Electric Utilities
NIACL.NS,Finance,Multi-Line Insurance
NIBE.NS,Process Industries,Textiles
NIBL.NS,Producer Manufacturing,Metal Fabrication
NICCOPAR.NS,Consumer Services,Movies/Entertainment
NIDAN.NS,Health Services,Medical/Nursing Services
NIITLTD.NS,Commercial Services,Miscellaneous Commercial Services
NIITMTS.NS,Commercial Services,Miscellaneous Commercial Services
NIKITA.NS,Process Industries,Pulp & Paper
NILAINFRA.NS,Industrial Services,Engineering & Construction
NILASPACES.NS,Consumer Durables,Homebuilding
NILE.NS,Non-Energy Minerals,Other Metals/Minerals
NILKAMAL.NS,Consumer Durables,Home Furnishings
NIMBSPROJ.NS,Finance,Real Estate Development
NINSYS.NS,Technology Services,Packaged Software
NIPPOBATRY.NS,Producer Manufacturing,Electrical Products
NIRAJ.NS,Industrial Services,Engineering & Construction
NIRAJISPAT.NS,Producer Manufacturing,Miscellaneous Manufacturing
NIRLON.NS,Finance,Real Estate Development
NIRMAN.NS,Process Industries,Agricultural Commodities/Milling
NITCO.NS,Producer Manufacturing,Building Products
NITINSPIN.NS,Process Industries,Textiles
NITIRAJ.NS,Electronic Technology,Electronic Equipment/Instruments
NITTAGELA.NS,Consumer Non-Durables,Food: Specialty/Candy
NIVABUPA.NS,Finance,Life/Health Insurance
NKIND.NS,Process Industries,Agricultural Commodities/Milling
NLCINDIA.NS,Utilities,Electric Utilities
NMDC.NS,Non-Energy Minerals,Other Metals/Minerals
NMSTEEL.NS,Non-Energy Minerals,Steel
NOCIL.NS,Process Industries,Chemicals: Specialty
NOIDATOLL.NS,Commercial Services,Advertising/Marketing Services
NORBTEAEXP.NS,Consumer Non-Durables,Food: Specialty/Candy
NORTHARC.NS,Finance,Finance/Rental/Leasing
NOVAAGRI.NS,Process Industries,Chemicals: Agricultural
NOVARTIND.NS,Health Technology,Pharmaceuticals: Major
NPST.NS,Technology Services,Packaged Software
NRAIL.NS,Process Industries,Containers/Packaging
NRBBEARING.NS,Producer Manufacturing,Auto Parts: OEM
NRL.NS,Non-Energy Minerals,Other Metals/Minerals
NRVANDANA.NS,Consumer Non-Durables,Apparel/Footwear
NSIL.NS,Finance,Financial Conglomerates
NSLNISP.NS,Non-Energy Minerals,Steel
NTCIND.NS,Consumer Non-Durables,Tobacco
NTPC.NS,Utilities,Electric Utilities
NTPCGREEN.NS,Utilities,Alternative Power Generation
NUCLEUS.NS,Technology Services,Information Technology Services
NURECA.NS,Health Technology,Medical Specialties
NUVAMA.NS,Finance,Investment Managers
NUVOCO.NS,Non-Energy Minerals,Construction Materials
NXST.RR.NS,Finance,Real Estate Investment Trusts
NYKAA.NS,Retail Trade,Internet Retail
OAL.NS,Process Industries,Chemicals: Specialty
OBCL.NS,Transportation,Trucking
OBEROIRLTY.NS,Finance,Real Estate Development
OBSCP.NS,Producer Manufacturing,Metal Fabrication
OCCLLTD.NS,Process Industries,Chemicals: Specialty
ODIGMA.NS,Technology Services,Internet Software/Services
ODYCORP.NS,Consumer Services,Movies/Entertainment
OFSS.NS,Technology Services,Packaged Software
OIL.NS,Energy Minerals,Oil Refining/Marketing
OILCOUNTUB.NS,Industrial Services,Oilfield Services/Equipment
OLAELEC.NS,Consumer Durables,Motor Vehicles
OLECTRA.NS,Consumer Durables,Motor Vehicles
OLIL.NS,Transportation,Marine Shipping
OMAXAUTO.NS,Producer Manufacturing,Auto Parts: OEM
OMAXE.NS,Finance,Real Estate Development
OMFREIGHT.NS,Transportation,Air Freight/Couriers
OMFURN.NS,Producer Manufacturing,Office Equipment/Supplies
OMINFRAL.NS,Industrial Services,Engineering & Construction
OMNI.NS,Producer Manufacturing,Metal Fabrication
OMPOWER.NS,Utilities,Electric Utilities
ONDOOR.NS,Retail Trade,Food Retail
ONEGLOBAL.NS,Commercial Services,Miscellaneous Commercial Services
ONELIFECAP.NS,Finance,Investment Managers
ONEPOINT.NS,Commercial Services,Miscellaneous Commercial Services
ONESOURCE.NS,Health Technology,Pharmaceuticals: Major
ONGC.NS,Energy Minerals,Oil Refining/Marketing
ONIDA.NS,Electronic Technology,Telecommunications Equipment
ONIXSOLAR.NS,Producer Manufacturing,Industrial Machinery
ONMOBILE.NS,Communications,Specialty Telecommunications
ONWARDTEC.NS,Technology Services,Information Technology Services
ONYX.NS,Health Technology,Pharmaceuticals: Major
OPTIEMUS.NS,Distribution Services,Electronics Distributors
OPTIFIN.NS,Distribution Services,Wholesale Distributors
OPTIMYSTIX.NS,Consumer Services,Movies/Entertainment
OPTIVALUE.NS,Technology Services,Information Technology Services
ORBTEXP.NS,Process Industries,Textiles
ORCHASP.NS,Technology Services,Information Technology Services
ORCHPHARMA.NS,Health Technology,Pharmaceuticals: Major
ORIANA.NS,Industrial Services,Engineering & Construction
ORICONENT.NS,Producer Manufacturing,Miscellaneous Manufacturing
ORIENTALTL.NS,Non-Energy Minerals,Construction Materials
ORIENTBELL.NS,Producer Manufacturing,Building Products
ORIENTCEM.NS,Non-Energy Minerals,Construction Materials
ORIENTCER.NS,Non-Energy Minerals,Aluminum
ORIENTELEC.NS,Consumer Durables,Electronics/Appliances
ORIENTHOT.NS,Consumer Services,Hotels/Resorts/Cruise lines
ORIENTLTD.NS,Process Industries,Containers/Packaging
ORIENTPPR.NS,Process Industries,Pulp & Paper
ORIENTTECH.NS,Technology Services,Information Technology Services
ORIRAIL.NS,Producer Manufacturing,Building Products
ORISSAMINE.NS,Non-Energy Minerals,Steel
ORKLAINDIA.NS,Consumer Non-Durables,Food: Specialty/Candy
ORTEL.NS,Consumer Services,Cable/Satellite TV
ORTINGLOBE.NS,Health Technology,Pharmaceuticals: Major
OSELDEVICE.NS,Health Technology,Medical Specialties
OSIAHYPER.NS,Retail Trade,Food Retail
OSWALAGRO.NS,Finance,Real Estate Development
OSWALGREEN.NS,Finance,Real Estate Development
OSWALPUMPS.NS,Producer Manufacturing,Industrial Machinery
OSWALSEEDS.NS,Process Industries,Agricultural Commodities/Milling
OWAIS.NS,Process Industries,Chemicals: Specialty
PACEDIGITK.NS,Utilities,Electric Utilities
PACIFICI.NS,Non-Energy Minerals,Construction Materials
PAGEIND.NS,Consumer Non-Durables,Apparel/Footwear
PAISALO.NS,Finance,Finance/Rental/Leasing
PAKKA.NS,Process Industries,Pulp & Paper
PALASHSECU.NS,Consumer Non-Durables,Food: Specialty/Candy
PALREDTEC.NS,Distribution Services,Electronics Distributors
PANACEABIO.NS,Health Technology,Pharmaceuticals: Major
PANACHE.NS,Electronic Technology,Computer Peripherals
PANAMAPET.NS,Process Industries,Industrial Specialties
PANCHMAHQ.NS,Non-Energy Minerals,Steel
PANORAMA.NS,Retail Trade,Specialty Stores
PANSARI.NS,Technology Services,Packaged Software
PAR.NS,Process Industries,Chemicals: Specialty
PARACABLES.NS,Producer Manufacturing,Electrical Products
PARADEEP.NS,Process Industries,Chemicals: Agricultural
PARAGMILK.NS,Consumer Non-Durables,Food: Meat/Fish/Dairy
PARAGON.NS,Process Industries,Chemicals: Major Diversified
PARAMATRIX.NS,Technology Services,Packaged Software
PARAMOUNT.NS,Process Industries,Textiles
PARAS.NS,Electronic Technology,Aerospace & Defense
PARASPETRO.NS,Process Industries,Textiles
PARIN.NS,Consumer Durables,Home Furnishings
PARKHOSPS.NS,Health Services,Hospital/Nursing Management
PARKHOTELS.NS,Consumer Services,Hotels/Resorts/Cruise lines
PARNAXLAB.NS,Health Technology,Pharmaceuticals: Major
PARSVNATH.NS,Finance,Real Estate Development
PARTH.NS,Producer Manufacturing,Electrical Products
PARTYCRUS.NS,Consumer Services,Other Consumer Services
PASHUPATI.NS,Process Industries,Textiles
PASUPTAC.NS,Process Industries,Textiles
PATANJALI.NS,Process Industries,Agricultural Commodities/Milling
PATELENG.NS,Industrial Services,Engineering & Construction
PATELRMART.NS,Retail Trade,Food Retail
PATILAUTOM.NS,Producer Manufacturing,Auto Parts: OEM
PATINTLOG.NS,Transportation,Other Transportation
PAUSHAKLTD.NS,Process Industries,Chemicals: Major Diversified
PAVNAIND.NS,Producer Manufacturing,Auto Parts: OEM
PAYTM.NS,Finance,Finance/Rental/Leasing
PBMPOLY.NS,Process Industries,Textiles
PCBL.NS,Process Industries,Industrial Specialties
PCCL.NS,Process Industries,Industrial Specialties
PCJEWELLER.NS,Consumer Durables,Other Consumer Specialties
PDMJEPAPER.NS,Process Industries,Pulp & Paper
PDSL.NS,Consumer Non-Durables,Apparel/Footwear
PEARLPOLY.NS,Process Industries,Containers/Packaging
PELATRO.NS,Technology Services,Packaged Software
PENIND.NS,Non-Energy Minerals,Steel
PENINLAND.NS,Finance,Real Estate Development
PENTAGON.NS,Producer Manufacturing,Industrial Machinery
PERFECT.NS,Consumer Services,Other Consumer Services
PERMAGN.NS,Producer Manufacturing,Industrial Machinery
PERNIASPOP.NS,Retail Trade,Apparel/Footwear Retail
PERSISTENT.NS,Technology Services,Information Technology Services
PETRONET.NS,Utilities,Gas Distributors
PFC.NS,Finance,Finance/Rental/Leasing
PFIZER.NS,Health Technology,Pharmaceuticals: Major
PFOCUS.NS,Consumer Services,Movies/Entertainment
PFS.NS,Finance,Finance/Rental/Leasing
PGEL.NS,Electronic Technology,Electronic Production Equipment
PGHH.NS,Consumer Non-Durables,Household/Personal Care
PGHL.NS,Health Technology,Pharmaceuticals: Major
PGIL.NS,Consumer Non-Durables,Apparel/Footwear
PHANTOMFX.NS,Consumer Services,Movies/Entertainment
PHOENIXLTD.NS,Finance,Real Estate Development
PHOENXINTL.NS,Finance,Real Estate Development
PHOGLOBAL.NS,Consumer Non-Durables,Consumer Sundries
PICCADIL.NS,Process Industries,Agricultural Commodities/Milling
PIDILITIND.NS,Process Industries,Industrial Specialties
PIGL.NS,Industrial Services,Engineering & Construction
PIIND.NS,Process Industries,Chemicals: Specialty
PILANIINVS.NS,Finance,Financial Conglomerates
PILITA.NS,Producer Manufacturing,Miscellaneous Manufacturing
PINELABS.NS,Technology Services,Packaged Software
PIONEEREMB.NS,Consumer Non-Durables,Apparel/Footwear
PIONRINV.NS,Finance,Investment Banks/Brokers
PIRAMALFIN.NS,Finance,Finance/Rental/Leasing
PITTIENG.NS,Producer Manufacturing,Industrial Machinery
PIXTRANS.NS,Producer Manufacturing,Miscellaneous Manufacturing
PKTEA.NS,Process Industries,Agricultural Commodities/Milling
PLADAINFO.NS,Commercial Services,Miscellaneous Commercial Services
PLASTIBLEN.NS,Process Industries,Chemicals: Major Diversified
PLATIND.NS,Process Industries,Chemicals: Major Diversified
PLAZACABLE.NS,Producer Manufacturing,Electrical Products
PML.NS,Commercial Services,Miscellaneous Commercial Services
PNB.NS,Finance,Major Banks
PNBGILTS.NS,Finance,Investment Banks/Brokers
PNBHOUSING.NS,Finance,Finance/Rental/Leasing
PNC.NS,Consumer Services,Movies/Entertainment
PNCINFRA.NS,Industrial Services,Engineering & Construction
PNGJL.NS,Retail Trade,Specialty Stores
PNGSREVA.NS,Consumer Durables,Other Consumer Specialties
POCL.NS,Non-Energy Minerals,Other Metals/Minerals
PODDARMENT.NS,Process Industries,Industrial Specialties
POEL.NS,Process Industries,Chemicals: Specialty
POKARNA.NS,Producer Manufacturing,Building Products
POLICYBZR.NS,Technology Services,Internet Software/Services
POLYCAB.NS,Producer Manufacturing,Electrical Products
POLYMED.NS,Health Technology,Medical Specialties
POLYPLEX.NS,Process Industries,Chemicals: Specialty
POLYSIL.NS,Producer Manufacturing,Trucks/Construction/Farm Machinery
POLYSPIN.NS,Process Industries,Containers/Packaging
PONNIERODE.NS,Process Industries,Agricultural Commodities/Milling
POONAWALLA.NS,Finance,Finance/Rental/Leasing
POSITRON.NS,Utilities,Gas Distributors
POWERGRID.NS,Utilities,Alternative Power Generation
POWERICA.NS,Producer Manufacturing,Electrical Products
POWERINDIA.NS,Electronic Technology,Electronic Equipment/Instruments
POWERMECH.NS,Industrial Services,Engineering & Construction
PPAP.NS,Producer Manufacturing,Auto Parts: OEM
PPL.NS,Producer Manufacturing,Miscellaneous Manufacturing
PPLPHARMA.NS,Health Technology,Pharmaceuticals: Major
PPSL.NS,Consumer Services,Movies/Entertainment
PRABHA.NS,Energy Minerals,Oil & Gas Production
PRADPME.NS,Producer Manufacturing,Metal Fabrication
PRAENG.NS,Consumer Durables,Homebuilding
PRAJIND.NS,Industrial Services,Engineering & Construction
PRAKASH.NS,Non-Energy Minerals,Steel
PRAKASHSTL.NS,Non-Energy Minerals,Steel
PRAMARA.NS,Consumer Durables,Recreational Products
PRAMODINI.NS,Health Services,Medical/Nursing Services
PRANIK.NS,Transportation,Air Freight/Couriers
PRATHAM.NS,Industrial Services,Oilfield Services/Equipment
PRAVEG.NS,Health Technology,Pharmaceuticals: Major
PRAXIS.NS,Retail Trade,Specialty Stores
PRECAM.NS,Producer Manufacturing,Auto Parts: OEM
PRECISION.NS,Non-Energy Minerals,Aluminum
PRECOT.NS,Process Industries,Textiles
PRECWIRE.NS,Producer Manufacturing,Electrical Products
PREMCO.NS,Process Industries,Textiles
PREMEXPLN.NS,Process Industries,Chemicals: Specialty
PREMIER.NS,Producer Manufacturing,Industrial Machinery
PREMIERENE.NS,Electronic Technology,Semiconductors
PREMIERPOL.NS,Non-Energy Minerals,Forest Products
PREMIUM.NS,Producer Manufacturing,Miscellaneous Manufacturing
PRESSTONIC.NS,Producer Manufacturing,Trucks/Construction/Farm Machinery
PRESTIGE.NS,Finance,Real Estate Development
PRICOLLTD.NS,Producer Manufacturing,Auto Parts: OEM
PRIMECAB.NS,Producer Manufacturing,Electrical Products
PRIMESECU.NS,Finance,Investment Banks/Brokers
PRIMO.NS,Process Industries,Chemicals: Specialty
PRINCEPIPE.NS,Producer Manufacturing,Industrial Machinery
PRIORITY.NS,Consumer Durables,Other Consumer Specialties
PRISMX.NS,Commercial Services,Miscellaneous Commercial Services
PRITI.NS,Consumer Durables,Home Furnishings
PRITIKA.NS,Producer Manufacturing,Auto Parts: OEM
PRITIKAUTO.NS,Producer Manufacturing,Auto Parts: OEM
PRIVISCL.NS,Process Industries,Chemicals: Major Diversified
PRIZOR.NS,Distribution Services,Wholesale Distributors
PRLIND.NS,Transportation,Trucking
PROFX.NS,Distribution Services,Wholesale Distributors
PROLIFE.NS,Process Industries,Chemicals: Specialty
PROPEQUITY.NS,Technology Services,Internet Software/Services
PROPSHOP.NS,Commercial Services,Miscellaneous Commercial Services
PROSTARM.NS,Producer Manufacturing,Electrical Products
PROTEAN.NS,Technology Services,Information Technology Services
PROV.NS,Distribution Services,Food Distributors
PROZONER.NS,Finance,Real Estate Development
PRSMJOHNSN.NS,Non-Energy Minerals,Construction Materials
PRUDENT.NS,Finance,Investment Managers
PRUDMOULI.NS,Process Industries,Agricultural Commodities/Milling
PSB.NS,Finance,Major Banks
PSFL.NS,Producer Manufacturing,Metal Fabrication
PSPPROJECT.NS,Industrial Services,Engineering & Construction
PSRAJ.NS,Non-Energy Minerals,Steel
PTC.NS,Utilities,Electric Utilities
PTCIL.NS,Producer Manufacturing,Metal Fabrication
PTL.NS,Finance,Real Estate Development
PULZ.NS,Consumer Durables,Electronics/Appliances
PUNJABCHEM.NS,Process Industries,Chemicals: Agricultural
PURPLEUTED.NS,Consumer Non-Durables,Apparel/Footwear
PURVA.NS,Finance,Real Estate Development
PURVFLEXI.NS,Distribution Services,Wholesale Distributors
PUSHPA.NS,Consumer Durables,Other Consumer Specialties
PVP.NS,Technology Services,Information Technology Services
PVRINOX.NS,Consumer Services,Movies/Entertainment
PVSL.NS,Retail Trade,Specialty Stores
PWL.NS,Commercial Services,Miscellaneous Commercial Services
PYRAMID.NS,Producer Manufacturing,Miscellaneous Manufacturing
QFIL.NS,Non-Energy Minerals,Steel
QLINE.NS,Health Technology,Medical Specialties
QMSMEDI.NS,Distribution Services,Medical Distributors
QPOWER.NS,Producer Manufacturing,Electrical Products
QUADFUTURE.NS,Producer Manufacturing,Electrical Products
QUADPRO.NS,Commercial Services,Miscellaneous Commercial Services
QUESS.NS,Commercial Services,Personnel Services
QUESTLAB.NS,Health Technology,Pharmaceuticals: Major
QUICKHEAL.NS,Technology Services,Packaged Software
QUICKTOUCH.NS,Technology Services,Information Technology Services
QUINT.NS,Producer Manufacturing,Trucks/Construction/Farm Machinery
QUINTEGRA.NS,Technology Services,Information Technology Services
QVCEL.NS,Distribution Services,Wholesale Distributors
RACE.NS,Process Industries,Textiles
RACLGEAR.NS,Producer Manufacturing,Auto Parts: OEM
RADAAN.NS,Consumer Services,Movies/Entertainment
RADHIKAJWE.NS,Consumer Durables,Other Consumer Specialties
RADIANTCMS.NS,Commercial Services,Miscellaneous Commercial Services
RADICO.NS,Consumer Non-Durables,Beverages: Alcoholic
RADIOCITY.NS,Consumer Services,Broadcasting
RADIOWALLA.NS,Technology Services,Packaged Software
RAILTEL.NS,Communications,Major Telecommunications
RAIN.NS,Process Industries,Industrial Specialties
RAINBOW.NS,Health Services,Hospital/Nursing Management
RAJESHEXPO.NS,Consumer Durables,Other Consumer Specialties
RAJINDLTD.NS,Non-Energy Minerals,Other Metals/Minerals
RAJMET.NS,Non-Energy Minerals,Other Metals/Minerals
RAJOOENG.NS,Producer Manufacturing,Industrial Machinery
RAJPALAYAM.NS,Process Industries,Textiles
RAJPUTANA.NS,Process Industries,Chemicals: Specialty
RAJRATAN.NS,Producer Manufacturing,Metal Fabrication
RAJRILTD.NS,Process Industries,Textiles
RAJSREESUG.NS,Process Industries,Agricultural Commodities/Milling
RAJTV.NS,Consumer Services,Broadcasting
RALLIS.NS,Process Industries,Chemicals: Agricultural
RAMANEWS.NS,Process Industries,Pulp & Paper
RAMAPHO.NS,Process Industries,Chemicals: Agricultural
RAMASTEEL.NS,Non-Energy Minerals,Steel
RAMBHAJO.NS,Consumer Durables,Other Consumer Specialties
RAMCOCEM.NS,Non-Energy Minerals,Construction Materials
RAMCOIND.NS,Non-Energy Minerals,Construction Materials
RAMCOSYS.NS,Technology Services,Information Technology Services
RAMKY.NS,Industrial Services,Engineering & Construction
RAMRAT.NS,Producer Manufacturing,Electrical Products
RANASUG.NS,Process Industries,Agricultural Commodities/Milling
RANEHOLDIN.NS,Producer Manufacturing,Auto Parts: OEM
RAPIDFLEET.NS,Transportation,Trucking
RAPPID.NS,Producer Manufacturing,Industrial Machinery
RATEGAIN.NS,Technology Services,Packaged Software
RATNAMANI.NS,Non-Energy Minerals,Steel
RATNAVEER.NS,Non-Energy Minerals,Steel
RAYMOND.NS,Process Industries,Textiles
RAYMONDLSL.NS,Consumer Non-Durables,Apparel/Footwear
RAYMONDREL.NS,Finance,Real Estate Development
RBA.NS,Consumer Services,Restaurants
RBLBANK.NS,Finance,Major Banks
RBMINFRA.NS,Industrial Services,Engineering & Construction
RBS.NS,Process Industries,Agricultural Commodities/Milling
RBZJEWEL.NS,Consumer Durables,Other Consumer Specialties
RCDL.NS,Process Industries,Agricultural Commodities/Milling
RCF.NS,Process Industries,Chemicals: Agricultural
RCOM.NS,Communications,Major Telecommunications
READYMIX.NS,Producer Manufacturing,Trucks/Construction/Farm Machinery
RECLTD.NS,Finance,Finance/Rental/Leasing
REDINGTON.NS,Distribution Services,Electronics Distributors
REDTAPE.NS,Retail Trade,Apparel/Footwear Retail
REFEX.NS,Energy Minerals,Coal
REFRACTORY.NS,Non-Energy Minerals,Construction Materials
REGAAL.NS,Process Industries,Agricultural Commodities/Milling
REGENCERAM.NS,Producer Manufacturing,Building Products
RELAXO.NS,Consumer Non-Durables,Apparel/Footwear
RELCHEMQ.NS,Process Industries,Textiles
RELIABLE.NS,Technology Services,Data Processing Services
RELIANCE.NS,Energy Minerals,Oil Refining/Marketing
RELIGARE.NS,Finance,Multi-Line Insurance
RELINFRA.NS,Utilities,Electric Utilities
RELTD.NS,Utilities,Alternative Power Generation
REMSONSIND.NS,Producer Manufacturing,Auto Parts: OEM
REMUS.NS,Health Technology,Pharmaceuticals: Major
RENUKA.NS,Process Industries,Agricultural Commodities/Milling
REPCOHOME.NS,Finance,Finance/Rental/Leasing
REPL.NS,Industrial Services,Engineering & Construction
REPRO.NS,Commercial Services,Commercial Printing/Forms
RESPONIND.NS,Non-Energy Minerals,Forest Products
RETAIL.NS,Retail Trade,Food Retail
REXPRO.NS,Producer Manufacturing,Office Equipment/Supplies
RFBL.NS,Process Industries,Containers/Packaging
RGL.NS,Consumer Durables,Other Consumer Specialties
RHETAN.NS,Non-Energy Minerals,Steel
RHFL.NS,Finance,Finance/Rental/Leasing
RHIM.NS,Producer Manufacturing,Miscellaneous Manufacturing
RHL.NS,Consumer Services,Hotels/Resorts/Cruise lines
RICHA.NS,Electronic Technology,Computer Peripherals
RICOAUTO.NS,Producer Manufacturing,Auto Parts: OEM
RIIL.NS,Industrial Services,Oil & Gas Pipelines
RIIT.NS,Miscellaneous,Investment Trusts/Mutual Funds
RILINFRA.NS,Industrial Services,Engineering & Construction
RIR.NS,Electronic Technology,Semiconductors
RISHABH.NS,Producer Manufacturing,Electrical Products
RITCO.NS,Transportation,Trucking
RITES.NS,Commercial Services,Miscellaneous Commercial Services
RITEZONE.NS,Process Industries,Chemicals: Major Diversified
RKDL.NS,Consumer Non-Durables,Beverages: Alcoholic
RKEC.NS,Industrial Services,Engineering & Construction
RKFORGE.NS,Producer Manufacturing,Metal Fabrication
RKSWAMY.NS,Commercial Services,Advertising/Marketing Services
RMC.NS,Producer Manufacturing,Electrical Products
RMDRIP.NS,Producer Manufacturing,Industrial Machinery
RML.NS,Producer Manufacturing,Auto Parts: OEM
RNBDENIMS.NS,Process Industries,Textiles
RNFI.NS,Finance,Regional Banks
RNPL.NS,Process Industries,Chemicals: Specialty
ROCKINGDCE.NS,Distribution Services,Wholesale Distributors
ROCKPP.E1.NS,Distribution Services,Wholesale Distributors
ROHLTD.NS,Consumer Services,Hotels/Resorts/Cruise lines
ROLEXRINGS.NS,Producer Manufacturing,Metal Fabrication
ROLLT.NS,Process Industries,Containers/Packaging
ROML.NS,Process Industries,Agricultural Commodities/Milling
ROSSARI.NS,Process Industries,Chemicals: Specialty
ROSSELLIND.NS,Electronic Technology,Aerospace & Defense
ROSSTECH.NS,Electronic Technology,Telecommunications Equipment
ROTO.NS,Producer Manufacturing,Industrial Machinery
ROUTE.NS,Communications,Major Telecommunications
ROXHITECH.NS,Technology Services,Information Technology Services
ROYALARC.NS,Producer Manufacturing,Industrial Machinery
RPEL.NS,Process Industries,Chemicals: Major Diversified
RPGLIFE.NS,Health Technology,Pharmaceuticals: Major
RPOWER.NS,Utilities,Electric Utilities
RPPINFRA.NS,Industrial Services,Engineering & Construction
RPPL.NS,Process Industries,Containers/Packaging
RPSGVENT.NS,Finance,Financial Conglomerates
RPTECH.NS,Distribution Services,Electronics Distributors
RRECL.NS,Finance,Real Estate Development
RRIL.NS,Process Industries,Textiles
RRKABEL.NS,Producer Manufacturing,Electrical Products
RSDFIN.NS,Finance,Financial Conglomerates
RSL.NS,Non-Energy Minerals,Steel
RSSOFTWARE.NS,Technology Services,Packaged Software
RSWM.NS,Process Industries,Textiles
RSYSTEMS.NS,Technology Services,Information Technology Services
RTL.NS,Communications,Specialty Telecommunications
RTNINDIA.NS,Commercial Services,Miscellaneous Commercial Services
RTNPOWER.NS,Utilities,Electric Utilities
RTSPOWR.NS,Producer Manufacturing,Electrical Products
RUBFILA.NS,Process Industries,Industrial Specialties
RUBICON.NS,Health Technology,Biotechnology
RUBYMILLS.NS,Process Industries,Textiles
RUCHINFRA.NS,Transportation,Other Transportation
RUCHIRA.NS,Process Industries,Pulp & Paper
RUDRA.NS,Non-Energy Minerals,Steel
RULKA.NS,Industrial Services,Engineering & Construction
RUPA.NS,Consumer Non-Durables,Apparel/Footwear
RUSHIL.NS,Non-Energy Minerals,Forest Products
RUSTOMJEE.NS,Finance,Real Estate Development
RVHL.NS,Consumer Durables,Homebuilding
RVNL.NS,Industrial Services,Engineering & Construction
RVTH.NS,Industrial Services,Oilfield Services/Equipment
S&SPOWER.NS,Producer Manufacturing,Electrical Products
SAAKSHI.NS,Producer Manufacturing,Electrical Products
SAATVIKGL.NS,Producer Manufacturing,Industrial Machinery
SAB.NS,Industrial Services,Engineering & Construction
SABAR.NS,Process Industries,Containers/Packaging
SACHEEROME.NS,Consumer Non-Durables,Household/Personal Care
SADBHAV.NS,Industrial Services,Engineering & Construction
SADBHIN.NS,Transportation,Other Transportation
SADHAV.NS,Transportation,Other Transportation
SADHNANIQ.NS,Process Industries,Chemicals: Specialty
SAFARI.NS,Consumer Durables,Other Consumer Specialties
SAFEENTP.NS,Producer Manufacturing,Office Equipment/Supplies
SAGARDEEP.NS,Non-Energy Minerals,Other Metals/Minerals
SAGCEM.NS,Non-Energy Minerals,Construction Materials
SAGILITY.NS,Commercial Services,Miscellaneous Commercial Services
SAHAJSOLAR.NS,Electronic Technology,Semiconductors
SAHANA.NS,Technology Services,Information Technology Services
SAHASRA.NS,Electronic Technology,Electronic Production Equipment
SAHLIBHFI.NS,Finance,Finance/Rental/Leasing
SAHYADRI.NS,Non-Energy Minerals,Construction Materials
SAICAPI.NS,Finance,Investment Banks/Brokers
SAIFL.NS,Finance,Financial Conglomerates
SAIL.NS,Non-Energy Minerals,Steel
SAILIFE.NS,Commercial Services,Miscellaneous Commercial Services
SAIPARENT.NS,Health Technology,Pharmaceuticals: Major
SAJHOTELS.NS,Consumer Services,Hotels/Resorts/Cruise lines
SAKAR.NS,Health Technology,Pharmaceuticals: Major
SAKHTISUG.NS,Process Industries,Agricultural Commodities/Milling
SAKSOFT.NS,Technology Services,Information Technology Services
SAKUMA.NS,Distribution Services,Food Distributors
SALASAR.NS,Producer Manufacturing,Metal Fabrication
SALONA.NS,Process Industries,Textiles
SALSTEEL.NS,Non-Energy Minerals,Steel
SALZERELEC.NS,Producer Manufacturing,Electrical Products
SAMAY.NS,Industrial Services,Engineering & Construction
SAMBANDAM.NS,Process Industries,Textiles
SAMBHAAV.NS,Consumer Services,Publishing: Newspapers
SAMBHV.NS,Non-Energy Minerals,Steel
SAMHI.NS,Consumer Services,Hotels/Resorts/Cruise lines
SAMMAANCAP.NS,Finance,Finance/Rental/Leasing
SAMPANN.NS,Producer Manufacturing,Miscellaneous Manufacturing
SANATHAN.NS,Process Industries,Textiles
SANDESH.NS,Consumer Services,Publishing: Newspapers
SANDHAR.NS,Consumer Durables,Motor Vehicles
SANDUMA.NS,Non-Energy Minerals,Other Metals/Minerals
SANGAMIND.NS,Process Industries,Textiles
SANGANI.NS,Health Services,Hospital/Nursing Management
SANGHVIMOV.NS,Finance,Finance/Rental/Leasing
SANGINITA.NS,Process Industries,Chemicals: Specialty
SANOFI.NS,Health Technology,Pharmaceuticals: Major
SANOFICONR.NS,Health Technology,Pharmaceuticals: Major
SANSERA.NS,Producer Manufacturing,Auto Parts: OEM
SANSTAR.NS,Consumer Non-Durables,Food: Major Diversified
SANWARIA.NS,Process Industries,Agricultural Commodities/Milling
SAPPHIRE.NS,Consumer Services,Restaurants
SAPPL.NS,Process Industries,Pulp & Paper
SARDAEN.NS,Non-Energy Minerals,Steel
SAREGAMA.NS,Consumer Services,Movies/Entertainment
SARLAPOLY.NS,Process Industries,Textiles
SAROJA.NS,Distribution Services,Wholesale Distributors
SARTELE.NS,Finance,Finance/Rental/Leasing
SARVESHWAR.NS,Process Industries,Agricultural Commodities/Milling
SASKEN.NS,Technology Services,Information Technology Services
SATECH.NS,Technology Services,Information Technology Services
SATIA.NS,Process Industries,Pulp & Paper
SATIN.NS,Finance,Finance/Rental/Leasing
SATIPOLY.NS,Process Industries,Chemicals: Specialty
SATKARTAR.NS,Health Technology,Pharmaceuticals: Other
SATTVAENGG.NS,Industrial Services,Engineering & Construction
SAURASHCEM.NS,Non-Energy Minerals,Construction Materials
SAVY.NS,Industrial Services,Engineering & Construction
SAWALIYA.NS,Consumer Non-Durables,Food: Specialty/Candy
SAYAJIHOTL.NS,Consumer Services,Hotels/Resorts/Cruise lines
SAYAJIIND.NS,Process Industries,Chemicals: Specialty
SBC.NS,Distribution Services,Wholesale Distributors
SBCL.NS,Non-Energy Minerals,Other Metals/Minerals
SBFC.NS,Finance,Finance/Rental/Leasing
SBGLP.NS,Finance,Real Estate Development
SBICARD.NS,Finance,Finance/Rental/Leasing
SBIFUNDS.NS,Finance,Investment Managers
SBILIFE.NS,Finance,Life/Health Insurance
SBIN.NS,Finance,Regional Banks
SCANSTL.NS,Non-Energy Minerals,Steel
SCHAEFFLER.NS,Producer Manufacturing,Metal Fabrication
SCHAND.NS,Consumer Services,Publishing: Books/Magazines
SCHNEIDER.NS,Producer Manufacturing,Electrical Products
SCI.NS,Transportation,Air Freight/Couriers
SCILAL.NS,Miscellaneous,Miscellaneous
SCML.NS,Producer Manufacturing,Industrial Machinery
SCODATUBES.NS,Non-Energy Minerals,Steel
SCPL.NS,Consumer Non-Durables,Food: Meat/Fish/Dairy
SDBL.NS,Consumer Non-Durables,Beverages: Alcoholic
SDREAMS.NS,Consumer Non-Durables,Apparel/Footwear
SEAMECLTD.NS,Industrial Services,Oilfield Services/Equipment
SECMARK.NS,Technology Services,Information Technology Services
SECURKLOUD.NS,Technology Services,Information Technology Services
SEDEMAC.NS,Producer Manufacturing,Auto Parts: OEM
SEIL.NS,Commercial Services,Miscellaneous Commercial Services
SEITINVIT.NS,Finance,Real Estate Investment Trusts
SEJALLTD.NS,Process Industries,Industrial Specialties
SEKURITIND.NS,Consumer Durables,Home Furnishings
SEL.NS,Electronic Technology,Semiconductors
SELLOWRAP.NS,Producer Manufacturing,Auto Parts: OEM
SELMC.NS,Process Industries,Textiles
SEMAC.NS,Producer Manufacturing,Trucks/Construction/Farm Machinery
SENCO.NS,Consumer Durables,Other Consumer Specialties
SENORES.NS,Health Technology,Pharmaceuticals: Major
SEPC.NS,Industrial Services,Engineering & Construction
SERVICE.NS,Commercial Services,Miscellaneous Commercial Services
SERVOTECH.NS,Producer Manufacturing,Electrical Products
SESHAPAPER.NS,Process Industries,Pulp & Paper
SETCO.NS,Producer Manufacturing,Auto Parts: OEM
SETL.NS,Health Technology,Medical Specialties
SETUINFRA.NS,Industrial Services,Engineering & Construction
SEYAIND.NS,Process Industries,Chemicals: Major Diversified
SFL.NS,Process Industries,Industrial Specialties
SFML.NS,Commercial Services,Miscellaneous Commercial Services
SGFIN.NS,Finance,Investment Banks/Brokers
SGIL.NS,Non-Energy Minerals,Steel
SGL.NS,Process Industries,Textiles
SGLRES.NS,Technology Services,Information Technology Services
SGMART.NS,Utilities,Electric Utilities
SGRL.NS,Health Technology,Pharmaceuticals: Major
SHADOWFAX.NS,Technology Services,Packaged Software
SHAH.NS,Non-Energy Minerals,Steel
SHAHALLOYS.NS,Non-Energy Minerals,Steel
SHAILY.NS,Process Industries,Chemicals: Specialty
SHAKTIPUMP.NS,Producer Manufacturing,Industrial Machinery
SHALBY.NS,Health Services,Hospital/Nursing Management
SHALPAINTS.NS,Process Industries,Industrial Specialties
SHANKARA.NS,Retail Trade,Home Improvement Chains
SHANKESH.NS,Consumer Durables,Other Consumer Specialties
SHANTHALA.NS,Distribution Services,Food Distributors
SHANTI.NS,Process Industries,Agricultural Commodities/Milling
SHANTIGEAR.NS,Producer Manufacturing,Auto Parts: OEM
SHANTIGOLD.NS,Consumer Durables,Other Consumer Specialties
SHANTIINOR.NS,Process Industries,Chemicals: Specialty
SHARDACROP.NS,Distribution Services,Wholesale Distributors
SHARDAMOTR.NS,Producer Manufacturing,Auto Parts: OEM
SHARDUL.NS,Finance,Investment Banks/Brokers
SHAREINDIA.NS,Finance,Investment Banks/Brokers
SHBAJRG.NS,Non-Energy Minerals,Steel
SHEEL.NS,Process Industries,Agricultural Commodities/Milling
SHEETAL.NS,Consumer Non-Durables,Food: Specialty/Candy
SHEKHAWATI.NS,Process Industries,Textiles
SHEMAROO.NS,Consumer Services,Movies/Entertainment
SHERA.NS,Producer Manufacturing,Electrical Products
SHERVANI.NS,Finance,Real Estate Development
SHETHJI.NS,Consumer Non-Durables,Food: Major Diversified
SHIGAN.NS,Electronic Technology,Electronic Equipment/Instruments
SHILCTECH.NS,Producer Manufacturing,Electrical Products
SHILGRAVQ.NS,Producer Manufacturing,Industrial Machinery
SHILPAMED.NS,Health Technology,Pharmaceuticals: Major
SHINDL.NS,Process Industries,Agricultural Commodities/Milling
SHIPROCKET.NS,Technology Services,Packaged Software
SHIVAAGRO.NS,Process Industries,Chemicals: Major Diversified
SHIVACEM.NS,Non-Energy Minerals,Construction Materials
SHIVALIK.NS,Process Industries,Chemicals: Agricultural
SHIVAMAUTO.NS,Producer Manufacturing,Auto Parts: OEM
SHIVAMILLS.NS,Process Industries,Textiles
SHIVASHRIT.NS,Consumer Non-Durables,Food: Specialty/Candy
SHIVATEX.NS,Process Industries,Textiles
SHIVAUM.NS,Producer Manufacturing,Metal Fabrication
SHK.NS,Process Industries,Chemicals: Specialty
SHKSIL.NS,Non-Energy Minerals,Steel
SHOPERSTOP.NS,Retail Trade,Department Stores
SHRADDHA.NS,Electronic Technology,Electronic Equipment/Instruments
SHRADHA.NS,Industrial Services,Engineering & Construction
SHREDIGCEM.NS,Non-Energy Minerals,Construction Materials
SHREECEM.NS,Non-Energy Minerals,Construction Materials
SHREEDHAR.NS,Process Industries,Textiles
SHREEJISPG.NS,Transportation,Other Transportation
SHREEKARNI.NS,Process Industries,Textiles
SHREEOSFM.NS,Transportation,Other Transportation
SHREEPUSHK.NS,Process Industries,Chemicals: Specialty
SHREERAMA.NS,Process Industries,Containers/Packaging
SHREMINVIT.NS,Miscellaneous,Investment Trusts/Mutual Funds
SHRENIK.NS,Distribution Services,Wholesale Distributors
SHREYANIND.NS,Process Industries,Pulp & Paper
SHRIAHIMSA.NS,Health Technology,Pharmaceuticals: Other
SHRIKANHA.NS,Non-Energy Minerals,Steel
SHRIKRISH.NS,Finance,Real Estate Development
SHRINGARMS.NS,Consumer Durables,Other Consumer Specialties
SHRIPISTON.NS,Producer Manufacturing,Auto Parts: OEM
SHRIRAMFIN.NS,Finance,Finance/Rental/Leasing
SHRIRAMPPS.NS,Finance,Real Estate Development
SHRITECH.NS,Process Industries,Textiles
SHRJAGP.NS,Process Industries,Textiles
SHUBHLAXMI.NS,Consumer Durables,Other Consumer Specialties
SHUBHSHREE.NS,Process Industries,Chemicals: Specialty
SHUKRAPHAR.NS,Health Technology,Pharmaceuticals: Major
SHYAMCENT.NS,Non-Energy Minerals,Steel
SHYAMDHANI.NS,Consumer Non-Durables,Food: Major Diversified
SHYAMMETL.NS,Producer Manufacturing,Metal Fabrication
SHYAMTEL.NS,Electronic Technology,Telecommunications Equipment
SICAGEN.NS,Distribution Services,Wholesale Distributors
SICALLOG.NS,Transportation,Other Transportation
SIDDHICOTS.NS,Process Industries,Textiles
SIDDHIKA.NS,Industrial Services,Engineering & Construction
SIEL.NS,Process Industries,Containers/Packaging
SIEMENS.NS,Producer Manufacturing,Electrical Products
SIGACHI.NS,Health Technology,Pharmaceuticals: Major
SIGIND.NS,Process Industries,Chemicals: Specialty
SIGMA.NS,Technology Services,Packaged Software
SIGMAADV.NS,Technology Services,Information Technology Services
SIGNATURE.NS,Finance,Real Estate Development
SIGNORIA.NS,Consumer Non-Durables,Apparel/Footwear
SIGNPOST.NS,Commercial Services,Advertising/Marketing Services
SIKA.NS,Electronic Technology,Aerospace & Defense
SIKKO.NS,Process Industries,Chemicals: Agricultural
SIL.NS,Process Industries,Chemicals: Specialty
SILGO.NS,Consumer Durables,Other Consumer Specialties
SILINV.NS,Finance,Financial Conglomerates
SILKFLEX.NS,Distribution Services,Wholesale Distributors
SILKY.NS,Process Industries,Textiles
SILLYMONKS.NS,Consumer Services,Movies/Entertainment
SILVERTUC.NS,Technology Services,Packaged Software
SIMBHALS.NS,Process Industries,Agricultural Commodities/Milling
SIMCA.NS,Commercial Services,Advertising/Marketing Services
SIMPLEXINF.NS,Industrial Services,Engineering & Construction
SIMPLXREA.NS,Consumer Durables,Homebuilding
SINCLAIR.NS,Consumer Services,Hotels/Resorts/Cruise lines
SINDHUTRAD.NS,Transportation,Air Freight/Couriers
SINGERIND.NS,Consumer Durables,Electronics/Appliances
SINTERCOM.NS,Producer Manufacturing,Auto Parts: OEM
SIRCA.NS,Process Industries,Industrial Specialties
SIS.NS,Commercial Services,Miscellaneous Commercial Services
SITINET.NS,Consumer Services,Cable/Satellite TV
SIYSIL.NS,Process Industries,Textiles
SJLOGISTIC.NS,Transportation,Airlines
SJS.NS,Producer Manufacturing,Auto Parts: OEM
SJVN.NS,Utilities,Electric Utilities
SKFINDIA.NS,Producer Manufacturing,Metal Fabrication
SKFINDUS.NS,Producer Manufacturing,Auto Parts: OEM
SKIL.NS,Industrial Services,Engineering & Construction
SKIPPER.NS,Producer Manufacturing,Metal Fabrication
SKMEGGPROD.NS,Process Industries,Agricultural Commodities/Milling
SKP.NS,Producer Manufacturing,Metal Fabrication
SKYGOLD.NS,Consumer Durables,Other Consumer Specialties
SKYTECH.NS,Electronic Technology,Electronic Production Equipment
SKYWAYS.NS,Transportation,Airlines
SLONE.NS,Distribution Services,Electronics Distributors
SMARTEN.NS,Producer Manufacturing,Electrical Products
SMARTLINK.NS,Electronic Technology,Telecommunications Equipment
SMARTWORKS.NS,Finance,Real Estate Development
SMCGLOBAL.NS,Finance,Investment Banks/Brokers
SMLMAH.NS,Consumer Durables,Motor Vehicles
SMLT.NS,Non-Energy Minerals,Steel
SMSPHARMA.NS,Health Technology,Pharmaceuticals: Major
SNEHAA.NS,Industrial Services,Environmental Services
SNOWMAN.NS,Commercial Services,Miscellaneous Commercial Services
SOBHA.NS,Finance,Real Estate Development
SOCL.NS,Process Industries,Industrial Specialties
SOFTTECH.NS,Technology Services,Packaged Software
SOLARA.NS,Health Technology,Pharmaceuticals: Major
SOLARINDS.NS,Process Industries,Industrial Specialties
SOLARWORLD.NS,Industrial Services,Engineering & Construction
SOLEX.NS,Producer Manufacturing,Building Products
SOMANYCERA.NS,Producer Manufacturing,Building Products
SOMATEX.NS,Process Industries,Textiles
SOMICONVEY.NS,Producer Manufacturing,Miscellaneous Manufacturing
SONACOMS.NS,Producer Manufacturing,Auto Parts: OEM
SONAL.NS,Finance,Finance/Rental/Leasing
SONAMAC.NS,Producer Manufacturing,Trucks/Construction/Farm Machinery
SONAMLTD.NS,Consumer Durables,Other Consumer Specialties
SONATSOFTW.NS,Technology Services,Information Technology Services
SONUINFRA.NS,Industrial Services,Engineering & Construction
SOTL.NS,Process Industries,Chemicals: Specialty
SOUTHBANK.NS,Finance,Major Banks
SOUTHWEST.NS,Energy Minerals,Coal
SPAL.NS,Consumer Non-Durables,Apparel/Footwear
SPANDANA.NS,Finance,Finance/Rental/Leasing
SPARC.NS,Health Technology,Pharmaceuticals: Major
SPCENET.NS,Commercial Services,Advertising/Marketing Services
SPCL.NS,Producer Manufacturing,Electrical Products
SPCON.NS,Industrial Services,Engineering & Construction
SPEB.NS,Process Industries,Industrial Specialties
SPECIALITY.NS,Consumer Services,Restaurants
SPECTRUM.NS,Electronic Technology,Electronic Equipment/Instruments
SPECTSTM.NS,Commercial Services,Personnel Services
SPELS.NS,Electronic Technology,Semiconductors
SPENCERS.NS,Retail Trade,Food Retail
SPIC.NS,Process Industries,Chemicals: Agricultural
SPLIL.NS,Consumer Non-Durables,Apparel/Footwear
SPLPETRO.NS,Process Industries,Industrial Specialties
SPMLINFRA.NS,Industrial Services,Engineering & Construction
SPORTKING.NS,Process Industries,Textiles
SPPPOLY.NS,Process Industries,Textiles
SPRL.NS,Non-Energy Minerals,Construction Materials
SPUNWEB.NS,Process Industries,Textiles
SRD.NS,Distribution Services,Wholesale Distributors
SREEL.NS,Retail Trade,Apparel/Footwear Retail
SRF.NS,Process Industries,Industrial Specialties
SRGHFL.NS,Finance,Finance/Rental/Leasing
SRHHYPOLTD.NS,Process Industries,Chemicals: Specialty
SRIKPRIND.NS,Non-Energy Minerals,Construction Materials
SRIVASAVI.NS,Process Industries,Industrial Specialties
SRM.NS,Industrial Services,Engineering & Construction
SRTL.NS,Process Industries,Textiles
SSDL.NS,Distribution Services,Wholesale Distributors
SSEGL.NS,Industrial Services,Engineering & Construction
SSFL.NS,Consumer Non-Durables,Food: Specialty/Candy
SSWL.NS,Producer Manufacturing,Auto Parts: OEM
STALLION.NS,Distribution Services,Wholesale Distributors
STANLEY.NS,Consumer Durables,Home Furnishings
STAR.NS,Health Technology,Pharmaceuticals: Major
STARCEMENT.NS,Non-Energy Minerals,Construction Materials
STARHEALTH.NS,Finance,Life/Health Insurance
STARPAPER.NS,Process Industries,Pulp & Paper
STARTECK.NS,Finance,Finance/Rental/Leasing
STCINDIA.NS,Distribution Services,Food Distributors
STEELCAS.NS,Non-Energy Minerals,Steel
STEELCITY.NS,Finance,Investment Banks/Brokers
STEELXIND.NS,Non-Energy Minerals,Steel
STEL.NS,Finance,Financial Conglomerates
STERTOOLS.NS,Producer Manufacturing,Metal Fabrication
STLNETWORK.NS,Communications,Major Telecommunications
STLSTRINF.NS,Finance,Real Estate Development
STLTECH.NS,Technology Services,Information Technology Services
STOVEKRAFT.NS,Consumer Durables,Electronics/Appliances
STRIDERS.NS,Consumer Durables,Recreational Products
STUDDS.NS,Consumer Durables,Recreational Products
STUDIOLSD.NS,Consumer Services,Movies/Entertainment
STYL.NS,Technology Services,Packaged Software
STYLAMIND.NS,Non-Energy Minerals,Forest Products
STYLEBAAZA.NS,Retail Trade,Apparel/Footwear Retail
STYRENIX.NS,Process Industries,Chemicals: Specialty
SUBAHOTELS.NS,Consumer Services,Hotels/Resorts/Cruise lines
SUBEXLTD.NS,Technology Services,Packaged Software
SUBROS.NS,Producer Manufacturing,Industrial Machinery
SUDARCOLOR.NS,Process Industries,Chemicals: Major Diversified
SUDARSCHEM.NS,Process Industries,Chemicals: Specialty
SUDEEPPHRM.NS,Health Technology,Pharmaceuticals: Other
SUKHJITS.NS,Consumer Non-Durables,Food: Specialty/Candy
SULA.NS,Process Industries,Agricultural Commodities/Milling
SUMAX.NS,Producer Manufacturing,Auto Parts: OEM
SUMEDHA.NS,Finance,Investment Banks/Brokers
SUMEETINDS.NS,Process Industries,Textiles
SUMICHEM.NS,Process Industries,Chemicals: Agricultural
SUMIT.NS,Finance,Real Estate Development
SUMMITSEC.NS,Miscellaneous,Investment Trusts/Mutual Funds
SUNCLAY.NS,Producer Manufacturing,Auto Parts: OEM
SUNDARAM.NS,Producer Manufacturing,Office Equipment/Supplies
SUNDARMFIN.NS,Finance,Finance/Rental/Leasing
SUNDRMBRAK.NS,Producer Manufacturing,Auto Parts: OEM
SUNDRMFAST.NS,Producer Manufacturing,Auto Parts: OEM
SUNDROP.NS,Process Industries,Agricultural Commodities/Milling
SUNFLAG.NS,Non-Energy Minerals,Steel
SUNLITE.NS,Non-Energy Minerals,Other Metals/Minerals
SUNLOC.NS,Health Technology,Pharmaceuticals: Major
SUNPHARMA.NS,Health Technology,Pharmaceuticals: Major
SUNRAKSHAK.NS,Process Industries,Textiles
SUNREST.NS,Health Technology,Pharmaceuticals: Major
SUNSHIEL.NS,Process Industries,Chemicals: Major Diversified
SUNSHINE.NS,Consumer Services,Movies/Entertainment
SUNTECH.NS,Industrial Services,Engineering & Construction
SUNTECK.NS,Finance,Real Estate Development
SUNTV.NS,Consumer Services,Broadcasting
SUPERHOUSE.NS,Consumer Non-Durables,Apparel/Footwear
SUPERSPIN.NS,Process Industries,Textiles
SUPRAJIT.NS,Producer Manufacturing,Auto Parts: OEM
SUPREME.NS,Finance,Real Estate Development
SUPREMEENG.NS,Non-Energy Minerals,Steel
SUPREMEIND.NS,Producer Manufacturing,Miscellaneous Manufacturing
SUPREMEINF.NS,Industrial Services,Engineering & Construction
SUPREMEPWR.NS,Producer Manufacturing,Electrical Products
SUPRIYA.NS,Health Technology,Pharmaceuticals: Major
SUPTANERY.NS,Process Industries,Textiles
SURAJEST.NS,Industrial Services,Engineering & Construction
SURAJLTD.NS,Non-Energy Minerals,Steel
SURAKSHA.NS,Health Services,Medical/Nursing Services
SURANASOL.NS,Electronic Technology,Semiconductors
SURANAT&P.NS,Distribution Services,Wholesale Distributors
SURANI.NS,Non-Energy Minerals,Steel
SURYALA.NS,Process Industries,Textiles
SURYALAXMI.NS,Process Industries,Textiles
SURYAROSNI.NS,Non-Energy Minerals,Steel
SURYODAY.NS,Finance,Regional Banks
SUTLEJTEX.NS,Process Industries,Textiles
SUVEN.NS,Health Technology,Pharmaceuticals: Major
SUVIDHAA.NS,Commercial Services,Miscellaneous Commercial Services
SUYOG.NS,Industrial Services,Engineering & Construction
SUZLON.NS,Producer Manufacturing,Electrical Products
SVGLOBAL.NS,Finance,Real Estate Development
SVLL.NS,Transportation,Air Freight/Couriers
SVPGLOB.NS,Distribution Services,Wholesale Distributors
SWANCORP.NS,Utilities,Electric Utilities
SWANDEF.NS,Producer Manufacturing,Trucks/Construction/Farm Machinery
SWARAJ.NS,Process Industries,Textiles
SWARAJENG.NS,Producer Manufacturing,Auto Parts: OEM
SWARNSAR.NS,Consumer Durables,Other Consumer Specialties
SWASTIK.NS,Producer Manufacturing,Industrial Machinery
SWELECTES.NS,Producer Manufacturing,Electrical Products
SWIGGY.NS,Transportation,Air Freight/Couriers
SWISSMLTRY.NS,Distribution Services,Wholesale Distributors
SWSOLAR.NS,Industrial Services,Engineering & Construction
SYLVANPLY.NS,Non-Energy Minerals,Forest Products
SYMBIOTEC.NS,Health Technology,Pharmaceuticals: Major
SYMPHONY.NS,Producer Manufacturing,Industrial Machinery
SYNCOMF.NS,Health Technology,Pharmaceuticals: Major
SYNGENE.NS,Commercial Services,Miscellaneous Commercial Services
SYNOPTICS.NS,Technology Services,Information Technology Services
SYRMA.NS,Electronic Technology,Electronic Production Equipment
SYSTANGO.NS,Technology Services,Packaged Software
SYSTMTXC.NS,Finance,Investment Banks/Brokers
TAALTECH.NS,Transportation,Airlines
TAC.NS,Technology Services,Packaged Software
TAINWALCHM.NS,Process Industries,Containers/Packaging
TAJGVK.NS,Consumer Services,Hotels/Resorts/Cruise lines
TAKE.NS,Technology Services,Information Technology Services
TALBROAUTO.NS,Producer Manufacturing,Industrial Machinery
TAMBOLIIN.NS,Finance,Investment Banks/Brokers
TANAA.NS,Electronic Technology,Aerospace & Defense
TANKUP.NS,Producer Manufacturing,Industrial Machinery
TANLA.NS,Technology Services,Information Technology Services
TAPIFRUIT.NS,Consumer Non-Durables,Food: Specialty/Candy
TARACHAND.NS,Finance,Finance/Rental/Leasing
TARAPUR.NS,Producer Manufacturing,Electrical Products
TARC.NS,Finance,Real Estate Development
TARIL.NS,Producer Manufacturing,Electrical Products
TARMAT.NS,Industrial Services,Engineering & Construction
TARSONS.NS,Process Industries,Containers/Packaging
TASTYBITE.NS,Consumer Non-Durables,Food: Specialty/Candy
TATACAP.NS,Finance,Finance/Rental/Leasing
TATACHEM.NS,Process Industries,Chemicals: Agricultural
TATACOMM.NS,Communications,Major Telecommunications
TATACONSUM.NS,Consumer Non-Durables,Food: Specialty/Candy
TATAELXSI.NS,Technology Services,Information Technology Services
TATAINVEST.NS,Finance,Investment Banks/Brokers
TATAPOWER.NS,Utilities,Electric Utilities
TATASTEEL.NS,Non-Energy Minerals,Steel
TATATECH.NS,Technology Services,Packaged Software
TATVA.NS,Process Industries,Chemicals: Specialty
TAURIAN.NS,Producer Manufacturing,Trucks/Construction/Farm Machinery
TBI.NS,Process Industries,Agricultural Commodities/Milling
TBOTEK.NS,Technology Services,Internet Software/Services
TBZ.NS,Consumer Durables,Other Consumer Specialties
TCC.NS,Distribution Services,Wholesale Distributors
TCI.NS,Transportation,Trucking
TCIEXP.NS,Transportation,Air Freight/Couriers
TCIFINANCE.NS,Finance,Finance/Rental/Leasing
TCL.NS,Producer Manufacturing,Auto Parts: OEM
TCPLPACK.NS,Commercial Services,Commercial Printing/Forms
TCS.NS,Technology Services,Information Technology Services
TDPOWERSYS.NS,Producer Manufacturing,Electrical Products
TEAMGTY.NS,Finance,Financial Conglomerates
TEAMLEASE.NS,Commercial Services,Personnel Services
TEAMTECH.NS,Producer Manufacturing,Metal Fabrication
TECHD.NS,Technology Services,Packaged Software
TECHERA.NS,Producer Manufacturing,Metal Fabrication
TECHLABS.NS,Distribution Services,Electronics Distributors
TECHM.NS,Technology Services,Information Technology Services
TECHNOCRAF.NS,Industrial Services,Engineering & Construction
TECHNOE.NS,Industrial Services,Engineering & Construction
TECHNVISN.NS,Technology Services,Data Processing Services
TECILCHEM.NS,Process Industries,Chemicals: Major Diversified
TEGA.NS,Distribution Services,Wholesale Distributors
TEJA.NS,Industrial Services,Engineering & Construction
TEJASCARGO.NS,Transportation,Air Freight/Couriers
TEJASNET.NS,Electronic Technology,Telecommunications Equipment
TEMBO.NS,Producer Manufacturing,Metal Fabrication
TEMPSENS.NS,Electronic Technology,Electronic Equipment/Instruments
TENNIND.NS,Producer Manufacturing,Auto Parts: OEM
TERAI.NS,Consumer Non-Durables,Food: Major Diversified
TERASOFT.NS,Technology Services,Information Technology Services
TEXINFRA.NS,Utilities,Electric Utilities
TEXMOPIPES.NS,Producer Manufacturing,Miscellaneous Manufacturing
TEXRAIL.NS,Producer Manufacturing,Trucks/Construction/Farm Machinery
TFCILTD.NS,Finance,Finance/Rental/Leasing
TFL.NS,Finance,Investment Banks/Brokers
TGBHOTELS.NS,Consumer Services,Hotels/Resorts/Cruise lines
TGL.NS,Industrial Services,Engineering & Construction
TGVSL.NS,Process Industries,Chemicals: Specialty
THACKER.NS,Finance,Finance/Rental/Leasing
THAKDEV.NS,Consumer Durables,Homebuilding
THANGAMAYL.NS,Consumer Durables,Other Consumer Specialties
THEINVEST.NS,Finance,Investment Banks/Brokers
THEJO.NS,Distribution Services,Wholesale Distributors
THELEELA.NS,Consumer Services,Hotels/Resorts/Cruise lines
THEMISMED.NS,Health Technology,Pharmaceuticals: Major
THERMAX.NS,Producer Manufacturing,Industrial Machinery
THESL.NS,Commercial Services,Miscellaneous Commercial Services
THOMASCOOK.NS,Consumer Services,Other Consumer Services
THOMASCOTT.NS,Consumer Non-Durables,Apparel/Footwear
THYROCARE.NS,Health Services,Medical/Nursing Services
TI.NS,Consumer Non-Durables,Beverages: Alcoholic
TICL.NS,Industrial Services,Engineering & Construction
TIGERLOGS.NS,Transportation,Air Freight/Couriers
TIIL.NS,Producer Manufacturing,Metal Fabrication
TIINDIA.NS,Non-Energy Minerals,Steel
TIJARIA.NS,Producer Manufacturing,Miscellaneous Manufacturing
TIL.NS,Producer Manufacturing,Trucks/Construction/Farm Machinery
TIMESCAN.NS,Transportation,Air Freight/Couriers
TIMETECHNO.NS,Process Industries,Containers/Packaging
TIMEX.NS,Consumer Durables,Other Consumer Specialties
TIMKEN.NS,Producer Manufacturing,Industrial Machinery
TINNARUBR.NS,Process Industries,Industrial Specialties
TIPSFILMS.NS,Consumer Services,Movies/Entertainment
TIPSMUSIC.NS,Consumer Services,Movies/Entertainment
TIRUMALCHM.NS,Process Industries,Chemicals: Specialty
TIRUPATI.NS,Process Industries,Containers/Packaging
TIRUPATIFL.NS,Producer Manufacturing,Industrial Conglomerates
TITAGARH.NS,Producer Manufacturing,Trucks/Construction/Farm Machinery
TITAN.NS,Consumer Durables,Other Consumer Specialties
TMB.NS,Finance,Regional Banks
TMCV.NS,Consumer Durables,Motor Vehicles
TMPV.NS,Consumer Durables,Motor Vehicles
TNPETRO.NS,Process Industries,Chemicals: Specialty
TNPL.NS,Process Industries,Pulp & Paper
TNTELE.NS,Producer Manufacturing,Electrical Products
TOKYOPLAST.NS,Producer Manufacturing,Miscellaneous Manufacturing
TOLINS.NS,Consumer Durables,Automotive Aftermarket
TORNTPHARM.NS,Health Technology,Pharmaceuticals: Major
TORNTPOWER.NS,Utilities,Electric Utilities
TOTAL.NS,Transportation,Air Freight/Couriers
TOUCHWOOD.NS,Commercial Services,Miscellaneous Commercial Services
TOYAMSL.NS,Finance,Financial Conglomerates
TPHQ.NS,Industrial Services,Engineering & Construction
TPLPLASTEH.NS,Process Industries,Chemicals: Specialty
TRACXN.NS,Technology Services,Internet Software/Services
TRANSCOR.NS,Commercial Services,Miscellaneous Commercial Services
TRANSPEK.NS,Process Industries,Chemicals: Specialty
TRANSRAILL.NS,Industrial Services,Engineering & Construction
TRANSTEEL.NS,Producer Manufacturing,Office Equipment/Supplies
TRANSWIND.NS,Industrial Services,Engineering & Construction
TRANSWORLD.NS,Transportation,Marine Shipping
TRAVELFOOD.NS,Consumer Services,Restaurants
TREEHOUSE.NS,Consumer Services,Other Consumer Services
TREJHARA.NS,Technology Services,Information Technology Services
TREL.NS,Finance,Real Estate Development
TRENT.NS,Retail Trade,Apparel/Footwear Retail
TRF.NS,Producer Manufacturing,Trucks/Construction/Farm Machinery
TRIDENT.NS,Process Industries,Textiles
TRIDHYA.NS,Technology Services,Packaged Software
TRIGYN.NS,Technology Services,Information Technology Services
TRITONV.NS,Consumer Durables,Automotive Aftermarket
TRITURBINE.NS,Producer Manufacturing,Industrial Machinery
TRIVENI.NS,Process Industries,Agricultural Commodities/Milling
TROM.NS,Industrial Services,Engineering & Construction
TRU.NS,Finance,Finance/Rental/Leasing
TRUALT.NS,Process Industries,Chemicals: Specialty
TRUST.NS,Technology Services,Information Technology Services
TSC.NS,Consumer Services,Other Consumer Services
TSFINV.NS,Finance,Financial Conglomerates
TTKHLTCARE.NS,Health Technology,Pharmaceuticals: Major
TTKPRESTIG.NS,Consumer Durables,Home Furnishings
TTL.NS,Process Industries,Textiles
TTML.NS,Communications,Specialty Telecommunications
TUNWAL.NS,Consumer Durables,Motor Vehicles
TURTLEMINT.NS,Finance,Insurance Brokers/Services
TUTIALKA.NS,Process Industries,Chemicals: Specialty
TVSELECT.NS,Electronic Technology,Electronic Equipment/Instruments
TVSHLTD.NS,Producer Manufacturing,Auto Parts: OEM
TVSMOTOR.NS,Consumer Durables,Motor Vehicles
TVSSCS.NS,Transportation,Air Freight/Couriers
TVSSRICHAK.NS,Consumer Durables,Automotive Aftermarket
TVTODAY.NS,Consumer Services,Broadcasting
TVVISION.NS,Consumer Services,Broadcasting
UBL.NS,Consumer Non-Durables,Beverages: Alcoholic
UCAL.NS,Producer Manufacturing,Auto Parts: OEM
UCL.NS,Process Industries,Chemicals: Specialty
UCOBANK.NS,Finance,Regional Banks
UDAYJEW.NS,Consumer Durables,Other Consumer Specialties
UDS.NS,Commercial Services,Miscellaneous Commercial Services
UEL.NS,Utilities,Alternative Power Generation
UFBL.NS,Consumer Services,Restaurants
UFLEX.NS,Process Industries,Containers/Packaging
UFO.NS,Consumer Services,Movies/Entertainment
UGARSUGAR.NS,Process Industries,Agricultural Commodities/Milling
UGROCAP.NS,Finance,Finance/Rental/Leasing
UHTL.NS,Producer Manufacturing,Industrial Machinery
UJJIVANSFB.NS,Finance,Regional Banks
ULTRACEMCO.NS,Non-Energy Minerals,Construction Materials
ULTRAMAR.NS,Process Industries,Chemicals: Specialty
UMA.NS,Process Industries,Containers/Packaging
UMAEXPORTS.NS,Distribution Services,Wholesale Distributors
UMESLTD.NS,Producer Manufacturing,Metal Fabrication
UMIYA_MRO.NS,Electronic Technology,Electronic Production Equipment
UNICHEMLAB.NS,Health Technology,Pharmaceuticals: Major
UNIDT.NS,Industrial Services,Oilfield Services/Equipment
UNIECOM.NS,Technology Services,Packaged Software
UNIENTER.NS,Producer Manufacturing,Industrial Conglomerates
UNIHEALTH.NS,Health Services,Medical/Nursing Services
UNIINFO.NS,Communications,Specialty Telecommunications
UNILEX.NS,Process Industries,Chemicals: Specialty
UNIMECH.NS,Producer Manufacturing,Industrial Machinery
UNIONBANK.NS,Finance,Major Banks
UNIPARTS.NS,Producer Manufacturing,Auto Parts: OEM
UNITDSPR.NS,Consumer Non-Durables,Beverages: Alcoholic
UNITECH.NS,Industrial Services,Engineering & Construction
UNITEDPOLY.NS,Process Industries,Textiles
UNITEDTEA.NS,Consumer Non-Durables,Food: Specialty/Candy
UNIVAFOODS.NS,Miscellaneous,Miscellaneous
UNIVASTU.NS,Industrial Services,Engineering & Construction
UNIVCABLES.NS,Electronic Technology,Electronic Components
UNIVPHOTO.NS,Consumer Durables,Electronics/Appliances
UNOMINDA.NS,Producer Manufacturing,Auto Parts: OEM
UPHOT.NS,Consumer Services,Hotels/Resorts/Cruise lines
UPL.NS,Process Industries,Chemicals: Agricultural
URAVIDEF.NS,Producer Manufacturing,Electrical Products
URBAN.NS,Transportation,Trucking
URBANCO.NS,Technology Services,Packaged Software
URJA.NS,Electronic Technology,Semiconductors
USASEEDS.NS,Process Industries,Agricultural Commodities/Milling
USHAFIN.NS,Finance,Finance/Rental/Leasing
USHAMART.NS,Producer Manufacturing,Metal Fabrication
USK.NS,Industrial Services,Engineering & Construction
UTIAMC.NS,Finance,Investment Managers
UTKAL.NS,Process Industries,Containers/Packaging
UTKARSHBNK.NS,Finance,Regional Banks
UTLSOLAR.NS,Electronic Technology,Semiconductors
UTSSAV.NS,Consumer Durables,Other Consumer Specialties
UTTAMSUGAR.NS,Process Industries,Agricultural Commodities/Milling
UWCSL.NS,Producer Manufacturing,Miscellaneous Manufacturing
UYFINCORP.NS,Finance,Finance/Rental/Leasing
V2RETAIL.NS,Retail Trade,Apparel/Footwear Retail
VADILALIND.NS,Consumer Non-Durables,Food: Specialty/Candy
VADILENT.NS,Consumer Non-Durables,Food: Specialty/Candy
VAIBHAVGBL.NS,Consumer Durables,Other Consumer Specialties
VAISHALI.NS,Health Technology,Pharmaceuticals: Major
VAKRANGEE.NS,Retail Trade,Internet Retail
VALIANTLAB.NS,Health Technology,Pharmaceuticals: Major
VALIANTORG.NS,Process Industries,Chemicals: Specialty
VALUE360.NS,Commercial Services,Miscellaneous Commercial Services
VAML.NS,Non-Energy Minerals,Aluminum
VARDHACRLC.NS,Consumer Non-Durables,Apparel/Footwear
VARDMNPOLY.NS,Process Industries,Textiles
VARROC.NS,Producer Manufacturing,Auto Parts: OEM
VASA.NS,Process Industries,Textiles
VASCONEQ.NS,Industrial Services,Engineering & Construction
VASUPRADA.NS,Consumer Non-Durables,Food: Specialty/Candy
VASWANI.NS,Non-Energy Minerals,Steel
VBL.NS,Consumer Non-Durables,Beverages: Non-Alcoholic
VCL.NS,Process Industries,Textiles
VDEAL.NS,Producer Manufacturing,Electrical Products
VEDAVAAG.NS,Technology Services,Information Technology Services
VEDL.NS,Non-Energy Minerals,Aluminum
VEDPOWER.NS,Utilities,Electric Utilities
VEEDOL.NS,Energy Minerals,Oil Refining/Marketing
VEEKAYEM.NS,Process Industries,Textiles
VELJAN.NS,Producer Manufacturing,Industrial Machinery
VENKEYS.NS,Process Industries,Agricultural Commodities/Milling
VENTIVE.NS,Consumer Services,Hotels/Resorts/Cruise lines
VENUSPIPES.NS,Non-Energy Minerals,Steel
VENUSREM.NS,Health Technology,Pharmaceuticals: Major
VERANDA.NS,Commercial Services,Miscellaneous Commercial Services
VERITAAS.NS,Commercial Services,Advertising/Marketing Services
VERTEXPLUS.NS,Commercial Services,Miscellaneous Commercial Services
VERTIS.NS,Miscellaneous,Investment Trusts/Mutual Funds
VERTOZ.NS,Commercial Services,Advertising/Marketing Services
VESUVIUS.NS,Non-Energy Minerals,Construction Materials
VETO.NS,Producer Manufacturing,Electrical Products
VGCL.NS,Finance,Investment Managers
VGINFOTECH.NS,Technology Services,Packaged Software
VGL.NS,Process Industries,Textiles
VGUARD.NS,Producer Manufacturing,Electrical Products
VHL.NS,Finance,Investment Managers
VHLTD.NS,Consumer Services,Hotels/Resorts/Cruise lines
VIAZ.NS,Consumer Durables,Automotive Aftermarket
VICTORYEV.NS,Consumer Durables,Motor Vehicles
VIDHIING.NS,Consumer Non-Durables,Food: Specialty/Candy
VIDYAWIRES.NS,Non-Energy Minerals,Other Metals/Minerals
VIESL.NS,Finance,Finance/Rental/Leasing
VIGOR.NS,Producer Manufacturing,Miscellaneous Manufacturing
VIJAYA.NS,Health Services,Medical/Nursing Services
VIJAYPD.NS,Distribution Services,Medical Distributors
VIJIFIN.NS,Finance,Finance/Rental/Leasing
VIJSOLX.NS,Process Industries,Agricultural Commodities/Milling
VIKASECO.NS,Process Industries,Chemicals: Major Diversified
VIKASLIFE.NS,Distribution Services,Wholesale Distributors
VIKRAMSOLR.NS,Electronic Technology,Semiconductors
VIKRAN.NS,Industrial Services,Engineering & Construction
VILAS.NS,Electronic Technology,Electronic Components
VILINBIO.NS,Health Technology,Pharmaceuticals: Major
VIMTALABS.NS,Commercial Services,Miscellaneous Commercial Services
VINATIORGA.NS,Process Industries,Chemicals: Specialty
VINCOFE.NS,Distribution Services,Wholesale Distributors
VINDHYATEL.NS,Industrial Services,Engineering & Construction
VINEETLAB.NS,Process Industries,Chemicals: Specialty
VINNY.NS,Process Industries,Textiles
VINSYS.NS,Commercial Services,Miscellaneous Commercial Services
VINYAS.NS,Electronic Technology,Electronic Production Equipment
VINYLINDIA.NS,Distribution Services,Wholesale Distributors
VIPCLOTHNG.NS,Consumer Non-Durables,Apparel/Footwear
VIPIND.NS,Consumer Durables,Other Consumer Specialties
VIPULLTD.NS,Finance,Real Estate Development
VIRAT.NS,Consumer Non-Durables,Apparel/Footwear
VIRINCHI.NS,Technology Services,Information Technology Services
VIRTUALG.NS,Consumer Services,Other Consumer Services
VISACHROME.NS,Non-Energy Minerals,Steel
VISAKAIND.NS,Process Industries,Industrial Specialties
VISAMAN.NS,Distribution Services,Wholesale Distributors
VISDEM.NS,Producer Manufacturing,Electrical Products
VISHAL.NS,Process Industries,Textiles
VISHNU.NS,Process Industries,Chemicals: Specialty
VISHNUINFR.NS,Non-Energy Minerals,Construction Materials
VISHWARAJ.NS,Process Industries,Agricultural Commodities/Milling
VISHWAS.NS,Process Industries,Agricultural Commodities/Milling
VISL.NS,Non-Energy Minerals,Steel
VITAL.NS,Process Industries,Chemicals: Specialty
VIVIANA.NS,Industrial Services,Engineering & Construction
VIVIDEL.NS,Producer Manufacturing,Electrical Products
VIVIDHA.NS,Process Industries,Textiles
VIVIMEDLAB.NS,Health Technology,Pharmaceuticals: Major
VIVO.NS,Technology Services,Information Technology Services
VIVOBIOT.NS,Distribution Services,Medical Distributors
VIYASH.NS,Health Technology,Pharmaceuticals: Major
VLEGOV.NS,Technology Services,Information Technology Services
VLINFRA.NS,Industrial Services,Engineering & Construction
VLSFINANCE.NS,Finance,Investment Banks/Brokers
VMARCIND.NS,Producer Manufacturing,Electrical Products
VMART.NS,Retail Trade,Specialty Stores
VMM.NS,Retail Trade,Apparel/Footwear Retail
VMOBILE.NS,Retail Trade,Electronics/Appliance Stores
VMSTMT.NS,Non-Energy Minerals,Steel
VOEPL.NS,Health Technology,Medical Specialties
VOGL.NS,Energy Minerals,Oil & Gas Production
VOITHPAPR.NS,Process Industries,Textiles
VOLERCAR.NS,Transportation,Other Transportation
VOLTAMP.NS,Producer Manufacturing,Electrical Products
VOLTAS.NS,Producer Manufacturing,Industrial Machinery
VPRPL.NS,Industrial Services,Engineering & Construction
VR.NS,Finance,Real Estate Development
VRAJ.NS,Non-Energy Minerals,Steel
VRLLOG.NS,Transportation,Trucking
VSCL.NS,Process Industries,Chemicals: Specialty
VSSL.NS,Non-Energy Minerals,Steel
VSTIND.NS,Consumer Non-Durables,Tobacco
VSTL.NS,Non-Energy Minerals,Steel
VSTTILLERS.NS,Producer Manufacturing,Trucks/Construction/Farm Machinery
VTL.NS,Process Industries,Textiles
VTMLTD.NS,Process Industries,Textiles
WAAREEENER.NS,Electronic Technology,Semiconductors
WAAREEINDO.NS,Electronic Technology,Electronic Equipment/Instruments
WAAREERTL.NS,Utilities,Alternative Power Generation
WABAG.NS,Industrial Services,Engineering & Construction
WAKEFIT.NS,Retail Trade,Specialty Stores
WALCHANNAG.NS,Producer Manufacturing,Industrial Machinery
WALPAR.NS,Health Technology,Pharmaceuticals: Other
WANBURY.NS,Health Technology,Pharmaceuticals: Major
WARDINMOBI.NS,Finance,Real Estate Development
WATERBASE.NS,Process Industries,Agricultural Commodities/Milling
WCIL.NS,Transportation,Air Freight/Couriers
WEALTH.NS,Finance,Investment Managers
WEBELSOLAR.NS,Electronic Technology,Semiconductors
WEIZMANIND.NS,Process Industries,Textiles
WEL.NS,Electronic Technology,Electronic Equipment/Instruments
WELCORP.NS,Producer Manufacturing,Industrial Machinery
WELENT.NS,Industrial Services,Engineering & Construction
WELINV.NS,Finance,Investment Banks/Brokers
WELSPLSOL.NS,Non-Energy Minerals,Steel
WELSPUNLIV.NS,Consumer Non-Durables,Consumer Sundries
WENDT.NS,Producer Manufacturing,Industrial Machinery
WESTLIFE.NS,Consumer Services,Restaurants
WEWIN.NS,Commercial Services,Miscellaneous Commercial Services
WEWORK.NS,Finance,Real Estate Development
WHBRADY.NS,Producer Manufacturing,Industrial Machinery
WHEELS.NS,Producer Manufacturing,Auto Parts: OEM
WHIRLPOOL.NS,Consumer Durables,Electronics/Appliances
WHITEFORCE.NS,Commercial Services,Personnel Services
WILLAMAGOR.NS,Finance,Financial Conglomerates
WINDLAS.NS,Health Technology,Pharmaceuticals: Major
WINDMACHIN.NS,Producer Manufacturing,Industrial Machinery
WINNY.NS,Commercial Services,Miscellaneous Commercial Services
WINSOL.NS,Industrial Services,Engineering & Construction
WIPL.NS,Non-Energy Minerals,Forest Products
WIPRO.NS,Technology Services,Information Technology Services
WOCKPHARMA.NS,Health Technology,Pharmaceuticals: Major
WOL3D.NS,Electronic Technology,Computer Peripherals
WOMANCART.NS,Retail Trade,Specialty Stores
WONDERLA.NS,Consumer Services,Movies/Entertainment
WORTHPERI.NS,Process Industries,Containers/Packaging
WPIL.NS,Producer Manufacturing,Industrial Machinery
WSI.NS,Producer Manufacturing,Electrical Products
WSTCSTPAPR.NS,Producer Manufacturing,Office Equipment/Supplies
WTICAB.NS,Finance,Finance/Rental/Leasing
XCHANGING.NS,Technology Services,Information Technology Services
XELPMOC.NS,Technology Services,Information Technology Services
XPROINDIA.NS,Process Industries,Industrial Specialties
XTGLOBAL.NS,Technology Services,Information Technology Services
XTRANET.NS,Technology Services,Information Technology Services
YAAP.NS,Technology Services,Packaged Software
YASHO.NS,Consumer Non-Durables,Food: Specialty/Candy
YASHOPTICS.NS,Health Technology,Medical Specialties
YATHARTH.NS,Health Services,Hospital/Nursing Management
YATRA.NS,Consumer Services,Other Consumer Services
YCCL.NS,Process Industries,Chemicals: Specialty
YESBANK.NS,Finance,Major Banks
YOGI.NS,Finance,Real Estate Development
YUDIZ.NS,Technology Services,Packaged Software
YUKEN.NS,Producer Manufacturing,Industrial Machinery
ZAGGLE.NS,Technology Services,Packaged Software
ZEAL.NS,Transportation,Airlines
ZEEL.NS,Consumer Services,Broadcasting
ZEELEARN.NS,Consumer Services,Other Consumer Services
ZEEMEDIA.NS,Consumer Services,Broadcasting
ZENITHDRUG.NS,Health Technology,Pharmaceuticals: Major
ZENITHEXPO.NS,Consumer Non-Durables,Apparel/Footwear
ZENITHSTL.NS,Non-Energy Minerals,Steel
ZENSARTECH.NS,Technology Services,Packaged Software
ZENTEC.NS,Technology Services,Information Technology Services
ZFCVINDIA.NS,Producer Manufacturing,Auto Parts: OEM
ZFSTEERING.NS,Producer Manufacturing,Auto Parts: OEM
ZIMLAB.NS,Health Technology,Pharmaceuticals: Generic
ZODIAC.NS,Producer Manufacturing,Building Products
ZODIACLOTH.NS,Consumer Non-Durables,Apparel/Footwear
ZOTA.NS,Health Technology,Pharmaceuticals: Major
ZSARACOM.NS,Finance,Financial Conglomerates
ZTECH.NS,Industrial Services,Engineering & Construction
ZUARI.NS,Process Industries,Chemicals: Agricultural
ZUARIIND.NS,Process Industries,Agricultural Commodities/Milling
ZYDUSLIFE.NS,Health Technology,Pharmaceuticals: Major
ZYDUSWELL.NS,Consumer Non-Durables,Food: Major Diversified
